Date,Open,High,Low,Close,Adj Close,Volume
11-Nov-08,22.46,23.88,22.46,23.88,15.75,-
12-Nov-08,23.88,23.88,23.88,23.88,15.75,-
13-Nov-08,24.09,25.2,23.83,24.0,15.83,"26,100"
14-Nov-08,24.0,24.0,24.0,24.0,15.83,-
17-Nov-08,24.0,24.0,24.0,24.0,15.83,-
18-Nov-08,24.0,24.0,24.0,24.0,15.83,-
19-Nov-08,26.5,26.5,23.73,25.07,16.54,"2,100"
20-Nov-08,23.39,23.39,23.39,23.39,15.43,200
21-Nov-08,23.09,23.09,22.96,22.96,15.14,"1,000"
24-Nov-08,23.7,25.13,23.7,25.13,16.58,"1,700"
25-Nov-08,25.13,25.13,23.97,23.97,15.81,"6,900"
26-Nov-08,25.38,25.38,22.13,22.55,14.87,"111,400"
28-Nov-08,24.0,24.68,23.78,24.68,16.28,"8,000"
01-Dec-08,24.04,24.23,23.94,23.94,15.79,"2,400"
02-Dec-08,24.04,24.08,24.0,24.08,15.88,600
03-Dec-08,24.24,37.2,24.24,24.34,16.05,"15,100"
04-Dec-08,24.41,24.48,24.17,24.17,15.94,"12,300"
05-Dec-08,23.94,25.6,23.16,24.36,16.07,"15,300"
08-Dec-08,24.92,25.95,24.75,25.75,16.98,"24,600"
09-Dec-08,24.93,24.96,24.72,24.75,16.33,"21,100"
10-Dec-08,26.0,26.0,25.8,25.8,17.02,"1,700"
11-Dec-08,24.91,24.96,24.88,24.88,16.41,"3,500"
12-Dec-08,24.5,24.81,24.5,24.81,16.36,"3,900"
15-Dec-08,24.95,24.97,24.75,24.75,16.33,"2,000"
16-Dec-08,24.94,25.11,24.93,25.01,16.5,"1,500"
17-Dec-08,25.44,25.6,25.44,25.6,16.89,"6,500"
18-Dec-08,25.61,25.77,25.23,25.77,17.0,"3,600"
19-Dec-08,25.32,25.43,25.22,25.22,16.64,"7,800"
22-Dec-08,24.99,24.99,24.99,24.99,16.48,700
23-Dec-08,25.11,25.11,25.09,25.09,16.55,"4,200"
24-Dec-08,25.09,25.09,25.09,25.09,16.55,-
26-Dec-08,26.08,26.08,25.07,25.07,16.63,"10,800"
29-Dec-08,25.11,25.11,24.96,24.96,16.56,"2,900"
30-Dec-08,25.53,25.9,25.11,25.9,17.18,"25,800"
31-Dec-08,27.13,27.13,25.2,25.47,16.9,"14,300"
02-Jan-09,25.54,25.58,25.53,25.58,16.97,"13,600"
05-Jan-09,25.38,26.45,25.35,26.45,17.55,"102,200"
06-Jan-09,25.59,25.67,25.39,25.67,17.03,"7,600"
07-Jan-09,25.23,25.42,25.23,25.3,16.79,"3,600"
08-Jan-09,25.31,25.4,25.22,25.22,16.73,"6,100"
09-Jan-09,25.19,25.27,25.15,25.25,16.75,"2,600"
12-Jan-09,26.0,26.0,24.77,25.2,16.72,"22,500"
13-Jan-09,25.45,25.45,24.76,24.96,16.56,"8,200"
14-Jan-09,25.81,25.81,24.5,24.63,16.34,"10,100"
15-Jan-09,24.44,24.71,24.4,24.56,16.3,"1,100"
16-Jan-09,24.66,24.75,24.66,24.75,16.42,"1,800"
20-Jan-09,24.49,25.15,24.26,24.26,16.1,"5,700"
21-Jan-09,24.19,25.15,24.0,24.42,16.2,"6,800"
22-Jan-09,24.15,24.15,24.13,24.13,16.01,"1,200"
23-Jan-09,23.8,25.05,23.8,25.05,16.62,"5,800"
26-Jan-09,24.34,24.44,24.04,24.44,16.22,"1,200"
27-Jan-09,24.43,24.94,24.43,24.94,16.55,"10,700"
28-Jan-09,24.78,24.85,24.75,24.85,16.49,700
29-Jan-09,24.7,24.73,24.51,24.51,16.26,"4,200"
30-Jan-09,24.21,24.34,24.06,24.34,16.15,"4,400"
02-Feb-09,25.27,25.27,23.43,23.99,15.92,"26,000"
03-Feb-09,24.28,24.63,24.22,24.48,16.24,"9,100"
04-Feb-09,24.58,24.58,24.32,24.32,16.14,"3,400"
05-Feb-09,24.5,24.5,24.27,24.28,16.11,"2,600"
06-Feb-09,24.44,24.76,24.44,24.57,16.3,"2,900"
09-Feb-09,26.1,26.1,24.65,24.82,16.47,"6,500"
10-Feb-09,24.75,25.71,24.24,24.36,16.16,"5,200"
11-Feb-09,24.33,24.49,24.14,24.41,16.2,"1,900"
12-Feb-09,24.28,24.41,24.01,24.23,16.08,"1,700"
13-Feb-09,24.45,24.45,24.28,24.28,16.11,"4,100"
17-Feb-09,23.9,23.94,23.75,23.75,15.76,"4,600"
18-Feb-09,24.77,24.77,23.63,24.69,16.38,"3,400"
19-Feb-09,23.77,23.8,23.68,23.72,15.74,"3,100"
20-Feb-09,23.51,23.61,23.49,23.49,15.59,"5,500"
23-Feb-09,23.43,23.43,23.31,23.31,15.47,"11,700"
24-Feb-09,23.38,23.48,23.34,23.46,15.57,"6,600"
25-Feb-09,23.48,23.48,23.32,23.36,15.5,"1,000"
26-Feb-09,24.36,24.36,22.86,23.22,15.41,"37,600"
27-Feb-09,23.85,23.85,22.56,23.1,15.33,"5,800"
02-Mar-09,22.86,23.73,21.81,22.56,14.97,"6,200"
03-Mar-09,22.74,24.51,21.91,23.0,15.26,"9,200"
04-Mar-09,22.69,22.83,22.64,22.8,15.13,700
05-Mar-09,22.6,22.6,22.58,22.58,14.98,"1,100"
06-Mar-09,22.52,23.4,22.37,22.62,15.01,"4,700"
09-Mar-09,23.16,23.16,22.08,22.3,14.8,"4,700"
10-Mar-09,22.47,22.81,22.47,22.81,15.13,"1,700"
11-Mar-09,23.84,23.84,22.87,23.04,15.29,"8,000"
12-Mar-09,23.97,23.97,23.08,23.29,15.45,"3,600"
13-Mar-09,24.2,24.2,23.24,23.3,15.46,"6,200"
16-Mar-09,23.55,23.63,23.3,23.3,15.46,"5,000"
17-Mar-09,23.37,23.37,23.27,23.36,15.5,"2,000"
18-Mar-09,23.45,23.93,23.4,23.83,15.81,"5,000"
19-Mar-09,23.99,24.49,23.87,23.88,15.84,"15,000"
20-Mar-09,23.74,24.62,23.59,24.62,16.34,"29,200"
23-Mar-09,24.88,25.03,23.91,24.33,16.14,"8,800"
24-Mar-09,24.14,24.25,24.14,24.25,16.09,"17,700"
25-Mar-09,24.11,24.85,23.91,23.98,15.91,"16,400"
26-Mar-09,24.07,24.24,24.07,24.24,16.14,"2,700"
27-Mar-09,24.06,24.15,24.06,24.15,16.08,"1,200"
30-Mar-09,23.67,23.71,23.66,23.71,15.78,"1,700"
31-Mar-09,23.85,24.95,23.85,23.92,15.92,"12,500"
01-Apr-09,23.89,24.06,23.89,24.01,15.98,"4,000"
02-Apr-09,24.32,24.63,24.32,24.39,16.24,"10,400"
03-Apr-09,24.27,24.65,23.41,23.41,15.58,"4,900"
06-Apr-09,24.34,24.89,24.2,24.89,16.57,"7,800"
07-Apr-09,24.2,24.32,24.11,24.12,16.06,"14,800"
08-Apr-09,24.2,24.22,24.08,24.08,16.03,"2,900"
09-Apr-09,24.48,24.68,24.4,24.68,16.43,"3,100"
13-Apr-09,24.65,24.76,24.58,24.73,16.46,"11,500"
14-Apr-09,24.65,25.23,24.47,25.23,16.8,"14,200"
15-Apr-09,25.09,26.4,24.43,24.67,16.42,"10,200"
16-Apr-09,24.65,24.88,24.5,24.83,16.53,"17,600"
17-Apr-09,24.8,24.97,24.54,24.84,16.54,"7,300"
20-Apr-09,24.85,24.9,24.39,24.39,16.24,"7,200"
21-Apr-09,24.5,24.65,24.5,24.54,16.34,"1,100"
22-Apr-09,24.45,24.83,24.45,24.5,16.31,"2,100"
23-Apr-09,24.5,25.0,24.5,25.0,16.64,"7,300"
24-Apr-09,24.85,24.97,24.8,24.97,16.62,"6,200"
27-Apr-09,24.72,24.76,24.66,24.76,16.48,900
28-Apr-09,24.69,24.99,24.64,24.64,16.4,"6,400"
29-Apr-09,24.89,25.0,24.87,25.0,16.64,"1,500"
30-Apr-09,25.49,25.49,24.62,24.95,16.61,"10,500"
01-May-09,24.93,25.49,24.75,25.3,16.84,"19,700"
04-May-09,25.0,25.35,25.0,25.35,16.88,"4,600"
05-May-09,25.3,25.35,25.28,25.35,16.88,"2,300"
06-May-09,25.85,25.89,25.02,25.56,17.02,"20,800"
07-May-09,26.28,26.29,25.2,25.25,16.81,"12,400"
08-May-09,25.69,25.83,25.45,25.67,17.09,"15,500"
11-May-09,25.66,26.19,25.44,25.51,16.98,"15,200"
12-May-09,25.41,25.63,25.06,25.49,16.97,"13,700"
13-May-09,25.2,25.2,25.15,25.16,16.75,"1,500"
14-May-09,25.26,25.37,25.26,25.35,16.88,"1,500"
15-May-09,25.28,25.45,25.1,25.1,16.71,"3,100"
18-May-09,25.35,25.99,24.89,25.63,17.06,"12,600"
19-May-09,25.6,25.81,25.58,25.81,17.18,"8,200"
20-May-09,25.75,25.92,25.66,25.66,17.08,"3,900"
21-May-09,25.44,25.56,25.23,25.42,16.92,"13,900"
22-May-09,25.43,25.49,25.23,25.45,16.94,"9,900"
26-May-09,25.39,25.81,25.39,25.6,17.04,"7,200"
27-May-09,26.09,26.09,25.41,25.52,16.99,"15,000"
28-May-09,25.99,25.99,25.28,25.5,16.98,"1,100"
29-May-09,25.89,25.89,25.62,25.69,17.1,"19,500"
01-Jun-09,25.9,26.49,25.9,26.04,17.34,"15,700"
02-Jun-09,26.07,26.22,26.03,26.15,17.41,"10,500"
03-Jun-09,26.09,26.15,25.88,26.14,17.4,"7,600"
04-Jun-09,26.48,26.48,25.96,25.96,17.28,"9,000"
05-Jun-09,25.85,25.96,25.39,25.77,17.16,"11,000"
08-Jun-09,25.75,25.88,25.72,25.88,17.23,"3,800"
09-Jun-09,26.19,26.19,25.58,25.82,17.19,"9,200"
10-Jun-09,26.1,26.1,25.76,25.88,17.23,"3,600"
11-Jun-09,25.99,26.15,25.86,25.99,17.3,"11,000"
12-Jun-09,25.94,25.99,25.94,25.98,17.3,800
15-Jun-09,25.9,26.09,25.7,26.09,17.37,"9,200"
16-Jun-09,25.78,25.79,25.56,25.61,17.05,"7,700"
17-Jun-09,25.56,25.62,25.5,25.58,17.03,"6,200"
18-Jun-09,26.09,26.09,25.42,25.42,16.92,"12,000"
19-Jun-09,25.71,25.84,25.68,25.72,17.12,"3,900"
22-Jun-09,25.5,26.09,25.39,25.39,16.9,"2,500"
23-Jun-09,25.89,25.89,25.02,25.44,16.94,"6,500"
24-Jun-09,25.87,25.87,25.26,25.5,16.98,"5,400"
25-Jun-09,25.63,25.72,25.21,25.54,17.13,"6,000"
26-Jun-09,25.54,25.59,25.52,25.59,17.16,"2,000"
29-Jun-09,25.6,25.68,25.14,25.64,17.2,"2,000"
30-Jun-09,26.0,26.0,25.56,25.62,17.18,"13,200"
01-Jul-09,25.93,25.93,25.52,25.72,17.25,"5,300"
02-Jul-09,25.51,25.91,25.4,25.4,17.04,"2,900"
06-Jul-09,25.61,25.61,25.28,25.36,17.01,"2,800"
07-Jul-09,25.75,25.75,25.19,25.19,16.89,"12,100"
08-Jul-09,25.1,25.23,24.81,25.12,16.85,"6,800"
09-Jul-09,25.39,25.39,24.85,25.13,16.85,"8,400"
10-Jul-09,25.16,25.16,24.91,25.13,16.85,"9,300"
13-Jul-09,25.35,25.39,25.35,25.39,17.03,700
14-Jul-09,25.34,25.44,25.34,25.44,17.06,"2,200"
15-Jul-09,25.33,25.99,25.33,25.75,17.27,"18,300"
16-Jul-09,25.16,25.85,25.16,25.85,17.34,"12,100"
17-Jul-09,25.76,26.12,25.76,25.78,17.29,"1,100"
20-Jul-09,25.98,25.98,25.81,25.84,17.33,"2,700"
21-Jul-09,26.04,26.04,26.0,26.0,17.44,800
22-Jul-09,26.1,26.15,26.02,26.15,17.54,"5,500"
23-Jul-09,26.15,26.35,26.15,26.33,17.66,"22,900"
24-Jul-09,26.31,26.37,26.06,26.36,17.68,"27,300"
27-Jul-09,26.78,27.03,25.97,26.34,17.67,"19,600"
28-Jul-09,26.32,26.36,25.85,26.3,17.64,"16,000"
29-Jul-09,26.33,26.35,26.24,26.26,17.61,"3,000"
30-Jul-09,26.83,26.88,26.53,26.54,17.8,"7,800"
31-Jul-09,26.62,26.88,26.48,26.64,17.87,"5,900"
03-Aug-09,26.71,26.75,26.71,26.72,17.92,"4,900"
04-Aug-09,26.67,27.09,26.67,26.81,17.98,"10,700"
05-Aug-09,26.76,26.82,26.72,26.8,17.97,"2,900"
06-Aug-09,27.29,27.46,26.64,26.74,17.93,"11,500"
07-Aug-09,26.72,26.96,26.72,26.96,18.08,"1,700"
10-Aug-09,27.11,27.34,26.74,26.83,17.99,"32,500"
11-Aug-09,26.73,27.29,26.69,26.8,17.97,"4,000"
12-Aug-09,26.88,26.92,26.16,26.92,18.05,"6,200"
13-Aug-09,27.28,27.49,26.94,26.97,18.09,"2,700"
14-Aug-09,26.82,26.98,26.78,26.78,17.96,"11,700"
17-Aug-09,26.53,26.59,26.45,26.57,17.82,"2,600"
18-Aug-09,26.66,26.74,26.66,26.66,17.88,"5,500"
19-Aug-09,26.87,26.87,26.71,26.81,17.98,"3,000"
20-Aug-09,26.95,27.0,26.87,27.0,18.11,"8,800"
21-Aug-09,27.12,27.79,26.99,27.17,18.22,"8,500"
24-Aug-09,27.36,27.36,27.17,27.17,18.22,"1,900"
25-Aug-09,27.21,27.34,27.21,27.33,18.33,"2,200"
26-Aug-09,27.24,27.3,27.17,27.3,18.31,"2,700"
27-Aug-09,27.16,27.79,27.14,27.3,18.31,"24,000"
28-Aug-09,27.89,27.89,27.27,27.3,18.31,"6,000"
31-Aug-09,27.51,27.51,27.0,27.18,18.23,"10,200"
01-Sep-09,27.39,27.39,26.78,26.92,18.05,"32,400"
02-Sep-09,27.17,27.22,27.0,27.0,18.11,"3,400"
03-Sep-09,26.91,26.96,26.81,26.89,18.03,"3,600"
04-Sep-09,27.05,27.14,26.98,27.01,18.12,"16,400"
08-Sep-09,27.34,27.5,27.33,27.34,18.34,"9,900"
09-Sep-09,27.41,27.45,27.38,27.44,18.4,600
10-Sep-09,27.79,27.79,27.45,27.66,18.55,"21,100"
11-Sep-09,28.15,28.15,27.64,27.65,18.54,"6,200"
14-Sep-09,27.65,27.73,27.58,27.73,18.6,"15,600"
15-Sep-09,27.99,27.99,27.64,27.78,18.63,"8,900"
16-Sep-09,27.43,28.0,27.43,28.0,18.78,"14,300"
17-Sep-09,28.03,28.07,27.92,28.01,18.79,"6,300"
18-Sep-09,28.23,28.72,27.99,28.0,18.78,"7,500"
21-Sep-09,28.02,28.39,27.88,27.95,18.75,"26,900"
22-Sep-09,28.19,28.19,27.43,28.04,18.81,"14,600"
23-Sep-09,28.22,28.22,27.5,28.07,18.83,"18,700"
24-Sep-09,28.02,28.02,27.52,27.62,18.61,"10,200"
25-Sep-09,27.52,27.63,27.43,27.43,18.48,"11,800"
28-Sep-09,27.81,27.82,27.77,27.77,18.71,"1,400"
29-Sep-09,27.77,27.79,27.66,27.76,18.7,"6,000"
30-Sep-09,27.9,27.9,27.66,27.74,18.69,"10,600"
01-Oct-09,27.9,27.9,27.45,27.49,18.52,"3,300"
02-Oct-09,27.28,27.36,27.27,27.33,18.41,"2,100"
05-Oct-09,27.42,27.56,27.42,27.56,18.57,"5,100"
06-Oct-09,27.7,27.76,27.62,27.69,18.66,"5,800"
07-Oct-09,27.76,27.8,27.67,27.8,18.73,"3,200"
08-Oct-09,27.8,27.97,27.8,27.88,18.78,"9,400"
09-Oct-09,27.86,27.86,27.8,27.86,18.77,"6,200"
12-Oct-09,27.99,27.99,27.91,27.93,18.82,"50,600"
13-Oct-09,27.96,27.96,27.86,27.93,18.82,"34,600"
14-Oct-09,28.05,28.18,28.03,28.18,18.99,"7,900"
15-Oct-09,28.2,28.2,28.06,28.17,18.98,"18,100"
16-Oct-09,27.98,28.06,27.98,28.06,18.91,"1,500"
19-Oct-09,28.44,28.44,28.06,28.24,19.03,"13,300"
20-Oct-09,28.24,28.24,28.09,28.12,18.95,"10,200"
21-Oct-09,28.14,28.26,28.02,28.05,18.9,"10,800"
22-Oct-09,28.05,28.16,27.94,28.12,18.95,"32,600"
23-Oct-09,28.19,28.19,27.97,27.98,18.85,"8,000"
26-Oct-09,28.1,28.1,27.79,27.81,18.74,"9,500"
27-Oct-09,27.84,27.85,27.76,27.76,18.7,"5,700"
28-Oct-09,27.73,27.73,27.5,27.5,18.53,"2,800"
29-Oct-09,27.61,27.77,27.58,27.76,18.7,"11,500"
30-Oct-09,27.69,27.69,27.42,27.47,18.51,"22,600"
02-Nov-09,27.52,27.64,27.4,27.45,18.5,"9,100"
03-Nov-09,27.56,27.56,27.39,27.48,18.52,"9,100"
04-Nov-09,27.66,27.73,27.57,27.62,18.61,"38,500"
05-Nov-09,27.67,27.79,27.67,27.79,18.72,"4,800"
06-Nov-09,27.79,27.81,27.75,27.81,18.74,"7,800"
09-Nov-09,27.78,28.17,27.78,28.17,18.98,"25,300"
10-Nov-09,28.4,28.42,28.07,28.15,18.97,"40,000"
11-Nov-09,28.28,28.31,28.19,28.26,19.04,"12,400"
12-Nov-09,28.25,28.25,28.04,28.06,18.91,"25,000"
13-Nov-09,28.06,28.22,28.06,28.16,18.97,"14,800"
16-Nov-09,28.23,28.51,28.23,28.44,19.16,"26,200"
17-Nov-09,28.39,28.44,28.32,28.4,19.14,"23,100"
18-Nov-09,28.36,28.42,28.35,28.42,19.15,"11,000"
19-Nov-09,28.32,28.32,28.14,28.22,19.01,"12,200"
20-Nov-09,28.13,28.14,28.08,28.14,18.96,"7,800"
23-Nov-09,28.19,28.4,28.19,28.34,19.09,"10,700"
24-Nov-09,28.37,28.37,28.23,28.31,19.07,"7,800"
25-Nov-09,28.33,28.42,28.33,28.42,19.15,"3,300"
27-Nov-09,27.89,28.24,27.89,28.12,18.95,"14,000"
30-Nov-09,28.17,28.25,28.08,28.25,19.03,"12,800"
01-Dec-09,28.5,28.5,28.35,28.5,19.2,"23,800"
02-Dec-09,28.54,28.54,28.4,28.4,19.14,"21,800"
03-Dec-09,28.53,28.53,28.4,28.4,19.14,"18,500"
04-Dec-09,28.52,28.52,28.25,28.36,19.11,"10,700"
07-Dec-09,28.52,28.52,28.33,28.37,19.11,"5,400"
08-Dec-09,28.25,28.25,28.16,28.17,18.98,"3,200"
09-Dec-09,28.23,28.23,28.08,28.14,18.96,"10,100"
10-Dec-09,28.28,28.28,28.21,28.21,19.01,"10,900"
11-Dec-09,28.31,28.31,28.2,28.3,19.07,"7,100"
14-Dec-09,28.28,28.41,28.28,28.41,19.14,"7,100"
15-Dec-09,28.35,28.37,28.29,28.29,19.06,"17,300"
16-Dec-09,28.37,28.5,28.31,28.38,19.12,"4,300"
17-Dec-09,28.27,28.27,28.19,28.25,19.03,"30,500"
18-Dec-09,28.23,28.25,28.17,28.25,19.03,"4,900"
21-Dec-09,28.36,28.39,28.29,28.32,19.08,"6,800"
22-Dec-09,28.38,28.41,28.3,28.33,19.09,"17,600"
23-Dec-09,28.41,28.49,28.41,28.49,19.2,"10,500"
24-Dec-09,28.64,28.66,28.49,28.54,19.23,"2,700"
28-Dec-09,28.42,28.42,28.31,28.31,19.19,"27,400"
29-Dec-09,28.41,28.41,28.29,28.34,19.21,"5,000"
30-Dec-09,28.28,28.33,28.24,28.33,19.2,"10,800"
31-Dec-09,28.55,28.55,28.22,28.23,19.14,"29,000"
04-Jan-10,28.45,28.45,28.35,28.45,19.28,"20,200"
05-Jan-10,28.45,28.52,28.45,28.52,19.33,"23,100"
06-Jan-10,28.52,28.54,28.46,28.52,19.33,"9,900"
07-Jan-10,28.51,28.53,28.46,28.51,19.33,"14,200"
08-Jan-10,28.55,28.62,28.54,28.62,19.4,"18,500"
11-Jan-10,28.73,28.73,28.57,28.66,19.43,"59,800"
12-Jan-10,28.6,28.61,28.54,28.56,19.36,"14,200"
13-Jan-10,28.59,28.63,28.54,28.63,19.41,"13,500"
14-Jan-10,28.6,28.73,28.59,28.73,19.47,"17,000"
15-Jan-10,28.72,28.72,28.54,28.58,19.37,"15,100"
19-Jan-10,28.57,28.72,28.57,28.69,19.45,"11,500"
20-Jan-10,28.51,28.52,28.44,28.49,19.31,"6,000"
21-Jan-10,28.55,28.55,28.27,28.32,19.2,"11,700"
22-Jan-10,28.26,28.26,28.08,28.08,19.03,"7,500"
25-Jan-10,28.18,28.18,28.03,28.1,19.05,"7,800"
26-Jan-10,28.05,28.16,27.97,28.03,19.0,"6,800"
27-Jan-10,28.02,28.08,27.92,28.08,19.03,"9,700"
28-Jan-10,28.12,28.12,27.86,27.91,18.92,"9,000"
29-Jan-10,27.96,28.03,27.73,27.81,18.85,"11,800"
01-Feb-10,27.87,27.97,27.83,27.96,18.95,"12,900"
02-Feb-10,28.03,28.12,27.94,28.12,19.06,"5,800"
03-Feb-10,28.06,28.09,27.94,28.02,18.99,"16,200"
04-Feb-10,27.83,27.83,27.59,27.59,18.7,"18,100"
05-Feb-10,27.6,27.61,27.37,27.59,18.7,"47,500"
08-Feb-10,27.62,27.64,27.5,27.5,18.64,"10,500"
09-Feb-10,27.7,27.72,27.64,27.71,18.78,"5,900"
10-Feb-10,27.69,27.69,27.57,27.6,18.71,"1,200"
11-Feb-10,27.64,27.75,27.57,27.69,18.77,"23,600"
12-Feb-10,27.65,27.72,27.6,27.7,18.78,"8,000"
16-Feb-10,27.75,27.95,27.72,27.95,18.95,"11,700"
17-Feb-10,28.02,28.02,27.91,27.96,18.95,"5,700"
18-Feb-10,27.96,28.05,27.92,28.05,19.01,"19,400"
19-Feb-10,27.97,28.03,27.97,28.03,19.0,"4,700"
22-Feb-10,27.99,28.02,27.97,27.97,18.96,"9,500"
23-Feb-10,27.93,28.03,27.87,27.88,18.9,"15,300"
24-Feb-10,27.89,28.0,27.89,27.99,18.97,"20,500"
25-Feb-10,27.78,27.97,27.78,27.97,18.96,"16,100"
26-Feb-10,27.94,28.05,27.94,28.05,19.01,"4,300"
01-Mar-10,28.1,28.16,28.1,28.16,19.09,"3,600"
02-Mar-10,28.23,28.24,28.18,28.22,19.13,"4,300"
03-Mar-10,28.19,28.33,28.19,28.27,19.16,"45,700"
04-Mar-10,28.29,28.29,28.2,28.28,19.17,"8,200"
05-Mar-10,28.37,28.47,28.3,28.46,19.29,"8,300"
08-Mar-10,28.5,28.51,28.43,28.5,19.32,"23,800"
09-Mar-10,28.46,28.54,28.46,28.49,19.31,"15,700"
10-Mar-10,28.49,28.59,28.48,28.57,19.37,"10,600"
11-Mar-10,28.5,28.57,28.5,28.52,19.33,"6,500"
12-Mar-10,28.66,28.66,28.62,28.66,19.43,"4,800"
15-Mar-10,28.62,28.63,28.48,28.63,19.41,"8,800"
16-Mar-10,28.68,28.77,28.63,28.77,19.5,"46,500"
17-Mar-10,28.84,28.9,28.77,28.83,19.54,"18,000"
18-Mar-10,28.87,28.87,28.75,28.81,19.53,"7,800"
19-Mar-10,28.71,28.83,28.65,28.71,19.46,"10,400"
22-Mar-10,28.64,28.78,28.63,28.74,19.48,"7,100"
23-Mar-10,28.76,28.88,28.75,28.86,19.56,"193,600"
24-Mar-10,28.74,28.76,28.63,28.63,19.41,"6,200"
25-Mar-10,28.8,28.8,28.65,28.65,19.42,"25,000"
26-Mar-10,28.66,28.67,28.59,28.62,19.44,"9,000"
29-Mar-10,28.62,28.71,28.62,28.71,19.51,"17,400"
30-Mar-10,28.75,28.77,28.66,28.73,19.52,"8,100"
31-Mar-10,28.71,28.77,28.67,28.68,19.49,"7,500"
01-Apr-10,28.73,28.85,28.73,28.85,19.6,"3,700"
05-Apr-10,28.85,28.88,28.79,28.88,19.62,"2,400"
06-Apr-10,28.84,28.93,28.84,28.87,19.61,"9,600"
07-Apr-10,28.85,28.94,28.81,28.89,19.63,"2,500"
08-Apr-10,28.84,28.91,28.84,28.87,19.61,"7,500"
09-Apr-10,28.93,29.01,28.92,29.01,19.71,"3,800"
12-Apr-10,29.07,29.08,29.01,29.06,19.74,"18,200"
13-Apr-10,29.07,29.1,28.95,29.08,19.76,"10,700"
14-Apr-10,29.1,29.23,29.1,29.23,19.86,"17,600"
15-Apr-10,29.19,29.24,29.14,29.24,19.87,"12,600"
16-Apr-10,29.18,29.18,28.97,29.03,19.72,"14,000"
19-Apr-10,29.01,29.01,28.87,29.0,19.7,"2,900"
20-Apr-10,29.11,29.11,29.04,29.1,19.77,"5,500"
21-Apr-10,28.96,29.13,28.96,29.13,19.79,"11,800"
22-Apr-10,29.03,29.14,28.95,29.13,19.79,"13,800"
23-Apr-10,29.01,29.2,29.01,29.2,19.84,"4,100"
26-Apr-10,29.26,29.26,29.14,29.2,19.84,"10,900"
27-Apr-10,29.12,29.15,28.94,28.94,19.66,"6,200"
28-Apr-10,28.95,28.95,28.7,28.9,19.63,"4,800"
29-Apr-10,29.03,29.12,29.0,29.12,19.78,"8,600"
30-Apr-10,29.04,29.09,28.91,28.91,19.64,"19,200"
03-May-10,29.0,29.05,28.98,29.03,19.72,"4,200"
04-May-10,28.92,28.92,28.64,28.67,19.48,"8,700"
05-May-10,28.6,28.66,28.48,28.57,19.41,"8,200"
06-May-10,28.52,29.25,20.0,28.07,19.07,"114,300"
07-May-10,28.22,28.22,27.93,27.95,18.99,"65,200"
10-May-10,28.69,28.69,28.5,28.54,19.39,"28,800"
11-May-10,28.49,28.64,28.49,28.54,19.39,"11,000"
12-May-10,28.63,28.73,28.63,28.71,19.51,"131,400"
13-May-10,28.71,28.74,28.6,28.64,19.46,"100,000"
14-May-10,28.45,28.45,28.25,28.37,19.27,"26,700"
17-May-10,28.4,28.4,28.13,28.33,19.25,"14,500"
18-May-10,28.4,28.4,28.17,28.17,19.14,"7,900"
19-May-10,28.06,28.2,27.94,28.15,19.13,"18,300"
20-May-10,27.88,27.88,27.61,27.67,18.8,"3,900"
21-May-10,27.72,27.9,27.67,27.79,18.88,"8,600"
24-May-10,27.75,27.9,27.68,27.74,18.85,"5,500"
25-May-10,27.35,27.67,27.35,27.66,18.79,"14,500"
26-May-10,27.77,27.88,27.74,27.76,18.86,"13,900"
27-May-10,27.91,28.09,27.89,28.09,19.08,"11,800"
28-May-10,28.08,28.08,27.92,27.96,19.0,"8,700"
01-Jun-10,27.93,28.01,27.78,27.78,18.87,"6,200"
02-Jun-10,27.78,28.05,27.78,28.05,19.06,"3,600"
03-Jun-10,28.01,28.06,27.98,28.02,19.04,"18,600"
04-Jun-10,27.76,27.76,27.58,27.58,18.74,800
07-Jun-10,27.62,27.68,27.54,27.54,18.71,"3,700"
08-Jun-10,27.55,27.6,27.41,27.6,18.75,"14,900"
09-Jun-10,27.65,27.81,27.62,27.62,18.77,"16,900"
10-Jun-10,27.89,27.92,27.8,27.9,18.96,"4,100"
11-Jun-10,27.88,28.01,27.88,28.01,19.03,"4,200"
14-Jun-10,28.11,28.18,28.07,28.07,19.07,"22,600"
15-Jun-10,28.13,28.34,28.11,28.34,19.25,"6,400"
16-Jun-10,28.29,28.36,28.22,28.31,19.23,"38,000"
17-Jun-10,28.33,28.4,28.25,28.4,19.29,"12,100"
18-Jun-10,28.36,28.41,28.35,28.38,19.28,"6,100"
21-Jun-10,28.5,28.54,28.29,28.29,19.22,"22,600"
22-Jun-10,28.33,28.4,28.18,28.2,19.16,"33,200"
23-Jun-10,28.07,28.22,27.99,28.21,19.17,"15,300"
24-Jun-10,28.07,28.07,28.0,28.0,19.02,"9,300"
25-Jun-10,27.88,27.94,27.82,27.94,19.1,"7,600"
28-Jun-10,27.98,27.98,27.88,27.89,19.07,"3,400"
29-Jun-10,27.74,27.74,27.53,27.55,18.84,"4,500"
30-Jun-10,27.5,27.65,27.47,27.48,18.79,"7,000"
01-Jul-10,27.52,28.49,26.67,27.48,18.79,"12,100"
02-Jul-10,27.42,27.49,27.35,27.41,18.74,"7,300"
06-Jul-10,27.62,27.67,27.55,27.55,18.84,"12,100"
07-Jul-10,27.64,27.83,27.63,27.83,19.03,"4,700"
08-Jul-10,27.93,27.95,27.8,27.95,19.11,"4,300"
09-Jul-10,27.95,28.01,27.95,28.01,19.15,"3,700"
12-Jul-10,27.9,28.02,27.9,28.0,19.14,"17,500"
13-Jul-10,28.13,28.19,28.04,28.19,19.27,"4,900"
14-Jul-10,28.11,28.21,28.1,28.18,19.27,"8,400"
15-Jul-10,28.17,28.23,28.06,28.23,19.3,"13,400"
16-Jul-10,28.0,28.0,27.88,27.88,19.06,"8,300"
19-Jul-10,27.9,27.94,27.88,27.94,19.1,"2,200"
20-Jul-10,27.93,28.05,27.89,28.05,19.18,"10,500"
21-Jul-10,28.14,28.14,27.92,27.92,19.09,"14,800"
22-Jul-10,28.22,28.29,28.19,28.26,19.32,"6,100"
23-Jul-10,28.24,28.36,28.19,28.32,19.36,"13,300"
26-Jul-10,28.29,28.44,28.29,28.44,19.44,"5,600"
27-Jul-10,28.57,28.57,28.41,28.45,19.45,"28,200"
28-Jul-10,28.45,28.47,28.39,28.39,19.41,"2,900"
29-Jul-10,28.45,28.45,28.36,28.42,19.43,"10,900"
30-Jul-10,28.39,28.48,28.37,28.48,19.47,"5,000"
02-Aug-10,28.6,28.74,28.6,28.71,19.63,"6,600"
03-Aug-10,28.72,28.75,28.71,28.71,19.63,"4,300"
04-Aug-10,28.71,28.75,28.65,28.7,19.62,"9,000"
05-Aug-10,28.72,28.73,28.65,28.73,19.64,"9,400"
06-Aug-10,28.69,28.72,28.55,28.71,19.63,"8,600"
09-Aug-10,28.75,28.8,28.72,28.74,19.65,"4,800"
10-Aug-10,28.61,28.75,28.58,28.75,19.66,"10,900"
11-Aug-10,28.48,28.48,28.28,28.33,19.37,"85,900"
12-Aug-10,28.19,28.26,28.19,28.25,19.31,"4,700"
13-Aug-10,28.18,28.28,28.18,28.26,19.32,"6,300"
16-Aug-10,28.23,28.32,28.18,28.31,19.35,"13,800"
17-Aug-10,28.42,28.5,28.38,28.46,19.46,"20,200"
18-Aug-10,28.39,28.5,28.39,28.45,19.45,"32,800"
19-Aug-10,28.41,28.41,28.22,28.27,19.33,"9,500"
20-Aug-10,28.13,28.17,28.11,28.17,19.26,"9,100"
23-Aug-10,28.25,28.25,28.16,28.17,19.26,"24,700"
24-Aug-10,28.04,28.09,27.97,28.04,19.17,"8,300"
25-Aug-10,27.91,28.08,27.91,28.04,19.17,"3,900"
26-Aug-10,28.14,28.16,28.0,28.0,19.14,"6,500"
27-Aug-10,27.97,28.15,27.97,28.13,19.23,"11,800"
30-Aug-10,28.16,28.19,28.05,28.07,19.19,"4,700"
31-Aug-10,28.04,28.16,28.02,28.06,19.18,"15,500"
01-Sep-10,28.28,28.44,28.28,28.44,19.44,"7,800"
02-Sep-10,28.44,28.5,28.44,28.5,19.48,"4,600"
03-Sep-10,28.61,28.61,28.55,28.6,19.55,"3,200"
07-Sep-10,28.59,28.59,28.52,28.55,19.52,"7,000"
08-Sep-10,28.55,28.63,28.55,28.59,19.55,"11,800"
09-Sep-10,28.67,28.67,28.58,28.63,19.57,"7,900"
10-Sep-10,28.62,28.65,28.6,28.63,19.57,"8,800"
13-Sep-10,28.73,28.84,28.73,28.83,19.71,"7,600"
14-Sep-10,28.79,28.93,28.79,28.85,19.72,"4,400"
15-Sep-10,28.82,28.92,28.81,28.92,19.77,"6,100"
16-Sep-10,28.79,28.85,28.79,28.85,19.72,"4,600"
17-Sep-10,28.81,28.86,28.81,28.86,19.73,"10,200"
20-Sep-10,28.91,29.06,28.9,29.06,19.87,"8,900"
21-Sep-10,29.1,29.16,29.03,29.11,19.9,"7,600"
22-Sep-10,29.16,29.16,29.05,29.06,19.87,"10,500"
23-Sep-10,28.97,29.06,28.9,28.94,19.79,"19,700"
24-Sep-10,29.03,29.19,29.03,29.19,19.96,"14,200"
27-Sep-10,29.08,29.12,29.03,29.06,19.93,"26,600"
28-Sep-10,29.1,29.18,29.07,29.18,20.01,"4,200"
29-Sep-10,29.07,29.17,29.07,29.08,19.95,"3,700"
30-Sep-10,29.14,29.23,28.99,29.09,19.95,"55,700"
01-Oct-10,29.19,29.19,29.06,29.16,20.0,"21,600"
04-Oct-10,29.13,29.13,29.0,29.03,19.91,"6,300"
05-Oct-10,29.24,29.38,29.24,29.38,20.15,"9,800"
06-Oct-10,29.38,29.46,29.35,29.41,20.17,"7,300"
07-Oct-10,29.45,29.45,29.31,29.34,20.12,"4,700"
08-Oct-10,29.42,29.52,29.42,29.51,20.24,"7,100"
11-Oct-10,29.52,29.54,29.48,29.5,20.23,"17,700"
12-Oct-10,29.45,29.51,29.38,29.51,20.24,"3,500"
13-Oct-10,29.6,29.69,29.6,29.66,20.34,"6,200"
14-Oct-10,29.65,29.71,29.6,29.61,20.31,"6,500"
15-Oct-10,29.64,29.64,29.57,29.59,20.3,"6,000"
18-Oct-10,29.61,29.7,29.61,29.7,20.37,"4,000"
19-Oct-10,29.5,29.57,29.41,29.43,20.19,"9,900"
20-Oct-10,29.55,29.68,29.48,29.68,20.36,"4,300"
21-Oct-10,29.64,29.71,29.55,29.62,20.32,"11,900"
22-Oct-10,29.6,29.65,29.6,29.65,20.34,"4,400"
25-Oct-10,29.79,29.8,29.71,29.72,20.38,"34,800"
26-Oct-10,29.56,29.65,29.56,29.59,20.3,"4,100"
27-Oct-10,29.53,29.53,29.4,29.5,20.23,"9,400"
28-Oct-10,29.59,29.6,29.52,29.58,20.29,"1,700"
29-Oct-10,29.62,29.62,29.58,29.59,20.3,"8,700"
01-Nov-10,29.66,29.7,29.55,29.61,20.31,"6,100"
02-Nov-10,29.74,29.79,29.74,29.79,20.43,"1,100"
03-Nov-10,29.84,29.84,29.74,29.84,20.47,"14,400"
04-Nov-10,30.07,30.15,30.06,30.15,20.68,"37,000"
05-Nov-10,30.1,30.17,30.1,30.14,20.67,"31,100"
08-Nov-10,30.08,30.11,30.01,30.11,20.65,"9,400"
09-Nov-10,30.11,30.15,29.83,29.83,20.46,"14,400"
10-Nov-10,29.8,29.94,29.79,29.91,20.51,"10,800"
11-Nov-10,29.85,29.89,29.82,29.87,20.49,"8,000"
12-Nov-10,29.79,29.79,29.62,29.7,20.37,"4,500"
15-Nov-10,29.73,29.73,29.57,29.57,20.28,"13,500"
16-Nov-10,29.5,29.5,29.26,29.32,20.11,"6,700"
17-Nov-10,29.34,29.43,29.34,29.37,20.14,"4,900"
18-Nov-10,29.53,29.64,29.53,29.61,20.31,"5,100"
19-Nov-10,29.58,29.67,29.52,29.67,20.35,"6,200"
22-Nov-10,29.6,29.66,29.53,29.66,20.34,"5,600"
23-Nov-10,29.42,29.46,29.36,29.42,20.18,"21,300"
24-Nov-10,29.5,29.56,29.5,29.54,20.26,"4,300"
26-Nov-10,29.44,29.5,29.44,29.46,20.21,"6,800"
29-Nov-10,29.39,29.45,29.33,29.45,20.2,"6,500"
30-Nov-10,29.32,29.38,29.29,29.32,20.11,"9,200"
01-Dec-10,29.5,29.57,29.49,29.56,20.27,"36,000"
02-Dec-10,29.55,29.74,29.55,29.74,20.4,"25,200"
03-Dec-10,29.73,29.81,29.72,29.81,20.45,"22,200"
06-Dec-10,29.78,29.83,29.75,29.81,20.45,"4,300"
07-Dec-10,29.94,29.94,29.75,29.76,20.41,"28,400"
08-Dec-10,29.71,29.71,29.63,29.71,20.38,"59,000"
09-Dec-10,29.79,29.79,29.67,29.72,20.38,"11,900"
10-Dec-10,29.75,29.78,29.73,29.78,20.43,"3,300"
13-Dec-10,29.78,29.92,29.78,29.92,20.52,"22,600"
14-Dec-10,29.86,29.87,29.73,29.75,20.41,"9,800"
15-Dec-10,29.77,29.83,29.68,29.68,20.36,"5,700"
16-Dec-10,29.7,29.78,29.64,29.78,20.43,"17,300"
17-Dec-10,29.77,29.84,29.42,29.83,20.46,"11,800"
20-Dec-10,29.9,30.01,29.82,30.01,20.58,"35,100"
21-Dec-10,29.95,30.03,29.92,30.03,20.6,"43,500"
22-Dec-10,30.01,32.65,29.95,30.02,20.59,"21,500"
23-Dec-10,29.95,30.01,29.93,30.0,20.58,"35,800"
27-Dec-10,29.75,29.82,29.72,29.8,20.56,"6,700"
28-Dec-10,29.8,29.81,29.74,29.77,20.54,"16,600"
29-Dec-10,29.84,29.93,29.82,29.93,20.65,"12,400"
30-Dec-10,29.88,29.9,29.81,29.87,20.61,"18,800"
31-Dec-10,29.88,29.97,29.87,29.92,20.64,"20,900"
03-Jan-11,30.0,30.11,29.97,30.06,20.74,"19,000"
04-Jan-11,30.1,30.1,29.94,30.01,20.71,"12,200"
05-Jan-11,29.91,30.0,29.9,29.99,20.69,"13,900"
06-Jan-11,29.99,29.99,29.89,29.91,20.64,"16,200"
07-Jan-11,29.91,29.97,29.83,29.92,20.64,"15,800"
10-Jan-11,29.87,29.93,29.82,29.9,20.63,"10,300"
11-Jan-11,30.0,30.0,29.92,29.97,20.68,"5,900"
12-Jan-11,30.08,30.13,30.02,30.11,20.78,"51,200"
13-Jan-11,30.15,30.2,30.14,30.15,20.8,"58,500"
14-Jan-11,30.11,30.24,30.11,30.24,20.87,"14,500"
18-Jan-11,30.22,30.27,30.15,30.27,20.89,"19,600"
19-Jan-11,30.28,30.28,30.09,30.1,20.77,"24,600"
20-Jan-11,30.01,30.11,29.94,29.98,20.69,"14,700"
21-Jan-11,30.1,30.1,30.02,30.07,20.75,"23,800"
24-Jan-11,30.06,30.17,30.06,30.14,20.8,"22,000"
25-Jan-11,30.06,30.18,30.06,30.18,20.82,"17,600"
26-Jan-11,30.23,30.29,30.21,30.22,20.85,"8,800"
27-Jan-11,30.27,30.31,30.23,30.31,20.91,"11,700"
28-Jan-11,30.26,30.28,30.01,30.01,20.71,"38,800"
31-Jan-11,30.07,30.17,30.07,30.15,20.8,"13,400"
01-Feb-11,30.24,30.34,30.18,30.29,20.9,"14,900"
02-Feb-11,30.32,30.35,30.25,30.28,20.89,"13,200"
03-Feb-11,30.21,30.26,30.21,30.26,20.88,"3,800"
04-Feb-11,30.22,30.25,30.16,30.21,20.84,"17,500"
07-Feb-11,30.21,30.32,30.21,30.29,20.9,"9,000"
08-Feb-11,30.26,30.34,30.26,30.27,20.89,"12,200"
09-Feb-11,30.3,30.33,30.25,30.3,20.91,"17,500"
10-Feb-11,30.21,30.27,30.15,30.25,20.87,"30,700"
11-Feb-11,30.19,30.36,30.19,30.36,20.95,"15,200"
14-Feb-11,30.36,30.4,30.35,30.36,20.95,"6,400"
15-Feb-11,30.32,30.37,30.31,30.36,20.95,"12,400"
16-Feb-11,30.41,30.46,30.39,30.44,21.0,"27,100"
17-Feb-11,30.46,30.54,30.46,30.53,21.07,"15,600"
18-Feb-11,30.53,30.58,30.48,30.56,21.09,"13,600"
22-Feb-11,30.4,30.51,30.33,30.35,20.94,"11,600"
23-Feb-11,30.33,30.37,30.2,30.26,20.88,"11,900"
24-Feb-11,30.34,30.35,30.25,30.3,20.91,"10,800"
25-Feb-11,30.42,30.5,30.42,30.5,21.04,"17,900"
28-Feb-11,30.58,30.61,30.48,30.52,21.06,"16,000"
01-Mar-11,30.55,30.59,30.41,30.42,20.99,"9,100"
02-Mar-11,30.42,30.51,30.41,30.45,21.01,"9,800"
03-Mar-11,30.54,30.61,30.52,30.61,21.12,"17,700"
04-Mar-11,30.56,30.57,30.46,30.52,21.06,"20,100"
07-Mar-11,30.84,30.84,30.42,30.46,21.02,"23,500"
08-Mar-11,30.41,30.57,30.39,30.52,21.06,"70,100"
09-Mar-11,30.54,30.56,30.46,30.55,21.08,"19,700"
10-Mar-11,30.42,30.42,30.31,30.32,20.92,"16,900"
11-Mar-11,30.23,30.42,30.23,30.36,20.95,"17,900"
14-Mar-11,30.3,30.33,30.23,30.31,20.91,"15,800"
15-Mar-11,30.0,30.18,29.9,30.14,20.8,"48,500"
16-Mar-11,30.12,30.15,29.95,29.97,20.68,"16,500"
17-Mar-11,30.18,30.18,30.1,30.13,20.79,"14,600"
18-Mar-11,30.29,30.29,30.18,30.24,20.87,"19,200"
21-Mar-11,30.41,30.44,30.38,30.43,21.0,"32,700"
22-Mar-11,30.41,30.41,30.34,30.38,20.96,"11,300"
23-Mar-11,30.36,30.42,30.28,30.39,20.97,"18,900"
24-Mar-11,30.45,30.5,30.39,30.46,21.02,"41,800"
25-Mar-11,30.51,30.53,30.43,30.47,21.02,"26,000"
28-Mar-11,30.33,30.4,30.33,30.35,21.01,"13,700"
29-Mar-11,30.36,30.41,30.34,30.41,21.05,"11,300"
30-Mar-11,30.49,30.55,30.45,30.54,21.14,"10,800"
31-Mar-11,30.54,30.56,30.5,30.51,21.12,"26,800"
01-Apr-11,30.54,30.65,30.54,30.63,21.2,"44,800"
04-Apr-11,30.68,30.68,30.62,30.64,21.21,"40,500"
05-Apr-11,30.63,30.7,30.63,30.63,21.2,"6,900"
06-Apr-11,30.71,30.71,30.61,30.66,21.22,"11,600"
07-Apr-11,30.64,30.7,30.58,30.64,21.21,"44,900"
08-Apr-11,30.71,30.71,30.6,30.6,21.18,"9,900"
11-Apr-11,30.65,30.66,30.54,30.58,21.17,"13,800"
12-Apr-11,30.54,30.55,30.45,30.52,21.13,"14,400"
13-Apr-11,30.59,30.59,30.49,30.56,21.15,"3,600"
14-Apr-11,30.51,30.58,30.48,30.57,21.16,"15,800"
15-Apr-11,30.6,30.66,30.54,30.64,21.21,"11,800"
18-Apr-11,30.49,30.5,30.36,30.47,21.09,"8,200"
19-Apr-11,30.54,30.58,30.52,30.58,21.17,"7,700"
20-Apr-11,30.77,30.8,30.72,30.77,21.3,"19,300"
21-Apr-11,30.85,30.85,30.78,30.83,21.34,"23,800"
25-Apr-11,30.8,30.85,30.78,30.84,21.35,"25,100"
26-Apr-11,30.89,30.98,30.88,30.94,21.42,"67,700"
27-Apr-11,30.94,31.06,30.9,31.06,21.5,"18,000"
28-Apr-11,31.07,31.11,31.04,31.1,21.53,"18,200"
29-Apr-11,31.09,31.18,31.09,31.17,21.58,"8,000"
02-May-11,31.23,31.23,31.12,31.16,21.57,"28,000"
03-May-11,31.08,31.13,31.01,31.02,21.47,"26,000"
04-May-11,31.09,31.09,30.97,31.01,21.47,"23,000"
05-May-11,30.93,30.97,30.82,30.89,21.38,"22,500"
06-May-11,31.0,31.05,30.87,30.93,21.41,"16,600"
09-May-11,30.9,31.01,30.9,30.99,21.45,"8,200"
10-May-11,30.98,31.1,30.98,31.09,21.52,"33,200"
11-May-11,31.01,31.06,30.89,30.91,21.4,"8,200"
12-May-11,30.9,30.99,30.84,30.94,21.42,"10,000"
13-May-11,30.98,30.98,30.78,30.86,21.36,"7,000"
16-May-11,30.83,30.89,30.77,30.78,21.31,"9,800"
17-May-11,30.74,30.8,30.71,30.78,21.31,"21,200"
18-May-11,30.78,30.9,30.78,30.89,21.38,"6,300"
19-May-11,30.87,30.93,30.86,30.9,21.39,"19,500"
20-May-11,30.88,30.88,30.78,30.8,21.32,"13,000"
23-May-11,30.65,30.67,30.59,30.62,21.2,"33,600"
24-May-11,30.69,30.69,30.6,30.62,21.2,"17,400"
25-May-11,30.63,30.72,30.63,30.72,21.26,"8,000"
26-May-11,30.7,30.82,30.69,30.82,21.33,"19,800"
27-May-11,30.87,30.9,30.85,30.9,21.39,"5,900"
31-May-11,31.04,31.04,30.96,31.03,21.48,"2,700"
01-Jun-11,30.99,31.02,30.83,30.84,21.35,"21,300"
02-Jun-11,30.86,30.86,30.74,30.83,21.34,"60,200"
03-Jun-11,30.6,30.78,30.6,30.7,21.25,"71,700"
06-Jun-11,30.65,30.68,30.56,30.58,21.17,"10,000"
07-Jun-11,30.68,30.7,30.63,30.68,21.24,"11,600"
08-Jun-11,30.62,30.62,30.55,30.55,21.15,"1,900"
09-Jun-11,30.61,30.67,30.58,30.61,21.19,"12,900"
10-Jun-11,30.63,30.63,30.43,30.43,21.06,"7,200"
13-Jun-11,30.46,30.47,30.38,30.38,21.03,"38,600"
14-Jun-11,30.52,30.58,30.52,30.54,21.14,"29,000"
15-Jun-11,30.45,30.47,30.33,30.34,21.0,"24,000"
16-Jun-11,30.33,30.38,30.25,30.28,20.96,"17,000"
17-Jun-11,30.39,30.4,30.34,30.36,21.02,"36,800"
20-Jun-11,30.36,30.43,30.36,30.39,21.04,"3,600"
21-Jun-11,30.57,30.65,30.57,30.64,21.21,"64,900"
22-Jun-11,30.61,30.65,30.53,30.54,21.14,"19,000"
23-Jun-11,30.37,30.5,30.33,30.5,21.11,"10,200"
24-Jun-11,30.68,30.68,30.37,30.39,21.04,"9,000"
27-Jun-11,30.22,30.3,30.16,30.24,21.11,"25,100"
28-Jun-11,30.31,30.37,30.31,30.34,21.17,"21,400"
29-Jun-11,30.46,30.49,30.41,30.49,21.28,"14,300"
30-Jun-11,30.54,30.63,30.51,30.59,21.35,"31,900"
01-Jul-11,30.77,31.18,30.58,30.77,21.48,"29,400"
05-Jul-11,30.77,30.77,30.73,30.77,21.48,"5,500"
06-Jul-11,30.72,30.78,30.72,30.78,21.48,"4,900"
07-Jul-11,30.89,30.92,30.81,30.9,21.57,"19,000"
08-Jul-11,30.79,30.83,30.75,30.83,21.52,"4,000"
11-Jul-11,30.69,30.71,30.57,30.6,21.36,"36,900"
12-Jul-11,30.59,30.64,30.55,30.58,21.34,"29,700"
13-Jul-11,30.68,30.76,30.68,30.69,21.42,"4,100"
14-Jul-11,30.75,30.75,30.51,30.51,21.29,"16,700"
15-Jul-11,30.51,30.63,30.51,30.63,21.38,"13,500"
18-Jul-11,30.51,30.51,30.42,30.45,21.25,"7,900"
19-Jul-11,30.53,30.7,30.53,30.7,21.43,"57,200"
20-Jul-11,30.7,30.74,30.68,30.72,21.44,"45,600"
21-Jul-11,30.8,30.89,30.77,30.88,21.55,"10,200"
22-Jul-11,30.82,30.93,30.82,30.93,21.59,"6,500"
25-Jul-11,30.81,30.89,30.81,30.82,21.51,"8,100"
26-Jul-11,30.82,30.89,30.81,30.81,21.5,"13,200"
27-Jul-11,30.7,30.7,30.54,30.54,21.31,"10,900"
28-Jul-11,30.55,30.69,30.55,30.55,21.32,"9,400"
29-Jul-11,30.46,30.64,30.43,30.58,21.34,"18,700"
01-Aug-11,30.8,30.8,30.46,30.57,21.34,"44,900"
02-Aug-11,30.54,30.54,30.35,30.35,21.18,"36,900"
03-Aug-11,30.38,30.38,30.19,30.33,21.17,"20,300"
04-Aug-11,30.09,30.09,29.73,29.73,20.75,"132,100"
05-Aug-11,29.87,29.87,29.43,29.71,20.74,"29,400"
08-Aug-11,29.36,29.48,28.96,28.96,20.21,"95,400"
09-Aug-11,29.18,29.5,28.9,29.46,20.56,"24,400"
10-Aug-11,29.39,29.43,29.19,29.19,20.37,"30,500"
11-Aug-11,29.29,29.61,29.2,29.48,20.57,"34,400"
12-Aug-11,29.69,29.73,29.56,29.63,20.68,"16,200"
15-Aug-11,29.78,29.9,29.78,29.9,20.87,"151,900"
16-Aug-11,29.76,29.84,29.72,29.79,20.79,"25,000"
17-Aug-11,29.83,29.94,29.75,29.81,20.81,"35,500"
18-Aug-11,29.59,29.59,29.31,29.31,20.46,"13,100"
19-Aug-11,29.21,29.44,29.14,29.2,20.38,"14,500"
22-Aug-11,29.3,29.34,29.16,29.17,20.36,"7,000"
23-Aug-11,29.25,29.5,29.18,29.5,20.59,"64,600"
24-Aug-11,29.39,29.54,29.38,29.46,20.56,"12,400"
25-Aug-11,29.58,29.58,29.3,29.3,20.45,"13,400"
26-Aug-11,29.29,29.53,29.17,29.49,20.58,"21,400"
29-Aug-11,29.64,30.38,29.64,29.8,20.8,"110,700"
30-Aug-11,29.79,29.87,29.7,29.87,20.85,"10,800"
31-Aug-11,29.99,30.05,29.89,29.93,20.89,"26,800"
01-Sep-11,29.96,30.66,29.86,29.86,20.84,"63,500"
02-Sep-11,29.71,29.77,29.62,29.66,20.7,"22,600"
06-Sep-11,29.27,29.5,29.27,29.5,20.59,"35,000"
07-Sep-11,29.66,29.78,29.66,29.73,20.75,"5,700"
08-Sep-11,29.72,29.79,29.63,29.63,20.68,"53,600"
09-Sep-11,29.55,29.55,29.32,29.38,20.5,"25,200"
12-Sep-11,29.21,29.32,29.18,29.32,20.46,"82,200"
13-Sep-11,29.34,29.45,28.99,29.45,20.55,"22,000"
14-Sep-11,29.45,29.65,29.39,29.58,20.64,"18,300"
15-Sep-11,29.68,29.76,29.66,29.76,20.77,"5,500"
16-Sep-11,29.8,29.82,29.71,29.79,20.79,"19,500"
19-Sep-11,29.58,29.72,29.54,29.66,20.7,"47,800"
20-Sep-11,29.73,29.78,29.64,29.66,20.7,"20,800"
21-Sep-11,29.62,29.66,29.36,29.36,20.49,"14,900"
22-Sep-11,29.02,29.11,28.94,29.03,20.26,"18,700"
23-Sep-11,28.92,29.06,28.92,29.02,20.25,"13,700"
26-Sep-11,29.14,29.24,28.99,29.24,20.41,"13,000"
27-Sep-11,29.2,29.38,29.19,29.23,20.5,"29,700"
28-Sep-11,29.29,29.29,29.06,29.13,20.43,"10,200"
29-Sep-11,29.22,29.24,28.95,29.11,20.42,"24,400"
30-Sep-11,28.97,29.01,28.92,28.93,20.29,"14,900"
03-Oct-11,28.83,28.88,28.65,28.67,20.11,"8,100"
04-Oct-11,28.46,28.6,28.35,28.52,20.01,"94,200"
05-Oct-11,28.77,28.93,28.71,28.91,20.28,"9,500"
06-Oct-11,28.88,29.16,28.85,29.16,20.45,"12,000"
07-Oct-11,29.14,29.15,29.01,29.12,20.43,"6,600"
10-Oct-11,29.16,29.37,29.16,29.37,20.6,"5,800"
11-Oct-11,29.25,29.39,29.25,29.34,20.58,"8,100"
12-Oct-11,29.43,29.61,29.43,29.53,20.71,"125,900"
13-Oct-11,29.4,29.52,29.37,29.52,20.71,"13,800"
14-Oct-11,29.59,29.84,29.52,29.61,20.77,"119,800"
17-Oct-11,29.62,29.62,29.42,29.42,20.64,"27,800"
18-Oct-11,29.42,29.69,29.37,29.67,20.81,"44,300"
19-Oct-11,29.65,29.7,29.52,29.53,20.71,"13,100"
20-Oct-11,29.53,29.57,29.41,29.56,20.73,"33,900"
21-Oct-11,29.7,29.77,29.69,29.75,20.87,"13,600"
24-Oct-11,29.85,30.02,29.84,30.02,21.06,"74,600"
25-Oct-11,29.95,29.95,29.82,29.83,20.92,"21,800"
26-Oct-11,29.87,29.97,29.77,29.97,21.02,"20,300"
27-Oct-11,30.33,30.4,30.18,30.33,21.27,"205,100"
28-Oct-11,30.33,30.39,30.3,30.39,21.32,"40,200"
31-Oct-11,30.24,30.24,30.09,30.09,21.11,"34,900"
01-Nov-11,29.71,29.91,29.71,29.86,20.95,"87,200"
02-Nov-11,29.96,30.03,29.89,30.01,21.05,"45,800"
03-Nov-11,30.13,30.23,29.95,30.21,21.19,"28,000"
04-Nov-11,30.05,30.15,29.99,30.09,21.11,"22,900"
07-Nov-11,30.15,30.22,30.06,30.17,21.16,"16,900"
08-Nov-11,30.27,30.32,30.16,30.31,21.26,"39,800"
09-Nov-11,30.04,30.04,29.79,29.81,20.91,"29,700"
10-Nov-11,29.94,29.97,29.84,29.92,20.99,"36,000"
11-Nov-11,30.15,30.16,30.08,30.14,21.14,"22,500"
14-Nov-11,30.19,30.19,29.93,30.0,21.04,"14,600"
15-Nov-11,30.0,30.05,29.9,30.03,21.06,"10,000"
16-Nov-11,29.94,30.0,29.84,29.84,20.93,"19,800"
17-Nov-11,29.77,29.84,29.6,29.65,20.8,"19,000"
18-Nov-11,29.74,29.74,29.61,29.67,20.81,"10,300"
21-Nov-11,29.41,29.45,29.34,29.41,20.63,"17,800"
22-Nov-11,29.42,29.42,29.33,29.38,20.61,"15,100"
23-Nov-11,29.29,29.29,29.14,29.19,20.48,"7,900"
25-Nov-11,29.19,29.23,29.1,29.1,20.41,"1,200"
28-Nov-11,29.42,29.45,29.38,29.45,20.66,"13,400"
29-Nov-11,29.44,29.53,29.43,29.5,20.69,"14,000"
30-Nov-11,29.86,29.97,29.84,29.97,21.02,"46,800"
01-Dec-11,29.97,29.97,29.81,29.88,20.96,"32,600"
02-Dec-11,29.99,30.04,29.92,29.97,21.02,"15,000"
05-Dec-11,30.14,30.14,30.0,30.06,21.09,"57,100"
06-Dec-11,30.01,30.09,30.01,30.06,21.09,"18,600"
07-Dec-11,29.97,30.13,29.92,30.11,21.12,"21,400"
08-Dec-11,29.96,30.03,29.82,29.85,20.94,"21,000"
09-Dec-11,29.84,30.01,29.84,29.99,21.04,"20,500"
12-Dec-11,29.87,31.31,29.42,29.81,20.91,"242,000"
13-Dec-11,29.85,29.95,29.7,29.7,20.83,"11,500"
14-Dec-11,29.73,29.91,29.61,29.66,20.8,"20,000"
15-Dec-11,29.76,29.76,29.65,29.67,20.81,"28,800"
16-Dec-11,29.74,29.8,29.67,29.68,20.82,"14,700"
19-Dec-11,29.68,29.78,29.58,29.64,20.79,"52,700"
20-Dec-11,29.75,29.97,29.75,29.96,21.02,"21,400"
21-Dec-11,29.88,29.94,29.81,29.94,21.0,"74,200"
22-Dec-11,29.93,30.04,29.93,30.04,21.07,"25,200"
23-Dec-11,30.02,30.11,30.0,30.11,21.12,"53,000"
27-Dec-11,29.83,29.92,29.83,29.9,21.12,"43,300"
28-Dec-11,29.84,29.88,29.76,29.78,21.03,"42,300"
29-Dec-11,29.84,29.92,29.8,29.87,21.1,"12,300"
30-Dec-11,29.87,29.96,29.87,29.9,21.12,"26,000"
03-Jan-12,30.08,30.13,30.02,30.02,21.2,"66,000"
04-Jan-12,30.02,30.06,29.94,30.06,21.23,"94,200"
05-Jan-12,29.97,30.04,29.91,30.0,21.19,"13,000"
06-Jan-12,30.0,30.02,29.92,29.99,21.18,"14,400"
09-Jan-12,30.02,30.03,29.97,29.99,21.18,"10,200"
10-Jan-12,30.17,30.17,30.1,30.11,21.26,"28,800"
11-Jan-12,30.04,30.17,30.04,30.16,21.3,"16,600"
12-Jan-12,30.12,30.19,30.1,30.15,21.29,"27,100"
13-Jan-12,30.13,30.13,30.06,30.13,21.28,"24,300"
17-Jan-12,30.27,30.27,30.16,30.21,21.34,"32,600"
18-Jan-12,30.28,30.36,30.28,30.32,21.41,"67,000"
19-Jan-12,30.39,30.42,30.33,30.37,21.45,"21,400"
20-Jan-12,30.38,30.39,30.33,30.37,21.45,"25,300"
23-Jan-12,30.36,30.44,30.36,30.41,21.48,"15,700"
24-Jan-12,30.35,30.4,30.3,30.39,21.46,"50,700"
25-Jan-12,30.33,30.58,30.32,30.56,21.58,"106,500"
26-Jan-12,30.6,30.67,30.5,30.56,21.58,"124,700"
27-Jan-12,30.57,30.62,30.49,30.61,21.62,"158,800"
30-Jan-12,30.52,30.56,30.46,30.54,21.57,"24,400"
31-Jan-12,30.57,30.6,30.49,30.59,21.6,"63,200"
01-Feb-12,30.7,30.78,30.68,30.68,21.67,"39,300"
02-Feb-12,30.72,30.77,30.71,30.71,21.69,"46,000"
03-Feb-12,30.86,30.91,30.79,30.9,21.82,"37,000"
06-Feb-12,30.8,30.91,30.8,30.91,21.83,"68,300"
07-Feb-12,30.89,30.95,30.83,30.94,21.85,"15,700"
08-Feb-12,30.96,30.98,30.88,30.94,21.85,"17,500"
09-Feb-12,31.0,31.0,30.91,30.97,21.87,"124,600"
10-Feb-12,30.79,30.85,30.74,30.83,21.77,"15,800"
13-Feb-12,30.96,30.97,30.86,30.96,21.86,"16,500"
14-Feb-12,30.88,30.94,30.85,30.93,21.84,"15,500"
15-Feb-12,31.01,31.01,30.86,30.89,21.82,"11,800"
16-Feb-12,30.88,31.04,30.88,31.0,21.89,"42,700"
17-Feb-12,31.05,31.07,31.0,31.06,21.94,"11,700"
21-Feb-12,31.09,31.11,30.98,31.0,21.89,"7,600"
22-Feb-12,30.96,31.06,30.96,31.04,21.92,"17,900"
23-Feb-12,31.0,31.13,31.0,31.13,21.99,"20,400"
24-Feb-12,31.12,31.2,31.11,31.15,22.0,"7,900"
27-Feb-12,31.09,31.21,31.08,31.2,22.03,"20,900"
28-Feb-12,31.17,31.26,31.17,31.25,22.07,"12,300"
29-Feb-12,31.29,31.32,31.09,31.15,22.0,"26,700"
01-Mar-12,31.16,31.22,31.15,31.22,22.05,"9,900"
02-Mar-12,31.2,31.21,31.11,31.11,21.97,"18,000"
05-Mar-12,31.13,31.13,31.03,31.04,21.92,"5,600"
06-Mar-12,30.84,30.85,30.73,30.8,21.75,"35,800"
07-Mar-12,30.88,30.92,30.79,30.91,21.83,"18,200"
08-Mar-12,31.03,31.09,31.02,31.09,21.96,"13,700"
09-Mar-12,31.08,31.15,31.04,31.07,21.94,"33,600"
12-Mar-12,31.13,31.13,31.05,31.07,21.94,"11,900"
13-Mar-12,31.18,31.29,31.15,31.29,22.1,"170,100"
14-Mar-12,31.29,31.29,31.13,31.17,22.01,"77,000"
15-Mar-12,31.16,31.28,31.16,31.28,22.09,"14,100"
16-Mar-12,31.25,31.31,31.25,31.3,22.11,"26,000"
19-Mar-12,31.23,31.36,31.23,31.32,22.12,"17,800"
20-Mar-12,31.21,31.23,31.18,31.23,22.06,"16,100"
21-Mar-12,31.26,31.26,31.18,31.21,22.04,"27,600"
22-Mar-12,31.12,31.15,31.06,31.09,21.96,"5,600"
23-Mar-12,31.09,31.19,31.09,31.19,22.03,"9,600"
26-Mar-12,31.32,31.4,31.29,31.4,22.18,"41,500"
27-Mar-12,31.35,31.35,31.27,31.27,22.13,"23,200"
28-Mar-12,31.29,31.29,31.12,31.21,22.09,"68,700"
29-Mar-12,31.09,31.2,31.05,31.17,22.06,"31,400"
30-Mar-12,31.25,31.27,31.22,31.22,22.1,"42,900"
02-Apr-12,31.19,31.39,31.19,31.36,22.2,"28,400"
03-Apr-12,31.37,31.37,31.15,31.22,22.1,"35,900"
04-Apr-12,31.09,31.1,30.96,31.05,21.98,"20,200"
05-Apr-12,30.96,31.07,30.96,31.05,21.98,"8,200"
09-Apr-12,30.89,30.99,30.87,30.92,21.88,"7,900"
10-Apr-12,30.96,30.96,30.68,30.73,21.75,"18,400"
11-Apr-12,30.86,30.87,30.81,30.82,21.81,"13,700"
12-Apr-12,30.93,31.05,30.93,31.04,21.97,"18,700"
13-Apr-12,31.04,31.04,30.9,30.91,21.88,"47,000"
16-Apr-12,30.99,30.99,30.84,30.95,21.91,"22,000"
17-Apr-12,31.02,31.16,31.01,31.11,22.02,"76,100"
18-Apr-12,31.01,31.11,31.01,31.09,22.0,"8,000"
19-Apr-12,31.08,31.12,30.95,31.0,21.94,"32,800"
20-Apr-12,31.08,31.12,31.04,31.05,21.98,"12,600"
23-Apr-12,30.9,30.91,30.8,30.88,21.86,"17,400"
24-Apr-12,30.93,30.99,30.93,30.96,21.91,"12,900"
25-Apr-12,31.08,31.15,31.05,31.13,22.03,"22,500"
26-Apr-12,31.13,31.26,31.13,31.22,22.1,"13,500"
27-Apr-12,31.3,31.31,31.22,31.27,22.13,"64,800"
30-Apr-12,31.28,31.28,31.2,31.24,22.11,"14,000"
01-May-12,31.25,31.39,31.21,31.3,22.15,"34,600"
02-May-12,31.22,31.29,31.2,31.28,22.14,"18,000"
03-May-12,31.27,31.28,31.14,31.16,22.05,"17,000"
04-May-12,31.05,31.08,30.95,30.97,21.92,"12,100"
07-May-12,30.94,31.04,30.94,31.02,21.95,"24,000"
08-May-12,30.9,30.94,30.79,30.94,21.9,"13,400"
09-May-12,30.77,30.88,30.72,30.84,21.83,"9,800"
10-May-12,30.9,30.9,30.81,30.81,21.81,"18,500"
11-May-12,30.72,30.91,30.72,30.82,21.81,"39,000"
14-May-12,30.66,30.73,30.64,30.67,21.71,"15,800"
15-May-12,30.59,30.7,30.53,30.58,21.64,"49,000"
16-May-12,30.54,30.64,30.47,30.47,21.57,"32,300"
17-May-12,30.41,30.41,30.29,30.29,21.44,"31,100"
18-May-12,30.32,30.32,30.14,30.18,21.36,"7,000"
21-May-12,30.19,30.36,30.19,30.36,21.49,"10,800"
22-May-12,30.44,30.49,30.28,30.34,21.47,"299,600"
23-May-12,30.28,30.37,30.16,30.37,21.49,"7,800"
24-May-12,30.39,30.39,30.23,30.33,21.47,"7,300"
25-May-12,30.3,30.37,30.26,30.29,21.44,"15,900"
29-May-12,30.46,30.5,30.37,30.47,21.57,"21,500"
30-May-12,30.38,30.38,30.29,30.32,21.46,"15,900"
31-May-12,30.35,30.37,30.25,30.34,21.47,"11,100"
01-Jun-12,30.1,30.17,30.02,30.02,21.25,"42,000"
04-Jun-12,30.03,30.04,29.95,30.02,21.25,"17,100"
05-Jun-12,29.93,30.13,29.93,30.09,21.3,"12,100"
06-Jun-12,30.19,30.37,30.19,30.33,21.47,"20,700"
07-Jun-12,30.49,30.53,30.34,30.39,21.51,"13,700"
08-Jun-12,30.36,30.45,30.28,30.4,21.52,"22,500"
11-Jun-12,30.43,30.47,30.3,30.3,21.45,"3,700"
12-Jun-12,30.33,30.44,30.26,30.39,21.51,"12,500"
13-Jun-12,30.4,30.48,30.31,30.37,21.49,"15,600"
14-Jun-12,30.35,30.48,30.35,30.48,21.57,"8,600"
15-Jun-12,30.52,30.64,30.52,30.63,21.68,"19,500"
18-Jun-12,30.57,30.66,30.57,30.64,21.69,"3,400"
19-Jun-12,30.77,30.88,30.76,30.84,21.83,"38,200"
20-Jun-12,30.84,30.84,30.75,30.81,21.81,"16,600"
21-Jun-12,30.78,30.78,30.5,30.5,21.59,"4,200"
22-Jun-12,30.53,30.6,30.53,30.6,21.66,"7,700"
25-Jun-12,30.4,30.42,30.34,30.42,21.53,"9,800"
26-Jun-12,30.2,30.25,30.13,30.21,21.54,"10,200"
27-Jun-12,30.23,30.36,30.23,30.33,21.63,"7,300"
28-Jun-12,30.29,30.32,30.18,30.32,21.62,"17,200"
29-Jun-12,30.6,30.66,30.58,30.61,21.83,"16,400"
02-Jul-12,30.74,30.78,30.67,30.77,21.94,"74,000"
03-Jul-12,30.79,30.9,30.79,30.89,22.03,"7,500"
05-Jul-12,30.81,30.88,30.78,30.81,21.97,"9,100"
06-Jul-12,30.72,30.72,30.63,30.71,21.9,"9,200"
09-Jul-12,30.68,30.69,30.61,30.66,21.86,"18,000"
10-Jul-12,30.75,30.75,30.59,30.59,21.81,"28,200"
11-Jul-12,30.63,30.63,30.55,30.63,21.84,"8,600"
12-Jul-12,30.53,30.57,30.42,30.56,21.79,"15,900"
13-Jul-12,30.62,30.76,30.62,30.74,21.92,"15,700"
16-Jul-12,30.74,30.78,30.68,30.71,21.9,"26,000"
17-Jul-12,30.72,30.79,30.64,30.79,21.96,"8,000"
18-Jul-12,30.74,30.92,30.74,30.88,22.02,"9,200"
19-Jul-12,30.91,31.0,30.91,30.93,22.06,"11,200"
20-Jul-12,30.85,30.88,30.79,30.83,21.98,"34,100"
23-Jul-12,30.6,30.69,30.52,30.63,21.84,"84,500"
24-Jul-12,30.59,30.59,30.49,30.51,21.76,"3,000"
25-Jul-12,30.55,30.6,30.51,30.53,21.77,"13,700"
26-Jul-12,30.8,30.82,30.7,30.81,21.97,"21,200"
27-Jul-12,30.82,31.05,30.82,31.02,22.12,"55,800"
30-Jul-12,30.99,31.03,30.98,31.01,22.11,"25,800"
31-Jul-12,31.0,31.06,30.97,30.98,22.09,"17,300"
01-Aug-12,31.03,31.04,30.86,30.98,22.09,"28,300"
02-Aug-12,30.9,30.92,30.72,30.79,21.96,"61,900"
03-Aug-12,30.96,31.1,30.96,31.08,22.16,"6,800"
06-Aug-12,31.1,31.23,31.1,31.22,22.26,"11,800"
07-Aug-12,31.2,31.26,31.17,31.17,22.23,"33,700"
08-Aug-12,31.08,31.21,31.08,31.16,22.22,"18,800"
09-Aug-12,31.18,31.23,31.14,31.21,22.25,"14,600"
10-Aug-12,31.17,31.23,31.07,31.23,22.27,"4,200"
13-Aug-12,31.18,31.21,31.13,31.17,22.23,"8,500"
14-Aug-12,31.24,31.24,31.16,31.17,22.23,"81,100"
15-Aug-12,31.13,31.19,31.1,31.14,22.2,"26,900"
16-Aug-12,31.17,31.23,31.17,31.23,22.27,"5,600"
17-Aug-12,31.27,31.27,31.21,31.24,22.28,"18,800"
20-Aug-12,31.19,31.26,31.19,31.23,22.27,"77,300"
21-Aug-12,31.26,31.35,31.21,31.26,22.29,"27,100"
22-Aug-12,31.2,31.31,31.19,31.28,22.3,"16,700"
23-Aug-12,31.31,31.31,31.2,31.21,22.25,"129,400"
24-Aug-12,31.18,31.29,31.17,31.26,22.29,"44,400"
27-Aug-12,31.34,31.35,31.27,31.32,22.33,"14,900"
28-Aug-12,31.29,31.34,31.27,31.31,22.33,"39,900"
29-Aug-12,31.32,31.34,31.23,31.27,22.3,"9,200"
30-Aug-12,31.18,31.23,31.16,31.17,22.23,"6,700"
31-Aug-12,31.23,31.34,31.21,31.31,22.33,"54,700"
04-Sep-12,31.22,31.32,31.17,31.28,22.3,"13,700"
05-Sep-12,31.29,31.29,31.22,31.23,22.27,"15,300"
06-Sep-12,31.33,31.51,31.33,31.47,22.44,"34,500"
07-Sep-12,31.63,31.66,31.58,31.6,22.53,"13,100"
10-Sep-12,31.57,31.64,31.56,31.56,22.5,"18,400"
11-Sep-12,31.58,31.64,31.58,31.6,22.53,"58,300"
12-Sep-12,31.66,31.66,31.6,31.61,22.54,"16,000"
13-Sep-12,31.67,31.91,31.62,31.9,22.75,"106,700"
14-Sep-12,31.98,32.04,31.93,31.96,22.79,"26,500"
17-Sep-12,31.96,31.97,31.88,31.91,22.75,"14,900"
18-Sep-12,31.86,31.92,31.8,31.89,22.74,"11,900"
19-Sep-12,31.96,31.96,31.86,31.94,22.78,"21,600"
20-Sep-12,31.85,31.86,31.8,31.83,22.7,"20,800"
21-Sep-12,31.95,31.96,31.85,31.88,22.73,"45,200"
24-Sep-12,31.82,31.89,31.78,31.89,22.74,"8,600"
25-Sep-12,31.91,31.91,31.72,31.76,22.65,"18,600"
26-Sep-12,31.5,31.54,31.48,31.5,22.55,"20,000"
27-Sep-12,31.55,31.69,31.55,31.67,22.67,"10,200"
28-Sep-12,31.61,31.61,31.55,31.58,22.6,"19,000"
01-Oct-12,31.65,31.73,31.57,31.62,22.63,"20,500"
02-Oct-12,31.64,31.67,31.61,31.66,22.66,"9,600"
03-Oct-12,31.68,31.72,31.62,31.64,22.65,"35,100"
04-Oct-12,31.7,31.82,31.65,31.82,22.78,"59,000"
05-Oct-12,31.86,31.89,31.74,31.77,22.74,"22,400"
08-Oct-12,31.67,31.73,31.65,31.73,22.71,"46,600"
09-Oct-12,31.69,31.69,31.53,31.53,22.57,"17,600"
10-Oct-12,31.53,31.54,31.46,31.48,22.53,"13,000"
11-Oct-12,31.56,31.58,31.52,31.52,22.56,"18,100"
12-Oct-12,31.58,31.6,31.48,31.49,22.54,"61,200"
15-Oct-12,31.53,31.62,31.5,31.62,22.63,"22,500"
16-Oct-12,31.74,31.78,31.7,31.76,22.73,"17,000"
17-Oct-12,31.78,31.84,31.76,31.81,22.77,"19,900"
18-Oct-12,31.79,31.81,31.74,31.78,22.75,"41,600"
19-Oct-12,31.69,31.71,31.54,31.58,22.6,"17,800"
22-Oct-12,31.6,31.6,31.5,31.6,22.62,"15,900"
23-Oct-12,31.39,31.45,31.33,31.42,22.49,"12,500"
24-Oct-12,31.48,31.49,31.35,31.35,22.44,"23,800"
25-Oct-12,31.43,31.48,31.34,31.41,22.48,"10,200"
26-Oct-12,31.44,31.45,31.32,31.39,22.47,"6,800"
31-Oct-12,31.45,31.51,31.4,31.44,22.5,"44,100"
01-Nov-12,31.52,31.62,31.52,31.57,22.6,"33,600"
02-Nov-12,31.61,31.61,31.47,31.5,22.55,"14,000"
05-Nov-12,31.42,31.54,31.42,31.54,22.58,"34,000"
06-Nov-12,31.58,31.65,31.58,31.61,22.63,"11,400"
07-Nov-12,31.55,31.55,31.31,31.37,22.45,"25,600"
08-Nov-12,31.32,31.38,31.27,31.27,22.38,"12,800"
09-Nov-12,31.2,31.34,31.2,31.3,22.4,"15,700"
12-Nov-12,31.29,31.29,31.23,31.26,22.37,"10,100"
13-Nov-12,31.19,31.3,31.19,31.2,22.33,"17,100"
14-Nov-12,31.23,31.23,31.02,31.02,22.2,"8,300"
15-Nov-12,31.04,31.05,30.95,31.02,22.2,"13,300"
16-Nov-12,31.02,31.08,30.95,31.07,22.24,"27,000"
19-Nov-12,31.16,31.3,31.16,31.3,22.4,"103,800"
20-Nov-12,31.29,31.34,31.24,31.29,22.4,"36,800"
21-Nov-12,31.32,31.35,31.29,31.34,22.43,"4,100"
23-Nov-12,31.34,31.52,31.34,31.52,22.56,"5,300"
26-Nov-12,31.5,31.53,31.47,31.53,22.57,"5,800"
27-Nov-12,31.53,31.55,31.46,31.49,22.54,"25,500"
28-Nov-12,31.33,31.58,31.33,31.58,22.6,"52,400"
29-Nov-12,31.57,31.68,31.57,31.68,22.68,"23,500"
30-Nov-12,31.66,31.71,31.63,31.71,22.7,"27,900"
03-Dec-12,31.76,31.76,31.63,31.68,22.68,"61,200"
04-Dec-12,31.66,31.7,31.63,31.64,22.65,"12,900"
05-Dec-12,31.68,31.76,31.65,31.72,22.7,"9,500"
06-Dec-12,31.69,31.78,31.69,31.78,22.75,"14,400"
07-Dec-12,31.8,31.8,31.72,31.79,22.75,"11,100"
10-Dec-12,31.79,31.82,31.78,31.79,22.75,"11,300"
11-Dec-12,31.87,31.91,31.85,31.85,22.8,"14,800"
12-Dec-12,31.95,31.95,31.85,31.87,22.81,"12,900"
13-Dec-12,31.88,31.88,31.72,31.77,22.74,"50,800"
14-Dec-12,31.78,31.79,31.74,31.75,22.73,"13,600"
17-Dec-12,31.83,31.83,31.77,31.82,22.78,"57,200"
18-Dec-12,31.9,32.06,31.85,32.06,22.95,"76,100"
19-Dec-12,31.99,32.05,31.95,31.98,22.89,"13,400"
20-Dec-12,31.93,32.04,31.93,32.03,22.93,"8,800"
21-Dec-12,31.9,31.95,31.86,31.93,22.85,"17,900"
24-Dec-12,31.88,32.0,31.87,31.92,22.85,"55,900"
26-Dec-12,31.77,31.77,31.57,31.6,22.8,"58,100"
27-Dec-12,31.61,31.62,31.49,31.62,22.81,"7,700"
28-Dec-12,31.63,31.65,31.52,31.52,22.74,"16,300"
31-Dec-12,31.47,31.73,31.47,31.73,22.89,"25,300"
02-Jan-13,31.97,32.11,31.9,32.11,23.17,"361,600"
03-Jan-13,32.0,32.05,31.88,31.96,23.06,"54,700"
04-Jan-13,31.91,32.01,31.91,32.0,23.09,"27,000"
07-Jan-13,31.94,31.97,31.9,31.97,23.07,"34,300"
08-Jan-13,31.98,31.98,31.87,31.92,23.03,"17,100"
09-Jan-13,31.97,31.99,31.96,31.98,23.07,"18,900"
10-Jan-13,32.09,32.09,31.98,32.09,23.15,"25,200"
11-Jan-13,32.06,32.08,32.01,32.05,23.13,"83,200"
14-Jan-13,32.06,32.1,32.03,32.03,23.11,"52,700"
15-Jan-13,32.05,32.1,31.98,32.08,23.15,"25,900"
16-Jan-13,32.08,32.1,32.04,32.09,23.15,"20,000"
17-Jan-13,32.13,32.2,32.11,32.17,23.21,"13,700"
18-Jan-13,32.18,32.22,32.12,32.22,23.25,"465,700"
22-Jan-13,32.15,32.27,32.15,32.22,23.25,"42,800"
23-Jan-13,32.26,32.28,32.21,32.28,23.29,"36,200"
24-Jan-13,32.27,32.33,32.25,32.28,23.29,"74,800"
25-Jan-13,32.34,32.34,32.28,32.3,23.31,"61,500"
28-Jan-13,32.38,32.38,32.22,32.25,23.27,"40,400"
29-Jan-13,32.3,32.35,32.3,32.35,23.34,"27,600"
30-Jan-13,32.38,32.38,32.26,32.26,23.28,"44,600"
31-Jan-13,32.29,32.31,32.25,32.28,23.29,"22,300"
01-Feb-13,32.39,32.42,32.34,32.34,23.33,"28,400"
04-Feb-13,32.25,32.46,32.19,32.24,23.26,"76,900"
05-Feb-13,32.28,32.35,32.24,32.34,23.33,"82,400"
06-Feb-13,32.47,32.47,32.26,32.38,23.36,"31,100"
07-Feb-13,32.39,32.39,32.19,32.24,23.26,"18,300"
08-Feb-13,32.28,32.37,32.23,32.37,23.36,"71,600"
11-Feb-13,32.31,32.35,32.31,32.35,23.34,"24,200"
12-Feb-13,32.34,32.41,32.34,32.39,23.37,"12,000"
13-Feb-13,32.41,32.43,32.36,32.4,23.38,"46,600"
14-Feb-13,32.3,32.42,32.3,32.41,23.38,"38,400"
15-Feb-13,32.42,32.42,32.34,32.39,23.37,"12,300"
19-Feb-13,32.45,32.5,32.42,32.5,23.45,"25,700"
20-Feb-13,32.51,32.51,32.33,32.33,23.33,"36,900"
21-Feb-13,32.28,32.28,32.16,32.2,23.23,"10,300"
22-Feb-13,32.23,32.37,32.23,32.37,23.36,"20,700"
25-Feb-13,32.39,32.42,32.14,32.16,23.2,"13,100"
26-Feb-13,32.22,32.26,32.13,32.18,23.22,"23,500"
27-Feb-13,32.33,32.42,32.23,32.39,23.37,"26,900"
28-Feb-13,32.28,32.45,32.28,32.37,23.36,"24,300"
01-Mar-13,32.35,32.46,32.28,32.46,23.42,"19,700"
04-Mar-13,32.32,32.44,32.32,32.42,23.39,"77,400"
05-Mar-13,32.5,32.6,32.5,32.6,23.52,"30,600"
06-Mar-13,32.64,32.64,32.55,32.59,23.51,"24,700"
07-Mar-13,32.72,32.72,32.57,32.62,23.54,"45,700"
08-Mar-13,32.65,32.65,32.58,32.65,23.56,"15,500"
11-Mar-13,32.59,32.69,32.59,32.67,23.57,"17,200"
12-Mar-13,32.67,32.69,32.6,32.65,23.56,"19,600"
13-Mar-13,32.62,32.68,32.59,32.65,23.56,"25,600"
14-Mar-13,32.72,32.78,32.68,32.78,23.65,"13,900"
15-Mar-13,32.77,32.79,32.73,32.78,23.65,"22,000"
18-Mar-13,32.6,32.76,32.6,32.7,23.59,"33,100"
19-Mar-13,32.74,32.79,32.57,32.68,23.58,"18,000"
20-Mar-13,32.7,32.84,32.7,32.76,23.64,"14,400"
21-Mar-13,32.68,32.72,32.63,32.63,23.54,"13,000"
22-Mar-13,32.66,32.73,32.66,32.69,23.59,"12,000"
25-Mar-13,32.77,32.79,32.61,32.61,23.53,"44,000"
26-Mar-13,32.81,32.81,32.67,32.73,23.62,"18,100"
27-Mar-13,32.68,32.79,32.66,32.73,23.62,"10,400"
28-Mar-13,32.74,32.84,32.73,32.83,23.69,"16,100"
01-Apr-13,32.75,32.8,32.68,32.74,23.62,"30,200"
02-Apr-13,32.65,32.73,32.65,32.68,23.66,"51,400"
03-Apr-13,32.68,32.68,32.55,32.56,23.58,"11,700"
04-Apr-13,32.6,32.66,32.55,32.62,23.62,"9,800"
05-Apr-13,32.52,32.63,32.49,32.63,23.63,"13,500"
08-Apr-13,32.65,32.72,32.61,32.71,23.69,"11,100"
09-Apr-13,32.7,32.79,32.67,32.73,23.7,"14,400"
10-Apr-13,32.76,32.92,32.76,32.88,23.81,"35,400"
11-Apr-13,32.96,33.03,32.93,32.98,23.88,"39,100"
12-Apr-13,32.97,32.97,32.88,32.94,23.85,"101,700"
15-Apr-13,32.84,32.87,32.64,32.64,23.64,"47,400"
16-Apr-13,32.77,32.86,32.72,32.86,23.79,"18,700"
17-Apr-13,32.73,32.73,32.54,32.62,23.62,"22,100"
18-Apr-13,32.62,32.62,32.47,32.49,23.53,"21,800"
19-Apr-13,32.58,32.68,32.58,32.67,23.66,"35,900"
22-Apr-13,32.71,32.75,32.6,32.71,23.69,"16,700"
23-Apr-13,32.85,32.94,32.82,32.88,23.81,"25,400"
24-Apr-13,32.94,32.99,32.91,32.98,23.88,"21,700"
25-Apr-13,33.03,33.09,33.0,33.03,23.92,"20,900"
26-Apr-13,33.06,33.06,33.0,33.05,23.93,"22,100"
29-Apr-13,33.05,33.19,33.05,33.13,23.99,"24,500"
30-Apr-13,33.13,33.23,33.11,33.23,24.06,"11,800"
01-May-13,33.22,33.22,33.07,33.09,23.96,"12,700"
02-May-13,33.1,33.22,33.1,33.22,24.06,"20,900"
03-May-13,33.27,33.36,33.27,33.33,24.13,"59,800"
06-May-13,33.47,33.47,33.28,33.34,24.14,"40,900"
07-May-13,33.37,33.41,33.31,33.4,24.19,"11,900"
08-May-13,33.38,33.48,33.38,33.46,24.23,"23,700"
09-May-13,33.49,33.5,33.35,33.37,24.16,"17,400"
10-May-13,33.37,33.4,33.32,33.37,24.16,"11,900"
13-May-13,33.33,33.43,33.33,33.42,24.2,"28,800"
14-May-13,33.4,33.48,33.31,33.47,24.24,"27,200"
15-May-13,33.46,33.54,33.43,33.54,24.29,"45,500"
16-May-13,33.47,33.57,33.47,33.5,24.26,"18,400"
17-May-13,33.47,33.6,33.47,33.6,24.33,"22,000"
20-May-13,33.6,33.63,33.54,33.6,24.33,"19,200"
21-May-13,33.61,33.68,33.54,33.61,24.34,"30,600"
22-May-13,33.65,33.77,33.39,33.42,24.2,"26,500"
23-May-13,33.18,33.34,33.18,33.3,24.11,"19,900"
24-May-13,33.24,33.28,33.2,33.26,24.08,"6,700"
28-May-13,33.44,33.47,33.25,33.29,24.11,"15,600"
29-May-13,33.19,33.19,33.05,33.13,23.99,"9,700"
30-May-13,33.19,33.26,33.19,33.24,24.07,"15,400"
31-May-13,33.05,33.16,32.91,32.95,23.86,"81,500"
03-Jun-13,32.95,33.03,32.88,33.03,23.92,"11,300"
04-Jun-13,33.0,33.09,32.88,33.09,23.96,"12,800"
05-Jun-13,32.83,32.87,32.7,32.7,23.68,"10,300"
06-Jun-13,32.62,32.84,32.62,32.84,23.78,"36,600"
07-Jun-13,32.89,32.96,32.84,32.9,23.82,"10,700"
10-Jun-13,32.93,32.95,32.86,32.87,23.8,"24,200"
11-Jun-13,32.72,32.83,32.7,32.75,23.71,"50,000"
12-Jun-13,32.87,32.87,32.59,32.63,23.63,"23,400"
13-Jun-13,32.59,32.94,32.59,32.89,23.82,"21,600"
14-Jun-13,32.92,32.94,32.77,32.78,23.74,"24,400"
17-Jun-13,33.0,33.03,32.86,32.97,23.87,"19,600"
18-Jun-13,32.97,33.08,32.97,33.07,23.95,"21,200"
19-Jun-13,33.02,33.11,32.71,32.83,23.77,"74,600"
20-Jun-13,32.46,32.46,32.14,32.19,23.31,"74,200"
21-Jun-13,32.28,32.28,32.03,32.19,23.31,"207,600"
24-Jun-13,31.88,32.0,31.68,31.84,23.06,"595,200"
25-Jun-13,32.01,32.09,31.99,32.09,23.24,"14,700"
26-Jun-13,32.19,32.27,32.16,32.18,23.3,"45,900"
27-Jun-13,32.4,32.49,32.4,32.41,23.47,"25,800"
28-Jun-13,32.39,32.45,32.28,32.38,23.45,"14,700"
01-Jul-13,32.45,32.59,32.45,32.51,23.54,"17,400"
02-Jul-13,32.29,32.39,32.2,32.23,23.5,"19,100"
03-Jul-13,32.37,32.37,32.16,32.31,23.56,"11,900"
05-Jul-13,32.27,32.36,32.15,32.23,23.5,"36,100"
08-Jul-13,32.35,32.41,32.31,32.39,23.62,"22,900"
09-Jul-13,32.58,32.58,32.42,32.52,23.71,"26,500"
10-Jul-13,32.51,32.56,32.44,32.5,23.7,"29,400"
11-Jul-13,32.73,32.85,32.71,32.85,23.96,"68,600"
12-Jul-13,32.86,32.86,32.77,32.82,23.93,"53,000"
15-Jul-13,32.88,32.94,32.86,32.9,23.99,"52,000"
16-Jul-13,32.97,32.97,32.86,32.88,23.98,"65,400"
17-Jul-13,33.11,33.11,32.97,33.01,24.07,"18,200"
18-Jul-13,33.04,33.09,33.0,33.08,24.12,"9,600"
19-Jul-13,33.01,33.1,33.01,33.1,24.14,"11,300"
22-Jul-13,33.1,33.19,33.1,33.19,24.2,"16,500"
23-Jul-13,33.2,33.26,33.08,33.08,24.12,"34,000"
24-Jul-13,33.19,33.19,32.98,33.0,24.06,"30,900"
25-Jul-13,32.97,33.08,32.91,33.08,24.12,"18,500"
26-Jul-13,32.99,33.03,32.9,33.02,24.08,"5,000"
29-Jul-13,32.94,33.0,32.9,32.95,24.03,"41,300"
30-Jul-13,33.02,33.02,32.9,32.97,24.04,"21,500"
31-Jul-13,33.0,33.07,32.9,33.01,24.07,"99,200"
01-Aug-13,33.15,33.16,33.03,33.14,24.17,"35,300"
02-Aug-13,33.09,33.19,33.09,33.18,24.2,"20,100"
05-Aug-13,33.19,33.21,33.12,33.15,24.17,"25,600"
06-Aug-13,33.19,33.19,33.03,33.12,24.15,"44,200"
07-Aug-13,33.01,33.07,32.98,33.06,24.11,"42,500"
08-Aug-13,33.15,33.17,33.05,33.16,24.18,"49,800"
09-Aug-13,33.14,33.18,33.08,33.16,24.18,"56,100"
12-Aug-13,33.04,33.16,33.04,33.09,24.13,"14,300"
13-Aug-13,33.13,33.16,33.03,33.12,24.15,"25,000"
14-Aug-13,33.12,33.12,33.03,33.06,24.11,"20,000"
15-Aug-13,32.82,32.84,32.73,32.81,23.93,"118,900"
16-Aug-13,32.82,32.82,32.68,32.69,23.84,"50,800"
19-Aug-13,32.67,32.68,32.55,32.58,23.76,"5,500"
20-Aug-13,32.58,32.73,32.58,32.7,23.85,"12,000"
21-Aug-13,32.57,32.64,32.52,32.52,23.71,"12,400"
22-Aug-13,32.59,32.69,32.59,32.68,23.83,"9,700"
23-Aug-13,32.68,32.82,32.65,32.82,23.93,"19,200"
26-Aug-13,32.83,32.83,32.72,32.77,23.9,"14,000"
27-Aug-13,32.59,32.62,32.5,32.5,23.7,"12,800"
28-Aug-13,32.5,32.59,32.47,32.51,23.71,"17,100"
29-Aug-13,32.51,32.64,32.51,32.55,23.74,"20,700"
30-Aug-13,32.65,32.65,32.46,32.48,23.69,"11,600"
03-Sep-13,32.67,32.73,32.48,32.54,23.73,"6,900"
04-Sep-13,32.43,32.67,32.43,32.66,23.82,"19,500"
05-Sep-13,32.58,32.62,32.56,32.59,23.77,"41,400"
06-Sep-13,32.6,32.73,32.59,32.64,23.8,"43,600"
09-Sep-13,32.79,32.87,32.77,32.87,23.97,"27,700"
10-Sep-13,32.95,33.0,32.94,32.97,24.04,"45,100"
11-Sep-13,33.01,33.08,32.94,33.05,24.1,"25,500"
12-Sep-13,33.09,33.1,33.01,33.02,24.08,"14,400"
13-Sep-13,33.05,33.09,33.0,33.08,24.12,"36,400"
16-Sep-13,33.4,33.4,33.15,33.16,24.18,"87,600"
17-Sep-13,33.26,33.29,33.21,33.29,24.28,"32,800"
18-Sep-13,33.27,33.7,32.98,33.62,24.52,"37,100"
19-Sep-13,33.71,33.71,33.55,33.6,24.5,"23,100"
20-Sep-13,33.59,33.6,33.47,33.49,24.42,"43,400"
23-Sep-13,33.5,33.5,33.39,33.42,24.37,"21,600"
24-Sep-13,33.42,33.52,33.41,33.41,24.36,"11,000"
25-Sep-13,33.46,33.48,33.41,33.44,24.39,"97,200"
26-Sep-13,33.41,33.49,33.41,33.49,24.42,"11,400"
27-Sep-13,33.41,33.45,33.4,33.44,24.39,"18,000"
30-Sep-13,33.27,33.38,33.27,33.34,24.31,"13,900"
01-Oct-13,33.36,33.49,33.35,33.46,24.4,"20,400"
02-Oct-13,33.29,33.34,33.2,33.34,24.41,"15,800"
03-Oct-13,33.32,33.32,33.17,33.24,24.33,"10,900"
04-Oct-13,33.21,33.31,33.21,33.31,24.38,"24,100"
07-Oct-13,33.18,33.25,33.17,33.17,24.28,"13,400"
08-Oct-13,33.18,33.18,32.96,33.0,24.16,"25,000"
09-Oct-13,33.0,33.06,32.93,33.02,24.17,"25,900"
10-Oct-13,33.12,33.33,33.12,33.28,24.36,"33,300"
11-Oct-13,33.31,33.45,33.31,33.45,24.49,"16,000"
14-Oct-13,33.31,33.49,33.31,33.49,24.52,"21,100"
15-Oct-13,33.39,33.46,33.34,33.34,24.41,"27,600"
16-Oct-13,33.45,33.6,33.45,33.6,24.6,"19,500"
17-Oct-13,33.63,33.78,33.63,33.78,24.73,"30,800"
18-Oct-13,33.81,33.91,33.78,33.9,24.82,"23,700"
21-Oct-13,33.91,33.92,33.84,33.89,24.81,"23,500"
22-Oct-13,33.95,34.08,33.95,34.05,24.93,"13,200"
23-Oct-13,33.92,33.97,33.91,33.92,24.83,"18,700"
24-Oct-13,33.94,34.02,33.94,34.01,24.9,"14,600"
25-Oct-13,34.02,34.04,33.96,34.01,24.9,"38,900"
28-Oct-13,33.99,34.08,33.97,34.04,24.92,"42,000"
29-Oct-13,34.07,34.1,34.03,34.08,24.95,"21,300"
30-Oct-13,34.21,34.21,33.97,34.02,24.9,"53,800"
31-Oct-13,34.03,34.03,33.91,33.97,24.87,"9,000"
01-Nov-13,33.94,33.96,33.8,33.87,24.79,"42,300"
04-Nov-13,34.0,34.0,33.89,33.98,24.88,"36,200"
05-Nov-13,33.89,33.91,33.82,33.88,24.8,"29,900"
06-Nov-13,33.95,34.01,33.93,33.98,24.88,"29,100"
07-Nov-13,33.96,33.96,33.74,33.78,24.73,"23,600"
08-Nov-13,33.68,33.84,33.68,33.84,24.77,"33,600"
11-Nov-13,33.8,33.86,33.79,33.85,24.78,"52,300"
12-Nov-13,33.83,33.83,33.73,33.82,24.76,"28,900"
13-Nov-13,33.75,33.94,33.75,33.9,24.82,"23,800"
14-Nov-13,33.91,34.07,33.91,34.03,24.91,"33,200"
15-Nov-13,34.13,34.18,34.09,34.18,25.02,"63,400"
18-Nov-13,34.24,34.24,34.1,34.15,25.0,"36,100"
19-Nov-13,34.12,34.13,34.0,34.02,24.9,"76,800"
20-Nov-13,34.06,34.1,33.9,33.95,24.85,"23,300"
21-Nov-13,33.95,34.1,33.95,34.1,24.96,"24,500"
22-Nov-13,34.1,34.18,34.07,34.14,24.99,"44,400"
25-Nov-13,34.16,34.2,34.14,34.17,25.01,"17,700"
26-Nov-13,34.11,34.21,34.11,34.17,25.01,"16,300"
27-Nov-13,34.17,34.22,34.15,34.22,25.05,"40,100"
29-Nov-13,34.26,34.28,34.21,34.23,25.06,"15,100"
02-Dec-13,34.17,34.18,34.08,34.09,24.96,"28,500"
03-Dec-13,34.07,34.09,33.97,34.04,24.92,"22,700"
04-Dec-13,33.9,34.01,33.86,33.92,24.83,"45,800"
05-Dec-13,33.84,33.94,33.84,33.9,24.82,"74,600"
06-Dec-13,34.05,34.08,34.0,34.08,24.95,"45,000"
09-Dec-13,34.12,34.13,34.08,34.11,24.97,"44,800"
10-Dec-13,34.21,34.21,34.05,34.09,24.96,"35,100"
11-Dec-13,34.1,34.1,33.84,33.84,24.77,"72,100"
12-Dec-13,33.85,33.85,33.75,33.75,24.71,"113,600"
13-Dec-13,33.79,33.84,33.74,33.82,24.76,"86,400"
16-Dec-13,33.92,33.97,33.9,33.93,24.84,"30,200"
17-Dec-13,33.88,33.93,33.83,33.91,24.82,"72,700"
18-Dec-13,33.91,34.13,33.86,34.13,24.99,"40,800"
19-Dec-13,34.07,34.08,34.0,34.05,24.93,"83,800"
20-Dec-13,34.13,34.21,34.09,34.21,25.04,"101,700"
23-Dec-13,34.23,34.34,34.23,34.31,25.12,"37,000"
24-Dec-13,34.32,34.34,34.25,34.34,25.14,"23,000"
26-Dec-13,34.41,34.41,34.34,34.39,25.18,"32,200"
27-Dec-13,34.29,34.35,34.21,34.22,25.17,"45,400"
30-Dec-13,34.29,34.3,34.23,34.3,25.23,"70,700"
31-Dec-13,34.34,34.36,34.28,34.31,25.24,"40,200"
02-Jan-14,34.25,34.25,34.08,34.16,25.13,"73,700"
03-Jan-14,34.19,34.2,34.12,34.17,25.14,"110,100"
06-Jan-14,34.23,34.23,34.09,34.11,25.09,"101,700"
07-Jan-14,34.22,34.26,34.2,34.2,25.16,"26,000"
08-Jan-14,34.24,34.25,34.16,34.23,25.18,"86,000"
09-Jan-14,34.22,34.25,34.14,34.24,25.19,"96,700"
10-Jan-14,34.29,34.38,34.26,34.38,25.29,"56,400"
13-Jan-14,34.4,34.4,34.15,34.17,25.14,"168,200"
14-Jan-14,34.28,34.35,34.21,34.31,25.24,"46,500"
15-Jan-14,34.55,34.55,34.35,34.42,25.32,"29,500"
16-Jan-14,34.42,34.42,34.36,34.39,25.3,"52,100"
17-Jan-14,34.37,34.42,34.33,34.35,25.27,"39,800"
21-Jan-14,34.46,34.48,34.32,34.41,25.31,"127,800"
22-Jan-14,34.47,34.47,34.4,34.4,25.3,"46,400"
23-Jan-14,34.4,34.4,34.25,34.32,25.25,"38,900"
24-Jan-14,34.22,34.22,33.97,33.97,24.99,"50,000"
27-Jan-14,34.01,34.01,33.78,33.83,24.89,"42,900"
28-Jan-14,33.84,34.0,33.84,34.0,25.01,"28,800"
29-Jan-14,33.87,33.94,33.81,33.82,24.88,"58,100"
30-Jan-14,33.95,34.02,33.9,34.0,25.01,"30,700"
31-Jan-14,33.71,33.97,33.71,33.87,24.92,"41,000"
03-Feb-14,33.79,33.82,33.5,33.54,24.67,"44,600"
04-Feb-14,33.65,33.67,33.56,33.63,24.74,"34,000"
05-Feb-14,33.61,33.64,33.53,33.62,24.73,"13,200"
06-Feb-14,33.78,33.85,33.77,33.85,24.9,"18,300"
07-Feb-14,33.96,34.05,33.91,34.0,25.01,"22,800"
10-Feb-14,34.05,34.05,33.96,34.05,25.05,"24,400"
11-Feb-14,34.09,34.26,34.07,34.23,25.18,"25,000"
12-Feb-14,34.27,34.29,34.18,34.23,25.18,"41,800"
13-Feb-14,34.15,34.35,34.15,34.34,25.26,"26,200"
14-Feb-14,34.35,34.44,34.33,34.43,25.33,"25,500"
18-Feb-14,34.48,34.51,34.43,34.51,25.39,"74,800"
19-Feb-14,34.41,34.53,34.34,34.39,25.3,"24,700"
20-Feb-14,34.39,34.46,34.31,34.42,25.32,"39,700"
21-Feb-14,34.51,34.53,34.44,34.44,25.33,"23,800"
24-Feb-14,34.48,34.67,34.48,34.55,25.42,"39,200"
25-Feb-14,34.54,34.64,34.53,34.54,25.41,"47,000"
26-Feb-14,34.62,34.63,34.54,34.58,25.44,"50,600"
27-Feb-14,34.55,34.71,34.55,34.71,25.53,"20,500"
28-Feb-14,34.73,34.8,34.69,34.69,25.52,"84,600"
03-Mar-14,34.61,34.61,34.5,34.56,25.42,"24,800"
04-Mar-14,34.75,34.84,34.75,34.83,25.62,"40,700"
05-Mar-14,34.73,34.81,34.73,34.73,25.55,"40,500"
06-Mar-14,34.85,34.92,34.84,34.87,25.65,"30,800"
07-Mar-14,34.89,34.89,34.7,34.89,25.67,"115,200"
10-Mar-14,34.76,34.76,34.63,34.74,25.55,"27,200"
11-Mar-14,34.74,34.78,34.56,34.56,25.42,"43,200"
12-Mar-14,34.56,34.64,34.52,34.62,25.47,"31,300"
13-Mar-14,34.6,34.69,34.42,34.42,25.32,"93,000"
14-Mar-14,34.43,34.51,34.4,34.44,25.33,"58,400"
17-Mar-14,34.57,34.61,34.45,34.59,25.44,"28,300"
18-Mar-14,34.53,34.75,34.53,34.75,25.56,"22,600"
19-Mar-14,34.74,34.74,34.41,34.52,25.39,"26,900"
20-Mar-14,34.45,34.56,34.42,34.5,25.38,"33,400"
21-Mar-14,34.64,34.68,34.51,34.54,25.41,"23,400"
24-Mar-14,34.64,34.64,34.42,34.54,25.41,"39,400"
25-Mar-14,34.66,34.66,34.55,34.63,25.47,"34,600"
26-Mar-14,34.75,34.75,34.53,34.53,25.4,"18,500"
27-Mar-14,34.58,34.61,34.51,34.55,25.42,"19,000"
28-Mar-14,34.69,34.76,34.62,34.67,25.5,"31,000"
31-Mar-14,34.71,34.84,34.71,34.82,25.61,"24,900"
01-Apr-14,34.89,34.93,34.84,34.93,25.69,"45,000"
02-Apr-14,34.88,34.88,34.77,34.83,25.71,"13,500"
03-Apr-14,34.83,34.84,34.72,34.8,25.69,"23,000"
04-Apr-14,34.93,34.93,34.68,34.7,25.62,"26,100"
07-Apr-14,34.68,34.7,34.54,34.58,25.53,"34,700"
08-Apr-14,34.6,34.68,34.53,34.61,25.55,"55,900"
09-Apr-14,34.66,34.82,34.64,34.82,25.7,"23,700"
10-Apr-14,34.76,34.81,34.5,34.53,25.49,"141,100"
11-Apr-14,34.49,34.53,34.38,34.38,25.38,"35,800"
14-Apr-14,34.55,34.55,34.37,34.51,25.47,"53,400"
15-Apr-14,34.46,34.56,34.32,34.54,25.5,"27,800"
16-Apr-14,34.58,34.72,34.58,34.72,25.63,"39,000"
17-Apr-14,34.73,34.77,34.68,34.75,25.65,"32,800"
21-Apr-14,34.79,34.79,34.69,34.77,25.67,"20,100"
22-Apr-14,34.75,34.86,34.75,34.85,25.73,"18,900"
23-Apr-14,34.85,34.85,34.77,34.81,25.7,"21,900"
24-Apr-14,34.95,34.95,34.75,34.82,25.7,"41,100"
25-Apr-14,34.79,34.79,34.65,34.72,25.63,"24,400"
28-Apr-14,34.86,34.86,34.58,34.73,25.64,"30,000"
29-Apr-14,34.8,34.82,34.78,34.81,25.7,"20,000"
30-Apr-14,34.7,34.88,34.7,34.88,25.75,"11,800"
01-May-14,34.91,34.95,34.85,34.92,25.78,"22,500"
02-May-14,34.91,34.97,34.89,34.94,25.79,"8,500"
05-May-14,34.87,34.93,34.78,34.93,25.78,"27,100"
06-May-14,34.89,34.91,34.8,34.8,25.69,"25,300"
07-May-14,34.83,34.91,34.73,34.91,25.77,"10,300"
08-May-14,34.95,35.0,34.85,34.89,25.76,"47,000"
09-May-14,34.9,34.9,34.82,34.9,25.76,"16,100"
12-May-14,35.0,35.07,34.98,35.04,25.87,"48,700"
13-May-14,35.09,35.11,35.05,35.09,25.9,"21,700"
14-May-14,35.13,35.13,35.0,35.05,25.87,"23,900"
15-May-14,35.06,35.06,34.86,34.96,25.81,"35,300"
16-May-14,34.91,35.03,34.91,35.03,25.86,"43,200"
19-May-14,35.01,35.06,34.99,35.05,25.87,"30,700"
20-May-14,35.05,35.05,34.87,34.94,25.79,"16,800"
21-May-14,35.02,35.04,34.95,35.04,25.87,"19,100"
22-May-14,35.09,35.13,35.05,35.13,25.93,"70,200"
23-May-14,35.2,35.2,35.08,35.15,25.95,"71,400"
27-May-14,35.27,35.31,35.22,35.31,26.07,"37,400"
28-May-14,35.31,35.32,35.23,35.29,26.05,"28,400"
29-May-14,35.43,35.43,35.3,35.32,26.07,"53,800"
30-May-14,35.35,35.36,35.29,35.36,26.1,"62,300"
02-Jun-14,35.41,35.41,35.29,35.33,26.08,"22,700"
03-Jun-14,35.31,35.31,35.26,35.29,26.05,"20,800"
04-Jun-14,35.28,35.32,35.19,35.32,26.07,"17,900"
05-Jun-14,35.31,35.48,35.31,35.47,26.18,"17,400"
06-Jun-14,35.48,35.58,35.48,35.56,26.25,"25,900"
09-Jun-14,35.57,35.61,35.51,35.58,26.26,"20,700"
10-Jun-14,35.55,35.56,35.5,35.52,26.22,"27,900"
11-Jun-14,35.52,35.52,35.42,35.46,26.18,"48,300"
12-Jun-14,35.45,35.6,35.41,35.41,26.14,"43,800"
13-Jun-14,35.38,35.46,35.38,35.44,26.16,"28,000"
16-Jun-14,35.58,35.58,35.39,35.47,26.18,"46,300"
17-Jun-14,35.39,35.48,35.39,35.46,26.18,"26,300"
18-Jun-14,35.53,35.7,35.42,35.7,26.35,"30,700"
19-Jun-14,35.86,35.86,35.6,35.67,26.33,"22,900"
20-Jun-14,35.88,35.88,35.65,35.68,26.34,"16,800"
23-Jun-14,35.72,35.72,35.63,35.67,26.33,"33,000"
24-Jun-14,35.69,35.73,35.56,35.6,26.28,"66,300"
25-Jun-14,35.6,35.65,35.58,35.63,26.3,"31,300"
26-Jun-14,35.63,35.67,35.56,35.67,26.33,"16,700"
27-Jun-14,35.65,35.72,35.63,35.72,26.37,"26,000"
30-Jun-14,35.73,35.75,35.68,35.72,26.37,"11,800"
01-Jul-14,35.73,35.89,35.72,35.85,26.46,"21,000"
02-Jul-14,35.59,35.67,35.51,35.56,26.45,"25,600"
03-Jul-14,35.58,35.61,35.52,35.61,26.49,"19,800"
07-Jul-14,35.61,35.61,35.47,35.49,26.4,"24,700"
08-Jul-14,35.51,35.51,35.36,35.41,26.34,"29,700"
09-Jul-14,35.44,35.48,35.37,35.47,26.38,"55,000"
10-Jul-14,35.3,35.37,35.25,35.35,26.29,"27,000"
11-Jul-14,35.26,35.38,35.26,35.37,26.31,"22,000"
14-Jul-14,35.53,35.53,35.43,35.46,26.38,"18,700"
15-Jul-14,35.49,35.5,35.34,35.4,26.33,"39,000"
16-Jul-14,35.53,35.53,35.41,35.46,26.38,"31,000"
17-Jul-14,35.43,35.43,35.24,35.25,26.22,"35,900"
18-Jul-14,35.23,35.46,35.23,35.46,26.38,"71,300"
21-Jul-14,35.32,35.41,35.31,35.35,26.29,"182,500"
22-Jul-14,35.77,35.77,35.48,35.5,26.41,"46,800"
23-Jul-14,35.46,35.55,35.46,35.51,26.41,"38,000"
24-Jul-14,35.65,35.65,35.5,35.51,26.41,"33,700"
25-Jul-14,35.44,35.49,35.43,35.47,26.38,"28,400"
28-Jul-14,35.47,35.47,35.35,35.46,26.38,"79,100"
29-Jul-14,35.53,35.53,35.42,35.42,26.35,"38,100"
30-Jul-14,35.48,35.48,35.31,35.33,26.28,"33,600"
31-Jul-14,35.18,35.19,34.98,34.98,26.02,"53,600"
01-Aug-14,35.02,35.05,34.91,34.96,26.0,"31,000"
04-Aug-14,35.1,35.15,34.98,35.13,26.13,"24,400"
05-Aug-14,35.01,35.05,34.91,34.92,25.97,"38,800"
06-Aug-14,34.8,35.0,34.8,34.95,26.0,"31,200"
07-Aug-14,35.17,35.17,34.83,34.83,25.91,"38,400"
08-Aug-14,34.86,35.05,34.86,35.05,26.07,"11,300"
11-Aug-14,35.05,35.18,35.05,35.15,26.15,"58,400"
12-Aug-14,35.12,35.14,35.06,35.06,26.08,"20,600"
13-Aug-14,35.17,35.24,35.16,35.19,26.18,"27,100"
14-Aug-14,35.32,35.32,35.26,35.32,26.27,"28,600"
15-Aug-14,35.34,35.4,35.24,35.3,26.26,"21,500"
18-Aug-14,35.36,35.45,35.34,35.41,26.34,"26,300"
19-Aug-14,35.53,35.53,35.47,35.52,26.42,"31,400"
20-Aug-14,35.46,35.51,35.44,35.5,26.41,"18,200"
21-Aug-14,35.54,35.57,35.48,35.54,26.44,"27,700"
22-Aug-14,35.5,35.53,35.43,35.46,26.38,"32,400"
25-Aug-14,35.54,35.6,35.53,35.58,26.47,"43,000"
26-Aug-14,35.65,35.66,35.61,35.61,26.49,"30,900"
27-Aug-14,35.68,35.68,35.62,35.63,26.5,"19,700"
28-Aug-14,35.62,35.62,35.58,35.62,26.5,"8,100"
29-Aug-14,35.7,35.7,35.57,35.65,26.52,"18,200"
02-Sep-14,35.75,35.75,35.57,35.64,26.51,"27,800"
03-Sep-14,35.76,35.76,35.65,35.66,26.52,"40,700"
04-Sep-14,35.72,35.73,35.54,35.54,26.44,"37,400"
05-Sep-14,35.62,35.66,35.56,35.66,26.52,"16,800"
08-Sep-14,35.65,35.65,35.52,35.57,26.46,"62,800"
09-Sep-14,35.6,35.6,35.38,35.4,26.33,"30,800"
10-Sep-14,35.43,35.44,35.34,35.42,26.35,"23,200"
11-Sep-14,35.35,35.43,35.35,35.43,26.35,"42,100"
12-Sep-14,35.47,35.47,35.23,35.29,26.25,"40,300"
15-Sep-14,35.32,35.32,35.2,35.24,26.21,"58,700"
16-Sep-14,35.24,35.39,35.21,35.35,26.29,"43,100"
17-Sep-14,35.4,35.41,35.25,35.25,26.22,"39,600"
18-Sep-14,35.57,35.57,35.34,35.38,26.32,"28,600"
19-Sep-14,35.47,35.47,35.33,35.35,26.29,"70,600"
22-Sep-14,35.35,35.35,35.17,35.17,26.16,"75,200"
23-Sep-14,35.17,35.19,35.08,35.1,26.11,"24,100"
24-Sep-14,35.15,35.2,35.07,35.16,26.15,"20,300"
25-Sep-14,35.16,35.16,34.91,34.94,25.99,"297,400"
26-Sep-14,34.95,35.08,34.94,35.05,26.07,"48,000"
29-Sep-14,34.9,34.99,34.84,34.93,25.98,"64,800"
30-Sep-14,34.98,35.01,34.89,34.92,25.97,"51,300"
01-Oct-14,34.98,34.98,34.7,34.75,25.85,"57,700"
02-Oct-14,34.62,34.63,34.44,34.6,25.83,"23,900"
03-Oct-14,34.67,34.74,34.62,34.71,25.92,"34,100"
06-Oct-14,34.83,34.83,34.68,34.75,25.95,"19,700"
07-Oct-14,34.7,34.7,34.51,34.51,25.77,"38,000"
08-Oct-14,34.5,34.85,34.45,34.8,25.98,"67,000"
09-Oct-14,34.72,34.77,34.46,34.46,25.73,"40,700"
10-Oct-14,34.39,34.48,34.23,34.25,25.57,"37,100"
13-Oct-14,34.3,34.38,34.15,34.15,25.5,"33,600"
14-Oct-14,34.28,34.37,34.2,34.22,25.55,"44,500"
15-Oct-14,34.15,34.2,33.88,34.15,25.5,"143,000"
16-Oct-14,33.83,34.21,33.83,34.16,25.51,"31,500"
17-Oct-14,34.4,34.42,34.26,34.35,25.65,"64,000"
20-Oct-14,34.38,34.51,34.36,34.51,25.77,"21,300"
21-Oct-14,34.6,34.76,34.6,34.76,25.95,"29,800"
22-Oct-14,34.71,34.79,34.61,34.61,25.84,"40,600"
23-Oct-14,34.71,34.83,34.71,34.76,25.95,"66,800"
24-Oct-14,34.82,34.86,34.72,34.85,26.02,"58,900"
27-Oct-14,34.85,34.85,34.7,34.81,25.99,"51,200"
28-Oct-14,34.89,35.04,34.86,35.04,26.16,"61,100"
29-Oct-14,35.02,35.1,34.88,34.97,26.11,"57,300"
30-Oct-14,34.89,35.13,34.89,35.06,26.18,"46,600"
31-Oct-14,35.42,35.42,35.24,35.28,26.34,"80,500"
03-Nov-14,35.23,35.31,35.22,35.25,26.32,"66,200"
04-Nov-14,35.24,35.24,35.13,35.17,26.26,"29,200"
05-Nov-14,35.38,35.38,35.16,35.24,26.31,"73,500"
06-Nov-14,35.3,35.3,35.17,35.22,26.3,"36,700"
07-Nov-14,35.24,35.28,35.16,35.28,26.34,"28,500"
10-Nov-14,35.23,35.34,35.23,35.32,26.37,"54,200"
11-Nov-14,35.4,35.4,35.29,35.33,26.38,"86,600"
12-Nov-14,35.3,35.33,35.27,35.32,26.37,"103,000"
13-Nov-14,35.3,35.38,35.24,35.27,26.33,"64,600"
14-Nov-14,35.34,35.34,35.26,35.33,26.38,"25,600"
17-Nov-14,35.31,35.31,35.2,35.27,26.33,"71,100"
18-Nov-14,35.34,35.4,35.32,35.38,26.42,"68,000"
19-Nov-14,35.38,35.38,35.22,35.3,26.36,"50,400"
20-Nov-14,35.17,35.34,35.17,35.29,26.35,"64,900"
21-Nov-14,35.42,35.54,35.41,35.5,26.51,"41,600"
24-Nov-14,35.47,35.57,35.47,35.57,26.56,"43,400"
25-Nov-14,35.63,35.63,35.52,35.59,26.57,"87,200"
26-Nov-14,35.59,35.66,35.59,35.66,26.63,"55,000"
28-Nov-14,35.64,35.64,35.54,35.55,26.54,"16,300"
01-Dec-14,35.49,35.51,35.35,35.38,26.42,"125,700"
02-Dec-14,35.34,35.45,35.34,35.45,26.47,"43,300"
03-Dec-14,35.43,35.53,35.43,35.51,26.51,"109,200"
04-Dec-14,35.43,35.54,35.41,35.51,26.51,"331,400"
05-Dec-14,35.55,35.55,35.45,35.5,26.51,"161,000"
08-Dec-14,35.48,35.48,35.33,35.34,26.39,"108,600"
09-Dec-14,35.24,35.4,35.2,35.4,26.43,"136,600"
10-Dec-14,35.37,35.37,35.11,35.11,26.22,"82,300"
11-Dec-14,35.16,35.28,35.09,35.11,26.22,"109,100"
12-Dec-14,35.08,35.08,34.88,34.88,26.04,"127,500"
15-Dec-14,34.95,35.2,34.62,34.68,25.89,"110,400"
16-Dec-14,34.68,34.92,34.57,34.67,25.89,"165,000"
17-Dec-14,34.78,35.04,34.74,35.01,26.14,"218,500"
18-Dec-14,35.25,35.29,35.13,35.26,26.33,"213,700"
19-Dec-14,35.27,35.44,35.19,35.41,26.44,"108,100"
22-Dec-14,35.36,35.52,35.36,35.52,26.52,"259,300"
23-Dec-14,35.47,35.51,35.41,35.41,26.44,"113,400"
24-Dec-14,35.55,35.55,35.42,35.52,26.52,"142,000"
26-Dec-14,35.34,35.43,35.34,35.36,26.56,"85,800"
29-Dec-14,35.38,35.39,35.31,35.37,26.56,"100,600"
30-Dec-14,35.39,35.39,35.26,35.29,26.5,"194,000"
31-Dec-14,35.3,35.41,35.17,35.17,26.41,"140,500"
02-Jan-15,35.29,35.29,35.02,35.13,26.38,"44,500"
05-Jan-15,35.03,35.03,34.77,34.84,26.17,"191,200"
06-Jan-15,34.83,34.89,34.64,34.65,26.02,"75,300"
07-Jan-15,34.8,34.9,34.79,34.9,26.21,"91,700"
08-Jan-15,35.1,35.15,35.03,35.13,26.38,"67,600"
09-Jan-15,35.11,35.15,35.01,35.09,26.35,"60,600"
12-Jan-15,35.04,35.13,34.93,35.01,26.29,"184,300"
13-Jan-15,35.09,35.24,34.89,35.0,26.29,"78,100"
14-Jan-15,34.99,35.01,34.84,34.96,26.26,"197,800"
15-Jan-15,35.08,35.09,34.93,34.96,26.26,"104,100"
16-Jan-15,34.9,35.13,34.9,35.13,26.38,"221,000"
20-Jan-15,35.19,35.21,35.04,35.16,26.41,"359,500"
21-Jan-15,35.09,35.28,35.09,35.24,26.47,"99,600"
22-Jan-15,35.29,35.48,35.2,35.44,26.62,"266,400"
23-Jan-15,35.39,35.47,35.38,35.38,26.57,"107,100"
26-Jan-15,35.54,35.54,35.37,35.49,26.65,"174,800"
27-Jan-15,35.45,35.47,35.33,35.39,26.58,"93,200"
28-Jan-15,35.54,35.54,35.24,35.26,26.48,"123,200"
29-Jan-15,35.31,35.38,35.17,35.36,26.56,"66,800"
30-Jan-15,35.28,35.33,35.13,35.16,26.41,"42,300"
02-Feb-15,35.36,35.36,35.04,35.25,26.47,"127,400"
03-Feb-15,35.41,35.41,35.18,35.28,26.5,"72,600"
04-Feb-15,35.21,35.36,35.2,35.26,26.48,"54,800"
05-Feb-15,35.37,35.45,35.31,35.45,26.62,"76,200"
06-Feb-15,35.54,35.54,35.12,35.13,26.38,"27,100"
09-Feb-15,35.19,35.2,35.07,35.12,26.38,"57,500"
10-Feb-15,35.16,35.19,35.07,35.15,26.4,"109,700"
11-Feb-15,35.15,35.19,35.08,35.18,26.42,"35,400"
12-Feb-15,35.11,35.35,35.11,35.32,26.53,"80,000"
13-Feb-15,35.46,35.54,35.36,35.36,26.56,"50,300"
17-Feb-15,35.1,35.39,35.1,35.37,26.56,"41,300"
18-Feb-15,35.26,35.49,35.26,35.49,26.65,"99,500"
19-Feb-15,35.37,35.5,35.37,35.5,26.66,"53,800"
20-Feb-15,35.5,35.63,35.42,35.63,26.76,"42,700"
23-Feb-15,35.6,35.66,35.54,35.58,26.72,"146,100"
24-Feb-15,35.5,35.79,35.5,35.73,26.83,"70,100"
25-Feb-15,35.87,35.87,35.69,35.74,26.84,"57,400"
26-Feb-15,35.82,35.83,35.65,35.65,26.77,"64,400"
27-Feb-15,35.78,35.8,35.69,35.72,26.83,"27,800"
02-Mar-15,35.83,35.83,35.6,35.6,26.74,"94,100"
03-Mar-15,35.7,35.71,35.53,35.62,26.75,"46,600"
04-Mar-15,35.63,35.72,35.4,35.55,26.7,"50,000"
05-Mar-15,35.62,35.68,35.51,35.6,26.74,"55,200"
06-Mar-15,35.53,35.58,35.21,35.27,26.49,"35,600"
09-Mar-15,35.31,35.35,35.23,35.34,26.54,"32,300"
10-Mar-15,35.27,35.27,35.03,35.03,26.31,"59,700"
11-Mar-15,35.15,35.2,35.09,35.18,26.42,"30,100"
12-Mar-15,35.15,35.36,35.15,35.31,26.52,"48,000"
13-Mar-15,35.32,35.32,35.15,35.23,26.46,"47,300"
16-Mar-15,35.25,35.44,35.19,35.44,26.62,"63,200"
17-Mar-15,35.36,35.48,35.29,35.42,26.6,"42,600"
18-Mar-15,35.34,35.82,35.34,35.81,26.89,"75,400"
19-Mar-15,35.86,35.86,35.52,35.64,26.77,"68,800"
20-Mar-15,35.84,35.93,35.7,35.91,26.97,"42,100"
23-Mar-15,35.89,36.04,35.88,35.97,27.01,"70,700"
24-Mar-15,35.92,36.07,35.85,36.07,27.09,"46,800"
25-Mar-15,36.01,36.01,35.7,35.76,26.86,"92,000"
26-Mar-15,35.64,35.65,35.52,35.6,26.74,"45,700"
27-Mar-15,35.53,35.7,35.53,35.69,26.8,"23,800"
30-Mar-15,35.76,36.89,35.7,35.83,26.91,"31,600"
31-Mar-15,35.74,35.81,35.64,35.64,26.77,"43,100"
01-Apr-15,35.79,35.79,35.66,35.74,26.84,"52,900"
02-Apr-15,35.67,35.73,35.61,35.68,26.89,"34,200"
06-Apr-15,35.66,35.9,35.66,35.86,27.03,"81,500"
07-Apr-15,35.89,35.89,35.77,35.83,27.01,"37,900"
08-Apr-15,35.89,35.96,35.81,35.9,27.06,"34,400"
09-Apr-15,35.96,35.96,35.82,35.89,27.05,"89,800"
10-Apr-15,35.97,36.0,35.88,35.88,27.04,"59,000"
13-Apr-15,35.83,35.99,35.77,35.91,27.07,"39,000"
14-Apr-15,35.91,36.06,35.91,35.92,27.07,"51,200"
15-Apr-15,36.1,36.12,36.0,36.07,27.19,"58,600"
16-Apr-15,36.02,36.12,35.97,36.12,27.23,"42,900"
17-Apr-15,36.01,36.01,35.81,35.94,27.09,"68,200"
20-Apr-15,36.02,36.02,35.87,35.98,27.12,"46,000"
21-Apr-15,36.04,36.07,35.91,35.91,27.07,"37,000"
22-Apr-15,36.01,36.03,35.91,35.92,27.07,"37,500"
23-Apr-15,35.86,36.14,35.86,36.0,27.13,"64,300"
24-Apr-15,36.13,36.21,36.05,36.15,27.25,"34,500"
27-Apr-15,36.31,36.31,36.13,36.16,27.26,"195,400"
28-Apr-15,36.13,36.16,36.04,36.15,27.25,"60,900"
29-Apr-15,36.07,36.07,35.9,35.97,27.11,"58,300"
30-Apr-15,35.93,35.93,35.75,35.83,27.01,"47,500"
01-May-15,35.92,35.92,35.79,35.87,27.04,"26,500"
04-May-15,35.9,36.02,35.83,35.89,27.05,"85,100"
05-May-15,35.8,35.88,35.66,35.7,26.91,"38,100"
06-May-15,35.81,35.81,35.5,35.58,26.82,"113,000"
07-May-15,35.51,35.66,35.47,35.64,26.86,"66,900"
08-May-15,35.85,36.05,35.78,35.93,27.08,"41,500"
11-May-15,35.92,35.92,35.65,35.74,26.94,"39,200"
12-May-15,35.63,35.74,35.55,35.72,26.92,"36,800"
13-May-15,35.78,35.87,35.68,35.76,26.95,"34,100"
14-May-15,35.78,35.96,35.76,35.96,27.1,"90,300"
15-May-15,36.02,36.07,35.89,36.07,27.19,"80,000"
18-May-15,36.05,36.05,35.88,35.96,27.1,"110,300"
19-May-15,36.02,36.02,35.8,35.8,26.98,"40,700"
20-May-15,35.79,35.99,35.79,35.93,27.08,"49,700"
21-May-15,35.77,36.04,35.77,36.03,27.16,"47,100"
22-May-15,35.87,36.0,35.86,35.91,27.07,"56,300"
26-May-15,35.99,35.99,35.7,35.83,27.01,"183,900"
27-May-15,35.91,35.97,35.78,35.97,27.11,"43,500"
28-May-15,36.13,36.13,35.79,35.9,27.06,"33,100"
29-May-15,35.78,35.96,35.75,35.8,26.98,"46,300"
01-Jun-15,35.85,35.85,35.66,35.73,26.93,"35,000"
02-Jun-15,35.6,35.72,35.6,35.67,26.89,"141,500"
03-Jun-15,35.65,35.75,35.55,35.55,26.8,"75,700"
04-Jun-15,35.61,35.65,35.5,35.57,26.81,"42,600"
05-Jun-15,35.41,35.47,35.25,35.36,26.65,"48,500"
08-Jun-15,35.34,35.45,35.26,35.37,26.66,"36,900"
09-Jun-15,35.39,35.39,35.14,35.25,26.57,"77,200"
10-Jun-15,35.34,35.45,35.34,35.44,26.71,"37,000"
11-Jun-15,35.56,35.59,35.46,35.52,26.77,"33,200"
12-Jun-15,35.42,35.52,35.4,35.42,26.7,"60,400"
15-Jun-15,35.26,35.39,35.26,35.34,26.64,"48,600"
16-Jun-15,35.39,35.46,35.19,35.46,26.73,"44,400"
17-Jun-15,35.51,35.53,35.22,35.5,26.76,"26,200"
18-Jun-15,35.53,35.63,35.51,35.6,26.83,"27,000"
19-Jun-15,35.5,35.65,35.43,35.53,26.78,"28,600"
22-Jun-15,35.55,35.77,35.55,35.71,26.92,"61,700"
23-Jun-15,35.56,35.69,35.56,35.66,26.88,"53,900"
24-Jun-15,35.58,35.66,35.53,35.62,26.85,"57,100"
25-Jun-15,35.6,35.61,35.51,35.54,26.79,"35,100"
26-Jun-15,35.48,35.51,35.36,35.47,26.74,"32,800"
29-Jun-15,35.21,35.33,35.15,35.21,26.54,"55,500"
30-Jun-15,35.26,35.32,35.15,35.25,26.57,"39,000"
01-Jul-15,35.42,35.42,35.19,35.25,26.57,"57,000"
02-Jul-15,34.99,35.24,34.97,35.07,26.62,"59,000"
06-Jul-15,35.04,35.06,34.83,34.96,26.54,"57,500"
07-Jul-15,35.13,35.13,34.73,35.06,26.61,"64,100"
08-Jul-15,34.95,34.95,34.7,34.7,26.34,"41,700"
09-Jul-15,34.94,35.08,34.79,34.79,26.41,"53,900"
10-Jul-15,35.05,35.05,34.9,34.99,26.56,"33,700"
13-Jul-15,35.21,35.21,34.99,35.1,26.64,"45,500"
14-Jul-15,35.17,35.23,35.05,35.2,26.72,"29,100"
15-Jul-15,35.25,35.25,35.12,35.21,26.72,"39,000"
16-Jul-15,35.4,35.4,35.18,35.23,26.74,"210,200"
17-Jul-15,35.19,35.34,35.19,35.34,26.82,"37,500"
20-Jul-15,35.32,35.34,35.18,35.31,26.8,"83,200"
21-Jul-15,35.36,35.36,35.19,35.24,26.75,"93,600"
22-Jul-15,35.22,35.22,35.11,35.2,26.72,"26,700"
23-Jul-15,35.15,35.24,35.09,35.09,26.63,"55,500"
24-Jul-15,35.09,35.21,34.95,35.03,26.59,"26,800"
27-Jul-15,34.95,35.0,34.87,34.97,26.54,"24,100"
28-Jul-15,35.05,35.06,34.86,35.01,26.57,"49,700"
29-Jul-15,35.0,35.19,35.0,35.16,26.69,"35,900"
30-Jul-15,35.12,35.14,35.03,35.14,26.67,"18,400"
31-Jul-15,35.26,35.31,35.14,35.28,26.78,"42,600"
03-Aug-15,35.21,35.25,35.1,35.23,26.74,"42,700"
04-Aug-15,35.15,35.25,35.1,35.15,26.68,"26,000"
05-Aug-15,35.16,35.25,35.1,35.18,26.7,"45,300"
06-Aug-15,35.19,35.19,34.99,35.06,26.61,"34,400"
07-Aug-15,35.05,35.13,35.0,35.05,26.6,"102,000"
10-Aug-15,35.12,35.23,35.01,35.22,26.73,"37,100"
11-Aug-15,35.15,35.17,35.02,35.1,26.64,"43,100"
12-Aug-15,35.06,35.1,34.93,35.06,26.61,"92,100"
13-Aug-15,35.14,35.14,34.94,35.07,26.62,"43,700"
14-Aug-15,34.93,35.09,34.93,35.08,26.63,"36,700"
17-Aug-15,34.96,35.15,34.96,35.13,26.66,"32,200"
18-Aug-15,34.99,35.1,34.96,35.06,26.61,"102,700"
19-Aug-15,34.96,35.04,34.81,34.98,26.55,"32,300"
20-Aug-15,34.79,34.85,34.56,34.56,26.23,"102,800"
21-Aug-15,34.57,34.6,34.2,34.2,25.96,"87,400"
24-Aug-15,33.58,33.99,21.5,33.83,25.68,"251,300"
25-Aug-15,34.26,34.3,33.54,33.54,25.46,"127,300"
26-Aug-15,33.94,34.07,33.64,34.07,25.86,"81,600"
27-Aug-15,34.24,34.37,34.04,34.33,26.06,"115,200"
28-Aug-15,34.31,34.37,34.22,34.33,26.06,"53,800"
31-Aug-15,34.33,34.35,34.16,34.25,26.0,"61,900"
01-Sep-15,33.83,33.95,33.69,33.72,25.59,"57,500"
02-Sep-15,33.92,34.02,33.78,34.02,25.82,"43,300"
03-Sep-15,34.03,34.18,34.01,34.01,25.81,"67,400"
04-Sep-15,33.78,33.91,33.76,33.79,25.65,"53,400"
08-Sep-15,34.11,34.15,34.0,34.13,25.91,"35,300"
09-Sep-15,34.19,34.27,34.02,34.02,25.82,"35,600"
10-Sep-15,34.05,34.17,33.95,34.03,25.83,"93,900"
11-Sep-15,34.07,34.18,34.02,34.18,25.94,"38,300"
14-Sep-15,34.23,34.23,34.03,34.11,25.89,"125,300"
15-Sep-15,34.15,34.16,34.02,34.16,25.93,"62,600"
16-Sep-15,34.11,34.33,34.11,34.29,26.03,"34,000"
17-Sep-15,34.24,34.57,34.17,34.45,26.15,"83,400"
18-Sep-15,34.16,34.33,34.08,34.24,25.99,"82,300"
21-Sep-15,34.24,34.26,34.06,34.09,25.87,"70,100"
22-Sep-15,33.99,33.99,33.79,33.86,25.7,"130,600"
23-Sep-15,34.0,34.0,33.81,33.82,25.67,"129,700"
24-Sep-15,33.81,33.9,33.7,33.87,25.71,"76,000"
25-Sep-15,33.9,34.21,33.77,33.88,25.72,"76,600"
28-Sep-15,33.74,33.77,33.51,33.63,25.53,"89,200"
29-Sep-15,33.59,33.66,33.47,33.64,25.53,"45,700"
30-Sep-15,33.83,33.85,33.67,33.85,25.69,"99,500"
01-Oct-15,33.78,33.87,33.74,33.87,25.71,"142,200"
02-Oct-15,33.68,34.04,33.62,34.04,25.94,"37,900"
05-Oct-15,34.05,34.25,34.05,34.2,26.06,"101,900"
06-Oct-15,34.33,34.34,34.15,34.19,26.05,"100,300"
07-Oct-15,34.26,34.43,34.26,34.42,26.23,"30,900"
08-Oct-15,34.26,34.54,34.26,34.54,26.32,"62,000"
09-Oct-15,34.58,34.61,34.45,34.55,26.33,"51,800"
12-Oct-15,34.55,34.64,34.5,34.58,26.35,"117,600"
13-Oct-15,34.55,34.55,34.37,34.46,26.26,"67,900"
14-Oct-15,34.41,34.55,34.41,34.47,26.27,"172,700"
15-Oct-15,34.5,34.69,34.48,34.69,26.43,"95,900"
16-Oct-15,34.72,34.74,34.6,34.72,26.46,"94,200"
19-Oct-15,34.65,34.68,34.51,34.68,26.43,"74,000"
20-Oct-15,34.65,34.65,34.51,34.61,26.37,"48,300"
21-Oct-15,34.64,34.75,34.57,34.6,26.37,"50,400"
22-Oct-15,34.71,34.84,34.69,34.82,26.53,"67,900"
23-Oct-15,34.86,34.94,34.82,34.88,26.58,"79,300"
26-Oct-15,34.84,34.91,34.8,34.89,26.59,"56,000"
27-Oct-15,34.77,34.85,34.73,34.83,26.54,"77,000"
28-Oct-15,34.85,34.94,34.69,34.88,26.58,"34,200"
29-Oct-15,34.76,34.78,34.66,34.68,26.43,"72,300"
30-Oct-15,34.67,34.8,34.65,34.73,26.46,"79,900"
02-Nov-15,34.7,34.86,34.7,34.85,26.56,"74,600"
03-Nov-15,34.81,34.88,34.73,34.86,26.56,"86,900"
04-Nov-15,34.86,34.86,34.74,34.78,26.5,"53,300"
05-Nov-15,34.85,34.85,34.66,34.76,26.49,"113,500"
06-Nov-15,34.69,34.69,34.5,34.62,26.38,"170,100"
09-Nov-15,34.52,34.55,34.34,34.45,26.25,"170,500"
10-Nov-15,34.44,34.49,34.36,34.46,26.26,"115,900"
11-Nov-15,34.6,34.6,34.46,34.47,26.27,"88,100"
12-Nov-15,34.36,34.46,34.31,34.33,26.16,"208,000"
13-Nov-15,34.3,34.33,34.2,34.25,26.1,"135,700"
16-Nov-15,34.26,34.41,34.22,34.41,26.22,"257,400"
17-Nov-15,34.36,34.49,34.33,34.42,26.23,"230,300"
18-Nov-15,34.49,34.61,34.43,34.6,26.37,"1,267,000"
19-Nov-15,34.6,34.7,34.6,34.62,26.38,"281,600"
20-Nov-15,34.73,34.76,34.63,34.67,26.42,"152,400"
23-Nov-15,34.61,34.67,34.59,34.63,26.39,"155,700"
24-Nov-15,34.55,34.69,34.52,34.64,26.4,"140,300"
25-Nov-15,34.61,34.73,34.61,34.69,26.43,"99,100"
27-Nov-15,34.73,34.73,34.63,34.67,26.42,"116,000"
30-Nov-15,34.68,34.68,34.59,34.64,26.4,"196,100"
01-Dec-15,34.77,34.89,34.73,34.86,26.56,"581,700"
02-Dec-15,34.87,34.87,34.69,34.7,26.44,"207,700"
03-Dec-15,34.74,34.76,34.34,34.41,26.22,"224,400"
04-Dec-15,34.38,34.67,34.38,34.67,26.42,"156,200"
07-Dec-15,34.61,34.61,34.51,34.59,26.36,"211,300"
08-Dec-15,34.45,34.51,34.28,34.42,26.23,"534,400"
09-Dec-15,34.44,34.5,34.26,34.32,26.15,"364,900"
10-Dec-15,34.43,34.44,34.31,34.33,26.16,"450,500"
11-Dec-15,34.31,34.31,34.11,34.14,26.01,"420,300"
14-Dec-15,34.18,34.27,33.98,34.04,25.94,"544,500"
15-Dec-15,34.16,34.25,34.12,34.16,26.03,"659,700"
16-Dec-15,34.36,34.43,34.19,34.34,26.17,"350,800"
17-Dec-15,34.5,34.53,34.23,34.25,26.1,"439,900"
18-Dec-15,34.28,34.33,34.1,34.13,26.01,"692,300"
21-Dec-15,34.35,34.35,34.07,34.14,26.01,"655,100"
22-Dec-15,34.14,34.27,34.13,34.26,26.11,"1,068,300"
23-Dec-15,34.39,34.42,34.28,34.39,26.21,"715,500"
24-Dec-15,34.42,34.48,34.28,34.43,26.24,"289,900"
28-Dec-15,34.32,34.32,34.12,34.24,26.21,"492,400"
29-Dec-15,34.4,34.4,34.24,34.27,26.24,"447,000"
30-Dec-15,34.25,34.29,34.15,34.17,26.17,"223,000"
31-Dec-15,34.19,34.21,34.05,34.05,26.07,"187,300"
04-Jan-16,33.76,34.07,33.72,33.89,25.95,"565,000"
05-Jan-16,33.94,33.97,33.77,33.89,25.95,"101,500"
06-Jan-16,33.66,33.79,33.66,33.73,25.83,"1,317,700"
07-Jan-16,33.47,33.56,33.41,33.44,25.61,"152,900"
08-Jan-16,33.61,33.61,33.28,33.28,25.48,"450,600"
11-Jan-16,33.36,33.37,33.15,33.28,25.48,"731,300"
12-Jan-16,33.37,33.41,33.26,33.41,25.58,"49,300"
13-Jan-16,33.54,33.54,33.12,33.12,25.36,"176,500"
14-Jan-16,33.2,33.33,33.07,33.28,25.48,"171,100"
15-Jan-16,32.91,32.99,32.8,32.95,25.23,"574,000"
19-Jan-16,33.14,33.14,32.85,32.96,25.24,"642,200"
20-Jan-16,32.77,32.87,32.51,32.8,25.12,"100,700"
21-Jan-16,32.76,32.91,32.74,32.85,25.15,"242,100"
22-Jan-16,33.17,33.17,33.01,33.11,25.35,"248,400"
25-Jan-16,33.12,33.14,32.91,32.91,25.2,"451,800"
26-Jan-16,33.0,33.2,33.0,33.17,25.4,"207,300"
27-Jan-16,33.12,33.28,33.02,33.04,25.3,"80,900"
28-Jan-16,33.09,33.2,33.02,33.16,25.39,"246,900"
29-Jan-16,33.32,33.51,33.27,33.51,25.66,"301,100"
01-Feb-16,33.41,33.51,33.36,33.47,25.63,"334,000"
02-Feb-16,33.34,33.4,33.19,33.24,25.45,"52,300"
03-Feb-16,33.38,33.39,33.08,33.29,25.49,"43,300"
04-Feb-16,33.27,33.45,33.27,33.38,25.56,"78,500"
05-Feb-16,33.33,33.33,33.07,33.14,25.38,"170,900"
08-Feb-16,32.98,33.05,32.85,32.99,25.26,"157,500"
09-Feb-16,32.85,33.01,32.85,32.95,25.23,"67,000"
10-Feb-16,33.12,33.17,32.91,32.92,25.21,"43,200"
11-Feb-16,32.75,32.9,32.71,32.85,25.15,"60,800"
12-Feb-16,32.97,32.97,32.8,32.97,25.25,"60,000"
16-Feb-16,33.18,33.2,33.04,33.2,25.42,"47,600"
17-Feb-16,33.26,33.44,33.26,33.42,25.59,"36,600"
18-Feb-16,33.4,33.52,33.36,33.4,25.58,"45,000"
19-Feb-16,33.39,33.43,33.34,33.41,25.58,"84,100"
22-Feb-16,33.49,33.62,33.49,33.6,25.73,"50,000"
23-Feb-16,33.49,33.52,33.36,33.43,25.6,"108,100"
24-Feb-16,33.25,33.48,33.24,33.46,25.62,"149,900"
25-Feb-16,33.65,33.65,33.47,33.63,25.75,"90,100"
26-Feb-16,33.7,33.7,33.55,33.58,25.71,"49,300"
29-Feb-16,33.63,33.68,33.52,33.55,25.69,"76,500"
01-Mar-16,33.73,33.84,33.67,33.82,25.9,"58,900"
02-Mar-16,33.83,33.92,33.77,33.91,25.97,"70,300"
03-Mar-16,33.98,34.07,33.89,34.07,26.09,"40,300"
04-Mar-16,34.16,34.18,34.03,34.11,26.12,"84,200"
07-Mar-16,33.99,34.13,33.95,34.1,26.11,"59,400"
08-Mar-16,34.13,34.13,34.01,34.03,26.06,"61,400"
09-Mar-16,34.04,34.11,33.97,34.03,26.06,"56,300"
10-Mar-16,34.2,34.2,33.86,33.99,26.03,"48,500"
11-Mar-16,34.2,34.35,34.13,34.35,26.3,"43,600"
14-Mar-16,34.26,34.35,34.2,34.3,26.27,"41,600"
15-Mar-16,34.14,34.29,34.14,34.23,26.21,"33,800"
16-Mar-16,34.13,34.39,34.08,34.39,26.33,"20,600"
17-Mar-16,34.45,34.61,34.37,34.61,26.5,"67,500"
18-Mar-16,34.68,34.7,34.58,34.65,26.53,"122,200"
21-Mar-16,34.59,34.67,34.5,34.65,26.53,"80,400"
22-Mar-16,34.67,34.67,34.54,34.54,26.45,"86,800"
23-Mar-16,34.5,34.59,34.46,34.52,26.43,"67,800"
24-Mar-16,34.42,34.5,34.29,34.42,26.36,"54,100"
28-Mar-16,34.55,34.55,34.36,34.48,26.4,"98,700"
29-Mar-16,34.5,34.74,34.42,34.7,26.57,"80,200"
30-Mar-16,34.8,34.88,34.73,34.83,26.67,"87,500"
31-Mar-16,34.72,34.87,34.72,34.8,26.65,"77,200"
01-Apr-16,34.65,34.79,34.53,34.77,26.62,"43,400"
04-Apr-16,34.6,34.66,34.53,34.6,26.49,"70,500"
05-Apr-16,34.38,34.48,34.38,34.43,26.36,"70,600"
06-Apr-16,34.5,34.62,34.36,34.62,26.51,"62,200"
07-Apr-16,34.39,34.54,34.35,34.46,26.39,"114,100"
08-Apr-16,34.65,34.69,34.52,34.61,26.5,"128,300"
11-Apr-16,34.65,34.73,34.54,34.54,26.45,"77,700"
12-Apr-16,34.65,34.75,34.53,34.69,26.56,"63,600"
13-Apr-16,34.93,34.95,34.77,34.95,26.76,"94,200"
14-Apr-16,35.0,35.02,34.84,34.91,26.73,"64,300"
15-Apr-16,35.01,35.01,34.83,34.94,26.76,"72,400"
18-Apr-16,34.93,35.04,34.85,35.04,26.83,"138,600"
19-Apr-16,35.13,35.18,35.07,35.17,26.93,"80,200"
20-Apr-16,35.25,35.25,35.11,35.16,26.92,"87,400"
21-Apr-16,35.18,35.18,34.95,35.04,26.83,"82,200"
22-Apr-16,35.1,35.1,34.92,35.04,26.83,"122,300"
25-Apr-16,35.05,35.05,34.87,34.95,26.76,"38,500"
26-Apr-16,34.94,35.02,34.9,35.01,26.81,"52,700"
27-Apr-16,35.06,35.12,34.91,35.1,26.88,"87,600"
28-Apr-16,35.05,35.1,34.85,34.96,26.77,"77,300"
29-Apr-16,34.97,34.97,34.77,34.91,26.73,"44,400"
02-May-16,35.05,35.05,34.9,35.0,26.8,"55,700"
03-May-16,34.88,34.95,34.8,34.86,26.69,"42,700"
04-May-16,34.7,34.79,34.63,34.7,26.57,"92,700"
05-May-16,34.79,34.8,34.66,34.72,26.59,"31,200"
06-May-16,34.77,34.8,34.68,34.78,26.63,"45,500"
09-May-16,34.84,34.86,34.72,34.78,26.63,"70,800"
10-May-16,34.88,35.0,34.85,34.98,26.79,"70,100"
11-May-16,34.85,34.99,34.81,34.89,26.72,"90,000"
12-May-16,35.02,35.02,34.71,34.86,26.69,"75,500"
13-May-16,34.81,34.84,34.68,34.75,26.61,"75,100"
16-May-16,34.8,34.92,34.73,34.88,26.71,"53,500"
17-May-16,34.85,34.87,34.65,34.74,26.6,"59,100"
18-May-16,34.75,34.84,34.57,34.62,26.51,"57,900"
19-May-16,34.64,34.64,34.43,34.5,26.42,"55,700"
20-May-16,34.63,34.75,34.51,34.65,26.53,"80,800"
23-May-16,34.73,34.73,34.57,34.6,26.49,"48,300"
24-May-16,34.67,34.89,34.67,34.84,26.68,"80,100"
25-May-16,34.93,35.0,34.86,34.97,26.78,"54,300"
26-May-16,35.0,35.05,34.86,34.99,26.79,"59,200"
27-May-16,35.05,35.12,34.96,35.05,26.84,"68,500"
31-May-16,35.14,35.16,34.91,35.05,26.84,"94,400"
01-Jun-16,35.04,35.05,34.89,35.01,26.81,"106,400"
02-Jun-16,35.0,35.13,34.94,35.11,26.89,"60,200"
03-Jun-16,35.18,35.28,35.1,35.27,27.01,"168,200"
06-Jun-16,35.21,35.34,35.19,35.3,27.03,"207,500"
07-Jun-16,35.31,35.46,35.27,35.42,27.12,"123,600"
08-Jun-16,35.38,35.5,35.34,35.49,27.18,"48,500"
09-Jun-16,35.47,35.48,35.28,35.4,27.11,"101,400"
10-Jun-16,35.11,35.28,35.07,35.1,26.88,"76,900"
13-Jun-16,35.0,35.18,34.96,35.02,26.82,"67,200"
14-Jun-16,35.0,35.28,34.79,34.89,26.72,"92,800"
15-Jun-16,34.92,35.21,34.87,35.02,26.82,"126,400"
16-Jun-16,34.84,35.03,34.76,35.03,26.82,"97,100"
17-Jun-16,35.09,35.09,34.85,35.01,26.81,"188,700"
20-Jun-16,35.22,35.41,35.09,35.19,26.95,"136,700"
21-Jun-16,35.26,35.31,35.12,35.25,26.99,"128,800"
22-Jun-16,35.34,35.34,35.14,35.25,26.99,"183,500"
23-Jun-16,35.47,35.49,35.29,35.49,27.18,"100,900"
24-Jun-16,34.61,35.25,34.25,34.78,26.63,"139,400"
27-Jun-16,34.61,34.75,34.46,34.58,26.48,"126,000"
28-Jun-16,34.75,34.95,34.74,34.93,26.75,"125,000"
29-Jun-16,35.18,35.21,34.92,35.11,26.89,"60,700"
30-Jun-16,35.22,35.38,35.15,35.3,27.03,"61,500"
01-Jul-16,35.37,35.5,35.37,35.44,27.14,"22,000"
05-Jul-16,35.05,35.5,35.05,35.35,27.07,"108,100"
06-Jul-16,35.08,35.23,34.9,35.17,27.11,"114,400"
07-Jul-16,35.15,35.32,35.07,35.13,27.08,"111,300"
08-Jul-16,35.24,35.42,35.24,35.41,27.3,"53,900"
11-Jul-16,35.59,35.65,35.47,35.51,27.38,"75,300"
12-Jul-16,35.7,35.7,35.54,35.59,27.44,"90,200"
13-Jul-16,35.67,35.67,35.56,35.61,27.45,"55,500"
14-Jul-16,35.68,35.69,35.6,35.67,27.5,"54,600"
15-Jul-16,35.69,35.69,35.53,35.58,27.43,"67,300"
18-Jul-16,35.55,35.65,35.55,35.58,27.43,"77,300"
19-Jul-16,35.63,35.68,35.5,35.6,27.45,"128,300"
20-Jul-16,35.65,35.71,35.57,35.68,27.51,"104,200"
21-Jul-16,35.67,35.71,35.54,35.58,27.43,"79,900"
22-Jul-16,35.7,35.72,35.57,35.67,27.5,"85,900"
25-Jul-16,35.79,35.79,35.55,35.64,27.48,"53,600"
26-Jul-16,35.62,35.73,35.55,35.61,27.45,"55,000"
27-Jul-16,35.72,35.84,35.57,35.71,27.53,"97,600"
28-Jul-16,35.8,35.81,35.61,35.73,27.55,"55,500"
29-Jul-16,35.81,35.99,35.72,35.92,27.69,"147,100"
01-Aug-16,35.85,35.92,35.73,35.83,27.62,"233,200"
02-Aug-16,35.74,35.74,35.55,35.6,27.45,"108,000"
03-Aug-16,35.63,35.69,35.56,35.69,27.51,"42,500"
04-Aug-16,35.73,35.84,35.67,35.69,27.51,"57,100"
05-Aug-16,35.88,35.88,35.67,35.83,27.62,"42,200"
08-Aug-16,35.89,35.94,35.77,35.79,27.59,"214,300"
09-Aug-16,35.89,36.0,35.85,35.94,27.71,"53,700"
10-Aug-16,36.0,36.06,35.92,36.01,27.76,"119,600"
11-Aug-16,35.98,36.13,35.98,36.03,27.78,"126,400"
12-Aug-16,36.1,36.13,35.9,36.05,27.79,"47,500"
15-Aug-16,36.15,36.17,36.03,36.09,27.82,"294,300"
16-Aug-16,36.12,36.12,35.94,36.05,27.79,"126,100"
17-Aug-16,36.02,36.06,35.9,36.01,27.76,"69,500"
18-Aug-16,36.02,36.15,36.02,36.13,27.85,"48,000"
19-Aug-16,36.07,36.1,35.92,36.06,27.8,"73,300"
22-Aug-16,36.04,36.17,35.94,36.08,27.82,"60,400"
23-Aug-16,36.15,36.17,36.02,36.07,27.81,"39,900"
24-Aug-16,36.14,36.2,36.01,36.03,27.78,"68,800"
25-Aug-16,36.01,36.09,35.93,36.01,27.76,"32,100"
26-Aug-16,36.07,36.19,35.85,35.9,27.68,"75,500"
29-Aug-16,35.94,36.07,35.9,36.02,27.77,"39,900"
30-Aug-16,36.06,36.15,35.9,35.99,27.75,"60,200"
31-Aug-16,35.93,36.05,35.83,35.96,27.72,"92,100"
01-Sep-16,36.17,36.21,35.83,36.02,27.77,"157,900"
02-Sep-16,36.13,36.17,36.0,36.1,27.83,"40,200"
06-Sep-16,36.17,36.26,36.08,36.22,27.92,"32,000"
07-Sep-16,36.28,36.32,36.15,36.25,27.95,"371,600"
08-Sep-16,36.22,36.28,36.07,36.1,27.83,"53,900"
09-Sep-16,36.03,36.03,35.62,35.73,27.55,"129,600"
12-Sep-16,35.69,35.91,35.6,35.85,27.64,"58,500"
13-Sep-16,35.79,35.79,35.4,35.56,27.41,"71,200"
14-Sep-16,35.57,35.65,35.42,35.55,27.41,"57,800"
15-Sep-16,35.56,35.74,35.41,35.71,27.53,"62,200"
16-Sep-16,35.54,35.68,35.5,35.58,27.43,"34,800"
19-Sep-16,35.71,35.77,35.59,35.67,27.5,"59,000"
20-Sep-16,35.77,35.77,35.6,35.64,27.48,"80,900"
21-Sep-16,35.75,36.02,35.66,35.95,27.72,"130,000"
22-Sep-16,36.13,36.24,36.04,36.04,27.78,"75,200"
23-Sep-16,36.07,36.16,35.99,36.01,27.76,"47,300"
26-Sep-16,35.94,36.0,35.78,35.92,27.69,"65,500"
27-Sep-16,36.05,36.11,35.94,36.06,27.8,"67,700"
28-Sep-16,36.07,36.16,35.93,36.16,27.88,"78,800"
29-Sep-16,36.03,36.16,35.93,35.97,27.73,"55,600"
30-Sep-16,35.99,36.13,35.98,36.09,27.82,"34,200"
03-Oct-16,35.95,36.05,35.9,35.99,27.75,"53,800"
04-Oct-16,35.91,35.99,35.67,35.8,27.71,"94,800"
05-Oct-16,35.83,35.89,35.75,35.79,27.7,"61,200"
06-Oct-16,35.82,35.82,35.67,35.76,27.68,"58,900"
07-Oct-16,35.71,35.77,35.56,35.64,27.58,"50,800"
10-Oct-16,35.8,35.85,35.64,35.72,27.64,"57,200"
11-Oct-16,35.7,35.7,35.48,35.54,27.51,"72,700"
12-Oct-16,35.58,35.58,35.43,35.52,27.49,"109,300"
13-Oct-16,35.38,35.57,35.31,35.46,27.44,"44,800"
14-Oct-16,35.5,35.63,35.41,35.46,27.44,"46,500"
17-Oct-16,35.41,35.5,35.37,35.46,27.44,"34,300"
18-Oct-16,35.56,35.65,35.5,35.61,27.56,"85,300"
19-Oct-16,35.65,35.73,35.58,35.68,27.61,"112,900"
20-Oct-16,35.61,35.71,35.52,35.64,27.58,"56,500"
21-Oct-16,35.61,35.68,35.54,35.68,27.61,"58,000"
24-Oct-16,35.6,35.75,35.59,35.67,27.61,"56,900"
25-Oct-16,35.65,35.69,35.56,35.65,27.59,"134,400"
26-Oct-16,35.56,35.63,35.44,35.55,27.51,"78,300"
27-Oct-16,35.56,35.56,35.36,35.43,27.42,"54,700"
28-Oct-16,35.45,35.48,35.34,35.43,27.42,"46,900"
31-Oct-16,35.41,35.47,35.37,35.37,27.37,"107,100"
01-Nov-16,35.52,35.52,35.24,35.34,27.35,"83,500"
02-Nov-16,35.35,35.37,35.22,35.22,27.26,"67,000"
03-Nov-16,35.3,35.3,35.15,35.15,27.2,"46,700"
04-Nov-16,35.15,35.27,35.13,35.2,27.24,"72,500"
07-Nov-16,35.33,35.45,35.25,35.42,27.41,"77,500"
08-Nov-16,35.43,35.49,35.35,35.39,27.39,"76,000"
09-Nov-16,35.1,35.39,35.08,35.3,27.32,"98,300"
10-Nov-16,35.25,35.36,35.01,35.13,27.19,"76,700"
11-Nov-16,35.09,35.13,35.01,35.09,27.16,"85,200"
14-Nov-16,35.1,35.1,34.82,34.98,27.07,"110,100"
15-Nov-16,34.98,35.15,34.92,35.1,27.16,"73,700"
16-Nov-16,35.23,35.23,34.99,35.04,27.12,"166,900"
17-Nov-16,35.04,35.16,34.97,35.05,27.13,"296,700"
18-Nov-16,35.18,35.2,34.9,34.99,27.08,"138,100"
21-Nov-16,35.13,35.13,34.89,35.08,27.15,"106,600"
22-Nov-16,35.13,35.19,35.03,35.18,27.23,"70,900"
23-Nov-16,35.14,35.17,34.92,35.02,27.1,"203,000"
25-Nov-16,35.16,35.17,34.97,35.08,27.15,"37,400"
28-Nov-16,35.16,35.16,35.04,35.09,27.16,"189,900"
29-Nov-16,35.13,35.25,35.0,35.18,27.23,"200,000"
30-Nov-16,35.18,35.19,35.08,35.08,27.15,"225,200"
01-Dec-16,35.01,35.07,34.92,35.0,27.09,"239,300"
02-Dec-16,35.0,35.1,34.88,35.05,27.13,"246,800"
05-Dec-16,35.15,35.22,34.98,35.1,27.16,"286,800"
06-Dec-16,35.22,35.26,35.13,35.24,27.27,"225,100"
07-Dec-16,35.21,35.52,35.19,35.51,27.48,"260,500"
08-Dec-16,35.39,35.51,35.36,35.46,27.44,"364,000"
09-Dec-16,35.56,35.58,35.37,35.49,27.47,"368,200"
12-Dec-16,35.51,35.51,35.35,35.43,27.42,"391,200"
13-Dec-16,35.6,35.62,35.49,35.55,27.51,"334,700"
14-Dec-16,35.5,35.67,35.28,35.28,27.3,"473,900"
15-Dec-16,35.37,35.41,35.23,35.3,27.32,"357,000"
16-Dec-16,35.36,35.37,35.23,35.28,27.3,"519,600"
19-Dec-16,35.44,35.44,35.28,35.33,27.34,"603,600"
20-Dec-16,35.37,35.51,35.34,35.38,27.38,"313,000"
21-Dec-16,35.35,35.46,35.32,35.32,27.34,"343,900"
22-Dec-16,35.79,35.79,35.27,35.36,27.37,"448,100"
23-Dec-16,35.43,35.43,35.32,35.42,27.41,"333,700"
27-Dec-16,35.4,35.44,35.3,35.42,27.41,"273,000"
28-Dec-16,35.31,35.31,35.09,35.15,27.38,"136,100"
29-Dec-16,35.25,35.3,35.13,35.24,27.45,"285,000"
30-Dec-16,35.29,35.29,35.15,35.23,27.45,"276,500"
03-Jan-17,35.28,35.3,35.21,35.28,27.48,"680,600"
04-Jan-17,35.32,35.55,35.32,35.53,27.68,"395,100"
05-Jan-17,35.55,35.56,35.47,35.49,27.65,"222,100"
06-Jan-17,35.43,35.56,35.43,35.46,27.62,"205,100"
09-Jan-17,35.5,35.53,35.43,35.5,27.66,"662,800"
10-Jan-17,35.46,35.55,35.45,35.51,27.66,"106,700"
11-Jan-17,35.52,35.63,35.45,35.63,27.76,"153,500"
12-Jan-17,35.61,35.66,35.5,35.55,27.69,"234,300"
13-Jan-17,35.6,35.62,35.52,35.62,27.75,"252,400"
17-Jan-17,35.69,35.69,35.54,35.56,27.7,"880,500"
18-Jan-17,35.6,35.6,35.46,35.49,27.65,"112,400"
19-Jan-17,35.43,35.47,35.36,35.37,27.55,"257,100"
20-Jan-17,35.39,35.52,35.39,35.47,27.63,"284,900"
23-Jan-17,35.52,35.57,35.44,35.57,27.71,"761,400"
24-Jan-17,35.49,35.63,35.49,35.63,27.76,"158,400"
25-Jan-17,35.66,35.67,35.6,35.64,27.76,"59,100"
26-Jan-17,35.7,35.7,35.58,35.67,27.79,"74,000"
27-Jan-17,35.56,35.67,35.56,35.61,27.74,"90,300"
30-Jan-17,35.56,35.56,35.45,35.53,27.68,"349,000"
31-Jan-17,35.44,35.57,35.44,35.57,27.71,"66,600"
01-Feb-17,35.6,35.65,35.5,35.65,27.77,"76,800"
02-Feb-17,35.64,35.66,35.55,35.56,27.7,"93,100"
03-Feb-17,35.71,35.75,35.64,35.7,27.81,"212,600"
06-Feb-17,35.72,35.72,35.63,35.69,27.8,"51,600"
07-Feb-17,35.65,35.72,35.65,35.7,27.81,"45,800"
08-Feb-17,35.74,35.84,35.71,35.84,27.92,"79,100"
09-Feb-17,35.83,35.84,35.77,35.83,27.91,"43,900"
10-Feb-17,35.86,35.93,35.8,35.93,27.99,"75,300"
13-Feb-17,35.95,35.96,35.9,35.91,27.97,"54,100"
14-Feb-17,35.79,35.93,35.79,35.92,27.98,"92,800"
15-Feb-17,35.87,36.0,35.85,35.96,28.01,"102,900"
16-Feb-17,35.97,36.06,35.96,36.06,28.09,"52,600"
17-Feb-17,36.04,36.09,36.0,36.09,28.12,"65,500"
21-Feb-17,36.17,36.18,36.03,36.18,28.19,"58,400"
22-Feb-17,36.04,36.21,36.04,36.21,28.21,"71,500"
23-Feb-17,36.16,36.22,36.13,36.19,28.19,"121,200"
24-Feb-17,36.19,36.25,36.08,36.23,28.22,"79,300"
27-Feb-17,36.22,36.24,36.16,36.23,28.22,"105,900"
28-Feb-17,36.2,36.24,36.12,36.2,28.2,"38,400"
01-Mar-17,36.2,36.3,36.14,36.27,28.26,"69,900"
02-Mar-17,36.29,36.29,36.1,36.15,28.16,"62,800"
03-Mar-17,36.16,36.19,36.07,36.12,28.14,"52,800"
06-Mar-17,36.14,36.15,36.08,36.15,28.16,"44,000"
07-Mar-17,36.12,36.12,36.01,36.08,28.11,"84,400"
08-Mar-17,36.0,36.08,35.92,35.95,28.01,"148,200"
09-Mar-17,35.96,35.98,35.81,35.85,27.93,"52,600"
10-Mar-17,35.99,36.01,35.9,36.01,28.05,"140,700"
13-Mar-17,35.99,36.05,35.97,36.05,28.08,"60,000"
14-Mar-17,35.98,36.0,35.9,35.98,28.03,"52,400"
15-Mar-17,36.06,36.29,35.98,36.24,28.23,"62,000"
16-Mar-17,36.3,36.31,36.22,36.25,28.24,"99,900"
17-Mar-17,36.24,36.34,36.24,36.3,28.28,"73,600"
20-Mar-17,36.29,36.33,36.24,36.32,28.29,"59,300"
21-Mar-17,36.39,36.4,36.16,36.22,28.22,"64,500"
22-Mar-17,36.17,36.27,36.16,36.21,28.21,"49,100"
23-Mar-17,36.29,36.31,36.14,36.19,28.19,"62,400"
24-Mar-17,36.23,36.34,36.2,36.29,28.27,"181,100"
27-Mar-17,36.29,36.35,36.18,36.3,28.28,"152,100"
28-Mar-17,36.31,36.41,36.28,36.32,28.29,"74,400"
29-Mar-17,36.33,36.47,36.31,36.47,28.41,"70,800"
30-Mar-17,36.42,36.44,36.37,36.43,28.38,"66,300"
31-Mar-17,36.35,36.43,36.35,36.35,28.32,"126,300"
03-Apr-17,36.4,36.46,36.33,36.46,28.4,"125,500"
04-Apr-17,36.25,36.34,36.21,36.31,28.39,"76,700"
05-Apr-17,36.3,36.38,36.26,36.26,28.35,"49,900"
06-Apr-17,36.26,36.34,36.19,36.3,28.39,"60,700"
07-Apr-17,36.32,36.33,36.2,36.25,28.35,"117,300"
10-Apr-17,36.24,36.28,36.2,36.27,28.36,"57,900"
11-Apr-17,36.28,36.36,36.18,36.36,28.43,"63,500"
12-Apr-17,36.36,36.36,36.25,36.36,28.43,"70,500"
13-Apr-17,36.41,36.41,36.23,36.31,28.39,"48,900"
17-Apr-17,36.31,36.39,36.26,36.39,28.46,"66,000"
18-Apr-17,36.25,36.39,36.25,36.38,28.45,"60,800"
19-Apr-17,36.4,36.4,36.28,36.33,28.41,"43,800"
20-Apr-17,36.43,36.44,36.35,36.42,28.48,"67,300"
21-Apr-17,36.42,36.44,36.36,36.42,28.48,"70,300"
24-Apr-17,36.5,36.64,36.5,36.64,28.65,"54,200"
25-Apr-17,36.63,36.71,36.62,36.66,28.67,"173,300"
26-Apr-17,36.61,36.71,36.6,36.64,28.65,"197,900"
27-Apr-17,36.64,36.72,36.64,36.65,28.66,"86,600"
28-Apr-17,36.68,36.71,36.61,36.64,28.65,"61,300"
01-May-17,36.64,36.73,36.64,36.73,28.72,"206,200"
02-May-17,36.75,36.8,36.7,36.8,28.78,"64,200"
03-May-17,36.77,36.77,36.7,36.75,28.74,"85,700"
04-May-17,36.73,36.75,36.58,36.75,28.74,"60,400"
05-May-17,36.78,36.86,36.7,36.86,28.82,"76,500"
08-May-17,36.81,36.82,36.7,36.8,28.78,"42,000"
09-May-17,36.78,36.79,36.69,36.69,28.69,"105,100"
10-May-17,36.75,36.8,36.75,36.8,28.78,"70,200"
11-May-17,36.75,36.79,36.65,36.73,28.72,"112,600"
12-May-17,36.79,36.88,36.76,36.88,28.84,"94,800"
15-May-17,36.91,36.95,36.86,36.87,28.83,"85,500"
16-May-17,36.98,37.01,36.92,37.0,28.93,"351,100"
17-May-17,36.88,37.01,36.84,36.87,28.83,"71,900"
18-May-17,36.78,36.9,36.77,36.79,28.77,"77,900"
19-May-17,36.91,37.03,36.87,37.02,28.95,"47,600"
22-May-17,37.04,37.06,36.97,37.06,28.98,"36,000"
23-May-17,37.1,37.1,36.98,36.99,28.92,"165,000"
24-May-17,37.05,37.11,36.97,37.04,28.96,"67,700"
25-May-17,37.15,37.18,37.07,37.17,29.07,"131,300"
26-May-17,37.1,37.17,37.06,37.08,29.0,"81,100"
30-May-17,37.09,37.21,37.08,37.1,29.01,"63,700"
31-May-17,37.2,37.2,37.09,37.19,29.08,"45,100"
01-Jun-17,37.17,37.29,37.1,37.23,29.11,"60,800"
02-Jun-17,37.36,37.47,37.29,37.46,29.29,"57,600"
05-Jun-17,37.41,37.42,37.32,37.4,29.25,"54,700"
06-Jun-17,37.4,37.43,37.33,37.4,29.25,"71,400"
07-Jun-17,37.42,37.42,37.32,37.38,29.23,"62,300"
08-Jun-17,37.35,37.41,37.31,37.39,29.24,"92,100"
09-Jun-17,37.31,37.43,37.21,37.31,29.18,"69,500"
12-Jun-17,37.26,37.31,37.16,37.29,29.16,"62,300"
13-Jun-17,37.34,37.4,37.28,37.32,29.18,"71,200"
14-Jun-17,37.54,37.55,37.37,37.46,29.29,"53,300"
15-Jun-17,37.4,37.4,37.17,37.27,29.14,"172,000"
16-Jun-17,37.38,37.39,37.27,37.39,29.24,"61,700"
19-Jun-17,37.45,37.49,37.36,37.47,29.3,"82,400"
20-Jun-17,37.39,37.51,37.31,37.39,29.24,"76,800"
21-Jun-17,37.37,37.42,37.31,37.38,29.23,"54,300"
22-Jun-17,37.31,37.42,37.31,37.39,29.24,"65,800"
23-Jun-17,37.41,37.45,37.3,37.44,29.28,"58,000"
26-Jun-17,37.5,37.56,37.44,37.5,29.32,"74,400"
27-Jun-17,37.41,37.48,37.27,37.27,29.14,"92,900"
28-Jun-17,37.39,37.5,37.31,37.41,29.25,"74,400"
29-Jun-17,37.43,37.43,37.13,37.26,29.14,"73,200"
30-Jun-17,37.29,37.32,37.22,37.27,29.14,"44,300"
03-Jul-17,37.57,37.57,37.13,37.13,29.03,"150,500"
05-Jul-17,37.19,37.28,37.14,37.27,29.14,"162,000"
06-Jul-17,36.92,36.92,36.79,36.85,29.01,"78,000"
07-Jul-17,36.85,36.91,36.81,36.9,29.05,"68,400"
10-Jul-17,36.87,36.97,36.86,36.95,29.09,"87,100"
11-Jul-17,36.89,36.99,36.86,36.9,29.05,"118,200"
12-Jul-17,37.13,37.2,37.09,37.18,29.27,"82,600"
13-Jul-17,37.2,37.28,37.08,37.17,29.27,"67,000"
14-Jul-17,37.22,37.34,37.2,37.31,29.38,"66,300"
17-Jul-17,37.3,37.33,37.22,37.31,29.38,"60,300"
18-Jul-17,37.31,37.38,37.26,37.38,29.43,"74,500"
19-Jul-17,37.4,37.47,37.37,37.47,29.5,"61,400"
20-Jul-17,37.48,37.55,37.44,37.49,29.52,"34,900"
21-Jul-17,37.44,37.52,37.4,37.52,29.54,"84,500"
24-Jul-17,37.48,37.5,37.38,37.49,29.52,"73,800"
25-Jul-17,37.54,37.54,37.4,37.45,29.49,"54,300"
26-Jul-17,37.46,37.55,37.38,37.54,29.56,"54,800"
27-Jul-17,37.58,37.58,37.36,37.4,29.45,"47,000"
28-Jul-17,37.44,37.49,37.35,37.49,29.52,"86,800"
31-Jul-17,37.52,37.58,37.46,37.52,29.54,"78,000"
01-Aug-17,37.57,37.62,37.49,37.62,29.62,"87,000"
02-Aug-17,37.57,37.64,37.53,37.53,29.55,"78,600"
03-Aug-17,37.59,37.64,37.53,37.56,29.57,"48,100"
04-Aug-17,37.61,37.64,37.53,37.62,29.62,"36,500"
07-Aug-17,37.53,37.65,37.53,37.65,29.64,"96,200"
08-Aug-17,37.62,37.67,37.55,37.57,29.58,"95,700"
09-Aug-17,37.51,37.56,37.46,37.48,29.51,"610,300"
10-Aug-17,37.46,37.48,37.29,37.34,29.4,"80,700"
11-Aug-17,37.37,37.4,37.25,37.36,29.41,"66,000"
14-Aug-17,37.47,37.53,37.38,37.5,29.52,"59,000"
15-Aug-17,37.49,37.49,37.34,37.37,29.42,"73,500"
16-Aug-17,37.48,37.6,37.45,37.48,29.51,"90,900"
17-Aug-17,37.52,37.52,37.32,37.35,29.41,"100,500"
18-Aug-17,37.36,37.41,37.32,37.36,29.41,"135,200"
21-Aug-17,37.37,37.4,37.32,37.4,29.45,"63,900"
22-Aug-17,37.43,37.52,37.42,37.45,29.49,"130,300"
23-Aug-17,37.45,37.54,37.43,37.5,29.52,"74,200"
24-Aug-17,37.53,37.55,37.45,37.48,29.51,"60,000"
25-Aug-17,37.57,37.6,37.47,37.56,29.57,"69,200"
28-Aug-17,37.59,37.7,37.5,37.58,29.59,"55,500"
29-Aug-17,37.49,37.59,37.46,37.58,29.59,"129,500"
30-Aug-17,37.53,37.61,37.5,37.6,29.6,"58,900"
31-Aug-17,37.62,37.78,37.49,37.74,29.71,"81,800"
01-Sep-17,37.78,37.78,37.69,37.75,29.72,"93,900"
05-Sep-17,37.72,37.76,37.62,37.7,29.68,"54,000"
06-Sep-17,37.76,37.79,37.67,37.7,29.68,"535,200"
07-Sep-17,37.78,37.87,37.76,37.86,29.81,"81,800"
08-Sep-17,37.86,37.87,37.75,37.83,29.78,"117,000"
11-Sep-17,37.9,37.95,37.8,37.93,29.86,"61,300"
12-Sep-17,37.97,37.97,37.88,37.95,29.88,"55,600"
13-Sep-17,37.86,37.94,37.82,37.85,29.8,"59,000"
14-Sep-17,37.77,37.9,37.77,37.88,29.82,"98,000"
15-Sep-17,37.92,37.94,37.8,37.94,29.87,"374,000"
18-Sep-17,37.95,38.0,37.9,37.95,29.88,"118,000"
19-Sep-17,37.97,38.01,37.92,37.98,29.9,"55,800"
20-Sep-17,38.0,38.03,37.82,37.89,29.83,"77,400"
21-Sep-17,37.94,37.97,37.85,37.92,29.86,"53,800"
22-Sep-17,37.91,37.95,37.87,37.94,29.87,"59,500"
25-Sep-17,37.89,37.93,37.81,37.91,29.85,"88,600"
26-Sep-17,37.87,37.91,37.81,37.81,29.77,"152,200"
27-Sep-17,37.9,37.9,37.75,37.87,29.82,"90,000"
28-Sep-17,37.72,37.9,37.72,37.86,29.81,"68,000"
29-Sep-17,37.91,37.97,37.87,37.97,29.9,"258,000"
02-Oct-17,37.99,38.01,37.93,38.0,29.92,"71,700"
03-Oct-17,37.92,37.93,37.81,37.93,29.99,"85,800"
04-Oct-17,38.01,38.01,37.87,37.87,29.94,"170,500"
05-Oct-17,37.96,37.98,37.86,37.96,30.02,"96,100"
06-Oct-17,37.92,37.94,37.85,37.87,29.94,"115,800"
09-Oct-17,37.82,37.95,37.82,37.87,29.94,"182,600"
10-Oct-17,38.02,38.04,37.96,38.04,30.08,"212,700"
11-Oct-17,38.04,38.12,38.0,38.07,30.1,"116,500"
12-Oct-17,38.01,38.1,38.01,38.09,30.12,"88,100"
13-Oct-17,38.15,38.2,38.09,38.12,30.14,"120,200"
16-Oct-17,38.21,38.22,38.1,38.1,30.13,"132,000"
17-Oct-17,38.08,38.17,38.07,38.16,30.17,"84,200"
18-Oct-17,38.18,38.18,38.1,38.1,30.13,"123,400"
19-Oct-17,38.04,38.14,38.01,38.08,30.11,"63,200"
20-Oct-17,38.18,38.18,38.08,38.14,30.16,"55,100"
23-Oct-17,38.22,38.22,38.08,38.11,30.13,"84,000"
24-Oct-17,38.11,38.13,38.05,38.1,30.13,"108,400"
25-Oct-17,38.05,38.07,37.9,37.96,30.02,"77,000"
26-Oct-17,38.07,38.07,37.95,37.99,30.04,"82,800"
27-Oct-17,37.99,38.15,37.99,38.14,30.16,"78,600"
30-Oct-17,38.14,38.18,38.1,38.14,30.16,"215,300"
31-Oct-17,38.2,38.23,38.14,38.16,30.17,"155,700"
01-Nov-17,38.37,38.37,38.16,38.24,30.24,"231,800"
02-Nov-17,38.22,38.27,38.19,38.27,30.26,"59,800"
03-Nov-17,38.25,38.29,38.21,38.23,30.23,"94,600"
06-Nov-17,38.25,38.38,38.23,38.35,30.32,"71,900"
07-Nov-17,38.35,38.37,38.25,38.32,30.3,"182,400"
08-Nov-17,38.32,38.36,38.23,38.35,30.32,"153,100"
09-Nov-17,38.24,38.31,38.13,38.18,30.19,"111,500"
10-Nov-17,38.14,38.17,38.05,38.07,30.1,"108,900"
13-Nov-17,38.0,38.14,37.99,38.13,30.15,"94,100"
14-Nov-17,38.07,38.11,38.01,38.11,30.13,"79,800"
15-Nov-17,38.04,38.08,37.97,38.01,30.05,"121,500"
16-Nov-17,38.22,38.23,38.14,38.18,30.19,"312,100"
17-Nov-17,38.23,38.24,38.13,38.2,30.2,"90,800"
20-Nov-17,38.22,38.25,38.15,38.23,30.23,"133,400"
21-Nov-17,38.31,38.4,38.29,38.37,30.34,"104,900"
22-Nov-17,38.42,38.44,38.36,38.44,30.39,"129,200"
24-Nov-17,38.44,38.49,38.42,38.48,30.43,"50,200"
27-Nov-17,38.49,38.49,38.34,38.34,30.32,"555,400"
28-Nov-17,38.42,38.54,38.37,38.54,30.47,"120,500"
29-Nov-17,38.53,38.53,38.37,38.38,30.35,"243,100"
30-Nov-17,38.49,38.52,38.44,38.49,30.43,"139,500"
01-Dec-17,38.33,38.5,38.25,38.48,30.43,"126,800"
04-Dec-17,38.6,38.6,38.44,38.48,30.43,"134,900"
05-Dec-17,38.46,38.52,38.41,38.46,30.41,"113,300"
06-Dec-17,38.44,38.47,38.32,38.44,30.39,"152,600"
07-Dec-17,38.44,38.51,38.42,38.44,30.39,"144,500"
08-Dec-17,38.54,38.54,38.43,38.45,30.4,"433,500"
11-Dec-17,38.49,38.57,38.47,38.55,30.48,"427,800"
12-Dec-17,38.54,38.56,38.4,38.53,30.47,"132,100"
13-Dec-17,38.54,38.67,38.51,38.57,30.5,"114,300"
14-Dec-17,38.56,38.62,38.55,38.56,30.49,"335,300"
15-Dec-17,38.6,38.66,38.55,38.64,30.55,"96,000"
18-Dec-17,38.77,38.79,38.66,38.74,30.63,"350,700"
19-Dec-17,38.82,38.96,38.6,38.64,30.55,"145,000"
20-Dec-17,38.67,38.69,38.53,38.53,30.47,"252,100"
21-Dec-17,38.65,38.7,38.58,38.65,30.56,"277,800"
22-Dec-17,38.7,38.7,38.55,38.61,30.53,"174,200"
26-Dec-17,38.65,38.74,38.61,38.68,30.58,"167,000"
27-Dec-17,38.73,38.77,38.68,38.68,30.58,"169,600"
28-Dec-17,38.12,38.12,37.96,38.06,30.65,"240,400"
29-Dec-17,38.13,38.14,38.0,38.04,30.64,"151,300"
02-Jan-18,38.15,38.18,38.01,38.17,30.74,"174,400"
03-Jan-18,38.2,38.3,38.2,38.26,30.81,"159,000"
04-Jan-18,38.35,38.41,38.29,38.41,30.94,"324,800"
05-Jan-18,38.46,38.48,38.38,38.48,30.99,"145,700"
08-Jan-18,38.42,38.49,38.41,38.47,30.98,"557,900"
09-Jan-18,38.48,38.48,38.41,38.44,30.96,"205,800"
10-Jan-18,38.36,38.41,38.3,38.37,30.9,"202,600"
11-Jan-18,38.45,38.51,38.37,38.51,31.02,"131,800"
12-Jan-18,38.55,38.66,38.48,38.66,31.14,"277,100"
16-Jan-18,38.69,38.75,38.55,38.55,31.05,"377,700"
17-Jan-18,38.72,38.77,38.62,38.73,31.19,"138,200"
18-Jan-18,38.75,38.75,38.63,38.65,31.13,"132,400"
19-Jan-18,38.66,38.74,38.62,38.73,31.19,"192,300"
22-Jan-18,38.71,38.81,38.64,38.76,31.22,"196,900"
23-Jan-18,38.83,38.91,38.81,38.91,31.34,"127,300"
24-Jan-18,38.98,38.98,38.82,38.93,31.35,"103,000"
25-Jan-18,38.93,38.99,38.85,38.89,31.32,"248,800"
26-Jan-18,38.95,39.05,38.92,39.0,31.41,"206,100"
29-Jan-18,38.88,38.95,38.83,38.87,31.31,"149,300"
30-Jan-18,38.73,38.79,38.61,38.7,31.17,"116,300"
31-Jan-18,38.78,38.8,38.61,38.71,31.18,"138,300"
01-Feb-18,38.59,38.76,38.55,38.58,31.07,"117,000"
02-Feb-18,38.48,38.5,38.2,38.22,30.78,"906,300"
05-Feb-18,38.1,38.1,37.54,37.65,30.32,"301,000"
06-Feb-18,37.47,37.84,37.33,37.72,30.38,"171,500"
07-Feb-18,37.72,37.95,37.62,37.7,30.36,"301,000"
08-Feb-18,37.71,37.71,37.16,37.16,29.93,"370,100"
09-Feb-18,37.25,37.39,36.94,37.24,29.99,"199,500"
12-Feb-18,37.41,37.59,37.31,37.5,30.2,"302,700"
13-Feb-18,37.43,37.55,37.38,37.54,30.23,"136,500"
14-Feb-18,37.48,37.78,37.37,37.78,30.43,"260,900"
15-Feb-18,37.86,37.96,37.74,37.94,30.56,"124,500"
16-Feb-18,37.92,38.15,37.9,38.06,30.65,"124,300"
20-Feb-18,37.96,38.0,37.81,37.87,30.5,"163,200"
21-Feb-18,37.93,38.04,37.75,37.75,30.4,"73,900"
22-Feb-18,37.83,37.94,37.75,37.81,30.45,"130,700"
23-Feb-18,37.91,38.05,37.82,38.05,30.65,"73,900"
26-Feb-18,38.18,38.25,38.08,38.23,30.79,"167,100"
27-Feb-18,38.14,38.23,37.95,37.97,30.58,"87,000"
28-Feb-18,38.0,38.02,37.79,37.81,30.45,"93,400"
01-Mar-18,37.79,37.84,37.53,37.61,30.29,"119,300"
02-Mar-18,37.51,37.71,37.46,37.7,30.36,"156,700"
05-Mar-18,37.61,37.83,37.6,37.81,30.45,"90,300"
06-Mar-18,37.75,37.93,37.75,37.82,30.46,"127,800"
07-Mar-18,37.8,37.9,37.76,37.89,30.52,"96,400"
08-Mar-18,37.94,37.96,37.87,37.93,30.55,"69,400"
09-Mar-18,38.02,38.21,37.96,38.16,30.73,"140,900"
12-Mar-18,38.16,38.21,38.09,38.16,30.73,"113,900"
13-Mar-18,38.17,38.29,38.01,38.08,30.67,"104,000"
14-Mar-18,38.17,38.17,38.01,38.04,30.64,"90,300"
15-Mar-18,38.12,38.16,38.01,38.08,30.67,"240,300"
16-Mar-18,38.04,38.09,38.01,38.05,30.65,"67,700"
19-Mar-18,38.07,38.07,37.75,37.87,30.5,"103,500"
20-Mar-18,37.87,37.9,37.81,37.87,30.5,"78,300"
21-Mar-18,37.8,37.94,37.8,37.83,30.47,"137,800"
22-Mar-18,37.75,37.81,37.55,37.59,30.28,"80,300"
23-Mar-18,37.61,37.61,37.29,37.34,30.07,"139,700"
26-Mar-18,37.54,37.64,37.37,37.64,30.32,"99,000"
27-Mar-18,37.61,37.75,37.39,37.42,30.14,"89,700"
28-Mar-18,37.55,37.69,37.46,37.56,30.25,"78,900"
29-Mar-18,37.53,37.83,37.51,37.77,30.42,"55,600"
02-Apr-18,37.7,37.7,37.33,37.46,30.17,"106,200"
03-Apr-18,37.4,37.44,37.26,37.36,30.22,"64,000"
04-Apr-18,37.04,37.56,37.04,37.56,30.38,"183,000"
05-Apr-18,37.57,37.66,37.54,37.56,30.38,"101,300"
06-Apr-18,37.5,37.63,37.32,37.35,30.21,"71,500"
09-Apr-18,37.53,37.64,37.46,37.53,30.36,"83,400"
10-Apr-18,37.66,37.73,37.6,37.72,30.51,"78,400"
11-Apr-18,37.62,37.74,37.61,37.66,30.47,"94,800"
12-Apr-18,37.71,37.73,37.63,37.72,30.51,"113,500"
13-Apr-18,37.77,37.77,37.56,37.59,30.41,"111,300"
16-Apr-18,37.71,37.78,37.6,37.69,30.49,"449,200"
17-Apr-18,37.81,37.91,37.74,37.83,30.6,"92,000"
18-Apr-18,37.93,37.94,37.85,37.88,30.64,"183,400"
19-Apr-18,37.86,37.94,37.68,37.71,30.51,"59,100"
20-Apr-18,37.73,37.73,37.56,37.61,30.43,"98,700"
23-Apr-18,37.61,37.61,37.46,37.55,30.38,"66,600"
24-Apr-18,37.61,37.61,37.32,37.41,30.26,"81,800"
25-Apr-18,37.34,37.37,37.24,37.36,30.22,"67,600"
26-Apr-18,37.38,37.56,37.37,37.53,30.36,"61,600"
27-Apr-18,37.57,37.71,37.51,37.54,30.37,"514,300"
30-Apr-18,37.54,37.6,37.47,37.47,30.31,"71,500"
01-May-18,37.42,37.51,37.28,37.44,30.29,"83,400"
02-May-18,37.41,37.47,37.34,37.37,30.23,"81,800"
03-May-18,37.32,37.4,37.23,37.34,30.21,"136,500"
04-May-18,37.28,37.54,37.28,37.49,30.33,"103,300"
07-May-18,37.4,37.55,37.4,37.46,30.3,"127,400"
08-May-18,37.4,37.47,37.38,37.47,30.31,"54,500"
09-May-18,37.42,37.56,37.42,37.51,30.34,"116,000"
10-May-18,37.69,37.74,37.61,37.72,30.51,"59,100"
11-May-18,37.79,37.84,37.75,37.79,30.57,"54,100"
14-May-18,37.82,37.87,37.75,37.8,30.58,"110,000"
15-May-18,37.62,37.63,37.5,37.58,30.4,"66,800"
16-May-18,37.6,37.65,37.56,37.62,30.43,"41,900"
17-May-18,37.61,37.65,37.55,37.57,30.39,"71,600"
18-May-18,37.56,37.6,37.53,37.6,30.42,"85,200"
21-May-18,37.64,37.71,37.62,37.66,30.47,"115,300"
22-May-18,37.69,37.76,37.67,37.7,30.5,"91,600"
23-May-18,37.61,37.71,37.57,37.71,30.51,"86,500"
24-May-18,37.69,37.72,37.6,37.72,30.51,"54,300"
25-May-18,37.72,37.73,37.65,37.73,30.52,"58,200"
29-May-18,37.6,37.62,37.45,37.56,30.38,"68,100"
30-May-18,37.68,37.72,37.59,37.67,30.47,"87,700"
31-May-18,37.7,37.74,37.6,37.67,30.47,"50,700"
01-Jun-18,37.64,37.76,37.63,37.75,30.54,"50,100"
04-Jun-18,37.81,37.86,37.77,37.8,30.58,"54,400"
05-Jun-18,37.78,37.8,37.72,37.78,30.56,"89,200"
06-Jun-18,37.76,37.83,37.7,37.81,30.59,"79,200"
07-Jun-18,37.84,37.9,37.75,37.83,30.6,"72,100"
08-Jun-18,37.82,37.89,37.77,37.89,30.65,"59,200"
11-Jun-18,37.89,37.94,37.81,37.84,30.61,"70,100"
12-Jun-18,37.82,37.94,37.78,37.79,30.57,"73,100"
13-Jun-18,37.89,37.92,37.78,37.84,30.61,"85,300"
14-Jun-18,37.87,37.91,37.81,37.87,30.64,"70,200"
15-Jun-18,37.87,37.87,37.75,37.77,30.55,"59,900"
18-Jun-18,37.67,37.76,37.66,37.76,30.55,"139,100"
19-Jun-18,37.59,37.7,37.5,37.65,30.46,"106,000"
20-Jun-18,37.74,37.74,37.67,37.68,30.48,"57,600"
21-Jun-18,37.68,37.69,37.53,37.6,30.42,"79,000"
22-Jun-18,37.67,37.73,37.62,37.7,30.5,"49,500"
25-Jun-18,37.54,37.54,37.35,37.44,30.29,"82,500"
26-Jun-18,37.5,37.53,37.41,37.49,30.33,"56,200"
27-Jun-18,37.49,37.59,37.36,37.36,30.22,"56,500"
28-Jun-18,37.36,37.46,37.33,37.45,30.3,"57,200"
29-Jun-18,37.46,37.6,37.46,37.53,30.36,"82,900"
02-Jul-18,37.27,37.46,37.27,37.46,30.3,"90,000"
03-Jul-18,37.21,37.3,37.18,37.2,30.33,"43,700"
05-Jul-18,37.23,37.33,37.2,37.28,30.39,"77,400"
06-Jul-18,37.31,37.51,37.31,37.44,30.52,"199,800"
09-Jul-18,37.58,37.63,37.55,37.63,30.68,"87,100"
10-Jul-18,37.57,37.66,37.52,37.65,30.7,"112,700"
11-Jul-18,37.54,37.56,37.39,37.48,30.56,"56,900"
12-Jul-18,37.55,37.62,37.47,37.57,30.63,"104,300"
13-Jul-18,37.58,37.68,37.57,37.65,30.7,"125,300"
16-Jul-18,37.63,37.67,37.56,37.58,30.64,"62,000"
17-Jul-18,37.56,37.7,37.47,37.62,30.67,"84,200"
18-Jul-18,37.61,37.7,37.59,37.63,30.68,"54,400"
19-Jul-18,37.56,37.77,37.51,37.66,30.7,"199,100"
20-Jul-18,37.64,37.69,37.52,37.66,30.7,"51,700"
23-Jul-18,37.65,37.65,37.54,37.54,30.61,"82,200"
24-Jul-18,37.67,37.74,37.61,37.72,30.75,"97,300"
25-Jul-18,37.59,37.85,37.59,37.85,30.86,"68,600"
26-Jul-18,37.8,37.82,37.7,37.72,30.75,"98,100"
27-Jul-18,37.8,37.87,37.66,37.69,30.73,"77,400"
30-Jul-18,37.7,37.76,37.62,37.68,30.72,"63,000"
31-Jul-18,37.69,37.81,37.69,37.77,30.79,"65,100"
01-Aug-18,37.59,37.72,37.59,37.67,30.71,"101,100"
02-Aug-18,37.55,37.68,37.53,37.68,30.72,"100,700"
03-Aug-18,37.68,37.79,37.65,37.77,30.79,"63,000"
06-Aug-18,37.73,37.8,37.67,37.78,30.8,"71,000"
07-Aug-18,37.7,37.87,37.7,37.78,30.8,"51,400"
08-Aug-18,37.81,37.85,37.78,37.81,30.83,"169,400"
09-Aug-18,37.85,37.86,37.77,37.77,30.79,"72,900"
10-Aug-18,37.69,37.7,37.66,37.67,30.71,"81,900"
13-Aug-18,37.64,37.67,37.53,37.59,30.65,"79,100"
14-Aug-18,37.58,37.66,37.53,37.59,30.65,"73,700"
15-Aug-18,37.53,37.53,37.43,37.45,30.53,"62,000"
16-Aug-18,37.58,37.66,37.51,37.64,30.69,"106,500"
17-Aug-18,37.58,37.71,37.55,37.71,30.74,"53,600"
20-Aug-18,37.71,37.83,37.7,37.82,30.83,"91,300"
21-Aug-18,37.84,37.92,37.82,37.82,30.83,"84,800"
22-Aug-18,37.85,37.93,37.82,37.92,30.92,"59,800"
23-Aug-18,37.82,37.94,37.8,37.82,30.83,"68,100"
24-Aug-18,37.88,37.95,37.81,37.89,30.89,"56,000"
27-Aug-18,37.98,38.08,37.95,38.06,31.03,"134,000"
28-Aug-18,38.09,38.09,38.0,38.03,31.01,"73,200"
29-Aug-18,38.1,38.1,38.0,38.08,31.05,"83,900"
30-Aug-18,38.03,38.03,37.92,37.99,30.97,"43,600"
31-Aug-18,37.96,37.98,37.86,37.96,30.95,"52,900"
04-Sep-18,37.87,37.87,37.71,37.82,30.83,"130,700"
05-Sep-18,37.72,37.78,37.65,37.68,30.72,"63,100"
06-Sep-18,37.71,37.77,37.63,37.67,30.71,"113,700"
07-Sep-18,37.54,37.62,37.54,37.56,30.62,"113,500"
10-Sep-18,37.61,37.66,37.59,37.61,30.66,"103,700"
11-Sep-18,37.59,37.64,37.52,37.64,30.69,"51,800"
12-Sep-18,37.6,37.76,37.58,37.69,30.73,"59,000"
13-Sep-18,37.83,37.84,37.73,37.82,30.83,"64,300"
14-Sep-18,37.79,37.83,37.75,37.79,30.81,"111,700"
17-Sep-18,37.76,37.83,37.72,37.75,30.78,"87,200"
18-Sep-18,37.75,37.84,37.75,37.82,30.83,"66,300"
19-Sep-18,37.77,37.84,37.75,37.82,30.83,"47,800"
20-Sep-18,37.88,37.99,37.87,37.99,30.97,"82,000"
21-Sep-18,38.02,38.02,37.94,37.99,30.97,"55,800"
24-Sep-18,37.94,37.96,37.85,37.91,30.91,"72,700"
25-Sep-18,37.93,37.98,37.85,37.9,30.9,"145,200"
26-Sep-18,37.93,38.0,37.85,37.91,30.91,"121,700"
27-Sep-18,37.93,38.01,37.87,37.92,30.92,"120,500"
28-Sep-18,37.9,37.95,37.86,37.89,30.89,"77,100"
01-Oct-18,37.93,37.95,37.86,37.92,30.92,"97,700"
02-Oct-18,37.68,37.72,37.61,37.63,30.84,"123,000"
03-Oct-18,37.72,37.75,37.56,37.61,30.82,"174,600"
04-Oct-18,37.48,37.48,37.25,37.31,30.58,"106,100"
05-Oct-18,37.3,37.37,37.12,37.23,30.51,"68,400"
08-Oct-18,37.12,37.19,37.05,37.14,30.44,"85,700"
09-Oct-18,37.13,37.19,37.09,37.17,30.46,"134,900"
10-Oct-18,37.07,37.13,36.69,36.75,30.12,"127,700"
11-Oct-18,36.69,36.77,36.43,36.54,29.95,"145,600"
12-Oct-18,36.66,36.75,36.5,36.67,30.05,"119,400"
15-Oct-18,36.61,36.74,36.6,36.6,29.99,"139,000"
16-Oct-18,36.75,36.92,36.63,36.89,30.23,"111,000"
17-Oct-18,36.88,36.93,36.78,36.83,30.18,"105,400"
18-Oct-18,36.75,36.79,36.53,36.59,29.99,"78,700"
19-Oct-18,36.67,36.76,36.55,36.64,30.03,"63,100"
22-Oct-18,36.68,36.71,36.53,36.53,29.94,"120,000"
23-Oct-18,36.35,36.53,36.26,36.49,29.9,"111,600"
24-Oct-18,36.46,36.53,36.04,36.04,29.54,"122,900"
25-Oct-18,36.1,36.39,36.1,36.26,29.72,"91,400"
26-Oct-18,36.08,36.3,36.01,36.17,29.64,"141,900"
29-Oct-18,36.3,36.4,35.9,36.06,29.55,"176,900"
30-Oct-18,36.12,36.24,36.04,36.21,29.67,"205,600"
31-Oct-18,36.36,36.49,36.31,36.33,29.77,"208,100"
01-Nov-18,36.42,36.64,36.41,36.57,29.97,"270,600"
02-Nov-18,36.65,36.7,36.41,36.49,29.9,"284,800"
05-Nov-18,36.53,36.63,36.49,36.58,29.98,"208,400"
06-Nov-18,36.57,36.68,36.52,36.64,30.03,"132,400"
07-Nov-18,36.82,36.94,36.76,36.93,30.26,"149,100"
08-Nov-18,36.88,36.93,36.74,36.77,30.13,"104,600"
09-Nov-18,36.72,36.82,36.58,36.67,30.05,"275,400"
12-Nov-18,36.68,36.68,36.42,36.45,29.87,"445,900"
13-Nov-18,36.49,36.62,36.4,36.46,29.88,"255,500"
14-Nov-18,36.55,36.61,36.37,36.45,29.87,"366,900"
15-Nov-18,36.37,36.59,36.3,36.56,29.96,"348,100"
16-Nov-18,36.53,36.67,36.5,36.65,30.04,"344,700"
19-Nov-18,36.59,36.62,36.38,36.45,29.87,"341,000"
20-Nov-18,36.23,36.28,36.08,36.1,29.58,"244,400"
21-Nov-18,36.25,36.37,36.21,36.3,29.75,"471,400"
23-Nov-18,36.2,36.27,36.18,36.19,29.66,"206,700"
26-Nov-18,36.31,36.4,36.3,36.4,29.83,"312,000"
27-Nov-18,36.31,36.41,36.2,36.41,29.84,"253,500"
28-Nov-18,36.43,36.73,36.36,36.72,30.09,"871,700"
29-Nov-18,36.67,36.75,36.57,36.68,30.06,"402,300"
30-Nov-18,36.63,36.75,36.55,36.74,30.11,"374,300"
03-Dec-18,36.87,36.99,36.82,36.97,30.3,"630,000"
04-Dec-18,36.89,36.94,36.53,36.59,29.99,"620,400"
06-Dec-18,36.36,36.5,36.16,36.46,29.88,"655,100"
07-Dec-18,36.5,36.57,36.23,36.29,29.74,"598,000"
10-Dec-18,36.22,36.29,36.0,36.26,29.72,"708,700"
11-Dec-18,36.41,36.43,36.17,36.23,29.69,"1,866,900"
12-Dec-18,36.45,36.6,36.35,36.4,29.83,"926,400"
13-Dec-18,36.46,36.52,36.31,36.4,29.83,"703,600"
14-Dec-18,36.26,36.29,36.11,36.17,29.64,"597,900"
17-Dec-18,36.13,36.2,35.88,35.96,29.47,"1,202,300"
18-Dec-18,36.06,36.14,35.96,36.06,29.55,"1,390,000"
19-Dec-18,36.05,36.22,35.81,35.89,29.41,"786,400"
20-Dec-18,35.84,35.92,35.62,35.73,29.28,"964,500"
21-Dec-18,35.73,35.82,35.42,35.44,29.04,"725,700"
24-Dec-18,35.35,35.49,35.16,35.24,28.88,"948,200"
26-Dec-18,35.34,35.7,35.16,35.7,29.26,"1,605,000"
27-Dec-18,35.49,35.77,35.4,35.77,29.31,"1,287,100"
28-Dec-18,35.58,35.77,35.5,35.61,29.39,"1,369,700"
31-Dec-18,35.86,36.0,35.57,35.68,29.45,"1,035,500"
02-Jan-19,35.57,35.72,35.45,35.71,29.47,"611,200"
03-Jan-19,35.62,35.81,35.47,35.53,29.32,"1,912,600"
04-Jan-19,35.75,35.95,35.65,35.94,29.66,"507,600"
07-Jan-19,35.99,36.07,35.89,35.98,29.7,"425,100"
08-Jan-19,36.04,36.14,35.97,36.07,29.77,"256,500"
09-Jan-19,36.13,36.31,36.13,36.26,29.93,"322,800"
10-Jan-19,36.18,36.29,36.12,36.28,29.94,"407,000"
11-Jan-19,36.23,36.29,36.18,36.25,29.92,"1,482,100"
14-Jan-19,36.16,36.21,36.14,36.17,29.85,"606,100"
15-Jan-19,36.23,36.31,36.21,36.3,29.96,"235,100"
16-Jan-19,36.27,36.4,36.27,36.38,30.03,"259,800"
17-Jan-19,36.3,36.48,36.24,36.41,30.05,"397,800"
18-Jan-19,36.52,36.63,36.52,36.62,30.22,"430,000"
22-Jan-19,36.55,36.56,36.34,36.38,30.03,"778,600"
23-Jan-19,36.46,36.73,36.35,36.45,30.08,"290,000"
24-Jan-19,36.53,36.58,36.47,36.55,30.17,"790,000"
25-Jan-19,36.63,36.71,36.63,36.64,30.24,"305,200"
28-Jan-19,36.58,36.58,36.48,36.56,30.17,"1,103,700"
29-Jan-19,36.65,36.66,36.57,36.59,30.2,"1,046,200"
30-Jan-19,36.67,36.9,36.64,36.84,30.41,"229,000"
31-Jan-19,36.9,37.02,36.85,37.01,30.55,"647,200"
01-Feb-19,37.01,37.03,36.93,36.98,30.52,"163,200"
04-Feb-19,36.99,37.03,36.91,37.03,30.56,"258,600"
05-Feb-19,37.08,37.19,37.08,37.15,30.66,"93,900"
06-Feb-19,37.15,37.19,37.06,37.06,30.59,"844,200"
07-Feb-19,37.03,37.03,36.87,37.01,30.55,"372,900"
08-Feb-19,36.93,37.0,36.87,37.0,30.54,"210,600"
11-Feb-19,37.02,37.04,36.94,36.99,30.53,"198,400"
12-Feb-19,37.1,37.15,37.06,37.13,30.64,"178,100"
13-Feb-19,37.16,37.24,37.12,37.17,30.68,"323,300"
14-Feb-19,37.13,37.22,37.11,37.16,30.67,"95,300"
15-Feb-19,37.24,37.32,37.16,37.32,30.8,"78,600"
19-Feb-19,37.32,37.46,37.32,37.45,30.91,"80,300"
20-Feb-19,37.44,37.51,37.41,37.44,30.9,"113,500"
21-Feb-19,37.43,37.43,37.32,37.36,30.83,"100,600"
22-Feb-19,37.45,37.54,37.41,37.54,30.98,"112,800"
25-Feb-19,37.59,37.65,37.55,37.58,31.02,"123,800"
26-Feb-19,37.54,37.64,37.54,37.56,31.0,"71,500"
27-Feb-19,37.54,37.74,37.44,37.5,30.95,"179,700"
28-Feb-19,37.48,37.53,37.39,37.44,30.9,"92,200"
01-Mar-19,37.5,37.57,37.47,37.53,30.97,"118,900"
04-Mar-19,37.6,37.6,37.39,37.45,30.91,"91,900"
05-Mar-19,37.47,37.51,37.43,37.49,30.94,"108,000"
06-Mar-19,37.51,37.52,37.41,37.41,30.88,"82,900"
07-Mar-19,37.46,37.46,37.28,37.3,30.78,"98,200"
08-Mar-19,37.19,37.3,37.18,37.28,30.77,"97,200"
11-Mar-19,37.36,37.52,37.36,37.48,30.93,"80,500"
12-Mar-19,37.54,37.62,37.53,37.6,31.03,"111,600"
13-Mar-19,37.62,37.73,37.6,37.66,31.08,"102,900"
14-Mar-19,37.71,37.71,37.62,37.66,31.08,"46,700"
15-Mar-19,37.74,37.82,37.73,37.79,31.19,"98,200"
18-Mar-19,37.79,37.93,37.79,37.92,31.3,"711,300"
19-Mar-19,37.94,37.98,37.84,37.85,31.24,"91,700"
20-Mar-19,37.87,38.04,37.8,37.96,31.33,"104,400"
21-Mar-19,37.92,38.08,37.86,38.02,31.38,"123,100"
22-Mar-19,38.05,38.05,37.83,37.85,31.24,"40,100"
25-Mar-19,37.81,37.85,37.76,37.82,31.21,"213,400"
26-Mar-19,37.94,38.0,37.89,37.95,31.32,"64,700"
27-Mar-19,37.98,38.0,37.85,37.96,31.33,"79,500"
28-Mar-19,37.98,37.98,37.87,37.95,31.32,"205,800"
29-Mar-19,38.0,38.06,37.96,38.06,31.41,"62,100"
01-Apr-19,38.08,38.19,38.08,38.15,31.49,"194,600"
02-Apr-19,38.01,38.01,37.91,37.94,31.49,"90,800"
03-Apr-19,38.06,38.09,37.98,38.02,31.56,"91,100"
04-Apr-19,38.01,38.06,38.0,38.02,31.56,"88,400"
05-Apr-19,38.08,38.17,38.05,38.17,31.68,"95,400"
08-Apr-19,38.14,38.16,38.07,38.16,31.67,"164,400"
09-Apr-19,38.13,38.14,38.04,38.07,31.6,"118,500"
10-Apr-19,38.11,38.19,38.11,38.17,31.68,"107,700"
11-Apr-19,38.2,38.2,38.09,38.14,31.66,"91,700"
12-Apr-19,38.2,38.22,38.16,38.19,31.7,"45,000"
15-Apr-19,38.19,38.2,38.16,38.16,31.67,"138,800"
16-Apr-19,38.19,38.24,38.16,38.19,31.7,"90,300"
17-Apr-19,38.24,38.3,38.16,38.17,31.68,"66,400"
18-Apr-19,38.19,38.31,38.18,38.18,31.69,"118,700"
22-Apr-19,38.16,38.21,38.15,38.2,31.71,"86,400"
23-Apr-19,38.2,38.33,38.2,38.32,31.81,"132,200"
24-Apr-19,38.27,38.34,38.24,38.24,31.74,"188,700"
25-Apr-19,38.25,38.27,38.19,38.25,31.75,"83,400"
26-Apr-19,38.31,38.37,38.25,38.37,31.85,"65,900"
29-Apr-19,38.36,38.39,38.33,38.33,31.81,"75,900"
30-Apr-19,38.35,38.43,38.33,38.42,31.89,"71,000"
01-May-19,38.41,38.49,38.31,38.33,31.81,"80,100"
02-May-19,38.31,38.31,38.15,38.25,31.75,"80,100"
03-May-19,38.31,38.47,38.3,38.47,31.93,"69,500"
06-May-19,38.18,38.37,38.16,38.37,31.85,"72,600"
07-May-19,38.25,38.28,38.01,38.08,31.61,"128,600"
08-May-19,38.08,38.15,38.05,38.1,31.62,"64,100"
09-May-19,37.99,38.02,37.84,38.02,31.56,"69,300"
10-May-19,37.94,38.12,37.8,38.1,31.62,"55,000"
13-May-19,37.77,37.85,37.66,37.75,31.33,"138,300"
14-May-19,37.73,37.94,37.73,37.82,31.39,"107,200"
15-May-19,37.76,38.02,37.76,37.93,31.48,"46,300"
16-May-19,37.99,38.15,37.99,38.06,31.59,"65,200"
17-May-19,37.97,38.08,37.9,38.0,31.54,"70,600"
20-May-19,37.9,37.94,37.81,37.81,31.38,"60,900"
21-May-19,37.95,37.99,37.86,37.97,31.52,"64,800"
22-May-19,37.95,38.0,37.91,37.97,31.52,"71,100"
23-May-19,37.82,37.88,37.7,37.8,31.37,"55,600"
24-May-19,37.94,37.99,37.86,37.88,31.44,"132,700"
28-May-19,37.93,38.04,37.81,37.81,31.38,"72,100"
29-May-19,37.77,37.83,37.75,37.79,31.37,"79,400"
30-May-19,37.83,37.88,37.78,37.87,31.43,"421,300"
31-May-19,37.83,37.84,37.73,37.82,31.39,"108,900"
03-Jun-19,37.82,37.92,37.76,37.91,31.47,"63,700"
04-Jun-19,38.02,38.13,37.9,38.13,31.65,"67,900"
05-Jun-19,38.2,38.2,38.09,38.18,31.69,"289,900"
06-Jun-19,38.22,38.28,38.12,38.24,31.74,"60,900"
07-Jun-19,38.36,38.51,38.32,38.49,31.95,"129,300"
10-Jun-19,38.49,38.59,38.45,38.49,31.95,"110,000"
11-Jun-19,38.58,38.6,38.46,38.55,32.0,"80,700"
12-Jun-19,38.53,38.54,38.44,38.5,31.96,"42,200"
13-Jun-19,38.48,38.57,38.47,38.51,31.96,"55,200"
14-Jun-19,38.6,38.6,38.45,38.52,31.97,"67,500"
17-Jun-19,38.52,38.55,38.46,38.51,31.96,"146,600"
18-Jun-19,38.59,38.79,38.58,38.78,32.19,"98,300"
19-Jun-19,38.75,38.91,38.7,38.91,32.3,"383,300"
20-Jun-19,39.12,39.17,39.02,39.08,32.44,"73,600"
21-Jun-19,39.03,39.05,39.0,39.01,32.38,"80,000"
24-Jun-19,39.03,39.07,38.94,38.98,32.35,"120,300"
25-Jun-19,38.97,39.03,38.86,38.9,32.29,"146,000"
26-Jun-19,38.91,38.98,38.85,38.87,32.26,"114,800"
27-Jun-19,38.88,39.03,38.87,38.93,32.31,"76,500"
28-Jun-19,39.06,39.1,39.0,39.02,32.39,"81,400"
01-Jul-19,39.14,39.24,39.06,39.23,32.56,"164,300"
02-Jul-19,38.87,38.93,38.76,38.86,32.54,"162,200"
03-Jul-19,38.99,39.08,38.88,39.07,32.71,"78,700"
05-Jul-19,38.89,38.97,38.74,38.94,32.6,"86,300"
08-Jul-19,38.88,38.91,38.72,38.83,32.51,"102,400"
09-Jul-19,38.8,38.8,38.68,38.75,32.44,"70,700"
10-Jul-19,38.86,38.93,38.85,38.88,32.55,"130,600"
11-Jul-19,38.84,38.9,38.76,38.77,32.46,"81,900"
12-Jul-19,38.83,38.87,38.77,38.87,32.54,"76,400"
15-Jul-19,38.85,38.92,38.85,38.91,32.58,"117,500"
16-Jul-19,38.87,38.88,38.79,38.79,32.48,"171,300"
17-Jul-19,38.85,38.88,38.8,38.85,32.53,"118,900"
18-Jul-19,38.81,38.94,38.76,38.94,32.6,"99,000"
19-Jul-19,38.94,38.96,38.82,38.86,32.54,"67,000"
22-Jul-19,38.91,38.99,38.86,38.89,32.56,"93,300"
23-Jul-19,38.95,38.99,38.89,38.95,32.61,"54,900"
24-Jul-19,38.97,39.07,38.92,39.0,32.65,"94,900"
25-Jul-19,39.0,39.0,38.87,38.95,32.61,"72,700"
26-Jul-19,38.96,39.02,38.93,39.02,32.67,"36,400"
29-Jul-19,39.01,39.03,38.95,38.97,32.63,"73,200"
30-Jul-19,38.86,38.95,38.81,38.87,32.54,"90,900"
31-Jul-19,38.89,38.97,38.7,38.84,32.52,"84,500"
01-Aug-19,38.8,39.04,38.74,38.84,32.52,"116,700"
02-Aug-19,38.7,38.78,38.63,38.76,32.45,"95,000"
05-Aug-19,38.46,38.76,38.26,38.32,32.08,"153,200"
06-Aug-19,38.4,38.58,38.36,38.51,32.24,"260,400"
07-Aug-19,38.5,38.66,38.38,38.66,32.37,"88,600"
08-Aug-19,38.62,38.85,38.6,38.85,32.53,"147,600"
09-Aug-19,38.82,38.88,38.66,38.68,32.39,"122,700"
12-Aug-19,38.67,38.69,38.58,38.64,32.35,"140,500"
13-Aug-19,38.57,38.83,38.57,38.79,32.48,"80,500"
14-Aug-19,38.59,38.61,38.4,38.4,32.15,"140,700"
15-Aug-19,38.46,38.58,38.45,38.53,32.26,"87,600"
16-Aug-19,38.58,38.77,38.58,38.76,32.45,"386,800"
19-Aug-19,38.89,38.89,38.8,38.83,32.51,"82,400"
20-Aug-19,38.86,38.86,38.77,38.79,32.48,"111,800"
21-Aug-19,38.87,38.94,38.84,38.94,32.6,"110,800"
22-Aug-19,38.85,38.9,38.74,38.82,32.5,"64,100"
23-Aug-19,38.74,38.86,38.56,38.61,32.33,"128,700"
26-Aug-19,38.69,38.76,38.64,38.7,32.4,"83,500"
27-Aug-19,38.83,38.85,38.72,38.73,32.43,"110,400"
28-Aug-19,38.76,38.87,38.69,38.86,32.54,"62,500"
29-Aug-19,38.94,39.02,38.92,39.0,32.65,"91,800"
30-Aug-19,39.02,39.1,38.93,39.05,32.7,"74,900"
03-Sep-19,38.93,39.0,38.9,38.94,32.6,"109,000"
04-Sep-19,39.07,39.2,39.06,39.2,32.82,"81,900"
05-Sep-19,39.26,39.27,39.18,39.25,32.86,"153,600"
06-Sep-19,39.3,39.35,39.22,39.31,32.91,"59,300"
09-Sep-19,39.25,39.28,39.18,39.19,32.81,"256,500"
10-Sep-19,39.12,39.17,39.07,39.13,32.76,"157,100"
11-Sep-19,39.15,39.25,39.13,39.23,32.85,"62,100"
12-Sep-19,39.32,39.36,39.24,39.29,32.9,"79,200"
13-Sep-19,39.28,39.3,39.14,39.19,32.81,"128,100"
16-Sep-19,39.14,39.21,39.12,39.2,32.82,"157,100"
17-Sep-19,39.19,39.26,39.1,39.26,32.87,"76,400"
18-Sep-19,39.22,39.3,39.13,39.22,32.84,"184,700"
19-Sep-19,39.35,39.39,39.27,39.29,32.9,"85,200"
20-Sep-19,39.38,39.39,39.23,39.31,32.91,"203,900"
23-Sep-19,39.25,39.36,39.21,39.3,32.9,"97,400"
24-Sep-19,39.35,39.4,39.2,39.22,32.84,"96,300"
25-Sep-19,39.23,39.31,39.14,39.24,32.85,"127,100"
26-Sep-19,39.27,39.31,39.21,39.27,32.88,"71,600"
27-Sep-19,39.25,39.29,39.12,39.21,32.83,"89,700"
30-Sep-19,39.16,39.31,39.15,39.29,32.9,"153,000"
01-Oct-19,39.2,39.29,39.1,39.1,32.74,"96,400"
02-Oct-19,38.79,38.82,38.6,38.71,32.58,"111,000"
03-Oct-19,38.64,38.9,38.64,38.86,32.7,"102,000"
04-Oct-19,38.92,39.1,38.92,39.04,32.86,"114,200"
07-Oct-19,39.06,39.08,38.96,39.0,32.82,"127,300"
08-Oct-19,38.92,38.93,38.75,38.75,32.61,"115,300"
09-Oct-19,38.9,38.92,38.83,38.91,32.75,"106,700"
10-Oct-19,38.88,38.98,38.82,38.92,32.76,"63,600"
11-Oct-19,39.01,39.14,39.01,39.07,32.88,"80,700"
14-Oct-19,39.0,39.08,39.0,39.02,32.84,"128,400"
15-Oct-19,39.05,39.19,39.03,39.17,32.97,"117,800"
16-Oct-19,39.1,39.19,39.08,39.12,32.92,"64,800"
17-Oct-19,39.18,39.26,39.16,39.17,32.97,"102,300"
18-Oct-19,39.17,39.24,39.11,39.18,32.97,"163,400"
21-Oct-19,39.24,39.31,39.19,39.25,33.03,"90,700"
22-Oct-19,39.2,39.32,39.2,39.21,33.0,"97,800"
23-Oct-19,39.22,39.32,39.21,39.3,33.08,"143,400"
24-Oct-19,39.42,39.42,39.27,39.34,33.11,"121,200"
25-Oct-19,39.34,39.41,39.27,39.36,33.13,"186,300"
28-Oct-19,39.35,39.41,39.33,39.35,33.12,"80,600"
29-Oct-19,39.35,39.4,39.33,39.33,33.1,"77,100"
30-Oct-19,39.37,39.49,39.26,39.44,33.19,"139,200"
31-Oct-19,39.39,39.5,39.39,39.45,33.2,"85,600"
01-Nov-19,39.56,39.67,39.56,39.67,33.39,"192,800"
04-Nov-19,39.71,39.73,39.62,39.71,33.42,"99,900"
05-Nov-19,39.6,39.66,39.56,39.6,33.33,"97,500"
06-Nov-19,39.58,39.62,39.55,39.61,33.34,"89,600"
07-Nov-19,39.65,39.69,39.54,39.59,33.32,"71,800"
08-Nov-19,39.5,39.56,39.49,39.56,33.29,"79,600"
11-Nov-19,39.56,39.56,39.45,39.51,33.25,"113,400"
12-Nov-19,39.56,39.62,39.52,39.52,33.26,"219,500"
13-Nov-19,39.54,39.61,39.52,39.59,33.32,"85,500"
14-Nov-19,39.61,39.65,39.6,39.61,33.34,"105,600"
15-Nov-19,39.7,39.75,39.65,39.75,33.45,"190,100"
18-Nov-19,39.74,39.82,39.74,39.76,33.46,"139,700"
19-Nov-19,39.81,39.84,39.72,39.72,33.43,"289,900"
20-Nov-19,39.75,39.81,39.65,39.75,33.45,"303,100"
21-Nov-19,39.72,39.78,39.65,39.7,33.41,"194,400"
22-Nov-19,39.76,39.81,39.7,39.77,33.47,"163,000"
25-Nov-19,39.81,39.89,39.81,39.89,33.57,"230,500"
26-Nov-19,39.9,39.92,39.87,39.92,33.6,"176,100"
27-Nov-19,39.9,39.97,39.89,39.93,33.61,"154,600"
29-Nov-19,39.89,39.94,39.85,39.85,33.54,"84,300"
02-Dec-19,39.79,39.79,39.61,39.68,33.4,"237,600"
03-Dec-19,39.63,39.74,39.52,39.74,33.45,"152,800"
04-Dec-19,39.82,39.85,39.77,39.78,33.48,"226,100"
05-Dec-19,39.82,39.84,39.71,39.82,33.51,"126,000"
06-Dec-19,39.91,39.97,39.87,39.94,33.61,"227,500"
09-Dec-19,39.93,39.99,39.85,39.85,33.54,"113,700"
10-Dec-19,39.87,39.92,39.8,39.81,33.5,"219,000"
11-Dec-19,39.91,40.0,39.88,39.98,33.65,"131,500"
12-Dec-19,40.0,40.12,39.96,40.05,33.71,"171,400"
13-Dec-19,40.09,40.22,40.06,40.14,33.78,"141,900"
16-Dec-19,40.27,40.36,40.22,40.22,33.85,"286,400"
17-Dec-19,40.29,40.32,40.2,40.26,33.88,"164,000"
18-Dec-19,40.28,40.3,40.2,40.25,33.87,"106,100"
19-Dec-19,40.3,40.32,40.17,40.23,33.86,"359,200"
20-Dec-19,40.33,40.38,40.24,40.28,33.9,"320,000"
23-Dec-19,40.33,40.42,40.3,40.3,33.92,"154,200"
24-Dec-19,40.03,40.07,40.0,40.07,33.98,"57,500"
26-Dec-19,40.1,40.15,40.07,40.15,34.05,"178,200"
27-Dec-19,40.09,40.2,40.09,40.14,34.04,"146,600"
30-Dec-19,40.16,40.2,40.04,40.04,33.96,"95,000"
31-Dec-19,40.03,40.13,40.01,40.13,34.04,"86,700"
02-Jan-20,40.3,40.3,40.2,40.28,34.16,"399,600"
03-Jan-20,40.17,40.28,40.13,40.26,34.15,"144,800"
06-Jan-20,40.2,40.26,40.16,40.25,34.14,"153,400"
07-Jan-20,40.25,40.25,40.19,40.23,34.12,"215,700"
08-Jan-20,40.22,40.3,40.17,40.2,34.1,"1,078,800"
09-Jan-20,40.28,40.33,40.21,40.33,34.21,"178,600"
10-Jan-20,40.32,40.4,40.27,40.27,34.15,"124,400"
13-Jan-20,40.27,40.43,40.27,40.38,34.25,"163,400"
14-Jan-20,40.47,40.5,40.4,40.44,34.3,"146,200"
15-Jan-20,40.5,40.54,40.44,40.45,34.31,"154,400"
16-Jan-20,40.51,40.63,40.51,40.63,34.46,"113,200"
17-Jan-20,40.69,40.69,40.56,40.68,34.5,"156,400"
21-Jan-20,40.53,40.65,40.53,40.6,34.43,"190,800"
22-Jan-20,40.65,40.7,40.61,40.66,34.49,"172,100"
23-Jan-20,40.68,40.7,40.52,40.68,34.5,"155,000"
24-Jan-20,40.68,40.72,40.5,40.53,34.37,"109,600"
27-Jan-20,40.39,40.49,40.25,40.34,34.21,"157,900"
28-Jan-20,40.33,40.49,40.33,40.4,34.26,"107,000"
29-Jan-20,40.43,40.59,40.39,40.44,34.3,"153,200"
30-Jan-20,40.41,40.5,40.31,40.49,34.34,"159,000"
31-Jan-20,40.44,40.44,40.19,40.21,34.1,"242,900"
03-Feb-20,40.27,40.41,40.27,40.29,34.17,"94,800"
04-Feb-20,40.42,40.6,40.42,40.54,34.38,"190,600"
05-Feb-20,40.62,40.72,40.6,40.71,34.53,"336,500"
06-Feb-20,40.78,40.79,40.68,40.76,34.57,"122,600"
07-Feb-20,40.75,40.75,40.65,40.72,34.54,"76,800"
10-Feb-20,40.68,40.81,40.66,40.81,34.61,"160,000"
11-Feb-20,40.87,40.95,40.8,40.81,34.61,"119,600"
12-Feb-20,40.85,40.95,40.85,40.93,34.71,"337,700"
13-Feb-20,40.91,40.95,40.84,40.86,34.65,"158,900"
14-Feb-20,40.88,40.95,40.86,40.94,34.72,"85,100"
18-Feb-20,40.92,41.0,40.79,40.82,34.62,"115,500"
19-Feb-20,40.95,41.0,40.92,40.92,34.71,"75,300"
20-Feb-20,40.95,40.98,40.76,40.91,34.7,"111,900"
21-Feb-20,40.91,40.91,40.78,40.84,34.64,"253,300"
24-Feb-20,40.41,40.44,40.25,40.26,34.15,"241,000"
25-Feb-20,40.26,40.37,39.85,39.85,33.8,"252,800"
26-Feb-20,40.04,40.13,39.85,39.88,33.82,"210,600"
27-Feb-20,39.55,39.75,39.25,39.25,33.29,"450,000"
28-Feb-20,38.84,39.23,38.76,39.23,33.27,"349,300"
02-Mar-20,39.27,39.76,39.2,39.67,33.65,"324,400"
03-Mar-20,39.79,40.18,39.47,39.6,33.59,"146,100"
04-Mar-20,39.94,40.11,39.81,40.06,33.98,"145,300"
05-Mar-20,39.75,39.95,39.59,39.68,33.65,"192,300"
06-Mar-20,39.59,39.7,39.39,39.63,33.61,"174,100"
09-Mar-20,38.31,38.95,37.21,38.2,32.4,"354,100"
10-Mar-20,38.71,38.81,38.22,38.59,32.73,"289,900"
11-Mar-20,38.32,38.47,37.65,37.67,31.95,"228,000"
12-Mar-20,36.47,36.64,34.87,35.56,30.16,"584,400"
13-Mar-20,36.29,36.67,35.67,36.41,30.88,"395,800"
16-Mar-20,34.93,35.69,33.82,35.06,29.74,"352,100"
17-Mar-20,35.21,35.67,34.83,35.46,30.07,"799,500"
18-Mar-20,34.58,34.82,33.58,34.17,28.98,"517,500"
19-Mar-20,34.09,34.5,33.69,34.02,28.85,"487,100"
20-Mar-20,34.42,34.68,33.83,34.04,28.87,"263,600"
23-Mar-20,33.93,34.32,33.6,34.19,29.0,"1,418,100"
24-Mar-20,34.54,35.33,34.54,35.3,29.94,"531,800"
25-Mar-20,35.16,36.21,35.08,35.79,30.35,"287,400"
26-Mar-20,35.97,36.86,35.93,36.76,31.18,"485,600"
27-Mar-20,36.42,36.78,36.21,36.48,30.94,"602,500"
30-Mar-20,36.48,36.87,36.35,36.81,31.22,"341,400"
31-Mar-20,36.59,36.94,36.59,36.74,31.16,"341,000"
01-Apr-20,36.11,36.35,35.81,36.07,30.59,"654,800"
02-Apr-20,35.93,36.31,35.75,36.1,30.78,"259,600"
03-Apr-20,36.06,36.21,35.8,35.99,30.69,"240,200"
06-Apr-20,36.37,36.87,36.32,36.73,31.32,"699,700"
07-Apr-20,37.25,37.27,36.85,36.9,31.46,"208,900"
08-Apr-20,36.96,37.28,36.86,37.24,31.75,"227,300"
09-Apr-20,37.49,37.85,37.47,37.7,32.14,"401,300"
13-Apr-20,37.62,37.63,37.35,37.45,31.93,"446,700"
14-Apr-20,37.84,37.99,37.69,37.87,32.29,"256,200"
15-Apr-20,37.56,37.74,37.42,37.54,32.01,"280,000"
16-Apr-20,37.64,37.74,37.45,37.71,32.15,"351,200"
17-Apr-20,37.91,38.04,37.73,37.94,32.35,"386,000"
20-Apr-20,37.74,38.01,37.7,37.72,32.16,"356,100"
21-Apr-20,37.62,37.63,37.3,37.42,31.9,"117,100"
22-Apr-20,37.6,37.76,37.53,37.72,32.16,"196,200"
23-Apr-20,37.85,37.99,37.68,37.71,32.15,"265,300"
24-Apr-20,37.73,37.91,37.61,37.88,32.3,"202,700"
27-Apr-20,38.02,38.09,37.93,38.07,32.46,"483,600"
28-Apr-20,38.25,38.39,38.05,38.16,32.54,"237,500"
29-Apr-20,38.4,38.61,38.32,38.56,32.88,"234,500"
30-Apr-20,38.43,38.43,38.12,38.23,32.59,"283,500"
01-May-20,38.11,38.11,37.66,37.79,32.22,"483,300"
04-May-20,37.66,37.92,37.61,37.92,32.33,"283,900"
05-May-20,37.92,38.15,37.87,37.97,32.37,"338,600"
06-May-20,38.01,38.14,37.75,37.8,32.23,"225,800"
07-May-20,38.02,38.18,37.96,38.07,32.46,"224,600"
08-May-20,38.16,38.35,38.13,38.32,32.67,"376,700"
11-May-20,38.13,38.32,38.13,38.27,32.63,"262,200"
12-May-20,38.38,38.4,38.02,38.06,32.45,"383,700"
13-May-20,38.12,38.12,37.63,37.82,32.25,"245,700"
14-May-20,37.55,37.93,37.42,37.92,32.33,"209,700"
15-May-20,37.86,37.97,37.75,37.97,32.37,"420,100"
18-May-20,38.27,38.59,38.27,38.54,32.86,"490,500"
19-May-20,38.45,38.57,38.4,38.4,32.74,"180,600"
20-May-20,38.58,38.75,38.58,38.73,33.02,"279,000"
21-May-20,38.73,38.74,38.52,38.57,32.88,"164,800"
22-May-20,38.48,38.63,38.35,38.61,32.92,"242,000"
26-May-20,39.0,39.02,38.87,38.9,33.17,"289,900"
27-May-20,39.02,39.18,38.81,39.08,33.32,"202,700"
28-May-20,39.28,39.35,39.09,39.18,33.4,"276,400"
29-May-20,39.18,39.32,38.97,39.26,33.47,"182,000"
01-Jun-20,39.27,39.47,39.23,39.41,33.6,"352,100"
02-Jun-20,39.51,39.66,39.45,39.66,33.81,"236,200"
03-Jun-20,39.75,39.94,39.75,39.94,34.05,"634,500"
04-Jun-20,39.76,39.95,39.7,39.74,33.88,"192,000"
05-Jun-20,40.0,40.3,40.0,40.18,34.26,"232,300"
08-Jun-20,40.25,40.49,40.24,40.49,34.52,"383,400"
09-Jun-20,40.31,40.41,40.25,40.37,34.42,"189,700"
10-Jun-20,40.4,40.47,40.2,40.37,34.42,"122,600"
11-Jun-20,39.99,39.99,39.22,39.3,33.51,"192,200"
12-Jun-20,39.74,39.8,39.24,39.56,33.73,"122,500"
15-Jun-20,39.12,39.8,39.02,39.67,33.82,"216,400"
16-Jun-20,40.17,40.31,39.78,39.89,34.01,"120,700"
17-Jun-20,40.0,40.17,39.85,39.88,34.0,"412,600"
18-Jun-20,39.75,39.98,39.75,39.95,34.06,"66,200"
19-Jun-20,40.04,40.15,39.75,39.89,34.01,"124,100"
22-Jun-20,39.9,40.04,39.77,40.02,34.12,"143,000"
23-Jun-20,40.17,40.23,40.06,40.1,34.19,"190,300"
24-Jun-20,39.97,40.01,39.45,39.61,33.77,"159,500"
25-Jun-20,39.59,39.87,39.51,39.87,33.99,"227,600"
26-Jun-20,39.81,39.91,39.47,39.56,33.73,"201,500"
29-Jun-20,39.53,39.77,39.44,39.68,33.83,"282,400"
30-Jun-20,39.76,39.97,39.64,39.87,33.99,"341,700"
01-Jul-20,39.88,40.04,39.85,40.0,34.1,"207,600"
02-Jul-20,39.95,40.07,39.82,39.91,34.25,"121,000"
06-Jul-20,40.11,40.17,40.07,40.15,34.45,"191,100"
07-Jul-20,40.14,40.15,39.96,40.07,34.38,"266,700"
08-Jul-20,40.02,40.2,39.97,40.2,34.5,"285,900"
09-Jul-20,40.2,40.25,39.88,40.14,34.44,"203,900"
10-Jul-20,40.18,40.26,39.97,40.26,34.55,"70,800"
13-Jul-20,40.37,40.46,40.0,40.0,34.32,"142,600"
14-Jul-20,40.04,40.4,40.01,40.4,34.67,"106,300"
15-Jul-20,40.49,40.6,40.44,40.55,34.8,"124,400"
16-Jul-20,40.55,40.58,40.23,40.5,34.75,"141,700"
17-Jul-20,40.8,40.8,40.45,40.6,34.84,"66,600"
20-Jul-20,40.48,40.73,40.48,40.69,34.92,"129,400"
21-Jul-20,40.81,40.92,40.69,40.71,34.93,"186,300"
22-Jul-20,40.86,40.94,40.76,40.94,35.13,"119,500"
23-Jul-20,40.88,40.98,40.65,40.71,34.93,"290,200"
24-Jul-20,40.54,40.74,40.45,40.6,34.84,"73,400"
27-Jul-20,40.72,40.87,40.65,40.77,34.98,"110,800"
28-Jul-20,40.82,40.82,40.67,40.67,34.9,"93,800"
29-Jul-20,40.8,40.97,40.77,40.95,35.14,"132,700"
30-Jul-20,40.81,40.89,40.58,40.75,34.97,"117,100"
31-Jul-20,40.85,40.85,40.56,40.81,35.02,"103,300"
03-Aug-20,40.89,41.0,40.8,40.98,35.16,"134,300"
04-Aug-20,40.98,41.13,40.96,41.13,35.29,"126,200"
05-Aug-20,41.26,41.29,41.12,41.25,35.4,"129,600"
06-Aug-20,41.12,41.32,41.12,41.3,35.44,"104,900"
07-Aug-20,41.22,41.3,41.07,41.24,35.39,"73,500"
10-Aug-20,41.18,41.35,41.11,41.29,35.43,"114,400"
11-Aug-20,41.39,41.42,41.08,41.08,35.25,"80,400"
12-Aug-20,41.23,41.45,41.23,41.36,35.49,"87,100"
13-Aug-20,41.37,41.45,41.2,41.3,35.44,"124,200"
14-Aug-20,41.13,41.42,41.13,41.21,35.36,"74,300"
17-Aug-20,41.35,41.39,41.23,41.27,35.41,"102,100"
18-Aug-20,41.42,41.49,41.24,41.4,35.53,"167,300"
19-Aug-20,41.44,41.49,41.23,41.28,35.42,"140,700"
20-Aug-20,41.2,41.32,41.13,41.29,35.43,"116,800"
21-Aug-20,41.27,41.34,41.03,41.34,35.47,"119,500"
24-Aug-20,41.5,41.54,41.4,41.54,35.65,"130,500"
25-Aug-20,41.46,41.54,41.37,41.47,35.59,"107,900"
26-Aug-20,41.53,41.66,41.47,41.63,35.72,"120,400"
27-Aug-20,41.76,41.77,41.44,41.49,35.6,"163,600"
28-Aug-20,41.62,41.7,41.5,41.7,35.78,"80,600"
31-Aug-20,41.7,41.71,41.58,41.65,35.74,"103,700"
01-Sep-20,41.56,41.77,41.54,41.71,35.79,"86,300"
02-Sep-20,41.91,42.13,41.82,42.11,36.13,"106,900"
03-Sep-20,42.05,42.06,41.45,41.46,35.58,"179,900"
04-Sep-20,41.49,41.6,41.02,41.31,35.45,"149,100"
08-Sep-20,41.29,41.44,40.96,41.02,35.2,"145,200"
09-Sep-20,41.13,41.43,41.13,41.36,35.49,"216,100"
10-Sep-20,41.33,41.44,40.98,40.98,35.16,"153,300"
11-Sep-20,41.21,41.22,40.98,41.15,35.31,"71,900"
14-Sep-20,41.35,41.45,41.28,41.39,35.52,"97,100"
15-Sep-20,41.43,41.55,41.4,41.49,35.6,"224,500"
16-Sep-20,41.5,41.63,41.42,41.42,35.54,"103,000"
17-Sep-20,41.3,41.43,41.18,41.38,35.51,"235,500"
18-Sep-20,41.38,41.38,41.03,41.19,35.34,"95,400"
21-Sep-20,41.13,41.13,40.6,40.87,35.07,"145,100"
22-Sep-20,40.91,41.01,40.7,40.9,35.1,"151,400"
23-Sep-20,40.96,40.97,40.48,40.5,34.75,"120,200"
24-Sep-20,40.5,40.67,40.35,40.58,34.82,"141,400"
25-Sep-20,40.55,40.8,40.44,40.8,35.01,"354,200"
28-Sep-20,40.99,41.1,40.94,41.06,35.23,"98,700"
29-Sep-20,41.07,41.33,40.96,41.0,35.18,"84,900"
30-Sep-20,40.94,41.18,40.94,41.05,35.22,"85,400"
01-Oct-20,41.12,41.22,41.03,41.17,35.33,"149,700"
02-Oct-20,40.68,41.0,40.63,40.95,35.28,"100,100"
05-Oct-20,41.03,41.15,41.0,41.1,35.41,"140,000"
06-Oct-20,41.19,41.28,40.92,40.92,35.25,"177,300"
07-Oct-20,41.13,41.27,40.95,41.19,35.49,"78,800"
08-Oct-20,41.35,41.45,41.28,41.37,35.64,"82,900"
09-Oct-20,41.42,41.6,41.41,41.6,35.84,"179,800"
12-Oct-20,41.71,41.84,41.6,41.81,36.02,"128,600"
13-Oct-20,41.77,41.77,41.64,41.65,35.88,"74,500"
14-Oct-20,41.7,41.76,41.56,41.61,35.85,"357,600"
15-Oct-20,41.32,41.52,41.32,41.52,35.77,"75,800"
16-Oct-20,41.56,41.61,41.43,41.43,35.69,"113,900"
19-Oct-20,41.6,41.6,41.26,41.33,35.61,"123,100"
20-Oct-20,41.3,41.5,41.3,41.33,35.61,"149,000"
21-Oct-20,41.27,41.53,41.25,41.34,35.61,"114,000"
22-Oct-20,41.32,41.36,41.17,41.26,35.55,"68,500"
23-Oct-20,41.37,41.49,41.29,41.44,35.7,"92,100"
26-Oct-20,41.29,41.29,40.94,41.15,35.45,"139,100"
27-Oct-20,41.15,41.21,41.03,41.03,35.35,"252,200"
28-Oct-20,40.84,40.84,40.44,40.5,34.89,"210,000"
29-Oct-20,40.5,40.69,40.38,40.6,34.98,"542,300"
30-Oct-20,40.53,40.53,40.23,40.42,34.82,"127,200"
02-Nov-20,40.51,40.7,40.51,40.65,35.02,"107,100"
03-Nov-20,40.78,41.02,40.75,40.99,35.31,"126,600"
04-Nov-20,41.25,41.57,41.17,41.37,35.64,"109,600"
05-Nov-20,41.61,41.85,41.55,41.73,35.95,"204,500"
06-Nov-20,41.76,41.8,41.67,41.75,35.97,"108,100"
09-Nov-20,42.53,42.65,41.91,41.97,36.16,"250,300"
10-Nov-20,42.0,42.03,41.86,41.95,36.14,"184,300"
11-Nov-20,42.04,42.12,41.99,42.01,36.19,"508,500"
12-Nov-20,42.07,42.1,41.86,41.94,36.13,"156,400"
13-Nov-20,41.99,42.22,41.99,42.21,36.36,"245,300"
16-Nov-20,42.41,42.42,42.27,42.38,36.51,"219,100"
17-Nov-20,42.34,42.47,42.3,42.35,36.48,"811,600"
18-Nov-20,42.46,42.5,42.25,42.25,36.4,"115,300"
19-Nov-20,42.29,42.41,42.24,42.37,36.5,"147,800"
20-Nov-20,42.41,42.45,42.34,42.4,36.53,"117,300"
23-Nov-20,42.48,42.5,42.34,42.45,36.57,"183,300"
24-Nov-20,42.49,42.71,42.49,42.66,36.75,"110,500"
25-Nov-20,42.68,42.7,42.6,42.63,36.73,"100,600"
27-Nov-20,42.74,42.81,42.74,42.76,36.84,"35,200"
30-Nov-20,42.66,42.71,42.51,42.51,36.62,"152,500"
01-Dec-20,42.74,42.84,42.7,42.81,36.88,"129,000"
02-Dec-20,42.72,42.8,42.61,42.74,36.82,"123,700"
03-Dec-20,42.82,42.95,42.8,42.84,36.91,"143,300"
04-Dec-20,42.93,42.99,42.72,42.99,37.04,"110,800"
07-Dec-20,42.98,43.0,42.89,42.96,37.01,"128,100"
08-Dec-20,42.85,43.07,42.85,42.96,37.01,"95,700"
09-Dec-20,43.0,43.07,42.8,42.88,36.94,"140,700"
10-Dec-20,42.84,43.02,42.81,42.95,37.0,"188,900"
11-Dec-20,42.9,42.98,42.84,42.92,36.98,"185,200"
14-Dec-20,42.97,43.08,42.88,42.88,36.94,"142,500"
15-Dec-20,42.97,43.16,42.88,43.12,37.15,"180,500"
16-Dec-20,43.18,43.2,43.05,43.12,37.15,"269,600"
17-Dec-20,43.15,43.35,43.15,43.32,37.32,"124,000"
18-Dec-20,43.32,43.37,43.15,43.25,37.26,"121,000"
21-Dec-20,42.99,43.12,42.83,43.02,37.06,"185,800"
22-Dec-20,43.02,43.13,43.0,43.02,37.06,"123,600"
23-Dec-20,43.13,43.21,43.1,43.18,37.2,"94,700"
24-Dec-20,42.96,43.1,42.85,42.9,37.19,"127,100"
28-Dec-20,42.98,43.1,42.98,43.07,37.33,"132,200"
29-Dec-20,43.21,43.31,43.05,43.13,37.39,"144,300"
30-Dec-20,43.14,43.34,43.14,43.18,37.43,"145,200"
31-Dec-20,43.21,43.24,43.09,43.2,37.45,"145,500"
04-Jan-21,43.22,43.34,42.93,43.12,37.38,"305,100"
05-Jan-21,43.14,43.28,43.05,43.25,37.49,"183,000"
06-Jan-21,43.18,43.44,43.05,43.26,37.5,"114,800"
07-Jan-21,43.26,43.49,43.24,43.47,37.68,"433,800"
08-Jan-21,43.48,43.6,43.41,43.53,37.73,"148,200"
11-Jan-21,43.44,43.47,43.3,43.37,37.6,"250,100"
12-Jan-21,43.4,43.4,43.26,43.4,37.62,"144,000"
13-Jan-21,43.4,43.59,43.38,43.51,37.72,"122,900"
14-Jan-21,43.56,43.71,43.47,43.58,37.78,"132,700"
15-Jan-21,43.49,43.54,43.28,43.37,37.6,"155,600"
19-Jan-21,43.47,43.66,43.42,43.56,37.76,"168,600"
20-Jan-21,43.6,43.82,43.6,43.79,37.96,"159,700"
21-Jan-21,43.8,43.82,43.67,43.78,37.95,"113,300"
22-Jan-21,43.78,43.78,43.61,43.7,37.88,"182,800"
25-Jan-21,43.72,43.78,43.53,43.75,37.92,"143,100"
26-Jan-21,43.82,43.82,43.71,43.76,37.93,"120,200"
27-Jan-21,43.52,43.52,43.17,43.25,37.49,"151,700"
28-Jan-21,43.36,43.55,43.27,43.42,37.64,"487,700"
29-Jan-21,43.22,43.26,42.92,43.02,37.29,"1,172,000"
01-Feb-21,43.1,43.36,43.06,43.31,37.54,"292,700"
02-Feb-21,43.48,43.58,43.42,43.55,37.75,"197,400"
03-Feb-21,43.57,43.63,43.46,43.56,37.76,"198,700"
04-Feb-21,43.54,43.66,43.5,43.63,37.82,"246,300"
05-Feb-21,43.72,43.8,43.69,43.72,37.9,"134,800"
08-Feb-21,43.85,43.92,43.76,43.9,38.05,"182,100"
09-Feb-21,43.89,44.0,43.83,43.98,38.12,"247,300"
10-Feb-21,44.1,44.13,43.87,43.95,38.1,"108,700"
11-Feb-21,44.01,44.11,43.94,44.05,38.18,"113,600"
12-Feb-21,44.01,44.08,43.96,44.08,38.21,"135,700"
16-Feb-21,44.06,44.13,43.96,43.96,38.11,"145,700"
17-Feb-21,43.85,44.02,43.76,43.97,38.12,"245,300"
18-Feb-21,43.89,43.9,43.68,43.88,38.04,"128,700"
19-Feb-21,43.93,43.98,43.77,43.78,37.95,"110,600"
22-Feb-21,43.7,43.75,43.59,43.59,37.79,"252,900"
23-Feb-21,43.5,43.7,43.24,43.65,37.84,"136,000"
24-Feb-21,43.52,43.79,43.41,43.74,37.92,"126,300"
25-Feb-21,43.74,43.76,43.05,43.11,37.37,"178,800"
26-Feb-21,43.15,43.27,42.95,43.09,37.35,"181,600"
01-Mar-21,43.25,43.65,43.2,43.58,37.78,"281,000"
02-Mar-21,43.59,43.61,43.46,43.52,37.73,"234,800"
03-Mar-21,43.41,43.47,43.21,43.21,37.46,"227,600"
04-Mar-21,43.15,43.31,42.69,42.87,37.16,"177,100"
05-Mar-21,42.92,43.19,42.7,43.17,37.42,"107,300"
08-Mar-21,43.15,43.22,42.92,42.99,37.27,"131,200"
09-Mar-21,43.13,43.42,43.13,43.32,37.55,"91,000"
10-Mar-21,43.42,43.5,43.32,43.42,37.64,"124,400"
11-Mar-21,43.52,43.74,43.5,43.69,37.87,"144,600"
12-Mar-21,43.52,43.61,43.35,43.52,37.73,"158,600"
15-Mar-21,43.56,43.67,43.47,43.61,37.8,"104,500"
16-Mar-21,43.73,43.74,43.59,43.67,37.86,"158,600"
17-Mar-21,43.53,43.78,43.44,43.74,37.92,"96,400"
18-Mar-21,43.59,43.59,43.31,43.31,37.54,"1,010,800"
19-Mar-21,43.38,43.46,43.21,43.38,37.6,"112,900"
22-Mar-21,43.46,43.6,43.38,43.52,37.73,"182,700"
23-Mar-21,43.51,43.51,43.28,43.36,37.59,"77,600"
24-Mar-21,43.35,43.42,43.23,43.23,37.47,"140,300"
25-Mar-21,43.16,43.38,43.08,43.32,37.55,"460,700"
26-Mar-21,43.39,43.64,43.33,43.63,37.82,"111,100"
29-Mar-21,43.61,43.61,43.4,43.53,37.73,"253,000"
30-Mar-21,43.39,43.54,43.32,43.51,37.72,"140,600"
31-Mar-21,43.52,43.61,43.44,43.55,37.75,"305,400"
01-Apr-21,43.59,43.85,43.59,43.8,37.97,"155,500"
05-Apr-21,43.91,43.96,43.8,43.96,38.21,"211,200"
06-Apr-21,43.96,43.99,43.9,43.97,38.21,"186,200"
07-Apr-21,43.94,43.98,43.82,43.92,38.17,"199,000"
08-Apr-21,44.05,44.07,43.95,44.06,38.29,"150,200"
09-Apr-21,43.93,44.13,43.93,44.13,38.35,"146,800"
12-Apr-21,44.08,44.13,43.98,44.08,38.31,"142,600"
13-Apr-21,44.06,44.22,44.03,44.17,38.39,"187,300"
14-Apr-21,44.2,44.27,44.1,44.13,38.35,"86,000"
15-Apr-21,44.33,44.47,44.28,44.45,38.63,"214,800"
16-Apr-21,44.45,44.54,44.37,44.5,38.67,"247,200"
19-Apr-21,44.43,44.47,44.32,44.39,38.58,"229,500"
20-Apr-21,44.33,44.38,44.12,44.2,38.41,"185,700"
21-Apr-21,44.17,44.41,44.14,44.37,38.56,"166,600"
22-Apr-21,44.44,44.44,44.24,44.31,38.51,"136,900"
23-Apr-21,44.38,44.57,44.32,44.52,38.69,"144,800"
26-Apr-21,44.44,44.59,44.43,44.54,38.71,"144,300"
27-Apr-21,44.56,44.59,44.42,44.47,38.65,"131,800"
28-Apr-21,44.48,44.56,44.42,44.52,38.69,"114,800"
29-Apr-21,44.55,44.57,44.37,44.56,38.73,"111,100"
30-Apr-21,44.45,44.57,44.31,44.38,38.57,"203,400"
03-May-21,44.48,44.53,44.43,44.49,38.67,"190,800"
04-May-21,44.43,44.46,44.19,44.35,38.54,"111,700"
05-May-21,44.42,44.49,44.36,44.4,38.59,"150,300"
06-May-21,44.45,44.6,44.39,44.6,38.76,"88,600"
07-May-21,44.69,44.8,44.62,44.77,38.91,"68,900"
10-May-21,44.78,44.79,44.5,44.5,38.67,"134,300"
11-May-21,44.27,44.35,44.13,44.34,38.54,"102,700"
12-May-21,44.16,44.18,43.83,43.87,38.13,"135,400"
13-May-21,43.93,44.11,43.91,44.07,38.3,"104,400"
14-May-21,44.21,44.4,44.21,44.4,38.59,"79,800"
17-May-21,44.4,44.4,44.21,44.34,38.54,"1,076,600"
18-May-21,44.41,44.42,44.27,44.29,38.49,"104,900"
19-May-21,44.06,44.18,43.98,44.16,38.38,"110,700"
20-May-21,44.21,44.46,44.21,44.44,38.62,"74,700"
21-May-21,44.48,44.56,44.35,44.46,38.64,"67,900"
24-May-21,44.52,44.65,44.47,44.61,38.77,"124,300"
25-May-21,44.67,44.74,44.59,44.61,38.77,"157,600"
26-May-21,44.58,44.7,44.58,44.66,38.81,"110,600"
27-May-21,44.71,44.73,44.64,44.69,38.84,"108,800"
28-May-21,44.7,44.8,44.69,44.7,38.85,"197,200"
01-Jun-21,44.81,44.86,44.74,44.8,38.94,"145,100"
02-Jun-21,44.86,44.89,44.8,44.87,39.0,"93,000"
03-Jun-21,44.74,44.77,44.59,44.73,38.87,"95,700"
04-Jun-21,44.75,44.97,44.75,44.95,39.07,"126,400"
07-Jun-21,44.88,44.97,44.86,44.94,39.06,"107,200"
08-Jun-21,45.0,45.0,44.91,44.96,39.07,"80,600"
09-Jun-21,45.02,45.1,44.98,45.0,39.11,"111,100"
10-Jun-21,44.96,45.12,44.96,45.09,39.19,"87,300"
11-Jun-21,45.17,45.23,45.06,45.14,39.23,"65,400"
14-Jun-21,45.14,45.15,45.02,45.07,39.17,"70,100"
15-Jun-21,45.09,45.14,45.0,45.08,39.18,"106,300"
16-Jun-21,45.08,45.2,44.77,44.87,39.0,"179,000"
17-Jun-21,44.89,44.94,44.8,44.89,39.01,"132,000"
18-Jun-21,44.74,44.77,44.65,44.7,38.85,"91,400"
21-Jun-21,44.73,44.88,44.68,44.83,38.96,"74,700"
22-Jun-21,44.83,44.96,44.74,44.91,39.03,"192,200"
23-Jun-21,44.92,45.0,44.87,44.89,39.01,"62,900"
24-Jun-21,44.92,45.07,44.92,45.05,39.15,"125,700"
25-Jun-21,45.08,45.17,45.0,45.07,39.17,"136,600"
28-Jun-21,45.14,45.14,45.04,45.1,39.2,"80,400"
29-Jun-21,45.19,45.19,44.99,45.1,39.2,"130,500"
30-Jun-21,44.96,45.11,44.96,45.05,39.15,"267,500"
01-Jul-21,45.03,45.15,45.03,45.09,39.19,"98,400"
02-Jul-21,45.02,45.1,44.9,45.1,39.36,"86,200"
06-Jul-21,45.03,45.11,44.94,45.02,39.29,"98,500"
07-Jul-21,45.08,45.2,45.07,45.16,39.41,"117,800"
08-Jul-21,45.07,45.07,44.85,44.99,39.26,"87,600"
09-Jul-21,45.03,45.2,45.01,45.18,39.43,"74,200"
12-Jul-21,45.19,45.23,45.11,45.23,39.47,"97,600"
13-Jul-21,45.15,45.24,45.05,45.1,39.36,"81,400"
14-Jul-21,45.26,45.26,45.13,45.19,39.44,"77,000"
15-Jul-21,45.18,45.18,45.06,45.17,39.42,"135,300"
16-Jul-21,45.21,45.21,44.98,45.01,39.28,"94,100"
19-Jul-21,44.79,44.9,44.7,44.78,39.08,"150,000"
20-Jul-21,44.79,45.05,44.79,44.98,39.26,"101,800"
21-Jul-21,45.03,45.12,45.01,45.09,39.35,"151,200"
22-Jul-21,45.12,45.2,45.1,45.15,39.4,"60,100"
23-Jul-21,45.23,45.33,45.15,45.33,39.56,"55,400"
26-Jul-21,45.29,45.32,45.23,45.3,39.53,"116,000"
27-Jul-21,45.19,45.23,45.07,45.16,39.41,"126,300"
28-Jul-21,45.15,45.35,45.1,45.3,39.53,"188,600"
29-Jul-21,45.31,45.43,45.31,45.36,39.59,"116,600"
30-Jul-21,45.34,45.38,45.27,45.34,39.57,"139,700"
02-Aug-21,45.44,45.51,45.33,45.38,39.6,"78,400"
03-Aug-21,45.41,45.53,45.36,45.53,39.74,"118,700"
04-Aug-21,45.55,45.6,45.41,45.41,39.63,"100,100"
05-Aug-21,45.49,45.54,45.45,45.54,39.74,"59,000"
06-Aug-21,45.46,45.49,45.35,45.41,39.63,"95,200"
09-Aug-21,45.45,45.46,45.32,45.37,39.6,"81,900"
10-Aug-21,45.3,45.38,45.3,45.35,39.58,"80,000"
11-Aug-21,45.36,45.47,45.33,45.47,39.68,"93,300"
12-Aug-21,45.36,45.47,45.35,45.47,39.68,"63,900"
13-Aug-21,45.41,45.59,45.4,45.59,39.79,"86,200"
16-Aug-21,45.54,45.58,45.45,45.56,39.76,"79,900"
17-Aug-21,45.42,45.45,45.25,45.4,39.62,"182,500"
18-Aug-21,45.38,45.41,45.18,45.18,39.43,"188,500"
19-Aug-21,45.13,45.22,45.06,45.18,39.43,"100,700"
20-Aug-21,45.17,45.3,45.14,45.24,39.48,"75,700"
23-Aug-21,45.4,45.52,45.33,45.44,39.66,"87,600"
24-Aug-21,45.54,45.57,45.42,45.5,39.71,"298,100"
25-Aug-21,45.54,45.55,45.47,45.55,39.75,"151,400"
26-Aug-21,45.44,45.5,45.36,45.42,39.64,"93,000"
27-Aug-21,45.46,45.68,45.39,45.68,39.87,"82,400"
30-Aug-21,45.78,45.79,45.5,45.75,39.93,"98,100"
31-Aug-21,45.77,45.8,45.68,45.74,39.92,"71,900"
01-Sep-21,45.74,45.85,45.74,45.74,39.92,"97,700"
02-Sep-21,45.82,45.93,45.79,45.93,40.08,"98,500"
03-Sep-21,45.87,45.89,45.75,45.84,40.01,"68,800"
07-Sep-21,45.8,45.89,45.72,45.72,39.9,"109,100"
08-Sep-21,45.7,45.78,45.62,45.72,39.9,"93,900"
09-Sep-21,45.71,45.79,45.66,45.66,39.85,"81,900"
10-Sep-21,45.81,45.82,45.54,45.58,39.78,"134,200"
13-Sep-21,45.67,45.71,45.59,45.71,39.89,"1,085,300"
14-Sep-21,45.77,45.8,45.58,45.65,39.84,"81,700"
15-Sep-21,45.67,45.75,45.58,45.75,39.93,"242,400"
16-Sep-21,45.66,45.73,45.51,45.57,39.77,"96,100"
17-Sep-21,45.51,45.57,45.37,45.46,39.67,"91,100"
20-Sep-21,45.06,45.17,44.91,45.01,39.28,"204,100"
21-Sep-21,45.17,45.35,45.1,45.14,39.39,"112,700"
22-Sep-21,45.22,45.45,45.19,45.39,39.61,"106,400"
23-Sep-21,45.42,45.57,45.34,45.45,39.67,"85,900"
24-Sep-21,45.35,45.37,45.23,45.37,39.6,"135,500"
27-Sep-21,45.3,45.36,45.21,45.36,39.59,"95,800"
28-Sep-21,45.0,45.06,44.76,44.76,39.06,"370,700"
29-Sep-21,44.92,44.95,44.78,44.79,39.09,"221,100"
30-Sep-21,44.9,44.94,44.65,44.74,39.05,"209,600"
01-Oct-21,44.75,44.97,44.61,44.84,39.13,"284,300"
04-Oct-21,44.65,44.7,44.45,44.55,38.99,"243,000"
05-Oct-21,44.58,44.73,44.46,44.6,39.03,"263,100"
06-Oct-21,44.39,44.64,44.34,44.64,39.07,"208,800"
07-Oct-21,44.68,44.87,44.68,44.75,39.16,"87,100"
08-Oct-21,44.8,44.83,44.61,44.75,39.16,"81,300"
11-Oct-21,44.66,44.74,44.53,44.55,38.99,"57,200"
12-Oct-21,44.54,44.62,44.51,44.53,38.97,"147,000"
13-Oct-21,44.69,44.77,44.57,44.76,39.17,"203,700"
14-Oct-21,44.96,45.06,44.9,45.0,39.38,"96,900"
15-Oct-21,45.15,45.18,45.01,45.18,39.54,"81,800"
18-Oct-21,45.0,45.13,44.94,45.04,39.42,"128,600"
19-Oct-21,45.12,45.25,45.09,45.23,39.58,"96,400"
20-Oct-21,45.16,45.3,45.15,45.27,39.62,"102,700"
21-Oct-21,45.22,45.24,45.1,45.24,39.59,"108,900"
22-Oct-21,45.26,45.29,45.13,45.29,39.64,"62,700"
25-Oct-21,45.21,45.36,45.15,45.36,39.7,"76,500"
26-Oct-21,45.35,45.48,45.31,45.41,39.74,"179,000"
27-Oct-21,45.43,45.5,45.36,45.4,39.73,"69,200"
28-Oct-21,45.41,45.5,45.4,45.5,39.82,"237,400"
29-Oct-21,45.36,45.47,45.26,45.47,39.79,"89,800"
01-Nov-21,45.4,45.54,45.37,45.48,39.8,"139,500"
02-Nov-21,45.45,45.6,45.45,45.6,39.91,"200,900"
03-Nov-21,45.53,45.73,45.5,45.65,39.95,"131,700"
04-Nov-21,45.65,45.84,45.65,45.82,40.1,"166,900"
05-Nov-21,45.97,46.0,45.89,46.0,40.26,"118,900"
08-Nov-21,46.0,46.0,45.92,46.0,40.26,"137,800"
09-Nov-21,45.95,46.05,45.91,45.94,40.2,"140,900"
10-Nov-21,45.91,45.91,45.55,45.55,39.86,"166,500"
11-Nov-21,45.62,45.71,45.62,45.67,39.97,"77,100"
12-Nov-21,45.69,45.79,45.67,45.73,40.02,"88,700"
15-Nov-21,45.83,45.83,45.63,45.69,39.99,"83,700"
16-Nov-21,45.61,45.75,45.55,45.7,39.99,"156,900"
17-Nov-21,45.69,45.7,45.6,45.7,39.99,"175,100"
18-Nov-21,45.7,45.76,45.6,45.6,39.91,"133,800"
19-Nov-21,45.65,45.77,45.65,45.65,39.95,"184,400"
22-Nov-21,45.6,45.73,45.45,45.5,39.82,"121,100"
23-Nov-21,45.46,45.49,45.29,45.31,39.65,"1,291,300"
24-Nov-21,45.27,45.49,45.2,45.49,39.81,"151,400"
26-Nov-21,45.19,45.25,45.05,45.05,39.43,"73,800"
29-Nov-21,45.13,45.32,45.13,45.21,39.57,"158,700"
30-Nov-21,45.21,45.35,45.0,45.12,39.49,"214,200"
01-Dec-21,45.17,45.35,44.93,44.97,39.36,"197,100"
02-Dec-21,44.94,45.23,44.94,45.11,39.48,"94,200"
03-Dec-21,45.27,45.27,44.98,45.19,39.55,"115,200"
06-Dec-21,45.26,45.31,45.14,45.29,39.64,"302,900"
07-Dec-21,45.46,45.64,45.46,45.53,39.85,"176,700"
08-Dec-21,45.54,45.61,45.51,45.57,39.88,"166,800"
09-Dec-21,45.58,45.58,45.45,45.49,39.81,"183,300"
10-Dec-21,45.6,45.6,45.5,45.6,39.91,"276,300"
13-Dec-21,45.59,45.59,45.43,45.43,39.76,"107,700"
14-Dec-21,45.36,45.37,45.21,45.34,39.68,"278,000"
15-Dec-21,45.24,45.54,45.01,45.52,39.84,"182,800"
16-Dec-21,45.69,45.71,45.4,45.42,39.75,"122,200"
17-Dec-21,45.41,45.46,45.27,45.33,39.67,"226,300"
20-Dec-21,45.15,45.15,44.98,45.12,39.49,"163,100"
21-Dec-21,45.06,45.36,45.06,45.27,39.62,"164,200"
22-Dec-21,45.19,45.58,45.19,45.58,39.89,"132,100"
23-Dec-21,45.36,45.38,45.27,45.31,39.9,"137,700"
27-Dec-21,45.32,45.59,45.32,45.59,40.15,"247,600"
28-Dec-21,45.66,45.68,45.52,45.58,40.14,"458,400"
29-Dec-21,45.57,45.57,45.39,45.54,40.11,"153,800"
30-Dec-21,45.57,45.65,45.46,45.56,40.12,"209,100"
31-Dec-21,45.54,45.55,45.45,45.47,40.04,"205,700"
03-Jan-22,45.46,45.46,45.35,45.45,40.03,"225,200"
04-Jan-22,45.4,45.48,45.33,45.44,40.02,"89,100"
05-Jan-22,45.41,45.46,45.0,45.0,39.63,"206,400"
06-Jan-22,44.96,45.07,44.87,44.94,39.58,"162,300"
07-Jan-22,44.99,45.0,44.81,44.87,39.52,"118,100"
10-Jan-22,44.75,44.87,44.53,44.87,39.52,"327,400"
11-Jan-22,44.81,45.06,44.71,45.02,39.65,"199,500"
12-Jan-22,45.19,45.23,45.07,45.14,39.75,"236,700"
13-Jan-22,45.15,45.22,44.94,45.0,39.63,"139,300"
14-Jan-22,44.82,44.9,44.7,44.87,39.52,"172,600"
18-Jan-22,44.54,44.66,44.35,44.37,39.08,"362,700"
19-Jan-22,44.48,44.58,44.31,44.41,39.11,"204,100"
20-Jan-22,44.41,44.62,44.21,44.21,38.93,"302,400"
21-Jan-22,44.23,44.32,44.01,44.07,38.81,"236,200"
24-Jan-22,43.84,43.98,43.34,43.98,38.73,"283,900"
25-Jan-22,43.72,43.95,43.56,43.76,38.54,"357,300"
26-Jan-22,43.97,44.08,43.47,43.61,38.41,"375,300"
27-Jan-22,43.62,43.89,43.49,43.57,38.37,"301,200"
28-Jan-22,43.53,43.81,43.37,43.81,38.58,"546,000"
31-Jan-22,43.79,44.13,43.7,44.13,38.86,"178,400"
01-Feb-22,44.14,44.26,44.02,44.25,38.97,"307,600"
02-Feb-22,44.32,44.45,44.32,44.37,39.08,"221,900"
03-Feb-22,44.14,44.16,43.93,43.93,38.69,"153,100"
04-Feb-22,43.77,43.96,43.69,43.9,38.66,"110,300"
07-Feb-22,43.84,43.99,43.8,43.89,38.65,"77,700"
08-Feb-22,43.8,43.95,43.73,43.93,38.69,"132,000"
09-Feb-22,44.07,44.24,44.07,44.22,38.94,"103,300"
10-Feb-22,43.92,44.16,43.65,43.78,38.56,"246,600"
11-Feb-22,43.81,43.86,43.48,43.62,38.41,"145,700"
14-Feb-22,43.46,43.46,43.25,43.4,38.22,"111,800"
15-Feb-22,43.44,43.64,43.44,43.6,38.4,"95,100"
16-Feb-22,43.6,43.74,43.52,43.74,38.52,"132,900"
17-Feb-22,43.55,43.6,43.38,43.39,38.21,"127,300"
18-Feb-22,43.46,43.46,43.27,43.36,38.19,"213,700"
22-Feb-22,43.17,43.3,42.95,43.09,37.95,"367,800"
23-Feb-22,43.13,43.24,42.73,42.78,37.68,"128,000"
24-Feb-22,42.21,42.83,42.12,42.76,37.66,"268,000"
25-Feb-22,42.76,43.25,42.76,43.23,38.07,"142,900"
28-Feb-22,43.1,43.3,43.05,43.3,38.13,"385,900"
01-Mar-22,43.19,43.33,43.02,43.04,37.9,"122,600"
02-Mar-22,43.09,43.23,43.03,43.05,37.91,"87,000"
03-Mar-22,43.08,43.15,42.93,43.01,37.88,"250,600"
04-Mar-22,42.87,42.87,42.69,42.84,37.73,"83,900"
07-Mar-22,42.58,42.65,42.12,42.12,37.09,"1,028,400"
08-Mar-22,42.1,42.4,41.93,42.1,37.08,"422,500"
09-Mar-22,42.3,42.59,42.28,42.5,37.43,"160,600"
10-Mar-22,42.26,42.27,42.06,42.21,37.17,"134,300"
11-Mar-22,42.37,42.43,41.97,42.03,37.01,"63,800"
14-Mar-22,41.91,42.07,41.68,41.74,36.76,"143,800"
15-Mar-22,41.84,42.05,41.8,41.98,36.97,"310,000"
16-Mar-22,42.19,42.59,42.03,42.59,37.51,"220,200"
17-Mar-22,42.46,42.79,42.46,42.76,37.66,"232,300"
18-Mar-22,42.74,43.07,42.73,43.07,37.93,"77,600"
21-Mar-22,42.99,42.99,42.64,42.71,37.61,"114,800"
22-Mar-22,42.77,42.88,42.73,42.88,37.76,"434,900"
23-Mar-22,42.81,42.81,42.68,42.7,37.6,"1,187,800"
24-Mar-22,42.76,42.9,42.64,42.9,37.78,"109,200"
25-Mar-22,42.86,42.86,42.61,42.78,37.68,"119,100"
28-Mar-22,42.7,42.87,42.65,42.85,37.74,"142,600"
29-Mar-22,43.06,43.24,43.06,43.21,38.05,"109,100"
30-Mar-22,43.12,43.27,43.11,43.17,38.02,"188,200"
31-Mar-22,43.17,43.21,42.94,42.97,37.84,"99,300"
01-Apr-22,42.95,43.04,42.85,43.04,37.9,"91,800"
04-Apr-22,42.89,43.06,42.81,43.06,38.04,"163,200"
05-Apr-22,42.87,43.03,42.55,42.59,37.62,"125,800"
06-Apr-22,42.25,42.45,42.16,42.36,37.42,"249,800"
07-Apr-22,42.3,42.35,42.14,42.32,37.39,"746,400"
08-Apr-22,42.13,42.31,42.1,42.17,37.25,"120,200"
11-Apr-22,41.93,42.06,41.78,41.84,36.96,"138,500"
12-Apr-22,41.88,42.1,41.75,41.83,36.95,"118,200"
13-Apr-22,41.86,42.09,41.82,42.08,37.17,"82,000"
14-Apr-22,42.0,42.04,41.7,41.74,36.87,"80,600"
18-Apr-22,41.66,41.73,41.52,41.65,36.79,"182,300"
19-Apr-22,41.55,41.7,41.37,41.67,36.81,"802,800"
20-Apr-22,41.79,41.91,41.78,41.8,36.93,"174,100"
21-Apr-22,41.94,41.97,41.4,41.43,36.6,"218,500"
22-Apr-22,41.36,41.36,40.96,41.04,36.26,"166,700"
25-Apr-22,41.07,41.21,40.93,41.16,36.36,"227,500"
26-Apr-22,41.21,41.21,40.78,40.78,36.03,"161,000"
27-Apr-22,40.87,40.96,40.74,40.75,36.0,"198,400"
28-Apr-22,40.81,41.14,40.72,41.09,36.3,"162,100"
29-Apr-22,40.86,41.07,40.5,40.53,35.81,"73,200"
02-May-22,40.49,40.53,40.16,40.42,35.71,"200,800"
03-May-22,40.55,40.7,40.53,40.67,35.93,"260,700"
04-May-22,40.62,41.15,40.44,41.09,36.3,"80,100"
05-May-22,40.87,40.87,40.18,40.36,35.65,"131,800"
06-May-22,40.13,40.27,39.97,40.12,35.44,"165,200"
09-May-22,39.9,39.9,39.62,39.71,35.08,"186,900"
10-May-22,39.98,40.08,39.7,39.77,35.13,"220,800"
11-May-22,39.73,40.01,39.65,39.67,35.05,"146,100"
12-May-22,39.59,39.83,39.51,39.68,35.05,"332,900"
13-May-22,39.8,40.06,39.8,39.98,35.32,"344,800"
16-May-22,40.03,40.15,39.94,40.04,35.37,"240,400"
17-May-22,40.19,40.23,40.07,40.19,35.5,"162,100"
18-May-22,40.11,40.11,39.72,39.76,35.12,"439,900"
19-May-22,39.75,39.97,39.75,39.88,35.23,"202,000"
20-May-22,40.0,40.05,39.64,39.97,35.31,"1,008,100"
23-May-22,40.03,40.17,40.0,40.17,35.49,"217,100"
24-May-22,40.03,40.23,39.97,40.14,35.46,"165,400"
25-May-22,40.1,40.42,40.1,40.33,35.63,"150,200"
26-May-22,40.37,40.67,40.37,40.6,35.87,"113,700"
27-May-22,40.79,40.99,40.79,40.96,36.18,"170,300"
31-May-22,40.84,40.9,40.65,40.75,36.0,"1,117,500"
01-Jun-22,40.89,40.91,40.44,40.53,35.81,"172,200"
02-Jun-22,40.61,40.9,40.5,40.9,36.13,"213,300"
03-Jun-22,40.55,40.67,40.52,40.54,35.81,"134,200"
06-Jun-22,40.67,40.74,40.45,40.51,35.79,"156,900"
07-Jun-22,40.39,40.7,40.34,40.67,35.93,"261,200"
08-Jun-22,40.6,40.62,40.39,40.45,35.73,"148,600"
09-Jun-22,40.3,40.4,40.01,40.01,35.35,"135,400"
10-Jun-22,39.76,39.76,39.39,39.46,34.86,"133,800"
13-Jun-22,38.8,38.87,38.38,38.48,33.99,"230,900"
14-Jun-22,38.57,38.63,38.16,38.3,33.84,"497,600"
15-Jun-22,38.56,38.92,38.33,38.78,34.26,"218,800"
16-Jun-22,38.23,38.35,38.12,38.33,33.86,"288,700"
17-Jun-22,38.36,38.49,38.22,38.35,33.88,"170,900"
21-Jun-22,38.6,38.71,38.55,38.56,34.06,"462,900"
22-Jun-22,38.52,38.81,38.52,38.64,34.14,"221,400"
23-Jun-22,38.77,38.96,38.7,38.9,34.37,"161,500"
24-Jun-22,38.95,39.27,38.95,39.24,34.67,"250,000"
27-Jun-22,39.18,39.25,39.07,39.14,34.58,"264,400"
28-Jun-22,39.22,39.28,38.87,38.87,34.34,"169,800"
29-Jun-22,38.97,39.0,38.8,38.95,34.41,"136,900"
30-Jun-22,38.78,39.09,38.73,38.96,34.42,"136,700"
01-Jul-22,39.03,39.26,39.01,39.26,34.68,"74,900"
05-Jul-22,38.79,38.96,38.63,38.96,34.64,"143,300"
06-Jul-22,38.92,38.99,38.71,38.76,34.47,"127,900"
07-Jul-22,38.88,39.04,38.88,39.03,34.71,"147,600"
08-Jul-22,38.86,39.01,38.82,38.88,34.57,"218,400"
11-Jul-22,38.83,38.92,38.76,38.83,34.53,"139,800"
12-Jul-22,38.83,38.94,38.72,38.78,34.48,"171,500"
13-Jul-22,38.38,38.85,38.38,38.73,34.44,"125,900"
14-Jul-22,38.46,38.61,38.28,38.59,34.32,"154,700"
15-Jul-22,38.66,38.91,38.65,38.91,34.6,"439,100"
18-Jul-22,38.97,39.11,38.76,38.76,34.47,"103,600"
19-Jul-22,38.94,39.2,38.94,39.17,34.83,"129,300"
20-Jul-22,39.25,39.28,39.12,39.23,34.89,"151,800"
21-Jul-22,39.17,39.57,39.17,39.57,35.19,"94,300"
22-Jul-22,39.73,39.81,39.46,39.55,35.17,"112,700"
25-Jul-22,39.57,39.68,39.5,39.55,35.17,"212,600"
26-Jul-22,39.55,39.64,39.37,39.37,35.01,"131,500"
27-Jul-22,39.55,39.9,39.55,39.8,35.39,"161,800"
28-Jul-22,39.95,40.2,39.89,40.15,35.7,"102,200"
29-Jul-22,40.18,40.41,40.14,40.34,35.87,"378,900"
01-Aug-22,40.34,40.51,40.28,40.47,35.99,"425,700"
02-Aug-22,40.42,40.42,40.04,40.09,35.65,"184,700"
03-Aug-22,40.11,40.39,40.03,40.34,35.87,"222,800"
04-Aug-22,40.44,40.54,40.36,40.46,35.98,"72,700"
05-Aug-22,40.16,40.18,40.0,40.18,35.73,"57,800"
08-Aug-22,40.25,40.44,40.22,40.29,35.83,"317,000"
09-Aug-22,40.27,40.27,40.1,40.13,35.69,"761,500"
10-Aug-22,40.45,40.59,40.45,40.49,36.01,"212,700"
11-Aug-22,40.72,40.76,40.4,40.45,35.97,"155,400"
12-Aug-22,40.57,40.75,40.45,40.72,36.21,"156,200"
15-Aug-22,40.68,40.81,40.68,40.81,36.29,"251,400"
16-Aug-22,40.74,40.83,40.63,40.8,36.28,"241,100"
17-Aug-22,40.59,40.64,40.39,40.48,36.0,"419,000"
18-Aug-22,40.51,40.59,40.48,40.57,36.08,"142,300"
19-Aug-22,40.3,40.3,40.1,40.14,35.69,"105,100"
22-Aug-22,39.91,39.93,39.7,39.74,35.34,"227,100"
23-Aug-22,39.71,39.93,39.67,39.72,35.32,"66,900"
24-Aug-22,39.66,39.79,39.65,39.7,35.3,"537,000"
25-Aug-22,39.75,40.12,39.75,40.12,35.68,"118,800"
26-Aug-22,40.06,40.06,39.52,39.52,35.14,"100,700"
29-Aug-22,39.36,39.46,39.3,39.34,34.98,"406,300"
30-Aug-22,39.44,39.45,39.1,39.19,34.85,"80,300"
31-Aug-22,39.23,39.27,38.98,38.98,34.66,"133,800"
01-Sep-22,38.8,38.87,38.56,38.87,34.56,"228,700"
02-Sep-22,38.99,39.12,38.74,38.78,34.48,"127,800"
06-Sep-22,38.72,38.73,38.48,38.51,34.24,"94,800"
07-Sep-22,38.51,38.91,38.51,38.88,34.57,"115,300"
08-Sep-22,38.76,38.96,38.7,38.88,34.57,"124,600"
09-Sep-22,38.99,39.22,38.99,39.2,34.86,"160,000"
12-Sep-22,39.27,39.45,39.27,39.31,34.96,"290,100"
13-Sep-22,38.83,38.92,38.56,38.63,34.35,"95,600"
14-Sep-22,38.65,38.76,38.54,38.66,34.38,"96,400"
15-Sep-22,38.55,38.67,38.42,38.49,34.23,"235,900"
16-Sep-22,38.2,38.36,38.14,38.35,34.1,"235,400"
19-Sep-22,38.16,38.43,38.16,38.43,34.17,"174,700"
20-Sep-22,38.18,38.19,38.0,38.06,33.84,"275,500"
21-Sep-22,38.19,38.27,37.9,37.96,33.76,"111,900"
22-Sep-22,37.71,37.79,37.53,37.62,33.45,"230,600"
23-Sep-22,37.37,37.37,37.04,37.23,33.11,"285,800"
26-Sep-22,37.06,37.17,36.7,36.77,32.7,"254,000"
27-Sep-22,36.79,36.93,36.48,36.57,32.52,"135,000"
28-Sep-22,36.71,37.26,36.71,37.15,33.04,"222,000"
29-Sep-22,36.95,36.95,36.63,36.78,32.71,"111,400"
30-Sep-22,36.81,37.0,36.6,36.61,32.56,"126,900"
03-Oct-22,36.88,37.23,36.85,37.11,33.0,"251,100"
04-Oct-22,37.24,37.55,37.24,37.5,33.5,"218,500"
05-Oct-22,37.29,37.41,37.05,37.37,33.38,"239,800"
06-Oct-22,37.29,37.32,37.05,37.1,33.14,"334,600"
07-Oct-22,36.84,36.86,36.55,36.61,32.71,"179,900"
10-Oct-22,36.61,36.65,36.3,36.48,32.59,"304,600"
11-Oct-22,36.45,36.59,36.23,36.27,32.4,"1,204,500"
12-Oct-22,36.24,36.38,36.2,36.3,32.43,"289,900"
13-Oct-22,35.85,36.62,35.71,36.57,32.67,"270,300"
14-Oct-22,36.66,36.67,36.07,36.07,32.22,"220,200"
17-Oct-22,36.46,36.69,36.46,36.53,32.63,"356,900"
18-Oct-22,36.8,36.89,36.51,36.74,32.82,"179,800"
19-Oct-22,36.54,36.59,36.31,36.36,32.48,"128,300"
20-Oct-22,36.43,36.63,36.19,36.27,32.4,"167,100"
21-Oct-22,36.19,36.61,36.08,36.61,32.71,"199,400"
24-Oct-22,36.5,36.65,36.35,36.53,32.63,"169,700"
25-Oct-22,36.7,37.07,36.7,37.06,33.11,"625,500"
26-Oct-22,37.03,37.32,36.88,37.08,33.12,"229,000"
27-Oct-22,37.13,37.35,37.1,37.12,33.16,"266,800"
28-Oct-22,37.15,37.37,37.1,37.33,33.35,"260,300"
31-Oct-22,37.25,37.27,36.83,37.2,33.23,"319,400"
01-Nov-22,37.44,37.52,37.18,37.22,33.25,"191,900"
02-Nov-22,37.22,37.54,36.87,36.87,32.94,"318,100"
03-Nov-22,36.62,36.82,36.46,36.76,32.84,"257,600"
04-Nov-22,36.96,37.2,36.81,37.08,33.12,"351,100"
07-Nov-22,37.1,37.24,37.0,37.18,33.21,"235,500"
08-Nov-22,37.16,37.44,37.16,37.29,33.31,"277,600"
09-Nov-22,37.16,37.3,37.01,37.01,33.06,"425,800"
10-Nov-22,37.74,38.35,37.74,38.33,34.24,"387,800"
11-Nov-22,38.34,38.55,38.27,38.47,34.37,"386,000"
14-Nov-22,38.41,38.48,38.27,38.27,34.19,"380,600"
15-Nov-22,38.58,38.71,38.46,38.61,34.49,"422,500"
16-Nov-22,38.65,38.68,38.52,38.66,34.54,"1,257,100"
17-Nov-22,38.34,38.55,38.25,38.55,34.44,"301,500"
18-Nov-22,38.57,38.65,38.38,38.54,34.43,"349,900"
21-Nov-22,38.51,38.51,38.34,38.35,34.26,"320,200"
22-Nov-22,38.54,38.72,38.51,38.67,34.55,"496,500"
23-Nov-22,38.68,38.98,38.68,38.91,34.76,"127,900"
25-Nov-22,38.91,38.99,38.91,38.99,34.83,"255,200"
28-Nov-22,38.91,38.96,38.65,38.74,34.61,"438,600"
29-Nov-22,38.62,38.82,38.62,38.66,34.54,"256,200"
30-Nov-22,38.67,39.25,38.64,39.25,35.06,"335,800"
01-Dec-22,39.31,39.53,39.22,39.51,35.3,"645,000"
02-Dec-22,39.29,39.58,39.07,39.57,35.35,"392,100"
05-Dec-22,39.4,39.4,39.04,39.14,34.97,"615,100"
06-Dec-22,39.19,39.19,38.94,39.07,34.9,"350,900"
07-Dec-22,39.06,39.29,39.01,39.2,35.02,"902,100"
08-Dec-22,39.19,39.32,39.1,39.17,34.99,"675,600"
09-Dec-22,39.18,39.25,39.03,39.07,34.9,"311,000"
12-Dec-22,39.09,39.18,39.0,39.17,34.99,"310,300"
13-Dec-22,39.76,39.86,39.36,39.49,35.28,"844,500"
14-Dec-22,39.48,39.61,39.22,39.47,35.26,"588,700"
15-Dec-22,39.27,39.27,38.96,39.05,34.88,"236,100"
16-Dec-22,38.85,38.91,38.65,38.88,34.73,"417,300"
19-Dec-22,38.8,38.8,38.53,38.58,34.46,"512,700"
20-Dec-22,38.48,38.62,38.3,38.46,34.36,"1,482,100"
21-Dec-22,38.71,38.83,38.58,38.78,34.64,"312,700"
22-Dec-22,38.7,38.7,38.35,38.58,34.46,"436,400"
23-Dec-22,38.23,38.32,38.1,38.24,34.43,"620,600"
27-Dec-22,38.16,38.28,38.07,38.09,34.3,"708,100"
28-Dec-22,38.15,38.26,37.9,37.94,34.16,"1,108,500"
29-Dec-22,38.06,38.29,38.01,38.29,34.48,"1,272,000"
30-Dec-22,38.16,38.17,37.95,38.01,34.22,"334,700"
03-Jan-23,38.23,38.4,38.09,38.2,34.39,"394,100"
04-Jan-23,38.41,38.56,38.34,38.53,34.69,"123,900"
05-Jan-23,38.31,38.39,38.2,38.33,34.51,"183,500"
06-Jan-23,38.43,38.94,38.35,38.93,35.05,"553,700"
09-Jan-23,38.95,39.19,38.94,38.95,35.07,"586,700"
10-Jan-23,38.96,38.99,38.84,38.95,35.07,"351,800"
11-Jan-23,39.28,39.28,39.1,39.25,35.34,"122,700"
12-Jan-23,39.38,39.61,39.18,39.56,35.62,"197,900"
13-Jan-23,39.41,39.6,39.41,39.59,35.65,"195,900"
17-Jan-23,39.6,39.65,39.43,39.47,35.54,"676,400"
18-Jan-23,39.76,39.93,39.53,39.55,35.61,"154,000"
19-Jan-23,39.43,39.55,39.35,39.46,35.53,"320,100"
20-Jan-23,39.36,39.64,39.34,39.64,35.69,"443,000"
23-Jan-23,39.51,39.77,39.51,39.67,35.72,"797,700"
24-Jan-23,39.6,39.8,39.55,39.74,35.78,"120,300"
25-Jan-23,39.62,39.84,39.58,39.81,35.84,"115,300"
26-Jan-23,39.99,39.99,39.74,39.98,36.0,"326,800"
27-Jan-23,39.87,39.97,39.79,39.95,35.97,"504,400"
30-Jan-23,39.71,39.85,39.63,39.65,35.7,"407,500"
31-Jan-23,39.74,39.94,39.64,39.94,35.96,"1,649,400"
01-Feb-23,39.99,40.33,39.74,40.28,36.27,"226,900"
02-Feb-23,40.33,40.5,40.28,40.45,36.42,"165,300"
03-Feb-23,39.82,40.21,39.82,39.98,36.0,"292,200"
06-Feb-23,39.73,39.83,39.7,39.7,35.75,"95,600"
07-Feb-23,39.73,39.99,39.65,39.87,35.9,"183,500"
08-Feb-23,39.79,39.88,39.7,39.83,35.86,"78,900"
09-Feb-23,39.96,40.03,39.57,39.57,35.63,"176,500"
10-Feb-23,39.52,39.71,39.45,39.58,35.64,"121,500"
13-Feb-23,39.57,39.79,39.46,39.79,35.83,"82,600"
14-Feb-23,39.61,39.83,39.48,39.64,35.69,"121,600"
15-Feb-23,39.55,39.66,39.48,39.66,35.71,"127,500"
16-Feb-23,39.48,39.59,39.27,39.27,35.36,"101,100"
17-Feb-23,39.24,39.43,39.21,39.38,35.46,"77,300"
21-Feb-23,39.21,39.21,38.92,38.95,35.07,"155,800"
22-Feb-23,39.0,39.07,38.88,38.92,35.04,"226,900"
23-Feb-23,38.99,39.14,38.9,39.14,35.24,"84,300"
24-Feb-23,38.76,38.84,38.67,38.84,34.97,"239,300"
27-Feb-23,38.93,39.02,38.86,38.86,34.99,"199,100"
28-Feb-23,38.82,38.91,38.77,38.83,34.96,"225,600"
01-Mar-23,38.77,38.88,38.71,38.79,34.93,"110,700"
02-Mar-23,38.63,38.82,38.56,38.8,34.93,"133,800"
03-Mar-23,38.94,39.23,38.89,39.21,35.3,"274,500"
06-Mar-23,39.23,39.28,39.1,39.1,35.2,"123,900"
07-Mar-23,39.09,39.14,38.77,38.77,34.91,"176,300"
08-Mar-23,38.91,38.99,38.75,38.88,35.01,"104,100"
09-Mar-23,38.93,38.97,38.61,38.69,34.84,"149,100"
10-Mar-23,38.77,38.92,38.63,38.71,34.85,"354,600"
13-Mar-23,38.67,39.03,38.67,38.86,34.99,"92,700"
14-Mar-23,38.95,39.05,38.75,38.87,35.0,"108,600"
15-Mar-23,38.66,38.83,38.63,38.79,34.93,"158,500"
16-Mar-23,38.69,39.01,38.69,39.0,35.11,"568,400"
17-Mar-23,38.92,39.13,38.92,38.97,35.09,"99,000"
20-Mar-23,38.98,39.13,38.97,39.01,35.12,"114,700"
21-Mar-23,39.18,39.27,39.07,39.24,35.33,"141,200"
22-Mar-23,39.28,39.55,39.14,39.18,35.28,"138,800"
23-Mar-23,39.23,39.46,39.19,39.28,35.37,"179,900"
24-Mar-23,39.32,39.37,39.18,39.37,35.45,"121,700"
27-Mar-23,39.35,39.35,39.18,39.18,35.28,"123,800"
28-Mar-23,39.14,39.22,39.12,39.15,35.25,"105,300"
29-Mar-23,39.35,39.46,39.24,39.46,35.53,"157,400"
30-Mar-23,39.49,39.73,39.49,39.57,35.63,"132,600"
31-Mar-23,39.71,39.86,39.65,39.86,35.89,"128,900"
03-Apr-23,39.81,40.05,39.81,40.05,36.06,"94,500"
04-Apr-23,39.73,39.9,39.73,39.78,35.99,"206,400"
05-Apr-23,39.79,39.88,39.77,39.82,36.03,"47,100"
06-Apr-23,39.76,39.9,39.75,39.88,36.08,"223,900"
10-Apr-23,39.71,39.76,39.59,39.76,35.97,"113,400"
11-Apr-23,39.74,39.83,39.74,39.82,36.03,"113,600"
12-Apr-23,39.92,39.96,39.77,39.83,36.04,"147,400"
13-Apr-23,39.89,40.03,39.89,40.03,36.22,"166,100"
14-Apr-23,39.97,39.98,39.74,39.88,36.08,"86,400"
17-Apr-23,39.87,39.87,39.68,39.75,35.96,"486,100"
18-Apr-23,39.84,39.9,39.77,39.81,36.02,"118,900"
19-Apr-23,39.7,39.78,39.54,39.78,35.99,"206,300"
20-Apr-23,39.75,39.85,39.69,39.78,35.99,"140,300"
21-Apr-23,39.76,39.99,39.67,39.79,36.0,"124,900"
24-Apr-23,39.74,39.89,39.74,39.82,36.03,"142,000"
25-Apr-23,39.9,39.9,39.7,39.71,35.93,"65,300"
26-Apr-23,39.8,39.82,39.59,39.59,35.82,"131,100"
27-Apr-23,39.55,39.83,39.55,39.83,36.04,"115,800"
28-Apr-23,39.88,40.03,39.84,40.03,36.22,"58,900"
01-May-23,39.9,39.99,39.76,39.78,35.99,"75,700"
02-May-23,39.85,39.85,39.7,39.79,36.0,"156,800"
03-May-23,39.94,40.0,39.83,39.87,36.07,"132,200"
04-May-23,39.75,39.85,39.74,39.8,36.01,"82,100"
05-May-23,39.77,40.01,39.77,40.01,36.2,"66,900"
08-May-23,39.87,39.92,39.85,39.88,36.08,"95,000"
09-May-23,39.76,39.82,39.75,39.82,36.03,"144,100"
10-May-23,39.9,39.97,39.81,39.91,36.11,"105,700"
11-May-23,40.0,40.0,39.9,39.98,36.17,"252,200"
12-May-23,39.93,39.99,39.75,39.81,36.02,"91,600"
15-May-23,39.75,39.88,39.75,39.85,36.05,"162,400"
16-May-23,39.81,39.81,39.66,39.7,35.92,"75,500"
17-May-23,39.69,39.82,39.65,39.82,36.03,"93,800"
18-May-23,39.78,39.78,39.66,39.78,35.99,"84,800"
19-May-23,39.82,39.83,39.7,39.78,35.99,"177,100"
22-May-23,39.71,39.79,39.7,39.7,35.92,"120,000"
23-May-23,39.61,39.68,39.52,39.52,35.76,"102,700"
24-May-23,39.58,39.58,39.32,39.35,35.6,"78,400"
25-May-23,39.37,39.39,39.29,39.32,35.57,"119,800"
26-May-23,39.38,39.59,39.36,39.59,35.82,"77,800"
30-May-23,39.7,39.7,39.57,39.6,35.83,"130,100"
31-May-23,39.51,39.63,39.45,39.55,35.78,"115,300"
01-Jun-23,39.61,39.89,39.61,39.88,36.08,"111,000"
02-Jun-23,39.89,40.05,39.89,40.05,36.23,"187,100"
05-Jun-23,39.98,40.05,39.78,39.97,36.16,"242,300"
06-Jun-23,39.96,40.09,39.87,40.09,36.27,"75,200"
07-Jun-23,40.0,40.08,39.84,39.88,36.08,"103,200"
08-Jun-23,39.87,40.14,39.87,40.14,36.32,"74,300"
09-Jun-23,40.03,40.11,39.97,39.97,36.16,"69,500"
12-Jun-23,40.06,40.23,40.0,40.23,36.4,"81,800"
13-Jun-23,40.27,40.37,40.18,40.18,36.35,"185,400"
14-Jun-23,40.32,40.4,40.11,40.34,36.5,"94,200"
15-Jun-23,40.34,40.63,40.34,40.53,36.67,"98,300"
16-Jun-23,40.55,40.65,40.48,40.55,36.69,"78,300"
20-Jun-23,40.38,40.48,40.35,40.44,36.59,"111,500"
21-Jun-23,40.22,40.44,40.22,40.4,36.55,"64,300"
22-Jun-23,40.33,40.33,40.19,40.21,36.38,"62,600"
23-Jun-23,40.15,40.2,40.1,40.13,36.31,"94,000"
26-Jun-23,40.13,40.23,40.13,40.18,36.35,"63,700"
27-Jun-23,40.18,40.32,40.15,40.25,36.42,"72,800"
28-Jun-23,40.25,40.37,40.22,40.31,36.47,"109,000"
29-Jun-23,40.11,40.27,40.11,40.27,36.43,"64,600"
30-Jun-23,40.42,40.52,40.34,40.41,36.56,"195,300"
03-Jul-23,40.48,40.58,40.39,40.5,36.64,"102,700"
05-Jul-23,40.09,40.13,39.96,39.96,36.42,"186,300"
06-Jul-23,39.79,39.79,39.51,39.66,36.15,"61,100"
07-Jul-23,39.67,39.86,39.67,39.73,36.21,"76,100"
10-Jul-23,39.67,39.86,39.6,39.83,36.31,"76,100"
11-Jul-23,39.92,40.02,39.84,40.02,36.48,"143,600"
12-Jul-23,40.09,40.41,40.09,40.37,36.8,"81,600"
13-Jul-23,40.45,40.7,40.45,40.62,37.03,"67,700"
14-Jul-23,40.57,40.74,40.48,40.53,36.94,"206,300"
17-Jul-23,40.5,40.65,40.44,40.62,37.03,"113,300"
18-Jul-23,40.6,40.77,40.59,40.75,37.14,"112,100"
19-Jul-23,40.86,40.87,40.76,40.84,37.23,"93,400"
20-Jul-23,40.75,40.75,40.52,40.58,36.99,"43,500"
21-Jul-23,40.66,40.69,40.57,40.66,37.06,"93,200"
24-Jul-23,40.73,40.73,40.54,40.66,37.06,"310,900"
25-Jul-23,40.61,40.69,40.57,40.67,37.07,"168,200"
26-Jul-23,40.68,40.82,40.6,40.74,37.14,"75,500"
27-Jul-23,40.74,40.88,40.41,40.43,36.85,"85,000"
28-Jul-23,40.74,40.79,40.63,40.71,37.11,"72,200"
31-Jul-23,40.7,40.8,40.69,40.76,37.15,"88,200"
01-Aug-23,40.53,40.66,40.46,40.53,36.94,"86,300"
02-Aug-23,40.23,40.32,40.12,40.26,36.7,"68,400"
03-Aug-23,39.94,40.15,39.94,40.09,36.54,"40,200"
04-Aug-23,40.2,40.4,40.16,40.19,36.63,"47,800"
07-Aug-23,40.21,40.31,40.15,40.25,36.69,"67,800"
08-Aug-23,40.14,40.3,40.12,40.23,36.67,"85,300"
09-Aug-23,40.23,40.35,40.16,40.17,36.62,"79,800"
10-Aug-23,40.28,40.49,40.06,40.15,36.6,"64,700"
11-Aug-23,39.92,40.09,39.92,39.98,36.44,"56,700"
14-Aug-23,39.87,40.04,39.8,40.04,36.5,"64,500"
15-Aug-23,39.87,39.88,39.65,39.66,36.15,"89,100"
16-Aug-23,39.7,39.8,39.52,39.57,36.07,"108,700"
17-Aug-23,39.64,39.64,39.35,39.43,35.94,"78,600"
18-Aug-23,39.38,39.52,39.29,39.45,35.96,"116,500"
21-Aug-23,39.48,39.48,39.27,39.48,35.99,"124,900"
22-Aug-23,39.51,39.55,39.34,39.41,35.92,"165,300"
23-Aug-23,39.58,39.83,39.49,39.8,36.28,"39,100"
24-Aug-23,39.84,39.86,39.5,39.57,36.07,"56,200"
25-Aug-23,39.59,39.7,39.38,39.69,36.18,"109,500"
28-Aug-23,39.74,39.88,39.7,39.82,36.3,"85,000"
29-Aug-23,39.74,40.19,39.74,40.15,36.6,"71,200"
30-Aug-23,40.2,40.28,40.12,40.19,36.63,"89,100"
31-Aug-23,40.17,40.29,40.17,40.2,36.64,"114,300"
01-Sep-23,40.23,40.28,40.06,40.14,36.59,"47,100"
05-Sep-23,40.0,40.09,39.89,39.89,36.36,"90,700"
06-Sep-23,39.85,39.94,39.65,39.78,36.26,"100,100"
07-Sep-23,39.69,39.81,39.63,39.77,36.25,"69,800"
08-Sep-23,39.83,39.92,39.75,39.8,36.28,"69,400"
11-Sep-23,39.9,39.9,39.8,39.9,36.37,"88,800"
12-Sep-23,39.78,39.87,39.77,39.82,36.3,"36,400"
13-Sep-23,39.77,39.91,39.76,39.83,36.31,"52,600"
14-Sep-23,39.88,40.04,39.88,40.01,36.47,"74,700"
15-Sep-23,39.98,39.98,39.75,39.82,36.3,"287,100"
18-Sep-23,39.8,39.87,39.7,39.81,36.29,"91,400"
19-Sep-23,39.73,39.84,39.66,39.72,36.21,"137,600"
20-Sep-23,39.8,39.89,39.56,39.61,36.11,"68,700"
21-Sep-23,39.37,39.38,39.17,39.21,35.74,"52,300"
22-Sep-23,39.25,39.41,39.17,39.29,35.81,"67,900"
25-Sep-23,39.17,39.19,39.06,39.14,35.68,"110,400"
26-Sep-23,39.05,39.07,38.84,38.88,35.44,"162,200"
27-Sep-23,39.0,39.02,38.67,38.81,35.38,"90,800"
28-Sep-23,38.74,38.99,38.72,38.97,35.52,"115,600"
29-Sep-23,39.21,39.21,38.88,38.93,35.49,"144,700"
02-Oct-23,38.99,38.99,38.61,38.68,35.26,"111,300"
03-Oct-23,38.27,38.4,38.03,38.1,34.92,"108,300"
04-Oct-23,38.15,38.33,38.07,38.29,35.1,"286,100"
05-Oct-23,38.31,38.38,38.21,38.35,35.15,"554,100"
06-Oct-23,38.21,38.55,38.1,38.47,35.26,"118,800"
09-Oct-23,38.36,38.72,38.36,38.71,35.48,"88,800"
10-Oct-23,38.77,38.95,38.7,38.85,35.61,"92,200"
11-Oct-23,38.93,39.11,38.82,39.01,35.76,"281,600"
12-Oct-23,38.95,39.0,38.64,38.76,35.53,"144,000"
13-Oct-23,38.91,38.91,38.66,38.71,35.48,"112,400"
16-Oct-23,38.67,38.78,38.66,38.75,35.52,"424,500"
17-Oct-23,38.48,38.73,38.48,38.62,35.4,"108,700"
18-Oct-23,38.47,38.49,38.27,38.28,35.09,"72,300"
19-Oct-23,38.27,38.36,38.05,38.08,34.9,"86,000"
20-Oct-23,38.05,38.12,37.93,37.95,34.79,"206,800"
23-Oct-23,37.88,38.16,37.72,38.01,34.84,"157,400"
24-Oct-23,38.0,38.25,38.0,38.22,35.03,"77,300"
25-Oct-23,38.1,38.1,37.81,37.93,34.77,"89,100"
26-Oct-23,37.79,37.94,37.75,37.85,34.69,"132,100"
27-Oct-23,37.87,37.93,37.72,37.83,34.68,"158,300"
30-Oct-23,37.84,37.98,37.78,37.94,34.78,"183,000"
31-Oct-23,37.92,38.04,37.89,38.0,34.83,"123,200"
01-Nov-23,38.0,38.37,38.0,38.36,35.16,"119,400"
02-Nov-23,38.68,38.79,38.62,38.75,35.52,"244,000"
03-Nov-23,39.23,39.23,39.07,39.11,35.85,"118,900"
06-Nov-23,39.1,39.1,38.91,38.97,35.72,"445,600"
07-Nov-23,38.96,39.13,38.92,39.06,35.8,"161,100"
08-Nov-23,39.09,39.16,39.04,39.14,35.88,"112,700"
09-Nov-23,39.15,39.19,38.86,38.87,35.63,"113,100"
10-Nov-23,38.97,39.1,38.91,39.08,35.82,"117,800"
13-Nov-23,39.0,39.13,38.92,39.09,35.83,"325,500"
14-Nov-23,39.51,39.75,39.5,39.69,36.38,"229,100"
15-Nov-23,39.69,39.75,39.6,39.64,36.33,"176,100"
16-Nov-23,39.68,39.81,39.66,39.75,36.44,"229,500"
17-Nov-23,39.75,39.9,39.75,39.85,36.53,"287,300"
20-Nov-23,39.8,40.02,39.8,40.0,36.66,"233,400"
21-Nov-23,39.97,40.01,39.92,39.96,36.63,"265,800"
22-Nov-23,40.07,40.1,39.98,40.03,36.69,"354,000"
24-Nov-23,40.03,40.04,39.96,40.01,36.67,"174,900"
27-Nov-23,40.0,40.12,39.97,40.12,36.77,"357,800"
28-Nov-23,40.03,40.23,40.0,40.17,36.82,"246,900"
29-Nov-23,40.31,40.41,40.29,40.34,36.98,"316,000"
30-Nov-23,40.29,40.29,40.17,40.29,36.93,"293,100"
01-Dec-23,40.18,40.62,40.18,40.62,37.23,"184,600"
04-Dec-23,40.37,40.48,40.25,40.43,37.06,"462,900"
05-Dec-23,40.43,40.57,40.43,40.55,37.17,"238,100"
06-Dec-23,40.62,40.73,40.55,40.56,37.18,"171,600"
07-Dec-23,40.57,40.74,40.57,40.69,37.3,"242,000"
08-Dec-23,40.56,40.66,40.49,40.63,37.24,"262,900"
11-Dec-23,40.62,40.72,40.59,40.71,37.32,"511,100"
12-Dec-23,40.67,40.82,40.59,40.8,37.4,"176,200"
13-Dec-23,40.82,41.36,40.82,41.32,37.87,"303,800"
14-Dec-23,41.45,41.7,41.45,41.6,38.13,"485,600"
15-Dec-23,41.63,41.63,41.47,41.54,38.08,"291,100"
18-Dec-23,41.53,41.57,41.46,41.55,38.09,"818,700"
19-Dec-23,41.55,41.74,41.55,41.72,38.24,"220,900"
20-Dec-23,41.68,41.81,41.51,41.53,38.07,"229,000"
21-Dec-23,41.6,41.8,41.6,41.78,38.3,"232,900"
22-Dec-23,41.37,41.41,41.28,41.31,38.28,"244,000"
26-Dec-23,41.31,41.49,41.31,41.46,38.41,"184,200"
27-Dec-23,41.5,41.66,41.5,41.65,38.59,"373,500"
28-Dec-23,41.62,41.69,41.57,41.57,38.52,"139,400"
29-Dec-23,41.58,41.63,41.46,41.51,38.46,"155,300"
02-Jan-24,41.37,41.37,41.19,41.27,38.24,"1,031,300"
03-Jan-24,41.03,41.21,40.98,41.15,38.13,"194,300"
04-Jan-24,40.95,41.14,40.95,40.98,37.97,"325,400"
05-Jan-24,40.98,41.18,40.92,40.98,37.97,"180,300"
08-Jan-24,40.98,41.25,40.97,41.23,38.2,"323,800"
09-Jan-24,41.14,41.22,41.09,41.16,38.14,"206,000"
10-Jan-24,41.16,41.25,41.1,41.2,38.17,"296,600"
11-Jan-24,41.23,41.33,41.06,41.31,38.28,"652,700"
12-Jan-24,41.35,41.65,41.34,41.4,38.36,"478,000"
16-Jan-24,41.25,41.25,41.0,41.04,38.03,"365,900"
17-Jan-24,40.85,40.88,40.75,40.86,37.86,"210,300"
18-Jan-24,40.9,40.98,40.84,40.98,37.97,"405,800"
19-Jan-24,41.03,41.16,40.9,41.14,38.12,"242,200"
22-Jan-24,41.24,41.31,41.15,41.22,38.19,"234,000"
23-Jan-24,41.15,41.23,41.11,41.2,38.17,"96,200"
24-Jan-24,41.36,41.44,41.19,41.2,38.17,"171,300"
25-Jan-24,41.39,41.39,41.27,41.38,38.34,"219,100"
26-Jan-24,41.39,41.45,41.34,41.37,38.33,"151,900"
29-Jan-24,41.42,41.6,41.4,41.59,38.54,"186,200"
30-Jan-24,41.61,41.61,41.48,41.58,38.53,"123,400"
31-Jan-24,41.71,41.71,41.43,41.53,38.48,"111,800"
01-Feb-24,41.55,41.8,41.46,41.79,38.72,"51,300"
02-Feb-24,41.63,41.69,41.52,41.67,38.61,"161,500"
05-Feb-24,41.41,41.47,41.32,41.42,38.38,"104,000"
06-Feb-24,41.52,41.62,41.47,41.62,38.56,"83,500"
07-Feb-24,41.67,41.7,41.62,41.64,38.58,"113,800"
08-Feb-24,41.64,41.67,41.55,41.55,38.5,"131,900"
09-Feb-24,41.54,41.68,41.54,41.67,38.61,"73,300"
12-Feb-24,41.73,41.82,41.69,41.72,38.66,"58,800"
13-Feb-24,41.29,41.38,41.14,41.22,38.19,"95,900"
14-Feb-24,41.32,41.56,41.32,41.53,38.48,"70,900"
15-Feb-24,41.65,41.75,41.62,41.73,38.66,"115,900"
16-Feb-24,41.6,41.74,41.58,41.63,38.57,"194,400"
20-Feb-24,41.68,41.68,41.56,41.59,38.54,"77,700"
21-Feb-24,41.56,41.6,41.45,41.57,38.52,"61,700"
22-Feb-24,41.64,41.89,41.64,41.87,38.79,"97,800"
23-Feb-24,41.9,42.01,41.89,41.96,38.88,"91,700"
26-Feb-24,42.01,42.01,41.84,41.89,38.81,"174,300"
27-Feb-24,41.91,41.92,41.83,41.86,38.79,"105,400"
28-Feb-24,41.75,41.86,41.75,41.85,38.78,"49,700"
29-Feb-24,41.92,42.04,41.89,41.98,38.9,"70,300"
01-Mar-24,41.89,42.23,41.89,42.21,39.11,"102,200"
04-Mar-24,42.21,42.21,42.13,42.15,39.05,"65,400"
05-Mar-24,42.1,42.25,42.06,42.13,39.04,"62,300"
06-Mar-24,42.2,42.4,42.2,42.29,39.18,"90,400"
07-Mar-24,42.43,42.56,42.43,42.54,39.42,"133,400"
08-Mar-24,42.63,42.69,42.46,42.49,39.37,"55,400"
11-Mar-24,42.49,42.49,42.34,42.43,39.31,"80,600"
12-Mar-24,42.46,42.53,42.34,42.52,39.4,"139,700"
13-Mar-24,42.54,42.54,42.43,42.48,39.36,"61,200"
14-Mar-24,42.48,42.48,42.18,42.25,39.15,"169,400"
15-Mar-24,42.19,42.3,42.13,42.17,39.07,"63,900"
18-Mar-24,42.31,42.31,42.19,42.21,39.11,"94,200"
19-Mar-24,42.28,42.37,42.18,42.35,39.24,"65,400"
20-Mar-24,42.4,42.6,42.33,42.56,39.43,"94,800"
21-Mar-24,42.62,42.71,42.62,42.62,39.49,"79,700"
22-Mar-24,42.78,42.78,42.62,42.66,39.53,"161,600"
25-Mar-24,42.65,42.65,42.55,42.57,39.44,"113,100"
26-Mar-24,42.65,42.65,42.55,42.56,39.43,"123,000"
27-Mar-24,42.74,42.79,42.63,42.78,39.64,"46,200"
28-Mar-24,42.72,42.83,42.72,42.78,39.64,"139,500"
01-Apr-24,42.61,42.73,42.53,42.58,39.45,"89,100"
02-Apr-24,42.31,42.31,42.12,42.25,39.35,"141,900"
03-Apr-24,42.15,42.32,42.13,42.27,39.37,"85,800"
04-Apr-24,42.44,42.49,42.15,42.15,39.26,"84,200"
05-Apr-24,42.05,42.29,42.05,42.21,39.31,"103,800"
08-Apr-24,42.23,42.28,42.19,42.25,39.35,"107,500"
09-Apr-24,42.31,42.37,42.19,42.34,39.43,"88,200"
10-Apr-24,41.91,42.0,41.79,41.87,39.0,"81,000"
11-Apr-24,41.9,42.03,41.75,41.97,39.09,"128,200"
12-Apr-24,41.84,41.9,41.69,41.73,38.87,"59,600"
15-Apr-24,41.75,41.78,41.36,41.44,38.6,"321,000"
16-Apr-24,41.25,41.34,41.18,41.27,38.44,"97,600"
17-Apr-24,41.48,41.48,41.22,41.31,38.48,"103,900"
18-Apr-24,41.32,41.38,41.18,41.22,38.39,"207,000"
19-Apr-24,41.24,41.28,41.1,41.17,38.35,"99,300"
22-Apr-24,41.26,41.41,41.21,41.35,38.51,"52,300"
23-Apr-24,41.34,41.64,41.34,41.6,38.75,"148,700"
24-Apr-24,41.44,41.58,41.42,41.53,38.68,"72,800"
25-Apr-24,41.37,41.42,41.13,41.42,38.58,"81,900"
26-Apr-24,41.44,41.64,41.44,41.62,38.76,"70,200"
29-Apr-24,41.66,41.77,41.66,41.76,38.89,"300,900"
30-Apr-24,41.59,41.69,41.39,41.41,38.57,"74,800"
01-May-24,41.39,41.71,41.36,41.43,38.59,"169,600"
02-May-24,41.54,41.76,41.46,41.72,38.86,"93,400"
03-May-24,41.97,42.09,41.91,42.04,39.16,"67,600"
06-May-24,42.15,42.21,42.1,42.19,39.3,"298,000"
07-May-24,42.36,42.36,42.22,42.27,39.37,"118,700"
08-May-24,42.19,42.23,42.14,42.17,39.28,"109,100"
09-May-24,42.16,42.37,42.16,42.34,39.43,"75,500"
10-May-24,42.41,42.41,42.27,42.34,39.43,"144,500"
13-May-24,42.36,42.42,42.33,42.35,39.44,"52,300"
14-May-24,42.41,42.52,42.37,42.52,39.6,"33,500"
15-May-24,42.73,42.83,42.64,42.83,39.89,"138,200"
16-May-24,42.82,42.88,42.76,42.78,39.84,"131,500"
17-May-24,42.78,42.79,42.69,42.77,39.84,"116,000"
20-May-24,42.71,42.8,42.71,42.74,39.81,"108,700"
21-May-24,42.7,42.8,42.7,42.78,39.84,"72,600"
22-May-24,42.73,42.73,42.59,42.63,39.7,"61,800"
23-May-24,42.68,42.78,42.41,42.45,39.54,"71,200"
24-May-24,42.56,42.63,42.5,42.63,39.7,"39,700"
28-May-24,42.59,42.66,42.43,42.49,39.57,"54,600"
29-May-24,42.24,42.35,42.17,42.23,39.33,"62,700"
30-May-24,42.26,42.38,42.26,42.3,39.4,"83,200"
31-May-24,42.35,42.53,42.29,42.52,39.6,"70,200"
03-Jun-24,42.54,42.83,42.54,42.67,39.74,"89,100"
04-Jun-24,42.64,42.75,42.61,42.73,39.8,"291,600"
05-Jun-24,42.77,42.96,42.73,42.96,40.01,"118,800"
06-Jun-24,42.9,42.97,42.9,42.96,40.01,"106,400"
07-Jun-24,42.85,42.86,42.69,42.72,39.79,"77,300"
10-Jun-24,42.58,42.73,42.58,42.68,39.75,"221,400"
11-Jun-24,42.68,42.77,42.58,42.75,39.82,"320,600"
12-Jun-24,43.04,43.2,42.98,43.03,40.08,"132,200"
13-Jun-24,43.07,43.13,42.97,43.07,40.11,"53,600"
14-Jun-24,43.04,43.08,42.96,43.08,40.12,"72,600"
17-Jun-24,43.0,43.14,42.91,43.11,40.15,"83,000"
18-Jun-24,43.09,43.27,43.09,43.25,40.28,"188,700"
20-Jun-24,43.16,43.21,43.09,43.16,40.2,"232,900"
21-Jun-24,43.09,43.17,43.08,43.15,40.19,"50,900"
24-Jun-24,43.15,43.27,43.13,43.18,40.22,"62,600"
25-Jun-24,43.14,43.2,43.1,43.19,40.23,"64,400"
26-Jun-24,43.06,43.09,42.91,43.08,40.12,"102,700"
27-Jun-24,43.06,43.17,43.06,43.12,40.16,"54,400"
28-Jun-24,43.16,43.24,42.97,43.01,40.06,"78,200"
01-Jul-24,42.99,43.03,42.84,42.91,39.97,"119,200"
02-Jul-24,42.55,42.71,42.55,42.7,40.08,"80,800"
03-Jul-24,42.77,42.97,42.77,42.97,40.34,"48,700"
05-Jul-24,43.05,43.2,43.03,43.15,40.51,"202,500"
08-Jul-24,43.22,43.25,43.15,43.19,40.54,"113,100"
09-Jul-24,43.14,43.19,43.08,43.17,40.53,"63,500"
10-Jul-24,43.19,43.36,43.19,43.35,40.7,"197,300"
11-Jul-24,43.52,43.61,43.42,43.46,40.8,"65,000"
12-Jul-24,43.68,43.73,43.47,43.67,41.0,"96,100"
15-Jul-24,43.67,43.75,43.54,43.56,40.89,"83,800"
16-Jul-24,43.64,43.78,43.6,43.76,41.08,"69,500"
17-Jul-24,43.66,43.68,43.54,43.58,40.91,"226,100"
18-Jul-24,43.58,43.69,43.31,43.35,40.7,"60,400"
19-Jul-24,43.39,43.39,43.16,43.21,40.56,"164,200"
22-Jul-24,43.39,43.39,43.25,43.36,40.7,"69,200"
23-Jul-24,43.36,43.41,43.32,43.34,40.69,"95,600"
24-Jul-24,43.3,43.3,42.9,42.93,40.3,"86,700"
25-Jul-24,42.98,43.14,42.87,42.91,40.28,"61,800"
26-Jul-24,43.09,43.26,43.09,43.21,40.56,"84,900"
29-Jul-24,43.28,43.28,43.14,43.23,40.58,"146,600"
30-Jul-24,43.28,43.3,43.12,43.22,40.57,"101,600"
31-Jul-24,43.47,43.62,43.41,43.59,40.92,"130,500"
01-Aug-24,43.54,43.72,43.25,43.36,40.7,"64,000"
02-Aug-24,43.26,43.31,43.1,43.31,40.66,"114,600"
05-Aug-24,42.97,42.97,42.66,42.83,40.21,"116,900"
06-Aug-24,42.68,43.01,42.68,42.77,40.15,"217,900"
07-Aug-24,43.09,43.09,42.66,42.66,40.05,"137,700"
08-Aug-24,42.72,43.04,42.72,43.04,40.4,"95,800"
09-Aug-24,43.11,43.19,43.05,43.18,40.54,"50,700"
12-Aug-24,43.12,43.25,43.09,43.19,40.54,"61,400"
13-Aug-24,43.38,43.58,43.36,43.55,40.88,"123,900"
14-Aug-24,43.55,43.69,43.55,43.64,40.97,"134,900"
15-Aug-24,43.71,43.87,43.64,43.81,41.13,"238,400"
16-Aug-24,43.76,44.0,43.76,43.93,41.24,"76,300"
19-Aug-24,43.96,44.22,43.96,44.16,41.46,"70,300"
20-Aug-24,44.17,44.25,44.12,44.15,41.45,"102,500"
21-Aug-24,44.28,44.43,44.19,44.34,41.62,"61,300"
22-Aug-24,44.37,44.37,44.02,44.07,41.37,"123,800"
23-Aug-24,44.25,44.47,44.23,44.47,41.75,"90,000"
26-Aug-24,44.52,44.52,44.33,44.34,41.62,"86,800"
27-Aug-24,44.31,44.45,44.18,44.45,41.73,"57,700"
28-Aug-24,44.37,44.41,44.18,44.27,41.56,"114,400"
29-Aug-24,44.29,44.43,44.27,44.27,41.56,"66,100"
30-Aug-24,44.35,44.44,44.2,44.37,41.65,"46,700"
03-Sep-24,44.29,44.33,44.02,44.05,41.35,"85,000"
04-Sep-24,43.99,44.24,43.99,44.15,41.45,"48,100"
05-Sep-24,44.25,44.29,44.08,44.18,41.47,"99,500"
06-Sep-24,44.15,44.2,43.84,43.92,41.23,"85,700"
09-Sep-24,44.01,44.2,44.0,44.14,41.44,"62,800"
10-Sep-24,44.17,44.24,44.03,44.22,41.51,"67,300"
11-Sep-24,44.18,44.37,44.03,44.35,41.63,"58,600"
12-Sep-24,44.35,44.5,44.29,44.47,41.75,"64,400"
13-Sep-24,44.56,44.69,44.56,44.65,41.92,"95,100"
16-Sep-24,44.7,44.82,44.64,44.82,42.07,"154,100"
17-Sep-24,44.83,44.99,44.65,44.74,42.0,"53,800"
18-Sep-24,44.69,44.94,44.59,44.6,41.87,"92,300"
19-Sep-24,44.94,44.98,44.83,44.95,42.2,"61,500"
20-Sep-24,44.91,44.92,44.74,44.87,42.12,"91,900"
23-Sep-24,44.85,44.95,44.83,44.89,42.14,"32,500"
24-Sep-24,44.97,45.09,44.88,45.08,42.32,"64,100"
25-Sep-24,45.03,45.04,44.88,44.88,42.13,"99,500"
26-Sep-24,45.1,45.31,45.01,45.14,42.38,"124,200"
27-Sep-24,45.19,45.25,45.11,45.14,42.38,"66,500"
30-Sep-24,45.13,45.13,44.93,45.11,42.35,"64,500"
01-Oct-24,45.09,45.13,44.93,45.04,42.28,"52,800"
02-Oct-24,44.8,44.8,44.6,44.76,42.26,"133,700"
03-Oct-24,44.63,44.75,44.52,44.58,42.09,"93,000"
04-Oct-24,44.58,44.61,44.45,44.61,42.12,"98,800"
07-Oct-24,44.49,44.51,44.33,44.44,41.96,"138,100"
08-Oct-24,44.33,44.5,44.31,44.46,41.98,"83,800"
09-Oct-24,44.39,44.51,44.34,44.51,42.03,"108,600"
10-Oct-24,44.43,44.47,44.36,44.44,41.96,"54,000"
11-Oct-24,44.46,44.64,44.4,44.61,42.12,"69,500"
14-Oct-24,44.47,44.67,44.34,44.62,42.13,"60,300"
15-Oct-24,44.66,44.72,44.51,44.57,42.08,"111,300"
16-Oct-24,44.62,44.7,44.58,44.69,42.2,"62,600"
17-Oct-24,44.7,44.71,44.52,44.61,42.12,"143,300"
18-Oct-24,44.63,44.72,44.62,44.71,42.22,"83,200"
21-Oct-24,44.52,44.56,44.35,44.37,41.9,"101,500"
22-Oct-24,44.46,44.46,44.26,44.32,41.85,"115,700"
23-Oct-24,44.2,44.23,44.0,44.14,41.68,"83,000"
24-Oct-24,44.2,44.25,44.16,44.18,41.72,"151,500"
25-Oct-24,44.25,44.37,44.14,44.17,41.71,"85,400"
28-Oct-24,44.29,44.29,44.18,44.21,41.74,"95,000"
29-Oct-24,44.12,44.27,44.07,44.26,41.79,"75,200"
30-Oct-24,44.19,44.31,44.13,44.15,41.69,"50,300"
31-Oct-24,44.1,44.1,43.76,43.84,41.39,"98,800"
01-Nov-24,43.95,44.05,43.8,43.85,41.4,"103,100"
04-Nov-24,43.97,44.08,43.87,43.93,41.48,"143,700"
05-Nov-24,43.98,44.18,43.94,44.15,41.69,"108,200"
06-Nov-24,44.17,44.27,43.97,44.2,41.73,"96,300"
07-Nov-24,44.45,44.64,44.4,44.6,42.11,"152,800"
08-Nov-24,44.55,44.62,44.49,44.57,42.08,"106,900"
11-Nov-24,44.58,44.59,44.48,44.57,42.08,"144,000"
12-Nov-24,44.42,44.44,44.17,44.25,41.78,"128,500"
13-Nov-24,44.3,44.32,44.15,44.22,41.75,"110,300"
14-Nov-24,44.28,44.33,44.07,44.15,41.69,"154,700"
15-Nov-24,44.08,44.08,43.91,43.91,41.46,"92,900"
18-Nov-24,43.99,44.11,43.93,44.06,41.6,"169,700"
19-Nov-24,43.97,44.2,43.96,44.13,41.67,"138,500"
20-Nov-24,44.08,44.1,43.97,44.05,41.59,"119,100"
21-Nov-24,44.15,44.24,44.06,44.14,41.68,"122,400"
22-Nov-24,44.14,44.32,44.14,44.32,41.85,"144,200"
25-Nov-24,44.4,44.59,44.4,44.52,42.04,"202,900"
26-Nov-24,44.52,44.54,44.41,44.47,41.99,"115,000"
27-Nov-24,44.6,44.66,44.51,44.54,42.06,"203,300"
29-Nov-24,44.64,44.85,44.64,44.76,42.26,"78,800"
02-Dec-24,44.72,44.89,44.71,44.87,42.37,"111,700"
03-Dec-24,44.85,44.91,44.8,44.8,42.3,"105,900"
04-Dec-24,44.76,45.02,44.76,44.97,42.46,"339,000"
05-Dec-24,45.01,45.06,44.96,45.03,42.52,"198,300"
06-Dec-24,45.08,45.14,45.03,45.06,42.55,"173,400"
09-Dec-24,44.97,45.14,44.97,45.02,42.51,"202,400"
10-Dec-24,44.9,44.95,44.86,44.86,42.36,"154,600"
11-Dec-24,45.01,45.02,44.92,44.92,42.41,"134,700"
12-Dec-24,44.9,44.9,44.72,44.77,42.27,"368,500"
13-Dec-24,44.6,44.75,44.57,44.66,42.17,"145,900"
16-Dec-24,44.66,44.71,44.6,44.63,42.14,"583,300"
17-Dec-24,44.67,44.67,44.53,44.55,42.07,"234,700"
18-Dec-24,44.5,44.63,43.88,43.92,41.47,"278,200"
19-Dec-24,43.77,44.04,43.76,43.85,41.4,"348,900"
20-Dec-24,43.27,43.68,43.27,43.53,41.6,"274,900"
23-Dec-24,43.38,43.55,43.27,43.5,41.57,"439,000"
24-Dec-24,43.55,43.83,43.49,43.75,41.81,"260,700"
26-Dec-24,43.64,43.77,43.57,43.77,41.83,"259,400"
27-Dec-24,43.65,43.79,43.47,43.59,41.66,"491,400"
30-Dec-24,43.54,43.56,43.36,43.44,41.52,"254,400"
31-Dec-24,43.57,43.58,43.36,43.44,41.52,"238,700"
02-Jan-25,43.5,43.56,43.26,43.39,41.47,"215,100"
03-Jan-25,43.45,43.55,43.44,43.54,41.61,"157,100"
06-Jan-25,43.45,43.74,43.45,43.6,41.67,"352,900"
07-Jan-25,43.6,43.68,43.32,43.36,41.44,"162,900"
08-Jan-25,43.29,43.42,43.24,43.42,41.5,"158,400"
10-Jan-25,43.19,43.19,42.94,42.94,41.04,"369,100"
13-Jan-25,42.93,42.94,42.78,42.93,41.03,"295,900"
14-Jan-25,43.04,43.16,42.89,43.02,41.11,"112,500"
15-Jan-25,43.44,43.62,43.37,43.5,41.57,"83,800"
16-Jan-25,43.45,43.61,43.43,43.55,41.62,"430,400"
17-Jan-25,43.63,43.75,43.63,43.71,41.77,"197,300"
21-Jan-25,43.84,43.98,43.83,43.98,42.03,"419,300"
22-Jan-25,44.0,44.07,43.96,43.97,42.02,"113,800"
23-Jan-25,43.97,44.1,43.9,44.1,42.15,"294,400"
24-Jan-25,44.02,44.15,44.02,44.06,42.11,"227,900"
27-Jan-25,43.99,44.03,43.9,43.93,41.98,"577,200"
28-Jan-25,43.9,44.12,43.9,44.09,42.14,"70,800"
29-Jan-25,44.11,44.14,43.93,44.04,42.09,"172,600"
30-Jan-25,44.15,44.32,44.15,44.23,42.27,"228,800"
31-Jan-25,44.21,44.36,44.02,44.08,42.13,"242,700"
03-Feb-25,43.96,44.05,43.77,43.95,42.0,"123,900"
04-Feb-25,43.96,44.17,43.96,44.17,42.21,"89,100"
05-Feb-25,44.32,44.38,44.21,44.29,42.33,"67,800"
06-Feb-25,44.42,44.43,44.32,44.41,42.44,"62,500"
07-Feb-25,44.37,44.4,44.17,44.19,42.23,"154,100"
10-Feb-25,44.31,44.37,44.27,44.31,42.35,"118,800"
11-Feb-25,44.24,44.31,44.18,44.31,42.35,"105,000"
12-Feb-25,44.0,44.18,43.98,44.13,42.18,"51,400"
13-Feb-25,44.23,44.5,44.23,44.5,42.53,"77,600"
14-Feb-25,44.66,44.71,44.56,44.71,42.73,"50,900"
18-Feb-25,44.53,44.66,44.49,44.58,42.61,"120,100"
19-Feb-25,44.49,44.57,44.43,44.57,42.6,"91,200"
20-Feb-25,44.59,44.71,44.46,44.71,42.73,"43,400"
21-Feb-25,44.59,44.62,44.37,44.47,42.5,"114,000"
24-Feb-25,44.39,44.47,44.28,44.28,42.32,"215,900"
25-Feb-25,44.53,44.53,44.32,44.46,42.49,"105,800"
26-Feb-25,44.52,44.65,44.49,44.53,42.56,"63,900"
27-Feb-25,44.53,44.56,44.2,44.26,42.3,"231,700"
28-Feb-25,44.36,44.49,44.2,44.47,42.5,"76,000"
03-Mar-25,44.46,44.59,44.24,44.3,42.34,"142,800"
04-Mar-25,44.3,44.39,44.05,44.14,42.19,"106,500"
05-Mar-25,44.19,44.41,44.14,44.38,42.41,"73,300"
06-Mar-25,44.23,44.23,44.02,44.03,42.08,"107,400"
07-Mar-25,44.08,44.24,43.99,44.21,42.25,"83,100"
10-Mar-25,44.01,44.04,43.68,43.72,41.78,"77,200"
11-Mar-25,43.92,43.92,43.56,43.58,41.65,"153,000"
12-Mar-25,43.7,43.78,43.6,43.7,41.76,"134,500"
13-Mar-25,43.59,43.77,43.49,43.57,41.64,"95,400"
14-Mar-25,43.63,43.89,43.63,43.85,41.91,"82,800"
17-Mar-25,43.88,44.12,43.88,44.09,42.14,"122,300"
18-Mar-25,44.02,44.02,43.85,43.91,41.97,"104,700"
19-Mar-25,43.99,44.29,43.95,44.18,42.22,"417,400"
20-Mar-25,44.1,44.24,44.05,44.14,42.19,"157,700"
21-Mar-25,44.08,44.13,43.96,44.13,42.18,"73,600"
24-Mar-25,44.11,44.21,44.1,44.19,42.23,"278,500"
25-Mar-25,44.21,44.28,44.2,44.22,42.26,"73,100"
26-Mar-25,44.27,44.27,43.96,44.03,42.08,"63,700"
27-Mar-25,43.97,44.04,43.89,43.97,42.02,"50,400"
28-Mar-25,44.06,44.06,43.77,43.82,41.88,"141,100"
31-Mar-25,43.74,43.89,43.44,43.88,41.94,"91,400"
01-Apr-25,43.77,44.05,43.77,43.95,42.0,"70,700"
02-Apr-25,43.73,43.9,43.68,43.9,42.19,"57,500"
03-Apr-25,43.43,43.56,43.24,43.24,41.56,"169,100"
04-Apr-25,42.95,42.95,42.28,42.33,40.68,"245,300"
07-Apr-25,41.81,42.51,41.49,41.77,40.15,"520,400"
08-Apr-25,42.34,42.37,41.37,41.55,39.93,"209,800"
09-Apr-25,41.44,43.06,41.2,43.06,41.39,"284,500"
10-Apr-25,42.39,42.53,41.86,42.18,40.54,"168,200"
11-Apr-25,42.13,42.59,41.97,42.5,40.85,"185,600"
14-Apr-25,42.8,42.96,42.64,42.79,41.13,"282,300"
15-Apr-25,42.85,43.03,42.78,42.78,41.12,"123,000"
16-Apr-25,42.86,42.92,42.6,42.67,41.01,"138,700"
17-Apr-25,42.86,42.91,42.73,42.88,41.21,"88,000"
21-Apr-25,42.7,42.83,42.25,42.45,40.8,"423,500"
22-Apr-25,42.64,42.92,42.62,42.83,41.16,"181,900"
23-Apr-25,43.24,43.39,42.98,43.01,41.34,"109,400"
24-Apr-25,43.09,43.5,43.09,43.47,41.78,"118,500"
25-Apr-25,43.44,43.66,43.41,43.66,41.96,"52,200"
28-Apr-25,43.62,43.77,43.56,43.73,42.03,"60,500"
29-Apr-25,43.72,43.9,43.69,43.88,42.17,"58,500"
30-Apr-25,43.58,43.9,43.5,43.88,42.17,"67,600"
01-May-25,43.84,44.0,43.8,43.8,42.1,"53,200"
02-May-25,44.11,44.13,44.0,44.13,42.41,"73,800"
05-May-25,44.15,44.15,43.93,44.09,42.38,"219,000"
06-May-25,43.96,44.01,43.81,43.96,42.25,"139,600"
07-May-25,44.03,44.08,43.88,43.97,42.26,"195,500"
08-May-25,44.16,44.16,43.95,43.96,42.25,"311,400"
09-May-25,44.01,44.1,43.96,44.01,42.3,"141,500"
12-May-25,44.23,44.38,44.21,44.33,42.61,"317,400"
13-May-25,44.46,44.5,44.36,44.46,42.73,"92,100"
14-May-25,44.54,44.54,44.32,44.38,42.65,"150,000"
15-May-25,44.39,44.6,44.36,44.6,42.87,"243,900"
16-May-25,44.74,44.74,44.56,44.66,42.92,"76,000"
19-May-25,44.41,44.74,44.41,44.74,43.0,"113,400"
20-May-25,44.62,44.74,44.6,44.65,42.91,"80,100"
21-May-25,44.6,44.66,44.24,44.24,42.52,"183,900"
22-May-25,44.28,44.46,44.24,44.32,42.6,"73,600"
23-May-25,44.31,44.4,44.2,44.37,42.64,"114,400"
27-May-25,44.63,44.78,44.57,44.73,42.99,"142,500"
28-May-25,44.65,44.7,44.56,44.58,42.85,"73,100"
29-May-25,44.72,44.76,44.65,44.7,42.96,"80,500"
30-May-25,44.68,44.8,44.6,44.78,43.04,"72,800"
02-Jun-25,44.73,44.85,44.62,44.81,43.07,"77,600"
03-Jun-25,44.85,44.91,44.8,44.87,43.13,"61,800"
04-Jun-25,44.91,45.12,44.91,45.05,43.3,"78,800"
05-Jun-25,45.02,45.12,44.88,44.97,43.22,"94,600"
06-Jun-25,44.91,45.06,44.91,44.98,43.23,"62,800"
09-Jun-25,44.95,45.12,44.95,45.01,43.26,"114,200"
10-Jun-25,45.07,45.19,45.07,45.12,43.37,"89,800"
11-Jun-25,45.33,45.44,45.16,45.19,43.43,"163,400"
12-Jun-25,45.28,45.44,45.26,45.44,43.67,"85,400"
13-Jun-25,45.12,45.21,45.01,45.09,43.34,"76,800"
16-Jun-25,45.14,45.35,45.14,45.21,43.45,"188,500"
17-Jun-25,45.13,45.2,45.03,45.04,43.29,"46,300"
18-Jun-25,45.11,45.25,45.06,45.06,43.31,"58,900"
20-Jun-25,45.08,45.32,45.0,45.04,43.29,"56,700"
23-Jun-25,45.01,45.28,45.01,45.22,43.46,"76,200"
24-Jun-25,45.42,45.63,45.27,45.59,43.82,"60,200"
25-Jun-25,45.57,45.58,45.49,45.55,43.78,"128,800"
26-Jun-25,45.71,45.83,45.48,45.77,43.99,"144,500"
27-Jun-25,45.7,45.95,45.7,45.88,44.1,"59,200"
30-Jun-25,45.99,46.04,45.86,46.04,44.25,"132,400"
01-Jul-25,45.87,46.04,45.87,45.99,44.2,"103,400"
02-Jul-25,45.5,45.79,45.49,45.79,44.37,"79,600"
03-Jul-25,45.61,45.84,45.61,45.84,44.42,"30,800"
07-Jul-25,45.8,45.8,45.37,45.51,44.1,"136,000"
08-Jul-25,45.53,45.54,45.42,45.54,44.13,"128,000"
09-Jul-25,45.52,45.76,45.52,45.76,44.34,"76,800"
10-Jul-25,45.74,45.83,45.63,45.77,44.35,"71,500"
11-Jul-25,45.53,45.61,45.53,45.56,44.15,"67,300"
14-Jul-25,45.44,45.61,45.44,45.61,44.2,"106,300"
15-Jul-25,45.62,45.67,45.4,45.4,43.99,"174,300"
16-Jul-25,45.42,45.55,45.31,45.5,44.09,"98,900"
17-Jul-25,45.58,45.67,45.53,45.67,44.25,"155,200"
18-Jul-25,45.67,45.75,45.63,45.69,44.27,"63,400"
21-Jul-25,45.86,45.94,45.78,45.81,44.39,"69,900"
22-Jul-25,45.88,45.92,45.77,45.87,44.45,"63,700"
23-Jul-25,45.87,46.08,45.87,46.06,44.63,"82,700"
24-Jul-25,46.04,46.06,45.95,46.01,44.58,"38,500"
25-Jul-25,45.86,46.13,45.86,46.13,44.7,"85,400"
28-Jul-25,46.08,46.08,45.88,45.98,44.55,"88,600"
29-Jul-25,46.03,46.12,45.92,46.05,44.62,"37,700"
30-Jul-25,45.98,46.02,45.77,45.91,44.49,"62,300"
31-Jul-25,45.89,46.02,45.77,45.81,44.39,"59,000"
01-Aug-25,45.85,45.85,45.61,45.71,44.29,"160,300"
04-Aug-25,45.82,46.05,45.82,46.02,44.59,"93,300"
05-Aug-25,45.99,46.08,45.97,46.0,44.57,"117,000"
06-Aug-25,46.09,46.17,45.98,46.15,44.72,"420,300"
07-Aug-25,46.2,46.3,46.07,46.2,44.77,"75,700"
08-Aug-25,46.2,46.29,46.14,46.29,44.85,"106,000"
11-Aug-25,46.29,46.29,46.15,46.22,44.79,"62,700"
12-Aug-25,46.31,46.43,46.19,46.4,44.96,"83,800"
13-Aug-25,46.48,46.64,46.48,46.64,45.19,"61,400"
14-Aug-25,46.56,46.56,46.4,46.49,45.05,"62,400"
15-Aug-25,46.46,46.56,46.45,46.49,45.05,"40,900"
18-Aug-25,46.51,46.53,46.42,46.48,45.04,"84,800"
19-Aug-25,46.43,46.53,46.36,46.43,44.99,"66,500"
20-Aug-25,46.36,46.42,46.26,46.42,44.98,"299,200"
21-Aug-25,46.36,46.36,46.22,46.24,44.81,"51,500"
22-Aug-25,46.32,46.76,46.32,46.74,45.29,"83,600"
25-Aug-25,46.71,46.71,46.5,46.5,45.06,"58,700"
26-Aug-25,46.5,46.66,46.32,46.66,45.21,"64,900"
27-Aug-25,46.55,46.7,46.52,46.69,45.24,"189,400"
28-Aug-25,46.73,46.79,46.62,46.78,45.33,"45,200"
29-Aug-25,46.7,46.7,46.55,46.6,45.16,"71,800"
02-Sep-25,46.34,46.51,46.25,46.37,44.93,"98,300"
03-Sep-25,46.48,46.6,46.46,46.54,45.1,"96,600"
04-Sep-25,46.58,46.83,46.58,46.81,45.36,"108,900"
05-Sep-25,46.93,47.1,46.86,46.98,45.52,"116,400"
08-Sep-25,46.98,47.14,46.98,47.14,45.68,"457,200"
09-Sep-25,47.09,47.12,47.0,47.1,45.64,"66,200"
10-Sep-25,47.2,47.37,47.14,47.18,45.72,"63,800"
11-Sep-25,47.1,47.56,47.1,47.46,45.99,"104,700"
12-Sep-25,47.31,47.42,47.24,47.41,45.94,"69,200"
15-Sep-25,47.37,47.55,47.37,47.55,46.08,"129,600"
16-Sep-25,47.55,47.55,47.44,47.53,46.06,"71,400"
17-Sep-25,47.44,47.64,47.38,47.47,46.0,"78,500"
18-Sep-25,47.62,47.62,47.37,47.47,46.0,"95,200"
19-Sep-25,47.56,47.61,47.4,47.61,46.13,"65,200"
22-Sep-25,47.46,47.59,47.43,47.59,46.11,"76,200"
23-Sep-25,47.59,47.64,47.47,47.51,46.04,"54,200"
24-Sep-25,47.49,47.49,47.33,47.42,45.95,"71,300"
25-Sep-25,47.22,47.27,47.14,47.27,45.8,"89,700"
26-Sep-25,47.18,47.36,47.18,47.33,45.86,"66,900"
29-Sep-25,47.38,47.53,47.38,47.49,46.02,"70,100"
30-Sep-25,47.54,47.59,47.46,47.58,46.1,"64,800"
01-Oct-25,47.66,47.76,47.61,47.74,46.26,"110,800"
02-Oct-25,47.53,47.55,47.4,47.53,46.32,"100,700"
03-Oct-25,47.64,47.67,47.55,47.61,46.39,"65,000"
06-Oct-25,47.65,47.73,47.54,47.73,46.51,"104,700"
07-Oct-25,47.68,47.68,47.43,47.5,46.29,"155,300"
08-Oct-25,47.55,47.67,47.53,47.67,46.45,"84,300"
09-Oct-25,47.65,47.65,47.4,47.49,46.28,"59,800"
10-Oct-25,47.49,47.59,47.0,47.0,45.8,"78,500"
13-Oct-25,47.16,47.38,47.16,47.33,46.12,"146,900"
14-Oct-25,47.22,47.49,47.1,47.37,46.16,"106,700"
15-Oct-25,47.62,47.66,47.34,47.44,46.23,"72,300"
16-Oct-25,47.64,47.65,47.44,47.5,46.29,"119,000"
17-Oct-25,47.48,47.6,47.41,47.58,46.37,"89,100"
20-Oct-25,47.6,47.86,47.58,47.84,46.62,"178,900"
21-Oct-25,47.75,47.88,47.74,47.76,46.54,"178,400"
22-Oct-25,47.86,47.86,47.56,47.73,46.51,"129,900"
23-Oct-25,47.67,47.84,47.67,47.81,46.59,"67,900"
24-Oct-25,48.02,48.15,47.9,47.95,46.73,"113,100"
27-Oct-25,48.03,48.22,48.03,48.22,46.99,"100,900"
28-Oct-25,48.12,48.29,48.12,48.26,47.03,"295,900"
29-Oct-25,48.26,48.36,47.99,48.07,46.84,"392,100"
30-Oct-25,47.81,48.01,47.71,47.88,46.66,"168,500"
31-Oct-25,47.88,47.96,47.79,47.9,46.68,"68,200"
03-Nov-25,47.99,48.03,47.78,47.92,46.7,"181,700"
04-Nov-25,47.74,47.82,47.61,47.69,46.47,"146,900"
05-Nov-25,47.75,47.77,47.64,47.72,46.5,"253,800"
06-Nov-25,47.82,47.82,47.58,47.65,46.43,"297,200"
07-Nov-25,47.65,47.68,47.4,47.65,46.43,"216,100"
10-Nov-25,47.85,47.96,47.76,47.95,46.73,"145,700"
11-Nov-25,47.84,48.08,47.84,48.04,46.81,"80,100"
12-Nov-25,48.04,48.14,48.04,48.09,46.86,"103,200"
13-Nov-25,48.04,48.04,47.71,47.74,46.52,"143,000"
14-Nov-25,47.54,47.8,47.53,47.7,46.48,"100,700"
17-Nov-25,47.65,47.71,47.4,47.47,46.26,"163,700"
18-Nov-25,47.35,47.46,47.25,47.35,46.14,"274,800"
19-Nov-25,47.45,47.48,47.27,47.38,46.17,"103,700"
20-Nov-25,47.71,47.71,47.09,47.14,45.94,"123,500"
21-Nov-25,47.31,47.47,47.13,47.39,46.18,"158,400"
24-Nov-25,47.35,47.66,47.35,47.6,46.38,"200,200"
25-Nov-25,47.72,47.89,47.6,47.89,46.67,"124,800"
26-Nov-25,47.84,48.11,47.84,48.02,46.79,"231,600"
28-Nov-25,47.99,48.12,47.99,48.12,46.89,"313,900"
01-Dec-25,47.93,48.0,47.89,47.92,46.7,"184,300"
02-Dec-25,47.98,48.02,47.91,47.98,46.75,"135,800"
03-Dec-25,48.06,48.13,47.98,48.12,46.89,"108,300"
04-Dec-25,48.24,48.24,48.01,48.08,46.85,"457,100"
05-Dec-25,48.25,48.25,48.04,48.09,46.86,"538,700"
08-Dec-25,48.1,48.19,47.92,47.96,46.74,"283,400"
09-Dec-25,47.97,48.07,47.91,47.91,46.69,"257,200"
10-Dec-25,48.0,48.23,47.93,48.15,46.92,"186,500"
11-Dec-25,48.14,48.27,48.14,48.22,46.99,"301,000"
12-Dec-25,48.19,48.2,47.93,48.0,46.77,"219,400"
15-Dec-25,48.23,48.28,47.98,48.06,46.83,"370,900"
16-Dec-25,48.04,48.05,47.9,48.0,46.77,"141,500"
17-Dec-25,48.07,48.07,47.78,47.78,46.56,"197,700"
18-Dec-25,47.92,48.13,47.92,48.12,46.89,"227,800"
19-Dec-25,48.15,48.19,48.07,48.16,46.93,"233,400"
22-Dec-25,48.2,48.24,48.17,48.24,47.01,"287,000"
23-Dec-25,47.75,47.82,47.67,47.81,47.11,"133,700"
24-Dec-25,48.01,48.01,47.83,47.96,47.26,"113,000"
26-Dec-25,48.1,48.1,47.89,47.98,47.28,"240,300"
29-Dec-25,47.82,47.94,47.82,47.93,47.23,"464,200"
30-Dec-25,47.93,47.94,47.85,47.89,47.19,"147,000"
31-Dec-25,47.96,47.96,47.7,47.73,47.03,"83,300"
02-Jan-26,47.85,47.9,47.72,47.85,47.15,"280,800"
05-Jan-26,47.91,48.07,47.91,48.05,47.35,"438,700"
06-Jan-26,48.05,48.16,47.97,48.12,47.42,"126,700"
07-Jan-26,48.09,48.2,48.06,48.11,47.41,"98,600"
08-Jan-26,48.09,48.13,47.97,48.03,47.33,"168,800"
09-Jan-26,48.06,48.26,48.06,48.23,47.52,"215,200"
12-Jan-26,48.2,48.33,48.19,48.32,47.61,"260,000"
13-Jan-26,48.34,48.34,48.2,48.33,47.62,"143,300"
14-Jan-26,48.28,48.3,48.17,48.3,47.59,"188,900"
15-Jan-26,48.31,48.5,48.27,48.34,47.63,"314,200"
16-Jan-26,48.3,48.34,48.21,48.28,47.57,"365,200"
20-Jan-26,48.01,48.02,47.78,47.8,47.1,"277,900"
21-Jan-26,47.94,48.2,47.9,48.08,47.38,"137,800"
22-Jan-26,48.41,48.42,48.18,48.28,47.57,"152,500"
23-Jan-26,48.32,48.34,48.18,48.31,47.6,"139,700"
26-Jan-26,48.44,48.5,48.39,48.45,47.74,"232,000"
27-Jan-26,48.46,48.65,48.46,48.65,47.94,"93,500"
28-Jan-26,48.69,48.69,48.4,48.61,47.9,"112,200"
29-Jan-26,48.62,48.67,48.3,48.64,47.93,"319,100"
30-Jan-26,48.54,48.55,48.29,48.43,47.72,"173,800"
02-Feb-26,48.43,48.54,48.38,48.45,47.74,"123,000"
03-Feb-26,48.43,48.52,48.23,48.35,47.64,"133,500"
04-Feb-26,48.53,48.53,48.23,48.38,47.67,"66,500"
05-Feb-26,48.22,48.3,48.14,48.18,47.47,"123,800"
06-Feb-26,48.45,48.67,48.36,48.63,47.92,"114,700"
09-Feb-26,48.61,48.86,48.54,48.84,48.12,"87,900"
10-Feb-26,48.95,49.07,48.82,48.87,48.15,"115,100"
11-Feb-26,48.9,48.98,48.75,48.82,48.1,"129,500"
12-Feb-26,48.98,49.14,48.69,48.85,48.13,"73,900"
13-Feb-26,48.73,48.92,48.63,48.8,48.09,"87,400"
17-Feb-26,48.73,48.89,48.64,48.81,48.1,"182,300"
18-Feb-26,48.92,49.01,48.84,48.94,48.22,"64,800"
19-Feb-26,48.76,48.9,48.76,48.85,48.13,"172,000"
20-Feb-26,48.61,49.1,48.61,49.1,48.38,"122,400"
23-Feb-26,49.14,49.14,48.85,48.88,48.16,"97,700"
24-Feb-26,48.82,49.08,48.71,49.03,48.31,"239,100"
25-Feb-26,49.02,49.25,49.02,49.16,48.44,"155,600"
26-Feb-26,49.16,49.21,48.94,49.04,48.32,"85,800"
27-Feb-26,48.99,49.17,48.99,49.14,48.42,"104,300"
02-Mar-26,48.73,48.97,48.7,48.89,48.17,"100,100"
03-Mar-26,48.29,48.58,48.07,48.58,47.87,"113,200"
04-Mar-26,48.58,48.7,48.47,48.64,47.93,"91,200"
05-Mar-26,48.44,48.48,48.12,48.33,47.62,"156,700"
06-Mar-26,48.02,48.19,47.88,48.06,47.36,"191,000"
09-Mar-26,47.75,48.32,47.63,48.3,47.59,"145,000"
10-Mar-26,48.38,48.53,48.17,48.23,47.52,"153,000"
11-Mar-26,48.17,48.17,47.97,48.11,47.41,"63,500"
12-Mar-26,47.91,47.91,47.61,47.64,46.94,"715,100"
13-Mar-26,47.64,47.86,47.43,47.46,46.76,"129,000"
16-Mar-26,47.66,47.88,47.66,47.83,47.13,"94,100"
17-Mar-26,48.08,48.08,47.9,47.95,47.25,"118,600"
18-Mar-26,47.71,47.85,47.54,47.54,46.84,"89,700"
19-Mar-26,47.33,47.63,47.22,47.51,46.81,"144,100"
20-Mar-26,47.46,47.46,46.79,46.87,46.18,"252,100"
23-Mar-26,47.19,47.58,47.17,47.3,46.61,"215,500"
24-Mar-26,47.05,47.3,47.0,47.17,46.48,"126,800"
25-Mar-26,47.42,47.54,47.34,47.45,46.75,"128,700"
26-Mar-26,47.08,47.31,46.9,46.91,46.22,"78,200"
27-Mar-26,46.81,46.89,46.6,46.65,45.97,"199,800"
30-Mar-26,46.89,46.93,46.63,46.72,46.04,"99,200"
31-Mar-26,46.91,47.41,46.91,47.37,46.68,"244,600"
01-Apr-26,47.4,47.72,47.4,47.54,46.84,"176,700"
02-Apr-26,46.9,47.32,46.86,47.26,46.87,"224,500"
06-Apr-26,47.16,47.36,47.16,47.34,46.95,"103,600"
07-Apr-26,47.19,47.38,47.0,47.38,46.99,"155,800"
08-Apr-26,48.28,48.31,47.96,48.08,47.69,"227,200"
09-Apr-26,48.03,48.23,47.88,48.13,47.74,"167,700"
10-Apr-26,48.29,48.29,48.05,48.1,47.71,"118,600"
13-Apr-26,47.98,48.33,47.97,48.32,47.92,"580,300"
14-Apr-26,48.5,48.61,48.41,48.6,48.2,"254,200"
15-Apr-26,48.52,48.68,48.52,48.65,48.25,"106,100"
16-Apr-26,48.62,48.83,48.58,48.66,48.26,"112,900"
17-Apr-26,48.88,49.15,48.88,49.05,48.65,"156,500"
20-Apr-26,48.95,48.99,48.86,48.96,48.56,"132,400"
21-Apr-26,49.01,49.01,48.61,48.66,48.26,"74,500"
22-Apr-26,48.87,48.9,48.8,48.87,48.47,"82,900"
23-Apr-26,48.9,48.9,48.45,48.69,48.29,"157,200"
24-Apr-26,48.66,48.92,48.66,48.9,48.5,"97,200"
27-Apr-26,48.87,48.9,48.78,48.85,48.45,"161,400"
28-Apr-26,48.63,48.74,48.61,48.71,48.31,"112,400"
29-Apr-26,48.53,48.63,48.43,48.55,48.15,"101,600"
30-Apr-26,48.8,48.95,48.65,48.9,48.5,"105,600"
01-May-26,48.87,49.14,48.87,48.94,48.54,"158,100"
04-May-26,48.82,48.95,48.63,48.75,48.35,"138,900"
05-May-26,48.89,49.04,48.89,49.01,48.61,"94,900"
06-May-26,49.26,49.52,49.26,49.48,49.08,"155,400"
07-May-26,49.57,49.57,49.24,49.26,48.86,"91,600"
08-May-26,49.38,49.55,49.38,49.54,49.13,"89,300"
11-May-26,49.46,49.55,49.45,49.49,49.09,"110,700"
12-May-26,49.18,49.29,49.1,49.29,48.89,"118,200"
13-May-26,49.4,49.44,49.24,49.43,49.03,"114,900"
14-May-26,49.44,49.61,49.44,49.49,49.09,"123,100"
15-May-26,49.19,49.19,48.99,49.01,48.61,"125,300"
18-May-26,48.99,49.16,48.87,49.02,48.62,"116,800"
19-May-26,48.89,48.93,48.7,48.8,48.4,"106,700"
20-May-26,48.77,49.23,48.77,49.21,48.81,"121,500"
21-May-26,49.17,49.37,49.01,49.32,48.92,"70,300"
22-May-26,49.44,49.48,49.31,49.4,49.0,"124,400"
26-May-26,49.59,49.74,49.59,49.72,49.31,"187,000"
27-May-26,49.82,49.82,49.63,49.68,49.27,"321,400"
28-May-26,49.63,49.87,49.58,49.82,49.41,"462,400"
29-May-26,50.0,50.0,49.86,49.88,49.47,"133,900"
01-Jun-26,49.6,50.0,49.6,49.91,49.5,"240,500"
02-Jun-26,50.01,50.05,49.92,50.02,49.61,"198,700"
03-Jun-26,49.84,49.91,49.75,49.79,49.38,"200,000"
04-Jun-26,49.78,49.93,49.76,49.9,49.49,"103,800"
05-Jun-26,49.75,49.75,49.14,49.2,48.8,"95,700"
08-Jun-26,49.32,49.53,49.24,49.4,49.0,"134,400"
09-Jun-26,49.53,49.57,48.88,49.3,48.9,"138,500"
10-Jun-26,49.2,49.33,48.94,48.94,48.54,"115,600"
11-Jun-26,48.98,49.65,48.98,49.65,49.24,"146,400"
12-Jun-26,49.57,49.72,49.34,49.67,49.26,"97,100"
15-Jun-26,49.96,50.07,49.96,49.99,49.58,"170,800"
16-Jun-26,50.1,50.1,49.94,49.94,49.53,"64,800"
17-Jun-26,50.02,50.08,49.62,49.67,49.26,"441,300"
18-Jun-26,50.02,50.02,49.91,49.97,49.56,"124,300"
22-Jun-26,49.99,49.99,49.83,49.88,49.47,"137,500"
23-Jun-26,49.66,49.66,49.46,49.5,49.1,"107,600"
24-Jun-26,49.51,49.73,49.43,49.58,49.17,"142,600"
25-Jun-26,49.83,49.84,49.63,49.69,49.28,"145,800"
26-Jun-26,49.6,49.75,49.49,49.61,49.2,"332,100"
29-Jun-26,49.84,49.84,49.57,49.84,49.43,"189,500"
30-Jun-26,49.89,49.95,49.8,49.89,49.48,"145,700"
01-Jul-26,49.57,49.88,49.57,49.75,49.34,"129,100"
02-Jul-26,49.35,49.56,49.21,49.35,49.35,"116,800"
06-Jul-26,49.45,49.62,49.45,49.58,49.58,"253,000"
07-Jul-26,49.57,49.57,49.23,49.26,49.26,"132,100"
08-Jul-26,49.19,49.19,48.93,49.17,49.17,"145,500"
09-Jul-26,49.38,49.42,49.23,49.36,49.36,"102,000"
10-Jul-26,49.3,49.45,49.25,49.41,49.41,"72,300"
13-Jul-26,49.24,49.3,48.95,48.95,48.95,"107,600"
14-Jul-26,49.17,49.39,49.17,49.27,49.27,"112,600"
15-Jul-26,49.28,49.46,49.28,49.43,49.43,"76,700"
16-Jul-26,49.34,49.36,49.19,49.28,49.28,"109,900"
17-Jul-26,49.13,49.21,49.03,49.12,49.12,"109,700"
20-Jul-26,49.04,49.2,48.96,48.96,48.96,"456,200"
21-Jul-26,49.2,49.24,49.01,49.15,49.15,"132,700"
22-Jul-26,49.13,49.2,49.04,49.06,49.06,"149,400"
23-Jul-26,48.86,48.95,48.72,48.83,48.83,"100,700"
24-Jul-26,48.78,49.01,48.78,48.83,48.83,"113,500"
27-Jul-26,48.99,49.09,48.84,48.95,48.95,"196,400"
28-Jul-26,48.86,49.07,48.82,48.98,48.98,"93,600"
29-Jul-26,48.94,49.06,48.63,48.63,48.63,"124,400"
30-Jul-26,48.9,49.1,48.87,49.08,49.08,"189,800"
31-Jul-26,49.01,49.11,48.85,49.08,49.08,"93,200"
03-Aug-26,49.05,49.39,49.05,49.37,49.37,"78,200"
04-Aug-26,49.63,49.87,49.57,49.84,49.84,"90,200"
05-Aug-26,49.89,49.98,49.8,49.83,49.83,"114,100"
06-Aug-26,49.77,49.83,49.67,49.72,49.72,"98,500"
07-Aug-26,49.89,49.94,49.83,49.93,49.93,"80,300"
10-Aug-26,49.93,49.93,49.75,49.79,49.79,"118,900"
11-Aug-26,49.79,49.89,49.76,49.79,49.79,"71,100"
12-Aug-26,49.96,49.98,49.86,49.9,49.9,"72,700"
13-Aug-26,50.0,50.14,49.99,50.08,50.08,"105,200"
14-Aug-26,50.16,50.16,49.95,50.0,50.0,"145,200"
17-Aug-26,50.07,50.01,49.86,49.86,49.86,"137,983"
