Date,Open,High,Low,Close,Adj Close,Volume
31-Dec-07,10.0,10.0,10.0,10.0,7.45,-
02-Jan-08,10.0,10.0,10.0,10.0,7.45,-
03-Jan-08,10.0,10.0,10.0,10.0,7.45,-
04-Jan-08,10.0,10.0,10.0,10.0,7.45,-
07-Jan-08,10.0,10.0,10.0,10.0,7.45,-
08-Jan-08,10.0,10.0,10.0,10.0,7.45,-
09-Jan-08,10.0,10.0,10.0,10.0,7.45,-
10-Jan-08,10.0,10.0,10.0,10.0,7.45,-
11-Jan-08,10.0,10.0,10.0,10.0,7.45,-
14-Jan-08,10.0,10.0,10.0,10.0,7.45,-
15-Jan-08,10.0,10.0,10.0,10.0,7.45,-
16-Jan-08,10.0,10.0,10.0,10.0,7.45,-
17-Jan-08,10.0,10.0,10.0,10.0,7.45,-
18-Jan-08,10.0,10.0,10.0,10.0,7.45,-
22-Jan-08,10.01,10.01,10.01,10.01,7.45,-
23-Jan-08,10.01,10.01,10.01,10.01,7.45,-
24-Jan-08,10.01,10.01,10.01,10.01,7.45,-
25-Jan-08,10.01,10.01,10.01,10.01,7.45,-
28-Jan-08,10.01,10.01,10.01,10.01,7.45,-
29-Jan-08,10.01,10.01,10.01,10.01,7.45,-
30-Jan-08,10.01,10.01,10.01,10.01,7.45,-
31-Jan-08,10.01,10.01,10.01,10.01,7.45,-
01-Feb-08,10.01,10.01,10.01,10.01,7.45,-
04-Feb-08,10.01,10.01,10.01,10.01,7.45,-
05-Feb-08,10.01,10.01,10.01,10.01,7.45,-
06-Feb-08,10.01,10.01,10.01,10.01,7.45,-
07-Feb-08,10.01,10.01,10.01,10.01,7.45,-
08-Feb-08,10.02,10.02,10.02,10.02,7.46,-
11-Feb-08,10.01,10.01,10.01,10.01,7.45,-
12-Feb-08,10.01,10.01,10.01,10.01,7.45,-
13-Feb-08,10.01,10.01,10.01,10.01,7.45,-
14-Feb-08,10.01,10.01,10.01,10.01,7.45,-
15-Feb-08,10.01,10.01,10.01,10.01,7.45,-
19-Feb-08,10.01,10.01,10.01,10.01,7.45,-
20-Feb-08,10.01,10.01,10.01,10.01,7.45,-
21-Feb-08,10.01,10.01,10.01,10.01,7.45,-
22-Feb-08,10.02,10.02,10.02,10.02,7.46,-
25-Feb-08,10.01,10.01,10.01,10.01,7.45,-
26-Feb-08,10.01,10.01,10.01,10.01,7.45,-
27-Feb-08,10.01,10.01,10.01,10.01,7.45,-
28-Feb-08,10.02,10.02,10.02,10.02,7.46,-
29-Feb-08,10.04,10.04,10.04,10.04,7.48,-
03-Mar-08,10.04,10.04,10.04,10.04,7.48,-
04-Mar-08,10.04,10.04,10.04,10.04,7.48,-
05-Mar-08,10.03,10.03,10.03,10.03,7.47,-
06-Mar-08,10.04,10.04,10.04,10.04,7.48,-
07-Mar-08,10.05,10.05,10.05,10.05,7.48,-
10-Mar-08,10.05,10.05,10.05,10.05,7.48,-
11-Mar-08,10.03,10.03,10.03,10.03,7.47,-
12-Mar-08,10.04,10.04,10.04,10.04,7.48,-
13-Mar-08,10.04,10.04,10.04,10.04,7.48,-
14-Mar-08,10.06,10.06,10.06,10.06,7.49,-
17-Mar-08,10.08,10.08,10.08,10.08,7.51,-
18-Mar-08,10.05,10.05,10.05,10.05,7.48,-
19-Mar-08,10.06,10.06,10.06,10.06,7.49,-
20-Mar-08,10.06,10.06,10.06,10.06,7.49,-
24-Mar-08,10.03,10.03,10.03,10.03,7.47,-
25-Mar-08,10.03,10.03,10.03,10.03,7.47,-
26-Mar-08,10.03,10.03,10.03,10.03,7.47,-
27-Mar-08,10.03,10.03,10.03,10.03,7.47,-
28-Mar-08,10.04,10.04,10.04,10.04,7.48,-
31-Mar-08,10.04,10.04,10.04,10.04,7.48,-
01-Apr-08,10.02,10.02,10.02,10.02,7.46,-
02-Apr-08,10.01,10.01,10.01,10.01,7.45,-
03-Apr-08,10.01,10.01,10.01,10.01,7.45,-
04-Apr-08,10.02,10.02,10.02,10.02,7.46,-
07-Apr-08,10.01,10.01,10.01,10.01,7.45,-
08-Apr-08,10.01,10.01,10.01,10.01,7.45,-
09-Apr-08,10.03,10.03,10.03,10.03,7.47,-
10-Apr-08,10.02,10.02,10.02,10.02,7.46,-
11-Apr-08,10.03,10.03,10.03,10.03,7.47,-
14-Apr-08,10.03,10.03,10.03,10.03,7.47,-
15-Apr-08,10.02,10.02,10.02,10.02,7.46,-
16-Apr-08,10.0,10.0,10.0,10.0,7.45,-
17-Apr-08,9.99,9.99,9.99,9.99,7.44,-
18-Apr-08,9.98,9.98,9.98,9.98,7.43,-
21-Apr-08,9.98,9.98,9.98,9.98,7.43,-
22-Apr-08,9.98,9.98,9.98,9.98,7.43,-
23-Apr-08,9.98,9.98,9.98,9.98,7.43,-
24-Apr-08,9.96,9.96,9.96,9.96,7.42,-
25-Apr-08,9.95,9.95,9.95,9.95,7.41,-
28-Apr-08,9.96,9.96,9.96,9.96,7.42,-
29-Apr-08,9.96,9.96,9.96,9.96,7.42,-
30-Apr-08,9.97,9.97,9.97,9.97,7.42,-
01-May-08,9.98,9.98,9.98,9.98,7.43,-
02-May-08,9.97,9.97,9.97,9.97,7.42,-
05-May-08,9.97,9.97,9.97,9.97,7.42,-
06-May-08,9.97,9.97,9.97,9.97,7.42,-
07-May-08,9.98,9.98,9.98,9.98,7.43,-
08-May-08,9.99,9.99,9.99,9.99,7.44,-
09-May-08,10.0,10.0,10.0,10.0,7.45,-
12-May-08,10.0,10.0,10.0,10.0,7.45,-
13-May-08,9.97,9.97,9.97,9.97,7.42,-
14-May-08,9.96,9.96,9.96,9.96,7.42,-
15-May-08,9.98,9.98,9.98,9.98,7.43,-
16-May-08,9.98,9.98,9.98,9.98,7.43,-
19-May-08,9.98,9.98,9.98,9.98,7.43,-
20-May-08,10.0,10.0,10.0,10.0,7.45,-
21-May-08,9.99,9.99,9.99,9.99,7.44,-
22-May-08,9.96,9.96,9.96,9.96,7.42,-
23-May-08,9.98,9.98,9.98,9.98,7.43,-
27-May-08,9.97,9.97,9.97,9.97,7.42,-
28-May-08,9.95,9.95,9.95,9.95,7.41,-
29-May-08,9.94,9.94,9.94,9.94,7.4,-
30-May-08,9.95,9.95,9.95,9.95,7.41,-
02-Jun-08,9.97,9.97,9.97,9.97,7.42,-
03-Jun-08,9.98,9.98,9.98,9.98,7.43,-
04-Jun-08,9.98,9.98,9.98,9.98,7.43,-
05-Jun-08,9.97,9.97,9.97,9.97,7.42,-
06-Jun-08,9.98,9.98,9.98,9.98,7.43,-
09-Jun-08,9.95,9.95,9.95,9.95,7.41,-
10-Jun-08,9.92,9.92,9.92,9.92,7.39,-
11-Jun-08,9.94,9.94,9.94,9.94,7.4,-
12-Jun-08,9.9,9.9,9.9,9.9,7.37,-
13-Jun-08,9.89,9.89,9.89,9.89,7.36,-
16-Jun-08,9.9,9.9,9.9,9.9,7.37,-
17-Jun-08,9.91,9.91,9.91,9.91,7.38,-
18-Jun-08,9.92,9.92,9.92,9.92,7.39,-
19-Jun-08,9.91,9.91,9.91,9.91,7.38,-
20-Jun-08,9.93,9.93,9.93,9.93,7.39,-
23-Jun-08,9.93,9.93,9.93,9.93,7.39,-
24-Jun-08,9.93,9.93,9.93,9.93,7.39,-
25-Jun-08,9.93,9.93,9.93,9.93,7.39,-
26-Jun-08,9.96,9.96,9.96,9.96,7.42,-
27-Jun-08,9.97,9.97,9.97,9.97,7.42,-
30-Jun-08,9.96,9.96,9.96,9.96,7.43,-
01-Jul-08,9.95,9.95,9.95,9.95,7.42,-
02-Jul-08,9.96,9.96,9.96,9.96,7.43,-
03-Jul-08,9.97,9.97,9.97,9.97,7.43,-
07-Jul-08,9.98,9.98,9.98,9.98,7.44,-
08-Jul-08,9.99,9.99,9.99,9.99,7.45,-
09-Jul-08,10.0,10.0,10.0,10.0,7.46,-
10-Jul-08,10.0,10.0,10.0,10.0,7.46,-
11-Jul-08,9.97,9.97,9.97,9.97,7.43,-
14-Jul-08,9.99,9.99,9.99,9.99,7.45,-
15-Jul-08,10.0,10.0,10.0,10.0,7.46,-
16-Jul-08,10.0,10.0,10.0,10.0,7.46,-
17-Jul-08,9.97,9.97,9.97,9.97,7.43,-
18-Jul-08,9.96,9.96,9.96,9.96,7.43,-
21-Jul-08,9.96,9.96,9.96,9.96,7.43,-
22-Jul-08,9.95,9.95,9.95,9.95,7.42,-
23-Jul-08,9.94,9.94,9.94,9.94,7.41,-
24-Jul-08,9.98,9.98,9.98,9.98,7.44,-
25-Jul-08,9.96,9.96,9.96,9.96,7.43,-
28-Jul-08,9.98,9.98,9.98,9.98,7.44,-
29-Jul-08,9.98,9.98,9.98,9.98,7.44,-
30-Jul-08,9.98,9.98,9.98,9.98,7.44,-
31-Jul-08,10.0,10.0,10.0,10.0,7.46,-
01-Aug-08,10.0,10.0,10.0,10.0,7.46,-
04-Aug-08,10.0,10.0,10.0,10.0,7.46,-
05-Aug-08,9.99,9.99,9.99,9.99,7.45,-
06-Aug-08,9.99,9.99,9.99,9.99,7.45,-
07-Aug-08,10.01,10.01,10.01,10.01,7.46,-
08-Aug-08,10.01,10.01,10.01,10.01,7.46,-
11-Aug-08,10.0,10.0,10.0,10.0,7.46,-
12-Aug-08,10.02,10.02,10.02,10.02,7.47,-
13-Aug-08,10.01,10.01,10.01,10.01,7.46,-
14-Aug-08,10.02,10.02,10.02,10.02,7.47,-
15-Aug-08,10.03,10.03,10.03,10.03,7.48,-
18-Aug-08,10.03,10.03,10.03,10.03,7.48,-
19-Aug-08,10.03,10.03,10.03,10.03,7.48,-
20-Aug-08,10.04,10.04,10.04,10.04,7.49,-
21-Aug-08,10.04,10.04,10.04,10.04,7.49,-
22-Aug-08,10.03,10.03,10.03,10.03,7.48,-
25-Aug-08,10.05,10.05,10.05,10.05,7.49,-
26-Aug-08,10.04,10.04,10.04,10.04,7.49,-
27-Aug-08,10.04,10.04,10.04,10.04,7.49,-
28-Aug-08,10.04,10.04,10.04,10.04,7.49,-
29-Aug-08,10.04,10.04,10.04,10.04,7.49,-
02-Sep-08,10.05,10.05,10.05,10.05,7.49,-
03-Sep-08,10.06,10.06,10.06,10.06,7.5,-
04-Sep-08,10.07,10.07,10.07,10.07,7.51,-
05-Sep-08,10.07,10.07,10.07,10.07,7.51,-
08-Sep-08,10.07,10.07,10.07,10.07,7.51,-
09-Sep-08,10.08,10.08,10.08,10.08,7.52,-
10-Sep-08,10.08,10.08,10.08,10.08,7.52,-
11-Sep-08,10.08,10.08,10.08,10.08,7.52,-
12-Sep-08,10.07,10.07,10.07,10.07,7.51,-
15-Sep-08,10.13,10.13,10.13,10.13,7.55,-
16-Sep-08,10.1,10.1,10.1,10.1,7.53,-
17-Sep-08,10.12,10.12,10.12,10.12,7.55,-
18-Sep-08,10.07,10.07,10.07,10.07,7.51,-
19-Sep-08,10.02,10.02,10.02,10.02,7.47,-
22-Sep-08,10.03,10.03,10.03,10.03,7.48,-
23-Sep-08,10.03,10.03,10.03,10.03,7.48,-
24-Sep-08,10.02,10.02,10.02,10.02,7.47,-
25-Sep-08,10.0,10.0,10.0,10.0,7.46,-
26-Sep-08,10.01,10.01,10.01,10.01,7.46,-
29-Sep-08,10.01,10.01,10.01,10.01,7.46,-
30-Sep-08,10.01,10.01,10.01,10.01,7.46,-
01-Oct-08,9.96,9.96,9.96,9.96,7.43,-
02-Oct-08,9.98,9.98,9.98,9.98,7.44,-
03-Oct-08,10.0,10.0,10.0,10.0,7.46,-
06-Oct-08,10.05,10.05,10.05,10.05,7.49,-
07-Oct-08,10.03,10.03,10.03,10.03,7.48,-
08-Oct-08,10.01,10.01,10.01,10.01,7.46,-
09-Oct-08,9.99,9.99,9.99,9.99,7.45,-
10-Oct-08,10.0,10.0,10.0,10.0,7.46,-
13-Oct-08,10.0,10.0,10.0,10.0,7.46,-
14-Oct-08,9.98,9.98,9.98,9.98,7.44,-
15-Oct-08,9.98,9.98,9.98,9.98,7.44,-
16-Oct-08,9.98,9.98,9.98,9.98,7.44,-
17-Oct-08,9.98,9.98,9.98,9.98,7.44,-
20-Oct-08,9.98,9.98,9.98,9.98,7.44,-
21-Oct-08,10.02,10.02,10.02,10.02,7.47,-
22-Oct-08,10.04,10.04,10.04,10.04,7.49,-
23-Oct-08,10.04,10.04,10.04,10.04,7.49,-
24-Oct-08,10.02,10.02,10.02,10.02,7.47,-
27-Oct-08,10.01,10.01,10.01,10.01,7.46,-
28-Oct-08,10.01,10.01,10.01,10.01,7.46,-
29-Oct-08,10.01,10.01,10.01,10.01,7.46,-
30-Oct-08,10.0,10.0,10.0,10.0,7.46,-
31-Oct-08,10.01,10.01,10.01,10.01,7.46,-
03-Nov-08,10.03,10.03,10.03,10.03,7.48,-
04-Nov-08,10.06,10.06,10.06,10.06,7.5,-
05-Nov-08,10.08,10.08,10.08,10.08,7.52,-
06-Nov-08,10.08,10.08,10.08,10.08,7.52,-
07-Nov-08,10.08,10.08,10.08,10.08,7.52,-
10-Nov-08,10.09,10.09,10.09,10.09,7.52,-
11-Nov-08,10.09,10.09,10.09,10.09,7.52,-
12-Nov-08,10.11,10.11,10.11,10.11,7.54,-
13-Nov-08,10.1,10.1,10.1,10.1,7.53,-
14-Nov-08,10.09,10.09,10.09,10.09,7.52,-
17-Nov-08,10.09,10.09,10.09,10.09,7.52,-
18-Nov-08,10.11,10.11,10.11,10.11,7.54,-
19-Nov-08,10.1,10.1,10.1,10.1,7.53,-
20-Nov-08,10.11,10.11,10.11,10.11,7.54,-
21-Nov-08,10.11,10.11,10.11,10.11,7.54,-
24-Nov-08,10.09,10.09,10.09,10.09,7.52,-
25-Nov-08,10.09,10.09,10.09,10.09,7.52,-
26-Nov-08,10.14,10.14,10.14,10.14,7.56,-
28-Nov-08,10.15,10.15,10.15,10.15,7.57,-
01-Dec-08,10.18,10.18,10.18,10.18,7.59,-
02-Dec-08,10.19,10.19,10.19,10.19,7.6,-
03-Dec-08,10.19,10.19,10.19,10.19,7.6,-
04-Dec-08,10.2,10.2,10.2,10.2,7.61,-
05-Dec-08,10.18,10.18,10.18,10.18,7.59,-
08-Dec-08,10.17,10.17,10.17,10.17,7.58,-
09-Dec-08,10.19,10.19,10.19,10.19,7.6,-
10-Dec-08,10.19,10.19,10.19,10.19,7.6,-
11-Dec-08,10.2,10.2,10.2,10.2,7.61,-
12-Dec-08,10.23,10.23,10.23,10.23,7.63,-
15-Dec-08,10.23,10.23,10.23,10.23,7.63,-
16-Dec-08,10.26,10.26,10.26,10.26,7.65,-
17-Dec-08,10.26,10.26,10.26,10.26,7.65,-
18-Dec-08,10.27,10.27,10.27,10.27,7.66,-
19-Dec-08,10.27,10.27,10.27,10.27,7.66,-
22-Dec-08,10.28,10.28,10.28,10.28,7.67,-
23-Dec-08,10.28,10.28,10.28,10.28,7.67,-
24-Dec-08,10.28,10.28,10.28,10.28,7.67,-
26-Dec-08,10.28,10.28,10.28,10.28,7.67,-
29-Dec-08,10.29,10.29,10.29,10.29,7.67,-
30-Dec-08,10.3,10.3,10.3,10.3,7.68,-
31-Dec-08,10.23,10.23,10.23,10.23,7.67,-
02-Jan-09,10.19,10.19,10.19,10.19,7.64,-
05-Jan-09,10.2,10.2,10.2,10.2,7.65,-
06-Jan-09,10.2,10.2,10.2,10.2,7.65,-
07-Jan-09,10.21,10.21,10.21,10.21,7.66,-
08-Jan-09,10.22,10.22,10.22,10.22,7.67,-
09-Jan-09,10.24,10.24,10.24,10.24,7.68,-
12-Jan-09,10.24,10.24,10.24,10.24,7.68,-
13-Jan-09,10.24,10.24,10.24,10.24,7.68,-
14-Jan-09,10.25,10.25,10.25,10.25,7.69,-
15-Jan-09,10.25,10.25,10.25,10.25,7.69,-
16-Jan-09,10.24,10.24,10.24,10.24,7.68,-
20-Jan-09,10.25,10.25,10.25,10.25,7.69,-
21-Jan-09,10.23,10.23,10.23,10.23,7.67,-
22-Jan-09,10.23,10.23,10.23,10.23,7.67,-
23-Jan-09,10.22,10.22,10.22,10.22,7.67,-
26-Jan-09,10.23,10.23,10.23,10.23,7.67,-
27-Jan-09,10.23,10.23,10.23,10.23,7.67,-
28-Jan-09,10.22,10.22,10.22,10.22,7.67,-
29-Jan-09,10.2,10.2,10.2,10.2,7.65,-
30-Jan-09,10.2,10.2,10.2,10.2,7.65,-
02-Feb-09,10.21,10.21,10.21,10.21,7.66,-
03-Feb-09,10.2,10.2,10.2,10.2,7.65,-
04-Feb-09,10.19,10.19,10.19,10.19,7.64,-
05-Feb-09,10.19,10.19,10.19,10.19,7.64,-
06-Feb-09,10.19,10.19,10.19,10.19,7.64,-
09-Feb-09,10.19,10.19,10.19,10.19,7.64,-
10-Feb-09,10.21,10.21,10.21,10.21,7.66,-
11-Feb-09,10.21,10.21,10.21,10.21,7.66,-
12-Feb-09,10.22,10.22,10.22,10.22,7.67,-
13-Feb-09,10.2,10.2,10.2,10.2,7.65,-
17-Feb-09,10.23,10.23,10.23,10.23,7.67,-
18-Feb-09,10.21,10.21,10.21,10.21,7.66,-
19-Feb-09,10.2,10.2,10.2,10.2,7.65,-
20-Feb-09,10.21,10.21,10.21,10.21,7.66,-
23-Feb-09,10.2,10.2,10.2,10.2,7.65,-
24-Feb-09,10.2,10.2,10.2,10.2,7.65,-
25-Feb-09,10.17,10.17,10.17,10.17,7.63,-
26-Feb-09,10.18,10.18,10.18,10.18,7.64,-
27-Feb-09,10.18,10.18,10.18,10.18,7.64,-
02-Mar-09,10.18,10.18,10.18,10.18,7.64,-
03-Mar-09,10.2,10.2,10.2,10.2,7.65,-
04-Mar-09,10.18,10.18,10.18,10.18,7.64,-
05-Mar-09,10.18,10.18,10.18,10.18,7.64,-
06-Mar-09,10.19,10.19,10.19,10.19,7.64,-
09-Mar-09,10.18,10.18,10.18,10.18,7.64,-
10-Mar-09,10.15,10.15,10.15,10.15,7.61,-
11-Mar-09,10.16,10.16,10.16,10.16,7.62,-
12-Mar-09,10.18,10.18,10.18,10.18,7.64,-
13-Mar-09,10.18,10.18,10.18,10.18,7.64,-
16-Mar-09,10.17,10.17,10.17,10.17,7.63,-
17-Mar-09,10.16,10.16,10.16,10.16,7.62,-
18-Mar-09,10.22,10.22,10.22,10.22,7.67,-
19-Mar-09,10.22,10.22,10.22,10.22,7.67,-
20-Mar-09,10.22,10.22,10.22,10.22,7.67,-
23-Mar-09,10.22,10.22,10.22,10.22,7.67,-
24-Mar-09,10.22,10.22,10.22,10.22,7.67,-
25-Mar-09,10.21,10.21,10.21,10.21,7.66,-
26-Mar-09,10.22,10.22,10.22,10.22,7.67,-
27-Mar-09,10.22,10.22,10.22,10.22,7.67,-
30-Mar-09,10.23,10.23,10.23,10.23,7.67,-
31-Mar-09,10.23,10.23,10.23,10.23,7.67,-
01-Apr-09,10.24,10.24,10.24,10.24,7.68,-
02-Apr-09,10.22,10.22,10.22,10.22,7.67,-
03-Apr-09,10.21,10.21,10.21,10.21,7.66,-
06-Apr-09,10.21,10.21,10.21,10.21,7.66,-
07-Apr-09,10.22,10.22,10.22,10.22,7.67,-
08-Apr-09,10.23,10.23,10.23,10.23,7.67,-
09-Apr-09,10.23,10.23,10.23,10.23,7.67,-
13-Apr-09,10.24,10.24,10.24,10.24,7.68,-
14-Apr-09,10.24,10.24,10.24,10.24,7.68,-
15-Apr-09,10.26,10.26,10.26,10.26,7.7,-
16-Apr-09,10.25,10.25,10.25,10.25,7.69,-
17-Apr-09,10.24,10.24,10.24,10.24,7.68,-
20-Apr-09,10.25,10.25,10.25,10.25,7.69,-
21-Apr-09,10.25,10.25,10.25,10.25,7.69,-
22-Apr-09,10.24,10.24,10.24,10.24,7.68,-
23-Apr-09,10.25,10.25,10.25,10.25,7.69,-
24-Apr-09,10.24,10.24,10.24,10.24,7.68,-
27-Apr-09,10.27,10.27,10.27,10.27,7.7,-
28-Apr-09,10.26,10.26,10.26,10.26,7.7,-
29-Apr-09,10.25,10.25,10.25,10.25,7.69,-
30-Apr-09,10.25,10.25,10.25,10.25,7.69,-
01-May-09,10.25,10.25,10.25,10.25,7.69,-
04-May-09,10.25,10.25,10.25,10.25,7.69,-
05-May-09,10.25,10.25,10.25,10.25,7.69,-
06-May-09,10.26,10.26,10.26,10.26,7.7,-
07-May-09,10.25,10.25,10.25,10.25,7.69,-
08-May-09,10.25,10.25,10.25,10.25,7.69,-
11-May-09,10.27,10.27,10.27,10.27,7.7,-
12-May-09,10.27,10.27,10.27,10.27,7.7,-
13-May-09,10.28,10.28,10.28,10.28,7.71,-
14-May-09,10.28,10.28,10.28,10.28,7.71,-
15-May-09,10.28,10.28,10.28,10.28,7.71,-
18-May-09,10.26,10.26,10.26,10.26,7.7,-
19-May-09,10.27,10.27,10.27,10.27,7.7,-
20-May-09,10.28,10.28,10.28,10.28,7.71,-
21-May-09,10.28,10.28,10.28,10.28,7.71,-
22-May-09,10.26,10.26,10.26,10.26,7.7,-
26-May-09,10.26,10.26,10.26,10.26,7.7,-
27-May-09,10.25,10.25,10.25,10.25,7.69,-
28-May-09,10.24,10.24,10.24,10.24,7.68,-
29-May-09,10.27,10.27,10.27,10.27,7.7,-
01-Jun-09,10.25,10.25,10.25,10.25,7.69,-
02-Jun-09,10.25,10.25,10.25,10.25,7.69,-
03-Jun-09,10.27,10.27,10.27,10.27,7.7,-
04-Jun-09,10.26,10.26,10.26,10.26,7.7,-
05-Jun-09,10.2,10.2,10.2,10.2,7.65,-
08-Jun-09,10.19,10.19,10.19,10.19,7.64,-
09-Jun-09,10.21,10.21,10.21,10.21,7.66,-
10-Jun-09,10.2,10.2,10.2,10.2,7.65,-
11-Jun-09,10.21,10.21,10.21,10.21,7.66,-
12-Jun-09,10.23,10.23,10.23,10.23,7.67,-
15-Jun-09,10.24,10.24,10.24,10.24,7.68,-
16-Jun-09,10.25,10.25,10.25,10.25,7.69,-
17-Jun-09,10.25,10.25,10.25,10.25,7.69,-
18-Jun-09,10.23,10.23,10.23,10.23,7.67,-
19-Jun-09,10.24,10.24,10.24,10.24,7.68,-
22-Jun-09,10.26,10.26,10.26,10.26,7.7,-
23-Jun-09,10.26,10.26,10.26,10.26,7.7,-
24-Jun-09,10.26,10.26,10.26,10.26,7.7,-
25-Jun-09,10.28,10.28,10.28,10.28,7.71,-
26-Jun-09,10.29,10.29,10.29,10.29,7.72,-
29-Jun-09,10.29,10.29,10.29,10.29,7.72,-
30-Jun-09,10.27,10.27,10.27,10.27,7.72,-
01-Jul-09,10.27,10.27,10.27,10.27,7.72,-
02-Jul-09,10.29,10.29,10.29,10.29,7.73,-
06-Jul-09,10.3,10.3,10.3,10.3,7.74,-
07-Jul-09,10.3,10.3,10.3,10.3,7.74,-
08-Jul-09,10.32,10.32,10.32,10.32,7.76,-
09-Jul-09,10.31,10.31,10.31,10.31,7.75,-
10-Jul-09,10.32,10.32,10.32,10.32,7.76,-
13-Jul-09,10.32,10.32,10.32,10.32,7.76,-
14-Jul-09,10.31,10.31,10.31,10.31,7.75,-
15-Jul-09,10.28,10.28,10.28,10.28,7.73,-
16-Jul-09,10.29,10.29,10.29,10.29,7.73,-
17-Jul-09,10.28,10.28,10.28,10.28,7.73,-
20-Jul-09,10.29,10.29,10.29,10.29,7.73,-
21-Jul-09,10.31,10.31,10.31,10.31,7.75,-
22-Jul-09,10.3,10.3,10.3,10.3,7.74,-
23-Jul-09,10.28,10.28,10.28,10.28,7.73,-
24-Jul-09,10.28,10.28,10.28,10.28,7.73,-
27-Jul-09,10.28,10.28,10.28,10.28,7.73,-
28-Jul-09,10.27,10.27,10.27,10.27,7.72,-
29-Jul-09,10.28,10.28,10.28,10.28,7.73,-
30-Jul-09,10.28,10.28,10.28,10.28,7.73,-
31-Jul-09,10.3,10.3,10.3,10.3,7.74,-
03-Aug-09,10.28,10.28,10.28,10.28,7.73,-
04-Aug-09,10.28,10.28,10.28,10.28,7.73,-
05-Aug-09,10.28,10.28,10.28,10.28,7.73,-
06-Aug-09,10.28,10.28,10.28,10.28,7.73,-
07-Aug-09,10.26,10.26,10.26,10.26,7.71,-
10-Aug-09,10.28,10.28,10.28,10.28,7.73,-
11-Aug-09,10.28,10.28,10.28,10.28,7.73,-
12-Aug-09,10.3,10.3,10.3,10.3,7.74,-
13-Aug-09,10.31,10.31,10.31,10.31,7.75,-
14-Aug-09,10.32,10.32,10.32,10.32,7.76,-
17-Aug-09,10.33,10.33,10.33,10.33,7.76,-
18-Aug-09,10.32,10.32,10.32,10.32,7.76,-
19-Aug-09,10.33,10.33,10.33,10.33,7.76,-
20-Aug-09,10.33,10.33,10.33,10.33,7.76,-
21-Aug-09,10.31,10.31,10.31,10.31,7.75,-
24-Aug-09,10.32,10.32,10.32,10.32,7.76,-
25-Aug-09,10.33,10.33,10.33,10.33,7.76,-
26-Aug-09,10.33,10.33,10.33,10.33,7.76,-
27-Aug-09,10.33,10.33,10.33,10.33,7.76,-
28-Aug-09,10.34,10.34,10.34,10.34,7.77,-
31-Aug-09,10.35,10.35,10.35,10.35,7.78,-
01-Sep-09,10.36,10.36,10.36,10.36,7.79,-
02-Sep-09,10.38,10.38,10.38,10.38,7.8,-
03-Sep-09,10.37,10.37,10.37,10.37,7.79,-
04-Sep-09,10.36,10.36,10.36,10.36,7.79,-
08-Sep-09,10.36,10.36,10.36,10.36,7.79,-
09-Sep-09,10.36,10.36,10.36,10.36,7.79,-
10-Sep-09,10.38,10.38,10.38,10.38,7.8,-
11-Sep-09,10.38,10.38,10.38,10.38,7.8,-
14-Sep-09,10.38,10.38,10.38,10.38,7.8,-
15-Sep-09,10.37,10.37,10.37,10.37,7.79,-
16-Sep-09,10.36,10.36,10.36,10.36,7.79,-
17-Sep-09,10.37,10.37,10.37,10.37,7.79,-
18-Sep-09,10.37,10.37,10.37,10.37,7.79,-
21-Sep-09,10.36,10.36,10.36,10.36,7.79,-
22-Sep-09,10.37,10.37,10.37,10.37,7.79,-
23-Sep-09,10.38,10.38,10.38,10.38,7.8,-
24-Sep-09,10.39,10.39,10.39,10.39,7.81,-
25-Sep-09,10.39,10.39,10.39,10.39,7.81,-
28-Sep-09,10.39,10.39,10.39,10.39,7.81,-
29-Sep-09,10.39,10.39,10.39,10.39,7.81,-
30-Sep-09,10.36,10.36,10.36,10.36,7.82,-
01-Oct-09,10.38,10.38,10.38,10.38,7.83,-
02-Oct-09,10.37,10.37,10.37,10.37,7.82,-
05-Oct-09,10.38,10.38,10.38,10.38,7.83,-
06-Oct-09,10.37,10.37,10.37,10.37,7.82,-
07-Oct-09,10.38,10.38,10.38,10.38,7.83,-
08-Oct-09,10.37,10.37,10.37,10.37,7.82,-
09-Oct-09,10.35,10.35,10.35,10.35,7.81,-
12-Oct-09,10.35,10.35,10.35,10.35,7.81,-
13-Oct-09,10.37,10.37,10.37,10.37,7.82,-
14-Oct-09,10.36,10.36,10.36,10.36,7.82,-
15-Oct-09,10.35,10.35,10.35,10.35,7.81,-
16-Oct-09,10.35,10.35,10.35,10.35,7.81,-
19-Oct-09,10.36,10.36,10.36,10.36,7.82,-
20-Oct-09,10.37,10.37,10.37,10.37,7.82,-
21-Oct-09,10.35,10.35,10.35,10.35,7.81,-
22-Oct-09,10.36,10.36,10.36,10.36,7.82,-
23-Oct-09,10.34,10.34,10.34,10.34,7.8,-
26-Oct-09,10.34,10.34,10.34,10.34,7.8,-
27-Oct-09,10.36,10.36,10.36,10.36,7.82,-
28-Oct-09,10.37,10.37,10.37,10.37,7.82,-
29-Oct-09,10.36,10.36,10.36,10.36,7.82,-
30-Oct-09,10.37,10.37,10.37,10.37,7.82,-
02-Nov-09,10.37,10.37,10.37,10.37,7.82,-
03-Nov-09,10.37,10.37,10.37,10.37,7.82,-
04-Nov-09,10.36,10.36,10.36,10.36,7.82,-
05-Nov-09,10.36,10.36,10.36,10.36,7.82,-
06-Nov-09,10.37,10.37,10.37,10.37,7.82,-
09-Nov-09,10.37,10.37,10.37,10.37,7.82,-
10-Nov-09,10.38,10.38,10.38,10.38,7.83,-
11-Nov-09,10.38,10.38,10.38,10.38,7.83,-
12-Nov-09,10.39,10.39,10.39,10.39,7.84,-
13-Nov-09,10.39,10.39,10.39,10.39,7.84,-
16-Nov-09,10.4,10.4,10.4,10.4,7.85,-
17-Nov-09,10.41,10.41,10.41,10.41,7.85,-
18-Nov-09,10.4,10.4,10.4,10.4,7.85,-
19-Nov-09,10.42,10.42,10.42,10.42,7.86,-
20-Nov-09,10.42,10.42,10.42,10.42,7.86,-
23-Nov-09,10.41,10.41,10.41,10.41,7.85,-
24-Nov-09,10.42,10.42,10.42,10.42,7.86,-
25-Nov-09,10.43,10.43,10.43,10.43,7.87,-
27-Nov-09,10.44,10.44,10.44,10.44,7.88,-
30-Nov-09,10.45,10.45,10.45,10.45,7.88,-
01-Dec-09,10.45,10.45,10.45,10.45,7.88,-
02-Dec-09,10.44,10.44,10.44,10.44,7.88,-
03-Dec-09,10.43,10.43,10.43,10.43,7.87,-
04-Dec-09,10.4,10.4,10.4,10.4,7.85,-
07-Dec-09,10.42,10.42,10.42,10.42,7.86,-
08-Dec-09,10.43,10.43,10.43,10.43,7.87,-
09-Dec-09,10.43,10.43,10.43,10.43,7.87,-
10-Dec-09,10.42,10.42,10.42,10.42,7.86,-
11-Dec-09,10.4,10.4,10.4,10.4,7.85,-
14-Dec-09,10.4,10.4,10.4,10.4,7.85,-
15-Dec-09,10.39,10.39,10.39,10.39,7.84,-
16-Dec-09,10.4,10.4,10.4,10.4,7.85,-
17-Dec-09,10.42,10.42,10.42,10.42,7.86,-
18-Dec-09,10.41,10.41,10.41,10.41,7.85,-
21-Dec-09,10.39,10.39,10.39,10.39,7.84,-
22-Dec-09,10.38,10.38,10.38,10.38,7.83,-
23-Dec-09,10.37,10.37,10.37,10.37,7.82,-
24-Dec-09,10.36,10.36,10.36,10.36,7.82,-
28-Dec-09,10.35,10.35,10.35,10.35,7.81,-
29-Dec-09,10.35,10.35,10.35,10.35,7.81,-
30-Dec-09,10.35,10.35,10.35,10.35,7.81,-
31-Dec-09,10.15,10.15,10.15,10.15,7.77,-
04-Jan-10,10.16,10.16,10.16,10.16,7.77,-
05-Jan-10,10.19,10.19,10.19,10.19,7.8,-
06-Jan-10,10.18,10.18,10.18,10.18,7.79,-
07-Jan-10,10.18,10.18,10.18,10.18,7.79,-
08-Jan-10,10.19,10.19,10.19,10.19,7.8,-
11-Jan-10,10.19,10.19,10.19,10.19,7.8,-
12-Jan-10,10.2,10.2,10.2,10.2,7.81,-
13-Jan-10,10.19,10.19,10.19,10.19,7.8,-
14-Jan-10,10.2,10.2,10.2,10.2,7.81,-
15-Jan-10,10.22,10.22,10.22,10.22,7.82,-
19-Jan-10,10.21,10.21,10.21,10.21,7.81,-
20-Jan-10,10.22,10.22,10.22,10.22,7.82,-
21-Jan-10,10.23,10.23,10.23,10.23,7.83,-
22-Jan-10,10.23,10.23,10.23,10.23,7.83,-
25-Jan-10,10.23,10.23,10.23,10.23,7.83,-
26-Jan-10,10.23,10.23,10.23,10.23,7.83,-
27-Jan-10,10.23,10.23,10.23,10.23,7.83,-
28-Jan-10,10.23,10.23,10.23,10.23,7.83,-
29-Jan-10,10.23,10.23,10.23,10.23,7.83,-
01-Feb-10,10.23,10.23,10.23,10.23,7.83,-
02-Feb-10,10.23,10.23,10.23,10.23,7.83,-
03-Feb-10,10.22,10.22,10.22,10.22,7.82,-
04-Feb-10,10.24,10.24,10.24,10.24,7.84,-
05-Feb-10,10.25,10.25,10.25,10.25,7.84,-
08-Feb-10,10.25,10.25,10.25,10.25,7.84,-
09-Feb-10,10.24,10.24,10.24,10.24,7.84,-
10-Feb-10,10.23,10.23,10.23,10.23,7.83,-
11-Feb-10,10.22,10.22,10.22,10.22,7.82,-
12-Feb-10,10.23,10.23,10.23,10.23,7.83,-
16-Feb-10,10.24,10.24,10.24,10.24,7.84,-
17-Feb-10,10.23,10.23,10.23,10.23,7.83,-
18-Feb-10,10.22,10.22,10.22,10.22,7.82,-
19-Feb-10,10.21,10.21,10.21,10.21,7.81,-
22-Feb-10,10.22,10.22,10.22,10.22,7.82,-
23-Feb-10,10.24,10.24,10.24,10.24,7.84,-
24-Feb-10,10.24,10.24,10.24,10.24,7.84,-
25-Feb-10,10.25,10.25,10.25,10.25,7.84,-
26-Feb-10,10.26,10.26,10.26,10.26,7.85,-
01-Mar-10,10.26,10.26,10.26,10.26,7.85,-
02-Mar-10,10.26,10.26,10.26,10.26,7.85,-
03-Mar-10,10.26,10.26,10.26,10.26,7.85,-
04-Mar-10,10.26,10.26,10.26,10.26,7.85,-
05-Mar-10,10.25,10.25,10.25,10.25,7.84,-
08-Mar-10,10.25,10.25,10.25,10.25,7.84,-
09-Mar-10,10.25,10.25,10.25,10.25,7.84,-
10-Mar-10,10.25,10.25,10.25,10.25,7.84,-
11-Mar-10,10.24,10.24,10.24,10.24,7.84,-
12-Mar-10,10.24,10.24,10.24,10.24,7.84,-
15-Mar-10,10.25,10.25,10.25,10.25,7.84,-
16-Mar-10,10.26,10.26,10.26,10.26,7.85,-
17-Mar-10,10.26,10.26,10.26,10.26,7.85,-
18-Mar-10,10.25,10.25,10.25,10.25,7.84,-
19-Mar-10,10.24,10.24,10.24,10.24,7.84,-
22-Mar-10,10.25,10.25,10.25,10.25,7.84,-
23-Mar-10,10.25,10.25,10.25,10.25,7.84,-
24-Mar-10,10.22,10.22,10.22,10.22,7.82,-
25-Mar-10,10.21,10.21,10.21,10.21,7.81,-
26-Mar-10,10.23,10.23,10.23,10.23,7.83,-
29-Mar-10,10.23,10.23,10.23,10.23,7.83,-
30-Mar-10,10.23,10.23,10.23,10.23,7.83,-
31-Mar-10,10.23,10.23,10.23,10.23,7.83,-
01-Apr-10,10.22,10.22,10.22,10.22,7.82,-
05-Apr-10,10.19,10.19,10.19,10.19,7.8,-
06-Apr-10,10.2,10.2,10.2,10.2,7.81,-
07-Apr-10,10.22,10.22,10.22,10.22,7.82,-
08-Apr-10,10.22,10.22,10.22,10.22,7.82,-
09-Apr-10,10.22,10.22,10.22,10.22,7.82,-
12-Apr-10,10.23,10.23,10.23,10.23,7.83,-
13-Apr-10,10.24,10.24,10.24,10.24,7.84,-
14-Apr-10,10.23,10.23,10.23,10.23,7.83,-
15-Apr-10,10.24,10.24,10.24,10.24,7.84,-
16-Apr-10,10.26,10.26,10.26,10.26,7.85,-
19-Apr-10,10.25,10.25,10.25,10.25,7.84,-
20-Apr-10,10.25,10.25,10.25,10.25,7.84,-
21-Apr-10,10.25,10.25,10.25,10.25,7.84,-
22-Apr-10,10.25,10.25,10.25,10.25,7.84,-
23-Apr-10,10.23,10.23,10.23,10.23,7.83,-
26-Apr-10,10.24,10.24,10.24,10.24,7.84,-
27-Apr-10,10.27,10.27,10.27,10.27,7.86,-
28-Apr-10,10.25,10.25,10.25,10.25,7.84,-
29-Apr-10,10.26,10.26,10.26,10.26,7.85,-
30-Apr-10,10.28,10.28,10.28,10.28,7.87,-
03-May-10,10.27,10.27,10.27,10.27,7.86,-
04-May-10,10.28,10.28,10.28,10.28,7.87,-
05-May-10,10.28,10.28,10.28,10.28,7.87,-
06-May-10,10.31,10.31,10.31,10.31,7.89,-
07-May-10,10.3,10.3,10.3,10.3,7.88,-
10-May-10,10.3,10.3,10.3,10.3,7.88,-
11-May-10,10.29,10.29,10.29,10.29,7.87,-
12-May-10,10.28,10.28,10.28,10.28,7.87,-
13-May-10,10.29,10.29,10.29,10.29,7.87,-
14-May-10,10.31,10.31,10.31,10.31,7.89,-
17-May-10,10.31,10.31,10.31,10.31,7.89,-
18-May-10,10.32,10.32,10.32,10.32,7.9,-
19-May-10,10.32,10.32,10.32,10.32,7.9,-
20-May-10,10.33,10.33,10.33,10.33,7.9,-
21-May-10,10.33,10.33,10.33,10.33,7.9,-
24-May-10,10.33,10.33,10.33,10.33,7.9,-
25-May-10,10.33,10.33,10.33,10.33,7.9,-
26-May-10,10.32,10.32,10.32,10.32,7.9,-
27-May-10,10.3,10.3,10.3,10.3,7.88,-
28-May-10,10.31,10.31,10.31,10.31,7.89,-
01-Jun-10,10.31,10.31,10.31,10.31,7.89,-
02-Jun-10,10.3,10.3,10.3,10.3,7.88,-
03-Jun-10,10.3,10.3,10.3,10.3,7.88,-
04-Jun-10,10.33,10.33,10.33,10.33,7.9,-
07-Jun-10,10.34,10.34,10.34,10.34,7.91,-
08-Jun-10,10.33,10.33,10.33,10.33,7.9,-
09-Jun-10,10.32,10.32,10.32,10.32,7.9,-
10-Jun-10,10.3,10.3,10.3,10.3,7.88,-
11-Jun-10,10.32,10.32,10.32,10.32,7.9,-
14-Jun-10,10.32,10.32,10.32,10.32,7.9,-
15-Jun-10,10.31,10.31,10.31,10.31,7.89,-
16-Jun-10,10.31,10.31,10.31,10.31,7.89,-
17-Jun-10,10.33,10.33,10.33,10.33,7.9,-
18-Jun-10,10.33,10.33,10.33,10.33,7.9,-
21-Jun-10,10.33,10.33,10.33,10.33,7.9,-
22-Jun-10,10.35,10.35,10.35,10.35,7.92,-
23-Jun-10,10.36,10.36,10.36,10.36,7.93,-
24-Jun-10,10.36,10.36,10.36,10.36,7.93,-
25-Jun-10,10.36,10.36,10.36,10.36,7.93,-
28-Jun-10,10.37,10.37,10.37,10.37,7.94,-
29-Jun-10,10.38,10.38,10.38,10.38,7.94,-
30-Jun-10,10.36,10.36,10.36,10.36,7.93,-
01-Jul-10,10.36,10.36,10.36,10.36,7.93,-
02-Jul-10,10.36,10.36,10.36,10.36,7.93,-
06-Jul-10,10.37,10.37,10.37,10.37,7.94,-
07-Jul-10,10.37,10.37,10.37,10.37,7.94,-
08-Jul-10,10.37,10.37,10.37,10.37,7.94,-
09-Jul-10,10.36,10.36,10.36,10.36,7.93,-
12-Jul-10,10.37,10.37,10.37,10.37,7.94,-
13-Jul-10,10.36,10.36,10.36,10.36,7.93,-
14-Jul-10,10.37,10.37,10.37,10.37,7.94,-
15-Jul-10,10.38,10.38,10.38,10.38,7.94,-
16-Jul-10,10.39,10.39,10.39,10.39,7.95,-
19-Jul-10,10.39,10.39,10.39,10.39,7.95,-
20-Jul-10,10.39,10.39,10.39,10.39,7.95,-
21-Jul-10,10.4,10.4,10.4,10.4,7.96,-
22-Jul-10,10.4,10.4,10.4,10.4,7.96,-
23-Jul-10,10.39,10.39,10.39,10.39,7.95,-
26-Jul-10,10.39,10.39,10.39,10.39,7.95,-
27-Jul-10,10.38,10.38,10.38,10.38,7.94,-
28-Jul-10,10.4,10.4,10.4,10.4,7.96,-
29-Jul-10,10.41,10.41,10.41,10.41,7.97,-
30-Jul-10,10.43,10.43,10.43,10.43,7.98,-
02-Aug-10,10.42,10.42,10.42,10.42,7.97,-
03-Aug-10,10.44,10.44,10.44,10.44,7.99,-
04-Aug-10,10.43,10.43,10.43,10.43,7.98,-
05-Aug-10,10.44,10.44,10.44,10.44,7.99,-
06-Aug-10,10.45,10.45,10.45,10.45,8.0,-
09-Aug-10,10.45,10.45,10.45,10.45,8.0,-
10-Aug-10,10.46,10.46,10.46,10.46,8.0,-
11-Aug-10,10.47,10.47,10.47,10.47,8.01,-
12-Aug-10,10.46,10.46,10.46,10.46,8.0,-
13-Aug-10,10.46,10.46,10.46,10.46,8.0,-
16-Aug-10,10.48,10.48,10.48,10.48,8.02,-
17-Aug-10,10.47,10.47,10.47,10.47,8.01,-
18-Aug-10,10.47,10.47,10.47,10.47,8.01,-
19-Aug-10,10.48,10.48,10.48,10.48,8.02,-
20-Aug-10,10.47,10.47,10.47,10.47,8.01,-
23-Aug-10,10.48,10.48,10.48,10.48,8.02,-
24-Aug-10,10.49,10.49,10.49,10.49,8.03,-
25-Aug-10,10.48,10.48,10.48,10.48,8.02,-
26-Aug-10,10.49,10.49,10.49,10.49,8.03,-
27-Aug-10,10.47,10.47,10.47,10.47,8.01,-
30-Aug-10,10.49,10.49,10.49,10.49,8.03,-
31-Aug-10,10.5,10.5,10.5,10.5,8.04,-
01-Sep-10,10.48,10.48,10.48,10.48,8.02,-
02-Sep-10,10.48,10.48,10.48,10.48,8.02,-
03-Sep-10,10.47,10.47,10.47,10.47,8.01,-
07-Sep-10,10.48,10.48,10.48,10.48,8.02,-
08-Sep-10,10.47,10.47,10.47,10.47,8.01,-
09-Sep-10,10.45,10.45,10.45,10.45,8.0,-
10-Sep-10,10.45,10.45,10.45,10.45,8.0,-
13-Sep-10,10.46,10.46,10.46,10.46,8.0,-
14-Sep-10,10.48,10.48,10.48,10.48,8.02,-
15-Sep-10,10.48,10.48,10.48,10.48,8.02,-
16-Sep-10,10.47,10.47,10.47,10.47,8.01,-
17-Sep-10,10.47,10.47,10.47,10.47,8.01,-
20-Sep-10,10.48,10.48,10.48,10.48,8.02,-
21-Sep-10,10.5,10.5,10.5,10.5,8.04,-
22-Sep-10,10.51,10.51,10.51,10.51,8.04,-
23-Sep-10,10.51,10.51,10.51,10.51,8.04,-
24-Sep-10,10.5,10.5,10.5,10.5,8.04,-
27-Sep-10,10.51,10.51,10.51,10.51,8.04,-
28-Sep-10,10.53,10.53,10.53,10.53,8.06,-
29-Sep-10,10.52,10.52,10.52,10.52,8.05,-
30-Sep-10,10.46,10.46,10.46,10.46,8.05,-
01-Oct-10,10.46,10.46,10.46,10.46,8.05,-
04-Oct-10,10.48,10.48,10.48,10.48,8.06,-
05-Oct-10,10.48,10.48,10.48,10.48,8.06,-
06-Oct-10,10.5,10.5,10.5,10.5,8.08,-
07-Oct-10,10.5,10.5,10.5,10.5,8.08,-
08-Oct-10,10.51,10.51,10.51,10.51,8.08,-
11-Oct-10,10.51,10.51,10.51,10.51,8.08,-
12-Oct-10,10.5,10.5,10.5,10.5,8.08,-
13-Oct-10,10.51,10.51,10.51,10.51,8.08,-
14-Oct-10,10.5,10.5,10.5,10.5,8.08,-
15-Oct-10,10.49,10.49,10.49,10.49,8.07,-
18-Oct-10,10.5,10.5,10.5,10.5,8.08,-
19-Oct-10,10.51,10.51,10.51,10.51,8.08,-
20-Oct-10,10.51,10.51,10.51,10.51,8.08,-
21-Oct-10,10.51,10.51,10.51,10.51,8.08,-
22-Oct-10,10.51,10.51,10.51,10.51,8.08,-
25-Oct-10,10.5,10.5,10.5,10.5,8.08,-
26-Oct-10,10.49,10.49,10.49,10.49,8.07,-
27-Oct-10,10.48,10.48,10.48,10.48,8.06,-
28-Oct-10,10.49,10.49,10.49,10.49,8.07,-
29-Oct-10,10.51,10.51,10.51,10.51,8.08,-
01-Nov-10,10.51,10.51,10.51,10.51,8.08,-
02-Nov-10,10.51,10.51,10.51,10.51,8.08,-
03-Nov-10,10.51,10.51,10.51,10.51,8.08,-
04-Nov-10,10.53,10.53,10.53,10.53,8.1,-
05-Nov-10,10.52,10.52,10.52,10.52,8.09,-
08-Nov-10,10.51,10.51,10.51,10.51,8.08,-
09-Nov-10,10.49,10.49,10.49,10.49,8.07,-
10-Nov-10,10.49,10.49,10.49,10.49,8.07,-
11-Nov-10,10.49,10.49,10.49,10.49,8.07,-
12-Nov-10,10.46,10.46,10.46,10.46,8.05,-
15-Nov-10,10.43,10.43,10.43,10.43,8.02,-
16-Nov-10,10.44,10.44,10.44,10.44,8.03,-
17-Nov-10,10.45,10.45,10.45,10.45,8.04,-
18-Nov-10,10.44,10.44,10.44,10.44,8.03,-
19-Nov-10,10.44,10.44,10.44,10.44,8.03,-
22-Nov-10,10.46,10.46,10.46,10.46,8.05,-
23-Nov-10,10.47,10.47,10.47,10.47,8.05,-
24-Nov-10,10.44,10.44,10.44,10.44,8.03,-
26-Nov-10,10.44,10.44,10.44,10.44,8.03,-
29-Nov-10,10.45,10.45,10.45,10.45,8.04,-
30-Nov-10,10.44,10.44,10.44,10.44,8.03,-
01-Dec-10,10.41,10.41,10.41,10.41,8.01,-
02-Dec-10,10.41,10.41,10.41,10.41,8.01,-
03-Dec-10,10.42,10.42,10.42,10.42,8.01,-
06-Dec-10,10.44,10.44,10.44,10.44,8.03,-
07-Dec-10,10.4,10.4,10.4,10.4,8.0,-
08-Dec-10,10.37,10.37,10.37,10.37,7.98,-
09-Dec-10,10.37,10.37,10.37,10.37,7.98,-
10-Dec-10,10.36,10.36,10.36,10.36,7.97,-
13-Dec-10,10.36,10.36,10.36,10.36,7.97,-
14-Dec-10,10.34,10.34,10.34,10.34,7.95,-
15-Dec-10,10.33,10.33,10.33,10.33,7.95,-
16-Dec-10,10.33,10.33,10.33,10.33,7.95,-
17-Dec-10,10.36,10.36,10.36,10.36,7.97,-
20-Dec-10,10.36,10.36,10.36,10.36,7.97,-
21-Dec-10,10.36,10.36,10.36,10.36,7.97,-
22-Dec-10,10.35,10.35,10.35,10.35,7.96,-
23-Dec-10,10.34,10.34,10.34,10.34,7.95,-
27-Dec-10,10.35,10.35,10.35,10.35,7.96,-
28-Dec-10,10.33,10.33,10.33,10.33,7.95,-
29-Dec-10,10.35,10.35,10.35,10.35,7.96,-
30-Dec-10,10.35,10.35,10.35,10.35,7.96,-
31-Dec-10,10.25,10.25,10.25,10.25,7.98,-
03-Jan-11,10.25,10.25,10.25,10.25,7.98,-
04-Jan-11,10.25,10.25,10.25,10.25,7.98,-
05-Jan-11,10.22,10.22,10.22,10.22,7.95,-
06-Jan-11,10.23,10.23,10.23,10.23,7.96,-
07-Jan-11,10.26,10.26,10.26,10.26,7.98,-
10-Jan-11,10.26,10.26,10.26,10.26,7.98,-
11-Jan-11,10.26,10.26,10.26,10.26,7.98,-
12-Jan-11,10.25,10.25,10.25,10.25,7.98,-
13-Jan-11,10.26,10.26,10.26,10.26,7.98,-
14-Jan-11,10.26,10.26,10.26,10.26,7.98,-
18-Jan-11,10.26,10.26,10.26,10.26,7.98,-
19-Jan-11,10.26,10.26,10.26,10.26,7.98,-
20-Jan-11,10.24,10.24,10.24,10.24,7.97,-
21-Jan-11,10.25,10.25,10.25,10.25,7.98,-
24-Jan-11,10.25,10.25,10.25,10.25,7.98,-
25-Jan-11,10.26,10.26,10.26,10.26,7.98,-
26-Jan-11,10.24,10.24,10.24,10.24,7.97,-
27-Jan-11,10.25,10.25,10.25,10.25,7.98,-
28-Jan-11,10.27,10.27,10.27,10.27,7.99,-
31-Jan-11,10.27,10.27,10.27,10.27,7.99,-
01-Feb-11,10.25,10.25,10.25,10.25,7.98,-
02-Feb-11,10.23,10.23,10.23,10.23,7.96,-
03-Feb-11,10.22,10.22,10.22,10.22,7.95,-
04-Feb-11,10.2,10.2,10.2,10.2,7.94,-
07-Feb-11,10.2,10.2,10.2,10.2,7.94,-
08-Feb-11,10.18,10.18,10.18,10.18,7.92,-
09-Feb-11,10.19,10.19,10.19,10.19,7.93,-
10-Feb-11,10.18,10.18,10.18,10.18,7.92,-
11-Feb-11,10.19,10.19,10.19,10.19,7.93,-
14-Feb-11,10.19,10.19,10.19,10.19,7.93,-
15-Feb-11,10.19,10.19,10.19,10.19,7.93,-
16-Feb-11,10.19,10.19,10.19,10.19,7.93,-
17-Feb-11,10.21,10.21,10.21,10.21,7.94,-
18-Feb-11,10.21,10.21,10.21,10.21,7.94,-
22-Feb-11,10.24,10.24,10.24,10.24,7.97,-
23-Feb-11,10.23,10.23,10.23,10.23,7.96,-
24-Feb-11,10.24,10.24,10.24,10.24,7.97,-
25-Feb-11,10.25,10.25,10.25,10.25,7.98,-
28-Feb-11,10.25,10.25,10.25,10.25,7.98,-
01-Mar-11,10.26,10.26,10.26,10.26,7.98,-
02-Mar-11,10.25,10.25,10.25,10.25,7.98,-
03-Mar-11,10.23,10.23,10.23,10.23,7.96,-
04-Mar-11,10.25,10.25,10.25,10.25,7.98,-
07-Mar-11,10.25,10.25,10.25,10.25,7.98,-
08-Mar-11,10.25,10.25,10.25,10.25,7.98,-
09-Mar-11,10.26,10.26,10.26,10.26,7.98,-
10-Mar-11,10.28,10.28,10.28,10.28,8.0,-
11-Mar-11,10.28,10.28,10.28,10.28,8.0,-
14-Mar-11,10.3,10.3,10.3,10.3,8.01,-
15-Mar-11,10.3,10.3,10.3,10.3,8.01,-
16-Mar-11,10.31,10.31,10.31,10.31,8.02,-
17-Mar-11,10.31,10.31,10.31,10.31,8.02,-
18-Mar-11,10.31,10.31,10.31,10.31,8.02,-
21-Mar-11,10.29,10.29,10.29,10.29,8.01,-
22-Mar-11,10.28,10.28,10.28,10.28,8.0,-
23-Mar-11,10.28,10.28,10.28,10.28,8.0,-
24-Mar-11,10.27,10.27,10.27,10.27,7.99,-
25-Mar-11,10.26,10.26,10.26,10.26,7.98,-
28-Mar-11,10.26,10.26,10.26,10.26,7.98,-
29-Mar-11,10.25,10.25,10.25,10.25,7.98,-
30-Mar-11,10.26,10.26,10.26,10.26,7.98,-
31-Mar-11,10.26,10.26,10.26,10.26,7.98,-
01-Apr-11,10.25,10.25,10.25,10.25,7.98,-
04-Apr-11,10.27,10.27,10.27,10.27,7.99,-
05-Apr-11,10.25,10.25,10.25,10.25,7.98,-
06-Apr-11,10.24,10.24,10.24,10.24,7.97,-
07-Apr-11,10.25,10.25,10.25,10.25,7.98,-
08-Apr-11,10.25,10.25,10.25,10.25,7.98,-
11-Apr-11,10.25,10.25,10.25,10.25,7.98,-
12-Apr-11,10.27,10.27,10.27,10.27,7.99,-
13-Apr-11,10.28,10.28,10.28,10.28,8.0,-
14-Apr-11,10.28,10.28,10.28,10.28,8.0,-
15-Apr-11,10.3,10.3,10.3,10.3,8.01,-
18-Apr-11,10.3,10.3,10.3,10.3,8.01,-
19-Apr-11,10.31,10.31,10.31,10.31,8.02,-
20-Apr-11,10.3,10.3,10.3,10.3,8.01,-
21-Apr-11,10.3,10.3,10.3,10.3,8.01,-
25-Apr-11,10.31,10.31,10.31,10.31,8.02,-
26-Apr-11,10.32,10.32,10.32,10.32,8.03,-
27-Apr-11,10.31,10.31,10.31,10.31,8.02,-
28-Apr-11,10.33,10.33,10.33,10.33,8.04,-
29-Apr-11,10.33,10.33,10.33,10.33,8.04,-
02-May-11,10.33,10.33,10.33,10.33,8.04,-
03-May-11,10.34,10.34,10.34,10.34,8.05,-
04-May-11,10.35,10.35,10.35,10.35,8.05,-
05-May-11,10.35,10.35,10.35,10.35,8.05,-
06-May-11,10.36,10.36,10.36,10.36,8.06,-
09-May-11,10.36,10.36,10.36,10.36,8.06,-
10-May-11,10.35,10.35,10.35,10.35,8.05,-
11-May-11,10.36,10.36,10.36,10.36,8.06,-
12-May-11,10.35,10.35,10.35,10.35,8.05,-
13-May-11,10.36,10.36,10.36,10.36,8.06,-
16-May-11,10.37,10.37,10.37,10.37,8.07,-
17-May-11,10.37,10.37,10.37,10.37,8.07,-
18-May-11,10.36,10.36,10.36,10.36,8.06,-
19-May-11,10.36,10.36,10.36,10.36,8.06,-
20-May-11,10.37,10.37,10.37,10.37,8.07,-
23-May-11,10.37,10.37,10.37,10.37,8.07,-
24-May-11,10.37,10.37,10.37,10.37,8.07,-
25-May-11,10.37,10.37,10.37,10.37,8.07,-
26-May-11,10.39,10.39,10.39,10.39,8.08,-
27-May-11,10.39,10.39,10.39,10.39,8.08,-
31-May-11,10.4,10.4,10.4,10.4,8.09,-
01-Jun-11,10.41,10.41,10.41,10.41,8.1,-
02-Jun-11,10.4,10.4,10.4,10.4,8.09,-
03-Jun-11,10.41,10.41,10.41,10.41,8.1,-
06-Jun-11,10.41,10.41,10.41,10.41,8.1,-
07-Jun-11,10.41,10.41,10.41,10.41,8.1,-
08-Jun-11,10.42,10.42,10.42,10.42,8.11,-
09-Jun-11,10.41,10.41,10.41,10.41,8.1,-
10-Jun-11,10.42,10.42,10.42,10.42,8.11,-
13-Jun-11,10.41,10.41,10.41,10.41,8.1,-
14-Jun-11,10.39,10.39,10.39,10.39,8.08,-
15-Jun-11,10.42,10.42,10.42,10.42,8.11,-
16-Jun-11,10.43,10.43,10.43,10.43,8.12,-
17-Jun-11,10.42,10.42,10.42,10.42,8.11,-
20-Jun-11,10.42,10.42,10.42,10.42,8.11,-
21-Jun-11,10.42,10.42,10.42,10.42,8.11,-
22-Jun-11,10.42,10.42,10.42,10.42,8.11,-
23-Jun-11,10.44,10.44,10.44,10.44,8.12,-
24-Jun-11,10.45,10.45,10.45,10.45,8.13,-
27-Jun-11,10.44,10.44,10.44,10.44,8.12,-
28-Jun-11,10.41,10.41,10.41,10.41,8.1,-
29-Jun-11,10.4,10.4,10.4,10.4,8.09,-
30-Jun-11,10.33,10.33,10.33,10.33,8.08,-
01-Jul-11,10.33,10.33,10.33,10.33,8.08,-
05-Jul-11,10.34,10.34,10.34,10.34,8.09,-
06-Jul-11,10.35,10.35,10.35,10.35,8.1,-
07-Jul-11,10.34,10.34,10.34,10.34,8.09,-
08-Jul-11,10.37,10.37,10.37,10.37,8.11,-
11-Jul-11,10.39,10.39,10.39,10.39,8.13,-
12-Jul-11,10.39,10.39,10.39,10.39,8.13,-
13-Jul-11,10.39,10.39,10.39,10.39,8.13,-
14-Jul-11,10.38,10.38,10.38,10.38,8.12,-
15-Jul-11,10.4,10.4,10.4,10.4,8.14,-
18-Jul-11,10.4,10.4,10.4,10.4,8.14,-
19-Jul-11,10.4,10.4,10.4,10.4,8.14,-
20-Jul-11,10.38,10.38,10.38,10.38,8.12,-
21-Jul-11,10.37,10.37,10.37,10.37,8.11,-
22-Jul-11,10.38,10.38,10.38,10.38,8.12,-
25-Jul-11,10.38,10.38,10.38,10.38,8.12,-
26-Jul-11,10.38,10.38,10.38,10.38,8.12,-
27-Jul-11,10.38,10.38,10.38,10.38,8.12,-
28-Jul-11,10.39,10.39,10.39,10.39,8.13,-
29-Jul-11,10.42,10.42,10.42,10.42,8.15,-
01-Aug-11,10.43,10.43,10.43,10.43,8.16,-
02-Aug-11,10.45,10.45,10.45,10.45,8.18,-
03-Aug-11,10.45,10.45,10.45,10.45,8.18,-
04-Aug-11,10.47,10.47,10.47,10.47,8.19,-
05-Aug-11,10.45,10.45,10.45,10.45,8.18,-
08-Aug-11,10.47,10.47,10.47,10.47,8.19,-
09-Aug-11,10.5,10.5,10.5,10.5,8.22,-
10-Aug-11,10.51,10.51,10.51,10.51,8.22,-
11-Aug-11,10.49,10.49,10.49,10.49,8.21,-
12-Aug-11,10.5,10.5,10.5,10.5,8.22,-
15-Aug-11,10.49,10.49,10.49,10.49,8.21,-
16-Aug-11,10.5,10.5,10.5,10.5,8.22,-
17-Aug-11,10.5,10.5,10.5,10.5,8.22,-
18-Aug-11,10.51,10.51,10.51,10.51,8.22,-
19-Aug-11,10.51,10.51,10.51,10.51,8.22,-
22-Aug-11,10.5,10.5,10.5,10.5,8.22,-
23-Aug-11,10.49,10.49,10.49,10.49,8.21,-
24-Aug-11,10.47,10.47,10.47,10.47,8.19,-
25-Aug-11,10.48,10.48,10.48,10.48,8.2,-
26-Aug-11,10.49,10.49,10.49,10.49,8.21,-
29-Aug-11,10.47,10.47,10.47,10.47,8.19,-
30-Aug-11,10.49,10.49,10.49,10.49,8.21,-
31-Aug-11,10.48,10.48,10.48,10.48,8.2,-
01-Sep-11,10.5,10.5,10.5,10.5,8.22,-
02-Sep-11,10.51,10.51,10.51,10.51,8.22,-
06-Sep-11,10.51,10.51,10.51,10.51,8.22,-
07-Sep-11,10.5,10.5,10.5,10.5,8.22,-
08-Sep-11,10.51,10.51,10.51,10.51,8.22,-
09-Sep-11,10.53,10.53,10.53,10.53,8.24,-
12-Sep-11,10.51,10.51,10.51,10.51,8.22,-
13-Sep-11,10.5,10.5,10.5,10.5,8.22,-
14-Sep-11,10.49,10.49,10.49,10.49,8.21,-
15-Sep-11,10.49,10.49,10.49,10.49,8.21,-
16-Sep-11,10.49,10.49,10.49,10.49,8.21,-
19-Sep-11,10.49,10.49,10.49,10.49,8.21,-
20-Sep-11,10.51,10.51,10.51,10.51,8.22,-
21-Sep-11,10.51,10.51,10.51,10.51,8.22,-
22-Sep-11,10.52,10.52,10.52,10.52,8.23,-
23-Sep-11,10.5,10.5,10.5,10.5,8.22,-
26-Sep-11,10.49,10.49,10.49,10.49,8.21,-
27-Sep-11,10.47,10.47,10.47,10.47,8.19,-
28-Sep-11,10.48,10.48,10.48,10.48,8.2,-
29-Sep-11,10.43,10.43,10.43,10.43,8.2,-
30-Sep-11,10.43,10.43,10.43,10.43,8.2,-
03-Oct-11,10.45,10.45,10.45,10.45,8.21,-
04-Oct-11,10.45,10.45,10.45,10.45,8.21,-
05-Oct-11,10.43,10.43,10.43,10.43,8.2,-
06-Oct-11,10.43,10.43,10.43,10.43,8.2,-
07-Oct-11,10.41,10.41,10.41,10.41,8.18,-
10-Oct-11,10.41,10.41,10.41,10.41,8.18,-
11-Oct-11,10.4,10.4,10.4,10.4,8.17,-
12-Oct-11,10.39,10.39,10.39,10.39,8.17,-
13-Oct-11,10.41,10.41,10.41,10.41,8.18,-
14-Oct-11,10.4,10.4,10.4,10.4,8.17,-
17-Oct-11,10.42,10.42,10.42,10.42,8.19,-
18-Oct-11,10.42,10.42,10.42,10.42,8.19,-
19-Oct-11,10.42,10.42,10.42,10.42,8.19,-
20-Oct-11,10.42,10.42,10.42,10.42,8.19,-
21-Oct-11,10.42,10.42,10.42,10.42,8.19,-
24-Oct-11,10.41,10.41,10.41,10.41,8.18,-
25-Oct-11,10.43,10.43,10.43,10.43,8.2,-
26-Oct-11,10.42,10.42,10.42,10.42,8.19,-
27-Oct-11,10.4,10.4,10.4,10.4,8.17,-
28-Oct-11,10.42,10.42,10.42,10.42,8.19,-
31-Oct-11,10.44,10.44,10.44,10.44,8.21,-
01-Nov-11,10.47,10.47,10.47,10.47,8.23,-
02-Nov-11,10.46,10.46,10.46,10.46,8.22,-
03-Nov-11,10.46,10.46,10.46,10.46,8.22,-
04-Nov-11,10.47,10.47,10.47,10.47,8.23,-
07-Nov-11,10.47,10.47,10.47,10.47,8.23,-
08-Nov-11,10.46,10.46,10.46,10.46,8.22,-
09-Nov-11,10.47,10.47,10.47,10.47,8.23,-
10-Nov-11,10.47,10.47,10.47,10.47,8.23,-
11-Nov-11,10.46,10.46,10.46,10.46,8.22,-
14-Nov-11,10.46,10.46,10.46,10.46,8.22,-
15-Nov-11,10.46,10.46,10.46,10.46,8.22,-
16-Nov-11,10.45,10.45,10.45,10.45,8.21,-
17-Nov-11,10.45,10.45,10.45,10.45,8.21,-
18-Nov-11,10.44,10.44,10.44,10.44,8.21,-
21-Nov-11,10.44,10.44,10.44,10.44,8.21,-
22-Nov-11,10.43,10.43,10.43,10.43,8.2,-
23-Nov-11,10.44,10.44,10.44,10.44,8.21,-
25-Nov-11,10.42,10.42,10.42,10.42,8.19,-
28-Nov-11,10.42,10.42,10.42,10.42,8.19,-
29-Nov-11,10.41,10.41,10.41,10.41,8.18,-
30-Nov-11,10.41,10.41,10.41,10.41,8.18,-
01-Dec-11,10.4,10.4,10.4,10.4,8.17,-
02-Dec-11,10.42,10.42,10.42,10.42,8.19,-
05-Dec-11,10.42,10.42,10.42,10.42,8.19,-
06-Dec-11,10.42,10.42,10.42,10.42,8.19,-
07-Dec-11,10.43,10.43,10.43,10.43,8.2,-
08-Dec-11,10.44,10.44,10.44,10.44,8.21,-
09-Dec-11,10.42,10.42,10.42,10.42,8.19,-
12-Dec-11,10.43,10.43,10.43,10.43,8.2,-
13-Dec-11,10.43,10.43,10.43,10.43,8.2,-
14-Dec-11,10.43,10.43,10.43,10.43,8.2,-
15-Dec-11,10.43,10.43,10.43,10.43,8.2,-
16-Dec-11,10.44,10.44,10.44,10.44,8.21,-
19-Dec-11,10.45,10.45,10.45,10.45,8.21,-
20-Dec-11,10.43,10.43,10.43,10.43,8.2,-
21-Dec-11,10.43,10.43,10.43,10.43,8.2,-
22-Dec-11,10.43,10.43,10.43,10.43,8.2,-
23-Dec-11,10.42,10.42,10.42,10.42,8.19,-
27-Dec-11,10.42,10.42,10.42,10.42,8.19,-
28-Dec-11,10.43,10.43,10.43,10.43,8.2,-
29-Dec-11,10.43,10.43,10.43,10.43,8.27,-
30-Dec-11,10.35,10.35,10.35,10.35,8.2,-
03-Jan-12,10.34,10.34,10.34,10.34,8.19,-
04-Jan-12,10.35,10.35,10.35,10.35,8.2,-
05-Jan-12,10.35,10.35,10.35,10.35,8.2,-
06-Jan-12,10.36,10.36,10.36,10.36,8.21,-
09-Jan-12,10.36,10.36,10.36,10.36,8.21,-
10-Jan-12,10.36,10.36,10.36,10.36,8.21,-
11-Jan-12,10.37,10.37,10.37,10.37,8.22,-
12-Jan-12,10.36,10.36,10.36,10.36,8.21,-
13-Jan-12,10.38,10.38,10.38,10.38,8.23,-
17-Jan-12,10.38,10.38,10.38,10.38,8.23,-
18-Jan-12,10.37,10.37,10.37,10.37,8.22,-
19-Jan-12,10.37,10.37,10.37,10.37,8.22,-
20-Jan-12,10.36,10.36,10.36,10.36,8.21,-
23-Jan-12,10.35,10.35,10.35,10.35,8.2,-
24-Jan-12,10.36,10.36,10.36,10.36,8.21,-
25-Jan-12,10.37,10.37,10.37,10.37,8.22,-
26-Jan-12,10.39,10.39,10.39,10.39,8.23,-
27-Jan-12,10.4,10.4,10.4,10.4,8.24,-
30-Jan-12,10.41,10.41,10.41,10.41,8.25,-
31-Jan-12,10.41,10.41,10.41,10.41,8.25,-
01-Feb-12,10.41,10.41,10.41,10.41,8.25,-
02-Feb-12,10.41,10.41,10.41,10.41,8.25,-
03-Feb-12,10.4,10.4,10.4,10.4,8.24,-
06-Feb-12,10.41,10.41,10.41,10.41,8.25,-
07-Feb-12,10.4,10.4,10.4,10.4,8.24,-
08-Feb-12,10.39,10.39,10.39,10.39,8.23,-
09-Feb-12,10.39,10.39,10.39,10.39,8.23,-
10-Feb-12,10.4,10.4,10.4,10.4,8.24,-
13-Feb-12,10.4,10.4,10.4,10.4,8.24,-
14-Feb-12,10.4,10.4,10.4,10.4,8.24,-
15-Feb-12,10.4,10.4,10.4,10.4,8.24,-
16-Feb-12,10.39,10.39,10.39,10.39,8.23,-
17-Feb-12,10.39,10.39,10.39,10.39,8.23,-
21-Feb-12,10.39,10.39,10.39,10.39,8.23,-
22-Feb-12,10.39,10.39,10.39,10.39,8.23,-
23-Feb-12,10.4,10.4,10.4,10.4,8.24,-
24-Feb-12,10.4,10.4,10.4,10.4,8.24,-
27-Feb-12,10.41,10.41,10.41,10.41,8.25,-
28-Feb-12,10.41,10.41,10.41,10.41,8.25,-
29-Feb-12,10.41,10.41,10.41,10.41,8.25,-
01-Mar-12,10.4,10.4,10.4,10.4,8.24,-
02-Mar-12,10.41,10.41,10.41,10.41,8.25,-
05-Mar-12,10.41,10.41,10.41,10.41,8.25,-
06-Mar-12,10.42,10.42,10.42,10.42,8.26,-
07-Mar-12,10.41,10.41,10.41,10.41,8.25,-
08-Mar-12,10.41,10.41,10.41,10.41,8.25,-
09-Mar-12,10.41,10.41,10.41,10.41,8.25,-
12-Mar-12,10.41,10.41,10.41,10.41,8.25,-
13-Mar-12,10.4,10.4,10.4,10.4,8.24,-
14-Mar-12,10.37,10.37,10.37,10.37,8.22,-
15-Mar-12,10.38,10.38,10.38,10.38,8.23,-
16-Mar-12,10.37,10.37,10.37,10.37,8.22,-
19-Mar-12,10.36,10.36,10.36,10.36,8.21,-
20-Mar-12,10.36,10.36,10.36,10.36,8.21,-
21-Mar-12,10.38,10.38,10.38,10.38,8.23,-
22-Mar-12,10.38,10.38,10.38,10.38,8.23,-
23-Mar-12,10.39,10.39,10.39,10.39,8.23,-
26-Mar-12,10.39,10.39,10.39,10.39,8.23,-
27-Mar-12,10.4,10.4,10.4,10.4,8.24,-
28-Mar-12,10.4,10.4,10.4,10.4,8.24,-
29-Mar-12,10.4,10.4,10.4,10.4,8.24,-
30-Mar-12,10.4,10.4,10.4,10.4,8.24,-
02-Apr-12,10.4,10.4,10.4,10.4,8.24,-
03-Apr-12,10.39,10.39,10.39,10.39,8.23,-
04-Apr-12,10.39,10.39,10.39,10.39,8.23,-
05-Apr-12,10.4,10.4,10.4,10.4,8.24,-
09-Apr-12,10.42,10.42,10.42,10.42,8.26,-
10-Apr-12,10.43,10.43,10.43,10.43,8.27,-
11-Apr-12,10.42,10.42,10.42,10.42,8.26,-
12-Apr-12,10.43,10.43,10.43,10.43,8.27,-
13-Apr-12,10.43,10.43,10.43,10.43,8.27,-
16-Apr-12,10.43,10.43,10.43,10.43,8.27,-
17-Apr-12,10.43,10.43,10.43,10.43,8.27,-
18-Apr-12,10.43,10.43,10.43,10.43,8.27,-
19-Apr-12,10.43,10.43,10.43,10.43,8.27,-
20-Apr-12,10.43,10.43,10.43,10.43,8.27,-
23-Apr-12,10.43,10.43,10.43,10.43,8.27,-
24-Apr-12,10.43,10.43,10.43,10.43,8.27,-
25-Apr-12,10.43,10.43,10.43,10.43,8.27,-
26-Apr-12,10.44,10.44,10.44,10.44,8.27,-
27-Apr-12,10.44,10.44,10.44,10.44,8.27,-
30-Apr-12,10.44,10.44,10.44,10.44,8.27,-
01-May-12,10.44,10.44,10.44,10.44,8.27,-
02-May-12,10.44,10.44,10.44,10.44,8.27,-
03-May-12,10.44,10.44,10.44,10.44,8.27,-
04-May-12,10.45,10.45,10.45,10.45,8.28,-
07-May-12,10.45,10.45,10.45,10.45,8.28,-
08-May-12,10.46,10.46,10.46,10.46,8.29,-
09-May-12,10.45,10.45,10.45,10.45,8.28,-
10-May-12,10.45,10.45,10.45,10.45,8.28,-
11-May-12,10.46,10.46,10.46,10.46,8.29,-
14-May-12,10.46,10.46,10.46,10.46,8.29,-
15-May-12,10.45,10.45,10.45,10.45,8.28,-
16-May-12,10.46,10.46,10.46,10.46,8.29,-
17-May-12,10.46,10.46,10.46,10.46,8.29,-
18-May-12,10.46,10.46,10.46,10.46,8.29,-
21-May-12,10.46,10.46,10.46,10.46,8.29,-
22-May-12,10.45,10.45,10.45,10.45,8.28,-
23-May-12,10.46,10.46,10.46,10.46,8.29,-
24-May-12,10.46,10.46,10.46,10.46,8.29,-
25-May-12,10.46,10.46,10.46,10.46,8.29,-
29-May-12,10.46,10.46,10.46,10.46,8.29,-
30-May-12,10.47,10.47,10.47,10.47,8.3,-
31-May-12,10.48,10.48,10.48,10.48,8.31,-
01-Jun-12,10.49,10.49,10.49,10.49,8.31,-
04-Jun-12,10.48,10.48,10.48,10.48,8.31,-
05-Jun-12,10.48,10.48,10.48,10.48,8.31,-
06-Jun-12,10.46,10.46,10.46,10.46,8.29,-
07-Jun-12,10.47,10.47,10.47,10.47,8.3,-
08-Jun-12,10.47,10.47,10.47,10.47,8.3,-
11-Jun-12,10.47,10.47,10.47,10.47,8.3,-
12-Jun-12,10.46,10.46,10.46,10.46,8.29,-
13-Jun-12,10.47,10.47,10.47,10.47,8.3,-
14-Jun-12,10.47,10.47,10.47,10.47,8.3,-
15-Jun-12,10.48,10.48,10.48,10.48,8.31,-
18-Jun-12,10.48,10.48,10.48,10.48,8.31,-
19-Jun-12,10.48,10.48,10.48,10.48,8.31,-
20-Jun-12,10.47,10.47,10.47,10.47,8.3,-
21-Jun-12,10.47,10.47,10.47,10.47,8.3,-
22-Jun-12,10.47,10.47,10.47,10.47,8.3,-
25-Jun-12,10.48,10.48,10.48,10.48,8.31,-
26-Jun-12,10.48,10.48,10.48,10.48,8.31,-
27-Jun-12,10.47,10.47,10.47,10.47,8.3,-
28-Jun-12,10.48,10.48,10.48,10.48,8.31,-
29-Jun-12,10.47,10.47,10.47,10.47,8.3,-
02-Jul-12,10.48,10.48,10.48,10.48,8.31,-
03-Jul-12,10.48,10.48,10.48,10.48,8.31,-
05-Jul-12,10.49,10.49,10.49,10.49,8.32,-
06-Jul-12,10.5,10.5,10.5,10.5,8.33,-
09-Jul-12,10.5,10.5,10.5,10.5,8.33,-
10-Jul-12,10.51,10.51,10.51,10.51,8.33,-
11-Jul-12,10.51,10.51,10.51,10.51,8.33,-
12-Jul-12,10.51,10.51,10.51,10.51,8.33,-
13-Jul-12,10.51,10.51,10.51,10.51,8.33,-
16-Jul-12,10.52,10.52,10.52,10.52,8.34,-
17-Jul-12,10.51,10.51,10.51,10.51,8.33,-
18-Jul-12,10.52,10.52,10.52,10.52,8.34,-
19-Jul-12,10.52,10.52,10.52,10.52,8.34,-
20-Jul-12,10.53,10.53,10.53,10.53,8.35,-
23-Jul-12,10.53,10.53,10.53,10.53,8.35,-
24-Jul-12,10.53,10.53,10.53,10.53,8.35,-
25-Jul-12,10.53,10.53,10.53,10.53,8.35,-
26-Jul-12,10.53,10.53,10.53,10.53,8.35,-
27-Jul-12,10.51,10.51,10.51,10.51,8.33,-
30-Jul-12,10.52,10.52,10.52,10.52,8.34,-
31-Jul-12,10.53,10.53,10.53,10.53,8.35,-
01-Aug-12,10.52,10.52,10.52,10.52,8.34,-
02-Aug-12,10.53,10.53,10.53,10.53,8.35,-
03-Aug-12,10.52,10.52,10.52,10.52,8.34,-
06-Aug-12,10.52,10.52,10.52,10.52,8.34,-
07-Aug-12,10.51,10.51,10.51,10.51,8.33,-
08-Aug-12,10.51,10.51,10.51,10.51,8.33,-
09-Aug-12,10.51,10.51,10.51,10.51,8.33,-
10-Aug-12,10.51,10.51,10.51,10.51,8.33,-
13-Aug-12,10.51,10.51,10.51,10.51,8.33,-
14-Aug-12,10.5,10.5,10.5,10.5,8.33,-
15-Aug-12,10.49,10.49,10.49,10.49,8.32,-
16-Aug-12,10.48,10.48,10.48,10.48,8.31,-
17-Aug-12,10.49,10.49,10.49,10.49,8.32,-
20-Aug-12,10.49,10.49,10.49,10.49,8.32,-
21-Aug-12,10.49,10.49,10.49,10.49,8.32,-
22-Aug-12,10.51,10.51,10.51,10.51,8.33,-
23-Aug-12,10.52,10.52,10.52,10.52,8.34,-
24-Aug-12,10.52,10.52,10.52,10.52,8.34,-
27-Aug-12,10.52,10.52,10.52,10.52,8.34,-
28-Aug-12,10.52,10.52,10.52,10.52,8.34,-
29-Aug-12,10.52,10.52,10.52,10.52,8.34,-
30-Aug-12,10.53,10.53,10.53,10.53,8.35,-
31-Aug-12,10.54,10.54,10.54,10.54,8.36,-
04-Sep-12,10.54,10.54,10.54,10.54,8.36,-
05-Sep-12,10.54,10.54,10.54,10.54,8.36,-
06-Sep-12,10.52,10.52,10.52,10.52,8.34,-
07-Sep-12,10.53,10.53,10.53,10.53,8.35,-
10-Sep-12,10.53,10.53,10.53,10.53,8.35,-
11-Sep-12,10.53,10.53,10.53,10.53,8.35,-
12-Sep-12,10.52,10.52,10.52,10.52,8.34,-
13-Sep-12,10.53,10.53,10.53,10.53,8.35,-
14-Sep-12,10.52,10.52,10.52,10.52,8.34,-
17-Sep-12,10.52,10.52,10.52,10.52,8.34,-
18-Sep-12,10.52,10.52,10.52,10.52,8.34,-
19-Sep-12,10.53,10.53,10.53,10.53,8.35,-
20-Sep-12,10.53,10.53,10.53,10.53,8.35,-
21-Sep-12,10.53,10.53,10.53,10.53,8.35,-
24-Sep-12,10.53,10.53,10.53,10.53,8.35,-
25-Sep-12,10.54,10.54,10.54,10.54,8.36,-
26-Sep-12,10.55,10.55,10.55,10.55,8.36,-
27-Sep-12,10.54,10.54,10.54,10.54,8.36,-
28-Sep-12,10.52,10.52,10.52,10.52,8.36,-
01-Oct-12,10.53,10.53,10.53,10.53,8.37,-
02-Oct-12,10.53,10.53,10.53,10.53,8.37,-
03-Oct-12,10.53,10.53,10.53,10.53,8.37,-
04-Oct-12,10.53,10.53,10.53,10.53,8.37,-
05-Oct-12,10.52,10.52,10.52,10.52,8.36,-
08-Oct-12,10.52,10.52,10.52,10.52,8.36,-
09-Oct-12,10.52,10.52,10.52,10.52,8.36,-
10-Oct-12,10.52,10.52,10.52,10.52,8.36,-
11-Oct-12,10.52,10.52,10.52,10.52,8.36,-
12-Oct-12,10.53,10.53,10.53,10.53,8.37,-
15-Oct-12,10.53,10.53,10.53,10.53,8.37,-
16-Oct-12,10.52,10.52,10.52,10.52,8.36,-
17-Oct-12,10.5,10.5,10.5,10.5,8.34,-
18-Oct-12,10.5,10.5,10.5,10.5,8.34,-
19-Oct-12,10.51,10.51,10.51,10.51,8.35,-
22-Oct-12,10.51,10.51,10.51,10.51,8.35,-
23-Oct-12,10.51,10.51,10.51,10.51,8.35,-
24-Oct-12,10.51,10.51,10.51,10.51,8.35,-
25-Oct-12,10.5,10.5,10.5,10.5,8.34,-
26-Oct-12,10.51,10.51,10.51,10.51,8.35,-
31-Oct-12,10.51,10.51,10.51,10.51,8.35,-
01-Nov-12,10.52,10.52,10.52,10.52,8.36,-
02-Nov-12,10.52,10.52,10.52,10.52,8.36,-
05-Nov-12,10.53,10.53,10.53,10.53,8.37,-
06-Nov-12,10.52,10.52,10.52,10.52,8.36,-
07-Nov-12,10.54,10.54,10.54,10.54,8.38,-
08-Nov-12,10.54,10.54,10.54,10.54,8.38,-
09-Nov-12,10.54,10.54,10.54,10.54,8.38,-
12-Nov-12,10.54,10.54,10.54,10.54,8.38,-
13-Nov-12,10.54,10.54,10.54,10.54,8.38,-
14-Nov-12,10.54,10.54,10.54,10.54,8.38,-
15-Nov-12,10.54,10.54,10.54,10.54,8.38,-
16-Nov-12,10.55,10.55,10.55,10.55,8.38,-
19-Nov-12,10.54,10.54,10.54,10.54,8.38,-
20-Nov-12,10.53,10.53,10.53,10.53,8.37,-
21-Nov-12,10.53,10.53,10.53,10.53,8.37,-
23-Nov-12,10.53,10.53,10.53,10.53,8.37,-
26-Nov-12,10.53,10.53,10.53,10.53,8.37,-
27-Nov-12,10.53,10.53,10.53,10.53,8.37,-
28-Nov-12,10.54,10.54,10.54,10.54,8.38,-
29-Nov-12,10.54,10.54,10.54,10.54,8.38,-
30-Nov-12,10.54,10.54,10.54,10.54,8.38,-
03-Dec-12,10.54,10.54,10.54,10.54,8.38,-
04-Dec-12,10.54,10.54,10.54,10.54,8.38,-
05-Dec-12,10.55,10.55,10.55,10.55,8.38,-
06-Dec-12,10.55,10.55,10.55,10.55,8.38,-
07-Dec-12,10.55,10.55,10.55,10.55,8.38,-
10-Dec-12,10.55,10.55,10.55,10.55,8.38,-
11-Dec-12,10.55,10.55,10.55,10.55,8.38,-
12-Dec-12,10.54,10.54,10.54,10.54,8.38,-
13-Dec-12,10.54,10.54,10.54,10.54,8.38,-
14-Dec-12,10.54,10.54,10.54,10.54,8.38,-
17-Dec-12,10.53,10.53,10.53,10.53,8.37,-
18-Dec-12,10.52,10.52,10.52,10.52,8.36,-
19-Dec-12,10.52,10.52,10.52,10.52,8.36,-
20-Dec-12,10.4,10.4,10.4,10.4,8.36,-
21-Dec-12,10.41,10.41,10.41,10.41,8.37,-
24-Dec-12,10.4,10.4,10.4,10.4,8.36,-
26-Dec-12,10.4,10.4,10.4,10.4,8.36,-
27-Dec-12,10.41,10.41,10.41,10.41,8.37,-
28-Dec-12,10.41,10.41,10.41,10.41,8.37,-
31-Dec-12,10.41,10.41,10.41,10.41,8.37,-
02-Jan-13,10.4,10.4,10.4,10.4,8.36,-
03-Jan-13,10.39,10.39,10.39,10.39,8.35,-
04-Jan-13,10.38,10.38,10.38,10.38,8.34,-
07-Jan-13,10.39,10.39,10.39,10.39,8.35,-
08-Jan-13,10.39,10.39,10.39,10.39,8.35,-
09-Jan-13,10.4,10.4,10.4,10.4,8.36,-
10-Jan-13,10.4,10.4,10.4,10.4,8.36,-
11-Jan-13,10.4,10.4,10.4,10.4,8.36,-
14-Jan-13,10.4,10.4,10.4,10.4,8.36,-
15-Jan-13,10.4,10.4,10.4,10.4,8.36,-
16-Jan-13,10.4,10.4,10.4,10.4,8.36,-
17-Jan-13,10.39,10.39,10.39,10.39,8.35,-
18-Jan-13,10.4,10.4,10.4,10.4,8.36,-
22-Jan-13,10.4,10.4,10.4,10.4,8.36,-
23-Jan-13,10.4,10.4,10.4,10.4,8.36,-
24-Jan-13,10.4,10.4,10.4,10.4,8.36,-
25-Jan-13,10.38,10.38,10.38,10.38,8.34,-
28-Jan-13,10.38,10.38,10.38,10.38,8.34,-
29-Jan-13,10.38,10.38,10.38,10.38,8.34,-
30-Jan-13,10.37,10.37,10.37,10.37,8.34,-
31-Jan-13,10.38,10.38,10.38,10.38,8.34,-
01-Feb-13,10.38,10.38,10.38,10.38,8.34,-
04-Feb-13,10.38,10.38,10.38,10.38,8.34,-
05-Feb-13,10.38,10.38,10.38,10.38,8.34,-
06-Feb-13,10.38,10.38,10.38,10.38,8.34,-
07-Feb-13,10.39,10.39,10.39,10.39,8.35,-
08-Feb-13,10.39,10.39,10.39,10.39,8.35,-
11-Feb-13,10.39,10.39,10.39,10.39,8.35,-
12-Feb-13,10.38,10.38,10.38,10.38,8.34,-
13-Feb-13,10.38,10.38,10.38,10.38,8.34,-
14-Feb-13,10.38,10.38,10.38,10.38,8.34,-
15-Feb-13,10.39,10.39,10.39,10.39,8.35,-
19-Feb-13,10.38,10.38,10.38,10.38,8.34,-
20-Feb-13,10.38,10.38,10.38,10.38,8.34,-
21-Feb-13,10.39,10.39,10.39,10.39,8.35,-
22-Feb-13,10.39,10.39,10.39,10.39,8.35,-
25-Feb-13,10.4,10.4,10.4,10.4,8.36,-
26-Feb-13,10.4,10.4,10.4,10.4,8.36,-
27-Feb-13,10.41,10.41,10.41,10.41,8.37,-
28-Feb-13,10.41,10.41,10.41,10.41,8.37,-
01-Mar-13,10.42,10.42,10.42,10.42,8.38,-
04-Mar-13,10.42,10.42,10.42,10.42,8.38,-
05-Mar-13,10.41,10.41,10.41,10.41,8.37,-
06-Mar-13,10.41,10.41,10.41,10.41,8.37,-
07-Mar-13,10.4,10.4,10.4,10.4,8.36,-
08-Mar-13,10.39,10.39,10.39,10.39,8.35,-
11-Mar-13,10.39,10.39,10.39,10.39,8.35,-
12-Mar-13,10.39,10.39,10.39,10.39,8.35,-
13-Mar-13,10.39,10.39,10.39,10.39,8.35,-
14-Mar-13,10.39,10.39,10.39,10.39,8.35,-
15-Mar-13,10.4,10.4,10.4,10.4,8.36,-
18-Mar-13,10.41,10.41,10.41,10.41,8.37,-
19-Mar-13,10.41,10.41,10.41,10.41,8.37,-
20-Mar-13,10.41,10.41,10.41,10.41,8.37,-
21-Mar-13,10.41,10.41,10.41,10.41,8.37,-
22-Mar-13,10.41,10.41,10.41,10.41,8.37,-
25-Mar-13,10.41,10.41,10.41,10.41,8.37,-
26-Mar-13,10.41,10.41,10.41,10.41,8.37,-
27-Mar-13,10.41,10.41,10.41,10.41,8.37,-
28-Mar-13,10.41,10.41,10.41,10.41,8.37,-
01-Apr-13,10.41,10.41,10.41,10.41,8.37,-
02-Apr-13,10.41,10.41,10.41,10.41,8.37,-
03-Apr-13,10.42,10.42,10.42,10.42,8.38,-
04-Apr-13,10.43,10.43,10.43,10.43,8.38,-
05-Apr-13,10.44,10.44,10.44,10.44,8.39,-
08-Apr-13,10.43,10.43,10.43,10.43,8.38,-
09-Apr-13,10.43,10.43,10.43,10.43,8.38,-
10-Apr-13,10.42,10.42,10.42,10.42,8.38,-
11-Apr-13,10.42,10.42,10.42,10.42,8.38,-
12-Apr-13,10.43,10.43,10.43,10.43,8.38,-
15-Apr-13,10.43,10.43,10.43,10.43,8.38,-
16-Apr-13,10.43,10.43,10.43,10.43,8.38,-
17-Apr-13,10.43,10.43,10.43,10.43,8.38,-
18-Apr-13,10.43,10.43,10.43,10.43,8.38,-
19-Apr-13,10.43,10.43,10.43,10.43,8.38,-
22-Apr-13,10.43,10.43,10.43,10.43,8.38,-
23-Apr-13,10.44,10.44,10.44,10.44,8.39,-
24-Apr-13,10.43,10.43,10.43,10.43,8.38,-
25-Apr-13,10.43,10.43,10.43,10.43,8.38,-
26-Apr-13,10.45,10.45,10.45,10.45,8.4,-
29-Apr-13,10.44,10.44,10.44,10.44,8.39,-
30-Apr-13,10.44,10.44,10.44,10.44,8.39,-
01-May-13,10.44,10.44,10.44,10.44,8.39,-
02-May-13,10.45,10.45,10.45,10.45,8.4,-
03-May-13,10.43,10.43,10.43,10.43,8.38,-
06-May-13,10.43,10.43,10.43,10.43,8.38,-
07-May-13,10.45,10.45,10.45,10.45,8.4,-
08-May-13,10.43,10.43,10.43,10.43,8.38,-
09-May-13,10.43,10.43,10.43,10.43,8.38,-
10-May-13,10.41,10.41,10.41,10.41,8.37,-
13-May-13,10.41,10.41,10.41,10.41,8.37,-
14-May-13,10.4,10.4,10.4,10.4,8.36,-
15-May-13,10.4,10.4,10.4,10.4,8.36,-
16-May-13,10.42,10.42,10.42,10.42,8.38,-
17-May-13,10.4,10.4,10.4,10.4,8.36,-
20-May-13,10.4,10.4,10.4,10.4,8.36,-
21-May-13,10.41,10.41,10.41,10.41,8.37,-
22-May-13,10.39,10.39,10.39,10.39,8.35,-
23-May-13,10.39,10.39,10.39,10.39,8.35,-
24-May-13,10.39,10.39,10.39,10.39,8.35,-
28-May-13,10.37,10.37,10.37,10.37,8.34,-
29-May-13,10.36,10.36,10.36,10.36,8.33,-
30-May-13,10.36,10.36,10.36,10.36,8.33,-
31-May-13,10.36,10.36,10.36,10.36,8.33,-
03-Jun-13,10.36,10.36,10.36,10.36,8.33,-
04-Jun-13,10.35,10.35,10.35,10.35,8.32,-
05-Jun-13,10.36,10.36,10.36,10.36,8.33,-
06-Jun-13,10.36,10.36,10.36,10.36,8.33,-
07-Jun-13,10.34,10.34,10.34,10.34,8.31,-
10-Jun-13,10.33,10.33,10.33,10.33,8.3,-
11-Jun-13,10.33,10.33,10.33,10.33,8.3,-
12-Jun-13,10.32,10.32,10.32,10.32,8.3,-
13-Jun-13,10.33,10.33,10.33,10.33,8.3,-
14-Jun-13,10.34,10.34,10.34,10.34,8.31,-
17-Jun-13,10.34,10.34,10.34,10.34,8.31,-
18-Jun-13,10.33,10.33,10.33,10.33,8.3,-
19-Jun-13,10.31,10.31,10.31,10.31,8.29,-
20-Jun-13,10.28,10.28,10.28,10.28,8.26,-
21-Jun-13,10.25,10.25,10.25,10.25,8.24,-
24-Jun-13,10.25,10.25,10.25,10.25,8.24,-
25-Jun-13,10.24,10.24,10.24,10.24,8.23,-
26-Jun-13,10.25,10.25,10.25,10.25,8.24,-
27-Jun-13,10.26,10.26,10.26,10.26,8.25,-
28-Jun-13,10.26,10.26,10.26,10.26,8.25,-
01-Jul-13,10.27,10.27,10.27,10.27,8.26,-
02-Jul-13,10.27,10.27,10.27,10.27,8.26,-
03-Jul-13,10.27,10.27,10.27,10.27,8.26,-
05-Jul-13,10.24,10.24,10.24,10.24,8.23,-
08-Jul-13,10.25,10.25,10.25,10.25,8.24,-
09-Jul-13,10.26,10.26,10.26,10.26,8.25,-
10-Jul-13,10.25,10.25,10.25,10.25,8.24,-
11-Jul-13,10.27,10.27,10.27,10.27,8.26,-
12-Jul-13,10.27,10.27,10.27,10.27,8.26,-
15-Jul-13,10.28,10.28,10.28,10.28,8.26,-
16-Jul-13,10.28,10.28,10.28,10.28,8.26,-
17-Jul-13,10.29,10.29,10.29,10.29,8.27,-
18-Jul-13,10.29,10.29,10.29,10.29,8.27,-
19-Jul-13,10.3,10.3,10.3,10.3,8.28,-
22-Jul-13,10.3,10.3,10.3,10.3,8.28,-
23-Jul-13,10.29,10.29,10.29,10.29,8.27,-
24-Jul-13,10.28,10.28,10.28,10.28,8.26,-
25-Jul-13,10.28,10.28,10.28,10.28,8.26,-
26-Jul-13,10.29,10.29,10.29,10.29,8.27,-
29-Jul-13,10.28,10.28,10.28,10.28,8.26,-
30-Jul-13,10.28,10.28,10.28,10.28,8.26,-
31-Jul-13,10.29,10.29,10.29,10.29,8.27,-
01-Aug-13,10.27,10.27,10.27,10.27,8.26,-
02-Aug-13,10.29,10.29,10.29,10.29,8.27,-
05-Aug-13,10.28,10.28,10.28,10.28,8.26,-
06-Aug-13,10.28,10.28,10.28,10.28,8.26,-
07-Aug-13,10.29,10.29,10.29,10.29,8.27,-
08-Aug-13,10.29,10.29,10.29,10.29,8.27,-
09-Aug-13,10.29,10.29,10.29,10.29,8.27,-
12-Aug-13,10.29,10.29,10.29,10.29,8.27,-
13-Aug-13,10.27,10.27,10.27,10.27,8.26,-
14-Aug-13,10.27,10.27,10.27,10.27,8.26,-
15-Aug-13,10.25,10.25,10.25,10.25,8.24,-
16-Aug-13,10.25,10.25,10.25,10.25,8.24,-
19-Aug-13,10.23,10.23,10.23,10.23,8.22,-
20-Aug-13,10.25,10.25,10.25,10.25,8.24,-
21-Aug-13,10.23,10.23,10.23,10.23,8.22,-
22-Aug-13,10.22,10.22,10.22,10.22,8.22,-
23-Aug-13,10.24,10.24,10.24,10.24,8.23,-
26-Aug-13,10.24,10.24,10.24,10.24,8.23,-
27-Aug-13,10.25,10.25,10.25,10.25,8.24,-
28-Aug-13,10.24,10.24,10.24,10.24,8.23,-
29-Aug-13,10.25,10.25,10.25,10.25,8.24,-
30-Aug-13,10.24,10.24,10.24,10.24,8.23,-
03-Sep-13,10.23,10.23,10.23,10.23,8.22,-
04-Sep-13,10.22,10.22,10.22,10.22,8.22,-
05-Sep-13,10.19,10.19,10.19,10.19,8.19,-
06-Sep-13,10.21,10.21,10.21,10.21,8.21,-
09-Sep-13,10.22,10.22,10.22,10.22,8.22,-
10-Sep-13,10.21,10.21,10.21,10.21,8.21,-
11-Sep-13,10.22,10.22,10.22,10.22,8.22,-
12-Sep-13,10.23,10.23,10.23,10.23,8.22,-
13-Sep-13,10.23,10.23,10.23,10.23,8.22,-
16-Sep-13,10.24,10.24,10.24,10.24,8.23,-
17-Sep-13,10.24,10.24,10.24,10.24,8.23,-
18-Sep-13,10.27,10.27,10.27,10.27,8.26,-
19-Sep-13,10.27,10.27,10.27,10.27,8.26,-
20-Sep-13,10.27,10.27,10.27,10.27,8.26,-
23-Sep-13,10.28,10.28,10.28,10.28,8.26,-
24-Sep-13,10.29,10.29,10.29,10.29,8.27,-
25-Sep-13,10.29,10.29,10.29,10.29,8.27,-
26-Sep-13,10.29,10.29,10.29,10.29,8.27,-
27-Sep-13,10.29,10.29,10.29,10.29,8.27,-
30-Sep-13,10.29,10.29,10.29,10.29,8.28,-
01-Oct-13,10.28,10.28,10.28,10.28,8.27,-
02-Oct-13,10.29,10.29,10.29,10.29,8.28,-
03-Oct-13,10.29,10.29,10.29,10.29,8.28,-
04-Oct-13,10.29,10.29,10.29,10.29,8.28,-
07-Oct-13,10.29,10.29,10.29,10.29,8.28,-
08-Oct-13,10.28,10.28,10.28,10.28,8.27,-
09-Oct-13,10.28,10.28,10.28,10.28,8.27,-
10-Oct-13,10.28,10.28,10.28,10.28,8.27,-
11-Oct-13,10.28,10.28,10.28,10.28,8.27,-
14-Oct-13,10.28,10.28,10.28,10.28,8.27,-
15-Oct-13,10.28,10.28,10.28,10.28,8.27,-
16-Oct-13,10.28,10.28,10.28,10.28,8.27,-
17-Oct-13,10.3,10.3,10.3,10.3,8.29,-
18-Oct-13,10.3,10.3,10.3,10.3,8.29,-
21-Oct-13,10.3,10.3,10.3,10.3,8.29,-
22-Oct-13,10.31,10.31,10.31,10.31,8.29,-
23-Oct-13,10.32,10.32,10.32,10.32,8.3,-
24-Oct-13,10.31,10.31,10.31,10.31,8.29,-
25-Oct-13,10.32,10.32,10.32,10.32,8.3,-
28-Oct-13,10.32,10.32,10.32,10.32,8.3,-
29-Oct-13,10.32,10.32,10.32,10.32,8.3,-
30-Oct-13,10.32,10.32,10.32,10.32,8.3,-
31-Oct-13,10.31,10.31,10.31,10.31,8.29,-
01-Nov-13,10.31,10.31,10.31,10.31,8.29,-
04-Nov-13,10.31,10.31,10.31,10.31,8.29,-
05-Nov-13,10.3,10.3,10.3,10.3,8.29,-
06-Nov-13,10.31,10.31,10.31,10.31,8.29,-
07-Nov-13,10.31,10.31,10.31,10.31,8.29,-
08-Nov-13,10.29,10.29,10.29,10.29,8.28,-
11-Nov-13,10.29,10.29,10.29,10.29,8.28,-
12-Nov-13,10.29,10.29,10.29,10.29,8.28,-
13-Nov-13,10.3,10.3,10.3,10.3,8.29,-
14-Nov-13,10.31,10.31,10.31,10.31,8.29,-
15-Nov-13,10.31,10.31,10.31,10.31,8.29,-
18-Nov-13,10.32,10.32,10.32,10.32,8.3,-
19-Nov-13,10.31,10.31,10.31,10.31,8.29,-
20-Nov-13,10.31,10.31,10.31,10.31,8.29,-
21-Nov-13,10.31,10.31,10.31,10.31,8.29,-
22-Nov-13,10.31,10.31,10.31,10.31,8.29,-
25-Nov-13,10.31,10.31,10.31,10.31,8.29,-
26-Nov-13,10.32,10.32,10.32,10.32,8.3,-
27-Nov-13,10.31,10.31,10.31,10.31,8.29,-
29-Nov-13,10.31,10.31,10.31,10.31,8.29,-
02-Dec-13,10.3,10.3,10.3,10.3,8.29,-
03-Dec-13,10.31,10.31,10.31,10.31,8.29,-
04-Dec-13,10.3,10.3,10.3,10.3,8.29,-
05-Dec-13,10.29,10.29,10.29,10.29,8.28,-
06-Dec-13,10.29,10.29,10.29,10.29,8.28,-
09-Dec-13,10.29,10.29,10.29,10.29,8.28,-
10-Dec-13,10.3,10.3,10.3,10.3,8.29,-
11-Dec-13,10.29,10.29,10.29,10.29,8.28,-
12-Dec-13,10.28,10.28,10.28,10.28,8.27,-
13-Dec-13,10.28,10.28,10.28,10.28,8.27,-
16-Dec-13,10.29,10.29,10.29,10.29,8.28,-
17-Dec-13,10.29,10.29,10.29,10.29,8.28,-
18-Dec-13,10.29,10.29,10.29,10.29,8.28,-
19-Dec-13,10.28,10.28,10.28,10.28,8.27,-
20-Dec-13,10.27,10.27,10.27,10.27,8.26,-
23-Dec-13,10.26,10.26,10.26,10.26,8.25,-
24-Dec-13,10.25,10.25,10.25,10.25,8.24,-
26-Dec-13,10.25,10.25,10.25,10.25,8.24,-
27-Dec-13,10.25,10.25,10.25,10.25,8.24,-
30-Dec-13,10.21,10.21,10.21,10.21,8.26,-
31-Dec-13,10.21,10.21,10.21,10.21,8.26,-
02-Jan-14,10.21,10.21,10.21,10.21,8.26,-
03-Jan-14,10.21,10.21,10.21,10.21,8.26,-
06-Jan-14,10.21,10.21,10.21,10.21,8.26,-
07-Jan-14,10.22,10.22,10.22,10.22,8.27,-
08-Jan-14,10.2,10.2,10.2,10.2,8.25,-
09-Jan-14,10.21,10.21,10.21,10.21,8.26,-
10-Jan-14,10.21,10.21,10.21,10.21,8.26,-
13-Jan-14,10.23,10.23,10.23,10.23,8.27,-
14-Jan-14,10.24,10.24,10.24,10.24,8.28,-
15-Jan-14,10.23,10.23,10.23,10.23,8.27,-
16-Jan-14,10.23,10.23,10.23,10.23,8.27,-
17-Jan-14,10.24,10.24,10.24,10.24,8.28,-
21-Jan-14,10.23,10.23,10.23,10.23,8.27,-
22-Jan-14,10.22,10.22,10.22,10.22,8.27,-
23-Jan-14,10.24,10.24,10.24,10.24,8.28,-
24-Jan-14,10.25,10.25,10.25,10.25,8.29,-
27-Jan-14,10.24,10.24,10.24,10.24,8.28,-
28-Jan-14,10.25,10.25,10.25,10.25,8.29,-
29-Jan-14,10.26,10.26,10.26,10.26,8.3,-
30-Jan-14,10.26,10.26,10.26,10.26,8.3,-
31-Jan-14,10.26,10.26,10.26,10.26,8.3,-
03-Feb-14,10.27,10.27,10.27,10.27,8.31,-
04-Feb-14,10.27,10.27,10.27,10.27,8.31,-
05-Feb-14,10.26,10.26,10.26,10.26,8.3,-
06-Feb-14,10.26,10.26,10.26,10.26,8.3,-
07-Feb-14,10.27,10.27,10.27,10.27,8.31,-
10-Feb-14,10.27,10.27,10.27,10.27,8.31,-
11-Feb-14,10.26,10.26,10.26,10.26,8.3,-
12-Feb-14,10.25,10.25,10.25,10.25,8.29,-
13-Feb-14,10.26,10.26,10.26,10.26,8.3,-
14-Feb-14,10.26,10.26,10.26,10.26,8.3,-
18-Feb-14,10.27,10.27,10.27,10.27,8.31,-
19-Feb-14,10.26,10.26,10.26,10.26,8.3,-
20-Feb-14,10.26,10.26,10.26,10.26,8.3,-
21-Feb-14,10.26,10.26,10.26,10.26,8.3,-
24-Feb-14,10.26,10.26,10.26,10.26,8.3,-
25-Feb-14,10.27,10.27,10.27,10.27,8.31,-
26-Feb-14,10.27,10.27,10.27,10.27,8.31,-
27-Feb-14,10.27,10.27,10.27,10.27,8.31,-
28-Feb-14,10.27,10.27,10.27,10.27,8.31,-
03-Mar-14,10.28,10.28,10.28,10.28,8.31,-
04-Mar-14,10.27,10.27,10.27,10.27,8.31,-
05-Mar-14,10.27,10.27,10.27,10.27,8.31,-
06-Mar-14,10.26,10.26,10.26,10.26,8.3,-
07-Mar-14,10.25,10.25,10.25,10.25,8.29,-
10-Mar-14,10.25,10.25,10.25,10.25,8.29,-
11-Mar-14,10.26,10.26,10.26,10.26,8.3,-
12-Mar-14,10.26,10.26,10.26,10.26,8.3,-
13-Mar-14,10.27,10.27,10.27,10.27,8.31,-
14-Mar-14,10.27,10.27,10.27,10.27,8.31,-
17-Mar-14,10.26,10.26,10.26,10.26,8.3,-
18-Mar-14,10.27,10.27,10.27,10.27,8.31,-
19-Mar-14,10.24,10.24,10.24,10.24,8.28,-
20-Mar-14,10.23,10.23,10.23,10.23,8.27,-
21-Mar-14,10.24,10.24,10.24,10.24,8.28,-
24-Mar-14,10.24,10.24,10.24,10.24,8.28,-
25-Mar-14,10.24,10.24,10.24,10.24,8.28,-
26-Mar-14,10.25,10.25,10.25,10.25,8.29,-
27-Mar-14,10.25,10.25,10.25,10.25,8.29,-
28-Mar-14,10.24,10.24,10.24,10.24,8.28,-
31-Mar-14,10.24,10.24,10.24,10.24,8.29,-
01-Apr-14,10.24,10.24,10.24,10.24,8.29,-
02-Apr-14,10.23,10.23,10.23,10.23,8.28,-
03-Apr-14,10.23,10.23,10.23,10.23,8.28,-
04-Apr-14,10.25,10.25,10.25,10.25,8.29,-
07-Apr-14,10.25,10.25,10.25,10.25,8.29,-
08-Apr-14,10.26,10.26,10.26,10.26,8.3,-
09-Apr-14,10.26,10.26,10.26,10.26,8.3,-
10-Apr-14,10.27,10.27,10.27,10.27,8.31,-
11-Apr-14,10.28,10.28,10.28,10.28,8.32,-
14-Apr-14,10.27,10.27,10.27,10.27,8.31,-
15-Apr-14,10.27,10.27,10.27,10.27,8.31,-
16-Apr-14,10.26,10.26,10.26,10.26,8.3,-
17-Apr-14,10.25,10.25,10.25,10.25,8.29,-
21-Apr-14,10.25,10.25,10.25,10.25,8.29,-
22-Apr-14,10.25,10.25,10.25,10.25,8.29,-
23-Apr-14,10.26,10.26,10.26,10.26,8.3,-
24-Apr-14,10.26,10.26,10.26,10.26,8.3,-
25-Apr-14,10.26,10.26,10.26,10.26,8.3,-
28-Apr-14,10.25,10.25,10.25,10.25,8.29,-
29-Apr-14,10.26,10.26,10.26,10.26,8.3,-
30-Apr-14,10.27,10.27,10.27,10.27,8.31,-
01-May-14,10.27,10.27,10.27,10.27,8.31,-
02-May-14,10.27,10.27,10.27,10.27,8.31,-
05-May-14,10.27,10.27,10.27,10.27,8.31,-
06-May-14,10.27,10.27,10.27,10.27,8.31,-
07-May-14,10.28,10.28,10.28,10.28,8.32,-
08-May-14,10.28,10.28,10.28,10.28,8.32,-
09-May-14,10.29,10.29,10.29,10.29,8.33,-
12-May-14,10.28,10.28,10.28,10.28,8.32,-
13-May-14,10.29,10.29,10.29,10.29,8.33,-
14-May-14,10.3,10.3,10.3,10.3,8.33,-
15-May-14,10.31,10.31,10.31,10.31,8.34,-
16-May-14,10.3,10.3,10.3,10.3,8.33,-
19-May-14,10.3,10.3,10.3,10.3,8.33,-
20-May-14,10.31,10.31,10.31,10.31,8.34,-
21-May-14,10.3,10.3,10.3,10.3,8.33,-
22-May-14,10.3,10.3,10.3,10.3,8.33,-
23-May-14,10.31,10.31,10.31,10.31,8.34,-
27-May-14,10.31,10.31,10.31,10.31,8.34,-
28-May-14,10.32,10.32,10.32,10.32,8.35,-
29-May-14,10.32,10.32,10.32,10.32,8.35,-
30-May-14,10.31,10.31,10.31,10.31,8.34,-
02-Jun-14,10.3,10.3,10.3,10.3,8.33,-
03-Jun-14,10.29,10.29,10.29,10.29,8.33,-
04-Jun-14,10.29,10.29,10.29,10.29,8.33,-
05-Jun-14,10.29,10.29,10.29,10.29,8.33,-
06-Jun-14,10.29,10.29,10.29,10.29,8.33,-
09-Jun-14,10.28,10.28,10.28,10.28,8.32,-
10-Jun-14,10.28,10.28,10.28,10.28,8.32,-
11-Jun-14,10.28,10.28,10.28,10.28,8.32,-
12-Jun-14,10.29,10.29,10.29,10.29,8.33,-
13-Jun-14,10.28,10.28,10.28,10.28,8.32,-
16-Jun-14,10.28,10.28,10.28,10.28,8.32,-
17-Jun-14,10.27,10.27,10.27,10.27,8.31,-
18-Jun-14,10.28,10.28,10.28,10.28,8.32,-
19-Jun-14,10.28,10.28,10.28,10.28,8.32,-
20-Jun-14,10.28,10.28,10.28,10.28,8.32,-
23-Jun-14,10.28,10.28,10.28,10.28,8.32,-
24-Jun-14,10.29,10.29,10.29,10.29,8.33,-
25-Jun-14,10.29,10.29,10.29,10.29,8.33,-
26-Jun-14,10.3,10.3,10.3,10.3,8.33,-
27-Jun-14,10.3,10.3,10.3,10.3,8.33,-
30-Jun-14,10.3,10.3,10.3,10.3,8.33,-
01-Jul-14,10.29,10.29,10.29,10.29,8.33,-
02-Jul-14,10.28,10.28,10.28,10.28,8.32,-
03-Jul-14,10.28,10.28,10.28,10.28,8.32,-
07-Jul-14,10.28,10.28,10.28,10.28,8.32,-
08-Jul-14,10.29,10.29,10.29,10.29,8.33,-
09-Jul-14,10.29,10.29,10.29,10.29,8.33,-
10-Jul-14,10.3,10.3,10.3,10.3,8.33,-
11-Jul-14,10.3,10.3,10.3,10.3,8.33,-
14-Jul-14,10.3,10.3,10.3,10.3,8.33,-
15-Jul-14,10.29,10.29,10.29,10.29,8.33,-
16-Jul-14,10.29,10.29,10.29,10.29,8.33,-
17-Jul-14,10.3,10.3,10.3,10.3,8.33,-
18-Jul-14,10.3,10.3,10.3,10.3,8.33,-
21-Jul-14,10.3,10.3,10.3,10.3,8.33,-
22-Jul-14,10.3,10.3,10.3,10.3,8.33,-
23-Jul-14,10.3,10.3,10.3,10.3,8.33,-
24-Jul-14,10.29,10.29,10.29,10.29,8.33,-
25-Jul-14,10.3,10.3,10.3,10.3,8.33,-
28-Jul-14,10.29,10.29,10.29,10.29,8.33,-
29-Jul-14,10.3,10.3,10.3,10.3,8.33,-
30-Jul-14,10.28,10.28,10.28,10.28,8.32,-
31-Jul-14,10.28,10.28,10.28,10.28,8.32,-
01-Aug-14,10.3,10.3,10.3,10.3,8.33,-
04-Aug-14,10.3,10.3,10.3,10.3,8.33,-
05-Aug-14,10.3,10.3,10.3,10.3,8.33,-
06-Aug-14,10.3,10.3,10.3,10.3,8.33,-
07-Aug-14,10.32,10.32,10.32,10.32,8.35,-
08-Aug-14,10.31,10.31,10.31,10.31,8.34,-
11-Aug-14,10.31,10.31,10.31,10.31,8.34,-
12-Aug-14,10.31,10.31,10.31,10.31,8.34,-
13-Aug-14,10.32,10.32,10.32,10.32,8.35,-
14-Aug-14,10.32,10.32,10.32,10.32,8.35,-
15-Aug-14,10.33,10.33,10.33,10.33,8.36,-
18-Aug-14,10.32,10.32,10.32,10.32,8.35,-
19-Aug-14,10.32,10.32,10.32,10.32,8.35,-
20-Aug-14,10.3,10.3,10.3,10.3,8.33,-
21-Aug-14,10.31,10.31,10.31,10.31,8.34,-
22-Aug-14,10.3,10.3,10.3,10.3,8.33,-
25-Aug-14,10.3,10.3,10.3,10.3,8.33,-
26-Aug-14,10.3,10.3,10.3,10.3,8.33,-
27-Aug-14,10.31,10.31,10.31,10.31,8.34,-
28-Aug-14,10.31,10.31,10.31,10.31,8.34,-
29-Aug-14,10.31,10.31,10.31,10.31,8.34,-
02-Sep-14,10.3,10.3,10.3,10.3,8.33,-
03-Sep-14,10.3,10.3,10.3,10.3,8.33,-
04-Sep-14,10.3,10.3,10.3,10.3,8.33,-
05-Sep-14,10.3,10.3,10.3,10.3,8.33,-
08-Sep-14,10.3,10.3,10.3,10.3,8.33,-
09-Sep-14,10.29,10.29,10.29,10.29,8.33,-
10-Sep-14,10.28,10.28,10.28,10.28,8.32,-
11-Sep-14,10.28,10.28,10.28,10.28,8.32,-
12-Sep-14,10.27,10.27,10.27,10.27,8.31,-
15-Sep-14,10.27,10.27,10.27,10.27,8.31,-
16-Sep-14,10.28,10.28,10.28,10.28,8.32,-
17-Sep-14,10.26,10.26,10.26,10.26,8.3,-
18-Sep-14,10.26,10.26,10.26,10.26,8.3,-
19-Sep-14,10.27,10.27,10.27,10.27,8.31,-
22-Sep-14,10.27,10.27,10.27,10.27,8.31,-
23-Sep-14,10.28,10.28,10.28,10.28,8.32,-
24-Sep-14,10.27,10.27,10.27,10.27,8.31,-
25-Sep-14,10.28,10.28,10.28,10.28,8.32,-
26-Sep-14,10.27,10.27,10.27,10.27,8.31,-
29-Sep-14,10.28,10.28,10.28,10.28,8.32,-
30-Sep-14,10.27,10.27,10.27,10.27,8.32,-
01-Oct-14,10.29,10.29,10.29,10.29,8.33,-
02-Oct-14,10.28,10.28,10.28,10.28,8.32,-
03-Oct-14,10.28,10.28,10.28,10.28,8.32,-
06-Oct-14,10.28,10.28,10.28,10.28,8.32,-
07-Oct-14,10.3,10.3,10.3,10.3,8.34,-
08-Oct-14,10.32,10.32,10.32,10.32,8.36,-
09-Oct-14,10.31,10.31,10.31,10.31,8.35,-
10-Oct-14,10.32,10.32,10.32,10.32,8.36,-
13-Oct-14,10.34,10.34,10.34,10.34,8.37,-
14-Oct-14,10.34,10.34,10.34,10.34,8.37,-
15-Oct-14,10.36,10.36,10.36,10.36,8.39,-
16-Oct-14,10.35,10.35,10.35,10.35,8.38,-
17-Oct-14,10.34,10.34,10.34,10.34,8.37,-
20-Oct-14,10.34,10.34,10.34,10.34,8.37,-
21-Oct-14,10.34,10.34,10.34,10.34,8.37,-
22-Oct-14,10.34,10.34,10.34,10.34,8.37,-
23-Oct-14,10.32,10.32,10.32,10.32,8.36,-
24-Oct-14,10.33,10.33,10.33,10.33,8.36,-
27-Oct-14,10.33,10.33,10.33,10.33,8.36,-
28-Oct-14,10.32,10.32,10.32,10.32,8.36,-
29-Oct-14,10.31,10.31,10.31,10.31,8.35,-
30-Oct-14,10.31,10.31,10.31,10.31,8.35,-
31-Oct-14,10.3,10.3,10.3,10.3,8.34,-
03-Nov-14,10.3,10.3,10.3,10.3,8.34,-
04-Nov-14,10.3,10.3,10.3,10.3,8.34,-
05-Nov-14,10.3,10.3,10.3,10.3,8.34,-
06-Nov-14,10.29,10.29,10.29,10.29,8.33,-
07-Nov-14,10.31,10.31,10.31,10.31,8.35,-
10-Nov-14,10.3,10.3,10.3,10.3,8.34,-
11-Nov-14,10.3,10.3,10.3,10.3,8.34,-
12-Nov-14,10.3,10.3,10.3,10.3,8.34,-
13-Nov-14,10.3,10.3,10.3,10.3,8.34,-
14-Nov-14,10.31,10.31,10.31,10.31,8.35,-
17-Nov-14,10.3,10.3,10.3,10.3,8.34,-
18-Nov-14,10.31,10.31,10.31,10.31,8.35,-
19-Nov-14,10.3,10.3,10.3,10.3,8.34,-
20-Nov-14,10.3,10.3,10.3,10.3,8.34,-
21-Nov-14,10.31,10.31,10.31,10.31,8.35,-
24-Nov-14,10.31,10.31,10.31,10.31,8.35,-
25-Nov-14,10.32,10.32,10.32,10.32,8.36,-
26-Nov-14,10.32,10.32,10.32,10.32,8.36,-
28-Nov-14,10.34,10.34,10.34,10.34,8.37,-
01-Dec-14,10.33,10.33,10.33,10.33,8.36,-
02-Dec-14,10.31,10.31,10.31,10.31,8.35,-
03-Dec-14,10.31,10.31,10.31,10.31,8.35,-
04-Dec-14,10.31,10.31,10.31,10.31,8.35,-
05-Dec-14,10.29,10.29,10.29,10.29,8.33,-
08-Dec-14,10.3,10.3,10.3,10.3,8.34,-
09-Dec-14,10.31,10.31,10.31,10.31,8.35,-
10-Dec-14,10.32,10.32,10.32,10.32,8.36,-
11-Dec-14,10.31,10.31,10.31,10.31,8.35,-
12-Dec-14,10.33,10.33,10.33,10.33,8.36,-
15-Dec-14,10.32,10.32,10.32,10.32,8.36,-
16-Dec-14,10.33,10.33,10.33,10.33,8.36,-
17-Dec-14,10.31,10.31,10.31,10.31,8.35,-
18-Dec-14,10.3,10.3,10.3,10.3,8.34,-
19-Dec-14,10.3,10.3,10.3,10.3,8.34,-
22-Dec-14,10.3,10.3,10.3,10.3,8.34,-
23-Dec-14,10.28,10.28,10.28,10.28,8.32,-
24-Dec-14,10.28,10.28,10.28,10.28,8.32,-
26-Dec-14,10.28,10.28,10.28,10.28,8.32,-
29-Dec-14,10.29,10.29,10.29,10.29,8.33,-
30-Dec-14,10.21,10.21,10.21,10.21,8.34,-
31-Dec-14,10.21,10.21,10.21,10.21,8.34,-
02-Jan-15,10.22,10.22,10.22,10.22,8.35,-
05-Jan-15,10.23,10.23,10.23,10.23,8.36,-
06-Jan-15,10.25,10.25,10.25,10.25,8.37,-
07-Jan-15,10.25,10.25,10.25,10.25,8.37,-
08-Jan-15,10.24,10.24,10.24,10.24,8.37,-
09-Jan-15,10.26,10.26,10.26,10.26,8.38,-
12-Jan-15,10.26,10.26,10.26,10.26,8.38,-
13-Jan-15,10.27,10.27,10.27,10.27,8.39,-
14-Jan-15,10.28,10.28,10.28,10.28,8.4,-
15-Jan-15,10.31,10.31,10.31,10.31,8.42,-
16-Jan-15,10.29,10.29,10.29,10.29,8.41,-
20-Jan-15,10.29,10.29,10.29,10.29,8.41,-
21-Jan-15,10.28,10.28,10.28,10.28,8.4,-
22-Jan-15,10.28,10.28,10.28,10.28,8.4,-
23-Jan-15,10.29,10.29,10.29,10.29,8.41,-
26-Jan-15,10.28,10.28,10.28,10.28,8.4,-
27-Jan-15,10.29,10.29,10.29,10.29,8.41,-
28-Jan-15,10.3,10.3,10.3,10.3,8.41,-
29-Jan-15,10.3,10.3,10.3,10.3,8.41,-
30-Jan-15,10.32,10.32,10.32,10.32,8.43,-
02-Feb-15,10.32,10.32,10.32,10.32,8.43,-
03-Feb-15,10.3,10.3,10.3,10.3,8.41,-
04-Feb-15,10.3,10.3,10.3,10.3,8.41,-
05-Feb-15,10.29,10.29,10.29,10.29,8.41,-
06-Feb-15,10.26,10.26,10.26,10.26,8.38,-
09-Feb-15,10.25,10.25,10.25,10.25,8.37,-
10-Feb-15,10.25,10.25,10.25,10.25,8.37,-
11-Feb-15,10.25,10.25,10.25,10.25,8.37,-
12-Feb-15,10.25,10.25,10.25,10.25,8.37,-
13-Feb-15,10.24,10.24,10.24,10.24,8.37,-
17-Feb-15,10.23,10.23,10.23,10.23,8.36,-
18-Feb-15,10.24,10.24,10.24,10.24,8.37,-
19-Feb-15,10.24,10.24,10.24,10.24,8.37,-
20-Feb-15,10.24,10.24,10.24,10.24,8.37,-
23-Feb-15,10.25,10.25,10.25,10.25,8.37,-
24-Feb-15,10.27,10.27,10.27,10.27,8.39,-
25-Feb-15,10.27,10.27,10.27,10.27,8.39,-
26-Feb-15,10.25,10.25,10.25,10.25,8.37,-
27-Feb-15,10.27,10.27,10.27,10.27,8.39,-
02-Mar-15,10.25,10.25,10.25,10.25,8.37,-
03-Mar-15,10.24,10.24,10.24,10.24,8.37,-
04-Mar-15,10.24,10.24,10.24,10.24,8.37,-
05-Mar-15,10.25,10.25,10.25,10.25,8.37,-
06-Mar-15,10.22,10.22,10.22,10.22,8.35,-
09-Mar-15,10.23,10.23,10.23,10.23,8.36,-
10-Mar-15,10.23,10.23,10.23,10.23,8.36,-
11-Mar-15,10.24,10.24,10.24,10.24,8.37,-
12-Mar-15,10.24,10.24,10.24,10.24,8.37,-
13-Mar-15,10.24,10.24,10.24,10.24,8.37,-
16-Mar-15,10.24,10.24,10.24,10.24,8.37,-
17-Mar-15,10.24,10.24,10.24,10.24,8.37,-
18-Mar-15,10.28,10.28,10.28,10.28,8.4,-
19-Mar-15,10.27,10.27,10.27,10.27,8.39,-
20-Mar-15,10.28,10.28,10.28,10.28,8.4,-
23-Mar-15,10.29,10.29,10.29,10.29,8.41,-
24-Mar-15,10.29,10.29,10.29,10.29,8.41,-
25-Mar-15,10.28,10.28,10.28,10.28,8.4,-
26-Mar-15,10.27,10.27,10.27,10.27,8.39,-
27-Mar-15,10.28,10.28,10.28,10.28,8.4,-
30-Mar-15,10.28,10.28,10.28,10.28,8.4,-
31-Mar-15,10.29,10.29,10.29,10.29,8.41,-
01-Apr-15,10.3,10.3,10.3,10.3,8.41,-
02-Apr-15,10.3,10.3,10.3,10.3,8.41,-
06-Apr-15,10.31,10.31,10.31,10.31,8.42,-
07-Apr-15,10.31,10.31,10.31,10.31,8.42,-
08-Apr-15,10.31,10.31,10.31,10.31,8.42,-
09-Apr-15,10.29,10.29,10.29,10.29,8.41,-
10-Apr-15,10.29,10.29,10.29,10.29,8.41,-
13-Apr-15,10.3,10.3,10.3,10.3,8.41,-
14-Apr-15,10.3,10.3,10.3,10.3,8.41,-
15-Apr-15,10.31,10.31,10.31,10.31,8.42,-
16-Apr-15,10.32,10.32,10.32,10.32,8.43,-
17-Apr-15,10.32,10.32,10.32,10.32,8.43,-
20-Apr-15,10.31,10.31,10.31,10.31,8.42,-
21-Apr-15,10.31,10.31,10.31,10.31,8.42,-
22-Apr-15,10.29,10.29,10.29,10.29,8.41,-
23-Apr-15,10.3,10.3,10.3,10.3,8.41,-
24-Apr-15,10.32,10.32,10.32,10.32,8.43,-
27-Apr-15,10.31,10.31,10.31,10.31,8.42,-
28-Apr-15,10.3,10.3,10.3,10.3,8.41,-
29-Apr-15,10.29,10.29,10.29,10.29,8.41,-
30-Apr-15,10.29,10.29,10.29,10.29,8.41,-
01-May-15,10.28,10.28,10.28,10.28,8.4,-
04-May-15,10.27,10.27,10.27,10.27,8.39,-
05-May-15,10.27,10.27,10.27,10.27,8.39,-
06-May-15,10.25,10.25,10.25,10.25,8.37,-
07-May-15,10.26,10.26,10.26,10.26,8.38,-
08-May-15,10.28,10.28,10.28,10.28,8.4,-
11-May-15,10.25,10.25,10.25,10.25,8.37,-
12-May-15,10.26,10.26,10.26,10.26,8.38,-
13-May-15,10.26,10.26,10.26,10.26,8.38,-
14-May-15,10.27,10.27,10.27,10.27,8.39,-
15-May-15,10.28,10.28,10.28,10.28,8.4,-
18-May-15,10.27,10.27,10.27,10.27,8.39,-
19-May-15,10.25,10.25,10.25,10.25,8.37,-
20-May-15,10.26,10.26,10.26,10.26,8.38,-
21-May-15,10.27,10.27,10.27,10.27,8.39,-
22-May-15,10.26,10.26,10.26,10.26,8.38,-
26-May-15,10.27,10.27,10.27,10.27,8.39,-
27-May-15,10.27,10.27,10.27,10.27,8.39,-
28-May-15,10.27,10.27,10.27,10.27,8.39,-
29-May-15,10.28,10.28,10.28,10.28,8.4,-
01-Jun-15,10.26,10.26,10.26,10.26,8.38,-
02-Jun-15,10.25,10.25,10.25,10.25,8.37,-
03-Jun-15,10.23,10.23,10.23,10.23,8.36,-
04-Jun-15,10.24,10.24,10.24,10.24,8.37,-
05-Jun-15,10.23,10.23,10.23,10.23,8.36,-
08-Jun-15,10.23,10.23,10.23,10.23,8.36,-
09-Jun-15,10.22,10.22,10.22,10.22,8.35,-
10-Jun-15,10.21,10.21,10.21,10.21,8.34,-
11-Jun-15,10.23,10.23,10.23,10.23,8.36,-
12-Jun-15,10.22,10.22,10.22,10.22,8.35,-
15-Jun-15,10.23,10.23,10.23,10.23,8.36,-
16-Jun-15,10.24,10.24,10.24,10.24,8.37,-
17-Jun-15,10.25,10.25,10.25,10.25,8.37,-
18-Jun-15,10.25,10.25,10.25,10.25,8.37,-
19-Jun-15,10.26,10.26,10.26,10.26,8.38,-
22-Jun-15,10.24,10.24,10.24,10.24,8.37,-
23-Jun-15,10.24,10.24,10.24,10.24,8.37,-
24-Jun-15,10.24,10.24,10.24,10.24,8.37,-
25-Jun-15,10.24,10.24,10.24,10.24,8.37,-
26-Jun-15,10.23,10.23,10.23,10.23,8.36,-
29-Jun-15,10.25,10.25,10.25,10.25,8.37,-
30-Jun-15,10.25,10.25,10.25,10.25,8.37,-
01-Jul-15,10.23,10.23,10.23,10.23,8.36,-
02-Jul-15,10.25,10.25,10.25,10.25,8.37,-
06-Jul-15,10.26,10.26,10.26,10.26,8.38,-
07-Jul-15,10.28,10.28,10.28,10.28,8.4,-
08-Jul-15,10.28,10.28,10.28,10.28,8.4,-
09-Jul-15,10.27,10.27,10.27,10.27,8.39,-
10-Jul-15,10.25,10.25,10.25,10.25,8.37,-
13-Jul-15,10.23,10.23,10.23,10.23,8.36,-
14-Jul-15,10.24,10.24,10.24,10.24,8.37,-
15-Jul-15,10.25,10.25,10.25,10.25,8.37,-
16-Jul-15,10.25,10.25,10.25,10.25,8.37,-
17-Jul-15,10.25,10.25,10.25,10.25,8.37,-
20-Jul-15,10.24,10.24,10.24,10.24,8.37,-
21-Jul-15,10.25,10.25,10.25,10.25,8.37,-
22-Jul-15,10.24,10.24,10.24,10.24,8.37,-
23-Jul-15,10.25,10.25,10.25,10.25,8.37,-
24-Jul-15,10.26,10.26,10.26,10.26,8.38,-
27-Jul-15,10.26,10.26,10.26,10.26,8.38,-
28-Jul-15,10.26,10.26,10.26,10.26,8.38,-
29-Jul-15,10.25,10.25,10.25,10.25,8.37,-
30-Jul-15,10.25,10.25,10.25,10.25,8.37,-
31-Jul-15,10.27,10.27,10.27,10.27,8.39,-
03-Aug-15,10.27,10.27,10.27,10.27,8.39,-
04-Aug-15,10.25,10.25,10.25,10.25,8.37,-
05-Aug-15,10.24,10.24,10.24,10.24,8.37,-
06-Aug-15,10.25,10.25,10.25,10.25,8.37,-
07-Aug-15,10.25,10.25,10.25,10.25,8.37,-
10-Aug-15,10.25,10.25,10.25,10.25,8.37,-
11-Aug-15,10.27,10.27,10.27,10.27,8.39,-
12-Aug-15,10.27,10.27,10.27,10.27,8.39,-
13-Aug-15,10.26,10.26,10.26,10.26,8.38,-
14-Aug-15,10.25,10.25,10.25,10.25,8.37,-
17-Aug-15,10.26,10.26,10.26,10.26,8.38,-
18-Aug-15,10.25,10.25,10.25,10.25,8.37,-
19-Aug-15,10.27,10.27,10.27,10.27,8.39,-
20-Aug-15,10.28,10.28,10.28,10.28,8.4,-
21-Aug-15,10.29,10.29,10.29,10.29,8.41,-
24-Aug-15,10.29,10.29,10.29,10.29,8.41,-
25-Aug-15,10.28,10.28,10.28,10.28,8.4,-
26-Aug-15,10.27,10.27,10.27,10.27,8.39,-
27-Aug-15,10.26,10.26,10.26,10.26,8.38,-
28-Aug-15,10.26,10.26,10.26,10.26,8.38,-
31-Aug-15,10.25,10.25,10.25,10.25,8.37,-
01-Sep-15,10.26,10.26,10.26,10.26,8.38,-
02-Sep-15,10.26,10.26,10.26,10.26,8.38,-
03-Sep-15,10.27,10.27,10.27,10.27,8.39,-
04-Sep-15,10.27,10.27,10.27,10.27,8.39,-
08-Sep-15,10.26,10.26,10.26,10.26,8.38,-
09-Sep-15,10.26,10.26,10.26,10.26,8.38,-
10-Sep-15,10.26,10.26,10.26,10.26,8.38,-
11-Sep-15,10.26,10.26,10.26,10.26,8.38,-
14-Sep-15,10.26,10.26,10.26,10.26,8.38,-
15-Sep-15,10.24,10.24,10.24,10.24,8.37,-
16-Sep-15,10.24,10.24,10.24,10.24,8.37,-
17-Sep-15,10.27,10.27,10.27,10.27,8.39,-
18-Sep-15,10.29,10.29,10.29,10.29,8.41,-
21-Sep-15,10.27,10.27,10.27,10.27,8.39,-
22-Sep-15,10.28,10.28,10.28,10.28,8.4,-
23-Sep-15,10.28,10.28,10.28,10.28,8.4,-
24-Sep-15,10.28,10.28,10.28,10.28,8.4,-
25-Sep-15,10.28,10.28,10.28,10.28,8.4,-
28-Sep-15,10.29,10.29,10.29,10.29,8.41,-
29-Sep-15,10.3,10.3,10.3,10.3,8.41,-
30-Sep-15,10.3,10.3,10.3,10.3,8.41,-
01-Oct-15,10.3,10.3,10.3,10.3,8.41,-
02-Oct-15,10.32,10.32,10.32,10.32,8.43,-
05-Oct-15,10.31,10.31,10.31,10.31,8.42,-
06-Oct-15,10.31,10.31,10.31,10.31,8.42,-
07-Oct-15,10.3,10.3,10.3,10.3,8.41,-
08-Oct-15,10.3,10.3,10.3,10.3,8.41,-
09-Oct-15,10.3,10.3,10.3,10.3,8.41,-
12-Oct-15,10.3,10.3,10.3,10.3,8.41,-
13-Oct-15,10.31,10.31,10.31,10.31,8.42,-
14-Oct-15,10.33,10.33,10.33,10.33,8.44,-
15-Oct-15,10.32,10.32,10.32,10.32,8.43,-
16-Oct-15,10.31,10.31,10.31,10.31,8.42,-
19-Oct-15,10.31,10.31,10.31,10.31,8.42,-
20-Oct-15,10.3,10.3,10.3,10.3,8.41,-
21-Oct-15,10.31,10.31,10.31,10.31,8.42,-
22-Oct-15,10.32,10.32,10.32,10.32,8.43,-
23-Oct-15,10.3,10.3,10.3,10.3,8.41,-
26-Oct-15,10.31,10.31,10.31,10.31,8.42,-
27-Oct-15,10.31,10.31,10.31,10.31,8.42,-
28-Oct-15,10.29,10.29,10.29,10.29,8.41,-
29-Oct-15,10.28,10.28,10.28,10.28,8.4,-
30-Oct-15,10.28,10.28,10.28,10.28,8.4,-
02-Nov-15,10.28,10.28,10.28,10.28,8.4,-
03-Nov-15,10.27,10.27,10.27,10.27,8.39,-
04-Nov-15,10.26,10.26,10.26,10.26,8.38,-
05-Nov-15,10.26,10.26,10.26,10.26,8.38,-
06-Nov-15,10.24,10.24,10.24,10.24,8.37,-
09-Nov-15,10.24,10.24,10.24,10.24,8.37,-
10-Nov-15,10.24,10.24,10.24,10.24,8.37,-
11-Nov-15,10.24,10.24,10.24,10.24,8.37,-
12-Nov-15,10.24,10.24,10.24,10.24,8.37,-
13-Nov-15,10.25,10.25,10.25,10.25,8.37,-
16-Nov-15,10.25,10.25,10.25,10.25,8.37,-
17-Nov-15,10.26,10.26,10.26,10.26,8.38,-
18-Nov-15,10.25,10.25,10.25,10.25,8.37,-
19-Nov-15,10.25,10.25,10.25,10.25,8.37,-
20-Nov-15,10.25,10.25,10.25,10.25,8.37,-
23-Nov-15,10.25,10.25,10.25,10.25,8.37,-
24-Nov-15,10.26,10.26,10.26,10.26,8.38,-
25-Nov-15,10.26,10.26,10.26,10.26,8.38,-
27-Nov-15,10.26,10.26,10.26,10.26,8.38,-
30-Nov-15,10.26,10.26,10.26,10.26,8.38,-
01-Dec-15,10.27,10.27,10.27,10.27,8.39,-
02-Dec-15,10.26,10.26,10.26,10.26,8.38,-
03-Dec-15,10.24,10.24,10.24,10.24,8.37,-
04-Dec-15,10.25,10.25,10.25,10.25,8.37,-
07-Dec-15,10.25,10.25,10.25,10.25,8.37,-
08-Dec-15,10.25,10.25,10.25,10.25,8.37,-
09-Dec-15,10.26,10.26,10.26,10.26,8.38,-
10-Dec-15,10.25,10.25,10.25,10.25,8.37,-
11-Dec-15,10.27,10.27,10.27,10.27,8.39,-
14-Dec-15,10.25,10.25,10.25,10.25,8.37,-
15-Dec-15,10.24,10.24,10.24,10.24,8.37,-
16-Dec-15,10.23,10.23,10.23,10.23,8.36,-
17-Dec-15,10.23,10.23,10.23,10.23,8.36,-
18-Dec-15,10.25,10.25,10.25,10.25,8.37,-
21-Dec-15,10.25,10.25,10.25,10.25,8.37,-
22-Dec-15,10.24,10.24,10.24,10.24,8.37,-
23-Dec-15,10.23,10.23,10.23,10.23,8.36,-
24-Dec-15,10.24,10.24,10.24,10.24,8.37,-
28-Dec-15,10.24,10.24,10.24,10.24,8.37,-
29-Dec-15,10.22,10.22,10.22,10.22,8.35,-
30-Dec-15,10.21,10.21,10.21,10.21,8.35,-
31-Dec-15,10.19,10.19,10.19,10.19,8.36,-
04-Jan-16,10.2,10.2,10.2,10.2,8.37,-
05-Jan-16,10.2,10.2,10.2,10.2,8.37,-
06-Jan-16,10.22,10.22,10.22,10.22,8.38,-
07-Jan-16,10.22,10.22,10.22,10.22,8.38,-
08-Jan-16,10.23,10.23,10.23,10.23,8.39,-
11-Jan-16,10.23,10.23,10.23,10.23,8.39,-
12-Jan-16,10.24,10.24,10.24,10.24,8.4,-
13-Jan-16,10.24,10.24,10.24,10.24,8.4,-
14-Jan-16,10.24,10.24,10.24,10.24,8.4,-
15-Jan-16,10.25,10.25,10.25,10.25,8.41,-
19-Jan-16,10.25,10.25,10.25,10.25,8.41,-
20-Jan-16,10.26,10.26,10.26,10.26,8.41,-
21-Jan-16,10.25,10.25,10.25,10.25,8.41,-
22-Jan-16,10.25,10.25,10.25,10.25,8.41,-
25-Jan-16,10.25,10.25,10.25,10.25,8.41,-
26-Jan-16,10.25,10.25,10.25,10.25,8.41,-
27-Jan-16,10.26,10.26,10.26,10.26,8.41,-
28-Jan-16,10.26,10.26,10.26,10.26,8.41,-
29-Jan-16,10.28,10.28,10.28,10.28,8.43,-
01-Feb-16,10.27,10.27,10.27,10.27,8.42,-
02-Feb-16,10.29,10.29,10.29,10.29,8.44,-
03-Feb-16,10.29,10.29,10.29,10.29,8.44,-
04-Feb-16,10.3,10.3,10.3,10.3,8.45,-
05-Feb-16,10.29,10.29,10.29,10.29,8.44,-
08-Feb-16,10.31,10.31,10.31,10.31,8.46,-
09-Feb-16,10.3,10.3,10.3,10.3,8.45,-
10-Feb-16,10.31,10.31,10.31,10.31,8.46,-
11-Feb-16,10.32,10.32,10.32,10.32,8.46,-
12-Feb-16,10.3,10.3,10.3,10.3,8.45,-
16-Feb-16,10.29,10.29,10.29,10.29,8.44,-
17-Feb-16,10.28,10.28,10.28,10.28,8.43,-
18-Feb-16,10.3,10.3,10.3,10.3,8.45,-
19-Feb-16,10.3,10.3,10.3,10.3,8.45,-
22-Feb-16,10.29,10.29,10.29,10.29,8.44,-
23-Feb-16,10.3,10.3,10.3,10.3,8.45,-
24-Feb-16,10.31,10.31,10.31,10.31,8.46,-
25-Feb-16,10.32,10.32,10.32,10.32,8.46,-
26-Feb-16,10.3,10.3,10.3,10.3,8.45,-
29-Feb-16,10.31,10.31,10.31,10.31,8.46,-
01-Mar-16,10.29,10.29,10.29,10.29,8.44,-
02-Mar-16,10.29,10.29,10.29,10.29,8.44,-
03-Mar-16,10.29,10.29,10.29,10.29,8.44,-
04-Mar-16,10.29,10.29,10.29,10.29,8.44,-
07-Mar-16,10.28,10.28,10.28,10.28,8.43,-
08-Mar-16,10.3,10.3,10.3,10.3,8.45,-
09-Mar-16,10.29,10.29,10.29,10.29,8.44,-
10-Mar-16,10.28,10.28,10.28,10.28,8.43,-
11-Mar-16,10.27,10.27,10.27,10.27,8.42,-
14-Mar-16,10.28,10.28,10.28,10.28,8.43,-
15-Mar-16,10.27,10.27,10.27,10.27,8.42,-
16-Mar-16,10.3,10.3,10.3,10.3,8.45,-
17-Mar-16,10.31,10.31,10.31,10.31,8.46,-
18-Mar-16,10.32,10.32,10.32,10.32,8.46,-
21-Mar-16,10.31,10.31,10.31,10.31,8.46,-
22-Mar-16,10.31,10.31,10.31,10.31,8.46,-
23-Mar-16,10.32,10.32,10.32,10.32,8.46,-
24-Mar-16,10.32,10.32,10.32,10.32,8.46,-
28-Mar-16,10.32,10.32,10.32,10.32,8.46,-
29-Mar-16,10.35,10.35,10.35,10.35,8.49,-
30-Mar-16,10.35,10.35,10.35,10.35,8.49,-
31-Mar-16,10.35,10.35,10.35,10.35,8.5,-
01-Apr-16,10.35,10.35,10.35,10.35,8.5,-
04-Apr-16,10.35,10.35,10.35,10.35,8.5,-
05-Apr-16,10.37,10.37,10.37,10.37,8.51,-
06-Apr-16,10.36,10.36,10.36,10.36,8.5,-
07-Apr-16,10.37,10.37,10.37,10.37,8.51,-
08-Apr-16,10.37,10.37,10.37,10.37,8.51,-
11-Apr-16,10.37,10.37,10.37,10.37,8.51,-
12-Apr-16,10.36,10.36,10.36,10.36,8.5,-
13-Apr-16,10.36,10.36,10.36,10.36,8.5,-
14-Apr-16,10.35,10.35,10.35,10.35,8.5,-
15-Apr-16,10.37,10.37,10.37,10.37,8.51,-
18-Apr-16,10.37,10.37,10.37,10.37,8.51,-
19-Apr-16,10.36,10.36,10.36,10.36,8.5,-
20-Apr-16,10.35,10.35,10.35,10.35,8.5,-
21-Apr-16,10.35,10.35,10.35,10.35,8.5,-
22-Apr-16,10.35,10.35,10.35,10.35,8.5,-
25-Apr-16,10.34,10.34,10.34,10.34,8.49,-
26-Apr-16,10.34,10.34,10.34,10.34,8.49,-
27-Apr-16,10.35,10.35,10.35,10.35,8.5,-
28-Apr-16,10.36,10.36,10.36,10.36,8.5,-
29-Apr-16,10.36,10.36,10.36,10.36,8.5,-
02-May-16,10.36,10.36,10.36,10.36,8.5,-
03-May-16,10.37,10.37,10.37,10.37,8.51,-
04-May-16,10.38,10.38,10.38,10.38,8.52,-
05-May-16,10.39,10.39,10.39,10.39,8.53,-
06-May-16,10.38,10.38,10.38,10.38,8.52,-
09-May-16,10.38,10.38,10.38,10.38,8.52,-
10-May-16,10.39,10.39,10.39,10.39,8.53,-
11-May-16,10.39,10.39,10.39,10.39,8.53,-
12-May-16,10.38,10.38,10.38,10.38,8.52,-
13-May-16,10.38,10.38,10.38,10.38,8.52,-
16-May-16,10.37,10.37,10.37,10.37,8.51,-
17-May-16,10.36,10.36,10.36,10.36,8.5,-
18-May-16,10.34,10.34,10.34,10.34,8.49,-
19-May-16,10.34,10.34,10.34,10.34,8.49,-
20-May-16,10.34,10.34,10.34,10.34,8.49,-
23-May-16,10.34,10.34,10.34,10.34,8.49,-
24-May-16,10.33,10.33,10.33,10.33,8.48,-
25-May-16,10.34,10.34,10.34,10.34,8.49,-
26-May-16,10.35,10.35,10.35,10.35,8.5,-
27-May-16,10.34,10.34,10.34,10.34,8.49,-
31-May-16,10.35,10.35,10.35,10.35,8.5,-
01-Jun-16,10.35,10.35,10.35,10.35,8.5,-
02-Jun-16,10.35,10.35,10.35,10.35,8.5,-
03-Jun-16,10.38,10.38,10.38,10.38,8.52,-
06-Jun-16,10.38,10.38,10.38,10.38,8.52,-
07-Jun-16,10.39,10.39,10.39,10.39,8.53,-
08-Jun-16,10.39,10.39,10.39,10.39,8.53,-
09-Jun-16,10.39,10.39,10.39,10.39,8.53,-
10-Jun-16,10.4,10.4,10.4,10.4,8.54,-
13-Jun-16,10.41,10.41,10.41,10.41,8.55,-
14-Jun-16,10.4,10.4,10.4,10.4,8.54,-
15-Jun-16,10.41,10.41,10.41,10.41,8.55,-
16-Jun-16,10.41,10.41,10.41,10.41,8.55,-
17-Jun-16,10.4,10.4,10.4,10.4,8.54,-
20-Jun-16,10.4,10.4,10.4,10.4,8.54,-
21-Jun-16,10.39,10.39,10.39,10.39,8.53,-
22-Jun-16,10.4,10.4,10.4,10.4,8.54,-
23-Jun-16,10.39,10.39,10.39,10.39,8.53,-
24-Jun-16,10.42,10.42,10.42,10.42,8.55,-
27-Jun-16,10.43,10.43,10.43,10.43,8.56,-
28-Jun-16,10.44,10.44,10.44,10.44,8.57,-
29-Jun-16,10.43,10.43,10.43,10.43,8.56,-
30-Jun-16,10.44,10.44,10.44,10.44,8.57,-
01-Jul-16,10.45,10.45,10.45,10.45,8.58,-
05-Jul-16,10.46,10.46,10.46,10.46,8.59,-
06-Jul-16,10.46,10.46,10.46,10.46,8.59,-
07-Jul-16,10.46,10.46,10.46,10.46,8.59,-
08-Jul-16,10.46,10.46,10.46,10.46,8.59,-
11-Jul-16,10.45,10.45,10.45,10.45,8.58,-
12-Jul-16,10.44,10.44,10.44,10.44,8.57,-
13-Jul-16,10.44,10.44,10.44,10.44,8.57,-
14-Jul-16,10.43,10.43,10.43,10.43,8.56,-
15-Jul-16,10.43,10.43,10.43,10.43,8.56,-
18-Jul-16,10.43,10.43,10.43,10.43,8.56,-
19-Jul-16,10.43,10.43,10.43,10.43,8.56,-
20-Jul-16,10.43,10.43,10.43,10.43,8.56,-
21-Jul-16,10.43,10.43,10.43,10.43,8.56,-
22-Jul-16,10.43,10.43,10.43,10.43,8.56,-
25-Jul-16,10.42,10.42,10.42,10.42,8.55,-
26-Jul-16,10.42,10.42,10.42,10.42,8.55,-
27-Jul-16,10.44,10.44,10.44,10.44,8.57,-
28-Jul-16,10.44,10.44,10.44,10.44,8.57,-
29-Jul-16,10.46,10.46,10.46,10.46,8.59,-
01-Aug-16,10.44,10.44,10.44,10.44,8.57,-
02-Aug-16,10.44,10.44,10.44,10.44,8.57,-
03-Aug-16,10.44,10.44,10.44,10.44,8.57,-
04-Aug-16,10.45,10.45,10.45,10.45,8.58,-
05-Aug-16,10.43,10.43,10.43,10.43,8.56,-
08-Aug-16,10.43,10.43,10.43,10.43,8.56,-
09-Aug-16,10.44,10.44,10.44,10.44,8.57,-
10-Aug-16,10.45,10.45,10.45,10.45,8.58,-
11-Aug-16,10.43,10.43,10.43,10.43,8.56,-
12-Aug-16,10.44,10.44,10.44,10.44,8.57,-
15-Aug-16,10.44,10.44,10.44,10.44,8.57,-
16-Aug-16,10.43,10.43,10.43,10.43,8.56,-
17-Aug-16,10.44,10.44,10.44,10.44,8.57,-
18-Aug-16,10.44,10.44,10.44,10.44,8.57,-
19-Aug-16,10.44,10.44,10.44,10.44,8.57,-
22-Aug-16,10.44,10.44,10.44,10.44,8.57,-
23-Aug-16,10.44,10.44,10.44,10.44,8.57,-
24-Aug-16,10.44,10.44,10.44,10.44,8.57,-
25-Aug-16,10.44,10.44,10.44,10.44,8.57,-
26-Aug-16,10.42,10.42,10.42,10.42,8.55,-
29-Aug-16,10.43,10.43,10.43,10.43,8.56,-
30-Aug-16,10.43,10.43,10.43,10.43,8.56,-
31-Aug-16,10.43,10.43,10.43,10.43,8.56,-
01-Sep-16,10.43,10.43,10.43,10.43,8.56,-
02-Sep-16,10.43,10.43,10.43,10.43,8.56,-
06-Sep-16,10.44,10.44,10.44,10.44,8.57,-
07-Sep-16,10.45,10.45,10.45,10.45,8.58,-
08-Sep-16,10.43,10.43,10.43,10.43,8.56,-
09-Sep-16,10.42,10.42,10.42,10.42,8.55,-
12-Sep-16,10.42,10.42,10.42,10.42,8.55,-
13-Sep-16,10.41,10.41,10.41,10.41,8.55,-
14-Sep-16,10.42,10.42,10.42,10.42,8.55,-
15-Sep-16,10.42,10.42,10.42,10.42,8.55,-
16-Sep-16,10.42,10.42,10.42,10.42,8.55,-
19-Sep-16,10.41,10.41,10.41,10.41,8.55,-
20-Sep-16,10.42,10.42,10.42,10.42,8.55,-
21-Sep-16,10.42,10.42,10.42,10.42,8.55,-
22-Sep-16,10.43,10.43,10.43,10.43,8.56,-
23-Sep-16,10.43,10.43,10.43,10.43,8.56,-
26-Sep-16,10.44,10.44,10.44,10.44,8.57,-
27-Sep-16,10.44,10.44,10.44,10.44,8.57,-
28-Sep-16,10.44,10.44,10.44,10.44,8.57,-
29-Sep-16,10.44,10.44,10.44,10.44,8.57,-
30-Sep-16,10.41,10.41,10.41,10.41,8.57,-
03-Oct-16,10.41,10.41,10.41,10.41,8.57,-
04-Oct-16,10.39,10.39,10.39,10.39,8.55,-
05-Oct-16,10.39,10.39,10.39,10.39,8.55,-
06-Oct-16,10.39,10.39,10.39,10.39,8.55,-
07-Oct-16,10.39,10.39,10.39,10.39,8.55,-
10-Oct-16,10.38,10.38,10.38,10.38,8.54,-
11-Oct-16,10.38,10.38,10.38,10.38,8.54,-
12-Oct-16,10.38,10.38,10.38,10.38,8.54,-
13-Oct-16,10.39,10.39,10.39,10.39,8.55,-
14-Oct-16,10.39,10.39,10.39,10.39,8.55,-
17-Oct-16,10.39,10.39,10.39,10.39,8.55,-
18-Oct-16,10.4,10.4,10.4,10.4,8.56,-
19-Oct-16,10.4,10.4,10.4,10.4,8.56,-
20-Oct-16,10.4,10.4,10.4,10.4,8.56,-
21-Oct-16,10.4,10.4,10.4,10.4,8.56,-
24-Oct-16,10.4,10.4,10.4,10.4,8.56,-
25-Oct-16,10.39,10.39,10.39,10.39,8.55,-
26-Oct-16,10.39,10.39,10.39,10.39,8.55,-
27-Oct-16,10.38,10.38,10.38,10.38,8.54,-
28-Oct-16,10.38,10.38,10.38,10.38,8.54,-
31-Oct-16,10.39,10.39,10.39,10.39,8.55,-
01-Nov-16,10.39,10.39,10.39,10.39,8.55,-
02-Nov-16,10.39,10.39,10.39,10.39,8.55,-
03-Nov-16,10.39,10.39,10.39,10.39,8.55,-
04-Nov-16,10.4,10.4,10.4,10.4,8.56,-
07-Nov-16,10.39,10.39,10.39,10.39,8.55,-
08-Nov-16,10.38,10.38,10.38,10.38,8.54,-
09-Nov-16,10.35,10.35,10.35,10.35,8.52,-
10-Nov-16,10.34,10.34,10.34,10.34,8.51,-
11-Nov-16,10.33,10.33,10.33,10.33,8.5,-
14-Nov-16,10.31,10.31,10.31,10.31,8.48,-
15-Nov-16,10.31,10.31,10.31,10.31,8.48,-
16-Nov-16,10.31,10.31,10.31,10.31,8.48,-
17-Nov-16,10.3,10.3,10.3,10.3,8.47,-
18-Nov-16,10.29,10.29,10.29,10.29,8.47,-
21-Nov-16,10.29,10.29,10.29,10.29,8.47,-
22-Nov-16,10.29,10.29,10.29,10.29,8.47,-
23-Nov-16,10.28,10.28,10.28,10.28,8.46,-
25-Nov-16,10.28,10.28,10.28,10.28,8.46,-
28-Nov-16,10.29,10.29,10.29,10.29,8.47,-
29-Nov-16,10.29,10.29,10.29,10.29,8.47,-
30-Nov-16,10.28,10.28,10.28,10.28,8.46,-
01-Dec-16,10.27,10.27,10.27,10.27,8.45,-
02-Dec-16,10.28,10.28,10.28,10.28,8.46,-
05-Dec-16,10.28,10.28,10.28,10.28,8.46,-
06-Dec-16,10.28,10.28,10.28,10.28,8.46,-
07-Dec-16,10.29,10.29,10.29,10.29,8.47,-
08-Dec-16,10.29,10.29,10.29,10.29,8.47,-
09-Dec-16,10.28,10.28,10.28,10.28,8.46,-
12-Dec-16,10.28,10.28,10.28,10.28,8.46,-
13-Dec-16,10.27,10.27,10.27,10.27,8.45,-
14-Dec-16,10.27,10.27,10.27,10.27,8.45,-
15-Dec-16,10.23,10.23,10.23,10.23,8.42,-
16-Dec-16,10.24,10.24,10.24,10.24,8.43,-
19-Dec-16,10.25,10.25,10.25,10.25,8.43,-
20-Dec-16,10.25,10.25,10.25,10.25,8.43,-
21-Dec-16,10.25,10.25,10.25,10.25,8.43,-
22-Dec-16,10.26,10.26,10.26,10.26,8.44,-
23-Dec-16,10.26,10.26,10.26,10.26,8.44,-
27-Dec-16,10.25,10.25,10.25,10.25,8.43,-
28-Dec-16,10.26,10.26,10.26,10.26,8.44,-
29-Dec-16,10.28,10.28,10.28,10.28,8.46,-
30-Dec-16,10.28,10.28,10.28,10.28,8.5,-
03-Jan-17,10.23,10.23,10.23,10.23,8.46,-
04-Jan-17,10.24,10.24,10.24,10.24,8.47,-
05-Jan-17,10.25,10.25,10.25,10.25,8.47,-
06-Jan-17,10.24,10.24,10.24,10.24,8.47,-
09-Jan-17,10.25,10.25,10.25,10.25,8.47,-
10-Jan-17,10.25,10.25,10.25,10.25,8.47,-
11-Jan-17,10.25,10.25,10.25,10.25,8.47,-
12-Jan-17,10.26,10.26,10.26,10.26,8.48,-
13-Jan-17,10.25,10.25,10.25,10.25,8.47,-
17-Jan-17,10.26,10.26,10.26,10.26,8.48,-
18-Jan-17,10.24,10.24,10.24,10.24,8.47,-
19-Jan-17,10.24,10.24,10.24,10.24,8.47,-
20-Jan-17,10.25,10.25,10.25,10.25,8.47,-
23-Jan-17,10.25,10.25,10.25,10.25,8.47,-
24-Jan-17,10.25,10.25,10.25,10.25,8.47,-
25-Jan-17,10.24,10.24,10.24,10.24,8.47,-
26-Jan-17,10.25,10.25,10.25,10.25,8.47,-
27-Jan-17,10.25,10.25,10.25,10.25,8.47,-
30-Jan-17,10.25,10.25,10.25,10.25,8.47,-
31-Jan-17,10.26,10.26,10.26,10.26,8.48,-
01-Feb-17,10.25,10.25,10.25,10.25,8.47,-
02-Feb-17,10.26,10.26,10.26,10.26,8.48,-
03-Feb-17,10.26,10.26,10.26,10.26,8.48,-
06-Feb-17,10.27,10.27,10.27,10.27,8.49,-
07-Feb-17,10.27,10.27,10.27,10.27,8.49,-
08-Feb-17,10.28,10.28,10.28,10.28,8.5,-
09-Feb-17,10.27,10.27,10.27,10.27,8.49,-
10-Feb-17,10.27,10.27,10.27,10.27,8.49,-
13-Feb-17,10.26,10.26,10.26,10.26,8.48,-
14-Feb-17,10.25,10.25,10.25,10.25,8.47,-
15-Feb-17,10.25,10.25,10.25,10.25,8.47,-
16-Feb-17,10.26,10.26,10.26,10.26,8.48,-
17-Feb-17,10.27,10.27,10.27,10.27,8.49,-
21-Feb-17,10.27,10.27,10.27,10.27,8.49,-
22-Feb-17,10.27,10.27,10.27,10.27,8.49,-
23-Feb-17,10.28,10.28,10.28,10.28,8.5,-
24-Feb-17,10.3,10.3,10.3,10.3,8.52,-
27-Feb-17,10.29,10.29,10.29,10.29,8.51,-
28-Feb-17,10.28,10.28,10.28,10.28,8.5,-
01-Mar-17,10.26,10.26,10.26,10.26,8.48,-
02-Mar-17,10.25,10.25,10.25,10.25,8.47,-
03-Mar-17,10.26,10.26,10.26,10.26,8.48,-
06-Mar-17,10.26,10.26,10.26,10.26,8.48,-
07-Mar-17,10.25,10.25,10.25,10.25,8.47,-
08-Mar-17,10.24,10.24,10.24,10.24,8.47,-
09-Mar-17,10.23,10.23,10.23,10.23,8.46,-
10-Mar-17,10.23,10.23,10.23,10.23,8.46,-
13-Mar-17,10.23,10.23,10.23,10.23,8.46,-
14-Mar-17,10.23,10.23,10.23,10.23,8.46,-
15-Mar-17,10.26,10.26,10.26,10.26,8.48,-
16-Mar-17,10.25,10.25,10.25,10.25,8.47,-
17-Mar-17,10.26,10.26,10.26,10.26,8.48,-
20-Mar-17,10.27,10.27,10.27,10.27,8.49,-
21-Mar-17,10.28,10.28,10.28,10.28,8.5,-
22-Mar-17,10.28,10.28,10.28,10.28,8.5,-
23-Mar-17,10.28,10.28,10.28,10.28,8.5,-
24-Mar-17,10.28,10.28,10.28,10.28,8.5,-
27-Mar-17,10.28,10.28,10.28,10.28,8.5,-
28-Mar-17,10.28,10.28,10.28,10.28,8.5,-
29-Mar-17,10.29,10.29,10.29,10.29,8.51,-
30-Mar-17,10.28,10.28,10.28,10.28,8.5,-
31-Mar-17,10.29,10.29,10.29,10.29,8.51,-
03-Apr-17,10.3,10.3,10.3,10.3,8.52,-
04-Apr-17,10.3,10.3,10.3,10.3,8.52,-
05-Apr-17,10.31,10.31,10.31,10.31,8.52,-
06-Apr-17,10.3,10.3,10.3,10.3,8.52,-
07-Apr-17,10.29,10.29,10.29,10.29,8.51,-
10-Apr-17,10.29,10.29,10.29,10.29,8.51,-
11-Apr-17,10.31,10.31,10.31,10.31,8.52,-
12-Apr-17,10.32,10.32,10.32,10.32,8.53,-
13-Apr-17,10.33,10.33,10.33,10.33,8.54,-
17-Apr-17,10.33,10.33,10.33,10.33,8.54,-
18-Apr-17,10.34,10.34,10.34,10.34,8.55,-
19-Apr-17,10.33,10.33,10.33,10.33,8.54,-
20-Apr-17,10.33,10.33,10.33,10.33,8.54,-
21-Apr-17,10.33,10.33,10.33,10.33,8.54,-
24-Apr-17,10.32,10.32,10.32,10.32,8.53,-
25-Apr-17,10.31,10.31,10.31,10.31,8.52,-
26-Apr-17,10.32,10.32,10.32,10.32,8.53,-
27-Apr-17,10.32,10.32,10.32,10.32,8.53,-
28-Apr-17,10.32,10.32,10.32,10.32,8.53,-
01-May-17,10.32,10.32,10.32,10.32,8.53,-
02-May-17,10.32,10.32,10.32,10.32,8.53,-
03-May-17,10.31,10.31,10.31,10.31,8.52,-
04-May-17,10.31,10.31,10.31,10.31,8.52,-
05-May-17,10.31,10.31,10.31,10.31,8.52,-
08-May-17,10.3,10.3,10.3,10.3,8.52,-
09-May-17,10.3,10.3,10.3,10.3,8.52,-
10-May-17,10.3,10.3,10.3,10.3,8.52,-
11-May-17,10.3,10.3,10.3,10.3,8.52,-
12-May-17,10.32,10.32,10.32,10.32,8.53,-
15-May-17,10.32,10.32,10.32,10.32,8.53,-
16-May-17,10.32,10.32,10.32,10.32,8.53,-
17-May-17,10.34,10.34,10.34,10.34,8.55,-
18-May-17,10.34,10.34,10.34,10.34,8.55,-
19-May-17,10.34,10.34,10.34,10.34,8.55,-
22-May-17,10.34,10.34,10.34,10.34,8.55,-
23-May-17,10.33,10.33,10.33,10.33,8.54,-
24-May-17,10.34,10.34,10.34,10.34,8.55,-
25-May-17,10.34,10.34,10.34,10.34,8.55,-
26-May-17,10.34,10.34,10.34,10.34,8.55,-
30-May-17,10.35,10.35,10.35,10.35,8.56,-
31-May-17,10.35,10.35,10.35,10.35,8.56,-
01-Jun-17,10.35,10.35,10.35,10.35,8.56,-
02-Jun-17,10.36,10.36,10.36,10.36,8.56,-
05-Jun-17,10.35,10.35,10.35,10.35,8.56,-
06-Jun-17,10.36,10.36,10.36,10.36,8.56,-
07-Jun-17,10.35,10.35,10.35,10.35,8.56,-
08-Jun-17,10.35,10.35,10.35,10.35,8.56,-
09-Jun-17,10.34,10.34,10.34,10.34,8.55,-
12-Jun-17,10.34,10.34,10.34,10.34,8.55,-
13-Jun-17,10.34,10.34,10.34,10.34,8.55,-
14-Jun-17,10.35,10.35,10.35,10.35,8.56,-
15-Jun-17,10.34,10.34,10.34,10.34,8.55,-
16-Jun-17,10.35,10.35,10.35,10.35,8.56,-
19-Jun-17,10.34,10.34,10.34,10.34,8.55,-
20-Jun-17,10.35,10.35,10.35,10.35,8.56,-
21-Jun-17,10.34,10.34,10.34,10.34,8.55,-
22-Jun-17,10.35,10.35,10.35,10.35,8.56,-
23-Jun-17,10.35,10.35,10.35,10.35,8.56,-
26-Jun-17,10.36,10.36,10.36,10.36,8.56,-
27-Jun-17,10.34,10.34,10.34,10.34,8.55,-
28-Jun-17,10.35,10.35,10.35,10.35,8.56,-
29-Jun-17,10.34,10.34,10.34,10.34,8.55,-
30-Jun-17,10.29,10.29,10.29,10.29,8.54,-
03-Jul-17,10.29,10.29,10.29,10.29,8.54,-
05-Jul-17,10.29,10.29,10.29,10.29,8.54,-
06-Jul-17,10.29,10.29,10.29,10.29,8.54,-
07-Jul-17,10.28,10.28,10.28,10.28,8.53,-
10-Jul-17,10.29,10.29,10.29,10.29,8.54,-
11-Jul-17,10.3,10.3,10.3,10.3,8.55,-
12-Jul-17,10.31,10.31,10.31,10.31,8.55,-
13-Jul-17,10.3,10.3,10.3,10.3,8.55,-
14-Jul-17,10.31,10.31,10.31,10.31,8.55,-
17-Jul-17,10.31,10.31,10.31,10.31,8.55,-
18-Jul-17,10.32,10.32,10.32,10.32,8.56,-
19-Jul-17,10.32,10.32,10.32,10.32,8.56,-
20-Jul-17,10.32,10.32,10.32,10.32,8.56,-
21-Jul-17,10.33,10.33,10.33,10.33,8.57,-
24-Jul-17,10.32,10.32,10.32,10.32,8.56,-
25-Jul-17,10.31,10.31,10.31,10.31,8.55,-
26-Jul-17,10.32,10.32,10.32,10.32,8.56,-
27-Jul-17,10.32,10.32,10.32,10.32,8.56,-
28-Jul-17,10.32,10.32,10.32,10.32,8.56,-
31-Jul-17,10.33,10.33,10.33,10.33,8.57,-
01-Aug-17,10.33,10.33,10.33,10.33,8.57,-
02-Aug-17,10.33,10.33,10.33,10.33,8.57,-
03-Aug-17,10.33,10.33,10.33,10.33,8.57,-
04-Aug-17,10.33,10.33,10.33,10.33,8.57,-
07-Aug-17,10.33,10.33,10.33,10.33,8.57,-
08-Aug-17,10.33,10.33,10.33,10.33,8.57,-
09-Aug-17,10.33,10.33,10.33,10.33,8.57,-
10-Aug-17,10.34,10.34,10.34,10.34,8.58,-
11-Aug-17,10.34,10.34,10.34,10.34,8.58,-
14-Aug-17,10.34,10.34,10.34,10.34,8.58,-
15-Aug-17,10.33,10.33,10.33,10.33,8.57,-
16-Aug-17,10.34,10.34,10.34,10.34,8.58,-
17-Aug-17,10.34,10.34,10.34,10.34,8.58,-
18-Aug-17,10.34,10.34,10.34,10.34,8.58,-
21-Aug-17,10.35,10.35,10.35,10.35,8.59,-
22-Aug-17,10.34,10.34,10.34,10.34,8.58,-
23-Aug-17,10.35,10.35,10.35,10.35,8.59,-
24-Aug-17,10.34,10.34,10.34,10.34,8.58,-
25-Aug-17,10.35,10.35,10.35,10.35,8.59,-
28-Aug-17,10.35,10.35,10.35,10.35,8.59,-
29-Aug-17,10.36,10.36,10.36,10.36,8.6,-
30-Aug-17,10.35,10.35,10.35,10.35,8.59,-
31-Aug-17,10.36,10.36,10.36,10.36,8.6,-
01-Sep-17,10.35,10.35,10.35,10.35,8.59,-
05-Sep-17,10.37,10.37,10.37,10.37,8.6,-
06-Sep-17,10.37,10.37,10.37,10.37,8.6,-
07-Sep-17,10.38,10.38,10.38,10.38,8.61,-
08-Sep-17,10.38,10.38,10.38,10.38,8.61,-
11-Sep-17,10.36,10.36,10.36,10.36,8.6,-
12-Sep-17,10.36,10.36,10.36,10.36,8.6,-
13-Sep-17,10.35,10.35,10.35,10.35,8.59,-
14-Sep-17,10.35,10.35,10.35,10.35,8.59,-
15-Sep-17,10.34,10.34,10.34,10.34,8.58,-
18-Sep-17,10.34,10.34,10.34,10.34,8.58,-
19-Sep-17,10.34,10.34,10.34,10.34,8.58,-
20-Sep-17,10.33,10.33,10.33,10.33,8.57,-
21-Sep-17,10.33,10.33,10.33,10.33,8.57,-
22-Sep-17,10.33,10.33,10.33,10.33,8.57,-
25-Sep-17,10.34,10.34,10.34,10.34,8.58,-
26-Sep-17,10.34,10.34,10.34,10.34,8.58,-
27-Sep-17,10.33,10.33,10.33,10.33,8.57,-
28-Sep-17,10.33,10.33,10.33,10.33,8.57,-
29-Sep-17,10.32,10.32,10.32,10.32,8.57,-
02-Oct-17,10.32,10.32,10.32,10.32,8.57,-
03-Oct-17,10.32,10.32,10.32,10.32,8.57,-
04-Oct-17,10.32,10.32,10.32,10.32,8.57,-
05-Oct-17,10.32,10.32,10.32,10.32,8.57,-
06-Oct-17,10.31,10.31,10.31,10.31,8.56,-
09-Oct-17,10.32,10.32,10.32,10.32,8.57,-
10-Oct-17,10.32,10.32,10.32,10.32,8.57,-
11-Oct-17,10.32,10.32,10.32,10.32,8.57,-
12-Oct-17,10.32,10.32,10.32,10.32,8.57,-
13-Oct-17,10.33,10.33,10.33,10.33,8.58,-
16-Oct-17,10.32,10.32,10.32,10.32,8.57,-
17-Oct-17,10.32,10.32,10.32,10.32,8.57,-
18-Oct-17,10.32,10.32,10.32,10.32,8.57,-
19-Oct-17,10.32,10.32,10.32,10.32,8.57,-
20-Oct-17,10.31,10.31,10.31,10.31,8.56,-
23-Oct-17,10.32,10.32,10.32,10.32,8.57,-
24-Oct-17,10.31,10.31,10.31,10.31,8.56,-
25-Oct-17,10.31,10.31,10.31,10.31,8.56,-
26-Oct-17,10.3,10.3,10.3,10.3,8.56,-
27-Oct-17,10.31,10.31,10.31,10.31,8.56,-
30-Oct-17,10.32,10.32,10.32,10.32,8.57,-
31-Oct-17,10.32,10.32,10.32,10.32,8.57,-
01-Nov-17,10.32,10.32,10.32,10.32,8.57,-
02-Nov-17,10.32,10.32,10.32,10.32,8.57,-
03-Nov-17,10.32,10.32,10.32,10.32,8.57,-
06-Nov-17,10.32,10.32,10.32,10.32,8.57,-
07-Nov-17,10.32,10.32,10.32,10.32,8.57,-
08-Nov-17,10.32,10.32,10.32,10.32,8.57,-
09-Nov-17,10.32,10.32,10.32,10.32,8.57,-
10-Nov-17,10.31,10.31,10.31,10.31,8.56,-
13-Nov-17,10.3,10.3,10.3,10.3,8.56,-
14-Nov-17,10.3,10.3,10.3,10.3,8.56,-
15-Nov-17,10.31,10.31,10.31,10.31,8.56,-
16-Nov-17,10.3,10.3,10.3,10.3,8.56,-
17-Nov-17,10.31,10.31,10.31,10.31,8.56,-
20-Nov-17,10.3,10.3,10.3,10.3,8.56,-
21-Nov-17,10.3,10.3,10.3,10.3,8.56,-
22-Nov-17,10.31,10.31,10.31,10.31,8.56,-
24-Nov-17,10.31,10.31,10.31,10.31,8.56,-
27-Nov-17,10.31,10.31,10.31,10.31,8.56,-
28-Nov-17,10.31,10.31,10.31,10.31,8.56,-
29-Nov-17,10.3,10.3,10.3,10.3,8.56,-
30-Nov-17,10.3,10.3,10.3,10.3,8.56,-
01-Dec-17,10.3,10.3,10.3,10.3,8.56,-
04-Dec-17,10.3,10.3,10.3,10.3,8.56,-
05-Dec-17,10.3,10.3,10.3,10.3,8.56,-
06-Dec-17,10.3,10.3,10.3,10.3,8.56,-
07-Dec-17,10.3,10.3,10.3,10.3,8.56,-
08-Dec-17,10.3,10.3,10.3,10.3,8.56,-
11-Dec-17,10.3,10.3,10.3,10.3,8.56,-
12-Dec-17,10.3,10.3,10.3,10.3,8.56,-
13-Dec-17,10.31,10.31,10.31,10.31,8.56,-
14-Dec-17,10.31,10.31,10.31,10.31,8.56,-
15-Dec-17,10.3,10.3,10.3,10.3,8.56,-
18-Dec-17,10.3,10.3,10.3,10.3,8.56,-
19-Dec-17,10.29,10.29,10.29,10.29,8.55,-
20-Dec-17,10.28,10.28,10.28,10.28,8.54,-
21-Dec-17,10.28,10.28,10.28,10.28,8.54,-
22-Dec-17,10.28,10.28,10.28,10.28,8.54,-
26-Dec-17,10.2,10.2,10.2,10.2,8.54,-
27-Dec-17,10.22,10.22,10.22,10.22,8.56,-
28-Dec-17,10.21,10.21,10.21,10.21,8.55,-
29-Dec-17,10.22,10.22,10.22,10.22,8.56,-
02-Jan-18,10.21,10.21,10.21,10.21,8.55,-
03-Jan-18,10.21,10.21,10.21,10.21,8.55,-
04-Jan-18,10.21,10.21,10.21,10.21,8.55,-
05-Jan-18,10.21,10.21,10.21,10.21,8.55,-
08-Jan-18,10.21,10.21,10.21,10.21,8.55,-
09-Jan-18,10.2,10.2,10.2,10.2,8.54,-
10-Jan-18,10.2,10.2,10.2,10.2,8.54,-
11-Jan-18,10.2,10.2,10.2,10.2,8.54,-
12-Jan-18,10.19,10.19,10.19,10.19,8.53,-
16-Jan-18,10.19,10.19,10.19,10.19,8.53,-
17-Jan-18,10.19,10.19,10.19,10.19,8.53,-
18-Jan-18,10.18,10.18,10.18,10.18,8.52,-
19-Jan-18,10.18,10.18,10.18,10.18,8.52,-
22-Jan-18,10.17,10.17,10.17,10.17,8.51,-
23-Jan-18,10.18,10.18,10.18,10.18,8.52,-
24-Jan-18,10.18,10.18,10.18,10.18,8.52,-
25-Jan-18,10.18,10.18,10.18,10.18,8.52,-
26-Jan-18,10.18,10.18,10.18,10.18,8.52,-
29-Jan-18,10.17,10.17,10.17,10.17,8.51,-
30-Jan-18,10.17,10.17,10.17,10.17,8.51,-
31-Jan-18,10.16,10.16,10.16,10.16,8.5,-
01-Feb-18,10.16,10.16,10.16,10.16,8.5,-
02-Feb-18,10.15,10.15,10.15,10.15,8.5,-
05-Feb-18,10.17,10.17,10.17,10.17,8.51,-
06-Feb-18,10.16,10.16,10.16,10.16,8.5,-
07-Feb-18,10.15,10.15,10.15,10.15,8.5,-
08-Feb-18,10.15,10.15,10.15,10.15,8.5,-
09-Feb-18,10.15,10.15,10.15,10.15,8.5,-
12-Feb-18,10.15,10.15,10.15,10.15,8.5,-
13-Feb-18,10.15,10.15,10.15,10.15,8.5,-
14-Feb-18,10.13,10.13,10.13,10.13,8.48,-
15-Feb-18,10.13,10.13,10.13,10.13,8.48,-
16-Feb-18,10.14,10.14,10.14,10.14,8.49,-
20-Feb-18,10.13,10.13,10.13,10.13,8.48,-
21-Feb-18,10.13,10.13,10.13,10.13,8.48,-
22-Feb-18,10.13,10.13,10.13,10.13,8.48,-
23-Feb-18,10.14,10.14,10.14,10.14,8.49,-
26-Feb-18,10.14,10.14,10.14,10.14,8.49,-
27-Feb-18,10.14,10.14,10.14,10.14,8.49,-
28-Feb-18,10.14,10.14,10.14,10.14,8.49,-
01-Mar-18,10.15,10.15,10.15,10.15,8.5,-
02-Mar-18,10.14,10.14,10.14,10.14,8.49,-
05-Mar-18,10.14,10.14,10.14,10.14,8.49,-
06-Mar-18,10.14,10.14,10.14,10.14,8.49,-
07-Mar-18,10.14,10.14,10.14,10.14,8.49,-
08-Mar-18,10.14,10.14,10.14,10.14,8.49,-
09-Mar-18,10.14,10.14,10.14,10.14,8.49,-
12-Mar-18,10.14,10.14,10.14,10.14,8.49,-
13-Mar-18,10.14,10.14,10.14,10.14,8.49,-
14-Mar-18,10.15,10.15,10.15,10.15,8.5,-
15-Mar-18,10.14,10.14,10.14,10.14,8.49,-
16-Mar-18,10.14,10.14,10.14,10.14,8.49,-
19-Mar-18,10.14,10.14,10.14,10.14,8.49,-
20-Mar-18,10.13,10.13,10.13,10.13,8.48,-
21-Mar-18,10.14,10.14,10.14,10.14,8.49,-
22-Mar-18,10.15,10.15,10.15,10.15,8.5,-
23-Mar-18,10.15,10.15,10.15,10.15,8.5,-
26-Mar-18,10.14,10.14,10.14,10.14,8.49,-
27-Mar-18,10.16,10.16,10.16,10.16,8.5,-
28-Mar-18,10.15,10.15,10.15,10.15,8.5,-
29-Mar-18,10.16,10.16,10.16,10.16,8.5,-
02-Apr-18,10.16,10.16,10.16,10.16,8.5,-
03-Apr-18,10.16,10.16,10.16,10.16,8.5,-
04-Apr-18,10.16,10.16,10.16,10.16,8.5,-
05-Apr-18,10.16,10.16,10.16,10.16,8.5,-
06-Apr-18,10.17,10.17,10.17,10.17,8.51,-
09-Apr-18,10.17,10.17,10.17,10.17,8.51,-
10-Apr-18,10.16,10.16,10.16,10.16,8.5,-
11-Apr-18,10.17,10.17,10.17,10.17,8.51,-
12-Apr-18,10.16,10.16,10.16,10.16,8.5,-
13-Apr-18,10.16,10.16,10.16,10.16,8.5,-
16-Apr-18,10.16,10.16,10.16,10.16,8.5,-
17-Apr-18,10.16,10.16,10.16,10.16,8.5,-
18-Apr-18,10.15,10.15,10.15,10.15,8.5,-
19-Apr-18,10.14,10.14,10.14,10.14,8.49,-
20-Apr-18,10.14,10.14,10.14,10.14,8.49,-
23-Apr-18,10.13,10.13,10.13,10.13,8.48,-
24-Apr-18,10.13,10.13,10.13,10.13,8.48,-
25-Apr-18,10.13,10.13,10.13,10.13,8.48,-
26-Apr-18,10.14,10.14,10.14,10.14,8.49,-
27-Apr-18,10.14,10.14,10.14,10.14,8.49,-
30-Apr-18,10.15,10.15,10.15,10.15,8.5,-
01-May-18,10.14,10.14,10.14,10.14,8.49,-
02-May-18,10.14,10.14,10.14,10.14,8.49,-
03-May-18,10.15,10.15,10.15,10.15,8.5,-
04-May-18,10.15,10.15,10.15,10.15,8.5,-
07-May-18,10.15,10.15,10.15,10.15,8.5,-
08-May-18,10.14,10.14,10.14,10.14,8.49,-
09-May-18,10.14,10.14,10.14,10.14,8.49,-
10-May-18,10.14,10.14,10.14,10.14,8.49,-
11-May-18,10.14,10.14,10.14,10.14,8.49,-
14-May-18,10.14,10.14,10.14,10.14,8.49,-
15-May-18,10.13,10.13,10.13,10.13,8.48,-
16-May-18,10.13,10.13,10.13,10.13,8.48,-
17-May-18,10.13,10.13,10.13,10.13,8.48,-
18-May-18,10.14,10.14,10.14,10.14,8.49,-
21-May-18,10.14,10.14,10.14,10.14,8.49,-
22-May-18,10.14,10.14,10.14,10.14,8.49,-
23-May-18,10.15,10.15,10.15,10.15,8.5,-
24-May-18,10.16,10.16,10.16,10.16,8.5,-
25-May-18,10.17,10.17,10.17,10.17,8.51,-
29-May-18,10.2,10.2,10.2,10.2,8.54,-
30-May-18,10.19,10.19,10.19,10.19,8.53,-
31-May-18,10.18,10.18,10.18,10.18,8.52,-
01-Jun-18,10.17,10.17,10.17,10.17,8.51,-
04-Jun-18,10.16,10.16,10.16,10.16,8.5,-
05-Jun-18,10.17,10.17,10.17,10.17,8.51,-
06-Jun-18,10.16,10.16,10.16,10.16,8.5,-
07-Jun-18,10.17,10.17,10.17,10.17,8.51,-
08-Jun-18,10.17,10.17,10.17,10.17,8.51,-
11-Jun-18,10.16,10.16,10.16,10.16,8.5,-
12-Jun-18,10.16,10.16,10.16,10.16,8.5,-
13-Jun-18,10.16,10.16,10.16,10.16,8.5,-
14-Jun-18,10.17,10.17,10.17,10.17,8.51,-
15-Jun-18,10.17,10.17,10.17,10.17,8.51,-
18-Jun-18,10.17,10.17,10.17,10.17,8.51,-
19-Jun-18,10.18,10.18,10.18,10.18,8.52,-
20-Jun-18,10.18,10.18,10.18,10.18,8.52,-
21-Jun-18,10.18,10.18,10.18,10.18,8.52,-
22-Jun-18,10.18,10.18,10.18,10.18,8.52,-
25-Jun-18,10.18,10.18,10.18,10.18,8.52,-
26-Jun-18,10.18,10.18,10.18,10.18,8.52,-
27-Jun-18,10.18,10.18,10.18,10.18,8.53,-
28-Jun-18,10.18,10.18,10.18,10.18,8.53,-
29-Jun-18,10.17,10.17,10.17,10.17,8.52,-
02-Jul-18,10.18,10.18,10.18,10.18,8.53,-
03-Jul-18,10.18,10.18,10.18,10.18,8.53,-
05-Jul-18,10.18,10.18,10.18,10.18,8.53,-
06-Jul-18,10.19,10.19,10.19,10.19,8.54,-
09-Jul-18,10.18,10.18,10.18,10.18,8.53,-
10-Jul-18,10.18,10.18,10.18,10.18,8.53,-
11-Jul-18,10.18,10.18,10.18,10.18,8.53,-
12-Jul-18,10.18,10.18,10.18,10.18,8.53,-
13-Jul-18,10.19,10.19,10.19,10.19,8.54,-
16-Jul-18,10.19,10.19,10.19,10.19,8.54,-
17-Jul-18,10.18,10.18,10.18,10.18,8.53,-
18-Jul-18,10.18,10.18,10.18,10.18,8.53,-
19-Jul-18,10.19,10.19,10.19,10.19,8.54,-
20-Jul-18,10.18,10.18,10.18,10.18,8.53,-
23-Jul-18,10.17,10.17,10.17,10.17,8.52,-
24-Jul-18,10.18,10.18,10.18,10.18,8.53,-
25-Jul-18,10.18,10.18,10.18,10.18,8.53,-
26-Jul-18,10.17,10.17,10.17,10.17,8.52,-
27-Jul-18,10.18,10.18,10.18,10.18,8.53,-
30-Jul-18,10.17,10.17,10.17,10.17,8.52,-
31-Jul-18,10.18,10.18,10.18,10.18,8.53,-
01-Aug-18,10.17,10.17,10.17,10.17,8.52,-
02-Aug-18,10.18,10.18,10.18,10.18,8.53,-
03-Aug-18,10.19,10.19,10.19,10.19,8.54,-
06-Aug-18,10.19,10.19,10.19,10.19,8.54,-
07-Aug-18,10.19,10.19,10.19,10.19,8.54,-
08-Aug-18,10.18,10.18,10.18,10.18,8.53,-
09-Aug-18,10.19,10.19,10.19,10.19,8.54,-
10-Aug-18,10.21,10.21,10.21,10.21,8.56,-
13-Aug-18,10.21,10.21,10.21,10.21,8.56,-
14-Aug-18,10.21,10.21,10.21,10.21,8.56,-
15-Aug-18,10.21,10.21,10.21,10.21,8.56,-
16-Aug-18,10.21,10.21,10.21,10.21,8.56,-
17-Aug-18,10.21,10.21,10.21,10.21,8.56,-
20-Aug-18,10.22,10.22,10.22,10.22,8.57,-
21-Aug-18,10.22,10.22,10.22,10.22,8.57,-
22-Aug-18,10.22,10.22,10.22,10.22,8.57,-
23-Aug-18,10.22,10.22,10.22,10.22,8.57,-
24-Aug-18,10.22,10.22,10.22,10.22,8.57,-
27-Aug-18,10.22,10.22,10.22,10.22,8.57,-
28-Aug-18,10.21,10.21,10.21,10.21,8.56,-
29-Aug-18,10.21,10.21,10.21,10.21,8.56,-
30-Aug-18,10.21,10.21,10.21,10.21,8.56,-
31-Aug-18,10.22,10.22,10.22,10.22,8.57,-
04-Sep-18,10.21,10.21,10.21,10.21,8.56,-
05-Sep-18,10.21,10.21,10.21,10.21,8.56,-
06-Sep-18,10.22,10.22,10.22,10.22,8.57,-
07-Sep-18,10.21,10.21,10.21,10.21,8.56,-
10-Sep-18,10.2,10.2,10.2,10.2,8.55,-
11-Sep-18,10.2,10.2,10.2,10.2,8.55,-
12-Sep-18,10.2,10.2,10.2,10.2,8.55,-
13-Sep-18,10.2,10.2,10.2,10.2,8.55,-
14-Sep-18,10.2,10.2,10.2,10.2,8.55,-
17-Sep-18,10.19,10.19,10.19,10.19,8.54,-
18-Sep-18,10.19,10.19,10.19,10.19,8.54,-
19-Sep-18,10.18,10.18,10.18,10.18,8.53,-
20-Sep-18,10.18,10.18,10.18,10.18,8.53,-
21-Sep-18,10.19,10.19,10.19,10.19,8.54,-
24-Sep-18,10.18,10.18,10.18,10.18,8.53,-
25-Sep-18,10.18,10.18,10.18,10.18,8.53,-
26-Sep-18,10.16,10.16,10.16,10.16,8.54,-
27-Sep-18,10.16,10.16,10.16,10.16,8.54,-
28-Sep-18,10.17,10.17,10.17,10.17,8.55,-
01-Oct-18,10.17,10.17,10.17,10.17,8.55,-
02-Oct-18,10.17,10.17,10.17,10.17,8.55,-
03-Oct-18,10.15,10.15,10.15,10.15,8.53,-
04-Oct-18,10.14,10.14,10.14,10.14,8.52,-
05-Oct-18,10.14,10.14,10.14,10.14,8.52,-
08-Oct-18,10.14,10.14,10.14,10.14,8.52,-
09-Oct-18,10.14,10.14,10.14,10.14,8.52,-
10-Oct-18,10.14,10.14,10.14,10.14,8.52,-
11-Oct-18,10.15,10.15,10.15,10.15,8.53,-
12-Oct-18,10.15,10.15,10.15,10.15,8.53,-
15-Oct-18,10.15,10.15,10.15,10.15,8.53,-
16-Oct-18,10.15,10.15,10.15,10.15,8.53,-
17-Oct-18,10.15,10.15,10.15,10.15,8.53,-
18-Oct-18,10.15,10.15,10.15,10.15,8.53,-
19-Oct-18,10.15,10.15,10.15,10.15,8.53,-
22-Oct-18,10.15,10.15,10.15,10.15,8.53,-
23-Oct-18,10.15,10.15,10.15,10.15,8.53,-
24-Oct-18,10.17,10.17,10.17,10.17,8.55,-
25-Oct-18,10.16,10.16,10.16,10.16,8.54,-
26-Oct-18,10.17,10.17,10.17,10.17,8.55,-
29-Oct-18,10.17,10.17,10.17,10.17,8.55,-
30-Oct-18,10.16,10.16,10.16,10.16,8.54,-
31-Oct-18,10.16,10.16,10.16,10.16,8.54,-
01-Nov-18,10.16,10.16,10.16,10.16,8.54,-
02-Nov-18,10.15,10.15,10.15,10.15,8.53,-
05-Nov-18,10.15,10.15,10.15,10.15,8.53,-
06-Nov-18,10.15,10.15,10.15,10.15,8.53,-
07-Nov-18,10.15,10.15,10.15,10.15,8.53,-
08-Nov-18,10.15,10.15,10.15,10.15,8.53,-
09-Nov-18,10.15,10.15,10.15,10.15,8.53,-
12-Nov-18,10.16,10.16,10.16,10.16,8.54,-
13-Nov-18,10.16,10.16,10.16,10.16,8.54,-
14-Nov-18,10.16,10.16,10.16,10.16,8.54,-
15-Nov-18,10.16,10.16,10.16,10.16,8.54,-
16-Nov-18,10.17,10.17,10.17,10.17,8.55,-
19-Nov-18,10.17,10.17,10.17,10.17,8.55,-
20-Nov-18,10.17,10.17,10.17,10.17,8.55,-
21-Nov-18,10.17,10.17,10.17,10.17,8.55,-
23-Nov-18,10.17,10.17,10.17,10.17,8.55,-
26-Nov-18,10.17,10.17,10.17,10.17,8.55,-
27-Nov-18,10.17,10.17,10.17,10.17,8.55,-
28-Nov-18,10.18,10.18,10.18,10.18,8.55,-
29-Nov-18,10.18,10.18,10.18,10.18,8.55,-
30-Nov-18,10.18,10.18,10.18,10.18,8.55,-
03-Dec-18,10.19,10.19,10.19,10.19,8.56,-
04-Dec-18,10.19,10.19,10.19,10.19,8.56,-
06-Dec-18,10.2,10.2,10.2,10.2,8.57,-
07-Dec-18,10.2,10.2,10.2,10.2,8.57,-
10-Dec-18,10.2,10.2,10.2,10.2,8.57,-
11-Dec-18,10.2,10.2,10.2,10.2,8.57,-
12-Dec-18,10.19,10.19,10.19,10.19,8.56,-
13-Dec-18,10.2,10.2,10.2,10.2,8.57,-
14-Dec-18,10.21,10.21,10.21,10.21,8.58,-
17-Dec-18,10.21,10.21,10.21,10.21,8.58,-
18-Dec-18,10.22,10.22,10.22,10.22,8.59,-
19-Dec-18,10.23,10.23,10.23,10.23,8.6,-
20-Dec-18,10.22,10.22,10.22,10.22,8.59,-
21-Dec-18,10.22,10.22,10.22,10.22,8.59,-
24-Dec-18,10.23,10.23,10.23,10.23,8.6,-
26-Dec-18,10.01,10.01,10.01,10.01,8.59,-
27-Dec-18,10.02,10.02,10.02,10.02,8.59,-
28-Dec-18,10.04,10.04,10.04,10.04,8.61,-
31-Dec-18,10.04,10.04,10.04,10.04,8.61,-
02-Jan-19,10.05,10.05,10.05,10.05,8.62,-
03-Jan-19,10.07,10.07,10.07,10.07,8.64,-
04-Jan-19,10.05,10.05,10.05,10.05,8.62,-
07-Jan-19,10.05,10.05,10.05,10.05,8.62,-
08-Jan-19,10.05,10.05,10.05,10.05,8.62,-
09-Jan-19,10.05,10.05,10.05,10.05,8.62,-
10-Jan-19,10.05,10.05,10.05,10.05,8.62,-
11-Jan-19,10.06,10.06,10.06,10.06,8.63,-
14-Jan-19,10.07,10.07,10.07,10.07,8.64,-
15-Jan-19,10.07,10.07,10.07,10.07,8.64,-
16-Jan-19,10.07,10.07,10.07,10.07,8.64,-
17-Jan-19,10.07,10.07,10.07,10.07,8.64,-
18-Jan-19,10.07,10.07,10.07,10.07,8.64,-
22-Jan-19,10.07,10.07,10.07,10.07,8.64,-
23-Jan-19,10.08,10.08,10.08,10.08,8.65,-
24-Jan-19,10.08,10.08,10.08,10.08,8.65,-
25-Jan-19,10.08,10.08,10.08,10.08,8.65,-
28-Jan-19,10.08,10.08,10.08,10.08,8.65,-
29-Jan-19,10.09,10.09,10.09,10.09,8.65,-
30-Jan-19,10.1,10.1,10.1,10.1,8.66,-
31-Jan-19,10.12,10.12,10.12,10.12,8.68,-
01-Feb-19,10.12,10.12,10.12,10.12,8.68,-
04-Feb-19,10.11,10.11,10.11,10.11,8.67,-
05-Feb-19,10.11,10.11,10.11,10.11,8.67,-
06-Feb-19,10.12,10.12,10.12,10.12,8.68,-
07-Feb-19,10.13,10.13,10.13,10.13,8.69,-
08-Feb-19,10.13,10.13,10.13,10.13,8.69,-
11-Feb-19,10.13,10.13,10.13,10.13,8.69,-
12-Feb-19,10.12,10.12,10.12,10.12,8.68,-
13-Feb-19,10.12,10.12,10.12,10.12,8.68,-
14-Feb-19,10.13,10.13,10.13,10.13,8.69,-
15-Feb-19,10.13,10.13,10.13,10.13,8.69,-
19-Feb-19,10.14,10.14,10.14,10.14,8.7,-
20-Feb-19,10.14,10.14,10.14,10.14,8.7,-
21-Feb-19,10.13,10.13,10.13,10.13,8.69,-
22-Feb-19,10.14,10.14,10.14,10.14,8.7,-
25-Feb-19,10.14,10.14,10.14,10.14,8.7,-
26-Feb-19,10.15,10.15,10.15,10.15,8.71,-
27-Feb-19,10.14,10.14,10.14,10.14,8.7,-
28-Feb-19,10.14,10.14,10.14,10.14,8.7,-
01-Mar-19,10.14,10.14,10.14,10.14,8.7,-
04-Mar-19,10.14,10.14,10.14,10.14,8.7,-
05-Mar-19,10.14,10.14,10.14,10.14,8.7,-
06-Mar-19,10.15,10.15,10.15,10.15,8.71,-
07-Mar-19,10.16,10.16,10.16,10.16,8.71,-
08-Mar-19,10.17,10.17,10.17,10.17,8.72,-
11-Mar-19,10.17,10.17,10.17,10.17,8.72,-
12-Mar-19,10.18,10.18,10.18,10.18,8.73,-
13-Mar-19,10.18,10.18,10.18,10.18,8.73,-
14-Mar-19,10.18,10.18,10.18,10.18,8.73,-
15-Mar-19,10.19,10.19,10.19,10.19,8.74,-
18-Mar-19,10.19,10.19,10.19,10.19,8.74,-
19-Mar-19,10.19,10.19,10.19,10.19,8.74,-
20-Mar-19,10.2,10.2,10.2,10.2,8.75,-
21-Mar-19,10.21,10.21,10.21,10.21,8.76,-
22-Mar-19,10.23,10.23,10.23,10.23,8.77,-
25-Mar-19,10.23,10.23,10.23,10.23,8.77,-
26-Mar-19,10.23,10.23,10.23,10.23,8.77,-
27-Mar-19,10.24,10.24,10.24,10.24,8.78,-
28-Mar-19,10.25,10.25,10.25,10.25,8.79,-
29-Mar-19,10.24,10.24,10.24,10.24,8.78,-
01-Apr-19,10.22,10.22,10.22,10.22,8.77,-
02-Apr-19,10.23,10.23,10.23,10.23,8.77,-
03-Apr-19,10.22,10.22,10.22,10.22,8.77,-
04-Apr-19,10.22,10.22,10.22,10.22,8.77,-
05-Apr-19,10.22,10.22,10.22,10.22,8.77,-
08-Apr-19,10.23,10.23,10.23,10.23,8.77,-
09-Apr-19,10.23,10.23,10.23,10.23,8.77,-
10-Apr-19,10.24,10.24,10.24,10.24,8.78,-
11-Apr-19,10.23,10.23,10.23,10.23,8.77,-
12-Apr-19,10.23,10.23,10.23,10.23,8.77,-
15-Apr-19,10.23,10.23,10.23,10.23,8.77,-
16-Apr-19,10.22,10.22,10.22,10.22,8.77,-
17-Apr-19,10.22,10.22,10.22,10.22,8.77,-
18-Apr-19,10.23,10.23,10.23,10.23,8.77,-
22-Apr-19,10.23,10.23,10.23,10.23,8.77,-
23-Apr-19,10.23,10.23,10.23,10.23,8.77,-
24-Apr-19,10.25,10.25,10.25,10.25,8.79,-
25-Apr-19,10.25,10.25,10.25,10.25,8.79,-
26-Apr-19,10.25,10.25,10.25,10.25,8.79,-
29-Apr-19,10.25,10.25,10.25,10.25,8.79,-
30-Apr-19,10.26,10.26,10.26,10.26,8.8,-
01-May-19,10.25,10.25,10.25,10.25,8.79,-
02-May-19,10.24,10.24,10.24,10.24,8.78,-
03-May-19,10.25,10.25,10.25,10.25,8.79,-
06-May-19,10.26,10.26,10.26,10.26,8.8,-
07-May-19,10.26,10.26,10.26,10.26,8.8,-
08-May-19,10.25,10.25,10.25,10.25,8.79,-
09-May-19,10.26,10.26,10.26,10.26,8.8,-
10-May-19,10.26,10.26,10.26,10.26,8.8,-
13-May-19,10.27,10.27,10.27,10.27,8.81,-
14-May-19,10.27,10.27,10.27,10.27,8.81,-
15-May-19,10.28,10.28,10.28,10.28,8.82,-
16-May-19,10.28,10.28,10.28,10.28,8.82,-
17-May-19,10.28,10.28,10.28,10.28,8.82,-
20-May-19,10.27,10.27,10.27,10.27,8.81,-
21-May-19,10.27,10.27,10.27,10.27,8.81,-
22-May-19,10.27,10.27,10.27,10.27,8.81,-
23-May-19,10.28,10.28,10.28,10.28,8.82,-
24-May-19,10.29,10.29,10.29,10.29,8.83,-
28-May-19,10.3,10.3,10.3,10.3,8.83,-
29-May-19,10.3,10.3,10.3,10.3,8.83,-
30-May-19,10.31,10.31,10.31,10.31,8.84,-
31-May-19,10.33,10.33,10.33,10.33,8.86,-
03-Jun-19,10.34,10.34,10.34,10.34,8.87,-
04-Jun-19,10.34,10.34,10.34,10.34,8.87,-
05-Jun-19,10.34,10.34,10.34,10.34,8.87,-
06-Jun-19,10.34,10.34,10.34,10.34,8.87,-
07-Jun-19,10.35,10.35,10.35,10.35,8.88,-
10-Jun-19,10.34,10.34,10.34,10.34,8.87,-
11-Jun-19,10.34,10.34,10.34,10.34,8.87,-
12-Jun-19,10.35,10.35,10.35,10.35,8.88,-
13-Jun-19,10.35,10.35,10.35,10.35,8.88,-
14-Jun-19,10.35,10.35,10.35,10.35,8.88,-
17-Jun-19,10.35,10.35,10.35,10.35,8.88,-
18-Jun-19,10.37,10.37,10.37,10.37,8.89,-
19-Jun-19,10.38,10.38,10.38,10.38,8.9,-
20-Jun-19,10.39,10.39,10.39,10.39,8.91,-
21-Jun-19,10.38,10.38,10.38,10.38,8.9,-
24-Jun-19,10.39,10.39,10.39,10.39,8.91,-
25-Jun-19,10.39,10.39,10.39,10.39,8.91,-
26-Jun-19,10.38,10.38,10.38,10.38,8.9,-
27-Jun-19,10.36,10.36,10.36,10.36,8.91,-
28-Jun-19,10.37,10.37,10.37,10.37,8.92,-
01-Jul-19,10.36,10.36,10.36,10.36,8.91,-
02-Jul-19,10.37,10.37,10.37,10.37,8.92,-
03-Jul-19,10.37,10.37,10.37,10.37,8.92,-
05-Jul-19,10.36,10.36,10.36,10.36,8.91,-
08-Jul-19,10.36,10.36,10.36,10.36,8.91,-
09-Jul-19,10.35,10.35,10.35,10.35,8.9,-
10-Jul-19,10.36,10.36,10.36,10.36,8.91,-
11-Jul-19,10.36,10.36,10.36,10.36,8.91,-
12-Jul-19,10.36,10.36,10.36,10.36,8.91,-
15-Jul-19,10.36,10.36,10.36,10.36,8.91,-
16-Jul-19,10.36,10.36,10.36,10.36,8.91,-
17-Jul-19,10.37,10.37,10.37,10.37,8.92,-
18-Jul-19,10.38,10.38,10.38,10.38,8.93,-
19-Jul-19,10.38,10.38,10.38,10.38,8.93,-
22-Jul-19,10.38,10.38,10.38,10.38,8.93,-
23-Jul-19,10.38,10.38,10.38,10.38,8.93,-
24-Jul-19,10.38,10.38,10.38,10.38,8.93,-
25-Jul-19,10.38,10.38,10.38,10.38,8.93,-
26-Jul-19,10.38,10.38,10.38,10.38,8.93,-
29-Jul-19,10.38,10.38,10.38,10.38,8.93,-
30-Jul-19,10.38,10.38,10.38,10.38,8.93,-
31-Jul-19,10.39,10.39,10.39,10.39,8.94,-
01-Aug-19,10.41,10.41,10.41,10.41,8.95,-
02-Aug-19,10.41,10.41,10.41,10.41,8.95,-
05-Aug-19,10.42,10.42,10.42,10.42,8.96,-
06-Aug-19,10.43,10.43,10.43,10.43,8.97,-
07-Aug-19,10.44,10.44,10.44,10.44,8.98,-
08-Aug-19,10.43,10.43,10.43,10.43,8.97,-
09-Aug-19,10.43,10.43,10.43,10.43,8.97,-
12-Aug-19,10.44,10.44,10.44,10.44,8.98,-
13-Aug-19,10.44,10.44,10.44,10.44,8.98,-
14-Aug-19,10.44,10.44,10.44,10.44,8.98,-
15-Aug-19,10.46,10.46,10.46,10.46,9.0,-
16-Aug-19,10.46,10.46,10.46,10.46,9.0,-
19-Aug-19,10.45,10.45,10.45,10.45,8.99,-
20-Aug-19,10.46,10.46,10.46,10.46,9.0,-
21-Aug-19,10.46,10.46,10.46,10.46,9.0,-
22-Aug-19,10.45,10.45,10.45,10.45,8.99,-
23-Aug-19,10.46,10.46,10.46,10.46,9.0,-
26-Aug-19,10.46,10.46,10.46,10.46,9.0,-
27-Aug-19,10.47,10.47,10.47,10.47,9.0,-
28-Aug-19,10.48,10.48,10.48,10.48,9.01,-
29-Aug-19,10.48,10.48,10.48,10.48,9.01,-
30-Aug-19,10.47,10.47,10.47,10.47,9.0,-
03-Sep-19,10.48,10.48,10.48,10.48,9.01,-
04-Sep-19,10.48,10.48,10.48,10.48,9.01,-
05-Sep-19,10.47,10.47,10.47,10.47,9.0,-
06-Sep-19,10.47,10.47,10.47,10.47,9.0,-
09-Sep-19,10.46,10.46,10.46,10.46,9.0,-
10-Sep-19,10.44,10.44,10.44,10.44,8.98,-
11-Sep-19,10.44,10.44,10.44,10.44,8.98,-
12-Sep-19,10.43,10.43,10.43,10.43,8.97,-
13-Sep-19,10.41,10.41,10.41,10.41,8.95,-
16-Sep-19,10.42,10.42,10.42,10.42,8.96,-
17-Sep-19,10.43,10.43,10.43,10.43,8.97,-
18-Sep-19,10.43,10.43,10.43,10.43,8.97,-
19-Sep-19,10.43,10.43,10.43,10.43,8.97,-
20-Sep-19,10.44,10.44,10.44,10.44,8.98,-
23-Sep-19,10.45,10.45,10.45,10.45,8.99,-
24-Sep-19,10.46,10.46,10.46,10.46,9.0,-
25-Sep-19,10.46,10.46,10.46,10.46,9.0,-
26-Sep-19,10.45,10.45,10.45,10.45,8.99,-
27-Sep-19,10.42,10.42,10.42,10.42,8.99,-
30-Sep-19,10.43,10.43,10.43,10.43,8.99,-
01-Oct-19,10.44,10.44,10.44,10.44,9.0,-
02-Oct-19,10.44,10.44,10.44,10.44,9.0,-
03-Oct-19,10.46,10.46,10.46,10.46,9.02,-
04-Oct-19,10.46,10.46,10.46,10.46,9.02,-
07-Oct-19,10.45,10.45,10.45,10.45,9.01,-
08-Oct-19,10.46,10.46,10.46,10.46,9.02,-
09-Oct-19,10.45,10.45,10.45,10.45,9.01,-
10-Oct-19,10.44,10.44,10.44,10.44,9.0,-
11-Oct-19,10.43,10.43,10.43,10.43,8.99,-
14-Oct-19,10.43,10.43,10.43,10.43,8.99,-
15-Oct-19,10.42,10.42,10.42,10.42,8.99,-
16-Oct-19,10.43,10.43,10.43,10.43,8.99,-
17-Oct-19,10.43,10.43,10.43,10.43,8.99,-
18-Oct-19,10.43,10.43,10.43,10.43,8.99,-
21-Oct-19,10.43,10.43,10.43,10.43,8.99,-
22-Oct-19,10.43,10.43,10.43,10.43,8.99,-
23-Oct-19,10.43,10.43,10.43,10.43,8.99,-
24-Oct-19,10.44,10.44,10.44,10.44,9.0,-
25-Oct-19,10.43,10.43,10.43,10.43,8.99,-
28-Oct-19,10.42,10.42,10.42,10.42,8.99,-
29-Oct-19,10.43,10.43,10.43,10.43,8.99,-
30-Oct-19,10.43,10.43,10.43,10.43,8.99,-
31-Oct-19,10.45,10.45,10.45,10.45,9.01,-
01-Nov-19,10.45,10.45,10.45,10.45,9.01,-
04-Nov-19,10.44,10.44,10.44,10.44,9.0,-
05-Nov-19,10.43,10.43,10.43,10.43,8.99,-
06-Nov-19,10.44,10.44,10.44,10.44,9.0,-
07-Nov-19,10.42,10.42,10.42,10.42,8.99,-
08-Nov-19,10.42,10.42,10.42,10.42,8.99,-
11-Nov-19,10.42,10.42,10.42,10.42,8.99,-
12-Nov-19,10.42,10.42,10.42,10.42,8.99,-
13-Nov-19,10.43,10.43,10.43,10.43,8.99,-
14-Nov-19,10.44,10.44,10.44,10.44,9.0,-
15-Nov-19,10.44,10.44,10.44,10.44,9.0,-
18-Nov-19,10.44,10.44,10.44,10.44,9.0,-
19-Nov-19,10.45,10.45,10.45,10.45,9.01,-
20-Nov-19,10.45,10.45,10.45,10.45,9.01,-
21-Nov-19,10.45,10.45,10.45,10.45,9.01,-
22-Nov-19,10.45,10.45,10.45,10.45,9.01,-
25-Nov-19,10.45,10.45,10.45,10.45,9.01,-
26-Nov-19,10.46,10.46,10.46,10.46,9.02,-
27-Nov-19,10.45,10.45,10.45,10.45,9.01,-
29-Nov-19,10.45,10.45,10.45,10.45,9.01,-
02-Dec-19,10.44,10.44,10.44,10.44,9.0,-
03-Dec-19,10.46,10.46,10.46,10.46,9.02,-
04-Dec-19,10.46,10.46,10.46,10.46,9.02,-
05-Dec-19,10.45,10.45,10.45,10.45,9.01,-
06-Dec-19,10.45,10.45,10.45,10.45,9.01,-
09-Dec-19,10.45,10.45,10.45,10.45,9.01,-
10-Dec-19,10.45,10.45,10.45,10.45,9.01,-
11-Dec-19,10.46,10.46,10.46,10.46,9.02,-
12-Dec-19,10.44,10.44,10.44,10.44,9.0,-
13-Dec-19,10.46,10.46,10.46,10.46,9.02,-
16-Dec-19,10.45,10.45,10.45,10.45,9.01,-
17-Dec-19,10.45,10.45,10.45,10.45,9.01,-
18-Dec-19,10.45,10.45,10.45,10.45,9.01,-
19-Dec-19,10.45,10.45,10.45,10.45,9.01,-
20-Dec-19,10.45,10.45,10.45,10.45,9.01,-
23-Dec-19,10.45,10.45,10.45,10.45,9.01,-
24-Dec-19,10.46,10.46,10.46,10.46,9.02,-
26-Dec-19,10.46,10.46,10.46,10.46,9.02,-
27-Dec-19,10.37,10.37,10.37,10.37,9.02,-
30-Dec-19,10.37,10.37,10.37,10.37,9.02,-
31-Dec-19,10.37,10.37,10.37,10.37,9.02,-
02-Jan-20,10.38,10.38,10.38,10.38,9.03,-
03-Jan-20,10.39,10.39,10.39,10.39,9.04,-
06-Jan-20,10.39,10.39,10.39,10.39,9.04,-
07-Jan-20,10.38,10.38,10.38,10.38,9.03,-
08-Jan-20,10.38,10.38,10.38,10.38,9.03,-
09-Jan-20,10.38,10.38,10.38,10.38,9.03,-
10-Jan-20,10.39,10.39,10.39,10.39,9.04,-
13-Jan-20,10.38,10.38,10.38,10.38,9.03,-
14-Jan-20,10.39,10.39,10.39,10.39,9.04,-
15-Jan-20,10.39,10.39,10.39,10.39,9.04,-
16-Jan-20,10.39,10.39,10.39,10.39,9.04,-
17-Jan-20,10.39,10.39,10.39,10.39,9.04,-
21-Jan-20,10.4,10.4,10.4,10.4,9.05,-
22-Jan-20,10.4,10.4,10.4,10.4,9.05,-
23-Jan-20,10.42,10.42,10.42,10.42,9.07,-
24-Jan-20,10.42,10.42,10.42,10.42,9.07,-
27-Jan-20,10.44,10.44,10.44,10.44,9.08,-
28-Jan-20,10.43,10.43,10.43,10.43,9.08,-
29-Jan-20,10.45,10.45,10.45,10.45,9.09,-
30-Jan-20,10.45,10.45,10.45,10.45,9.09,-
31-Jan-20,10.46,10.46,10.46,10.46,9.1,-
03-Feb-20,10.46,10.46,10.46,10.46,9.1,-
04-Feb-20,10.45,10.45,10.45,10.45,9.09,-
05-Feb-20,10.44,10.44,10.44,10.44,9.08,-
06-Feb-20,10.44,10.44,10.44,10.44,9.08,-
07-Feb-20,10.45,10.45,10.45,10.45,9.09,-
10-Feb-20,10.46,10.46,10.46,10.46,9.1,-
11-Feb-20,10.45,10.45,10.45,10.45,9.09,-
12-Feb-20,10.45,10.45,10.45,10.45,9.09,-
13-Feb-20,10.45,10.45,10.45,10.45,9.09,-
14-Feb-20,10.46,10.46,10.46,10.46,9.1,-
18-Feb-20,10.46,10.46,10.46,10.46,9.1,-
19-Feb-20,10.46,10.46,10.46,10.46,9.1,-
20-Feb-20,10.47,10.47,10.47,10.47,9.11,-
21-Feb-20,10.48,10.48,10.48,10.48,9.12,-
24-Feb-20,10.49,10.49,10.49,10.49,9.13,-
25-Feb-20,10.5,10.5,10.5,10.5,9.14,-
26-Feb-20,10.49,10.49,10.49,10.49,9.13,-
27-Feb-20,10.49,10.49,10.49,10.49,9.13,-
28-Feb-20,10.52,10.52,10.52,10.52,9.15,-
02-Mar-20,10.51,10.51,10.51,10.51,9.15,-
03-Mar-20,10.55,10.55,10.55,10.55,9.18,-
04-Mar-20,10.55,10.55,10.55,10.55,9.18,-
05-Mar-20,10.56,10.56,10.56,10.56,9.19,-
06-Mar-20,10.57,10.57,10.57,10.57,9.2,-
09-Mar-20,10.57,10.57,10.57,10.57,9.2,-
10-Mar-20,10.48,10.48,10.48,10.48,9.12,-
11-Mar-20,10.42,10.42,10.42,10.42,9.07,-
12-Mar-20,10.42,10.42,10.42,10.42,9.07,-
13-Mar-20,10.31,10.31,10.31,10.31,8.97,-
16-Mar-20,10.31,10.31,10.31,10.31,8.97,-
17-Mar-20,10.19,10.19,10.19,10.19,8.87,-
18-Mar-20,10.06,10.06,10.06,10.06,8.75,-
19-Mar-20,9.98,9.98,9.98,9.98,8.68,-
20-Mar-20,10.07,10.07,10.07,10.07,8.76,-
23-Mar-20,10.18,10.18,10.18,10.18,8.86,-
24-Mar-20,10.22,10.22,10.22,10.22,8.89,-
25-Mar-20,10.29,10.29,10.29,10.29,8.95,-
26-Mar-20,10.3,10.3,10.3,10.3,8.98,-
27-Mar-20,10.32,10.32,10.32,10.32,8.99,-
30-Mar-20,10.33,10.33,10.33,10.33,9.0,-
31-Mar-20,10.34,10.34,10.34,10.34,9.01,-
01-Apr-20,10.32,10.32,10.32,10.32,8.99,-
02-Apr-20,10.34,10.34,10.34,10.34,9.01,-
03-Apr-20,10.34,10.34,10.34,10.34,9.01,-
06-Apr-20,10.36,10.36,10.36,10.36,9.03,-
07-Apr-20,10.37,10.37,10.37,10.37,9.04,-
08-Apr-20,10.39,10.39,10.39,10.39,9.05,-
09-Apr-20,10.46,10.46,10.46,10.46,9.12,-
13-Apr-20,10.45,10.45,10.45,10.45,9.11,-
14-Apr-20,10.46,10.46,10.46,10.46,9.12,-
15-Apr-20,10.48,10.48,10.48,10.48,9.13,-
16-Apr-20,10.46,10.46,10.46,10.46,9.12,-
17-Apr-20,10.47,10.47,10.47,10.47,9.12,-
20-Apr-20,10.45,10.45,10.45,10.45,9.11,-
21-Apr-20,10.45,10.45,10.45,10.45,9.11,-
22-Apr-20,10.45,10.45,10.45,10.45,9.11,-
23-Apr-20,10.46,10.46,10.46,10.46,9.12,-
24-Apr-20,10.47,10.47,10.47,10.47,9.12,-
27-Apr-20,10.46,10.46,10.46,10.46,9.12,-
28-Apr-20,10.47,10.47,10.47,10.47,9.12,-
29-Apr-20,10.48,10.48,10.48,10.48,9.13,-
30-Apr-20,10.49,10.49,10.49,10.49,9.14,-
01-May-20,10.48,10.48,10.48,10.48,9.13,-
04-May-20,10.48,10.48,10.48,10.48,9.13,-
05-May-20,10.48,10.48,10.48,10.48,9.13,-
06-May-20,10.47,10.47,10.47,10.47,9.12,-
07-May-20,10.49,10.49,10.49,10.49,9.14,-
08-May-20,10.48,10.48,10.48,10.48,9.13,-
11-May-20,10.47,10.47,10.47,10.47,9.12,-
12-May-20,10.48,10.48,10.48,10.48,9.13,-
13-May-20,10.49,10.49,10.49,10.49,9.14,-
14-May-20,10.5,10.5,10.5,10.5,9.15,-
15-May-20,10.5,10.5,10.5,10.5,9.15,-
18-May-20,10.5,10.5,10.5,10.5,9.15,-
19-May-20,10.5,10.5,10.5,10.5,9.15,-
20-May-20,10.52,10.52,10.52,10.52,9.17,-
21-May-20,10.52,10.52,10.52,10.52,9.17,-
22-May-20,10.52,10.52,10.52,10.52,9.17,-
26-May-20,10.52,10.52,10.52,10.52,9.17,-
27-May-20,10.53,10.53,10.53,10.53,9.18,-
28-May-20,10.54,10.54,10.54,10.54,9.19,-
29-May-20,10.55,10.55,10.55,10.55,9.19,-
01-Jun-20,10.55,10.55,10.55,10.55,9.19,-
02-Jun-20,10.55,10.55,10.55,10.55,9.19,-
03-Jun-20,10.54,10.54,10.54,10.54,9.19,-
04-Jun-20,10.53,10.53,10.53,10.53,9.18,-
05-Jun-20,10.54,10.54,10.54,10.54,9.19,-
08-Jun-20,10.55,10.55,10.55,10.55,9.19,-
09-Jun-20,10.55,10.55,10.55,10.55,9.19,-
10-Jun-20,10.57,10.57,10.57,10.57,9.21,-
11-Jun-20,10.55,10.55,10.55,10.55,9.19,-
12-Jun-20,10.56,10.56,10.56,10.56,9.2,-
15-Jun-20,10.58,10.58,10.58,10.58,9.22,-
16-Jun-20,10.58,10.58,10.58,10.58,9.22,-
17-Jun-20,10.58,10.58,10.58,10.58,9.22,-
18-Jun-20,10.58,10.58,10.58,10.58,9.22,-
19-Jun-20,10.58,10.58,10.58,10.58,9.22,-
22-Jun-20,10.58,10.58,10.58,10.58,9.22,-
23-Jun-20,10.58,10.58,10.58,10.58,9.22,-
24-Jun-20,10.58,10.58,10.58,10.58,9.22,-
25-Jun-20,10.55,10.55,10.55,10.55,9.22,-
26-Jun-20,10.56,10.56,10.56,10.56,9.23,-
29-Jun-20,10.56,10.56,10.56,10.56,9.23,-
30-Jun-20,10.56,10.56,10.56,10.56,9.23,-
01-Jul-20,10.56,10.56,10.56,10.56,9.23,-
02-Jul-20,10.57,10.57,10.57,10.57,9.24,-
06-Jul-20,10.57,10.57,10.57,10.57,9.24,-
07-Jul-20,10.57,10.57,10.57,10.57,9.24,-
08-Jul-20,10.57,10.57,10.57,10.57,9.24,-
09-Jul-20,10.57,10.57,10.57,10.57,9.24,-
10-Jul-20,10.57,10.57,10.57,10.57,9.24,-
13-Jul-20,10.57,10.57,10.57,10.57,9.24,-
14-Jul-20,10.58,10.58,10.58,10.58,9.25,-
15-Jul-20,10.58,10.58,10.58,10.58,9.25,-
16-Jul-20,10.58,10.58,10.58,10.58,9.25,-
17-Jul-20,10.59,10.59,10.59,10.59,9.26,-
20-Jul-20,10.59,10.59,10.59,10.59,9.26,-
21-Jul-20,10.6,10.6,10.6,10.6,9.26,-
22-Jul-20,10.6,10.6,10.6,10.6,9.26,-
23-Jul-20,10.6,10.6,10.6,10.6,9.26,-
24-Jul-20,10.6,10.6,10.6,10.6,9.26,-
27-Jul-20,10.6,10.6,10.6,10.6,9.26,-
28-Jul-20,10.6,10.6,10.6,10.6,9.26,-
29-Jul-20,10.61,10.61,10.61,10.61,9.27,-
30-Jul-20,10.62,10.62,10.62,10.62,9.28,-
31-Jul-20,10.62,10.62,10.62,10.62,9.28,-
03-Aug-20,10.62,10.62,10.62,10.62,9.28,-
04-Aug-20,10.63,10.63,10.63,10.63,9.29,-
05-Aug-20,10.62,10.62,10.62,10.62,9.28,-
06-Aug-20,10.63,10.63,10.63,10.63,9.29,-
07-Aug-20,10.62,10.62,10.62,10.62,9.28,-
10-Aug-20,10.62,10.62,10.62,10.62,9.28,-
11-Aug-20,10.61,10.61,10.61,10.61,9.27,-
12-Aug-20,10.61,10.61,10.61,10.61,9.27,-
13-Aug-20,10.6,10.6,10.6,10.6,9.26,-
14-Aug-20,10.59,10.59,10.59,10.59,9.26,-
17-Aug-20,10.6,10.6,10.6,10.6,9.26,-
18-Aug-20,10.61,10.61,10.61,10.61,9.27,-
19-Aug-20,10.61,10.61,10.61,10.61,9.27,-
20-Aug-20,10.61,10.61,10.61,10.61,9.27,-
21-Aug-20,10.61,10.61,10.61,10.61,9.27,-
24-Aug-20,10.61,10.61,10.61,10.61,9.27,-
25-Aug-20,10.6,10.6,10.6,10.6,9.26,-
26-Aug-20,10.6,10.6,10.6,10.6,9.26,-
27-Aug-20,10.59,10.59,10.59,10.59,9.26,-
28-Aug-20,10.6,10.6,10.6,10.6,9.26,-
31-Aug-20,10.61,10.61,10.61,10.61,9.27,-
01-Sep-20,10.62,10.62,10.62,10.62,9.28,-
02-Sep-20,10.62,10.62,10.62,10.62,9.28,-
03-Sep-20,10.62,10.62,10.62,10.62,9.28,-
04-Sep-20,10.61,10.61,10.61,10.61,9.27,-
08-Sep-20,10.61,10.61,10.61,10.61,9.27,-
09-Sep-20,10.61,10.61,10.61,10.61,9.27,-
10-Sep-20,10.61,10.61,10.61,10.61,9.27,-
11-Sep-20,10.61,10.61,10.61,10.61,9.27,-
14-Sep-20,10.61,10.61,10.61,10.61,9.27,-
15-Sep-20,10.61,10.61,10.61,10.61,9.27,-
16-Sep-20,10.62,10.62,10.62,10.62,9.28,-
17-Sep-20,10.62,10.62,10.62,10.62,9.28,-
18-Sep-20,10.61,10.61,10.61,10.61,9.27,-
21-Sep-20,10.61,10.61,10.61,10.61,9.27,-
22-Sep-20,10.61,10.61,10.61,10.61,9.27,-
23-Sep-20,10.61,10.61,10.61,10.61,9.27,-
24-Sep-20,10.59,10.59,10.59,10.59,9.27,-
25-Sep-20,10.59,10.59,10.59,10.59,9.27,-
28-Sep-20,10.59,10.59,10.59,10.59,9.27,-
29-Sep-20,10.6,10.6,10.6,10.6,9.28,-
30-Sep-20,10.59,10.59,10.59,10.59,9.27,-
01-Oct-20,10.6,10.6,10.6,10.6,9.28,-
02-Oct-20,10.6,10.6,10.6,10.6,9.28,-
05-Oct-20,10.59,10.59,10.59,10.59,9.27,-
06-Oct-20,10.59,10.59,10.59,10.59,9.27,-
07-Oct-20,10.59,10.59,10.59,10.59,9.27,-
08-Oct-20,10.6,10.6,10.6,10.6,9.28,-
09-Oct-20,10.6,10.6,10.6,10.6,9.28,-
12-Oct-20,10.61,10.61,10.61,10.61,9.29,-
13-Oct-20,10.61,10.61,10.61,10.61,9.29,-
14-Oct-20,10.61,10.61,10.61,10.61,9.29,-
15-Oct-20,10.61,10.61,10.61,10.61,9.29,-
16-Oct-20,10.61,10.61,10.61,10.61,9.29,-
19-Oct-20,10.61,10.61,10.61,10.61,9.29,-
20-Oct-20,10.6,10.6,10.6,10.6,9.28,-
21-Oct-20,10.6,10.6,10.6,10.6,9.28,-
22-Oct-20,10.59,10.59,10.59,10.59,9.27,-
23-Oct-20,10.6,10.6,10.6,10.6,9.28,-
26-Oct-20,10.6,10.6,10.6,10.6,9.28,-
27-Oct-20,10.61,10.61,10.61,10.61,9.29,-
28-Oct-20,10.6,10.6,10.6,10.6,9.28,-
29-Oct-20,10.6,10.6,10.6,10.6,9.28,-
30-Oct-20,10.59,10.59,10.59,10.59,9.27,-
02-Nov-20,10.6,10.6,10.6,10.6,9.28,-
03-Nov-20,10.59,10.59,10.59,10.59,9.27,-
04-Nov-20,10.61,10.61,10.61,10.61,9.29,-
05-Nov-20,10.61,10.61,10.61,10.61,9.29,-
06-Nov-20,10.61,10.61,10.61,10.61,9.29,-
09-Nov-20,10.59,10.59,10.59,10.59,9.27,-
10-Nov-20,10.59,10.59,10.59,10.59,9.27,-
11-Nov-20,10.59,10.59,10.59,10.59,9.27,-
12-Nov-20,10.6,10.6,10.6,10.6,9.28,-
13-Nov-20,10.6,10.6,10.6,10.6,9.28,-
16-Nov-20,10.6,10.6,10.6,10.6,9.28,-
17-Nov-20,10.61,10.61,10.61,10.61,9.29,-
18-Nov-20,10.61,10.61,10.61,10.61,9.29,-
19-Nov-20,10.62,10.62,10.62,10.62,9.29,-
20-Nov-20,10.62,10.62,10.62,10.62,9.29,-
23-Nov-20,10.62,10.62,10.62,10.62,9.29,-
24-Nov-20,10.62,10.62,10.62,10.62,9.29,-
25-Nov-20,10.62,10.62,10.62,10.62,9.29,-
27-Nov-20,10.62,10.62,10.62,10.62,9.29,-
30-Nov-20,10.63,10.63,10.63,10.63,9.3,-
01-Dec-20,10.62,10.62,10.62,10.62,9.29,-
02-Dec-20,10.62,10.62,10.62,10.62,9.29,-
03-Dec-20,10.63,10.63,10.63,10.63,9.3,-
04-Dec-20,10.62,10.62,10.62,10.62,9.29,-
07-Dec-20,10.63,10.63,10.63,10.63,9.3,-
08-Dec-20,10.63,10.63,10.63,10.63,9.3,-
09-Dec-20,10.62,10.62,10.62,10.62,9.29,-
10-Dec-20,10.63,10.63,10.63,10.63,9.3,-
11-Dec-20,10.64,10.64,10.64,10.64,9.31,-
14-Dec-20,10.64,10.64,10.64,10.64,9.31,-
15-Dec-20,10.64,10.64,10.64,10.64,9.31,-
16-Dec-20,10.64,10.64,10.64,10.64,9.31,-
17-Dec-20,10.63,10.63,10.63,10.63,9.3,-
18-Dec-20,10.63,10.63,10.63,10.63,9.3,-
21-Dec-20,10.63,10.63,10.63,10.63,9.3,-
22-Dec-20,10.64,10.64,10.64,10.64,9.31,-
23-Dec-20,10.64,10.64,10.64,10.64,9.31,-
24-Dec-20,10.64,10.64,10.64,10.64,9.31,-
28-Dec-20,10.64,10.64,10.64,10.64,9.31,-
29-Dec-20,10.58,10.58,10.58,10.58,9.32,-
30-Dec-20,10.58,10.58,10.58,10.58,9.32,-
31-Dec-20,10.58,10.58,10.58,10.58,9.32,-
04-Jan-21,10.59,10.59,10.59,10.59,9.33,-
05-Jan-21,10.58,10.58,10.58,10.58,9.32,-
06-Jan-21,10.57,10.57,10.57,10.57,9.31,-
07-Jan-21,10.57,10.57,10.57,10.57,9.31,-
08-Jan-21,10.56,10.56,10.56,10.56,9.3,-
11-Jan-21,10.56,10.56,10.56,10.56,9.3,-
12-Jan-21,10.56,10.56,10.56,10.56,9.3,-
13-Jan-21,10.57,10.57,10.57,10.57,9.31,-
14-Jan-21,10.56,10.56,10.56,10.56,9.3,-
15-Jan-21,10.56,10.56,10.56,10.56,9.3,-
19-Jan-21,10.57,10.57,10.57,10.57,9.31,-
20-Jan-21,10.57,10.57,10.57,10.57,9.31,-
21-Jan-21,10.57,10.57,10.57,10.57,9.31,-
22-Jan-21,10.57,10.57,10.57,10.57,9.31,-
25-Jan-21,10.57,10.57,10.57,10.57,9.31,-
26-Jan-21,10.57,10.57,10.57,10.57,9.31,-
27-Jan-21,10.57,10.57,10.57,10.57,9.31,-
28-Jan-21,10.57,10.57,10.57,10.57,9.31,-
29-Jan-21,10.56,10.56,10.56,10.56,9.3,-
01-Feb-21,10.57,10.57,10.57,10.57,9.31,-
02-Feb-21,10.56,10.56,10.56,10.56,9.3,-
03-Feb-21,10.56,10.56,10.56,10.56,9.3,-
04-Feb-21,10.56,10.56,10.56,10.56,9.3,-
05-Feb-21,10.56,10.56,10.56,10.56,9.3,-
08-Feb-21,10.56,10.56,10.56,10.56,9.3,-
09-Feb-21,10.56,10.56,10.56,10.56,9.3,-
10-Feb-21,10.56,10.56,10.56,10.56,9.3,-
11-Feb-21,10.56,10.56,10.56,10.56,9.3,-
12-Feb-21,10.55,10.55,10.55,10.55,9.29,-
16-Feb-21,10.53,10.53,10.53,10.53,9.28,-
17-Feb-21,10.54,10.54,10.54,10.54,9.28,-
18-Feb-21,10.53,10.53,10.53,10.53,9.28,-
19-Feb-21,10.52,10.52,10.52,10.52,9.27,-
22-Feb-21,10.51,10.51,10.51,10.51,9.26,-
23-Feb-21,10.52,10.52,10.52,10.52,9.27,-
24-Feb-21,10.51,10.51,10.51,10.51,9.26,-
25-Feb-21,10.47,10.47,10.47,10.47,9.22,-
26-Feb-21,10.5,10.5,10.5,10.5,9.25,-
01-Mar-21,10.5,10.5,10.5,10.5,9.25,-
02-Mar-21,10.51,10.51,10.51,10.51,9.26,-
03-Mar-21,10.49,10.49,10.49,10.49,9.24,-
04-Mar-21,10.48,10.48,10.48,10.48,9.23,-
05-Mar-21,10.48,10.48,10.48,10.48,9.23,-
08-Mar-21,10.46,10.46,10.46,10.46,9.21,-
09-Mar-21,10.47,10.47,10.47,10.47,9.22,-
10-Mar-21,10.47,10.47,10.47,10.47,9.22,-
11-Mar-21,10.49,10.49,10.49,10.49,9.24,-
12-Mar-21,10.47,10.47,10.47,10.47,9.22,-
15-Mar-21,10.48,10.48,10.48,10.48,9.23,-
16-Mar-21,10.48,10.48,10.48,10.48,9.23,-
17-Mar-21,10.48,10.48,10.48,10.48,9.23,-
18-Mar-21,10.46,10.46,10.46,10.46,9.21,-
19-Mar-21,10.46,10.46,10.46,10.46,9.21,-
22-Mar-21,10.47,10.47,10.47,10.47,9.22,-
23-Mar-21,10.48,10.48,10.48,10.48,9.23,-
24-Mar-21,10.49,10.49,10.49,10.49,9.24,-
25-Mar-21,10.49,10.49,10.49,10.49,9.24,-
26-Mar-21,10.48,10.48,10.48,10.48,9.23,-
29-Mar-21,10.47,10.47,10.47,10.47,9.22,-
30-Mar-21,10.47,10.47,10.47,10.47,9.22,-
31-Mar-21,10.47,10.47,10.47,10.47,9.22,-
01-Apr-21,10.48,10.48,10.48,10.48,9.23,-
05-Apr-21,10.47,10.47,10.47,10.47,9.22,-
06-Apr-21,10.48,10.48,10.48,10.48,9.23,-
07-Apr-21,10.48,10.48,10.48,10.48,9.23,-
08-Apr-21,10.49,10.49,10.49,10.49,9.24,-
09-Apr-21,10.48,10.48,10.48,10.48,9.23,-
12-Apr-21,10.48,10.48,10.48,10.48,9.23,-
13-Apr-21,10.49,10.49,10.49,10.49,9.24,-
14-Apr-21,10.49,10.49,10.49,10.49,9.24,-
15-Apr-21,10.5,10.5,10.5,10.5,9.25,-
16-Apr-21,10.49,10.49,10.49,10.49,9.24,-
19-Apr-21,10.49,10.49,10.49,10.49,9.24,-
20-Apr-21,10.49,10.49,10.49,10.49,9.24,-
21-Apr-21,10.5,10.5,10.5,10.5,9.25,-
22-Apr-21,10.5,10.5,10.5,10.5,9.25,-
23-Apr-21,10.5,10.5,10.5,10.5,9.25,-
26-Apr-21,10.49,10.49,10.49,10.49,9.24,-
27-Apr-21,10.49,10.49,10.49,10.49,9.24,-
28-Apr-21,10.49,10.49,10.49,10.49,9.24,-
29-Apr-21,10.49,10.49,10.49,10.49,9.24,-
30-Apr-21,10.49,10.49,10.49,10.49,9.24,-
03-May-21,10.5,10.5,10.5,10.5,9.25,-
04-May-21,10.5,10.5,10.5,10.5,9.25,-
05-May-21,10.51,10.51,10.51,10.51,9.26,-
06-May-21,10.51,10.51,10.51,10.51,9.26,-
07-May-21,10.51,10.51,10.51,10.51,9.26,-
10-May-21,10.5,10.5,10.5,10.5,9.25,-
11-May-21,10.5,10.5,10.5,10.5,9.25,-
12-May-21,10.49,10.49,10.49,10.49,9.24,-
13-May-21,10.49,10.49,10.49,10.49,9.24,-
14-May-21,10.5,10.5,10.5,10.5,9.25,-
17-May-21,10.5,10.5,10.5,10.5,9.25,-
18-May-21,10.49,10.49,10.49,10.49,9.24,-
19-May-21,10.49,10.49,10.49,10.49,9.24,-
20-May-21,10.5,10.5,10.5,10.5,9.25,-
21-May-21,10.5,10.5,10.5,10.5,9.25,-
24-May-21,10.5,10.5,10.5,10.5,9.25,-
25-May-21,10.51,10.51,10.51,10.51,9.26,-
26-May-21,10.51,10.51,10.51,10.51,9.26,-
27-May-21,10.51,10.51,10.51,10.51,9.26,-
28-May-21,10.51,10.51,10.51,10.51,9.26,-
01-Jun-21,10.51,10.51,10.51,10.51,9.26,-
02-Jun-21,10.51,10.51,10.51,10.51,9.26,-
03-Jun-21,10.5,10.5,10.5,10.5,9.25,-
04-Jun-21,10.52,10.52,10.52,10.52,9.27,-
07-Jun-21,10.51,10.51,10.51,10.51,9.26,-
08-Jun-21,10.52,10.52,10.52,10.52,9.27,-
09-Jun-21,10.52,10.52,10.52,10.52,9.27,-
10-Jun-21,10.53,10.53,10.53,10.53,9.28,-
11-Jun-21,10.53,10.53,10.53,10.53,9.28,-
14-Jun-21,10.52,10.52,10.52,10.52,9.27,-
15-Jun-21,10.52,10.52,10.52,10.52,9.27,-
16-Jun-21,10.5,10.5,10.5,10.5,9.25,-
17-Jun-21,10.51,10.51,10.51,10.51,9.26,-
18-Jun-21,10.51,10.51,10.51,10.51,9.26,-
21-Jun-21,10.51,10.51,10.51,10.51,9.26,-
22-Jun-21,10.51,10.51,10.51,10.51,9.26,-
23-Jun-21,10.51,10.51,10.51,10.51,9.26,-
24-Jun-21,10.51,10.51,10.51,10.51,9.26,-
25-Jun-21,10.51,10.51,10.51,10.51,9.26,-
28-Jun-21,10.51,10.51,10.51,10.51,9.26,-
29-Jun-21,10.51,10.51,10.51,10.51,9.26,-
30-Jun-21,10.52,10.52,10.52,10.52,9.27,-
01-Jul-21,10.52,10.52,10.52,10.52,9.27,-
02-Jul-21,10.53,10.53,10.53,10.53,9.28,-
06-Jul-21,10.54,10.54,10.54,10.54,9.28,-
07-Jul-21,10.54,10.54,10.54,10.54,9.28,-
08-Jul-21,10.55,10.55,10.55,10.55,9.29,-
09-Jul-21,10.54,10.54,10.54,10.54,9.28,-
12-Jul-21,10.54,10.54,10.54,10.54,9.28,-
13-Jul-21,10.53,10.53,10.53,10.53,9.28,-
14-Jul-21,10.54,10.54,10.54,10.54,9.28,-
15-Jul-21,10.55,10.55,10.55,10.55,9.29,-
16-Jul-21,10.55,10.55,10.55,10.55,9.29,-
19-Jul-21,10.56,10.56,10.56,10.56,9.3,-
20-Jul-21,10.56,10.56,10.56,10.56,9.3,-
21-Jul-21,10.55,10.55,10.55,10.55,9.29,-
22-Jul-21,10.56,10.56,10.56,10.56,9.3,-
23-Jul-21,10.56,10.56,10.56,10.56,9.3,-
26-Jul-21,10.56,10.56,10.56,10.56,9.3,-
27-Jul-21,10.57,10.57,10.57,10.57,9.31,-
28-Jul-21,10.57,10.57,10.57,10.57,9.31,-
29-Jul-21,10.56,10.56,10.56,10.56,9.3,-
30-Jul-21,10.57,10.57,10.57,10.57,9.31,-
02-Aug-21,10.57,10.57,10.57,10.57,9.31,-
03-Aug-21,10.58,10.58,10.58,10.58,9.32,-
04-Aug-21,10.58,10.58,10.58,10.58,9.32,-
05-Aug-21,10.57,10.57,10.57,10.57,9.31,-
06-Aug-21,10.56,10.56,10.56,10.56,9.3,-
09-Aug-21,10.55,10.55,10.55,10.55,9.29,-
10-Aug-21,10.55,10.55,10.55,10.55,9.29,-
11-Aug-21,10.55,10.55,10.55,10.55,9.29,-
12-Aug-21,10.55,10.55,10.55,10.55,9.29,-
13-Aug-21,10.56,10.56,10.56,10.56,9.3,-
16-Aug-21,10.56,10.56,10.56,10.56,9.3,-
17-Aug-21,10.56,10.56,10.56,10.56,9.3,-
18-Aug-21,10.56,10.56,10.56,10.56,9.3,-
19-Aug-21,10.56,10.56,10.56,10.56,9.3,-
20-Aug-21,10.56,10.56,10.56,10.56,9.3,-
23-Aug-21,10.56,10.56,10.56,10.56,9.3,-
24-Aug-21,10.55,10.55,10.55,10.55,9.29,-
25-Aug-21,10.55,10.55,10.55,10.55,9.29,-
26-Aug-21,10.55,10.55,10.55,10.55,9.29,-
27-Aug-21,10.56,10.56,10.56,10.56,9.3,-
30-Aug-21,10.56,10.56,10.56,10.56,9.3,-
31-Aug-21,10.56,10.56,10.56,10.56,9.3,-
01-Sep-21,10.55,10.55,10.55,10.55,9.29,-
02-Sep-21,10.56,10.56,10.56,10.56,9.3,-
03-Sep-21,10.55,10.55,10.55,10.55,9.29,-
07-Sep-21,10.54,10.54,10.54,10.54,9.28,-
08-Sep-21,10.55,10.55,10.55,10.55,9.29,-
09-Sep-21,10.56,10.56,10.56,10.56,9.3,-
10-Sep-21,10.55,10.55,10.55,10.55,9.29,-
13-Sep-21,10.55,10.55,10.55,10.55,9.29,-
14-Sep-21,10.56,10.56,10.56,10.56,9.3,-
15-Sep-21,10.55,10.55,10.55,10.55,9.29,-
16-Sep-21,10.55,10.55,10.55,10.55,9.29,-
17-Sep-21,10.54,10.54,10.54,10.54,9.28,-
20-Sep-21,10.55,10.55,10.55,10.55,9.29,-
21-Sep-21,10.55,10.55,10.55,10.55,9.29,-
22-Sep-21,10.55,10.55,10.55,10.55,9.29,-
23-Sep-21,10.52,10.52,10.52,10.52,9.27,-
24-Sep-21,10.52,10.52,10.52,10.52,9.27,-
27-Sep-21,10.52,10.52,10.52,10.52,9.27,-
28-Sep-21,10.5,10.5,10.5,10.5,9.25,-
29-Sep-21,10.51,10.51,10.51,10.51,9.26,-
30-Sep-21,10.5,10.5,10.5,10.5,9.25,-
01-Oct-21,10.52,10.52,10.52,10.52,9.27,-
04-Oct-21,10.52,10.52,10.52,10.52,9.27,-
05-Oct-21,10.5,10.5,10.5,10.5,9.25,-
06-Oct-21,10.5,10.5,10.5,10.5,9.25,-
07-Oct-21,10.5,10.5,10.5,10.5,9.25,-
08-Oct-21,10.49,10.49,10.49,10.49,9.25,-
11-Oct-21,10.48,10.48,10.48,10.48,9.24,-
12-Oct-21,10.49,10.49,10.49,10.49,9.25,-
13-Oct-21,10.49,10.49,10.49,10.49,9.25,-
14-Oct-21,10.5,10.5,10.5,10.5,9.25,-
15-Oct-21,10.49,10.49,10.49,10.49,9.25,-
18-Oct-21,10.48,10.48,10.48,10.48,9.24,-
19-Oct-21,10.47,10.47,10.47,10.47,9.23,-
20-Oct-21,10.47,10.47,10.47,10.47,9.23,-
21-Oct-21,10.46,10.46,10.46,10.46,9.22,-
22-Oct-21,10.47,10.47,10.47,10.47,9.23,-
25-Oct-21,10.47,10.47,10.47,10.47,9.23,-
26-Oct-21,10.48,10.48,10.48,10.48,9.24,-
27-Oct-21,10.49,10.49,10.49,10.49,9.25,-
28-Oct-21,10.47,10.47,10.47,10.47,9.23,-
29-Oct-21,10.47,10.47,10.47,10.47,9.23,-
01-Nov-21,10.47,10.47,10.47,10.47,9.23,-
02-Nov-21,10.48,10.48,10.48,10.48,9.24,-
03-Nov-21,10.48,10.48,10.48,10.48,9.24,-
04-Nov-21,10.49,10.49,10.49,10.49,9.25,-
05-Nov-21,10.51,10.51,10.51,10.51,9.26,-
08-Nov-21,10.5,10.5,10.5,10.5,9.25,-
09-Nov-21,10.51,10.51,10.51,10.51,9.26,-
10-Nov-21,10.48,10.48,10.48,10.48,9.24,-
11-Nov-21,10.47,10.47,10.47,10.47,9.23,-
12-Nov-21,10.48,10.48,10.48,10.48,9.24,-
15-Nov-21,10.47,10.47,10.47,10.47,9.23,-
16-Nov-21,10.47,10.47,10.47,10.47,9.23,-
17-Nov-21,10.47,10.47,10.47,10.47,9.23,-
18-Nov-21,10.48,10.48,10.48,10.48,9.24,-
19-Nov-21,10.48,10.48,10.48,10.48,9.24,-
22-Nov-21,10.45,10.45,10.45,10.45,9.21,-
23-Nov-21,10.44,10.44,10.44,10.44,9.2,-
24-Nov-21,10.45,10.45,10.45,10.45,9.21,-
26-Nov-21,10.47,10.47,10.47,10.47,9.23,-
29-Nov-21,10.48,10.48,10.48,10.48,9.24,-
30-Nov-21,10.48,10.48,10.48,10.48,9.24,-
01-Dec-21,10.48,10.48,10.48,10.48,9.24,-
02-Dec-21,10.47,10.47,10.47,10.47,9.23,-
03-Dec-21,10.49,10.49,10.49,10.49,9.25,-
06-Dec-21,10.48,10.48,10.48,10.48,9.24,-
07-Dec-21,10.47,10.47,10.47,10.47,9.23,-
08-Dec-21,10.46,10.46,10.46,10.46,9.22,-
09-Dec-21,10.46,10.46,10.46,10.46,9.22,-
10-Dec-21,10.47,10.47,10.47,10.47,9.23,-
13-Dec-21,10.48,10.48,10.48,10.48,9.24,-
14-Dec-21,10.47,10.47,10.47,10.47,9.23,-
15-Dec-21,10.47,10.47,10.47,10.47,9.23,-
16-Dec-21,10.48,10.48,10.48,10.48,9.24,-
17-Dec-21,10.48,10.48,10.48,10.48,9.24,-
20-Dec-21,10.48,10.48,10.48,10.48,9.24,-
21-Dec-21,10.47,10.47,10.47,10.47,9.23,-
22-Dec-21,10.47,10.47,10.47,10.47,9.23,-
23-Dec-21,10.47,10.47,10.47,10.47,9.23,-
27-Dec-21,10.47,10.47,10.47,10.47,9.23,-
28-Dec-21,10.43,10.43,10.43,10.43,9.22,-
29-Dec-21,10.42,10.42,10.42,10.42,9.21,-
30-Dec-21,10.43,10.43,10.43,10.43,9.22,-
31-Dec-21,10.43,10.43,10.43,10.43,9.22,-
03-Jan-22,10.41,10.41,10.41,10.41,9.2,-
04-Jan-22,10.41,10.41,10.41,10.41,9.2,-
05-Jan-22,10.39,10.39,10.39,10.39,9.19,-
06-Jan-22,10.38,10.38,10.38,10.38,9.18,-
07-Jan-22,10.37,10.37,10.37,10.37,9.17,-
10-Jan-22,10.36,10.36,10.36,10.36,9.16,-
11-Jan-22,10.37,10.37,10.37,10.37,9.17,-
12-Jan-22,10.37,10.37,10.37,10.37,9.17,-
13-Jan-22,10.38,10.38,10.38,10.38,9.18,-
14-Jan-22,10.35,10.35,10.35,10.35,9.15,-
18-Jan-22,10.33,10.33,10.33,10.33,9.13,-
19-Jan-22,10.33,10.33,10.33,10.33,9.13,-
20-Jan-22,10.33,10.33,10.33,10.33,9.13,-
21-Jan-22,10.35,10.35,10.35,10.35,9.15,-
24-Jan-22,10.35,10.35,10.35,10.35,9.15,-
25-Jan-22,10.34,10.34,10.34,10.34,9.14,-
26-Jan-22,10.32,10.32,10.32,10.32,9.12,-
27-Jan-22,10.32,10.32,10.32,10.32,9.12,-
28-Jan-22,10.32,10.32,10.32,10.32,9.12,-
31-Jan-22,10.32,10.32,10.32,10.32,9.12,-
01-Feb-22,10.32,10.32,10.32,10.32,9.12,-
02-Feb-22,10.32,10.32,10.32,10.32,9.12,-
03-Feb-22,10.3,10.3,10.3,10.3,9.11,-
04-Feb-22,10.27,10.27,10.27,10.27,9.08,-
07-Feb-22,10.27,10.27,10.27,10.27,9.08,-
08-Feb-22,10.26,10.26,10.26,10.26,9.07,-
09-Feb-22,10.26,10.26,10.26,10.26,9.07,-
10-Feb-22,10.2,10.2,10.2,10.2,9.02,-
11-Feb-22,10.24,10.24,10.24,10.24,9.05,-
14-Feb-22,10.21,10.21,10.21,10.21,9.03,-
15-Feb-22,10.21,10.21,10.21,10.21,9.03,-
16-Feb-22,10.22,10.22,10.22,10.22,9.04,-
17-Feb-22,10.23,10.23,10.23,10.23,9.05,-
18-Feb-22,10.23,10.23,10.23,10.23,9.05,-
22-Feb-22,10.22,10.22,10.22,10.22,9.04,-
23-Feb-22,10.2,10.2,10.2,10.2,9.02,-
24-Feb-22,10.22,10.22,10.22,10.22,9.04,-
25-Feb-22,10.22,10.22,10.22,10.22,9.04,-
28-Feb-22,10.26,10.26,10.26,10.26,9.07,-
01-Mar-22,10.29,10.29,10.29,10.29,9.1,-
02-Mar-22,10.24,10.24,10.24,10.24,9.05,-
03-Mar-22,10.24,10.24,10.24,10.24,9.05,-
04-Mar-22,10.26,10.26,10.26,10.26,9.07,-
07-Mar-22,10.23,10.23,10.23,10.23,9.05,-
08-Mar-22,10.21,10.21,10.21,10.21,9.03,-
09-Mar-22,10.2,10.2,10.2,10.2,9.02,-
10-Mar-22,10.18,10.18,10.18,10.18,9.0,-
11-Mar-22,10.17,10.17,10.17,10.17,8.99,-
14-Mar-22,10.13,10.13,10.13,10.13,8.96,-
15-Mar-22,10.13,10.13,10.13,10.13,8.96,-
16-Mar-22,10.13,10.13,10.13,10.13,8.96,-
17-Mar-22,10.14,10.14,10.14,10.14,8.97,-
18-Mar-22,10.15,10.15,10.15,10.15,8.97,-
21-Mar-22,10.1,10.1,10.1,10.1,8.93,-
22-Mar-22,10.09,10.09,10.09,10.09,8.92,-
23-Mar-22,10.1,10.1,10.1,10.1,8.93,-
24-Mar-22,10.09,10.09,10.09,10.09,8.92,-
25-Mar-22,10.06,10.06,10.06,10.06,8.9,-
28-Mar-22,10.06,10.06,10.06,10.06,8.9,-
29-Mar-22,10.07,10.07,10.07,10.07,8.9,-
30-Mar-22,10.08,10.08,10.08,10.08,8.91,-
31-Mar-22,10.08,10.08,10.08,10.08,8.91,-
01-Apr-22,10.07,10.07,10.07,10.07,8.9,-
04-Apr-22,10.07,10.07,10.07,10.07,8.9,-
05-Apr-22,10.03,10.03,10.03,10.03,8.87,-
06-Apr-22,10.02,10.02,10.02,10.02,8.86,-
07-Apr-22,10.02,10.02,10.02,10.02,8.86,-
08-Apr-22,10.01,10.01,10.01,10.01,8.85,-
11-Apr-22,10.0,10.0,10.0,10.0,8.84,-
12-Apr-22,10.01,10.01,10.01,10.01,8.85,-
13-Apr-22,10.02,10.02,10.02,10.02,8.86,-
14-Apr-22,10.0,10.0,10.0,10.0,8.84,-
18-Apr-22,9.99,9.99,9.99,9.99,8.83,-
19-Apr-22,9.96,9.96,9.96,9.96,8.81,-
20-Apr-22,9.98,9.98,9.98,9.98,8.82,-
21-Apr-22,9.95,9.95,9.95,9.95,8.8,-
22-Apr-22,9.95,9.95,9.95,9.95,8.8,-
25-Apr-22,9.95,9.95,9.95,9.95,8.8,-
26-Apr-22,9.99,9.99,9.99,9.99,8.83,-
27-Apr-22,9.98,9.98,9.98,9.98,8.82,-
28-Apr-22,9.98,9.98,9.98,9.98,8.82,-
29-Apr-22,9.94,9.94,9.94,9.94,8.79,-
02-May-22,9.92,9.92,9.92,9.92,8.77,-
03-May-22,9.92,9.92,9.92,9.92,8.77,-
04-May-22,9.96,9.96,9.96,9.96,8.81,-
05-May-22,9.92,9.92,9.92,9.92,8.77,-
06-May-22,9.91,9.91,9.91,9.91,8.76,-
09-May-22,9.93,9.93,9.93,9.93,8.78,-
10-May-22,9.93,9.93,9.93,9.93,8.78,-
11-May-22,9.94,9.94,9.94,9.94,8.79,-
12-May-22,9.96,9.96,9.96,9.96,8.81,-
13-May-22,9.95,9.95,9.95,9.95,8.8,-
16-May-22,9.96,9.96,9.96,9.96,8.81,-
17-May-22,9.93,9.93,9.93,9.93,8.78,-
18-May-22,9.94,9.94,9.94,9.94,8.79,-
19-May-22,9.95,9.95,9.95,9.95,8.8,-
20-May-22,9.95,9.95,9.95,9.95,8.8,-
23-May-22,9.94,9.94,9.94,9.94,8.79,-
24-May-22,9.97,9.97,9.97,9.97,8.82,-
25-May-22,9.99,9.99,9.99,9.99,8.83,-
26-May-22,10.0,10.0,10.0,10.0,8.84,-
27-May-22,10.01,10.01,10.01,10.01,8.85,-
31-May-22,9.97,9.97,9.97,9.97,8.82,-
01-Jun-22,9.94,9.94,9.94,9.94,8.79,-
02-Jun-22,9.95,9.95,9.95,9.95,8.8,-
03-Jun-22,9.94,9.94,9.94,9.94,8.79,-
06-Jun-22,9.92,9.92,9.92,9.92,8.77,-
07-Jun-22,9.93,9.93,9.93,9.93,8.78,-
08-Jun-22,9.91,9.91,9.91,9.91,8.76,-
09-Jun-22,9.9,9.9,9.9,9.9,8.75,-
10-Jun-22,9.85,9.85,9.85,9.85,8.71,-
13-Jun-22,9.77,9.77,9.77,9.77,8.64,-
14-Jun-22,9.74,9.74,9.74,9.74,8.61,-
15-Jun-22,9.8,9.8,9.8,9.8,8.67,-
16-Jun-22,9.79,9.79,9.79,9.79,8.66,-
17-Jun-22,9.8,9.8,9.8,9.8,8.67,-
21-Jun-22,9.78,9.78,9.78,9.78,8.65,-
22-Jun-22,9.82,9.82,9.82,9.82,8.68,-
23-Jun-22,9.85,9.85,9.85,9.85,8.71,-
24-Jun-22,9.84,9.84,9.84,9.84,8.7,-
27-Jun-22,9.82,9.82,9.82,9.82,8.68,-
28-Jun-22,9.8,9.8,9.8,9.8,8.68,-
29-Jun-22,9.82,9.82,9.82,9.82,8.7,-
30-Jun-22,9.84,9.84,9.84,9.84,8.71,-
01-Jul-22,9.89,9.89,9.89,9.89,8.76,-
05-Jul-22,9.89,9.89,9.89,9.89,8.76,-
06-Jul-22,9.86,9.86,9.86,9.86,8.73,-
07-Jul-22,9.85,9.85,9.85,9.85,8.72,-
08-Jul-22,9.84,9.84,9.84,9.84,8.71,-
11-Jul-22,9.85,9.85,9.85,9.85,8.72,-
12-Jul-22,9.86,9.86,9.86,9.86,8.73,-
13-Jul-22,9.86,9.86,9.86,9.86,8.73,-
14-Jul-22,9.85,9.85,9.85,9.85,8.72,-
15-Jul-22,9.86,9.86,9.86,9.86,8.73,-
18-Jul-22,9.85,9.85,9.85,9.85,8.72,-
19-Jul-22,9.85,9.85,9.85,9.85,8.72,-
20-Jul-22,9.84,9.84,9.84,9.84,8.71,-
21-Jul-22,9.88,9.88,9.88,9.88,8.75,-
22-Jul-22,9.92,9.92,9.92,9.92,8.79,-
25-Jul-22,9.91,9.91,9.91,9.91,8.78,-
26-Jul-22,9.91,9.91,9.91,9.91,8.78,-
27-Jul-22,9.93,9.93,9.93,9.93,8.79,-
28-Jul-22,9.97,9.97,9.97,9.97,8.83,-
29-Jul-22,9.98,9.98,9.98,9.98,8.84,-
01-Aug-22,9.99,9.99,9.99,9.99,8.85,-
02-Aug-22,9.94,9.94,9.94,9.94,8.8,-
03-Aug-22,9.96,9.96,9.96,9.96,8.82,-
04-Aug-22,9.97,9.97,9.97,9.97,8.83,-
05-Aug-22,9.92,9.92,9.92,9.92,8.79,-
08-Aug-22,9.94,9.94,9.94,9.94,8.8,-
09-Aug-22,9.92,9.92,9.92,9.92,8.79,-
10-Aug-22,9.94,9.94,9.94,9.94,8.8,-
11-Aug-22,9.92,9.92,9.92,9.92,8.79,-
12-Aug-22,9.94,9.94,9.94,9.94,8.8,-
15-Aug-22,9.95,9.95,9.95,9.95,8.81,-
16-Aug-22,9.94,9.94,9.94,9.94,8.8,-
17-Aug-22,9.91,9.91,9.91,9.91,8.78,-
18-Aug-22,9.92,9.92,9.92,9.92,8.79,-
19-Aug-22,9.89,9.89,9.89,9.89,8.76,-
22-Aug-22,9.87,9.87,9.87,9.87,8.74,-
23-Aug-22,9.87,9.87,9.87,9.87,8.74,-
24-Aug-22,9.86,9.86,9.86,9.86,8.73,-
25-Aug-22,9.89,9.89,9.89,9.89,8.76,-
26-Aug-22,9.86,9.86,9.86,9.86,8.73,-
29-Aug-22,9.85,9.85,9.85,9.85,8.72,-
30-Aug-22,9.84,9.84,9.84,9.84,8.71,-
31-Aug-22,9.82,9.82,9.82,9.82,8.7,-
01-Sep-22,9.81,9.81,9.81,9.81,8.69,-
02-Sep-22,9.83,9.83,9.83,9.83,8.71,-
06-Sep-22,9.79,9.79,9.79,9.79,8.67,-
07-Sep-22,9.82,9.82,9.82,9.82,8.7,-
08-Sep-22,9.8,9.8,9.8,9.8,8.68,-
09-Sep-22,9.8,9.8,9.8,9.8,8.68,-
12-Sep-22,9.8,9.8,9.8,9.8,8.68,-
13-Sep-22,9.77,9.77,9.77,9.77,8.65,-
14-Sep-22,9.77,9.77,9.77,9.77,8.65,-
15-Sep-22,9.75,9.75,9.75,9.75,8.63,-
16-Sep-22,9.75,9.75,9.75,9.75,8.63,-
19-Sep-22,9.74,9.74,9.74,9.74,8.63,-
20-Sep-22,9.72,9.72,9.72,9.72,8.61,-
21-Sep-22,9.72,9.72,9.72,9.72,8.61,-
22-Sep-22,9.69,9.69,9.69,9.69,8.58,-
23-Sep-22,9.67,9.67,9.67,9.67,8.56,-
26-Sep-22,9.61,9.61,9.61,9.61,8.51,-
27-Sep-22,9.58,9.58,9.58,9.58,8.49,-
28-Sep-22,9.65,9.65,9.65,9.65,8.55,-
29-Sep-22,9.62,9.62,9.62,9.62,8.53,-
30-Sep-22,9.61,9.61,9.61,9.61,8.52,-
03-Oct-22,9.66,9.66,9.66,9.66,8.56,-
04-Oct-22,9.68,9.68,9.68,9.68,8.58,-
05-Oct-22,9.65,9.65,9.65,9.65,8.55,-
06-Oct-22,9.64,9.64,9.64,9.64,8.55,-
07-Oct-22,9.61,9.61,9.61,9.61,8.52,-
10-Oct-22,9.61,9.61,9.61,9.61,8.52,-
11-Oct-22,9.59,9.59,9.59,9.59,8.5,-
12-Oct-22,9.59,9.59,9.59,9.59,8.5,-
13-Oct-22,9.59,9.59,9.59,9.59,8.5,-
14-Oct-22,9.57,9.57,9.57,9.57,8.48,-
17-Oct-22,9.58,9.58,9.58,9.58,8.49,-
18-Oct-22,9.6,9.6,9.6,9.6,8.51,-
19-Oct-22,9.56,9.56,9.56,9.56,8.47,-
20-Oct-22,9.54,9.54,9.54,9.54,8.46,-
21-Oct-22,9.56,9.56,9.56,9.56,8.47,-
24-Oct-22,9.57,9.57,9.57,9.57,8.48,-
25-Oct-22,9.6,9.6,9.6,9.6,8.51,-
26-Oct-22,9.61,9.61,9.61,9.61,8.52,-
27-Oct-22,9.64,9.64,9.64,9.64,8.55,-
28-Oct-22,9.64,9.64,9.64,9.64,8.55,-
31-Oct-22,9.62,9.62,9.62,9.62,8.53,-
01-Nov-22,9.62,9.62,9.62,9.62,8.53,-
02-Nov-22,9.61,9.61,9.61,9.61,8.52,-
03-Nov-22,9.59,9.59,9.59,9.59,8.5,-
04-Nov-22,9.6,9.6,9.6,9.6,8.51,-
07-Nov-22,9.59,9.59,9.59,9.59,8.5,-
08-Nov-22,9.61,9.61,9.61,9.61,8.52,-
09-Nov-22,9.62,9.62,9.62,9.62,8.53,-
10-Nov-22,9.71,9.71,9.71,9.71,8.61,-
11-Nov-22,9.7,9.7,9.7,9.7,8.6,-
14-Nov-22,9.68,9.68,9.68,9.68,8.58,-
15-Nov-22,9.71,9.71,9.71,9.71,8.61,-
16-Nov-22,9.73,9.73,9.73,9.73,8.63,-
17-Nov-22,9.71,9.71,9.71,9.71,8.61,-
18-Nov-22,9.7,9.7,9.7,9.7,8.6,-
21-Nov-22,9.71,9.71,9.71,9.71,8.61,-
22-Nov-22,9.72,9.72,9.72,9.72,8.62,-
23-Nov-22,9.74,9.74,9.74,9.74,8.63,-
25-Nov-22,9.74,9.74,9.74,9.74,8.63,-
28-Nov-22,9.73,9.73,9.73,9.73,8.63,-
29-Nov-22,9.73,9.73,9.73,9.73,8.63,-
30-Nov-22,9.76,9.76,9.76,9.76,8.65,-
01-Dec-22,9.8,9.8,9.8,9.8,8.69,-
02-Dec-22,9.8,9.8,9.8,9.8,8.69,-
05-Dec-22,9.77,9.77,9.77,9.77,8.66,-
06-Dec-22,9.79,9.79,9.79,9.79,8.68,-
07-Dec-22,9.81,9.81,9.81,9.81,8.7,-
08-Dec-22,9.79,9.79,9.79,9.79,8.68,-
09-Dec-22,9.78,9.78,9.78,9.78,8.67,-
12-Dec-22,9.78,9.78,9.78,9.78,8.67,-
13-Dec-22,9.8,9.8,9.8,9.8,8.69,-
14-Dec-22,9.8,9.8,9.8,9.8,8.69,-
15-Dec-22,9.8,9.8,9.8,9.8,8.69,-
16-Dec-22,9.79,9.79,9.79,9.79,8.68,-
19-Dec-22,9.77,9.77,9.77,9.77,8.66,-
20-Dec-22,9.75,9.75,9.75,9.75,8.64,-
21-Dec-22,9.77,9.77,9.77,9.77,8.66,-
22-Dec-22,9.76,9.76,9.76,9.76,8.65,-
23-Dec-22,9.75,9.75,9.75,9.75,8.64,-
27-Dec-22,9.73,9.73,9.73,9.73,8.63,-
28-Dec-22,9.62,9.62,9.62,9.62,8.62,-
29-Dec-22,9.64,9.64,9.64,9.64,8.64,-
30-Dec-22,9.62,9.62,9.62,9.62,8.62,-
03-Jan-23,9.62,9.62,9.62,9.62,8.62,-
04-Jan-23,9.66,9.66,9.66,9.66,8.66,-
05-Jan-23,9.65,9.65,9.65,9.65,8.65,-
06-Jan-23,9.69,9.69,9.69,9.69,8.68,-
09-Jan-23,9.7,9.7,9.7,9.7,8.69,-
10-Jan-23,9.69,9.69,9.69,9.69,8.68,-
11-Jan-23,9.71,9.71,9.71,9.71,8.7,-
12-Jan-23,9.74,9.74,9.74,9.74,8.73,-
13-Jan-23,9.72,9.72,9.72,9.72,8.71,-
17-Jan-23,9.73,9.73,9.73,9.73,8.72,-
18-Jan-23,9.76,9.76,9.76,9.76,8.75,-
19-Jan-23,9.76,9.76,9.76,9.76,8.75,-
20-Jan-23,9.75,9.75,9.75,9.75,8.74,-
23-Jan-23,9.73,9.73,9.73,9.73,8.72,-
24-Jan-23,9.75,9.75,9.75,9.75,8.74,-
25-Jan-23,9.76,9.76,9.76,9.76,8.75,-
26-Jan-23,9.75,9.75,9.75,9.75,8.74,-
27-Jan-23,9.74,9.74,9.74,9.74,8.73,-
30-Jan-23,9.73,9.73,9.73,9.73,8.72,-
31-Jan-23,9.75,9.75,9.75,9.75,8.74,-
01-Feb-23,9.77,9.77,9.77,9.77,8.76,-
02-Feb-23,9.79,9.79,9.79,9.79,8.77,-
03-Feb-23,9.76,9.76,9.76,9.76,8.75,-
06-Feb-23,9.73,9.73,9.73,9.73,8.72,-
07-Feb-23,9.72,9.72,9.72,9.72,8.71,-
08-Feb-23,9.73,9.73,9.73,9.73,8.72,-
09-Feb-23,9.72,9.72,9.72,9.72,8.71,-
10-Feb-23,9.7,9.7,9.7,9.7,8.69,-
13-Feb-23,9.71,9.71,9.71,9.71,8.7,-
14-Feb-23,9.69,9.69,9.69,9.69,8.68,-
15-Feb-23,9.68,9.68,9.68,9.68,8.67,-
16-Feb-23,9.68,9.68,9.68,9.68,8.67,-
17-Feb-23,9.69,9.69,9.69,9.69,8.68,-
21-Feb-23,9.65,9.65,9.65,9.65,8.65,-
22-Feb-23,9.66,9.66,9.66,9.66,8.66,-
23-Feb-23,9.67,9.67,9.67,9.67,8.67,-
24-Feb-23,9.65,9.65,9.65,9.65,8.65,-
27-Feb-23,9.66,9.66,9.66,9.66,8.66,-
28-Feb-23,9.66,9.66,9.66,9.66,8.66,-
01-Mar-23,9.64,9.64,9.64,9.64,8.64,-
02-Mar-23,9.64,9.64,9.64,9.64,8.64,-
03-Mar-23,9.66,9.66,9.66,9.66,8.66,-
06-Mar-23,9.65,9.65,9.65,9.65,8.65,-
07-Mar-23,9.64,9.64,9.64,9.64,8.64,-
08-Mar-23,9.64,9.64,9.64,9.64,8.64,-
09-Mar-23,9.65,9.65,9.65,9.65,8.65,-
10-Mar-23,9.7,9.7,9.7,9.7,8.69,-
13-Mar-23,9.75,9.75,9.75,9.75,8.74,-
14-Mar-23,9.72,9.72,9.72,9.72,8.71,-
15-Mar-23,9.77,9.77,9.77,9.77,8.76,-
16-Mar-23,9.74,9.74,9.74,9.74,8.73,-
17-Mar-23,9.78,9.78,9.78,9.78,8.76,-
20-Mar-23,9.77,9.77,9.77,9.77,8.76,-
21-Mar-23,9.76,9.76,9.76,9.76,8.75,-
22-Mar-23,9.8,9.8,9.8,9.8,8.78,-
23-Mar-23,9.81,9.81,9.81,9.81,8.79,-
24-Mar-23,9.82,9.82,9.82,9.82,8.8,-
27-Mar-23,9.78,9.78,9.78,9.78,8.76,-
28-Mar-23,9.77,9.77,9.77,9.77,8.76,-
29-Mar-23,9.77,9.77,9.77,9.77,8.76,-
30-Mar-23,9.77,9.77,9.77,9.77,8.76,-
31-Mar-23,9.79,9.79,9.79,9.79,8.78,-
03-Apr-23,9.81,9.81,9.81,9.81,8.8,-
04-Apr-23,9.82,9.82,9.82,9.82,8.81,-
05-Apr-23,9.84,9.84,9.84,9.84,8.83,-
06-Apr-23,9.83,9.83,9.83,9.83,8.82,-
10-Apr-23,9.81,9.81,9.81,9.81,8.8,-
11-Apr-23,9.81,9.81,9.81,9.81,8.8,-
12-Apr-23,9.81,9.81,9.81,9.81,8.8,-
13-Apr-23,9.81,9.81,9.81,9.81,8.8,-
14-Apr-23,9.8,9.8,9.8,9.8,8.79,-
17-Apr-23,9.78,9.78,9.78,9.78,8.77,-
18-Apr-23,9.78,9.78,9.78,9.78,8.77,-
19-Apr-23,9.77,9.77,9.77,9.77,8.76,-
20-Apr-23,9.79,9.79,9.79,9.79,8.78,-
21-Apr-23,9.79,9.79,9.79,9.79,8.78,-
24-Apr-23,9.8,9.8,9.8,9.8,8.79,-
25-Apr-23,9.83,9.83,9.83,9.83,8.82,-
26-Apr-23,9.82,9.82,9.82,9.82,8.81,-
27-Apr-23,9.8,9.8,9.8,9.8,8.79,-
28-Apr-23,9.83,9.83,9.83,9.83,8.82,-
01-May-23,9.8,9.8,9.8,9.8,8.79,-
02-May-23,9.83,9.83,9.83,9.83,8.82,-
03-May-23,9.85,9.85,9.85,9.85,8.84,-
04-May-23,9.85,9.85,9.85,9.85,8.84,-
05-May-23,9.83,9.83,9.83,9.83,8.82,-
08-May-23,9.82,9.82,9.82,9.82,8.81,-
09-May-23,9.82,9.82,9.82,9.82,8.81,-
10-May-23,9.84,9.84,9.84,9.84,8.83,-
11-May-23,9.85,9.85,9.85,9.85,8.84,-
12-May-23,9.84,9.84,9.84,9.84,8.83,-
15-May-23,9.83,9.83,9.83,9.83,8.82,-
16-May-23,9.82,9.82,9.82,9.82,8.81,-
17-May-23,9.82,9.82,9.82,9.82,8.81,-
18-May-23,9.79,9.79,9.79,9.79,8.78,-
19-May-23,9.79,9.79,9.79,9.79,8.78,-
22-May-23,9.79,9.79,9.79,9.79,8.78,-
23-May-23,9.79,9.79,9.79,9.79,8.78,-
24-May-23,9.78,9.78,9.78,9.78,8.77,-
25-May-23,9.76,9.76,9.76,9.76,8.76,-
26-May-23,9.77,9.77,9.77,9.77,8.76,-
30-May-23,9.8,9.8,9.8,9.8,8.79,-
31-May-23,9.81,9.81,9.81,9.81,8.8,-
01-Jun-23,9.82,9.82,9.82,9.82,8.81,-
02-Jun-23,9.8,9.8,9.8,9.8,8.79,-
05-Jun-23,9.8,9.8,9.8,9.8,8.79,-
06-Jun-23,9.8,9.8,9.8,9.8,8.79,-
07-Jun-23,9.78,9.78,9.78,9.78,8.77,-
08-Jun-23,9.8,9.8,9.8,9.8,8.79,-
09-Jun-23,9.79,9.79,9.79,9.79,8.78,-
12-Jun-23,9.8,9.8,9.8,9.8,8.79,-
13-Jun-23,9.78,9.78,9.78,9.78,8.77,-
14-Jun-23,9.78,9.78,9.78,9.78,8.77,-
15-Jun-23,9.8,9.8,9.8,9.8,8.79,-
16-Jun-23,9.79,9.79,9.79,9.79,8.78,-
20-Jun-23,9.81,9.81,9.81,9.81,8.8,-
21-Jun-23,9.8,9.8,9.8,9.8,8.79,-
22-Jun-23,9.79,9.79,9.79,9.79,8.78,-
23-Jun-23,9.8,9.8,9.8,9.8,8.79,-
26-Jun-23,9.81,9.81,9.81,9.81,8.8,-
27-Jun-23,9.77,9.77,9.77,9.77,8.79,-
28-Jun-23,9.78,9.78,9.78,9.78,8.8,-
29-Jun-23,9.76,9.76,9.76,9.76,8.78,-
30-Jun-23,9.77,9.77,9.77,9.77,8.79,-
03-Jul-23,9.76,9.76,9.76,9.76,8.78,-
05-Jul-23,9.75,9.75,9.75,9.75,8.77,-
06-Jul-23,9.73,9.73,9.73,9.73,8.76,-
07-Jul-23,9.73,9.73,9.73,9.73,8.76,-
10-Jul-23,9.74,9.74,9.74,9.74,8.77,-
11-Jul-23,9.74,9.74,9.74,9.74,8.77,-
12-Jul-23,9.78,9.78,9.78,9.78,8.8,-
13-Jul-23,9.81,9.81,9.81,9.81,8.83,-
14-Jul-23,9.79,9.79,9.79,9.79,8.81,-
17-Jul-23,9.8,9.8,9.8,9.8,8.82,-
18-Jul-23,9.8,9.8,9.8,9.8,8.82,-
19-Jul-23,9.81,9.81,9.81,9.81,8.83,-
20-Jul-23,9.8,9.8,9.8,9.8,8.82,-
21-Jul-23,9.8,9.8,9.8,9.8,8.82,-
24-Jul-23,9.8,9.8,9.8,9.8,8.82,-
25-Jul-23,9.8,9.8,9.8,9.8,8.82,-
26-Jul-23,9.81,9.81,9.81,9.81,8.83,-
27-Jul-23,9.78,9.78,9.78,9.78,8.8,-
28-Jul-23,9.8,9.8,9.8,9.8,8.82,-
31-Jul-23,9.8,9.8,9.8,9.8,8.82,-
01-Aug-23,9.79,9.79,9.79,9.79,8.81,-
02-Aug-23,9.79,9.79,9.79,9.79,8.81,-
03-Aug-23,9.77,9.77,9.77,9.77,8.79,-
04-Aug-23,9.8,9.8,9.8,9.8,8.82,-
07-Aug-23,9.8,9.8,9.8,9.8,8.82,-
08-Aug-23,9.81,9.81,9.81,9.81,8.83,-
09-Aug-23,9.81,9.81,9.81,9.81,8.83,-
10-Aug-23,9.79,9.79,9.79,9.79,8.81,-
11-Aug-23,9.78,9.78,9.78,9.78,8.8,-
14-Aug-23,9.77,9.77,9.77,9.77,8.79,-
15-Aug-23,9.77,9.77,9.77,9.77,8.79,-
16-Aug-23,9.76,9.76,9.76,9.76,8.78,-
17-Aug-23,9.76,9.76,9.76,9.76,8.78,-
18-Aug-23,9.77,9.77,9.77,9.77,8.79,-
21-Aug-23,9.76,9.76,9.76,9.76,8.78,-
22-Aug-23,9.76,9.76,9.76,9.76,8.78,-
23-Aug-23,9.79,9.79,9.79,9.79,8.81,-
24-Aug-23,9.78,9.78,9.78,9.78,8.8,-
25-Aug-23,9.78,9.78,9.78,9.78,8.8,-
28-Aug-23,9.79,9.79,9.79,9.79,8.81,-
29-Aug-23,9.81,9.81,9.81,9.81,8.83,-
30-Aug-23,9.8,9.8,9.8,9.8,8.82,-
31-Aug-23,9.82,9.82,9.82,9.82,8.84,-
01-Sep-23,9.81,9.81,9.81,9.81,8.83,-
05-Sep-23,9.79,9.79,9.79,9.79,8.81,-
06-Sep-23,9.78,9.78,9.78,9.78,8.8,-
07-Sep-23,9.8,9.8,9.8,9.8,8.82,-
08-Sep-23,9.8,9.8,9.8,9.8,8.82,-
11-Sep-23,9.79,9.79,9.79,9.79,8.81,-
12-Sep-23,9.79,9.79,9.79,9.79,8.81,-
13-Sep-23,9.8,9.8,9.8,9.8,8.82,-
14-Sep-23,9.8,9.8,9.8,9.8,8.82,-
15-Sep-23,9.79,9.79,9.79,9.79,8.81,-
18-Sep-23,9.79,9.79,9.79,9.79,8.81,-
19-Sep-23,9.78,9.78,9.78,9.78,8.8,-
20-Sep-23,9.78,9.78,9.78,9.78,8.8,-
21-Sep-23,9.77,9.77,9.77,9.77,8.79,-
22-Sep-23,9.78,9.78,9.78,9.78,8.8,-
25-Sep-23,9.76,9.76,9.76,9.76,8.78,-
26-Sep-23,9.75,9.75,9.75,9.75,8.78,-
27-Sep-23,9.74,9.74,9.74,9.74,8.77,-
28-Sep-23,9.75,9.75,9.75,9.75,8.78,-
29-Sep-23,9.76,9.76,9.76,9.76,8.79,-
02-Oct-23,9.74,9.74,9.74,9.74,8.77,-
03-Oct-23,9.71,9.71,9.71,9.71,8.75,-
04-Oct-23,9.73,9.73,9.73,9.73,8.77,-
05-Oct-23,9.74,9.74,9.74,9.74,8.77,-
06-Oct-23,9.73,9.73,9.73,9.73,8.77,-
09-Oct-23,9.77,9.77,9.77,9.77,8.8,-
10-Oct-23,9.77,9.77,9.77,9.77,8.8,-
11-Oct-23,9.78,9.78,9.78,9.78,8.81,-
12-Oct-23,9.76,9.76,9.76,9.76,8.79,-
13-Oct-23,9.76,9.76,9.76,9.76,8.79,-
16-Oct-23,9.76,9.76,9.76,9.76,8.79,-
17-Oct-23,9.73,9.73,9.73,9.73,8.77,-
18-Oct-23,9.72,9.72,9.72,9.72,8.76,-
19-Oct-23,9.72,9.72,9.72,9.72,8.76,-
20-Oct-23,9.73,9.73,9.73,9.73,8.77,-
23-Oct-23,9.74,9.74,9.74,9.74,8.77,-
24-Oct-23,9.75,9.75,9.75,9.75,8.78,-
25-Oct-23,9.73,9.73,9.73,9.73,8.77,-
26-Oct-23,9.76,9.76,9.76,9.76,8.79,-
27-Oct-23,9.76,9.76,9.76,9.76,8.79,-
30-Oct-23,9.76,9.76,9.76,9.76,8.79,-
31-Oct-23,9.75,9.75,9.75,9.75,8.78,-
01-Nov-23,9.79,9.79,9.79,9.79,8.82,-
02-Nov-23,9.8,9.8,9.8,9.8,8.83,-
03-Nov-23,9.83,9.83,9.83,9.83,8.86,-
06-Nov-23,9.81,9.81,9.81,9.81,8.84,-
07-Nov-23,9.83,9.83,9.83,9.83,8.86,-
08-Nov-23,9.83,9.83,9.83,9.83,8.86,-
09-Nov-23,9.81,9.81,9.81,9.81,8.84,-
10-Nov-23,9.82,9.82,9.82,9.82,8.85,-
13-Nov-23,9.82,9.82,9.82,9.82,8.85,-
14-Nov-23,9.86,9.86,9.86,9.86,8.88,-
15-Nov-23,9.85,9.85,9.85,9.85,8.87,-
16-Nov-23,9.87,9.87,9.87,9.87,8.89,-
17-Nov-23,9.88,9.88,9.88,9.88,8.9,-
20-Nov-23,9.88,9.88,9.88,9.88,8.9,-
21-Nov-23,9.89,9.89,9.89,9.89,8.91,-
22-Nov-23,9.9,9.9,9.9,9.9,8.92,-
24-Nov-23,9.88,9.88,9.88,9.88,8.9,-
27-Nov-23,9.9,9.9,9.9,9.9,8.92,-
28-Nov-23,9.92,9.92,9.92,9.92,8.94,-
29-Nov-23,9.94,9.94,9.94,9.94,8.95,-
30-Nov-23,9.93,9.93,9.93,9.93,8.95,-
01-Dec-23,9.96,9.96,9.96,9.96,8.97,-
04-Dec-23,9.95,9.95,9.95,9.95,8.96,-
05-Dec-23,9.97,9.97,9.97,9.97,8.98,-
06-Dec-23,9.98,9.98,9.98,9.98,8.99,-
07-Dec-23,9.98,9.98,9.98,9.98,8.99,-
08-Dec-23,9.96,9.96,9.96,9.96,8.97,-
11-Dec-23,9.96,9.96,9.96,9.96,8.97,-
12-Dec-23,9.97,9.97,9.97,9.97,8.98,-
13-Dec-23,10.02,10.02,10.02,10.02,9.03,-
14-Dec-23,10.05,10.05,10.05,10.05,9.05,-
15-Dec-23,10.05,10.05,10.05,10.05,9.05,-
18-Dec-23,10.04,10.04,10.04,10.04,9.04,-
19-Dec-23,10.05,10.05,10.05,10.05,9.05,-
20-Dec-23,10.07,10.07,10.07,10.07,9.07,-
21-Dec-23,10.07,10.07,10.07,10.07,9.07,-
22-Dec-23,10.07,10.07,10.07,10.07,9.07,-
26-Dec-23,10.07,10.07,10.07,10.07,9.07,-
27-Dec-23,10.1,10.1,10.1,10.1,9.1,-
28-Dec-23,9.87,9.87,9.87,9.87,9.09,-
29-Dec-23,9.87,9.87,9.87,9.87,9.09,-
02-Jan-24,9.85,9.85,9.85,9.85,9.07,-
03-Jan-24,9.85,9.85,9.85,9.85,9.07,-
04-Jan-24,9.84,9.84,9.84,9.84,9.06,-
05-Jan-24,9.83,9.83,9.83,9.83,9.05,-
08-Jan-24,9.84,9.84,9.84,9.84,9.06,-
09-Jan-24,9.84,9.84,9.84,9.84,9.06,-
10-Jan-24,9.84,9.84,9.84,9.84,9.06,-
11-Jan-24,9.86,9.86,9.86,9.86,9.08,-
12-Jan-24,9.88,9.88,9.88,9.88,9.1,-
16-Jan-24,9.85,9.85,9.85,9.85,9.07,-
17-Jan-24,9.84,9.84,9.84,9.84,9.06,-
18-Jan-24,9.84,9.84,9.84,9.84,9.06,-
19-Jan-24,9.84,9.84,9.84,9.84,9.06,-
22-Jan-24,9.85,9.85,9.85,9.85,9.07,-
23-Jan-24,9.84,9.84,9.84,9.84,9.06,-
24-Jan-24,9.84,9.84,9.84,9.84,9.06,-
25-Jan-24,9.86,9.86,9.86,9.86,9.08,-
26-Jan-24,9.85,9.85,9.85,9.85,9.07,-
29-Jan-24,9.87,9.87,9.87,9.87,9.09,-
30-Jan-24,9.87,9.87,9.87,9.87,9.09,-
31-Jan-24,9.89,9.89,9.89,9.89,9.11,-
01-Feb-24,9.91,9.91,9.91,9.91,9.13,-
02-Feb-24,9.88,9.88,9.88,9.88,9.1,-
05-Feb-24,9.86,9.86,9.86,9.86,9.08,-
06-Feb-24,9.87,9.87,9.87,9.87,9.09,-
07-Feb-24,9.86,9.86,9.86,9.86,9.08,-
08-Feb-24,9.86,9.86,9.86,9.86,9.08,-
09-Feb-24,9.86,9.86,9.86,9.86,9.08,-
12-Feb-24,9.86,9.86,9.86,9.86,9.08,-
13-Feb-24,9.83,9.83,9.83,9.83,9.05,-
14-Feb-24,9.85,9.85,9.85,9.85,9.07,-
15-Feb-24,9.86,9.86,9.86,9.86,9.08,-
16-Feb-24,9.85,9.85,9.85,9.85,9.07,-
20-Feb-24,9.85,9.85,9.85,9.85,9.07,-
21-Feb-24,9.85,9.85,9.85,9.85,9.07,-
22-Feb-24,9.85,9.85,9.85,9.85,9.07,-
23-Feb-24,9.86,9.86,9.86,9.86,9.08,-
26-Feb-24,9.85,9.85,9.85,9.85,9.07,-
27-Feb-24,9.85,9.85,9.85,9.85,9.07,-
28-Feb-24,9.86,9.86,9.86,9.86,9.08,-
29-Feb-24,9.87,9.87,9.87,9.87,9.09,-
01-Mar-24,9.87,9.87,9.87,9.87,9.09,-
04-Mar-24,9.88,9.88,9.88,9.88,9.1,-
05-Mar-24,9.9,9.9,9.9,9.9,9.12,-
06-Mar-24,9.9,9.9,9.9,9.9,9.12,-
07-Mar-24,9.91,9.91,9.91,9.91,9.13,-
08-Mar-24,9.91,9.91,9.91,9.91,9.13,-
11-Mar-24,9.91,9.91,9.91,9.91,9.13,-
12-Mar-24,9.9,9.9,9.9,9.9,9.12,-
13-Mar-24,9.9,9.9,9.9,9.9,9.12,-
14-Mar-24,9.88,9.88,9.88,9.88,9.1,-
15-Mar-24,9.88,9.88,9.88,9.88,9.1,-
18-Mar-24,9.88,9.88,9.88,9.88,9.1,-
19-Mar-24,9.89,9.89,9.89,9.89,9.11,-
20-Mar-24,9.9,9.9,9.9,9.9,9.12,-
21-Mar-24,9.9,9.9,9.9,9.9,9.12,-
22-Mar-24,9.92,9.92,9.92,9.92,9.14,-
25-Mar-24,9.91,9.91,9.91,9.91,9.13,-
26-Mar-24,9.91,9.91,9.91,9.91,9.13,-
27-Mar-24,9.93,9.93,9.93,9.93,9.14,-
28-Mar-24,9.9,9.9,9.9,9.9,9.14,-
01-Apr-24,9.88,9.88,9.88,9.88,9.12,-
02-Apr-24,9.88,9.88,9.88,9.88,9.12,-
03-Apr-24,9.88,9.88,9.88,9.88,9.12,-
04-Apr-24,9.89,9.89,9.89,9.89,9.13,-
05-Apr-24,9.88,9.88,9.88,9.88,9.12,-
08-Apr-24,9.87,9.87,9.87,9.87,9.11,-
09-Apr-24,9.88,9.88,9.88,9.88,9.12,-
10-Apr-24,9.84,9.84,9.84,9.84,9.09,-
11-Apr-24,9.85,9.85,9.85,9.85,9.1,-
12-Apr-24,9.86,9.86,9.86,9.86,9.1,-
15-Apr-24,9.84,9.84,9.84,9.84,9.09,-
16-Apr-24,9.83,9.83,9.83,9.83,9.08,-
17-Apr-24,9.84,9.84,9.84,9.84,9.09,-
18-Apr-24,9.84,9.84,9.84,9.84,9.09,-
19-Apr-24,9.84,9.84,9.84,9.84,9.09,-
22-Apr-24,9.85,9.85,9.85,9.85,9.1,-
23-Apr-24,9.86,9.86,9.86,9.86,9.1,-
24-Apr-24,9.84,9.84,9.84,9.84,9.09,-
25-Apr-24,9.84,9.84,9.84,9.84,9.09,-
26-Apr-24,9.85,9.85,9.85,9.85,9.1,-
29-Apr-24,9.86,9.86,9.86,9.86,9.1,-
30-Apr-24,9.85,9.85,9.85,9.85,9.1,-
01-May-24,9.86,9.86,9.86,9.86,9.1,-
02-May-24,9.88,9.88,9.88,9.88,9.12,-
03-May-24,9.9,9.9,9.9,9.9,9.14,-
06-May-24,9.9,9.9,9.9,9.9,9.14,-
07-May-24,9.9,9.9,9.9,9.9,9.14,-
08-May-24,9.9,9.9,9.9,9.9,9.14,-
09-May-24,9.9,9.9,9.9,9.9,9.14,-
10-May-24,9.9,9.9,9.9,9.9,9.14,-
13-May-24,9.9,9.9,9.9,9.9,9.14,-
14-May-24,9.91,9.91,9.91,9.91,9.15,-
15-May-24,9.93,9.93,9.93,9.93,9.17,-
16-May-24,9.92,9.92,9.92,9.92,9.16,-
17-May-24,9.92,9.92,9.92,9.92,9.16,-
20-May-24,9.92,9.92,9.92,9.92,9.16,-
21-May-24,9.92,9.92,9.92,9.92,9.16,-
22-May-24,9.92,9.92,9.92,9.92,9.16,-
23-May-24,9.91,9.91,9.91,9.91,9.15,-
24-May-24,9.91,9.91,9.91,9.91,9.15,-
28-May-24,9.9,9.9,9.9,9.9,9.14,-
29-May-24,9.89,9.89,9.89,9.89,9.13,-
30-May-24,9.91,9.91,9.91,9.91,9.15,-
31-May-24,9.91,9.91,9.91,9.91,9.15,-
03-Jun-24,9.94,9.94,9.94,9.94,9.18,-
04-Jun-24,9.95,9.95,9.95,9.95,9.19,-
05-Jun-24,9.96,9.96,9.96,9.96,9.2,-
06-Jun-24,9.96,9.96,9.96,9.96,9.2,-
07-Jun-24,9.93,9.93,9.93,9.93,9.17,-
10-Jun-24,9.93,9.93,9.93,9.93,9.17,-
11-Jun-24,9.94,9.94,9.94,9.94,9.18,-
12-Jun-24,9.96,9.96,9.96,9.96,9.2,-
13-Jun-24,9.97,9.97,9.97,9.97,9.21,-
14-Jun-24,9.98,9.98,9.98,9.98,9.22,-
17-Jun-24,9.97,9.97,9.97,9.97,9.21,-
18-Jun-24,9.98,9.98,9.98,9.98,9.22,-
20-Jun-24,9.98,9.98,9.98,9.98,9.22,-
21-Jun-24,9.98,9.98,9.98,9.98,9.22,-
24-Jun-24,9.98,9.98,9.98,9.98,9.22,-
25-Jun-24,9.98,9.98,9.98,9.98,9.22,-
26-Jun-24,9.97,9.97,9.97,9.97,9.21,-
27-Jun-24,9.93,9.93,9.93,9.93,9.21,-
28-Jun-24,9.93,9.93,9.93,9.93,9.21,-
01-Jul-24,9.92,9.92,9.92,9.92,9.2,-
02-Jul-24,9.93,9.93,9.93,9.93,9.21,-
03-Jul-24,9.95,9.95,9.95,9.95,9.23,-
05-Jul-24,9.96,9.96,9.96,9.96,9.24,-
08-Jul-24,9.96,9.96,9.96,9.96,9.24,-
09-Jul-24,9.96,9.96,9.96,9.96,9.24,-
10-Jul-24,9.97,9.97,9.97,9.97,9.25,-
11-Jul-24,9.99,9.99,9.99,9.99,9.26,-
12-Jul-24,10.0,10.0,10.0,10.0,9.27,-
15-Jul-24,9.99,9.99,9.99,9.99,9.26,-
16-Jul-24,10.01,10.01,10.01,10.01,9.28,-
17-Jul-24,10.01,10.01,10.01,10.01,9.28,-
18-Jul-24,10.0,10.0,10.0,10.0,9.27,-
19-Jul-24,9.99,9.99,9.99,9.99,9.26,-
22-Jul-24,9.99,9.99,9.99,9.99,9.26,-
23-Jul-24,10.0,10.0,10.0,10.0,9.27,-
24-Jul-24,9.99,9.99,9.99,9.99,9.26,-
25-Jul-24,10.0,10.0,10.0,10.0,9.27,-
26-Jul-24,10.02,10.02,10.02,10.02,9.29,-
29-Jul-24,10.03,10.03,10.03,10.03,9.3,-
30-Jul-24,10.03,10.03,10.03,10.03,9.3,-
31-Jul-24,10.05,10.05,10.05,10.05,9.32,-
01-Aug-24,10.07,10.07,10.07,10.07,9.34,-
02-Aug-24,10.1,10.1,10.1,10.1,9.37,-
05-Aug-24,10.1,10.1,10.1,10.1,9.37,-
06-Aug-24,10.09,10.09,10.09,10.09,9.36,-
07-Aug-24,10.07,10.07,10.07,10.07,9.34,-
08-Aug-24,10.07,10.07,10.07,10.07,9.34,-
09-Aug-24,10.08,10.08,10.08,10.08,9.35,-
12-Aug-24,10.09,10.09,10.09,10.09,9.36,-
13-Aug-24,10.11,10.11,10.11,10.11,9.38,-
14-Aug-24,10.11,10.11,10.11,10.11,9.38,-
15-Aug-24,10.1,10.1,10.1,10.1,9.37,-
16-Aug-24,10.1,10.1,10.1,10.1,9.37,-
19-Aug-24,10.11,10.11,10.11,10.11,9.38,-
20-Aug-24,10.12,10.12,10.12,10.12,9.39,-
21-Aug-24,10.13,10.13,10.13,10.13,9.39,-
22-Aug-24,10.12,10.12,10.12,10.12,9.39,-
23-Aug-24,10.14,10.14,10.14,10.14,9.4,-
26-Aug-24,10.14,10.14,10.14,10.14,9.4,-
27-Aug-24,10.14,10.14,10.14,10.14,9.4,-
28-Aug-24,10.13,10.13,10.13,10.13,9.39,-
29-Aug-24,10.13,10.13,10.13,10.13,9.39,-
30-Aug-24,10.13,10.13,10.13,10.13,9.39,-
03-Sep-24,10.14,10.14,10.14,10.14,9.4,-
04-Sep-24,10.16,10.16,10.16,10.16,9.42,-
05-Sep-24,10.17,10.17,10.17,10.17,9.43,-
06-Sep-24,10.17,10.17,10.17,10.17,9.43,-
09-Sep-24,10.18,10.18,10.18,10.18,9.44,-
10-Sep-24,10.19,10.19,10.19,10.19,9.45,-
11-Sep-24,10.19,10.19,10.19,10.19,9.45,-
12-Sep-24,10.19,10.19,10.19,10.19,9.45,-
13-Sep-24,10.2,10.2,10.2,10.2,9.46,-
16-Sep-24,10.21,10.21,10.21,10.21,9.47,-
17-Sep-24,10.21,10.21,10.21,10.21,9.47,-
18-Sep-24,10.2,10.2,10.2,10.2,9.46,-
19-Sep-24,10.21,10.21,10.21,10.21,9.47,-
20-Sep-24,10.21,10.21,10.21,10.21,9.47,-
23-Sep-24,10.21,10.21,10.21,10.21,9.47,-
24-Sep-24,10.22,10.22,10.22,10.22,9.48,-
25-Sep-24,10.2,10.2,10.2,10.2,9.46,-
26-Sep-24,10.19,10.19,10.19,10.19,9.46,-
27-Sep-24,10.2,10.2,10.2,10.2,9.47,-
30-Sep-24,10.2,10.2,10.2,10.2,9.47,-
01-Oct-24,10.21,10.21,10.21,10.21,9.48,-
02-Oct-24,10.21,10.21,10.21,10.21,9.48,-
03-Oct-24,10.19,10.19,10.19,10.19,9.46,-
04-Oct-24,10.16,10.16,10.16,10.16,9.43,-
07-Oct-24,10.16,10.16,10.16,10.16,9.43,-
08-Oct-24,10.16,10.16,10.16,10.16,9.43,-
09-Oct-24,10.15,10.15,10.15,10.15,9.42,-
10-Oct-24,10.16,10.16,10.16,10.16,9.43,-
11-Oct-24,10.16,10.16,10.16,10.16,9.43,-
14-Oct-24,10.16,10.16,10.16,10.16,9.43,-
15-Oct-24,10.17,10.17,10.17,10.17,9.44,-
16-Oct-24,10.18,10.18,10.18,10.18,9.45,-
17-Oct-24,10.17,10.17,10.17,10.17,9.44,-
18-Oct-24,10.18,10.18,10.18,10.18,9.45,-
21-Oct-24,10.15,10.15,10.15,10.15,9.42,-
22-Oct-24,10.15,10.15,10.15,10.15,9.42,-
23-Oct-24,10.14,10.14,10.14,10.14,9.41,-
24-Oct-24,10.15,10.15,10.15,10.15,9.42,-
25-Oct-24,10.14,10.14,10.14,10.14,9.41,-
28-Oct-24,10.14,10.14,10.14,10.14,9.41,-
29-Oct-24,10.15,10.15,10.15,10.15,9.42,-
30-Oct-24,10.14,10.14,10.14,10.14,9.41,-
31-Oct-24,10.14,10.14,10.14,10.14,9.41,-
01-Nov-24,10.13,10.13,10.13,10.13,9.4,-
04-Nov-24,10.14,10.14,10.14,10.14,9.41,-
05-Nov-24,10.15,10.15,10.15,10.15,9.42,-
06-Nov-24,10.13,10.13,10.13,10.13,9.4,-
07-Nov-24,10.15,10.15,10.15,10.15,9.42,-
08-Nov-24,10.16,10.16,10.16,10.16,9.43,-
11-Nov-24,10.15,10.15,10.15,10.15,9.42,-
12-Nov-24,10.14,10.14,10.14,10.14,9.41,-
13-Nov-24,10.14,10.14,10.14,10.14,9.41,-
14-Nov-24,10.14,10.14,10.14,10.14,9.41,-
15-Nov-24,10.14,10.14,10.14,10.14,9.41,-
18-Nov-24,10.15,10.15,10.15,10.15,9.42,-
19-Nov-24,10.15,10.15,10.15,10.15,9.42,-
20-Nov-24,10.14,10.14,10.14,10.14,9.41,-
21-Nov-24,10.14,10.14,10.14,10.14,9.41,-
22-Nov-24,10.15,10.15,10.15,10.15,9.42,-
25-Nov-24,10.18,10.18,10.18,10.18,9.45,-
26-Nov-24,10.17,10.17,10.17,10.17,9.44,-
27-Nov-24,10.18,10.18,10.18,10.18,9.45,-
29-Nov-24,10.18,10.18,10.18,10.18,9.45,-
02-Dec-24,10.21,10.21,10.21,10.21,9.48,-
03-Dec-24,10.2,10.2,10.2,10.2,9.47,-
04-Dec-24,10.22,10.22,10.22,10.22,9.49,-
05-Dec-24,10.21,10.21,10.21,10.21,9.48,-
06-Dec-24,10.22,10.22,10.22,10.22,9.49,-
09-Dec-24,10.22,10.22,10.22,10.22,9.49,-
10-Dec-24,10.22,10.22,10.22,10.22,9.49,-
11-Dec-24,10.22,10.22,10.22,10.22,9.49,-
12-Dec-24,10.2,10.2,10.2,10.2,9.47,-
13-Dec-24,10.19,10.19,10.19,10.19,9.46,-
16-Dec-24,10.2,10.2,10.2,10.2,9.47,-
17-Dec-24,10.19,10.19,10.19,10.19,9.46,-
18-Dec-24,10.16,10.16,10.16,10.16,9.43,-
19-Dec-24,10.16,10.16,10.16,10.16,9.43,-
20-Dec-24,10.17,10.17,10.17,10.17,9.44,-
23-Dec-24,10.16,10.16,10.16,10.16,9.43,-
24-Dec-24,10.17,10.17,10.17,10.17,9.44,-
26-Dec-24,10.18,10.18,10.18,10.18,9.45,-
27-Dec-24,9.86,9.86,9.86,9.86,9.44,-
30-Dec-24,9.88,9.88,9.88,9.88,9.45,-
31-Dec-24,9.87,9.87,9.87,9.87,9.45,-
02-Jan-25,9.88,9.88,9.88,9.88,9.45,-
03-Jan-25,9.88,9.88,9.88,9.88,9.45,-
06-Jan-25,9.87,9.87,9.87,9.87,9.45,-
07-Jan-25,9.86,9.86,9.86,9.86,9.44,-
08-Jan-25,9.87,9.87,9.87,9.87,9.45,-
10-Jan-25,9.84,9.84,9.84,9.84,9.42,-
13-Jan-25,9.84,9.84,9.84,9.84,9.42,-
14-Jan-25,9.84,9.84,9.84,9.84,9.42,-
15-Jan-25,9.87,9.87,9.87,9.87,9.45,-
16-Jan-25,9.88,9.88,9.88,9.88,9.45,-
17-Jan-25,9.88,9.88,9.88,9.88,9.45,-
21-Jan-25,9.9,9.9,9.9,9.9,9.47,-
22-Jan-25,9.89,9.89,9.89,9.89,9.46,-
23-Jan-25,9.89,9.89,9.89,9.89,9.46,-
24-Jan-25,9.9,9.9,9.9,9.9,9.47,-
27-Jan-25,9.91,9.91,9.91,9.91,9.48,-
28-Jan-25,9.92,9.92,9.92,9.92,9.49,-
29-Jan-25,9.91,9.91,9.91,9.91,9.48,-
30-Jan-25,9.92,9.92,9.92,9.92,9.49,-
31-Jan-25,9.92,9.92,9.92,9.92,9.49,-
03-Feb-25,9.93,9.93,9.93,9.93,9.5,-
04-Feb-25,9.93,9.93,9.93,9.93,9.5,-
05-Feb-25,9.95,9.95,9.95,9.95,9.52,-
06-Feb-25,9.94,9.94,9.94,9.94,9.51,-
07-Feb-25,9.94,9.94,9.94,9.94,9.51,-
10-Feb-25,9.94,9.94,9.94,9.94,9.51,-
11-Feb-25,9.93,9.93,9.93,9.93,9.5,-
12-Feb-25,9.92,9.92,9.92,9.92,9.49,-
13-Feb-25,9.94,9.94,9.94,9.94,9.51,-
14-Feb-25,9.95,9.95,9.95,9.95,9.52,-
18-Feb-25,9.93,9.93,9.93,9.93,9.5,-
19-Feb-25,9.94,9.94,9.94,9.94,9.51,-
20-Feb-25,9.94,9.94,9.94,9.94,9.51,-
21-Feb-25,9.96,9.96,9.96,9.96,9.53,-
24-Feb-25,9.96,9.96,9.96,9.96,9.53,-
25-Feb-25,9.98,9.98,9.98,9.98,9.55,-
26-Feb-25,9.99,9.99,9.99,9.99,9.56,-
27-Feb-25,9.98,9.98,9.98,9.98,9.55,-
28-Feb-25,10.0,10.0,10.0,10.0,9.57,-
03-Mar-25,10.01,10.01,10.01,10.01,9.58,-
04-Mar-25,9.99,9.99,9.99,9.99,9.56,-
05-Mar-25,9.98,9.98,9.98,9.98,9.55,-
06-Mar-25,9.97,9.97,9.97,9.97,9.54,-
07-Mar-25,9.97,9.97,9.97,9.97,9.54,-
10-Mar-25,9.98,9.98,9.98,9.98,9.55,-
11-Mar-25,9.97,9.97,9.97,9.97,9.54,-
12-Mar-25,9.96,9.96,9.96,9.96,9.53,-
13-Mar-25,9.97,9.97,9.97,9.97,9.54,-
14-Mar-25,9.97,9.97,9.97,9.97,9.54,-
17-Mar-25,9.97,9.97,9.97,9.97,9.54,-
18-Mar-25,9.98,9.98,9.98,9.98,9.55,-
19-Mar-25,9.99,9.99,9.99,9.99,9.56,-
20-Mar-25,9.99,9.99,9.99,9.99,9.56,-
21-Mar-25,10.0,10.0,10.0,10.0,9.57,-
24-Mar-25,9.99,9.99,9.99,9.99,9.56,-
25-Mar-25,9.99,9.99,9.99,9.99,9.56,-
26-Mar-25,9.99,9.99,9.99,9.99,9.56,-
27-Mar-25,9.99,9.99,9.99,9.99,9.56,-
28-Mar-25,9.99,9.99,9.99,9.99,9.57,-
31-Mar-25,10.0,10.0,10.0,10.0,9.58,-
01-Apr-25,10.01,10.01,10.01,10.01,9.59,-
02-Apr-25,10.01,10.01,10.01,10.01,9.59,-
03-Apr-25,10.04,10.04,10.04,10.04,9.62,-
04-Apr-25,10.03,10.03,10.03,10.03,9.61,-
07-Apr-25,9.99,9.99,9.99,9.99,9.57,-
08-Apr-25,9.97,9.97,9.97,9.97,9.55,-
09-Apr-25,9.99,9.99,9.99,9.99,9.57,-
10-Apr-25,9.97,9.97,9.97,9.97,9.55,-
11-Apr-25,9.96,9.96,9.96,9.96,9.54,-
14-Apr-25,9.98,9.98,9.98,9.98,9.56,-
15-Apr-25,9.99,9.99,9.99,9.99,9.57,-
16-Apr-25,10.0,10.0,10.0,10.0,9.58,-
17-Apr-25,10.01,10.01,10.01,10.01,9.59,-
21-Apr-25,10.0,10.0,10.0,10.0,9.58,-
22-Apr-25,10.0,10.0,10.0,10.0,9.58,-
23-Apr-25,10.0,10.0,10.0,10.0,9.58,-
24-Apr-25,10.03,10.03,10.03,10.03,9.61,-
25-Apr-25,10.04,10.04,10.04,10.04,9.62,-
28-Apr-25,10.05,10.05,10.05,10.05,9.63,-
29-Apr-25,10.06,10.06,10.06,10.06,9.64,-
30-Apr-25,10.06,10.06,10.06,10.06,9.64,-
01-May-25,10.05,10.05,10.05,10.05,9.63,-
02-May-25,10.04,10.04,10.04,10.04,9.62,-
05-May-25,10.04,10.04,10.04,10.04,9.62,-
06-May-25,10.05,10.05,10.05,10.05,9.63,-
07-May-25,10.05,10.05,10.05,10.05,9.63,-
08-May-25,10.03,10.03,10.03,10.03,9.61,-
09-May-25,10.04,10.04,10.04,10.04,9.62,-
12-May-25,10.02,10.02,10.02,10.02,9.6,-
13-May-25,10.03,10.03,10.03,10.03,9.61,-
14-May-25,10.02,10.02,10.02,10.02,9.6,-
15-May-25,10.04,10.04,10.04,10.04,9.62,-
16-May-25,10.04,10.04,10.04,10.04,9.62,-
19-May-25,10.05,10.05,10.05,10.05,9.63,-
20-May-25,10.05,10.05,10.05,10.05,9.63,-
21-May-25,10.02,10.02,10.02,10.02,9.6,-
22-May-25,10.03,10.03,10.03,10.03,9.61,-
23-May-25,10.04,10.04,10.04,10.04,9.62,-
27-May-25,10.06,10.06,10.06,10.06,9.64,-
28-May-25,10.05,10.05,10.05,10.05,9.63,-
29-May-25,10.07,10.07,10.07,10.07,9.65,-
30-May-25,10.08,10.08,10.08,10.08,9.66,-
02-Jun-25,10.07,10.07,10.07,10.07,9.65,-
03-Jun-25,10.07,10.07,10.07,10.07,9.65,-
04-Jun-25,10.09,10.09,10.09,10.09,9.67,-
05-Jun-25,10.07,10.07,10.07,10.07,9.65,-
06-Jun-25,10.06,10.06,10.06,10.06,9.64,-
09-Jun-25,10.07,10.07,10.07,10.07,9.65,-
10-Jun-25,10.07,10.07,10.07,10.07,9.65,-
11-Jun-25,10.08,10.08,10.08,10.08,9.66,-
12-Jun-25,10.1,10.1,10.1,10.1,9.68,-
13-Jun-25,10.09,10.09,10.09,10.09,9.67,-
16-Jun-25,10.08,10.08,10.08,10.08,9.66,-
17-Jun-25,10.09,10.09,10.09,10.09,9.67,-
18-Jun-25,10.1,10.1,10.1,10.1,9.68,-
20-Jun-25,10.1,10.1,10.1,10.1,9.68,-
23-Jun-25,10.12,10.12,10.12,10.12,9.7,-
24-Jun-25,10.12,10.12,10.12,10.12,9.7,-
25-Jun-25,10.12,10.12,10.12,10.12,9.7,-
26-Jun-25,10.13,10.13,10.13,10.13,9.71,-
27-Jun-25,10.08,10.08,10.08,10.08,9.71,-
30-Jun-25,10.09,10.09,10.09,10.09,9.72,-
01-Jul-25,10.09,10.09,10.09,10.09,9.72,-
02-Jul-25,10.08,10.08,10.08,10.08,9.71,-
03-Jul-25,10.08,10.08,10.08,10.08,9.71,-
07-Jul-25,10.07,10.07,10.07,10.07,9.7,-
08-Jul-25,10.07,10.07,10.07,10.07,9.7,-
09-Jul-25,10.08,10.08,10.08,10.08,9.71,-
10-Jul-25,10.08,10.08,10.08,10.08,9.71,-
11-Jul-25,10.07,10.07,10.07,10.07,9.7,-
14-Jul-25,10.07,10.07,10.07,10.07,9.7,-
15-Jul-25,10.06,10.06,10.06,10.06,9.69,-
16-Jul-25,10.08,10.08,10.08,10.08,9.71,-
17-Jul-25,10.08,10.08,10.08,10.08,9.71,-
18-Jul-25,10.09,10.09,10.09,10.09,9.72,-
21-Jul-25,10.1,10.1,10.1,10.1,9.73,-
22-Jul-25,10.11,10.11,10.11,10.11,9.74,-
23-Jul-25,10.09,10.09,10.09,10.09,9.72,-
24-Jul-25,10.09,10.09,10.09,10.09,9.72,-
25-Jul-25,10.1,10.1,10.1,10.1,9.73,-
28-Jul-25,10.1,10.1,10.1,10.1,9.73,-
29-Jul-25,10.11,10.11,10.11,10.11,9.74,-
30-Jul-25,10.1,10.1,10.1,10.1,9.73,-
31-Jul-25,10.1,10.1,10.1,10.1,9.73,-
01-Aug-25,10.13,10.13,10.13,10.13,9.76,-
04-Aug-25,10.14,10.14,10.14,10.14,9.77,-
05-Aug-25,10.14,10.14,10.14,10.14,9.77,-
06-Aug-25,10.14,10.14,10.14,10.14,9.77,-
07-Aug-25,10.14,10.14,10.14,10.14,9.77,-
08-Aug-25,10.13,10.13,10.13,10.13,9.76,-
11-Aug-25,10.14,10.14,10.14,10.14,9.77,-
12-Aug-25,10.14,10.14,10.14,10.14,9.77,-
13-Aug-25,10.15,10.15,10.15,10.15,9.78,-
14-Aug-25,10.14,10.14,10.14,10.14,9.77,-
15-Aug-25,10.14,10.14,10.14,10.14,9.77,-
18-Aug-25,10.13,10.13,10.13,10.13,9.76,-
19-Aug-25,10.14,10.14,10.14,10.14,9.77,-
20-Aug-25,10.14,10.14,10.14,10.14,9.77,-
21-Aug-25,10.14,10.14,10.14,10.14,9.77,-
22-Aug-25,10.16,10.16,10.16,10.16,9.78,-
25-Aug-25,10.15,10.15,10.15,10.15,9.78,-
26-Aug-25,10.16,10.16,10.16,10.16,9.78,-
27-Aug-25,10.16,10.16,10.16,10.16,9.78,-
28-Aug-25,10.17,10.17,10.17,10.17,9.79,-
29-Aug-25,10.17,10.17,10.17,10.17,9.79,-
02-Sep-25,10.16,10.16,10.16,10.16,9.78,-
03-Sep-25,10.17,10.17,10.17,10.17,9.79,-
04-Sep-25,10.18,10.18,10.18,10.18,9.8,-
05-Sep-25,10.2,10.2,10.2,10.2,9.82,-
08-Sep-25,10.21,10.21,10.21,10.21,9.83,-
09-Sep-25,10.2,10.2,10.2,10.2,9.82,-
10-Sep-25,10.21,10.21,10.21,10.21,9.83,-
11-Sep-25,10.21,10.21,10.21,10.21,9.83,-
12-Sep-25,10.21,10.21,10.21,10.21,9.83,-
15-Sep-25,10.22,10.22,10.22,10.22,9.84,-
16-Sep-25,10.22,10.22,10.22,10.22,9.84,-
17-Sep-25,10.21,10.21,10.21,10.21,9.83,-
18-Sep-25,10.21,10.21,10.21,10.21,9.83,-
19-Sep-25,10.21,10.21,10.21,10.21,9.83,-
22-Sep-25,10.2,10.2,10.2,10.2,9.82,-
23-Sep-25,10.21,10.21,10.21,10.21,9.83,-
24-Sep-25,10.2,10.2,10.2,10.2,9.82,-
25-Sep-25,10.2,10.2,10.2,10.2,9.82,-
26-Sep-25,10.2,10.2,10.2,10.2,9.82,-
29-Sep-25,10.21,10.21,10.21,10.21,9.83,-
30-Sep-25,10.08,10.08,10.08,10.08,9.83,-
01-Oct-25,10.09,10.09,10.09,10.09,9.84,-
02-Oct-25,10.09,10.09,10.09,10.09,9.84,-
03-Oct-25,10.09,10.09,10.09,10.09,9.84,-
06-Oct-25,10.08,10.08,10.08,10.08,9.83,-
07-Oct-25,10.09,10.09,10.09,10.09,9.84,-
08-Oct-25,10.09,10.09,10.09,10.09,9.84,-
09-Oct-25,10.09,10.09,10.09,10.09,9.84,-
10-Oct-25,10.1,10.1,10.1,10.1,9.85,-
13-Oct-25,10.11,10.11,10.11,10.11,9.86,-
14-Oct-25,10.12,10.12,10.12,10.12,9.87,-
15-Oct-25,10.12,10.12,10.12,10.12,9.87,-
16-Oct-25,10.13,10.13,10.13,10.13,9.88,-
17-Oct-25,10.12,10.12,10.12,10.12,9.87,-
20-Oct-25,10.13,10.13,10.13,10.13,9.88,-
21-Oct-25,10.13,10.13,10.13,10.13,9.88,-
22-Oct-25,10.14,10.14,10.14,10.14,9.89,-
23-Oct-25,10.13,10.13,10.13,10.13,9.88,-
24-Oct-25,10.13,10.13,10.13,10.13,9.88,-
27-Oct-25,10.14,10.14,10.14,10.14,9.89,-
28-Oct-25,10.14,10.14,10.14,10.14,9.89,-
29-Oct-25,10.12,10.12,10.12,10.12,9.87,-
30-Oct-25,10.12,10.12,10.12,10.12,9.87,-
31-Oct-25,10.12,10.12,10.12,10.12,9.87,-
03-Nov-25,10.11,10.11,10.11,10.11,9.86,-
04-Nov-25,10.12,10.12,10.12,10.12,9.87,-
05-Nov-25,10.11,10.11,10.11,10.11,9.86,-
06-Nov-25,10.12,10.12,10.12,10.12,9.87,-
07-Nov-25,10.12,10.12,10.12,10.12,9.87,-
10-Nov-25,10.12,10.12,10.12,10.12,9.87,-
11-Nov-25,10.13,10.13,10.13,10.13,9.88,-
12-Nov-25,10.13,10.13,10.13,10.13,9.88,-
13-Nov-25,10.12,10.12,10.12,10.12,9.87,-
14-Nov-25,10.12,10.12,10.12,10.12,9.87,-
17-Nov-25,10.12,10.12,10.12,10.12,9.87,-
18-Nov-25,10.12,10.12,10.12,10.12,9.87,-
19-Nov-25,10.12,10.12,10.12,10.12,9.87,-
20-Nov-25,10.12,10.12,10.12,10.12,9.87,-
21-Nov-25,10.14,10.14,10.14,10.14,9.89,-
24-Nov-25,10.14,10.14,10.14,10.14,9.89,-
25-Nov-25,10.15,10.15,10.15,10.15,9.9,-
26-Nov-25,10.16,10.16,10.16,10.16,9.91,-
28-Nov-25,10.15,10.15,10.15,10.15,9.9,-
01-Dec-25,10.14,10.14,10.14,10.14,9.89,-
02-Dec-25,10.14,10.14,10.14,10.14,9.89,-
03-Dec-25,10.15,10.15,10.15,10.15,9.9,-
04-Dec-25,10.15,10.15,10.15,10.15,9.9,-
05-Dec-25,10.14,10.14,10.14,10.14,9.89,-
08-Dec-25,10.13,10.13,10.13,10.13,9.88,-
09-Dec-25,10.13,10.13,10.13,10.13,9.88,-
10-Dec-25,10.14,10.14,10.14,10.14,9.89,-
11-Dec-25,10.14,10.14,10.14,10.14,9.89,-
12-Dec-25,10.14,10.14,10.14,10.14,9.89,-
15-Dec-25,10.14,10.14,10.14,10.14,9.89,-
16-Dec-25,10.15,10.15,10.15,10.15,9.9,-
17-Dec-25,10.15,10.15,10.15,10.15,9.9,-
18-Dec-25,10.16,10.16,10.16,10.16,9.91,-
19-Dec-25,10.15,10.15,10.15,10.15,9.9,-
22-Dec-25,10.15,10.15,10.15,10.15,9.9,-
23-Dec-25,10.15,10.15,10.15,10.15,9.9,-
24-Dec-25,10.16,10.16,10.16,10.16,9.91,-
26-Dec-25,10.17,10.17,10.17,10.17,9.92,-
29-Dec-25,10.01,10.01,10.01,10.01,9.92,-
30-Dec-25,10.01,10.01,10.01,10.01,9.92,-
31-Dec-25,10.0,10.0,10.0,10.0,9.91,-
02-Jan-26,10.01,10.01,10.01,10.01,9.92,-
05-Jan-26,10.01,10.01,10.01,10.01,9.92,-
06-Jan-26,10.02,10.02,10.02,10.02,9.93,-
07-Jan-26,10.02,10.02,10.02,10.02,9.93,-
08-Jan-26,10.01,10.01,10.01,10.01,9.92,-
09-Jan-26,10.02,10.02,10.02,10.02,9.93,-
12-Jan-26,10.02,10.02,10.02,10.02,9.93,-
13-Jan-26,10.02,10.02,10.02,10.02,9.93,-
14-Jan-26,10.03,10.03,10.03,10.03,9.94,-
15-Jan-26,10.02,10.02,10.02,10.02,9.93,-
16-Jan-26,10.02,10.02,10.02,10.02,9.93,-
20-Jan-26,10.01,10.01,10.01,10.01,9.92,-
21-Jan-26,10.02,10.02,10.02,10.02,9.93,-
22-Jan-26,10.02,10.02,10.02,10.02,9.93,-
23-Jan-26,10.02,10.02,10.02,10.02,9.93,-
26-Jan-26,10.03,10.03,10.03,10.03,9.94,-
27-Jan-26,10.03,10.03,10.03,10.03,9.94,-
28-Jan-26,10.03,10.03,10.03,10.03,9.94,-
29-Jan-26,10.04,10.04,10.04,10.04,9.95,-
30-Jan-26,10.04,10.04,10.04,10.04,9.95,-
02-Feb-26,10.03,10.03,10.03,10.03,9.94,-
03-Feb-26,10.03,10.03,10.03,10.03,9.94,-
04-Feb-26,10.03,10.03,10.03,10.03,9.94,-
05-Feb-26,10.05,10.05,10.05,10.05,9.96,-
06-Feb-26,10.05,10.05,10.05,10.05,9.96,-
09-Feb-26,10.05,10.05,10.05,10.05,9.96,-
10-Feb-26,10.06,10.06,10.06,10.06,9.97,-
11-Feb-26,10.06,10.06,10.06,10.06,9.97,-
12-Feb-26,10.07,10.07,10.07,10.07,9.98,-
13-Feb-26,10.08,10.08,10.08,10.08,9.99,-
17-Feb-26,10.08,10.08,10.08,10.08,9.99,-
18-Feb-26,10.08,10.08,10.08,10.08,9.99,-
19-Feb-26,10.08,10.08,10.08,10.08,9.99,-
20-Feb-26,10.09,10.09,10.09,10.09,9.99,-
23-Feb-26,10.1,10.1,10.1,10.1,10.0,-
24-Feb-26,10.09,10.09,10.09,10.09,9.99,-
25-Feb-26,10.09,10.09,10.09,10.09,9.99,-
26-Feb-26,10.1,10.1,10.1,10.1,10.0,-
27-Feb-26,10.11,10.11,10.11,10.11,10.01,-
02-Mar-26,10.09,10.09,10.09,10.09,9.99,-
03-Mar-26,10.09,10.09,10.09,10.09,9.99,-
04-Mar-26,10.08,10.08,10.08,10.08,9.99,-
05-Mar-26,10.07,10.07,10.07,10.07,9.98,-
06-Mar-26,10.07,10.07,10.07,10.07,9.98,-
09-Mar-26,10.08,10.08,10.08,10.08,9.99,-
10-Mar-26,10.07,10.07,10.07,10.07,9.98,-
11-Mar-26,10.05,10.05,10.05,10.05,9.96,-
12-Mar-26,10.03,10.03,10.03,10.03,9.94,-
13-Mar-26,10.03,10.03,10.03,10.03,9.94,-
16-Mar-26,10.04,10.04,10.04,10.04,9.95,-
17-Mar-26,10.05,10.05,10.05,10.05,9.96,-
18-Mar-26,10.04,10.04,10.04,10.04,9.95,-
19-Mar-26,10.04,10.04,10.04,10.04,9.95,-
20-Mar-26,10.0,10.0,10.0,10.0,9.91,-
23-Mar-26,10.02,10.02,10.02,10.02,9.93,-
24-Mar-26,10.01,10.01,10.01,10.01,9.92,-
25-Mar-26,10.02,10.02,10.02,10.02,9.93,-
26-Mar-26,10.0,10.0,10.0,10.0,9.91,-
27-Mar-26,10.0,10.0,10.0,10.0,9.91,-
30-Mar-26,9.99,9.99,9.99,9.99,9.93,-
31-Mar-26,10.01,10.01,10.01,10.01,9.95,-
01-Apr-26,10.01,10.01,10.01,10.01,9.95,-
02-Apr-26,10.02,10.02,10.02,10.02,9.96,-
06-Apr-26,10.01,10.01,10.01,10.01,9.95,-
07-Apr-26,10.02,10.02,10.02,10.02,9.96,-
08-Apr-26,10.04,10.04,10.04,10.04,9.98,-
09-Apr-26,10.04,10.04,10.04,10.04,9.98,-
10-Apr-26,10.03,10.03,10.03,10.03,9.97,-
13-Apr-26,10.04,10.04,10.04,10.04,9.98,-
14-Apr-26,10.05,10.05,10.05,10.05,9.99,-
15-Apr-26,10.04,10.04,10.04,10.04,9.98,-
16-Apr-26,10.04,10.04,10.04,10.04,9.98,-
17-Apr-26,10.06,10.06,10.06,10.06,10.0,-
20-Apr-26,10.06,10.06,10.06,10.06,10.0,-
21-Apr-26,10.04,10.04,10.04,10.04,9.98,-
22-Apr-26,10.05,10.05,10.05,10.05,9.99,-
23-Apr-26,10.04,10.04,10.04,10.04,9.98,-
24-Apr-26,10.05,10.05,10.05,10.05,9.99,-
27-Apr-26,10.05,10.05,10.05,10.05,9.99,-
28-Apr-26,10.04,10.04,10.04,10.04,9.98,-
29-Apr-26,10.02,10.02,10.02,10.02,9.96,-
30-Apr-26,10.04,10.04,10.04,10.04,9.98,-
01-May-26,10.04,10.04,10.04,10.04,9.98,-
04-May-26,10.03,10.03,10.03,10.03,9.97,-
05-May-26,10.03,10.03,10.03,10.03,9.97,-
06-May-26,10.05,10.05,10.05,10.05,9.99,-
07-May-26,10.04,10.04,10.04,10.04,9.98,-
08-May-26,10.06,10.06,10.06,10.06,10.0,-
11-May-26,10.05,10.05,10.05,10.05,9.99,-
12-May-26,10.04,10.04,10.04,10.04,9.98,-
13-May-26,10.04,10.04,10.04,10.04,9.98,-
14-May-26,10.04,10.04,10.04,10.04,9.98,-
15-May-26,10.02,10.02,10.02,10.02,9.96,-
18-May-26,10.02,10.02,10.02,10.02,9.96,-
19-May-26,10.0,10.0,10.0,10.0,9.94,-
20-May-26,10.03,10.03,10.03,10.03,9.97,-
21-May-26,10.03,10.03,10.03,10.03,9.97,-
22-May-26,10.03,10.03,10.03,10.03,9.97,-
26-May-26,10.05,10.05,10.05,10.05,9.99,-
27-May-26,10.06,10.06,10.06,10.06,10.0,-
28-May-26,10.06,10.06,10.06,10.06,10.0,-
29-May-26,10.07,10.07,10.07,10.07,10.01,-
01-Jun-26,10.07,10.07,10.07,10.07,10.01,-
02-Jun-26,10.07,10.07,10.07,10.07,10.01,-
03-Jun-26,10.06,10.06,10.06,10.06,10.0,-
04-Jun-26,10.06,10.06,10.06,10.06,10.0,-
05-Jun-26,10.04,10.04,10.04,10.04,9.98,-
08-Jun-26,10.04,10.04,10.04,10.04,9.98,-
09-Jun-26,10.05,10.05,10.05,10.05,9.99,-
10-Jun-26,10.05,10.05,10.05,10.05,9.99,-
11-Jun-26,10.07,10.07,10.07,10.07,10.01,-
12-Jun-26,10.07,10.07,10.07,10.07,10.01,-
15-Jun-26,10.08,10.08,10.08,10.08,10.02,-
16-Jun-26,10.08,10.08,10.08,10.08,10.02,-
17-Jun-26,10.06,10.06,10.06,10.06,10.0,-
18-Jun-26,10.08,10.08,10.08,10.08,10.02,-
22-Jun-26,10.07,10.07,10.07,10.07,10.01,-
23-Jun-26,10.07,10.07,10.07,10.07,10.01,-
24-Jun-26,10.09,10.09,10.09,10.09,10.03,-
25-Jun-26,10.09,10.09,10.09,10.09,10.03,-
26-Jun-26,10.1,10.1,10.1,10.1,10.04,-
29-Jun-26,10.04,10.04,10.04,10.04,10.04,-
30-Jun-26,10.03,10.03,10.03,10.03,10.03,-
01-Jul-26,10.02,10.02,10.02,10.02,10.02,-
02-Jul-26,10.03,10.03,10.03,10.03,10.03,-
06-Jul-26,10.03,10.03,10.03,10.03,10.03,-
07-Jul-26,10.01,10.01,10.01,10.01,10.01,-
08-Jul-26,10.0,10.0,10.0,10.0,10.0,-
09-Jul-26,10.01,10.01,10.01,10.01,10.01,-
10-Jul-26,10.01,10.01,10.01,10.01,10.01,-
13-Jul-26,9.99,9.99,9.99,9.99,9.99,-
14-Jul-26,10.01,10.01,10.01,10.01,10.01,-
15-Jul-26,10.02,10.02,10.02,10.02,10.02,-
16-Jul-26,10.01,10.01,10.01,10.01,10.01,-
17-Jul-26,10.01,10.01,10.01,10.01,10.01,-
20-Jul-26,10.01,10.01,10.01,10.01,10.01,-
21-Jul-26,10.0,10.0,10.0,10.0,10.0,-
22-Jul-26,9.99,9.99,9.99,9.99,9.99,-
23-Jul-26,9.98,9.98,9.98,9.98,9.98,-
24-Jul-26,9.99,9.99,9.99,9.99,9.99,-
27-Jul-26,9.99,9.99,9.99,9.99,9.99,-
28-Jul-26,10.01,10.01,10.01,10.01,10.01,-
29-Jul-26,10.0,10.0,10.0,10.0,10.0,-
30-Jul-26,10.01,10.01,10.01,10.01,10.01,-
31-Jul-26,10.0,10.0,10.0,10.0,10.0,-
03-Aug-26,10.01,10.01,10.01,10.01,10.01,-
04-Aug-26,10.03,10.03,10.03,10.03,10.03,-
05-Aug-26,10.03,10.03,10.03,10.03,10.03,-
06-Aug-26,10.02,10.02,10.02,10.02,10.02,-
07-Aug-26,10.03,10.03,10.03,10.03,10.03,-
10-Aug-26,10.01,10.01,10.01,10.01,10.01,-
11-Aug-26,10.02,10.02,10.02,10.02,10.02,-
12-Aug-26,10.02,10.02,10.02,10.02,10.02,-
13-Aug-26,10.04,10.04,10.04,10.04,10.04,-
14-Aug-26,10.03,10.03,10.03,10.03,10.03,-
