Date,Open,High,Low,Close,Adj Close,Volume
02-Jan-08,10.0,10.0,10.0,10.0,5.26,-
03-Jan-08,10.0,10.0,10.0,10.0,5.26,-
04-Jan-08,10.0,10.0,10.0,10.0,5.26,-
07-Jan-08,10.0,10.0,10.0,10.0,5.26,-
08-Jan-08,10.0,10.0,10.0,10.0,5.26,-
09-Jan-08,10.0,10.0,10.0,10.0,5.26,-
10-Jan-08,10.0,10.0,10.0,10.0,5.26,-
11-Jan-08,10.0,10.0,10.0,10.0,5.26,-
14-Jan-08,10.0,10.0,10.0,10.0,5.26,-
15-Jan-08,10.0,10.0,10.0,10.0,5.26,-
16-Jan-08,9.93,9.93,9.93,9.93,5.23,-
17-Jan-08,9.91,9.91,9.91,9.91,5.22,-
18-Jan-08,9.82,9.82,9.82,9.82,5.17,-
22-Jan-08,9.79,9.79,9.79,9.79,5.15,-
23-Jan-08,10.09,10.09,10.09,10.09,5.31,-
24-Jan-08,10.13,10.13,10.13,10.13,5.33,-
25-Jan-08,10.08,10.08,10.08,10.08,5.31,-
28-Jan-08,10.29,10.29,10.29,10.29,5.42,-
29-Jan-08,10.37,10.37,10.37,10.37,5.46,-
30-Jan-08,10.32,10.32,10.32,10.32,5.43,-
31-Jan-08,10.47,10.47,10.47,10.47,5.51,-
01-Feb-08,10.63,10.63,10.63,10.63,5.6,-
04-Feb-08,10.52,10.52,10.52,10.52,5.54,-
05-Feb-08,10.22,10.22,10.22,10.22,5.38,-
06-Feb-08,10.15,10.15,10.15,10.15,5.34,-
07-Feb-08,10.26,10.26,10.26,10.26,5.4,-
08-Feb-08,10.21,10.21,10.21,10.21,5.38,-
11-Feb-08,10.23,10.23,10.23,10.23,5.39,-
12-Feb-08,10.3,10.3,10.3,10.3,5.42,-
13-Feb-08,10.48,10.48,10.48,10.48,5.52,-
14-Feb-08,10.33,10.33,10.33,10.33,5.44,-
15-Feb-08,10.31,10.31,10.31,10.31,5.43,-
19-Feb-08,10.31,10.31,10.31,10.31,5.43,-
20-Feb-08,10.41,10.41,10.41,10.41,5.48,-
21-Feb-08,10.25,10.25,10.25,10.25,5.4,-
22-Feb-08,10.28,10.28,10.28,10.28,5.41,-
25-Feb-08,10.47,10.47,10.47,10.47,5.51,-
26-Feb-08,10.57,10.57,10.57,10.57,5.56,-
27-Feb-08,10.57,10.57,10.57,10.57,5.56,-
28-Feb-08,10.45,10.45,10.45,10.45,5.5,-
29-Feb-08,10.25,10.25,10.25,10.25,5.4,-
03-Mar-08,10.22,10.22,10.22,10.22,5.38,-
04-Mar-08,10.19,10.19,10.19,10.19,5.36,-
05-Mar-08,10.23,10.23,10.23,10.23,5.39,-
06-Mar-08,9.98,9.98,9.98,9.98,5.25,-
07-Mar-08,9.94,9.94,9.94,9.94,5.23,-
10-Mar-08,9.76,9.76,9.76,9.76,5.14,-
11-Mar-08,10.13,10.13,10.13,10.13,5.33,-
12-Mar-08,10.02,10.02,10.02,10.02,5.28,-
13-Mar-08,10.14,10.14,10.14,10.14,5.34,-
14-Mar-08,9.92,9.92,9.92,9.92,5.22,-
17-Mar-08,9.79,9.79,9.79,9.79,5.15,-
18-Mar-08,10.19,10.19,10.19,10.19,5.36,-
19-Mar-08,9.95,9.95,9.95,9.95,5.24,-
20-Mar-08,10.18,10.18,10.18,10.18,5.36,-
24-Mar-08,10.41,10.41,10.41,10.41,5.48,-
25-Mar-08,10.48,10.48,10.48,10.48,5.52,-
26-Mar-08,10.41,10.41,10.41,10.41,5.48,-
27-Mar-08,10.29,10.29,10.29,10.29,5.42,-
28-Mar-08,10.19,10.19,10.19,10.19,5.36,-
31-Mar-08,10.26,10.26,10.26,10.26,5.4,-
01-Apr-08,10.58,10.58,10.58,10.58,5.57,-
02-Apr-08,10.6,10.6,10.6,10.6,5.58,-
03-Apr-08,10.6,10.6,10.6,10.6,5.58,-
04-Apr-08,10.6,10.6,10.6,10.6,5.58,-
07-Apr-08,10.62,10.62,10.62,10.62,5.59,-
08-Apr-08,10.59,10.59,10.59,10.59,5.58,-
09-Apr-08,10.42,10.42,10.42,10.42,5.49,-
10-Apr-08,10.5,10.5,10.5,10.5,5.53,-
11-Apr-08,10.27,10.27,10.27,10.27,5.41,-
14-Apr-08,10.24,10.24,10.24,10.24,5.39,-
15-Apr-08,10.31,10.31,10.31,10.31,5.43,-
16-Apr-08,10.58,10.58,10.58,10.58,5.57,-
17-Apr-08,10.54,10.54,10.54,10.54,5.55,-
18-Apr-08,10.72,10.72,10.72,10.72,5.64,-
21-Apr-08,10.66,10.66,10.66,10.66,5.61,-
22-Apr-08,10.5,10.5,10.5,10.5,5.53,-
23-Apr-08,10.49,10.49,10.49,10.49,5.52,-
24-Apr-08,10.49,10.49,10.49,10.49,5.52,-
25-Apr-08,10.69,10.69,10.69,10.69,5.63,-
28-Apr-08,10.73,10.73,10.73,10.73,5.65,-
29-Apr-08,10.67,10.67,10.67,10.67,5.62,-
30-Apr-08,10.63,10.63,10.63,10.63,5.6,-
01-May-08,10.85,10.85,10.85,10.85,5.71,-
02-May-08,10.83,10.83,10.83,10.83,5.7,-
05-May-08,10.83,10.83,10.83,10.83,5.7,-
06-May-08,10.79,10.79,10.79,10.79,5.68,-
07-May-08,10.7,10.7,10.7,10.7,5.63,-
08-May-08,10.73,10.73,10.73,10.73,5.65,-
09-May-08,10.7,10.7,10.7,10.7,5.63,-
12-May-08,10.87,10.87,10.87,10.87,5.72,-
13-May-08,10.91,10.91,10.91,10.91,5.74,-
14-May-08,10.92,10.92,10.92,10.92,5.75,-
15-May-08,11.03,11.03,11.03,11.03,5.81,-
16-May-08,11.01,11.01,11.01,11.01,5.8,-
19-May-08,11.0,11.0,11.0,11.0,5.79,-
20-May-08,10.94,10.94,10.94,10.94,5.76,-
21-May-08,10.8,10.8,10.8,10.8,5.69,-
22-May-08,10.86,10.86,10.86,10.86,5.72,-
23-May-08,10.7,10.7,10.7,10.7,5.63,-
27-May-08,10.81,10.81,10.81,10.81,5.69,-
28-May-08,10.85,10.85,10.85,10.85,5.71,-
29-May-08,10.94,10.94,10.94,10.94,5.76,-
30-May-08,10.97,10.97,10.97,10.97,5.78,-
02-Jun-08,10.86,10.86,10.86,10.86,5.72,-
03-Jun-08,10.82,10.82,10.82,10.82,5.7,-
04-Jun-08,10.84,10.84,10.84,10.84,5.71,-
05-Jun-08,11.08,11.08,11.08,11.08,5.83,-
06-Jun-08,10.75,10.75,10.75,10.75,5.66,-
09-Jun-08,10.7,10.7,10.7,10.7,5.63,-
10-Jun-08,10.67,10.67,10.67,10.67,5.62,-
11-Jun-08,10.45,10.45,10.45,10.45,5.5,-
12-Jun-08,10.49,10.49,10.49,10.49,5.52,-
13-Jun-08,10.66,10.66,10.66,10.66,5.61,-
16-Jun-08,10.7,10.7,10.7,10.7,5.63,-
17-Jun-08,10.62,10.62,10.62,10.62,5.59,-
18-Jun-08,10.53,10.53,10.53,10.53,5.54,-
19-Jun-08,10.59,10.59,10.59,10.59,5.58,-
20-Jun-08,10.41,10.41,10.41,10.41,5.48,-
23-Jun-08,10.41,10.41,10.41,10.41,5.48,-
24-Jun-08,10.21,10.21,10.21,10.21,5.38,-
25-Jun-08,10.21,10.21,10.21,10.21,5.38,-
26-Jun-08,10.02,10.02,10.02,10.02,5.28,-
27-Jun-08,9.97,9.97,9.97,9.97,5.25,-
30-Jun-08,9.9,9.9,9.9,9.9,5.21,-
01-Jul-08,9.91,9.91,9.91,9.91,5.22,-
02-Jul-08,9.67,9.67,9.67,9.67,5.09,-
03-Jul-08,9.62,9.62,9.62,9.62,5.06,-
07-Jul-08,9.5,9.5,9.5,9.5,5.0,-
08-Jul-08,9.77,9.77,9.77,9.77,5.14,-
09-Jul-08,9.52,9.52,9.52,9.52,5.01,-
10-Jul-08,9.59,9.59,9.59,9.59,5.05,-
11-Jul-08,9.57,9.57,9.57,9.57,5.04,-
14-Jul-08,9.57,9.57,9.57,9.57,5.04,-
15-Jul-08,9.33,9.33,9.33,9.33,4.91,-
16-Jul-08,9.65,9.65,9.65,9.65,5.08,-
17-Jul-08,9.81,9.81,9.81,9.81,5.16,-
18-Jul-08,9.79,9.79,9.79,9.79,5.15,-
21-Jul-08,9.83,9.83,9.83,9.83,5.18,-
22-Jul-08,10.04,10.04,10.04,10.04,5.29,-
23-Jul-08,10.09,10.09,10.09,10.09,5.31,-
24-Jul-08,9.85,9.85,9.85,9.85,5.19,-
25-Jul-08,9.91,9.91,9.91,9.91,5.22,-
28-Jul-08,9.78,9.78,9.78,9.78,5.15,-
29-Jul-08,9.98,9.98,9.98,9.98,5.25,-
30-Jul-08,10.09,10.09,10.09,10.09,5.31,-
31-Jul-08,10.01,10.01,10.01,10.01,5.27,-
01-Aug-08,10.01,10.01,10.01,10.01,5.27,-
04-Aug-08,9.87,9.87,9.87,9.87,5.2,-
05-Aug-08,10.12,10.12,10.12,10.12,5.33,-
06-Aug-08,10.15,10.15,10.15,10.15,5.34,-
07-Aug-08,9.96,9.96,9.96,9.96,5.24,-
08-Aug-08,9.96,9.96,9.96,9.96,5.24,-
11-Aug-08,10.4,10.4,10.4,10.4,5.48,-
12-Aug-08,10.28,10.28,10.28,10.28,5.41,-
13-Aug-08,10.29,10.29,10.29,10.29,5.42,-
14-Aug-08,10.37,10.37,10.37,10.37,5.46,-
15-Aug-08,10.39,10.39,10.39,10.39,5.47,-
18-Aug-08,10.22,10.22,10.22,10.22,5.38,-
19-Aug-08,10.1,10.1,10.1,10.1,5.32,-
20-Aug-08,10.13,10.13,10.13,10.13,5.33,-
21-Aug-08,10.11,10.11,10.11,10.11,5.32,-
22-Aug-08,10.25,10.25,10.25,10.25,5.4,-
25-Aug-08,10.04,10.04,10.04,10.04,5.29,-
26-Aug-08,10.09,10.09,10.09,10.09,5.31,-
27-Aug-08,10.21,10.21,10.21,10.21,5.38,-
28-Aug-08,10.39,10.39,10.39,10.39,5.47,-
29-Aug-08,10.29,10.29,10.29,10.29,5.42,-
02-Sep-08,10.27,10.27,10.27,10.27,5.41,-
03-Sep-08,10.31,10.31,10.31,10.31,5.43,-
04-Sep-08,10.01,10.01,10.01,10.01,5.27,-
05-Sep-08,10.05,10.05,10.05,10.05,5.29,-
08-Sep-08,10.27,10.27,10.27,10.27,5.41,-
09-Sep-08,9.91,9.91,9.91,9.91,5.22,-
10-Sep-08,10.02,10.02,10.02,10.02,5.28,-
11-Sep-08,10.1,10.1,10.1,10.1,5.32,-
12-Sep-08,10.11,10.11,10.11,10.11,5.32,-
15-Sep-08,9.64,9.64,9.64,9.64,5.08,-
16-Sep-08,9.89,9.89,9.89,9.89,5.21,-
17-Sep-08,9.41,9.41,9.41,9.41,4.95,-
18-Sep-08,9.96,9.96,9.96,9.96,5.24,-
19-Sep-08,10.44,10.44,10.44,10.44,5.5,-
22-Sep-08,9.98,9.98,9.98,9.98,5.25,-
23-Sep-08,9.83,9.83,9.83,9.83,5.18,-
24-Sep-08,9.7,9.7,9.7,9.7,5.11,-
25-Sep-08,9.84,9.84,9.84,9.84,5.18,-
26-Sep-08,9.85,9.85,9.85,9.85,5.19,-
29-Sep-08,9.85,9.85,9.85,9.85,5.19,-
30-Sep-08,9.85,9.85,9.85,9.85,5.19,-
01-Oct-08,9.37,9.37,9.37,9.37,4.93,-
02-Oct-08,8.91,8.91,8.91,8.91,4.69,-
03-Oct-08,8.71,8.71,8.71,8.71,4.59,-
06-Oct-08,8.4,8.4,8.4,8.4,4.42,-
07-Oct-08,7.86,7.86,7.86,7.86,4.14,-
08-Oct-08,7.66,7.66,7.66,7.66,4.03,-
09-Oct-08,7.02,7.02,7.02,7.02,3.7,-
10-Oct-08,7.12,7.12,7.12,7.12,3.75,-
13-Oct-08,7.84,7.84,7.84,7.84,4.13,-
14-Oct-08,7.78,7.78,7.78,7.78,4.1,-
15-Oct-08,7.07,7.07,7.07,7.07,3.72,-
16-Oct-08,7.43,7.43,7.43,7.43,3.91,-
17-Oct-08,7.33,7.33,7.33,7.33,3.86,-
20-Oct-08,7.64,7.64,7.64,7.64,4.02,-
21-Oct-08,7.43,7.43,7.43,7.43,3.91,-
22-Oct-08,7.01,7.01,7.01,7.01,3.69,-
23-Oct-08,6.94,6.94,6.94,6.94,3.65,-
24-Oct-08,6.71,6.71,6.71,6.71,3.53,-
27-Oct-08,6.44,6.44,6.44,6.44,3.39,-
28-Oct-08,6.96,6.96,6.96,6.96,3.66,-
29-Oct-08,7.01,7.01,7.01,7.01,3.69,-
30-Oct-08,7.24,7.24,7.24,7.24,3.81,-
31-Oct-08,7.51,7.51,7.51,7.51,3.95,-
03-Nov-08,7.52,7.52,7.52,7.52,3.96,-
04-Nov-08,7.72,7.72,7.72,7.72,4.06,-
05-Nov-08,7.32,7.32,7.32,7.32,3.85,-
06-Nov-08,7.32,7.32,7.32,7.32,3.85,-
07-Nov-08,7.14,7.14,7.14,7.14,3.76,-
10-Nov-08,6.99,6.99,6.99,6.99,3.68,-
11-Nov-08,6.99,6.99,6.99,6.99,3.68,-
12-Nov-08,6.43,6.43,6.43,6.43,3.39,-
13-Nov-08,6.91,6.91,6.91,6.91,3.64,-
14-Nov-08,6.53,6.53,6.53,6.53,3.44,-
17-Nov-08,6.38,6.38,6.38,6.38,3.36,-
18-Nov-08,6.36,6.36,6.36,6.36,3.35,-
19-Nov-08,5.9,5.9,5.9,5.9,3.11,-
20-Nov-08,5.47,5.47,5.47,5.47,2.88,-
21-Nov-08,5.77,5.77,5.77,5.77,3.04,-
24-Nov-08,6.19,6.19,6.19,6.19,3.26,-
25-Nov-08,6.19,6.19,6.19,6.19,3.26,-
26-Nov-08,6.61,6.61,6.61,6.61,3.48,-
28-Nov-08,6.69,6.69,6.69,6.69,3.52,-
01-Dec-08,5.98,5.98,5.98,5.98,3.15,-
02-Dec-08,6.28,6.28,6.28,6.28,3.31,-
03-Dec-08,6.45,6.45,6.45,6.45,3.4,-
04-Dec-08,6.27,6.27,6.27,6.27,3.3,-
05-Dec-08,6.54,6.54,6.54,6.54,3.44,-
08-Dec-08,6.8,6.8,6.8,6.8,3.58,-
09-Dec-08,6.61,6.61,6.61,6.61,3.48,-
10-Dec-08,6.72,6.72,6.72,6.72,3.54,-
11-Dec-08,6.45,6.45,6.45,6.45,3.4,-
12-Dec-08,6.58,6.58,6.58,6.58,3.46,-
15-Dec-08,6.58,6.58,6.58,6.58,3.46,-
16-Dec-08,6.58,6.58,6.58,6.58,3.46,-
17-Dec-08,6.81,6.81,6.81,6.81,3.59,-
18-Dec-08,6.82,6.82,6.82,6.82,3.59,-
19-Dec-08,6.82,6.82,6.82,6.82,3.59,-
22-Dec-08,6.62,6.62,6.62,6.62,3.49,-
23-Dec-08,6.54,6.54,6.54,6.54,3.44,-
24-Dec-08,6.56,6.56,6.56,6.56,3.45,-
26-Dec-08,6.64,6.64,6.64,6.64,3.5,-
29-Dec-08,6.55,6.55,6.55,6.55,3.45,-
30-Dec-08,6.76,6.76,6.76,6.76,3.56,-
31-Dec-08,6.86,6.86,6.86,6.86,3.66,-
02-Jan-09,7.03,7.03,7.03,7.03,3.75,-
05-Jan-09,7.0,7.0,7.0,7.0,3.73,-
06-Jan-09,7.13,7.13,7.13,7.13,3.8,-
07-Jan-09,6.88,6.88,6.88,6.88,3.67,-
08-Jan-09,6.95,6.95,6.95,6.95,3.71,-
09-Jan-09,6.71,6.71,6.71,6.71,3.58,-
12-Jan-09,6.5,6.5,6.5,6.5,3.47,-
13-Jan-09,6.54,6.54,6.54,6.54,3.49,-
14-Jan-09,6.26,6.26,6.26,6.26,3.34,-
15-Jan-09,6.32,6.32,6.32,6.32,3.37,-
16-Jan-09,6.34,6.34,6.34,6.34,3.38,-
20-Jan-09,5.9,5.9,5.9,5.9,3.15,-
21-Jan-09,6.22,6.22,6.22,6.22,3.32,-
22-Jan-09,6.06,6.06,6.06,6.06,3.23,-
23-Jan-09,6.08,6.08,6.08,6.08,3.24,-
26-Jan-09,6.14,6.14,6.14,6.14,3.28,-
27-Jan-09,6.23,6.23,6.23,6.23,3.32,-
28-Jan-09,6.48,6.48,6.48,6.48,3.46,-
29-Jan-09,6.2,6.2,6.2,6.2,3.31,-
30-Jan-09,6.2,6.2,6.2,6.2,3.31,-
02-Feb-09,6.08,6.08,6.08,6.08,3.24,-
03-Feb-09,6.13,6.13,6.13,6.13,3.27,-
04-Feb-09,6.07,6.07,6.07,6.07,3.24,-
05-Feb-09,6.18,6.18,6.18,6.18,3.3,-
06-Feb-09,6.4,6.4,6.4,6.4,3.41,-
09-Feb-09,6.38,6.38,6.38,6.38,3.4,-
10-Feb-09,6.38,6.38,6.38,6.38,3.4,-
11-Feb-09,6.09,6.09,6.09,6.09,3.25,-
12-Feb-09,6.1,6.1,6.1,6.1,3.25,-
13-Feb-09,6.05,6.05,6.05,6.05,3.23,-
17-Feb-09,5.75,5.75,5.75,5.75,3.07,-
18-Feb-09,5.69,5.69,5.69,5.69,3.04,-
19-Feb-09,5.6,5.6,5.6,5.6,2.99,-
20-Feb-09,5.51,5.51,5.51,5.51,2.94,-
23-Feb-09,5.3,5.3,5.3,5.3,2.83,-
24-Feb-09,5.56,5.56,5.56,5.56,2.97,-
25-Feb-09,5.45,5.45,5.45,5.45,2.91,-
26-Feb-09,5.37,5.37,5.37,5.37,2.86,-
27-Feb-09,5.28,5.28,5.28,5.28,2.82,-
02-Mar-09,5.28,5.28,5.28,5.28,2.82,-
03-Mar-09,4.91,4.91,4.91,4.91,2.62,-
04-Mar-09,5.04,5.04,5.04,5.04,2.69,-
05-Mar-09,5.04,5.04,5.04,5.04,2.69,-
06-Mar-09,4.75,4.75,4.75,4.75,2.53,-
09-Mar-09,4.65,4.65,4.65,4.65,2.48,-
10-Mar-09,4.98,4.98,4.98,4.98,2.66,-
11-Mar-09,4.99,4.99,4.99,4.99,2.66,-
12-Mar-09,5.32,5.32,5.32,5.32,2.84,-
13-Mar-09,5.36,5.36,5.36,5.36,2.86,-
16-Mar-09,5.32,5.32,5.32,5.32,2.84,-
17-Mar-09,5.55,5.55,5.55,5.55,2.96,-
18-Mar-09,5.75,5.75,5.75,5.75,3.07,-
19-Mar-09,5.67,5.67,5.67,5.67,3.02,-
20-Mar-09,5.51,5.51,5.51,5.51,2.94,-
23-Mar-09,5.51,5.51,5.51,5.51,2.94,-
24-Mar-09,5.79,5.79,5.79,5.79,3.09,-
25-Mar-09,5.91,5.91,5.91,5.91,3.15,-
26-Mar-09,6.13,6.13,6.13,6.13,3.27,-
27-Mar-09,5.94,5.94,5.94,5.94,3.17,-
30-Mar-09,5.69,5.69,5.69,5.69,3.04,-
31-Mar-09,5.79,5.79,5.79,5.79,3.09,-
01-Apr-09,5.92,5.92,5.92,5.92,3.16,-
02-Apr-09,6.2,6.2,6.2,6.2,3.31,-
03-Apr-09,6.29,6.29,6.29,6.29,3.36,-
06-Apr-09,6.18,6.18,6.18,6.18,3.3,-
07-Apr-09,5.99,5.99,5.99,5.99,3.2,-
08-Apr-09,6.11,6.11,6.11,6.11,3.26,-
09-Apr-09,6.11,6.11,6.11,6.11,3.26,-
13-Apr-09,6.51,6.51,6.51,6.51,3.47,-
14-Apr-09,6.51,6.51,6.51,6.51,3.47,-
15-Apr-09,6.42,6.42,6.42,6.42,3.42,-
16-Apr-09,6.58,6.58,6.58,6.58,3.51,-
17-Apr-09,6.65,6.65,6.65,6.65,3.55,-
20-Apr-09,6.25,6.25,6.25,6.25,3.33,-
21-Apr-09,6.49,6.49,6.49,6.49,3.46,-
22-Apr-09,6.48,6.48,6.48,6.48,3.46,-
23-Apr-09,6.48,6.48,6.48,6.48,3.46,-
24-Apr-09,6.63,6.63,6.63,6.63,3.54,-
27-Apr-09,6.49,6.49,6.49,6.49,3.46,-
28-Apr-09,6.52,6.52,6.52,6.52,3.48,-
29-Apr-09,6.76,6.76,6.76,6.76,3.61,-
30-Apr-09,6.74,6.74,6.74,6.74,3.6,-
01-May-09,6.77,6.77,6.77,6.77,3.61,-
04-May-09,7.07,7.07,7.07,7.07,3.77,-
05-May-09,7.02,7.02,7.02,7.02,3.74,-
06-May-09,7.14,7.14,7.14,7.14,3.81,-
07-May-09,7.0,7.0,7.0,7.0,3.73,-
08-May-09,7.28,7.28,7.28,7.28,3.88,-
11-May-09,7.08,7.08,7.08,7.08,3.78,-
12-May-09,6.99,6.99,6.99,6.99,3.73,-
13-May-09,6.69,6.69,6.69,6.69,3.57,-
14-May-09,6.8,6.8,6.8,6.8,3.63,-
15-May-09,6.72,6.72,6.72,6.72,3.58,-
18-May-09,7.0,7.0,7.0,7.0,3.73,-
19-May-09,6.98,6.98,6.98,6.98,3.72,-
20-May-09,6.93,6.93,6.93,6.93,3.7,-
21-May-09,6.8,6.8,6.8,6.8,3.63,-
22-May-09,6.77,6.77,6.77,6.77,3.61,-
26-May-09,7.04,7.04,7.04,7.04,3.76,-
27-May-09,6.89,6.89,6.89,6.89,3.68,-
28-May-09,6.96,6.96,6.96,6.96,3.71,-
29-May-09,7.08,7.08,7.08,7.08,3.78,-
01-Jun-09,7.32,7.32,7.32,7.32,3.9,-
02-Jun-09,7.37,7.37,7.37,7.37,3.93,-
03-Jun-09,7.26,7.26,7.26,7.26,3.87,-
04-Jun-09,7.39,7.39,7.39,7.39,3.94,-
05-Jun-09,7.37,7.37,7.37,7.37,3.93,-
08-Jun-09,7.34,7.34,7.34,7.34,3.92,-
09-Jun-09,7.38,7.38,7.38,7.38,3.94,-
10-Jun-09,7.33,7.33,7.33,7.33,3.91,-
11-Jun-09,7.38,7.38,7.38,7.38,3.94,-
12-Jun-09,7.37,7.37,7.37,7.37,3.93,-
15-Jun-09,7.16,7.16,7.16,7.16,3.82,-
16-Jun-09,7.05,7.05,7.05,7.05,3.76,-
17-Jun-09,7.05,7.05,7.05,7.05,3.76,-
18-Jun-09,7.09,7.09,7.09,7.09,3.78,-
19-Jun-09,7.14,7.14,7.14,7.14,3.81,-
22-Jun-09,6.84,6.84,6.84,6.84,3.65,-
23-Jun-09,6.84,6.84,6.84,6.84,3.65,-
24-Jun-09,6.9,6.9,6.9,6.9,3.68,-
25-Jun-09,7.08,7.08,7.08,7.08,3.78,-
26-Jun-09,7.14,7.14,7.14,7.14,3.81,-
29-Jun-09,7.16,7.16,7.16,7.16,3.82,-
30-Jun-09,7.11,7.11,7.11,7.11,3.79,-
01-Jul-09,7.21,7.21,7.21,7.21,3.85,-
02-Jul-09,6.95,6.95,6.95,6.95,3.71,-
06-Jul-09,6.92,6.92,6.92,6.92,3.69,-
07-Jul-09,6.78,6.78,6.78,6.78,3.62,-
08-Jul-09,6.74,6.74,6.74,6.74,3.6,-
09-Jul-09,6.76,6.76,6.76,6.76,3.61,-
10-Jul-09,6.76,6.76,6.76,6.76,3.61,-
13-Jul-09,6.96,6.96,6.96,6.96,3.71,-
14-Jul-09,7.01,7.01,7.01,7.01,3.74,-
15-Jul-09,7.27,7.27,7.27,7.27,3.88,-
16-Jul-09,7.35,7.35,7.35,7.35,3.92,-
17-Jul-09,7.32,7.32,7.32,7.32,3.9,-
20-Jul-09,7.43,7.43,7.43,7.43,3.96,-
21-Jul-09,7.41,7.41,7.41,7.41,3.95,-
22-Jul-09,7.45,7.45,7.45,7.45,3.97,-
23-Jul-09,7.66,7.66,7.66,7.66,4.09,-
24-Jul-09,7.7,7.7,7.7,7.7,4.11,-
27-Jul-09,7.75,7.75,7.75,7.75,4.13,-
28-Jul-09,7.75,7.75,7.75,7.75,4.13,-
29-Jul-09,7.68,7.68,7.68,7.68,4.1,-
30-Jul-09,7.83,7.83,7.83,7.83,4.18,-
31-Jul-09,7.84,7.84,7.84,7.84,4.18,-
03-Aug-09,8.01,8.01,8.01,8.01,4.27,-
04-Aug-09,8.07,8.07,8.07,8.07,4.3,-
05-Aug-09,8.03,8.03,8.03,8.03,4.28,-
06-Aug-09,7.95,7.95,7.95,7.95,4.24,-
07-Aug-09,8.14,8.14,8.14,8.14,4.34,-
10-Aug-09,8.13,8.13,8.13,8.13,4.34,-
11-Aug-09,8.13,8.13,8.13,8.13,4.34,-
12-Aug-09,8.13,8.13,8.13,8.13,4.34,-
13-Aug-09,8.2,8.2,8.2,8.2,4.37,-
14-Aug-09,8.06,8.06,8.06,8.06,4.3,-
17-Aug-09,7.83,7.83,7.83,7.83,4.18,-
18-Aug-09,7.96,7.96,7.96,7.96,4.25,-
19-Aug-09,8.02,8.02,8.02,8.02,4.28,-
20-Aug-09,8.11,8.11,8.11,8.11,4.33,-
21-Aug-09,8.3,8.3,8.3,8.3,4.43,-
24-Aug-09,8.29,8.29,8.29,8.29,4.42,-
25-Aug-09,8.34,8.34,8.34,8.34,4.45,-
26-Aug-09,8.33,8.33,8.33,8.33,4.44,-
27-Aug-09,8.35,8.35,8.35,8.35,4.45,-
28-Aug-09,8.32,8.32,8.32,8.32,4.44,-
31-Aug-09,8.21,8.21,8.21,8.21,4.38,-
01-Sep-09,7.99,7.99,7.99,7.99,4.26,-
02-Sep-09,7.96,7.96,7.96,7.96,4.25,-
03-Sep-09,8.07,8.07,8.07,8.07,4.3,-
04-Sep-09,8.19,8.19,8.19,8.19,4.37,-
08-Sep-09,8.26,8.26,8.26,8.26,4.41,-
09-Sep-09,8.39,8.39,8.39,8.39,4.48,-
10-Sep-09,8.39,8.39,8.39,8.39,4.48,-
11-Sep-09,8.5,8.5,8.5,8.5,4.53,-
14-Sep-09,8.58,8.58,8.58,8.58,4.58,-
15-Sep-09,8.66,8.66,8.66,8.66,4.62,-
16-Sep-09,8.83,8.83,8.83,8.83,4.71,-
17-Sep-09,8.79,8.79,8.79,8.79,4.69,-
18-Sep-09,8.81,8.81,8.81,8.81,4.7,-
21-Sep-09,8.77,8.77,8.77,8.77,4.68,-
22-Sep-09,8.85,8.85,8.85,8.85,4.72,-
23-Sep-09,8.74,8.74,8.74,8.74,4.66,-
24-Sep-09,8.59,8.59,8.59,8.59,4.58,-
25-Sep-09,8.54,8.54,8.54,8.54,4.56,-
28-Sep-09,8.74,8.74,8.74,8.74,4.66,-
29-Sep-09,8.72,8.72,8.72,8.72,4.65,-
30-Sep-09,8.64,8.64,8.64,8.64,4.61,-
01-Oct-09,8.36,8.36,8.36,8.36,4.46,-
02-Oct-09,8.3,8.3,8.3,8.3,4.43,-
05-Oct-09,8.47,8.47,8.47,8.47,4.52,-
06-Oct-09,8.62,8.62,8.62,8.62,4.6,-
07-Oct-09,8.64,8.64,8.64,8.64,4.61,-
08-Oct-09,8.73,8.73,8.73,8.73,4.66,-
09-Oct-09,8.8,8.8,8.8,8.8,4.69,-
12-Oct-09,8.81,8.81,8.81,8.81,4.7,-
13-Oct-09,8.78,8.78,8.78,8.78,4.68,-
14-Oct-09,8.97,8.97,8.97,8.97,4.78,-
15-Oct-09,8.97,8.97,8.97,8.97,4.78,-
16-Oct-09,8.87,8.87,8.87,8.87,4.73,-
19-Oct-09,8.87,8.87,8.87,8.87,4.73,-
20-Oct-09,8.86,8.86,8.86,8.86,4.73,-
21-Oct-09,8.75,8.75,8.75,8.75,4.67,-
22-Oct-09,8.88,8.88,8.88,8.88,4.74,-
23-Oct-09,8.88,8.88,8.88,8.88,4.74,-
26-Oct-09,8.69,8.69,8.69,8.69,4.64,-
27-Oct-09,8.47,8.47,8.47,8.47,4.52,-
28-Oct-09,8.21,8.21,8.21,8.21,4.38,-
29-Oct-09,8.43,8.43,8.43,8.43,4.5,-
30-Oct-09,8.15,8.15,8.15,8.15,4.35,-
02-Nov-09,8.16,8.16,8.16,8.16,4.35,-
03-Nov-09,8.16,8.16,8.16,8.16,4.35,-
04-Nov-09,8.16,8.16,8.16,8.16,4.35,-
05-Nov-09,8.42,8.42,8.42,8.42,4.49,-
06-Nov-09,8.43,8.43,8.43,8.43,4.5,-
09-Nov-09,8.62,8.62,8.62,8.62,4.6,-
10-Nov-09,8.57,8.57,8.57,8.57,4.57,-
11-Nov-09,8.64,8.64,8.64,8.64,4.61,-
12-Nov-09,8.48,8.48,8.48,8.48,4.52,-
13-Nov-09,8.55,8.55,8.55,8.55,4.56,-
16-Nov-09,8.74,8.74,8.74,8.74,4.66,-
17-Nov-09,8.74,8.74,8.74,8.74,4.66,-
18-Nov-09,8.72,8.72,8.72,8.72,4.65,-
19-Nov-09,8.54,8.54,8.54,8.54,4.56,-
20-Nov-09,8.52,8.52,8.52,8.52,4.54,-
23-Nov-09,8.65,8.65,8.65,8.65,4.61,-
24-Nov-09,8.63,8.63,8.63,8.63,4.6,-
25-Nov-09,8.64,8.64,8.64,8.64,4.61,-
27-Nov-09,8.44,8.44,8.44,8.44,4.5,-
30-Nov-09,8.47,8.47,8.47,8.47,4.52,-
01-Dec-09,8.59,8.59,8.59,8.59,4.58,-
02-Dec-09,8.59,8.59,8.59,8.59,4.58,-
03-Dec-09,8.54,8.54,8.54,8.54,4.56,-
04-Dec-09,8.69,8.69,8.69,8.69,4.64,-
07-Dec-09,8.7,8.7,8.7,8.7,4.64,-
08-Dec-09,8.62,8.62,8.62,8.62,4.6,-
09-Dec-09,8.63,8.63,8.63,8.63,4.6,-
10-Dec-09,8.64,8.64,8.64,8.64,4.61,-
11-Dec-09,8.7,8.7,8.7,8.7,4.64,-
14-Dec-09,8.82,8.82,8.82,8.82,4.7,-
15-Dec-09,8.76,8.76,8.76,8.76,4.67,-
16-Dec-09,8.82,8.82,8.82,8.82,4.7,-
17-Dec-09,8.71,8.71,8.71,8.71,4.65,-
18-Dec-09,8.77,8.77,8.77,8.77,4.68,-
21-Dec-09,8.88,8.88,8.88,8.88,4.74,-
22-Dec-09,8.94,8.94,8.94,8.94,4.77,-
23-Dec-09,9.0,9.0,9.0,9.0,4.8,-
24-Dec-09,9.05,9.05,9.05,9.05,4.83,-
28-Dec-09,9.04,9.04,9.04,9.04,4.82,-
29-Dec-09,9.04,9.04,9.04,9.04,4.82,-
30-Dec-09,9.04,9.04,9.04,9.04,4.82,-
31-Dec-09,8.9,8.9,8.9,8.9,4.77,-
04-Jan-10,9.1,9.1,9.1,9.1,4.88,-
05-Jan-10,9.12,9.12,9.12,9.12,4.89,-
06-Jan-10,9.12,9.12,9.12,9.12,4.89,-
07-Jan-10,9.2,9.2,9.2,9.2,4.93,-
08-Jan-10,9.24,9.24,9.24,9.24,4.95,-
11-Jan-10,9.24,9.24,9.24,9.24,4.95,-
12-Jan-10,9.12,9.12,9.12,9.12,4.89,-
13-Jan-10,9.22,9.22,9.22,9.22,4.94,-
14-Jan-10,9.26,9.26,9.26,9.26,4.96,-
15-Jan-10,9.14,9.14,9.14,9.14,4.9,-
19-Jan-10,9.28,9.28,9.28,9.28,4.97,-
20-Jan-10,9.16,9.16,9.16,9.16,4.91,-
21-Jan-10,8.99,8.99,8.99,8.99,4.82,-
22-Jan-10,8.81,8.81,8.81,8.81,4.72,-
25-Jan-10,8.84,8.84,8.84,8.84,4.74,-
26-Jan-10,8.78,8.78,8.78,8.78,4.71,-
27-Jan-10,8.84,8.84,8.84,8.84,4.74,-
28-Jan-10,8.72,8.72,8.72,8.72,4.67,-
29-Jan-10,8.63,8.63,8.63,8.63,4.63,-
01-Feb-10,8.76,8.76,8.76,8.76,4.7,-
02-Feb-10,8.86,8.86,8.86,8.86,4.75,-
03-Feb-10,8.8,8.8,8.8,8.8,4.72,-
04-Feb-10,8.51,8.51,8.51,8.51,4.56,-
05-Feb-10,8.54,8.54,8.54,8.54,4.58,-
08-Feb-10,8.45,8.45,8.45,8.45,4.53,-
09-Feb-10,8.59,8.59,8.59,8.59,4.6,-
10-Feb-10,8.59,8.59,8.59,8.59,4.6,-
11-Feb-10,8.71,8.71,8.71,8.71,4.67,-
12-Feb-10,8.73,8.73,8.73,8.73,4.68,-
16-Feb-10,8.9,8.9,8.9,8.9,4.77,-
17-Feb-10,8.95,8.95,8.95,8.95,4.8,-
18-Feb-10,9.02,9.02,9.02,9.02,4.83,-
19-Feb-10,9.06,9.06,9.06,9.06,4.86,-
22-Feb-10,9.07,9.07,9.07,9.07,4.86,-
23-Feb-10,8.96,8.96,8.96,8.96,4.8,-
24-Feb-10,9.04,9.04,9.04,9.04,4.85,-
25-Feb-10,9.05,9.05,9.05,9.05,4.85,-
26-Feb-10,9.04,9.04,9.04,9.04,4.85,-
01-Mar-10,9.19,9.19,9.19,9.19,4.93,-
02-Mar-10,9.25,9.25,9.25,9.25,4.96,-
03-Mar-10,9.27,9.27,9.27,9.27,4.97,-
04-Mar-10,9.31,9.31,9.31,9.31,4.99,-
05-Mar-10,9.48,9.48,9.48,9.48,5.08,-
08-Mar-10,9.5,9.5,9.5,9.5,5.09,-
09-Mar-10,9.53,9.53,9.53,9.53,5.11,-
10-Mar-10,9.6,9.6,9.6,9.6,5.15,-
11-Mar-10,9.64,9.64,9.64,9.64,5.17,-
12-Mar-10,9.62,9.62,9.62,9.62,5.16,-
15-Mar-10,9.6,9.6,9.6,9.6,5.15,-
16-Mar-10,9.68,9.68,9.68,9.68,5.19,-
17-Mar-10,9.75,9.75,9.75,9.75,5.23,-
18-Mar-10,9.73,9.73,9.73,9.73,5.22,-
19-Mar-10,9.63,9.63,9.63,9.63,5.16,-
22-Mar-10,9.73,9.73,9.73,9.73,5.22,-
23-Mar-10,9.82,9.82,9.82,9.82,5.26,-
24-Mar-10,9.76,9.76,9.76,9.76,5.23,-
25-Mar-10,9.71,9.71,9.71,9.71,5.2,-
26-Mar-10,9.72,9.72,9.72,9.72,5.21,-
29-Mar-10,9.78,9.78,9.78,9.78,5.24,-
30-Mar-10,9.79,9.79,9.79,9.79,5.25,-
31-Mar-10,9.74,9.74,9.74,9.74,5.22,-
01-Apr-10,9.83,9.83,9.83,9.83,5.27,-
05-Apr-10,10.0,10.0,10.0,10.0,5.36,-
06-Apr-10,10.04,10.04,10.04,10.04,5.38,-
07-Apr-10,10.0,10.0,10.0,10.0,5.36,-
08-Apr-10,10.03,10.03,10.03,10.03,5.38,-
09-Apr-10,10.09,10.09,10.09,10.09,5.41,-
12-Apr-10,10.12,10.12,10.12,10.12,5.42,-
13-Apr-10,10.13,10.13,10.13,10.13,5.43,-
14-Apr-10,10.34,10.34,10.34,10.34,5.54,-
15-Apr-10,10.37,10.37,10.37,10.37,5.56,-
16-Apr-10,10.21,10.21,10.21,10.21,5.47,-
19-Apr-10,10.2,10.2,10.2,10.2,5.47,-
20-Apr-10,10.34,10.34,10.34,10.34,5.54,-
21-Apr-10,10.37,10.37,10.37,10.37,5.56,-
22-Apr-10,10.47,10.47,10.47,10.47,5.61,-
23-Apr-10,10.47,10.47,10.47,10.47,5.61,-
26-Apr-10,10.55,10.55,10.55,10.55,5.66,-
27-Apr-10,10.27,10.27,10.27,10.27,5.5,-
28-Apr-10,10.32,10.32,10.32,10.32,5.53,-
29-Apr-10,10.32,10.32,10.32,10.32,5.53,-
30-Apr-10,10.52,10.52,10.52,10.52,5.64,-
03-May-10,10.44,10.44,10.44,10.44,5.6,-
04-May-10,10.44,10.44,10.44,10.44,5.6,-
05-May-10,10.11,10.11,10.11,10.11,5.42,-
06-May-10,9.61,9.61,9.61,9.61,5.15,-
07-May-10,9.36,9.36,9.36,9.36,5.02,-
10-May-10,9.36,9.36,9.36,9.36,5.02,-
11-May-10,9.89,9.89,9.89,9.89,5.3,-
12-May-10,10.13,10.13,10.13,10.13,5.43,-
13-May-10,10.02,10.02,10.02,10.02,5.37,-
14-May-10,9.81,9.81,9.81,9.81,5.26,-
17-May-10,9.82,9.82,9.82,9.82,5.26,-
18-May-10,9.65,9.65,9.65,9.65,5.17,-
19-May-10,9.56,9.56,9.56,9.56,5.12,-
20-May-10,9.09,9.09,9.09,9.09,4.87,-
21-May-10,9.24,9.24,9.24,9.24,4.95,-
24-May-10,9.11,9.11,9.11,9.11,4.88,-
25-May-10,9.1,9.1,9.1,9.1,4.88,-
26-May-10,9.12,9.12,9.12,9.12,4.89,-
27-May-10,9.12,9.12,9.12,9.12,4.89,-
28-May-10,9.38,9.38,9.38,9.38,5.03,-
01-Jun-10,9.38,9.38,9.38,9.38,5.03,-
02-Jun-10,9.37,9.37,9.37,9.37,5.02,-
03-Jun-10,9.43,9.43,9.43,9.43,5.05,-
04-Jun-10,9.02,9.02,9.02,9.02,4.83,-
07-Jun-10,8.81,8.81,8.81,8.81,4.72,-
08-Jun-10,8.84,8.84,8.84,8.84,4.74,-
09-Jun-10,8.81,8.81,8.81,8.81,4.72,-
10-Jun-10,9.12,9.12,9.12,9.12,4.89,-
11-Jun-10,9.22,9.22,9.22,9.22,4.94,-
14-Jun-10,9.24,9.24,9.24,9.24,4.95,-
15-Jun-10,9.49,9.49,9.49,9.49,5.09,-
16-Jun-10,9.45,9.45,9.45,9.45,5.07,-
17-Jun-10,9.45,9.45,9.45,9.45,5.07,-
18-Jun-10,9.46,9.46,9.46,9.46,5.07,-
21-Jun-10,9.4,9.4,9.4,9.4,5.04,-
22-Jun-10,9.21,9.21,9.21,9.21,4.94,-
23-Jun-10,9.18,9.18,9.18,9.18,4.92,-
24-Jun-10,9.01,9.01,9.01,9.01,4.83,-
25-Jun-10,9.13,9.13,9.13,9.13,4.89,-
28-Jun-10,9.09,9.09,9.09,9.09,4.87,-
29-Jun-10,8.73,8.73,8.73,8.73,4.68,-
30-Jun-10,8.63,8.63,8.63,8.63,4.63,-
01-Jul-10,8.58,8.58,8.58,8.58,4.6,-
02-Jul-10,8.5,8.5,8.5,8.5,4.56,-
06-Jul-10,8.45,8.45,8.45,8.45,4.53,-
07-Jul-10,8.74,8.74,8.74,8.74,4.68,-
08-Jul-10,8.86,8.86,8.86,8.86,4.75,-
09-Jul-10,8.98,8.98,8.98,8.98,4.81,-
12-Jul-10,8.92,8.92,8.92,8.92,4.78,-
13-Jul-10,9.17,9.17,9.17,9.17,4.92,-
14-Jul-10,9.14,9.14,9.14,9.14,4.9,-
15-Jul-10,9.1,9.1,9.1,9.1,4.88,-
16-Jul-10,8.76,8.76,8.76,8.76,4.7,-
19-Jul-10,8.81,8.81,8.81,8.81,4.72,-
20-Jul-10,8.95,8.95,8.95,8.95,4.8,-
21-Jul-10,8.8,8.8,8.8,8.8,4.72,-
22-Jul-10,9.1,9.1,9.1,9.1,4.88,-
23-Jul-10,9.27,9.27,9.27,9.27,4.97,-
26-Jul-10,9.43,9.43,9.43,9.43,5.05,-
27-Jul-10,9.39,9.39,9.39,9.39,5.03,-
28-Jul-10,9.28,9.28,9.28,9.28,4.97,-
29-Jul-10,9.29,9.29,9.29,9.29,4.98,-
30-Jul-10,9.3,9.3,9.3,9.3,4.98,-
02-Aug-10,9.47,9.47,9.47,9.47,5.08,-
03-Aug-10,9.39,9.39,9.39,9.39,5.03,-
04-Aug-10,9.48,9.48,9.48,9.48,5.08,-
05-Aug-10,9.43,9.43,9.43,9.43,5.05,-
06-Aug-10,9.37,9.37,9.37,9.37,5.02,-
09-Aug-10,9.46,9.46,9.46,9.46,5.07,-
10-Aug-10,9.32,9.32,9.32,9.32,5.0,-
11-Aug-10,8.97,8.97,8.97,8.97,4.81,-
12-Aug-10,8.92,8.92,8.92,8.92,4.78,-
13-Aug-10,8.85,8.85,8.85,8.85,4.74,-
16-Aug-10,8.89,8.89,8.89,8.89,4.77,-
17-Aug-10,9.03,9.03,9.03,9.03,4.84,-
18-Aug-10,9.06,9.06,9.06,9.06,4.86,-
19-Aug-10,8.84,8.84,8.84,8.84,4.74,-
20-Aug-10,8.81,8.81,8.81,8.81,4.72,-
23-Aug-10,8.71,8.71,8.71,8.71,4.67,-
24-Aug-10,8.59,8.59,8.59,8.59,4.6,-
25-Aug-10,8.68,8.68,8.68,8.68,4.65,-
26-Aug-10,8.6,8.6,8.6,8.6,4.61,-
27-Aug-10,8.81,8.81,8.81,8.81,4.72,-
30-Aug-10,8.63,8.63,8.63,8.63,4.63,-
31-Aug-10,8.65,8.65,8.65,8.65,4.64,-
01-Sep-10,8.97,8.97,8.97,8.97,4.81,-
02-Sep-10,9.07,9.07,9.07,9.07,4.86,-
03-Sep-10,9.22,9.22,9.22,9.22,4.94,-
07-Sep-10,9.03,9.03,9.03,9.03,4.84,-
08-Sep-10,9.11,9.11,9.11,9.11,4.88,-
09-Sep-10,9.14,9.14,9.14,9.14,4.9,-
10-Sep-10,9.18,9.18,9.18,9.18,4.92,-
13-Sep-10,9.36,9.36,9.36,9.36,5.02,-
14-Sep-10,9.33,9.33,9.33,9.33,5.0,-
15-Sep-10,9.37,9.37,9.37,9.37,5.02,-
16-Sep-10,9.32,9.32,9.32,9.32,5.0,-
17-Sep-10,9.34,9.34,9.34,9.34,5.01,-
20-Sep-10,9.56,9.56,9.56,9.56,5.12,-
21-Sep-10,9.51,9.51,9.51,9.51,5.1,-
22-Sep-10,9.41,9.41,9.41,9.41,5.04,-
23-Sep-10,9.31,9.31,9.31,9.31,4.99,-
24-Sep-10,9.59,9.59,9.59,9.59,5.14,-
27-Sep-10,9.54,9.54,9.54,9.54,5.11,-
28-Sep-10,9.63,9.63,9.63,9.63,5.16,-
29-Sep-10,9.63,9.63,9.63,9.63,5.16,-
30-Sep-10,9.62,9.62,9.62,9.62,5.16,-
01-Oct-10,9.66,9.66,9.66,9.66,5.18,-
04-Oct-10,9.54,9.54,9.54,9.54,5.11,-
05-Oct-10,9.8,9.8,9.8,9.8,5.25,-
06-Oct-10,9.77,9.77,9.77,9.77,5.24,-
07-Oct-10,9.75,9.75,9.75,9.75,5.23,-
08-Oct-10,9.87,9.87,9.87,9.87,5.29,-
11-Oct-10,9.87,9.87,9.87,9.87,5.29,-
12-Oct-10,9.91,9.91,9.91,9.91,5.31,-
13-Oct-10,10.03,10.03,10.03,10.03,5.38,-
14-Oct-10,10.0,10.0,10.0,10.0,5.36,-
15-Oct-10,9.97,9.97,9.97,9.97,5.34,-
18-Oct-10,10.07,10.07,10.07,10.07,5.4,-
19-Oct-10,9.86,9.86,9.86,9.86,5.29,-
20-Oct-10,9.99,9.99,9.99,9.99,5.35,-
21-Oct-10,9.96,9.96,9.96,9.96,5.34,-
22-Oct-10,10.0,10.0,10.0,10.0,5.36,-
25-Oct-10,10.04,10.04,10.04,10.04,5.38,-
26-Oct-10,10.04,10.04,10.04,10.04,5.38,-
27-Oct-10,10.0,10.0,10.0,10.0,5.36,-
28-Oct-10,9.98,9.98,9.98,9.98,5.35,-
29-Oct-10,10.0,10.0,10.0,10.0,5.36,-
01-Nov-10,10.0,10.0,10.0,10.0,5.36,-
02-Nov-10,10.12,10.12,10.12,10.12,5.42,-
03-Nov-10,10.15,10.15,10.15,10.15,5.44,-
04-Nov-10,10.4,10.4,10.4,10.4,5.57,-
05-Nov-10,10.44,10.44,10.44,10.44,5.6,-
08-Nov-10,10.44,10.44,10.44,10.44,5.6,-
09-Nov-10,10.32,10.32,10.32,10.32,5.53,-
10-Nov-10,10.43,10.43,10.43,10.43,5.59,-
11-Nov-10,10.38,10.38,10.38,10.38,5.56,-
12-Nov-10,10.22,10.22,10.22,10.22,5.48,-
15-Nov-10,10.22,10.22,10.22,10.22,5.48,-
16-Nov-10,10.04,10.04,10.04,10.04,5.38,-
17-Nov-10,10.06,10.06,10.06,10.06,5.39,-
18-Nov-10,10.23,10.23,10.23,10.23,5.48,-
19-Nov-10,10.27,10.27,10.27,10.27,5.5,-
22-Nov-10,10.27,10.27,10.27,10.27,5.5,-
23-Nov-10,10.13,10.13,10.13,10.13,5.43,-
24-Nov-10,10.34,10.34,10.34,10.34,5.54,-
26-Nov-10,10.27,10.27,10.27,10.27,5.5,-
29-Nov-10,10.27,10.27,10.27,10.27,5.5,-
30-Nov-10,10.2,10.2,10.2,10.2,5.47,-
01-Dec-10,10.43,10.43,10.43,10.43,5.59,-
02-Dec-10,10.58,10.58,10.58,10.58,5.67,-
03-Dec-10,10.64,10.64,10.64,10.64,5.7,-
06-Dec-10,10.67,10.67,10.67,10.67,5.72,-
07-Dec-10,10.71,10.71,10.71,10.71,5.74,-
08-Dec-10,10.74,10.74,10.74,10.74,5.76,-
09-Dec-10,10.74,10.74,10.74,10.74,5.76,-
10-Dec-10,10.91,10.91,10.91,10.91,5.85,-
13-Dec-10,10.87,10.87,10.87,10.87,5.83,-
14-Dec-10,10.87,10.87,10.87,10.87,5.83,-
15-Dec-10,10.81,10.81,10.81,10.81,5.79,-
16-Dec-10,10.9,10.9,10.9,10.9,5.84,-
17-Dec-10,10.92,10.92,10.92,10.92,5.85,-
20-Dec-10,10.96,10.96,10.96,10.96,5.87,-
21-Dec-10,11.08,11.08,11.08,11.08,5.94,-
22-Dec-10,11.08,11.08,11.08,11.08,5.94,-
23-Dec-10,11.09,11.09,11.09,11.09,5.94,-
27-Dec-10,11.12,11.12,11.12,11.12,5.96,-
28-Dec-10,11.1,11.1,11.1,11.1,5.95,-
29-Dec-10,11.12,11.12,11.12,11.12,5.96,-
30-Dec-10,11.12,11.12,11.12,11.12,5.96,-
31-Dec-10,11.02,11.02,11.02,11.02,5.94,-
03-Jan-11,11.21,11.21,11.21,11.21,6.04,-
04-Jan-11,11.1,11.1,11.1,11.1,5.98,-
05-Jan-11,11.2,11.2,11.2,11.2,6.04,-
06-Jan-11,11.16,11.16,11.16,11.16,6.02,-
07-Jan-11,11.13,11.13,11.13,11.13,6.0,-
10-Jan-11,11.13,11.13,11.13,11.13,6.0,-
11-Jan-11,11.2,11.2,11.2,11.2,6.04,-
12-Jan-11,11.3,11.3,11.3,11.3,6.09,-
13-Jan-11,11.28,11.28,11.28,11.28,6.08,-
14-Jan-11,11.28,11.28,11.28,11.28,6.08,-
18-Jan-11,11.37,11.37,11.37,11.37,6.13,-
19-Jan-11,11.13,11.13,11.13,11.13,6.0,-
20-Jan-11,11.07,11.07,11.07,11.07,5.97,-
21-Jan-11,11.06,11.06,11.06,11.06,5.96,-
24-Jan-11,11.14,11.14,11.14,11.14,6.01,-
25-Jan-11,11.14,11.14,11.14,11.14,6.01,-
26-Jan-11,11.29,11.29,11.29,11.29,6.09,-
27-Jan-11,11.32,11.32,11.32,11.32,6.1,-
28-Jan-11,11.07,11.07,11.07,11.07,5.97,-
31-Jan-11,11.07,11.07,11.07,11.07,5.97,-
01-Feb-11,11.4,11.4,11.4,11.4,6.15,-
02-Feb-11,11.36,11.36,11.36,11.36,6.12,-
03-Feb-11,11.39,11.39,11.39,11.39,6.14,-
04-Feb-11,11.42,11.42,11.42,11.42,6.16,-
07-Feb-11,11.53,11.53,11.53,11.53,6.22,-
08-Feb-11,11.6,11.6,11.6,11.6,6.25,-
09-Feb-11,11.55,11.55,11.55,11.55,6.23,-
10-Feb-11,11.58,11.58,11.58,11.58,6.24,-
11-Feb-11,11.69,11.69,11.69,11.69,6.3,-
14-Feb-11,11.74,11.74,11.74,11.74,6.33,-
15-Feb-11,11.68,11.68,11.68,11.68,6.3,-
16-Feb-11,11.8,11.8,11.8,11.8,6.36,-
17-Feb-11,11.89,11.89,11.89,11.89,6.41,-
18-Feb-11,11.91,11.91,11.91,11.91,6.42,-
22-Feb-11,11.59,11.59,11.59,11.59,6.25,-
23-Feb-11,11.46,11.46,11.46,11.46,6.18,-
24-Feb-11,11.49,11.49,11.49,11.49,6.19,-
25-Feb-11,11.7,11.7,11.7,11.7,6.31,-
28-Feb-11,11.74,11.74,11.74,11.74,6.33,-
01-Mar-11,11.53,11.53,11.53,11.53,6.22,-
02-Mar-11,11.57,11.57,11.57,11.57,6.24,-
03-Mar-11,11.81,11.81,11.81,11.81,6.37,-
04-Mar-11,11.73,11.73,11.73,11.73,6.32,-
07-Mar-11,11.58,11.58,11.58,11.58,6.24,-
08-Mar-11,11.74,11.74,11.74,11.74,6.33,-
09-Mar-11,11.72,11.72,11.72,11.72,6.32,-
10-Mar-11,11.43,11.43,11.43,11.43,6.16,-
11-Mar-11,11.5,11.5,11.5,11.5,6.2,-
14-Mar-11,11.42,11.42,11.42,11.42,6.16,-
15-Mar-11,11.31,11.31,11.31,11.31,6.1,-
16-Mar-11,11.14,11.14,11.14,11.14,6.01,-
17-Mar-11,11.25,11.25,11.25,11.25,6.06,-
18-Mar-11,11.34,11.34,11.34,11.34,6.11,-
21-Mar-11,11.58,11.58,11.58,11.58,6.24,-
22-Mar-11,11.52,11.52,11.52,11.52,6.21,-
23-Mar-11,11.56,11.56,11.56,11.56,6.23,-
24-Mar-11,11.65,11.65,11.65,11.65,6.28,-
25-Mar-11,11.73,11.73,11.73,11.73,6.32,-
28-Mar-11,11.73,11.73,11.73,11.73,6.32,-
29-Mar-11,11.79,11.79,11.79,11.79,6.36,-
30-Mar-11,11.91,11.91,11.91,11.91,6.42,-
31-Mar-11,11.92,11.92,11.92,11.92,6.43,-
01-Apr-11,11.99,11.99,11.99,11.99,6.46,-
04-Apr-11,12.01,12.01,12.01,12.01,6.47,-
05-Apr-11,12.04,12.04,12.04,12.04,6.49,-
06-Apr-11,12.06,12.06,12.06,12.06,6.5,-
07-Apr-11,12.02,12.02,12.02,12.02,6.48,-
08-Apr-11,11.93,11.93,11.93,11.93,6.43,-
11-Apr-11,11.84,11.84,11.84,11.84,6.38,-
12-Apr-11,11.7,11.7,11.7,11.7,6.31,-
13-Apr-11,11.69,11.69,11.69,11.69,6.3,-
14-Apr-11,11.69,11.69,11.69,11.69,6.3,-
15-Apr-11,11.79,11.79,11.79,11.79,6.36,-
18-Apr-11,11.62,11.62,11.62,11.62,6.26,-
19-Apr-11,11.66,11.66,11.66,11.66,6.29,-
20-Apr-11,11.84,11.84,11.84,11.84,6.38,-
21-Apr-11,11.92,11.92,11.92,11.92,6.43,-
25-Apr-11,11.89,11.89,11.89,11.89,6.41,-
26-Apr-11,12.01,12.01,12.01,12.01,6.47,-
27-Apr-11,12.07,12.07,12.07,12.07,6.51,-
28-Apr-11,12.12,12.12,12.12,12.12,6.53,-
29-Apr-11,12.17,12.17,12.17,12.17,6.56,-
02-May-11,12.08,12.08,12.08,12.08,6.51,-
03-May-11,11.95,11.95,11.95,11.95,6.44,-
04-May-11,11.83,11.83,11.83,11.83,6.38,-
05-May-11,11.75,11.75,11.75,11.75,6.33,-
06-May-11,11.81,11.81,11.81,11.81,6.37,-
09-May-11,11.9,11.9,11.9,11.9,6.41,-
10-May-11,12.05,12.05,12.05,12.05,6.5,-
11-May-11,11.86,11.86,11.86,11.86,6.39,-
12-May-11,11.92,11.92,11.92,11.92,6.43,-
13-May-11,11.78,11.78,11.78,11.78,6.35,-
16-May-11,11.65,11.65,11.65,11.65,6.28,-
17-May-11,11.62,11.62,11.62,11.62,6.26,-
18-May-11,11.77,11.77,11.77,11.77,6.34,-
19-May-11,11.8,11.8,11.8,11.8,6.36,-
20-May-11,11.71,11.71,11.71,11.71,6.31,-
23-May-11,11.53,11.53,11.53,11.53,6.22,-
24-May-11,11.49,11.49,11.49,11.49,6.19,-
25-May-11,11.6,11.6,11.6,11.6,6.25,-
26-May-11,11.7,11.7,11.7,11.7,6.31,-
27-May-11,11.78,11.78,11.78,11.78,6.35,-
31-May-11,11.92,11.92,11.92,11.92,6.43,-
01-Jun-11,11.59,11.59,11.59,11.59,6.25,-
02-Jun-11,11.59,11.59,11.59,11.59,6.25,-
03-Jun-11,11.43,11.43,11.43,11.43,6.16,-
06-Jun-11,11.26,11.26,11.26,11.26,6.07,-
07-Jun-11,11.27,11.27,11.27,11.27,6.08,-
08-Jun-11,11.17,11.17,11.17,11.17,6.02,-
09-Jun-11,11.26,11.26,11.26,11.26,6.07,-
10-Jun-11,11.1,11.1,11.1,11.1,5.98,-
13-Jun-11,11.08,11.08,11.08,11.08,5.97,-
14-Jun-11,11.28,11.28,11.28,11.28,6.08,-
15-Jun-11,11.07,11.07,11.07,11.07,5.97,-
16-Jun-11,11.09,11.09,11.09,11.09,5.98,-
17-Jun-11,11.12,11.12,11.12,11.12,5.99,-
20-Jun-11,11.2,11.2,11.2,11.2,6.04,-
21-Jun-11,11.42,11.42,11.42,11.42,6.16,-
22-Jun-11,11.34,11.34,11.34,11.34,6.11,-
23-Jun-11,11.34,11.34,11.34,11.34,6.11,-
24-Jun-11,11.23,11.23,11.23,11.23,6.05,-
27-Jun-11,11.34,11.34,11.34,11.34,6.11,-
28-Jun-11,11.52,11.52,11.52,11.52,6.21,-
29-Jun-11,11.59,11.59,11.59,11.59,6.25,-
30-Jun-11,11.7,11.7,11.7,11.7,6.31,-
01-Jul-11,11.89,11.89,11.89,11.89,6.41,-
05-Jul-11,11.88,11.88,11.88,11.88,6.4,-
06-Jul-11,11.9,11.9,11.9,11.9,6.41,-
07-Jul-11,12.06,12.06,12.06,12.06,6.5,-
08-Jul-11,11.96,11.96,11.96,11.96,6.45,-
11-Jul-11,11.7,11.7,11.7,11.7,6.31,-
12-Jul-11,11.64,11.64,11.64,11.64,6.27,-
13-Jul-11,11.73,11.73,11.73,11.73,6.32,-
14-Jul-11,11.73,11.73,11.73,11.73,6.32,-
15-Jul-11,11.65,11.65,11.65,11.65,6.28,-
18-Jul-11,11.49,11.49,11.49,11.49,6.19,-
19-Jul-11,11.71,11.71,11.71,11.71,6.31,-
20-Jul-11,11.69,11.69,11.69,11.69,6.3,-
21-Jul-11,11.86,11.86,11.86,11.86,6.39,-
22-Jul-11,11.85,11.85,11.85,11.85,6.39,-
25-Jul-11,11.75,11.75,11.75,11.75,6.33,-
26-Jul-11,11.67,11.67,11.67,11.67,6.29,-
27-Jul-11,11.38,11.38,11.38,11.38,6.13,-
28-Jul-11,11.35,11.35,11.35,11.35,6.12,-
29-Jul-11,11.31,11.31,11.31,11.31,6.1,-
01-Aug-11,11.26,11.26,11.26,11.26,6.07,-
02-Aug-11,10.91,10.91,10.91,10.91,5.88,-
03-Aug-11,10.97,10.97,10.97,10.97,5.91,-
04-Aug-11,10.35,10.35,10.35,10.35,5.58,-
05-Aug-11,10.24,10.24,10.24,10.24,5.52,-
08-Aug-11,9.38,9.38,9.38,9.38,5.06,-
09-Aug-11,9.94,9.94,9.94,9.94,5.36,-
10-Aug-11,9.45,9.45,9.45,9.45,5.09,-
11-Aug-11,9.93,9.93,9.93,9.93,5.35,-
12-Aug-11,9.95,9.95,9.95,9.95,5.36,-
15-Aug-11,10.22,10.22,10.22,10.22,5.51,-
16-Aug-11,10.05,10.05,10.05,10.05,5.42,-
17-Aug-11,10.06,10.06,10.06,10.06,5.42,-
18-Aug-11,9.52,9.52,9.52,9.52,5.13,-
19-Aug-11,9.36,9.36,9.36,9.36,5.05,-
22-Aug-11,9.33,9.33,9.33,9.33,5.03,-
23-Aug-11,9.73,9.73,9.73,9.73,5.25,-
24-Aug-11,9.88,9.88,9.88,9.88,5.33,-
25-Aug-11,9.67,9.67,9.67,9.67,5.21,-
26-Aug-11,9.87,9.87,9.87,9.87,5.32,-
29-Aug-11,10.28,10.28,10.28,10.28,5.54,-
30-Aug-11,10.32,10.32,10.32,10.32,5.56,-
31-Aug-11,10.33,10.33,10.33,10.33,5.57,-
01-Sep-11,10.13,10.13,10.13,10.13,5.46,-
02-Sep-11,9.78,9.78,9.78,9.78,5.27,-
06-Sep-11,9.71,9.71,9.71,9.71,5.23,-
07-Sep-11,10.09,10.09,10.09,10.09,5.44,-
08-Sep-11,9.91,9.91,9.91,9.91,5.34,-
09-Sep-11,9.63,9.63,9.63,9.63,5.19,-
12-Sep-11,9.7,9.7,9.7,9.7,5.23,-
13-Sep-11,9.85,9.85,9.85,9.85,5.31,-
14-Sep-11,10.01,10.01,10.01,10.01,5.4,-
15-Sep-11,10.17,10.17,10.17,10.17,5.48,-
16-Sep-11,10.19,10.19,10.19,10.19,5.49,-
19-Sep-11,10.19,10.19,10.19,10.19,5.49,-
20-Sep-11,9.9,9.9,9.9,9.9,5.34,-
21-Sep-11,9.54,9.54,9.54,9.54,5.14,-
22-Sep-11,9.22,9.22,9.22,9.22,4.97,-
23-Sep-11,9.31,9.31,9.31,9.31,5.02,-
26-Sep-11,9.53,9.53,9.53,9.53,5.14,-
27-Sep-11,9.69,9.69,9.69,9.69,5.22,-
28-Sep-11,9.36,9.36,9.36,9.36,5.05,-
29-Sep-11,9.51,9.51,9.51,9.51,5.13,-
30-Sep-11,9.24,9.24,9.24,9.24,4.98,-
03-Oct-11,8.83,8.83,8.83,8.83,4.76,-
04-Oct-11,9.24,9.24,9.24,9.24,4.98,-
05-Oct-11,9.42,9.42,9.42,9.42,5.08,-
06-Oct-11,9.63,9.63,9.63,9.63,5.19,-
07-Oct-11,9.45,9.45,9.45,9.45,5.09,-
10-Oct-11,9.83,9.83,9.83,9.83,5.3,-
11-Oct-11,9.88,9.88,9.88,9.88,5.33,-
12-Oct-11,10.04,10.04,10.04,10.04,5.41,-
13-Oct-11,10.0,10.0,10.0,10.0,5.39,-
14-Oct-11,10.19,10.19,10.19,10.19,5.49,-
17-Oct-11,9.89,9.89,9.89,9.89,5.33,-
18-Oct-11,10.18,10.18,10.18,10.18,5.49,-
19-Oct-11,10.01,10.01,10.01,10.01,5.4,-
20-Oct-11,10.06,10.06,10.06,10.06,5.42,-
21-Oct-11,10.26,10.26,10.26,10.26,5.53,-
24-Oct-11,10.51,10.51,10.51,10.51,5.67,-
25-Oct-11,10.23,10.23,10.23,10.23,5.51,-
26-Oct-11,10.41,10.41,10.41,10.41,5.61,-
27-Oct-11,10.9,10.9,10.9,10.9,5.88,-
28-Oct-11,10.86,10.86,10.86,10.86,5.85,-
31-Oct-11,10.56,10.56,10.56,10.56,5.69,-
01-Nov-11,10.19,10.19,10.19,10.19,5.49,-
02-Nov-11,10.43,10.43,10.43,10.43,5.62,-
03-Nov-11,10.67,10.67,10.67,10.67,5.75,-
04-Nov-11,10.6,10.6,10.6,10.6,5.71,-
07-Nov-11,10.62,10.62,10.62,10.62,5.72,-
08-Nov-11,10.76,10.76,10.76,10.76,5.8,-
09-Nov-11,10.28,10.28,10.28,10.28,5.54,-
10-Nov-11,10.28,10.28,10.28,10.28,5.54,-
11-Nov-11,10.63,10.63,10.63,10.63,5.73,-
14-Nov-11,10.49,10.49,10.49,10.49,5.65,-
15-Nov-11,10.58,10.58,10.58,10.58,5.7,-
16-Nov-11,10.38,10.38,10.38,10.38,5.6,-
17-Nov-11,10.21,10.21,10.21,10.21,5.5,-
18-Nov-11,10.23,10.23,10.23,10.23,5.51,-
21-Nov-11,10.01,10.01,10.01,10.01,5.4,-
22-Nov-11,9.93,9.93,9.93,9.93,5.35,-
23-Nov-11,9.64,9.64,9.64,9.64,5.2,-
25-Nov-11,9.57,9.57,9.57,9.57,5.16,-
28-Nov-11,9.94,9.94,9.94,9.94,5.36,-
29-Nov-11,9.94,9.94,9.94,9.94,5.36,-
30-Nov-11,10.49,10.49,10.49,10.49,5.65,-
01-Dec-11,10.42,10.42,10.42,10.42,5.62,-
02-Dec-11,10.47,10.47,10.47,10.47,5.64,-
05-Dec-11,10.61,10.61,10.61,10.61,5.72,-
06-Dec-11,10.61,10.61,10.61,10.61,5.72,-
07-Dec-11,10.62,10.62,10.62,10.62,5.72,-
08-Dec-11,10.3,10.3,10.3,10.3,5.55,-
09-Dec-11,10.57,10.57,10.57,10.57,5.7,-
12-Dec-11,10.4,10.4,10.4,10.4,5.61,-
13-Dec-11,10.24,10.24,10.24,10.24,5.52,-
14-Dec-11,10.11,10.11,10.11,10.11,5.45,-
15-Dec-11,10.19,10.19,10.19,10.19,5.49,-
16-Dec-11,10.25,10.25,10.25,10.25,5.53,-
19-Dec-11,10.07,10.07,10.07,10.07,5.43,-
20-Dec-11,10.44,10.44,10.44,10.44,5.63,-
21-Dec-11,10.51,10.51,10.51,10.51,5.67,-
22-Dec-11,10.61,10.61,10.61,10.61,5.72,-
23-Dec-11,10.67,10.67,10.67,10.67,5.75,-
27-Dec-11,10.68,10.68,10.68,10.68,5.76,-
28-Dec-11,10.49,10.49,10.49,10.49,5.65,-
29-Dec-11,10.48,10.48,10.48,10.48,5.73,-
30-Dec-11,10.43,10.43,10.43,10.43,5.7,-
03-Jan-12,10.63,10.63,10.63,10.63,5.81,-
04-Jan-12,10.6,10.6,10.6,10.6,5.79,-
05-Jan-12,10.65,10.65,10.65,10.65,5.82,-
06-Jan-12,10.62,10.62,10.62,10.62,5.8,-
09-Jan-12,10.66,10.66,10.66,10.66,5.82,-
10-Jan-12,10.8,10.8,10.8,10.8,5.9,-
11-Jan-12,10.83,10.83,10.83,10.83,5.92,-
12-Jan-12,10.88,10.88,10.88,10.88,5.94,-
13-Jan-12,10.79,10.79,10.79,10.79,5.9,-
17-Jan-12,10.8,10.8,10.8,10.8,5.9,-
18-Jan-12,10.98,10.98,10.98,10.98,6.0,-
19-Jan-12,11.03,11.03,11.03,11.03,6.03,-
20-Jan-12,11.06,11.06,11.06,11.06,6.04,-
23-Jan-12,11.05,11.05,11.05,11.05,6.04,-
24-Jan-12,11.08,11.08,11.08,11.08,6.05,-
25-Jan-12,11.16,11.16,11.16,11.16,6.1,-
26-Jan-12,11.09,11.09,11.09,11.09,6.06,-
27-Jan-12,11.14,11.14,11.14,11.14,6.09,-
30-Jan-12,11.07,11.07,11.07,11.07,6.05,-
31-Jan-12,11.06,11.06,11.06,11.06,6.04,-
01-Feb-12,11.26,11.26,11.26,11.26,6.15,-
02-Feb-12,11.29,11.29,11.29,11.29,6.17,-
03-Feb-12,11.53,11.53,11.53,11.53,6.3,-
06-Feb-12,11.5,11.5,11.5,11.5,6.28,-
07-Feb-12,11.5,11.5,11.5,11.5,6.28,-
08-Feb-12,11.55,11.55,11.55,11.55,6.31,-
09-Feb-12,11.53,11.53,11.53,11.53,6.3,-
10-Feb-12,11.4,11.4,11.4,11.4,6.23,-
13-Feb-12,11.52,11.52,11.52,11.52,6.29,-
14-Feb-12,11.49,11.49,11.49,11.49,6.28,-
15-Feb-12,11.42,11.42,11.42,11.42,6.24,-
16-Feb-12,11.61,11.61,11.61,11.61,6.34,-
17-Feb-12,11.63,11.63,11.63,11.63,6.35,-
21-Feb-12,11.6,11.6,11.6,11.6,6.34,-
22-Feb-12,11.52,11.52,11.52,11.52,6.29,-
23-Feb-12,11.64,11.64,11.64,11.64,6.36,-
24-Feb-12,11.61,11.61,11.61,11.61,6.34,-
27-Feb-12,11.62,11.62,11.62,11.62,6.35,-
28-Feb-12,11.61,11.61,11.61,11.61,6.34,-
29-Feb-12,11.49,11.49,11.49,11.49,6.28,-
01-Mar-12,11.55,11.55,11.55,11.55,6.31,-
02-Mar-12,11.42,11.42,11.42,11.42,6.24,-
05-Mar-12,11.4,11.4,11.4,11.4,6.23,-
06-Mar-12,11.18,11.18,11.18,11.18,6.11,-
07-Mar-12,11.3,11.3,11.3,11.3,6.17,-
08-Mar-12,11.44,11.44,11.44,11.44,6.25,-
09-Mar-12,11.54,11.54,11.54,11.54,6.31,-
12-Mar-12,11.5,11.5,11.5,11.5,6.28,-
13-Mar-12,11.75,11.75,11.75,11.75,6.42,-
14-Mar-12,11.67,11.67,11.67,11.67,6.38,-
15-Mar-12,11.79,11.79,11.79,11.79,6.44,-
16-Mar-12,11.8,11.8,11.8,11.8,6.45,-
19-Mar-12,11.87,11.87,11.87,11.87,6.49,-
20-Mar-12,11.78,11.78,11.78,11.78,6.44,-
21-Mar-12,11.77,11.77,11.77,11.77,6.43,-
22-Mar-12,11.65,11.65,11.65,11.65,6.37,-
23-Mar-12,11.74,11.74,11.74,11.74,6.41,-
26-Mar-12,11.94,11.94,11.94,11.94,6.52,-
27-Mar-12,11.86,11.86,11.86,11.86,6.48,-
28-Mar-12,11.79,11.79,11.79,11.79,6.44,-
29-Mar-12,11.77,11.77,11.77,11.77,6.43,-
30-Mar-12,11.76,11.76,11.76,11.76,6.43,-
02-Apr-12,11.88,11.88,11.88,11.88,6.49,-
03-Apr-12,11.8,11.8,11.8,11.8,6.45,-
04-Apr-12,11.64,11.64,11.64,11.64,6.36,-
05-Apr-12,11.61,11.61,11.61,11.61,6.34,-
09-Apr-12,11.43,11.43,11.43,11.43,6.24,-
10-Apr-12,11.18,11.18,11.18,11.18,6.11,-
11-Apr-12,11.32,11.32,11.32,11.32,6.18,-
12-Apr-12,11.51,11.51,11.51,11.51,6.29,-
13-Apr-12,11.33,11.33,11.33,11.33,6.19,-
16-Apr-12,11.35,11.35,11.35,11.35,6.2,-
17-Apr-12,11.53,11.53,11.53,11.53,6.3,-
18-Apr-12,11.44,11.44,11.44,11.44,6.25,-
19-Apr-12,11.37,11.37,11.37,11.37,6.21,-
20-Apr-12,11.41,11.41,11.41,11.41,6.23,-
23-Apr-12,11.27,11.27,11.27,11.27,6.16,-
24-Apr-12,11.36,11.36,11.36,11.36,6.21,-
25-Apr-12,11.51,11.51,11.51,11.51,6.29,-
26-Apr-12,11.6,11.6,11.6,11.6,6.34,-
27-Apr-12,11.67,11.67,11.67,11.67,6.38,-
30-Apr-12,11.58,11.58,11.58,11.58,6.33,-
01-May-12,11.61,11.61,11.61,11.61,6.34,-
02-May-12,11.61,11.61,11.61,11.61,6.34,-
03-May-12,11.46,11.46,11.46,11.46,6.26,-
04-May-12,11.25,11.25,11.25,11.25,6.15,-
07-May-12,11.27,11.27,11.27,11.27,6.16,-
08-May-12,11.25,11.25,11.25,11.25,6.15,-
09-May-12,11.18,11.18,11.18,11.18,6.11,-
10-May-12,11.24,11.24,11.24,11.24,6.14,-
11-May-12,11.19,11.19,11.19,11.19,6.11,-
14-May-12,11.04,11.04,11.04,11.04,6.03,-
15-May-12,11.0,11.0,11.0,11.0,6.01,-
16-May-12,10.92,10.92,10.92,10.92,5.97,-
17-May-12,10.72,10.72,10.72,10.72,5.86,-
18-May-12,10.64,10.64,10.64,10.64,5.81,-
21-May-12,10.84,10.84,10.84,10.84,5.92,-
22-May-12,10.79,10.79,10.79,10.79,5.9,-
23-May-12,10.84,10.84,10.84,10.84,5.92,-
24-May-12,10.86,10.86,10.86,10.86,5.93,-
25-May-12,10.86,10.86,10.86,10.86,5.93,-
29-May-12,10.99,10.99,10.99,10.99,6.0,-
30-May-12,10.79,10.79,10.79,10.79,5.9,-
31-May-12,10.78,10.78,10.78,10.78,5.89,-
01-Jun-12,10.47,10.47,10.47,10.47,5.72,-
04-Jun-12,10.45,10.45,10.45,10.45,5.71,-
05-Jun-12,10.55,10.55,10.55,10.55,5.76,-
06-Jun-12,10.83,10.83,10.83,10.83,5.92,-
07-Jun-12,10.79,10.79,10.79,10.79,5.9,-
08-Jun-12,10.89,10.89,10.89,10.89,5.95,-
11-Jun-12,10.69,10.69,10.69,10.69,5.84,-
12-Jun-12,10.83,10.83,10.83,10.83,5.92,-
13-Jun-12,10.72,10.72,10.72,10.72,5.86,-
14-Jun-12,10.86,10.86,10.86,10.86,5.93,-
15-Jun-12,10.98,10.98,10.98,10.98,6.0,-
18-Jun-12,10.97,10.97,10.97,10.97,5.99,-
19-Jun-12,11.15,11.15,11.15,11.15,6.09,-
20-Jun-12,11.13,11.13,11.13,11.13,6.08,-
21-Jun-12,10.85,10.85,10.85,10.85,5.93,-
22-Jun-12,10.97,10.97,10.97,10.97,5.99,-
25-Jun-12,10.77,10.77,10.77,10.77,5.88,-
26-Jun-12,10.83,10.83,10.83,10.83,5.92,-
27-Jun-12,10.97,10.97,10.97,10.97,5.99,-
28-Jun-12,10.98,10.98,10.98,10.98,6.0,-
29-Jun-12,11.29,11.29,11.29,11.29,6.17,-
02-Jul-12,11.37,11.37,11.37,11.37,6.21,-
03-Jul-12,11.49,11.49,11.49,11.49,6.28,-
05-Jul-12,11.44,11.44,11.44,11.44,6.25,-
06-Jul-12,11.33,11.33,11.33,11.33,6.19,-
09-Jul-12,11.29,11.29,11.29,11.29,6.17,-
10-Jul-12,11.18,11.18,11.18,11.18,6.11,-
11-Jul-12,11.18,11.18,11.18,11.18,6.11,-
12-Jul-12,11.13,11.13,11.13,11.13,6.08,-
13-Jul-12,11.31,11.31,11.31,11.31,6.18,-
16-Jul-12,11.26,11.26,11.26,11.26,6.15,-
17-Jul-12,11.33,11.33,11.33,11.33,6.19,-
18-Jul-12,11.4,11.4,11.4,11.4,6.23,-
19-Jul-12,11.37,11.37,11.37,11.37,6.21,-
20-Jul-12,11.23,11.23,11.23,11.23,6.14,-
23-Jul-12,11.07,11.07,11.07,11.07,6.05,-
24-Jul-12,10.94,10.94,10.94,10.94,5.98,-
25-Jul-12,10.96,10.96,10.96,10.96,5.99,-
26-Jul-12,11.12,11.12,11.12,11.12,6.08,-
27-Jul-12,11.38,11.38,11.38,11.38,6.22,-
30-Jul-12,11.35,11.35,11.35,11.35,6.2,-
31-Jul-12,11.3,11.3,11.3,11.3,6.17,-
01-Aug-12,11.18,11.18,11.18,11.18,6.11,-
02-Aug-12,11.12,11.12,11.12,11.12,6.08,-
03-Aug-12,11.4,11.4,11.4,11.4,6.23,-
06-Aug-12,11.47,11.47,11.47,11.47,6.27,-
07-Aug-12,11.56,11.56,11.56,11.56,6.32,-
08-Aug-12,11.58,11.58,11.58,11.58,6.33,-
09-Aug-12,11.61,11.61,11.61,11.61,6.34,-
10-Aug-12,11.61,11.61,11.61,11.61,6.34,-
13-Aug-12,11.58,11.58,11.58,11.58,6.33,-
14-Aug-12,11.56,11.56,11.56,11.56,6.32,-
15-Aug-12,11.63,11.63,11.63,11.63,6.35,-
16-Aug-12,11.74,11.74,11.74,11.74,6.41,-
17-Aug-12,11.8,11.8,11.8,11.8,6.45,-
20-Aug-12,11.79,11.79,11.79,11.79,6.44,-
21-Aug-12,11.77,11.77,11.77,11.77,6.43,-
22-Aug-12,11.73,11.73,11.73,11.73,6.41,-
23-Aug-12,11.63,11.63,11.63,11.63,6.35,-
24-Aug-12,11.68,11.68,11.68,11.68,6.38,-
27-Aug-12,11.68,11.68,11.68,11.68,6.38,-
28-Aug-12,11.71,11.71,11.71,11.71,6.4,-
29-Aug-12,11.75,11.75,11.75,11.75,6.42,-
30-Aug-12,11.64,11.64,11.64,11.64,6.36,-
31-Aug-12,11.7,11.7,11.7,11.7,6.39,-
04-Sep-12,11.76,11.76,11.76,11.76,6.43,-
05-Sep-12,11.75,11.75,11.75,11.75,6.42,-
06-Sep-12,12.0,12.0,12.0,12.0,6.56,-
07-Sep-12,12.08,12.08,12.08,12.08,6.6,-
10-Sep-12,12.03,12.03,12.03,12.03,6.57,-
11-Sep-12,12.09,12.09,12.09,12.09,6.61,-
12-Sep-12,12.14,12.14,12.14,12.14,6.63,-
13-Sep-12,12.32,12.32,12.32,12.32,6.73,-
14-Sep-12,12.42,12.42,12.42,12.42,6.79,-
17-Sep-12,12.33,12.33,12.33,12.33,6.74,-
18-Sep-12,12.29,12.29,12.29,12.29,6.71,-
19-Sep-12,12.31,12.31,12.31,12.31,6.73,-
20-Sep-12,12.26,12.26,12.26,12.26,6.7,-
21-Sep-12,12.3,12.3,12.3,12.3,6.72,-
24-Sep-12,12.28,12.28,12.28,12.28,6.71,-
25-Sep-12,12.11,12.11,12.11,12.11,6.62,-
26-Sep-12,12.03,12.03,12.03,12.03,6.57,-
27-Sep-12,12.17,12.17,12.17,12.17,6.65,-
28-Sep-12,12.09,12.09,12.09,12.09,6.61,-
01-Oct-12,12.15,12.15,12.15,12.15,6.64,-
02-Oct-12,12.17,12.17,12.17,12.17,6.65,-
03-Oct-12,12.18,12.18,12.18,12.18,6.65,-
04-Oct-12,12.29,12.29,12.29,12.29,6.71,-
05-Oct-12,12.29,12.29,12.29,12.29,6.71,-
08-Oct-12,12.25,12.25,12.25,12.25,6.69,-
09-Oct-12,12.12,12.12,12.12,12.12,6.62,-
10-Oct-12,12.07,12.07,12.07,12.07,6.59,-
11-Oct-12,12.11,12.11,12.11,12.11,6.62,-
12-Oct-12,12.03,12.03,12.03,12.03,6.57,-
15-Oct-12,12.12,12.12,12.12,12.12,6.62,-
16-Oct-12,12.24,12.24,12.24,12.24,6.69,-
17-Oct-12,12.34,12.34,12.34,12.34,6.74,-
18-Oct-12,12.3,12.3,12.3,12.3,6.72,-
19-Oct-12,12.08,12.08,12.08,12.08,6.6,-
22-Oct-12,12.08,12.08,12.08,12.08,6.6,-
23-Oct-12,11.95,11.95,11.95,11.95,6.53,-
24-Oct-12,11.93,11.93,11.93,11.93,6.52,-
25-Oct-12,11.97,11.97,11.97,11.97,6.54,-
26-Oct-12,11.93,11.93,11.93,11.93,6.52,-
31-Oct-12,11.93,11.93,11.93,11.93,6.52,-
01-Nov-12,12.13,12.13,12.13,12.13,6.63,-
02-Nov-12,11.98,11.98,11.98,11.98,6.55,-
05-Nov-12,12.03,12.03,12.03,12.03,6.57,-
06-Nov-12,12.15,12.15,12.15,12.15,6.64,-
07-Nov-12,11.84,11.84,11.84,11.84,6.47,-
08-Nov-12,11.69,11.69,11.69,11.69,6.39,-
09-Nov-12,11.71,11.71,11.71,11.71,6.4,-
12-Nov-12,11.7,11.7,11.7,11.7,6.39,-
13-Nov-12,11.64,11.64,11.64,11.64,6.36,-
14-Nov-12,11.44,11.44,11.44,11.44,6.25,-
15-Nov-12,11.39,11.39,11.39,11.39,6.22,-
16-Nov-12,11.46,11.46,11.46,11.46,6.26,-
19-Nov-12,11.71,11.71,11.71,11.71,6.4,-
20-Nov-12,11.72,11.72,11.72,11.72,6.4,-
21-Nov-12,11.77,11.77,11.77,11.77,6.43,-
23-Nov-12,11.92,11.92,11.92,11.92,6.51,-
26-Nov-12,11.91,11.91,11.91,11.91,6.51,-
27-Nov-12,11.88,11.88,11.88,11.88,6.49,-
28-Nov-12,11.98,11.98,11.98,11.98,6.55,-
29-Nov-12,12.08,12.08,12.08,12.08,6.6,-
30-Nov-12,12.08,12.08,12.08,12.08,6.6,-
03-Dec-12,12.05,12.05,12.05,12.05,6.58,-
04-Dec-12,12.06,12.06,12.06,12.06,6.59,-
05-Dec-12,12.08,12.08,12.08,12.08,6.6,-
06-Dec-12,12.1,12.1,12.1,12.1,6.61,-
07-Dec-12,12.13,12.13,12.13,12.13,6.63,-
10-Dec-12,12.17,12.17,12.17,12.17,6.65,-
11-Dec-12,12.26,12.26,12.26,12.26,6.7,-
12-Dec-12,12.23,12.23,12.23,12.23,6.68,-
13-Dec-12,12.23,12.23,12.23,12.23,6.68,-
14-Dec-12,12.15,12.15,12.15,12.15,6.64,-
17-Dec-12,12.3,12.3,12.3,12.3,6.72,-
18-Dec-12,12.47,12.47,12.47,12.47,6.81,-
19-Dec-12,12.44,12.44,12.44,12.44,6.8,-
20-Dec-12,12.29,12.29,12.29,12.29,6.84,-
21-Dec-12,12.19,12.19,12.19,12.19,6.78,-
24-Dec-12,12.15,12.15,12.15,12.15,6.76,-
26-Dec-12,12.08,12.08,12.08,12.08,6.72,-
27-Dec-12,12.06,12.06,12.06,12.06,6.71,-
28-Dec-12,11.96,11.96,11.96,11.96,6.66,-
31-Dec-12,12.21,12.21,12.21,12.21,6.79,-
02-Jan-13,12.55,12.55,12.55,12.55,6.98,-
03-Jan-13,12.52,12.52,12.52,12.52,6.97,-
04-Jan-13,12.62,12.62,12.62,12.62,7.02,-
07-Jan-13,12.55,12.55,12.55,12.55,6.98,-
08-Jan-13,12.53,12.53,12.53,12.53,6.97,-
09-Jan-13,12.57,12.57,12.57,12.57,6.99,-
10-Jan-13,12.64,12.64,12.64,12.64,7.03,-
11-Jan-13,12.63,12.63,12.63,12.63,7.03,-
14-Jan-13,12.62,12.62,12.62,12.62,7.02,-
15-Jan-13,12.67,12.67,12.67,12.67,7.05,-
16-Jan-13,12.66,12.66,12.66,12.66,7.04,-
17-Jan-13,12.76,12.76,12.76,12.76,7.1,-
18-Jan-13,12.8,12.8,12.8,12.8,7.12,-
22-Jan-13,12.9,12.9,12.9,12.9,7.18,-
23-Jan-13,12.88,12.88,12.88,12.88,7.17,-
24-Jan-13,12.93,12.93,12.93,12.93,7.2,-
25-Jan-13,12.99,12.99,12.99,12.99,7.23,-
28-Jan-13,12.99,12.99,12.99,12.99,7.23,-
29-Jan-13,13.05,13.05,13.05,13.05,7.26,-
30-Jan-13,12.95,12.95,12.95,12.95,7.21,-
31-Jan-13,12.97,12.97,12.97,12.97,7.22,-
01-Feb-13,13.12,13.12,13.12,13.12,7.3,-
04-Feb-13,12.95,12.95,12.95,12.95,7.21,-
05-Feb-13,13.09,13.09,13.09,13.09,7.28,-
06-Feb-13,13.13,13.13,13.13,13.13,7.31,-
07-Feb-13,13.11,13.11,13.11,13.11,7.3,-
08-Feb-13,13.18,13.18,13.18,13.18,7.33,-
11-Feb-13,13.18,13.18,13.18,13.18,7.33,-
12-Feb-13,13.25,13.25,13.25,13.25,7.37,-
13-Feb-13,13.29,13.29,13.29,13.29,7.4,-
14-Feb-13,13.33,13.33,13.33,13.33,7.42,-
15-Feb-13,13.31,13.31,13.31,13.31,7.41,-
19-Feb-13,13.44,13.44,13.44,13.44,7.48,-
20-Feb-13,13.17,13.17,13.17,13.17,7.33,-
21-Feb-13,13.07,13.07,13.07,13.07,7.27,-
22-Feb-13,13.2,13.2,13.2,13.2,7.35,-
25-Feb-13,12.9,12.9,12.9,12.9,7.18,-
26-Feb-13,12.98,12.98,12.98,12.98,7.22,-
27-Feb-13,13.14,13.14,13.14,13.14,7.31,-
28-Feb-13,13.14,13.14,13.14,13.14,7.31,-
01-Mar-13,13.17,13.17,13.17,13.17,7.33,-
04-Mar-13,13.17,13.17,13.17,13.17,7.33,-
05-Mar-13,13.37,13.37,13.37,13.37,7.44,-
06-Mar-13,13.37,13.37,13.37,13.37,7.44,-
07-Mar-13,13.47,13.47,13.47,13.47,7.5,-
08-Mar-13,13.57,13.57,13.57,13.57,7.55,-
11-Mar-13,13.59,13.59,13.59,13.59,7.56,-
12-Mar-13,13.57,13.57,13.57,13.57,7.55,-
13-Mar-13,13.62,13.62,13.62,13.62,7.58,-
14-Mar-13,13.74,13.74,13.74,13.74,7.65,-
15-Mar-13,13.73,13.73,13.73,13.73,7.64,-
18-Mar-13,13.66,13.66,13.66,13.66,7.6,-
19-Mar-13,13.66,13.66,13.66,13.66,7.6,-
20-Mar-13,13.74,13.74,13.74,13.74,7.65,-
21-Mar-13,13.62,13.62,13.62,13.62,7.58,-
22-Mar-13,13.67,13.67,13.67,13.67,7.61,-
25-Mar-13,13.65,13.65,13.65,13.65,7.6,-
26-Mar-13,13.65,13.65,13.65,13.65,7.6,-
27-Mar-13,13.71,13.71,13.71,13.71,7.63,-
28-Mar-13,13.74,13.74,13.74,13.74,7.65,-
01-Apr-13,13.74,13.74,13.74,13.74,7.65,-
02-Apr-13,13.59,13.59,13.59,13.59,7.56,-
03-Apr-13,13.38,13.38,13.38,13.38,7.45,-
04-Apr-13,13.46,13.46,13.46,13.46,7.49,-
05-Apr-13,13.43,13.43,13.43,13.43,7.47,-
08-Apr-13,13.54,13.54,13.54,13.54,7.53,-
09-Apr-13,13.54,13.54,13.54,13.54,7.53,-
10-Apr-13,13.75,13.75,13.75,13.75,7.65,-
11-Apr-13,13.78,13.78,13.78,13.78,7.67,-
12-Apr-13,13.7,13.7,13.7,13.7,7.62,-
15-Apr-13,13.24,13.24,13.24,13.24,7.37,-
16-Apr-13,13.45,13.45,13.45,13.45,7.48,-
17-Apr-13,13.21,13.21,13.21,13.21,7.35,-
18-Apr-13,13.14,13.14,13.14,13.14,7.31,-
19-Apr-13,13.27,13.27,13.27,13.27,7.38,-
22-Apr-13,13.3,13.3,13.3,13.3,7.4,-
23-Apr-13,13.5,13.5,13.5,13.5,7.51,-
24-Apr-13,13.58,13.58,13.58,13.58,7.56,-
25-Apr-13,13.66,13.66,13.66,13.66,7.6,-
26-Apr-13,13.6,13.6,13.6,13.6,7.57,-
29-Apr-13,13.7,13.7,13.7,13.7,7.62,-
30-Apr-13,13.75,13.75,13.75,13.75,7.65,-
01-May-13,13.5,13.5,13.5,13.5,7.51,-
02-May-13,13.69,13.69,13.69,13.69,7.62,-
03-May-13,13.9,13.9,13.9,13.9,7.74,-
06-May-13,13.97,13.97,13.97,13.97,7.77,-
07-May-13,13.97,13.97,13.97,13.97,7.77,-
08-May-13,14.17,14.17,14.17,14.17,7.89,-
09-May-13,14.11,14.11,14.11,14.11,7.85,-
10-May-13,14.2,14.2,14.2,14.2,7.9,-
13-May-13,14.16,14.16,14.16,14.16,7.88,-
14-May-13,14.35,14.35,14.35,14.35,7.99,-
15-May-13,14.41,14.41,14.41,14.41,8.02,-
16-May-13,14.33,14.33,14.33,14.33,7.97,-
17-May-13,14.48,14.48,14.48,14.48,8.06,-
20-May-13,14.51,14.51,14.51,14.51,8.07,-
21-May-13,14.52,14.52,14.52,14.52,8.08,-
22-May-13,14.34,14.34,14.34,14.34,7.98,-
23-May-13,14.36,14.36,14.36,14.36,7.99,-
24-May-13,14.36,14.36,14.36,14.36,7.99,-
28-May-13,14.54,14.54,14.54,14.54,8.09,-
29-May-13,14.44,14.44,14.44,14.44,8.04,-
30-May-13,14.53,14.53,14.53,14.53,8.09,-
31-May-13,14.35,14.35,14.35,14.35,7.99,-
03-Jun-13,14.45,14.45,14.45,14.45,8.04,-
04-Jun-13,14.35,14.35,14.35,14.35,7.99,-
05-Jun-13,14.14,14.14,14.14,14.14,7.87,-
06-Jun-13,14.29,14.29,14.29,14.29,7.95,-
07-Jun-13,14.44,14.44,14.44,14.44,8.04,-
10-Jun-13,14.51,14.51,14.51,14.51,8.07,-
11-Jun-13,14.33,14.33,14.33,14.33,7.97,-
12-Jun-13,14.22,14.22,14.22,14.22,7.91,-
13-Jun-13,14.46,14.46,14.46,14.46,8.05,-
14-Jun-13,14.33,14.33,14.33,14.33,7.97,-
17-Jun-13,14.43,14.43,14.43,14.43,8.03,-
18-Jun-13,14.59,14.59,14.59,14.59,8.12,-
19-Jun-13,14.41,14.41,14.41,14.41,8.02,-
20-Jun-13,14.06,14.06,14.06,14.06,7.82,-
21-Jun-13,14.07,14.07,14.07,14.07,7.83,-
24-Jun-13,14.07,14.07,14.07,14.07,7.83,-
25-Jun-13,14.04,14.04,14.04,14.04,7.81,-
26-Jun-13,14.11,14.11,14.11,14.11,7.85,-
27-Jun-13,14.29,14.29,14.29,14.29,7.95,-
28-Jun-13,14.25,14.25,14.25,14.25,7.93,-
01-Jul-13,14.41,14.41,14.41,14.41,8.02,-
02-Jul-13,14.39,14.39,14.39,14.39,8.01,-
03-Jul-13,14.41,14.41,14.41,14.41,8.02,-
05-Jul-13,14.63,14.63,14.63,14.63,8.14,-
08-Jul-13,14.7,14.7,14.7,14.7,8.18,-
09-Jul-13,14.83,14.83,14.83,14.83,8.25,-
10-Jul-13,14.84,14.84,14.84,14.84,8.26,-
11-Jul-13,15.01,15.01,15.01,15.01,8.35,-
12-Jul-13,15.06,15.06,15.06,15.06,8.38,-
15-Jul-13,15.12,15.12,15.12,15.12,8.41,-
16-Jul-13,15.06,15.06,15.06,15.06,8.38,-
17-Jul-13,15.11,15.11,15.11,15.11,8.41,-
18-Jul-13,15.23,15.23,15.23,15.23,8.48,-
19-Jul-13,15.26,15.26,15.26,15.26,8.49,-
22-Jul-13,15.3,15.3,15.3,15.3,8.51,-
23-Jul-13,15.29,15.29,15.29,15.29,8.51,-
24-Jul-13,15.2,15.2,15.2,15.2,8.46,-
25-Jul-13,15.3,15.3,15.3,15.3,8.51,-
26-Jul-13,15.24,15.24,15.24,15.24,8.48,-
29-Jul-13,15.14,15.14,15.14,15.14,8.43,-
30-Jul-13,15.14,15.14,15.14,15.14,8.43,-
31-Jul-13,15.18,15.18,15.18,15.18,8.45,-
01-Aug-13,15.42,15.42,15.42,15.42,8.58,-
02-Aug-13,15.42,15.42,15.42,15.42,8.58,-
05-Aug-13,15.43,15.43,15.43,15.43,8.59,-
06-Aug-13,15.28,15.28,15.28,15.28,8.5,-
07-Aug-13,15.2,15.2,15.2,15.2,8.46,-
08-Aug-13,15.27,15.27,15.27,15.27,8.5,-
09-Aug-13,15.22,15.22,15.22,15.22,8.47,-
12-Aug-13,15.25,15.25,15.25,15.25,8.49,-
13-Aug-13,15.27,15.27,15.27,15.27,8.5,-
14-Aug-13,15.21,15.21,15.21,15.21,8.46,-
15-Aug-13,14.97,14.97,14.97,14.97,8.33,-
16-Aug-13,14.94,14.94,14.94,14.94,8.31,-
19-Aug-13,14.79,14.79,14.79,14.79,8.23,-
20-Aug-13,14.94,14.94,14.94,14.94,8.31,-
21-Aug-13,14.83,14.83,14.83,14.83,8.25,-
22-Aug-13,15.01,15.01,15.01,15.01,8.35,-
23-Aug-13,15.03,15.03,15.03,15.03,8.36,-
26-Aug-13,14.99,14.99,14.99,14.99,8.34,-
27-Aug-13,14.67,14.67,14.67,14.67,8.16,-
28-Aug-13,14.73,14.73,14.73,14.73,8.2,-
29-Aug-13,14.82,14.82,14.82,14.82,8.25,-
30-Aug-13,14.66,14.66,14.66,14.66,8.16,-
03-Sep-13,14.76,14.76,14.76,14.76,8.21,-
04-Sep-13,14.88,14.88,14.88,14.88,8.28,-
05-Sep-13,14.92,14.92,14.92,14.92,8.3,-
06-Sep-13,14.91,14.91,14.91,14.91,8.3,-
09-Sep-13,15.1,15.1,15.1,15.1,8.4,-
10-Sep-13,15.23,15.23,15.23,15.23,8.48,-
11-Sep-13,15.26,15.26,15.26,15.26,8.49,-
12-Sep-13,15.17,15.17,15.17,15.17,8.44,-
13-Sep-13,15.23,15.23,15.23,15.23,8.48,-
16-Sep-13,15.3,15.3,15.3,15.3,8.51,-
17-Sep-13,15.41,15.41,15.41,15.41,8.58,-
18-Sep-13,15.53,15.53,15.53,15.53,8.64,-
19-Sep-13,15.48,15.48,15.48,15.48,8.61,-
20-Sep-13,15.43,15.43,15.43,15.43,8.59,-
23-Sep-13,15.37,15.37,15.37,15.37,8.55,-
24-Sep-13,15.4,15.4,15.4,15.4,8.57,-
25-Sep-13,15.39,15.39,15.39,15.39,8.56,-
26-Sep-13,15.43,15.43,15.43,15.43,8.59,-
27-Sep-13,15.38,15.38,15.38,15.38,8.56,-
30-Sep-13,15.33,15.33,15.33,15.33,8.53,-
01-Oct-13,15.49,15.49,15.49,15.49,8.62,-
02-Oct-13,15.45,15.45,15.45,15.45,8.6,-
03-Oct-13,15.3,15.3,15.3,15.3,8.51,-
04-Oct-13,15.43,15.43,15.43,15.43,8.59,-
07-Oct-13,15.26,15.26,15.26,15.26,8.49,-
08-Oct-13,15.06,15.06,15.06,15.06,8.38,-
09-Oct-13,15.05,15.05,15.05,15.05,8.37,-
10-Oct-13,15.41,15.41,15.41,15.41,8.58,-
11-Oct-13,15.58,15.58,15.58,15.58,8.67,-
14-Oct-13,15.66,15.66,15.66,15.66,8.71,-
15-Oct-13,15.54,15.54,15.54,15.54,8.65,-
16-Oct-13,15.73,15.73,15.73,15.73,8.75,-
17-Oct-13,15.84,15.84,15.84,15.84,8.81,-
18-Oct-13,15.99,15.99,15.99,15.99,8.9,-
21-Oct-13,15.98,15.98,15.98,15.98,8.89,-
22-Oct-13,16.05,16.05,16.05,16.05,8.93,-
23-Oct-13,15.96,15.96,15.96,15.96,8.88,-
24-Oct-13,16.04,16.04,16.04,16.04,8.93,-
25-Oct-13,16.07,16.07,16.07,16.07,8.94,-
28-Oct-13,16.08,16.08,16.08,16.08,8.95,-
29-Oct-13,16.16,16.16,16.16,16.16,8.99,-
30-Oct-13,16.02,16.02,16.02,16.02,8.91,-
31-Oct-13,15.95,15.95,15.95,15.95,8.88,-
01-Nov-13,15.94,15.94,15.94,15.94,8.87,-
04-Nov-13,16.08,16.08,16.08,16.08,8.95,-
05-Nov-13,16.01,16.01,16.01,16.01,8.91,-
06-Nov-13,16.01,16.01,16.01,16.01,8.91,-
07-Nov-13,15.78,15.78,15.78,15.78,8.78,-
08-Nov-13,16.07,16.07,16.07,16.07,8.94,-
11-Nov-13,16.09,16.09,16.09,16.09,8.95,-
12-Nov-13,16.07,16.07,16.07,16.07,8.94,-
13-Nov-13,16.23,16.23,16.23,16.23,9.03,-
14-Nov-13,16.29,16.29,16.29,16.29,9.06,-
15-Nov-13,16.34,16.34,16.34,16.34,9.09,-
18-Nov-13,16.26,16.26,16.26,16.26,9.05,-
19-Nov-13,16.21,16.21,16.21,16.21,9.02,-
20-Nov-13,16.18,16.18,16.18,16.18,9.0,-
21-Nov-13,16.41,16.41,16.41,16.41,9.13,-
22-Nov-13,16.51,16.51,16.51,16.51,9.19,-
25-Nov-13,16.51,16.51,16.51,16.51,9.19,-
26-Nov-13,16.58,16.58,16.58,16.58,9.23,-
27-Nov-13,16.66,16.66,16.66,16.66,9.27,-
29-Nov-13,16.66,16.66,16.66,16.66,9.27,-
02-Dec-13,16.54,16.54,16.54,16.54,9.2,-
03-Dec-13,16.48,16.48,16.48,16.48,9.17,-
04-Dec-13,16.44,16.44,16.44,16.44,9.15,-
05-Dec-13,16.4,16.4,16.4,16.4,9.13,-
06-Dec-13,16.56,16.56,16.56,16.56,9.22,-
09-Dec-13,16.56,16.56,16.56,16.56,9.22,-
10-Dec-13,16.48,16.48,16.48,16.48,9.17,-
11-Dec-13,16.26,16.26,16.26,16.26,9.05,-
12-Dec-13,16.26,16.26,16.26,16.26,9.05,-
13-Dec-13,16.29,16.29,16.29,16.29,9.06,-
16-Dec-13,16.44,16.44,16.44,16.44,9.15,-
17-Dec-13,16.39,16.39,16.39,16.39,9.12,-
18-Dec-13,16.62,16.62,16.62,16.62,9.25,-
19-Dec-13,16.57,16.57,16.57,16.57,9.22,-
20-Dec-13,16.77,16.77,16.77,16.77,9.33,-
23-Dec-13,16.9,16.9,16.9,16.9,9.4,-
24-Dec-13,16.97,16.97,16.97,16.97,9.44,-
26-Dec-13,17.01,17.01,17.01,17.01,9.47,-
27-Dec-13,17.01,17.01,17.01,17.01,9.47,-
30-Dec-13,16.43,16.43,16.43,16.43,9.45,-
31-Dec-13,16.43,16.43,16.43,16.43,9.45,-
02-Jan-14,16.32,16.32,16.32,16.32,9.39,-
03-Jan-14,16.32,16.32,16.32,16.32,9.39,-
06-Jan-14,16.36,16.36,16.36,16.36,9.41,-
07-Jan-14,16.39,16.39,16.39,16.39,9.43,-
08-Jan-14,16.37,16.37,16.37,16.37,9.42,-
09-Jan-14,16.37,16.37,16.37,16.37,9.42,-
10-Jan-14,16.37,16.37,16.37,16.37,9.42,-
13-Jan-14,16.41,16.41,16.41,16.41,9.44,-
14-Jan-14,16.18,16.18,16.18,16.18,9.31,-
15-Jan-14,16.46,16.46,16.46,16.46,9.47,-
16-Jan-14,16.43,16.43,16.43,16.43,9.45,-
17-Jan-14,16.36,16.36,16.36,16.36,9.41,-
21-Jan-14,16.43,16.43,16.43,16.43,9.45,-
22-Jan-14,16.49,16.49,16.49,16.49,9.49,-
23-Jan-14,16.33,16.33,16.33,16.33,9.39,-
24-Jan-14,15.94,15.94,15.94,15.94,9.17,-
27-Jan-14,15.8,15.8,15.8,15.8,9.09,-
28-Jan-14,15.93,15.93,15.93,15.93,9.16,-
29-Jan-14,15.74,15.74,15.74,15.74,9.05,-
30-Jan-14,15.93,15.93,15.93,15.93,9.16,-
31-Jan-14,15.79,15.79,15.79,15.79,9.08,-
03-Feb-14,15.35,15.35,15.35,15.35,8.83,-
04-Feb-14,15.46,15.46,15.46,15.46,8.89,-
05-Feb-14,15.39,15.39,15.39,15.39,8.85,-
06-Feb-14,15.56,15.56,15.56,15.56,8.95,-
07-Feb-14,15.72,15.72,15.72,15.72,9.04,-
10-Feb-14,15.72,15.72,15.72,15.72,9.04,-
11-Feb-14,15.88,15.88,15.88,15.88,9.13,-
12-Feb-14,15.91,15.91,15.91,15.91,9.15,-
13-Feb-14,16.07,16.07,16.07,16.07,9.24,-
14-Feb-14,16.13,16.13,16.13,16.13,9.28,-
18-Feb-14,16.22,16.22,16.22,16.22,9.33,-
19-Feb-14,16.06,16.06,16.06,16.06,9.24,-
20-Feb-14,16.2,16.2,16.2,16.2,9.32,-
21-Feb-14,16.2,16.2,16.2,16.2,9.32,-
24-Feb-14,16.33,16.33,16.33,16.33,9.39,-
25-Feb-14,16.28,16.28,16.28,16.28,9.36,-
26-Feb-14,16.36,16.36,16.36,16.36,9.41,-
27-Feb-14,16.36,16.36,16.36,16.36,9.41,-
28-Feb-14,16.47,16.47,16.47,16.47,9.47,-
03-Mar-14,16.37,16.37,16.37,16.37,9.42,-
04-Mar-14,16.72,16.72,16.72,16.72,9.62,-
05-Mar-14,16.72,16.72,16.72,16.72,9.62,-
06-Mar-14,16.78,16.78,16.78,16.78,9.65,-
07-Mar-14,16.8,16.8,16.8,16.8,9.66,-
10-Mar-14,16.78,16.78,16.78,16.78,9.65,-
11-Mar-14,16.61,16.61,16.61,16.61,9.55,-
12-Mar-14,16.64,16.64,16.64,16.64,9.57,-
13-Mar-14,16.43,16.43,16.43,16.43,9.45,-
14-Mar-14,16.46,16.46,16.46,16.46,9.47,-
17-Mar-14,16.58,16.58,16.58,16.58,9.54,-
18-Mar-14,16.75,16.75,16.75,16.75,9.63,-
19-Mar-14,16.68,16.68,16.68,16.68,9.59,-
20-Mar-14,16.77,16.77,16.77,16.77,9.65,-
21-Mar-14,16.75,16.75,16.75,16.75,9.63,-
24-Mar-14,16.63,16.63,16.63,16.63,9.57,-
25-Mar-14,16.66,16.66,16.66,16.66,9.58,-
26-Mar-14,16.45,16.45,16.45,16.45,9.46,-
27-Mar-14,16.39,16.39,16.39,16.39,9.43,-
28-Mar-14,16.46,16.46,16.46,16.46,9.47,-
31-Mar-14,16.69,16.69,16.69,16.69,9.6,-
01-Apr-14,16.86,16.86,16.86,16.86,9.7,-
02-Apr-14,16.94,16.94,16.94,16.94,9.74,-
03-Apr-14,16.88,16.88,16.88,16.88,9.71,-
04-Apr-14,16.6,16.6,16.6,16.6,9.55,-
07-Apr-14,16.34,16.34,16.34,16.34,9.4,-
08-Apr-14,16.44,16.44,16.44,16.44,9.46,-
09-Apr-14,16.62,16.62,16.62,16.62,9.56,-
10-Apr-14,16.25,16.25,16.25,16.25,9.35,-
11-Apr-14,16.07,16.07,16.07,16.07,9.24,-
14-Apr-14,16.17,16.17,16.17,16.17,9.3,-
15-Apr-14,16.26,16.26,16.26,16.26,9.35,-
16-Apr-14,16.42,16.42,16.42,16.42,9.44,-
17-Apr-14,16.5,16.5,16.5,16.5,9.49,-
21-Apr-14,16.56,16.56,16.56,16.56,9.53,-
22-Apr-14,16.68,16.68,16.68,16.68,9.59,-
23-Apr-14,16.64,16.64,16.64,16.64,9.57,-
24-Apr-14,16.62,16.62,16.62,16.62,9.56,-
25-Apr-14,16.42,16.42,16.42,16.42,9.44,-
28-Apr-14,16.38,16.38,16.38,16.38,9.42,-
29-Apr-14,16.43,16.43,16.43,16.43,9.45,-
30-Apr-14,16.49,16.49,16.49,16.49,9.49,-
01-May-14,16.47,16.47,16.47,16.47,9.47,-
02-May-14,16.51,16.51,16.51,16.51,9.5,-
05-May-14,16.48,16.48,16.48,16.48,9.48,-
06-May-14,16.29,16.29,16.29,16.29,9.37,-
07-May-14,16.38,16.38,16.38,16.38,9.42,-
08-May-14,16.27,16.27,16.27,16.27,9.36,-
09-May-14,16.35,16.35,16.35,16.35,9.4,-
12-May-14,16.64,16.64,16.64,16.64,9.57,-
13-May-14,16.56,16.56,16.56,16.56,9.53,-
14-May-14,16.35,16.35,16.35,16.35,9.4,-
15-May-14,16.21,16.21,16.21,16.21,9.32,-
16-May-14,16.28,16.28,16.28,16.28,9.36,-
19-May-14,16.41,16.41,16.41,16.41,9.44,-
20-May-14,16.23,16.23,16.23,16.23,9.34,-
21-May-14,16.35,16.35,16.35,16.35,9.4,-
22-May-14,16.43,16.43,16.43,16.43,9.45,-
23-May-14,16.55,16.55,16.55,16.55,9.52,-
27-May-14,16.69,16.69,16.69,16.69,9.6,-
28-May-14,16.66,16.66,16.66,16.66,9.58,-
29-May-14,16.73,16.73,16.73,16.73,9.62,-
30-May-14,16.7,16.7,16.7,16.7,9.61,-
02-Jun-14,16.68,16.68,16.68,16.68,9.59,-
03-Jun-14,16.66,16.66,16.66,16.66,9.58,-
04-Jun-14,16.72,16.72,16.72,16.72,9.62,-
05-Jun-14,16.94,16.94,16.94,16.94,9.74,-
06-Jun-14,17.08,17.08,17.08,17.08,9.82,-
09-Jun-14,17.17,17.17,17.17,17.17,9.88,-
10-Jun-14,17.14,17.14,17.14,17.14,9.86,-
11-Jun-14,17.06,17.06,17.06,17.06,9.81,-
12-Jun-14,16.95,16.95,16.95,16.95,9.75,-
13-Jun-14,17.0,17.0,17.0,17.0,9.78,-
16-Jun-14,17.01,17.01,17.01,17.01,9.78,-
17-Jun-14,17.12,17.12,17.12,17.12,9.85,-
18-Jun-14,17.22,17.22,17.22,17.22,9.91,-
19-Jun-14,17.23,17.23,17.23,17.23,9.91,-
20-Jun-14,17.28,17.28,17.28,17.28,9.94,-
23-Jun-14,17.25,17.25,17.25,17.25,9.92,-
24-Jun-14,17.08,17.08,17.08,17.08,9.82,-
25-Jun-14,17.19,17.19,17.19,17.19,9.89,-
26-Jun-14,17.17,17.17,17.17,17.17,9.88,-
27-Jun-14,17.25,17.25,17.25,17.25,9.92,-
30-Jun-14,17.29,17.29,17.29,17.29,9.95,-
01-Jul-14,17.46,17.46,17.46,17.46,10.04,-
02-Jul-14,17.43,17.43,17.43,17.43,10.03,-
03-Jul-14,17.56,17.56,17.56,17.56,10.1,-
07-Jul-14,17.36,17.36,17.36,17.36,9.99,-
08-Jul-14,17.2,17.2,17.2,17.2,9.89,-
09-Jul-14,17.25,17.25,17.25,17.25,9.92,-
10-Jul-14,17.11,17.11,17.11,17.11,9.84,-
11-Jul-14,17.1,17.1,17.1,17.1,9.84,-
14-Jul-14,17.2,17.2,17.2,17.2,9.89,-
15-Jul-14,17.12,17.12,17.12,17.12,9.85,-
16-Jul-14,17.18,17.18,17.18,17.18,9.88,-
17-Jul-14,16.95,16.95,16.95,16.95,9.75,-
18-Jul-14,17.15,17.15,17.15,17.15,9.86,-
21-Jul-14,17.08,17.08,17.08,17.08,9.82,-
22-Jul-14,17.21,17.21,17.21,17.21,9.9,-
23-Jul-14,17.21,17.21,17.21,17.21,9.9,-
24-Jul-14,17.2,17.2,17.2,17.2,9.89,-
25-Jul-14,17.08,17.08,17.08,17.08,9.82,-
28-Jul-14,17.03,17.03,17.03,17.03,9.8,-
29-Jul-14,16.98,16.98,16.98,16.98,9.77,-
30-Jul-14,17.01,17.01,17.01,17.01,9.78,-
31-Jul-14,16.65,16.65,16.65,16.65,9.58,-
01-Aug-14,16.59,16.59,16.59,16.59,9.54,-
04-Aug-14,16.72,16.72,16.72,16.72,9.62,-
05-Aug-14,16.62,16.62,16.62,16.62,9.56,-
06-Aug-14,16.66,16.66,16.66,16.66,9.58,-
07-Aug-14,16.55,16.55,16.55,16.55,9.52,-
08-Aug-14,16.73,16.73,16.73,16.73,9.62,-
11-Aug-14,16.84,16.84,16.84,16.84,9.69,-
12-Aug-14,16.76,16.76,16.76,16.76,9.64,-
13-Aug-14,16.87,16.87,16.87,16.87,9.7,-
14-Aug-14,16.92,16.92,16.92,16.92,9.73,-
15-Aug-14,16.9,16.9,16.9,16.9,9.72,-
18-Aug-14,17.1,17.1,17.1,17.1,9.84,-
19-Aug-14,17.17,17.17,17.17,17.17,9.88,-
20-Aug-14,17.16,17.16,17.16,17.16,9.87,-
21-Aug-14,17.23,17.23,17.23,17.23,9.91,-
22-Aug-14,17.22,17.22,17.22,17.22,9.91,-
25-Aug-14,17.28,17.28,17.28,17.28,9.94,-
26-Aug-14,17.35,17.35,17.35,17.35,9.98,-
27-Aug-14,17.35,17.35,17.35,17.35,9.98,-
28-Aug-14,17.28,17.28,17.28,17.28,9.94,-
29-Aug-14,17.37,17.37,17.37,17.37,9.99,-
02-Sep-14,17.42,17.42,17.42,17.42,10.02,-
03-Sep-14,17.37,17.37,17.37,17.37,9.99,-
04-Sep-14,17.32,17.32,17.32,17.32,9.96,-
05-Sep-14,17.37,17.37,17.37,17.37,9.99,-
08-Sep-14,17.37,17.37,17.37,17.37,9.99,-
09-Sep-14,17.18,17.18,17.18,17.18,9.88,-
10-Sep-14,17.24,17.24,17.24,17.24,9.92,-
11-Sep-14,17.24,17.24,17.24,17.24,9.92,-
12-Sep-14,17.2,17.2,17.2,17.2,9.89,-
15-Sep-14,17.11,17.11,17.11,17.11,9.84,-
16-Sep-14,17.2,17.2,17.2,17.2,9.89,-
17-Sep-14,17.23,17.23,17.23,17.23,9.91,-
18-Sep-14,17.31,17.31,17.31,17.31,9.96,-
19-Sep-14,17.19,17.19,17.19,17.19,9.89,-
22-Sep-14,16.98,16.98,16.98,16.98,9.77,-
23-Sep-14,16.83,16.83,16.83,16.83,9.68,-
24-Sep-14,16.94,16.94,16.94,16.94,9.74,-
25-Sep-14,16.67,16.67,16.67,16.67,9.59,-
26-Sep-14,16.81,16.81,16.81,16.81,9.67,-
29-Sep-14,16.76,16.76,16.76,16.76,9.64,-
30-Sep-14,16.61,16.61,16.61,16.61,9.55,-
01-Oct-14,16.34,16.34,16.34,16.34,9.4,-
02-Oct-14,16.41,16.41,16.41,16.41,9.44,-
03-Oct-14,16.56,16.56,16.56,16.56,9.53,-
06-Oct-14,16.48,16.48,16.48,16.48,9.48,-
07-Oct-14,16.21,16.21,16.21,16.21,9.32,-
08-Oct-14,16.48,16.48,16.48,16.48,9.48,-
09-Oct-14,16.05,16.05,16.05,16.05,9.23,-
10-Oct-14,15.84,15.84,15.84,15.84,9.11,-
13-Oct-14,15.66,15.66,15.66,15.66,9.01,-
14-Oct-14,15.75,15.75,15.75,15.75,9.06,-
15-Oct-14,15.76,15.76,15.76,15.76,9.07,-
16-Oct-14,15.9,15.9,15.9,15.9,9.15,-
17-Oct-14,15.97,15.97,15.97,15.97,9.19,-
20-Oct-14,16.12,16.12,16.12,16.12,9.27,-
21-Oct-14,16.44,16.44,16.44,16.44,9.46,-
22-Oct-14,16.24,16.24,16.24,16.24,9.34,-
23-Oct-14,16.48,16.48,16.48,16.48,9.48,-
24-Oct-14,16.54,16.54,16.54,16.54,9.51,-
27-Oct-14,16.49,16.49,16.49,16.49,9.49,-
28-Oct-14,16.87,16.87,16.87,16.87,9.7,-
29-Oct-14,16.86,16.86,16.86,16.86,9.7,-
30-Oct-14,16.93,16.93,16.93,16.93,9.74,-
31-Oct-14,17.19,17.19,17.19,17.19,9.89,-
03-Nov-14,17.15,17.15,17.15,17.15,9.86,-
04-Nov-14,17.07,17.07,17.07,17.07,9.82,-
05-Nov-14,17.17,17.17,17.17,17.17,9.88,-
06-Nov-14,17.26,17.26,17.26,17.26,9.93,-
07-Nov-14,17.28,17.28,17.28,17.28,9.94,-
10-Nov-14,17.31,17.31,17.31,17.31,9.96,-
11-Nov-14,17.32,17.32,17.32,17.32,9.96,-
12-Nov-14,17.39,17.39,17.39,17.39,10.0,-
13-Nov-14,17.29,17.29,17.29,17.29,9.95,-
14-Nov-14,17.3,17.3,17.3,17.3,9.95,-
17-Nov-14,17.23,17.23,17.23,17.23,9.91,-
18-Nov-14,17.31,17.31,17.31,17.31,9.96,-
19-Nov-14,17.21,17.21,17.21,17.21,9.9,-
20-Nov-14,17.35,17.35,17.35,17.35,9.98,-
21-Nov-14,17.4,17.4,17.4,17.4,10.01,-
24-Nov-14,17.53,17.53,17.53,17.53,10.08,-
25-Nov-14,17.52,17.52,17.52,17.52,10.08,-
26-Nov-14,17.54,17.54,17.54,17.54,10.09,-
28-Nov-14,17.54,17.54,17.54,17.54,10.09,-
01-Dec-14,17.09,17.09,17.09,17.09,9.83,-
02-Dec-14,17.26,17.26,17.26,17.26,9.93,-
03-Dec-14,17.41,17.41,17.41,17.41,10.01,-
04-Dec-14,17.34,17.34,17.34,17.34,9.97,-
05-Dec-14,17.43,17.43,17.43,17.43,10.03,-
08-Dec-14,17.21,17.21,17.21,17.21,9.9,-
09-Dec-14,17.35,17.35,17.35,17.35,9.98,-
10-Dec-14,16.99,16.99,16.99,16.99,9.77,-
11-Dec-14,17.05,17.05,17.05,17.05,9.81,-
12-Dec-14,16.78,16.78,16.78,16.78,9.65,-
15-Dec-14,16.65,16.65,16.65,16.65,9.58,-
16-Dec-14,16.6,16.6,16.6,16.6,9.55,-
17-Dec-14,17.01,17.01,17.01,17.01,9.78,-
18-Dec-14,17.31,17.31,17.31,17.31,9.96,-
19-Dec-14,17.4,17.4,17.4,17.4,10.01,-
22-Dec-14,17.47,17.47,17.47,17.47,10.05,-
23-Dec-14,17.57,17.57,17.57,17.57,10.11,-
24-Dec-14,17.59,17.59,17.59,17.59,10.12,-
26-Dec-14,17.66,17.66,17.66,17.66,10.16,-
29-Dec-14,17.72,17.72,17.72,17.72,10.19,-
30-Dec-14,16.96,16.96,16.96,16.96,10.16,-
31-Dec-14,16.82,16.82,16.82,16.82,10.08,-
02-Jan-15,16.75,16.75,16.75,16.75,10.04,-
05-Jan-15,16.41,16.41,16.41,16.41,9.83,-
06-Jan-15,16.15,16.15,16.15,16.15,9.68,-
07-Jan-15,16.32,16.32,16.32,16.32,9.78,-
08-Jan-15,16.62,16.62,16.62,16.62,9.96,-
09-Jan-15,16.46,16.46,16.46,16.46,9.86,-
12-Jan-15,16.32,16.32,16.32,16.32,9.78,-
13-Jan-15,16.31,16.31,16.31,16.31,9.77,-
14-Jan-15,16.2,16.2,16.2,16.2,9.71,-
15-Jan-15,15.98,15.98,15.98,15.98,9.58,-
16-Jan-15,16.24,16.24,16.24,16.24,9.73,-
20-Jan-15,16.18,16.18,16.18,16.18,9.7,-
21-Jan-15,16.22,16.22,16.22,16.22,9.72,-
22-Jan-15,16.54,16.54,16.54,16.54,9.91,-
23-Jan-15,16.46,16.46,16.46,16.46,9.86,-
26-Jan-15,16.57,16.57,16.57,16.57,9.93,-
27-Jan-15,16.44,16.44,16.44,16.44,9.85,-
28-Jan-15,16.15,16.15,16.15,16.15,9.68,-
29-Jan-15,16.31,16.31,16.31,16.31,9.77,-
30-Jan-15,16.04,16.04,16.04,16.04,9.61,-
02-Feb-15,16.27,16.27,16.27,16.27,9.75,-
03-Feb-15,16.59,16.59,16.59,16.59,9.94,-
04-Feb-15,16.53,16.53,16.53,16.53,9.91,-
05-Feb-15,16.73,16.73,16.73,16.73,10.03,-
06-Feb-15,16.75,16.75,16.75,16.75,10.04,-
09-Feb-15,16.66,16.66,16.66,16.66,9.98,-
10-Feb-15,16.76,16.76,16.76,16.76,10.04,-
11-Feb-15,16.75,16.75,16.75,16.75,10.04,-
12-Feb-15,16.94,16.94,16.94,16.94,10.15,-
13-Feb-15,17.05,17.05,17.05,17.05,10.22,-
17-Feb-15,17.06,17.06,17.06,17.06,10.22,-
18-Feb-15,17.03,17.03,17.03,17.03,10.21,-
19-Feb-15,17.03,17.03,17.03,17.03,10.21,-
20-Feb-15,17.09,17.09,17.09,17.09,10.24,-
23-Feb-15,17.05,17.05,17.05,17.05,10.22,-
24-Feb-15,17.14,17.14,17.14,17.14,10.27,-
25-Feb-15,17.12,17.12,17.12,17.12,10.26,-
26-Feb-15,17.13,17.13,17.13,17.13,10.27,-
27-Feb-15,17.06,17.06,17.06,17.06,10.22,-
02-Mar-15,17.17,17.17,17.17,17.17,10.29,-
03-Mar-15,17.07,17.07,17.07,17.07,10.23,-
04-Mar-15,17.0,17.0,17.0,17.0,10.19,-
05-Mar-15,17.01,17.01,17.01,17.01,10.19,-
06-Mar-15,16.82,16.82,16.82,16.82,10.08,-
09-Mar-15,16.89,16.89,16.89,16.89,10.12,-
10-Mar-15,16.61,16.61,16.61,16.61,9.95,-
11-Mar-15,16.68,16.68,16.68,16.68,10.0,-
12-Mar-15,16.93,16.93,16.93,16.93,10.15,-
13-Mar-15,16.86,16.86,16.86,16.86,10.1,-
16-Mar-15,17.0,17.0,17.0,17.0,10.19,-
17-Mar-15,16.99,16.99,16.99,16.99,10.18,-
18-Mar-15,17.16,17.16,17.16,17.16,10.28,-
19-Mar-15,17.09,17.09,17.09,17.09,10.24,-
20-Mar-15,17.26,17.26,17.26,17.26,10.34,-
23-Mar-15,17.26,17.26,17.26,17.26,10.34,-
24-Mar-15,17.21,17.21,17.21,17.21,10.31,-
25-Mar-15,16.93,16.93,16.93,16.93,10.15,-
26-Mar-15,16.89,16.89,16.89,16.89,10.12,-
27-Mar-15,16.95,16.95,16.95,16.95,10.16,-
30-Mar-15,17.17,17.17,17.17,17.17,10.29,-
31-Mar-15,17.09,17.09,17.09,17.09,10.24,-
01-Apr-15,17.07,17.07,17.07,17.07,10.23,-
02-Apr-15,17.14,17.14,17.14,17.14,10.27,-
06-Apr-15,17.22,17.22,17.22,17.22,10.32,-
07-Apr-15,17.16,17.16,17.16,17.16,10.28,-
08-Apr-15,17.23,17.23,17.23,17.23,10.33,-
09-Apr-15,17.26,17.26,17.26,17.26,10.34,-
10-Apr-15,17.34,17.34,17.34,17.34,10.39,-
13-Apr-15,17.3,17.3,17.3,17.3,10.37,-
14-Apr-15,17.32,17.32,17.32,17.32,10.38,-
15-Apr-15,17.46,17.46,17.46,17.46,10.46,-
16-Apr-15,17.41,17.41,17.41,17.41,10.43,-
17-Apr-15,17.16,17.16,17.16,17.16,10.28,-
20-Apr-15,17.33,17.33,17.33,17.33,10.39,-
21-Apr-15,17.28,17.28,17.28,17.28,10.36,-
22-Apr-15,17.34,17.34,17.34,17.34,10.39,-
23-Apr-15,17.39,17.39,17.39,17.39,10.42,-
24-Apr-15,17.37,17.37,17.37,17.37,10.41,-
27-Apr-15,17.26,17.26,17.26,17.26,10.34,-
28-Apr-15,17.38,17.38,17.38,17.38,10.42,-
29-Apr-15,17.27,17.27,17.27,17.27,10.35,-
30-Apr-15,17.04,17.04,17.04,17.04,10.21,-
01-May-15,17.18,17.18,17.18,17.18,10.3,-
04-May-15,17.23,17.23,17.23,17.23,10.33,-
05-May-15,17.04,17.04,17.04,17.04,10.21,-
06-May-15,17.03,17.03,17.03,17.03,10.21,-
07-May-15,17.09,17.09,17.09,17.09,10.24,-
08-May-15,17.25,17.25,17.25,17.25,10.34,-
11-May-15,17.22,17.22,17.22,17.22,10.32,-
12-May-15,17.17,17.17,17.17,17.17,10.29,-
13-May-15,17.18,17.18,17.18,17.18,10.3,-
14-May-15,17.33,17.33,17.33,17.33,10.39,-
15-May-15,17.31,17.31,17.31,17.31,10.37,-
18-May-15,17.44,17.44,17.44,17.44,10.45,-
19-May-15,17.41,17.41,17.41,17.41,10.43,-
20-May-15,17.42,17.42,17.42,17.42,10.44,-
21-May-15,17.45,17.45,17.45,17.45,10.46,-
22-May-15,17.39,17.39,17.39,17.39,10.42,-
26-May-15,17.2,17.2,17.2,17.2,10.31,-
27-May-15,17.36,17.36,17.36,17.36,10.4,-
28-May-15,17.36,17.36,17.36,17.36,10.4,-
29-May-15,17.26,17.26,17.26,17.26,10.34,-
01-Jun-15,17.28,17.28,17.28,17.28,10.36,-
02-Jun-15,17.32,17.32,17.32,17.32,10.38,-
03-Jun-15,17.45,17.45,17.45,17.45,10.46,-
04-Jun-15,17.28,17.28,17.28,17.28,10.36,-
05-Jun-15,17.36,17.36,17.36,17.36,10.4,-
08-Jun-15,17.36,17.36,17.36,17.36,10.4,-
09-Jun-15,17.23,17.23,17.23,17.23,10.33,-
10-Jun-15,17.46,17.46,17.46,17.46,10.46,-
11-Jun-15,17.5,17.5,17.5,17.5,10.49,-
12-Jun-15,17.42,17.42,17.42,17.42,10.44,-
15-Jun-15,17.34,17.34,17.34,17.34,10.39,-
16-Jun-15,17.45,17.45,17.45,17.45,10.46,-
17-Jun-15,17.42,17.42,17.42,17.42,10.44,-
18-Jun-15,17.42,17.42,17.42,17.42,10.44,-
19-Jun-15,17.54,17.54,17.54,17.54,10.51,-
22-Jun-15,17.65,17.65,17.65,17.65,10.58,-
23-Jun-15,17.72,17.72,17.72,17.72,10.62,-
24-Jun-15,17.57,17.57,17.57,17.57,10.53,-
25-Jun-15,17.54,17.54,17.54,17.54,10.51,-
26-Jun-15,17.53,17.53,17.53,17.53,10.5,-
29-Jun-15,17.14,17.14,17.14,17.14,10.27,-
30-Jun-15,17.19,17.19,17.19,17.19,10.3,-
01-Jul-15,17.26,17.26,17.26,17.26,10.34,-
02-Jul-15,17.19,17.19,17.19,17.19,10.3,-
06-Jul-15,17.11,17.11,17.11,17.11,10.25,-
07-Jul-15,17.14,17.14,17.14,17.14,10.27,-
08-Jul-15,16.86,16.86,16.86,16.86,10.1,-
09-Jul-15,16.91,16.91,16.91,16.91,10.13,-
10-Jul-15,17.12,17.12,17.12,17.12,10.26,-
13-Jul-15,17.28,17.28,17.28,17.28,10.36,-
14-Jul-15,17.37,17.37,17.37,17.37,10.41,-
15-Jul-15,17.26,17.26,17.26,17.26,10.34,-
16-Jul-15,17.35,17.35,17.35,17.35,10.4,-
17-Jul-15,17.27,17.27,17.27,17.27,10.35,-
20-Jul-15,17.19,17.19,17.19,17.19,10.3,-
21-Jul-15,17.13,17.13,17.13,17.13,10.27,-
22-Jul-15,17.14,17.14,17.14,17.14,10.27,-
23-Jul-15,16.98,16.98,16.98,16.98,10.18,-
24-Jul-15,16.77,16.77,16.77,16.77,10.05,-
27-Jul-15,16.63,16.63,16.63,16.63,9.97,-
28-Jul-15,16.81,16.81,16.81,16.81,10.07,-
29-Jul-15,16.95,16.95,16.95,16.95,10.16,-
30-Jul-15,16.97,16.97,16.97,16.97,10.17,-
31-Jul-15,16.96,16.96,16.96,16.96,10.16,-
03-Aug-15,16.87,16.87,16.87,16.87,10.11,-
04-Aug-15,16.86,16.86,16.86,16.86,10.1,-
05-Aug-15,16.9,16.9,16.9,16.9,10.13,-
06-Aug-15,16.8,16.8,16.8,16.8,10.07,-
07-Aug-15,16.7,16.7,16.7,16.7,10.01,-
10-Aug-15,16.97,16.97,16.97,16.97,10.17,-
11-Aug-15,16.82,16.82,16.82,16.82,10.08,-
12-Aug-15,16.8,16.8,16.8,16.8,10.07,-
13-Aug-15,16.76,16.76,16.76,16.76,10.04,-
14-Aug-15,16.86,16.86,16.86,16.86,10.1,-
17-Aug-15,16.96,16.96,16.96,16.96,10.16,-
18-Aug-15,16.88,16.88,16.88,16.88,10.12,-
19-Aug-15,16.71,16.71,16.71,16.71,10.01,-
20-Aug-15,16.33,16.33,16.33,16.33,9.79,-
21-Aug-15,15.98,15.98,15.98,15.98,9.58,-
24-Aug-15,15.35,15.35,15.35,15.35,9.2,-
25-Aug-15,15.19,15.19,15.19,15.19,9.1,-
26-Aug-15,15.64,15.64,15.64,15.64,9.37,-
27-Aug-15,16.0,16.0,16.0,16.0,9.59,-
28-Aug-15,16.09,16.09,16.09,16.09,9.64,-
31-Aug-15,16.08,16.08,16.08,16.08,9.64,-
01-Sep-15,15.62,15.62,15.62,15.62,9.36,-
02-Sep-15,15.86,15.86,15.86,15.86,9.5,-
03-Sep-15,15.9,15.9,15.9,15.9,9.53,-
04-Sep-15,15.72,15.72,15.72,15.72,9.42,-
08-Sep-15,16.06,16.06,16.06,16.06,9.62,-
09-Sep-15,15.88,15.88,15.88,15.88,9.52,-
10-Sep-15,15.93,15.93,15.93,15.93,9.55,-
11-Sep-15,15.96,15.96,15.96,15.96,9.56,-
14-Sep-15,15.89,15.89,15.89,15.89,9.52,-
15-Sep-15,16.09,16.09,16.09,16.09,9.64,-
16-Sep-15,16.24,16.24,16.24,16.24,9.73,-
17-Sep-15,16.22,16.22,16.22,16.22,9.72,-
18-Sep-15,15.92,15.92,15.92,15.92,9.54,-
21-Sep-15,15.98,15.98,15.98,15.98,9.58,-
22-Sep-15,15.76,15.76,15.76,15.76,9.44,-
23-Sep-15,15.72,15.72,15.72,15.72,9.42,-
24-Sep-15,15.69,15.69,15.69,15.69,9.4,-
25-Sep-15,15.64,15.64,15.64,15.64,9.37,-
28-Sep-15,15.24,15.24,15.24,15.24,9.13,-
29-Sep-15,15.23,15.23,15.23,15.23,9.13,-
30-Sep-15,15.48,15.48,15.48,15.48,9.28,-
01-Oct-15,15.47,15.47,15.47,15.47,9.27,-
02-Oct-15,15.68,15.68,15.68,15.68,9.4,-
05-Oct-15,16.07,16.07,16.07,16.07,9.63,-
06-Oct-15,16.04,16.04,16.04,16.04,9.61,-
07-Oct-15,16.25,16.25,16.25,16.25,9.74,-
08-Oct-15,16.45,16.45,16.45,16.45,9.86,-
09-Oct-15,16.44,16.44,16.44,16.44,9.85,-
12-Oct-15,16.43,16.43,16.43,16.43,9.85,-
13-Oct-15,16.29,16.29,16.29,16.29,9.76,-
14-Oct-15,16.17,16.17,16.17,16.17,9.69,-
15-Oct-15,16.44,16.44,16.44,16.44,9.85,-
16-Oct-15,16.45,16.45,16.45,16.45,9.86,-
19-Oct-15,16.43,16.43,16.43,16.43,9.85,-
20-Oct-15,16.47,16.47,16.47,16.47,9.87,-
21-Oct-15,16.26,16.26,16.26,16.26,9.74,-
22-Oct-15,16.46,16.46,16.46,16.46,9.86,-
23-Oct-15,16.6,16.6,16.6,16.6,9.95,-
26-Oct-15,16.51,16.51,16.51,16.51,9.89,-
27-Oct-15,16.32,16.32,16.32,16.32,9.78,-
28-Oct-15,16.69,16.69,16.69,16.69,10.0,-
29-Oct-15,16.6,16.6,16.6,16.6,9.95,-
30-Oct-15,16.53,16.53,16.53,16.53,9.91,-
02-Nov-15,16.79,16.79,16.79,16.79,10.06,-
03-Nov-15,16.86,16.86,16.86,16.86,10.1,-
04-Nov-15,16.79,16.79,16.79,16.79,10.06,-
05-Nov-15,16.81,16.81,16.81,16.81,10.07,-
06-Nov-15,16.91,16.91,16.91,16.91,10.13,-
09-Nov-15,16.91,16.91,16.91,16.91,10.13,-
10-Nov-15,16.75,16.75,16.75,16.75,10.04,-
11-Nov-15,16.64,16.64,16.64,16.64,9.97,-
12-Nov-15,16.34,16.34,16.34,16.34,9.79,-
13-Nov-15,16.2,16.2,16.2,16.2,9.71,-
16-Nov-15,16.4,16.4,16.4,16.4,9.83,-
17-Nov-15,16.36,16.36,16.36,16.36,9.8,-
18-Nov-15,16.63,16.63,16.63,16.63,9.97,-
19-Nov-15,16.56,16.56,16.56,16.56,9.92,-
20-Nov-15,16.65,16.65,16.65,16.65,9.98,-
23-Nov-15,16.68,16.68,16.68,16.68,10.0,-
24-Nov-15,16.77,16.77,16.77,16.77,10.05,-
25-Nov-15,16.82,16.82,16.82,16.82,10.08,-
27-Nov-15,16.86,16.86,16.86,16.86,10.1,-
30-Nov-15,16.81,16.81,16.81,16.81,10.07,-
01-Dec-15,16.95,16.95,16.95,16.95,10.16,-
02-Dec-15,16.76,16.76,16.76,16.76,10.04,-
03-Dec-15,16.5,16.5,16.5,16.5,9.89,-
04-Dec-15,16.72,16.72,16.72,16.72,10.02,-
07-Dec-15,16.5,16.5,16.5,16.5,9.89,-
08-Dec-15,16.35,16.35,16.35,16.35,9.8,-
09-Dec-15,16.21,16.21,16.21,16.21,9.71,-
10-Dec-15,16.25,16.25,16.25,16.25,9.74,-
11-Dec-15,15.91,15.91,15.91,15.91,9.53,-
14-Dec-15,15.87,15.87,15.87,15.87,9.51,-
15-Dec-15,16.08,16.08,16.08,16.08,9.64,-
16-Dec-15,16.28,16.28,16.28,16.28,9.76,-
17-Dec-15,16.06,16.06,16.06,16.06,9.62,-
18-Dec-15,15.82,15.82,15.82,15.82,9.48,-
21-Dec-15,15.93,15.93,15.93,15.93,9.55,-
22-Dec-15,16.1,16.1,16.1,16.1,9.65,-
23-Dec-15,16.33,16.33,16.33,16.33,9.79,-
24-Dec-15,16.33,16.33,16.33,16.33,9.79,-
28-Dec-15,16.23,16.23,16.23,16.23,9.73,-
29-Dec-15,16.4,16.4,16.4,16.4,9.83,-
30-Dec-15,14.99,14.99,14.99,14.99,9.73,-
31-Dec-15,14.85,14.85,14.85,14.85,9.64,-
04-Jan-16,14.58,14.58,14.58,14.58,9.47,-
05-Jan-16,14.59,14.59,14.59,14.59,9.47,-
06-Jan-16,14.38,14.38,14.38,14.38,9.34,-
07-Jan-16,14.02,14.02,14.02,14.02,9.1,-
08-Jan-16,13.81,13.81,13.81,13.81,8.97,-
11-Jan-16,13.8,13.8,13.8,13.8,8.96,-
12-Jan-16,13.86,13.86,13.86,13.86,9.0,-
13-Jan-16,13.47,13.47,13.47,13.47,8.75,-
14-Jan-16,13.69,13.69,13.69,13.69,8.89,-
15-Jan-16,13.42,13.42,13.42,13.42,8.71,-
19-Jan-16,13.31,13.31,13.31,13.31,8.64,-
20-Jan-16,13.25,13.25,13.25,13.25,8.6,-
21-Jan-16,13.28,13.28,13.28,13.28,8.62,-
22-Jan-16,13.55,13.55,13.55,13.55,8.8,-
25-Jan-16,13.25,13.25,13.25,13.25,8.6,-
26-Jan-16,13.53,13.53,13.53,13.53,8.78,-
27-Jan-16,13.4,13.4,13.4,13.4,8.7,-
28-Jan-16,13.46,13.46,13.46,13.46,8.74,-
29-Jan-16,13.87,13.87,13.87,13.87,9.01,-
01-Feb-16,13.82,13.82,13.82,13.82,8.97,-
02-Feb-16,13.51,13.51,13.51,13.51,8.77,-
03-Feb-16,13.58,13.58,13.58,13.58,8.82,-
04-Feb-16,13.64,13.64,13.64,13.64,8.86,-
05-Feb-16,13.37,13.37,13.37,13.37,8.68,-
08-Feb-16,13.22,13.22,13.22,13.22,8.58,-
09-Feb-16,13.16,13.16,13.16,13.16,8.54,-
10-Feb-16,13.14,13.14,13.14,13.14,8.53,-
11-Feb-16,12.97,12.97,12.97,12.97,8.42,-
12-Feb-16,13.26,13.26,13.26,13.26,8.61,-
16-Feb-16,13.52,13.52,13.52,13.52,8.78,-
17-Feb-16,13.71,13.71,13.71,13.71,8.9,-
18-Feb-16,13.66,13.66,13.66,13.66,8.87,-
19-Feb-16,13.68,13.68,13.68,13.68,8.88,-
22-Feb-16,13.87,13.87,13.87,13.87,9.01,-
23-Feb-16,13.72,13.72,13.72,13.72,8.91,-
24-Feb-16,13.82,13.82,13.82,13.82,8.97,-
25-Feb-16,13.96,13.96,13.96,13.96,9.06,-
26-Feb-16,14.01,14.01,14.01,14.01,9.1,-
29-Feb-16,13.95,13.95,13.95,13.95,9.06,-
01-Mar-16,14.25,14.25,14.25,14.25,9.25,-
02-Mar-16,14.37,14.37,14.37,14.37,9.33,-
03-Mar-16,14.52,14.52,14.52,14.52,9.43,-
04-Mar-16,14.59,14.59,14.59,14.59,9.47,-
07-Mar-16,14.71,14.71,14.71,14.71,9.55,-
08-Mar-16,14.42,14.42,14.42,14.42,9.36,-
09-Mar-16,14.51,14.51,14.51,14.51,9.42,-
10-Mar-16,14.46,14.46,14.46,14.46,9.39,-
11-Mar-16,14.75,14.75,14.75,14.75,9.58,-
14-Mar-16,14.68,14.68,14.68,14.68,9.53,-
15-Mar-16,14.56,14.56,14.56,14.56,9.45,-
16-Mar-16,14.68,14.68,14.68,14.68,9.53,-
17-Mar-16,14.86,14.86,14.86,14.86,9.65,-
18-Mar-16,14.97,14.97,14.97,14.97,9.72,-
21-Mar-16,14.94,14.94,14.94,14.94,9.7,-
22-Mar-16,14.91,14.91,14.91,14.91,9.68,-
23-Mar-16,14.69,14.69,14.69,14.69,9.54,-
24-Mar-16,14.72,14.72,14.72,14.72,9.56,-
28-Mar-16,14.73,14.73,14.73,14.73,9.56,-
29-Mar-16,14.96,14.96,14.96,14.96,9.71,-
30-Mar-16,15.01,15.01,15.01,15.01,9.75,-
31-Mar-16,15.0,15.0,15.0,15.0,9.74,-
01-Apr-16,15.04,15.04,15.04,15.04,9.77,-
04-Apr-16,14.9,14.9,14.9,14.9,9.67,-
05-Apr-16,14.74,14.74,14.74,14.74,9.57,-
06-Apr-16,14.87,14.87,14.87,14.87,9.66,-
07-Apr-16,14.66,14.66,14.66,14.66,9.52,-
08-Apr-16,14.75,14.75,14.75,14.75,9.58,-
11-Apr-16,14.72,14.72,14.72,14.72,9.56,-
12-Apr-16,14.89,14.89,14.89,14.89,9.67,-
13-Apr-16,15.16,15.16,15.16,15.16,9.84,-
14-Apr-16,15.15,15.15,15.15,15.15,9.84,-
15-Apr-16,15.14,15.14,15.14,15.14,9.83,-
18-Apr-16,15.24,15.24,15.24,15.24,9.9,-
19-Apr-16,15.33,15.33,15.33,15.33,9.95,-
20-Apr-16,15.39,15.39,15.39,15.39,9.99,-
21-Apr-16,15.28,15.28,15.28,15.28,9.92,-
22-Apr-16,15.4,15.4,15.4,15.4,10.0,-
25-Apr-16,15.29,15.29,15.29,15.29,9.93,-
26-Apr-16,15.45,15.45,15.45,15.45,10.03,-
27-Apr-16,15.52,15.52,15.52,15.52,10.08,-
28-Apr-16,15.34,15.34,15.34,15.34,9.96,-
29-Apr-16,15.24,15.24,15.24,15.24,9.9,-
02-May-16,15.34,15.34,15.34,15.34,9.96,-
03-May-16,15.13,15.13,15.13,15.13,9.82,-
04-May-16,15.01,15.01,15.01,15.01,9.75,-
05-May-16,14.95,14.95,14.95,14.95,9.71,-
06-May-16,15.04,15.04,15.04,15.04,9.77,-
09-May-16,15.0,15.0,15.0,15.0,9.74,-
10-May-16,15.19,15.19,15.19,15.19,9.86,-
11-May-16,15.05,15.05,15.05,15.05,9.77,-
12-May-16,15.0,15.0,15.0,15.0,9.74,-
13-May-16,14.87,14.87,14.87,14.87,9.66,-
16-May-16,15.01,15.01,15.01,15.01,9.75,-
17-May-16,14.85,14.85,14.85,14.85,9.64,-
18-May-16,14.91,14.91,14.91,14.91,9.68,-
19-May-16,14.82,14.82,14.82,14.82,9.62,-
20-May-16,14.99,14.99,14.99,14.99,9.73,-
23-May-16,14.96,14.96,14.96,14.96,9.71,-
24-May-16,15.21,15.21,15.21,15.21,9.88,-
25-May-16,15.32,15.32,15.32,15.32,9.95,-
26-May-16,15.29,15.29,15.29,15.29,9.93,-
27-May-16,15.39,15.39,15.39,15.39,9.99,-
31-May-16,15.41,15.41,15.41,15.41,10.01,-
01-Jun-16,15.47,15.47,15.47,15.47,10.04,-
02-Jun-16,15.52,15.52,15.52,15.52,10.08,-
03-Jun-16,15.44,15.44,15.44,15.44,10.03,-
06-Jun-16,15.6,15.6,15.6,15.6,10.13,-
07-Jun-16,15.65,15.65,15.65,15.65,10.16,-
08-Jun-16,15.74,15.74,15.74,15.74,10.22,-
09-Jun-16,15.66,15.66,15.66,15.66,10.17,-
10-Jun-16,15.45,15.45,15.45,15.45,10.03,-
13-Jun-16,15.29,15.29,15.29,15.29,9.93,-
14-Jun-16,15.24,15.24,15.24,15.24,9.9,-
15-Jun-16,15.23,15.23,15.23,15.23,9.89,-
16-Jun-16,15.23,15.23,15.23,15.23,9.89,-
17-Jun-16,15.23,15.23,15.23,15.23,9.89,-
20-Jun-16,15.38,15.38,15.38,15.38,9.99,-
21-Jun-16,15.38,15.38,15.38,15.38,9.99,-
22-Jun-16,15.33,15.33,15.33,15.33,9.95,-
23-Jun-16,15.61,15.61,15.61,15.61,10.14,-
24-Jun-16,14.96,14.96,14.96,14.96,9.71,-
27-Jun-16,14.53,14.53,14.53,14.53,9.43,-
28-Jun-16,14.77,14.77,14.77,14.77,9.59,-
29-Jun-16,15.07,15.07,15.07,15.07,9.78,-
30-Jun-16,15.34,15.34,15.34,15.34,9.96,-
01-Jul-16,15.39,15.39,15.39,15.39,9.99,-
05-Jul-16,15.17,15.17,15.17,15.17,9.85,-
06-Jul-16,15.26,15.26,15.26,15.26,9.91,-
07-Jul-16,15.28,15.28,15.28,15.28,9.92,-
08-Jul-16,15.6,15.6,15.6,15.6,10.13,-
11-Jul-16,15.71,15.71,15.71,15.71,10.2,-
12-Jul-16,15.92,15.92,15.92,15.92,10.34,-
13-Jul-16,15.91,15.91,15.91,15.91,10.33,-
14-Jul-16,15.97,15.97,15.97,15.97,10.37,-
15-Jul-16,15.98,15.98,15.98,15.98,10.38,-
18-Jul-16,16.0,16.0,16.0,16.0,10.39,-
19-Jul-16,15.92,15.92,15.92,15.92,10.34,-
20-Jul-16,16.0,16.0,16.0,16.0,10.39,-
21-Jul-16,15.92,15.92,15.92,15.92,10.34,-
22-Jul-16,16.01,16.01,16.01,16.01,10.4,-
25-Jul-16,15.94,15.94,15.94,15.94,10.35,-
26-Jul-16,16.02,16.02,16.02,16.02,10.4,-
27-Jul-16,16.01,16.01,16.01,16.01,10.4,-
28-Jul-16,15.98,15.98,15.98,15.98,10.38,-
29-Jul-16,15.99,15.99,15.99,15.99,10.38,-
01-Aug-16,15.92,15.92,15.92,15.92,10.34,-
02-Aug-16,15.75,15.75,15.75,15.75,10.23,-
03-Aug-16,15.87,15.87,15.87,15.87,10.3,-
04-Aug-16,15.87,15.87,15.87,15.87,10.3,-
05-Aug-16,16.08,16.08,16.08,16.08,10.44,-
08-Aug-16,16.09,16.09,16.09,16.09,10.45,-
09-Aug-16,16.08,16.08,16.08,16.08,10.44,-
10-Aug-16,16.0,16.0,16.0,16.0,10.39,-
11-Aug-16,16.09,16.09,16.09,16.09,10.45,-
12-Aug-16,16.06,16.06,16.06,16.06,10.43,-
15-Aug-16,16.19,16.19,16.19,16.19,10.51,-
16-Aug-16,16.11,16.11,16.11,16.11,10.46,-
17-Aug-16,16.09,16.09,16.09,16.09,10.45,-
18-Aug-16,16.19,16.19,16.19,16.19,10.51,-
19-Aug-16,16.18,16.18,16.18,16.18,10.51,-
22-Aug-16,16.17,16.17,16.17,16.17,10.5,-
23-Aug-16,16.25,16.25,16.25,16.25,10.55,-
24-Aug-16,16.16,16.16,16.16,16.16,10.49,-
25-Aug-16,16.18,16.18,16.18,16.18,10.51,-
26-Aug-16,16.14,16.14,16.14,16.14,10.48,-
29-Aug-16,16.24,16.24,16.24,16.24,10.54,-
30-Aug-16,16.25,16.25,16.25,16.25,10.55,-
31-Aug-16,16.18,16.18,16.18,16.18,10.51,-
01-Sep-16,16.18,16.18,16.18,16.18,10.51,-
02-Sep-16,16.3,16.3,16.3,16.3,10.58,-
06-Sep-16,16.31,16.31,16.31,16.31,10.59,-
07-Sep-16,16.38,16.38,16.38,16.38,10.64,-
08-Sep-16,16.36,16.36,16.36,16.36,10.62,-
09-Sep-16,15.92,15.92,15.92,15.92,10.34,-
12-Sep-16,16.12,16.12,16.12,16.12,10.47,-
13-Sep-16,16.12,16.12,16.12,16.12,10.47,-
14-Sep-16,15.77,15.77,15.77,15.77,10.24,-
15-Sep-16,15.95,15.95,15.95,15.95,10.36,-
16-Sep-16,15.89,15.89,15.89,15.89,10.32,-
19-Sep-16,15.95,15.95,15.95,15.95,10.36,-
20-Sep-16,15.89,15.89,15.89,15.89,10.32,-
21-Sep-16,16.11,16.11,16.11,16.11,10.46,-
22-Sep-16,16.29,16.29,16.29,16.29,10.58,-
23-Sep-16,16.17,16.17,16.17,16.17,10.5,-
26-Sep-16,16.0,16.0,16.0,16.0,10.39,-
27-Sep-16,16.08,16.08,16.08,16.08,10.44,-
28-Sep-16,16.25,16.25,16.25,16.25,10.55,-
29-Sep-16,16.06,16.06,16.06,16.06,10.43,-
30-Sep-16,16.28,16.28,16.28,16.28,10.57,-
03-Oct-16,16.22,16.22,16.22,16.22,10.53,-
04-Oct-16,16.17,16.17,16.17,16.17,10.5,-
05-Oct-16,16.33,16.33,16.33,16.33,10.6,-
06-Oct-16,16.33,16.33,16.33,16.33,10.6,-
07-Oct-16,16.23,16.23,16.23,16.23,10.54,-
10-Oct-16,16.36,16.36,16.36,16.36,10.62,-
11-Oct-16,16.12,16.12,16.12,16.12,10.47,-
12-Oct-16,16.14,16.14,16.14,16.14,10.48,-
13-Oct-16,16.0,16.0,16.0,16.0,10.39,-
14-Oct-16,16.0,16.0,16.0,16.0,10.39,-
17-Oct-16,15.96,15.96,15.96,15.96,10.36,-
18-Oct-16,16.04,16.04,16.04,16.04,10.41,-
19-Oct-16,16.12,16.12,16.12,16.12,10.47,-
20-Oct-16,16.07,16.07,16.07,16.07,10.43,-
21-Oct-16,16.04,16.04,16.04,16.04,10.41,-
24-Oct-16,16.04,16.04,16.04,16.04,10.41,-
25-Oct-16,16.01,16.01,16.01,16.01,10.4,-
26-Oct-16,15.95,15.95,15.95,15.95,10.36,-
27-Oct-16,15.85,15.85,15.85,15.85,10.29,-
28-Oct-16,15.81,15.81,15.81,15.81,10.27,-
31-Oct-16,15.84,15.84,15.84,15.84,10.28,-
01-Nov-16,15.71,15.71,15.71,15.71,10.2,-
02-Nov-16,15.59,15.59,15.59,15.59,10.12,-
03-Nov-16,15.55,15.55,15.55,15.55,10.1,-
04-Nov-16,15.57,15.57,15.57,15.57,10.11,-
07-Nov-16,15.92,15.92,15.92,15.92,10.34,-
08-Nov-16,15.96,15.96,15.96,15.96,10.36,-
09-Nov-16,16.39,16.39,16.39,16.39,10.64,-
10-Nov-16,16.63,16.63,16.63,16.63,10.8,-
11-Nov-16,16.85,16.85,16.85,16.85,10.94,-
14-Nov-16,17.03,17.03,17.03,17.03,11.06,-
15-Nov-16,17.14,17.14,17.14,17.14,11.13,-
16-Nov-16,17.11,17.11,17.11,17.11,11.11,-
17-Nov-16,17.2,17.2,17.2,17.2,11.17,-
18-Nov-16,17.24,17.24,17.24,17.24,11.19,-
21-Nov-16,17.35,17.35,17.35,17.35,11.27,-
22-Nov-16,17.48,17.48,17.48,17.48,11.35,-
23-Nov-16,17.56,17.56,17.56,17.56,11.4,-
25-Nov-16,17.62,17.62,17.62,17.62,11.44,-
28-Nov-16,17.44,17.44,17.44,17.44,11.32,-
29-Nov-16,17.44,17.44,17.44,17.44,11.32,-
30-Nov-16,17.49,17.49,17.49,17.49,11.36,-
01-Dec-16,17.49,17.49,17.49,17.49,11.36,-
02-Dec-16,17.48,17.48,17.48,17.48,11.35,-
05-Dec-16,17.7,17.7,17.7,17.7,11.49,-
06-Dec-16,17.85,17.85,17.85,17.85,11.59,-
07-Dec-16,18.07,18.07,18.07,18.07,11.73,-
08-Dec-16,18.26,18.26,18.26,18.26,11.86,-
09-Dec-16,18.32,18.32,18.32,18.32,11.9,-
12-Dec-16,18.2,18.2,18.2,18.2,11.82,-
13-Dec-16,18.25,18.25,18.25,18.25,11.85,-
14-Dec-16,18.25,18.25,18.25,18.25,11.85,-
15-Dec-16,18.17,18.17,18.17,18.17,11.8,-
16-Dec-16,18.11,18.11,18.11,18.11,11.76,-
19-Dec-16,18.18,18.18,18.18,18.18,11.8,-
20-Dec-16,18.32,18.32,18.32,18.32,11.9,-
21-Dec-16,18.26,18.26,18.26,18.26,11.86,-
22-Dec-16,18.16,18.16,18.16,18.16,11.79,-
23-Dec-16,18.21,18.21,18.21,18.21,11.82,-
27-Dec-16,18.29,18.29,18.29,18.29,11.88,-
28-Dec-16,18.11,18.11,18.11,18.11,11.76,-
29-Dec-16,17.27,17.27,17.27,17.27,11.75,-
30-Dec-16,17.27,17.27,17.27,17.27,11.75,-
03-Jan-17,17.32,17.32,17.32,17.32,11.78,-
04-Jan-17,17.52,17.52,17.52,17.52,11.92,-
05-Jan-17,17.35,17.35,17.35,17.35,11.8,-
06-Jan-17,17.32,17.32,17.32,17.32,11.78,-
09-Jan-17,17.17,17.17,17.17,17.17,11.68,-
10-Jan-17,17.3,17.3,17.3,17.3,11.77,-
11-Jan-17,17.37,17.37,17.37,17.37,11.82,-
12-Jan-17,17.21,17.21,17.21,17.21,11.71,-
13-Jan-17,17.29,17.29,17.29,17.29,11.76,-
17-Jan-17,17.12,17.12,17.12,17.12,11.65,-
18-Jan-17,17.18,17.18,17.18,17.18,11.69,-
19-Jan-17,17.08,17.08,17.08,17.08,11.62,-
20-Jan-17,17.15,17.15,17.15,17.15,11.67,-
23-Jan-17,17.15,17.15,17.15,17.15,11.67,-
24-Jan-17,17.32,17.32,17.32,17.32,11.78,-
25-Jan-17,17.5,17.5,17.5,17.5,11.91,-
26-Jan-17,17.44,17.44,17.44,17.44,11.86,-
27-Jan-17,17.39,17.39,17.39,17.39,11.83,-
30-Jan-17,17.2,17.2,17.2,17.2,11.7,-
31-Jan-17,17.23,17.23,17.23,17.23,11.72,-
01-Feb-17,17.23,17.23,17.23,17.23,11.72,-
02-Feb-17,17.18,17.18,17.18,17.18,11.69,-
03-Feb-17,17.4,17.4,17.4,17.4,11.84,-
06-Feb-17,17.29,17.29,17.29,17.29,11.76,-
07-Feb-17,17.23,17.23,17.23,17.23,11.72,-
08-Feb-17,17.2,17.2,17.2,17.2,11.7,-
09-Feb-17,17.38,17.38,17.38,17.38,11.82,-
10-Feb-17,17.38,17.38,17.38,17.38,11.82,-
13-Feb-17,17.56,17.56,17.56,17.56,11.95,-
14-Feb-17,17.64,17.64,17.64,17.64,12.0,-
15-Feb-17,17.72,17.72,17.72,17.72,12.05,-
16-Feb-17,17.67,17.67,17.67,17.67,12.02,-
17-Feb-17,17.66,17.66,17.66,17.66,12.01,-
21-Feb-17,17.79,17.79,17.79,17.79,12.1,-
22-Feb-17,17.74,17.74,17.74,17.74,12.07,-
23-Feb-17,17.67,17.67,17.67,17.67,12.02,-
24-Feb-17,17.65,17.65,17.65,17.65,12.01,-
27-Feb-17,17.73,17.73,17.73,17.73,12.06,-
28-Feb-17,17.55,17.55,17.55,17.55,11.94,-
01-Mar-17,17.87,17.87,17.87,17.87,12.16,-
02-Mar-17,17.66,17.66,17.66,17.66,12.01,-
03-Mar-17,17.65,17.65,17.65,17.65,12.01,-
06-Mar-17,17.65,17.65,17.65,17.65,12.01,-
07-Mar-17,17.45,17.45,17.45,17.45,11.87,-
08-Mar-17,17.36,17.36,17.36,17.36,11.81,-
09-Mar-17,17.32,17.32,17.32,17.32,11.78,-
10-Mar-17,17.38,17.38,17.38,17.38,11.82,-
13-Mar-17,17.4,17.4,17.4,17.4,11.84,-
14-Mar-17,17.33,17.33,17.33,17.33,11.79,-
15-Mar-17,17.53,17.53,17.53,17.53,11.93,-
16-Mar-17,17.55,17.55,17.55,17.55,11.94,-
17-Mar-17,17.57,17.57,17.57,17.57,11.95,-
20-Mar-17,17.46,17.46,17.46,17.46,11.88,-
21-Mar-17,17.08,17.08,17.08,17.08,11.62,-
22-Mar-17,17.06,17.06,17.06,17.06,11.61,-
23-Mar-17,17.12,17.12,17.12,17.12,11.65,-
24-Mar-17,17.1,17.1,17.1,17.1,11.63,-
27-Mar-17,17.1,17.1,17.1,17.1,11.63,-
28-Mar-17,17.25,17.25,17.25,17.25,11.73,-
29-Mar-17,17.3,17.3,17.3,17.3,11.77,-
30-Mar-17,17.45,17.45,17.45,17.45,11.87,-
31-Mar-17,17.44,17.44,17.44,17.44,11.86,-
03-Apr-17,17.29,17.29,17.29,17.29,11.76,-
04-Apr-17,17.29,17.29,17.29,17.29,11.76,-
05-Apr-17,17.15,17.15,17.15,17.15,11.67,-
06-Apr-17,17.28,17.28,17.28,17.28,11.76,-
07-Apr-17,17.26,17.26,17.26,17.26,11.74,-
10-Apr-17,17.3,17.3,17.3,17.3,11.77,-
11-Apr-17,17.36,17.36,17.36,17.36,11.81,-
12-Apr-17,17.17,17.17,17.17,17.17,11.68,-
13-Apr-17,16.97,16.97,16.97,16.97,11.54,-
17-Apr-17,17.15,17.15,17.15,17.15,11.67,-
18-Apr-17,17.13,17.13,17.13,17.13,11.65,-
19-Apr-17,17.15,17.15,17.15,17.15,11.67,-
20-Apr-17,17.36,17.36,17.36,17.36,11.81,-
21-Apr-17,17.31,17.31,17.31,17.31,11.78,-
24-Apr-17,17.54,17.54,17.54,17.54,11.93,-
25-Apr-17,17.68,17.68,17.68,17.68,12.03,-
26-Apr-17,17.77,17.77,17.77,17.77,12.09,-
27-Apr-17,17.73,17.73,17.73,17.73,12.06,-
28-Apr-17,17.58,17.58,17.58,17.58,11.96,-
01-May-17,17.63,17.63,17.63,17.63,11.99,-
02-May-17,17.59,17.59,17.59,17.59,11.97,-
03-May-17,17.52,17.52,17.52,17.52,11.92,-
04-May-17,17.49,17.49,17.49,17.49,11.9,-
05-May-17,17.59,17.59,17.59,17.59,11.97,-
08-May-17,17.57,17.57,17.57,17.57,11.95,-
09-May-17,17.56,17.56,17.56,17.56,11.95,-
10-May-17,17.62,17.62,17.62,17.62,11.99,-
11-May-17,17.53,17.53,17.53,17.53,11.93,-
12-May-17,17.41,17.41,17.41,17.41,11.84,-
15-May-17,17.54,17.54,17.54,17.54,11.93,-
16-May-17,17.52,17.52,17.52,17.52,11.92,-
17-May-17,17.09,17.09,17.09,17.09,11.63,-
18-May-17,17.11,17.11,17.11,17.11,11.64,-
19-May-17,17.24,17.24,17.24,17.24,11.73,-
22-May-17,17.34,17.34,17.34,17.34,11.8,-
23-May-17,17.39,17.39,17.39,17.39,11.83,-
24-May-17,17.39,17.39,17.39,17.39,11.83,-
25-May-17,17.39,17.39,17.39,17.39,11.83,-
26-May-17,17.4,17.4,17.4,17.4,11.84,-
30-May-17,17.33,17.33,17.33,17.33,11.79,-
31-May-17,17.31,17.31,17.31,17.31,11.78,-
01-Jun-17,17.56,17.56,17.56,17.56,11.95,-
02-Jun-17,17.6,17.6,17.6,17.6,11.97,-
05-Jun-17,17.53,17.53,17.53,17.53,11.93,-
06-Jun-17,17.48,17.48,17.48,17.48,11.89,-
07-Jun-17,17.48,17.48,17.48,17.48,11.89,-
08-Jun-17,17.64,17.64,17.64,17.64,12.0,-
09-Jun-17,17.77,17.77,17.77,17.77,12.09,-
12-Jun-17,17.77,17.77,17.77,17.77,12.09,-
13-Jun-17,17.86,17.86,17.86,17.86,12.15,-
14-Jun-17,17.76,17.76,17.76,17.76,12.08,-
15-Jun-17,17.68,17.68,17.68,17.68,12.03,-
16-Jun-17,17.64,17.64,17.64,17.64,12.0,-
19-Jun-17,17.75,17.75,17.75,17.75,12.08,-
20-Jun-17,17.55,17.55,17.55,17.55,11.94,-
21-Jun-17,17.45,17.45,17.45,17.45,11.87,-
22-Jun-17,17.47,17.47,17.47,17.47,11.88,-
23-Jun-17,17.55,17.55,17.55,17.55,11.94,-
26-Jun-17,17.6,17.6,17.6,17.6,11.97,-
27-Jun-17,17.5,17.5,17.5,17.5,11.91,-
28-Jun-17,17.75,17.75,17.75,17.75,12.08,-
29-Jun-17,17.67,17.67,17.67,17.67,12.02,-
30-Jun-17,17.68,17.68,17.68,17.68,12.03,-
03-Jul-17,17.81,17.81,17.81,17.81,12.12,-
05-Jul-17,17.75,17.75,17.75,17.75,12.08,-
06-Jul-17,17.55,17.55,17.55,17.55,11.94,-
07-Jul-17,17.7,17.7,17.7,17.7,12.04,-
10-Jul-17,17.67,17.67,17.67,17.67,12.02,-
11-Jul-17,17.67,17.67,17.67,17.67,12.02,-
12-Jul-17,17.78,17.78,17.78,17.78,12.1,-
13-Jul-17,17.82,17.82,17.82,17.82,12.12,-
14-Jul-17,17.86,17.86,17.86,17.86,12.15,-
17-Jul-17,17.89,17.89,17.89,17.89,12.17,-
18-Jul-17,17.83,17.83,17.83,17.83,12.13,-
19-Jul-17,17.99,17.99,17.99,17.99,12.24,-
20-Jul-17,17.98,17.98,17.98,17.98,12.23,-
21-Jul-17,17.91,17.91,17.91,17.91,12.18,-
24-Jul-17,17.89,17.89,17.89,17.89,12.17,-
25-Jul-17,18.05,18.05,18.05,18.05,12.28,-
26-Jul-17,17.96,17.96,17.96,17.96,12.22,-
27-Jul-17,17.92,17.92,17.92,17.92,12.19,-
28-Jul-17,17.89,17.89,17.89,17.89,12.17,-
31-Jul-17,17.88,17.88,17.88,17.88,12.16,-
01-Aug-17,17.92,17.92,17.92,17.92,12.19,-
02-Aug-17,17.81,17.81,17.81,17.81,12.12,-
03-Aug-17,17.75,17.75,17.75,17.75,12.08,-
04-Aug-17,17.82,17.82,17.82,17.82,12.12,-
07-Aug-17,17.82,17.82,17.82,17.82,12.12,-
08-Aug-17,17.78,17.78,17.78,17.78,12.1,-
09-Aug-17,17.69,17.69,17.69,17.69,12.03,-
10-Aug-17,17.42,17.42,17.42,17.42,11.85,-
11-Aug-17,17.42,17.42,17.42,17.42,11.85,-
14-Aug-17,17.63,17.63,17.63,17.63,11.99,-
15-Aug-17,17.54,17.54,17.54,17.54,11.93,-
16-Aug-17,17.53,17.53,17.53,17.53,11.93,-
17-Aug-17,17.21,17.21,17.21,17.21,11.71,-
18-Aug-17,17.2,17.2,17.2,17.2,11.7,-
21-Aug-17,17.18,17.18,17.18,17.18,11.69,-
22-Aug-17,17.35,17.35,17.35,17.35,11.8,-
23-Aug-17,17.31,17.31,17.31,17.31,11.78,-
24-Aug-17,17.31,17.31,17.31,17.31,11.78,-
25-Aug-17,17.39,17.39,17.39,17.39,11.83,-
28-Aug-17,17.39,17.39,17.39,17.39,11.83,-
29-Aug-17,17.39,17.39,17.39,17.39,11.83,-
30-Aug-17,17.48,17.48,17.48,17.48,11.89,-
31-Aug-17,17.6,17.6,17.6,17.6,11.97,-
01-Sep-17,17.69,17.69,17.69,17.69,12.03,-
05-Sep-17,17.49,17.49,17.49,17.49,11.9,-
06-Sep-17,17.54,17.54,17.54,17.54,11.93,-
07-Sep-17,17.44,17.44,17.44,17.44,11.86,-
08-Sep-17,17.46,17.46,17.46,17.46,11.88,-
11-Sep-17,17.67,17.67,17.67,17.67,12.02,-
12-Sep-17,17.83,17.83,17.83,17.83,12.13,-
13-Sep-17,17.88,17.88,17.88,17.88,12.16,-
14-Sep-17,17.84,17.84,17.84,17.84,12.14,-
15-Sep-17,17.92,17.92,17.92,17.92,12.19,-
18-Sep-17,18.02,18.02,18.02,18.02,12.26,-
19-Sep-17,18.05,18.05,18.05,18.05,12.28,-
20-Sep-17,18.12,18.12,18.12,18.12,12.33,-
21-Sep-17,18.1,18.1,18.1,18.1,12.31,-
22-Sep-17,18.19,18.19,18.19,18.19,12.37,-
25-Sep-17,18.22,18.22,18.22,18.22,12.39,-
26-Sep-17,18.28,18.28,18.28,18.28,12.44,-
27-Sep-17,18.52,18.52,18.52,18.52,12.6,-
28-Sep-17,18.52,18.52,18.52,18.52,12.6,-
29-Sep-17,18.6,18.6,18.6,18.6,12.65,-
02-Oct-17,18.77,18.77,18.77,18.77,12.77,-
03-Oct-17,18.82,18.82,18.82,18.82,12.8,-
04-Oct-17,18.78,18.78,18.78,18.78,12.78,-
05-Oct-17,18.85,18.85,18.85,18.85,12.82,-
06-Oct-17,18.81,18.81,18.81,18.81,12.8,-
09-Oct-17,18.74,18.74,18.74,18.74,12.75,-
10-Oct-17,18.81,18.81,18.81,18.81,12.8,-
11-Oct-17,18.8,18.8,18.8,18.8,12.79,-
12-Oct-17,18.73,18.73,18.73,18.73,12.74,-
13-Oct-17,18.73,18.73,18.73,18.73,12.74,-
16-Oct-17,18.75,18.75,18.75,18.75,12.76,-
17-Oct-17,18.7,18.7,18.7,18.7,12.72,-
18-Oct-17,18.77,18.77,18.77,18.77,12.77,-
19-Oct-17,18.76,18.76,18.76,18.76,12.76,-
20-Oct-17,18.88,18.88,18.88,18.88,12.84,-
23-Oct-17,18.79,18.79,18.79,18.79,12.78,-
24-Oct-17,18.85,18.85,18.85,18.85,12.82,-
25-Oct-17,18.85,18.85,18.85,18.85,12.82,-
26-Oct-17,18.84,18.84,18.84,18.84,12.82,-
27-Oct-17,18.92,18.92,18.92,18.92,12.87,-
30-Oct-17,18.74,18.74,18.74,18.74,12.75,-
31-Oct-17,18.84,18.84,18.84,18.84,12.82,-
01-Nov-17,18.81,18.81,18.81,18.81,12.8,-
02-Nov-17,18.83,18.83,18.83,18.83,12.81,-
03-Nov-17,18.8,18.8,18.8,18.8,12.79,-
06-Nov-17,18.84,18.84,18.84,18.84,12.82,-
07-Nov-17,18.66,18.66,18.66,18.66,12.69,-
08-Nov-17,18.66,18.66,18.66,18.66,12.69,-
09-Nov-17,18.6,18.6,18.6,18.6,12.65,-
10-Nov-17,18.58,18.58,18.58,18.58,12.64,-
13-Nov-17,18.58,18.58,18.58,18.58,12.64,-
14-Nov-17,18.54,18.54,18.54,18.54,12.61,-
15-Nov-17,18.45,18.45,18.45,18.45,12.55,-
16-Nov-17,18.68,18.68,18.68,18.68,12.71,-
17-Nov-17,18.72,18.72,18.72,18.72,12.73,-
20-Nov-17,18.83,18.83,18.83,18.83,12.81,-
21-Nov-17,18.98,18.98,18.98,18.98,12.91,-
22-Nov-17,18.95,18.95,18.95,18.95,12.89,-
24-Nov-17,18.95,18.95,18.95,18.95,12.89,-
27-Nov-17,18.89,18.89,18.89,18.89,12.85,-
28-Nov-17,19.2,19.2,19.2,19.2,13.06,-
29-Nov-17,19.33,19.33,19.33,19.33,13.15,-
30-Nov-17,19.38,19.38,19.38,19.38,13.18,-
01-Dec-17,19.32,19.32,19.32,19.32,13.14,-
04-Dec-17,19.38,19.38,19.38,19.38,13.18,-
05-Dec-17,19.21,19.21,19.21,19.21,13.07,-
06-Dec-17,19.12,19.12,19.12,19.12,13.01,-
07-Dec-17,19.19,19.19,19.19,19.19,13.05,-
08-Dec-17,19.24,19.24,19.24,19.24,13.09,-
11-Dec-17,19.24,19.24,19.24,19.24,13.09,-
12-Dec-17,19.25,19.25,19.25,19.25,13.1,-
13-Dec-17,19.25,19.25,19.25,19.25,13.1,-
14-Dec-17,19.25,19.25,19.25,19.25,13.1,-
15-Dec-17,19.34,19.34,19.34,19.34,13.16,-
18-Dec-17,19.55,19.55,19.55,19.55,13.3,-
19-Dec-17,19.46,19.46,19.46,19.46,13.24,-
20-Dec-17,19.52,19.52,19.52,19.52,13.28,-
21-Dec-17,19.63,19.63,19.63,19.63,13.35,-
22-Dec-17,19.58,19.58,19.58,19.58,13.32,-
26-Dec-17,18.88,18.88,18.88,18.88,13.33,-
27-Dec-17,18.85,18.85,18.85,18.85,13.31,-
28-Dec-17,18.91,18.91,18.91,18.91,13.35,-
29-Dec-17,18.78,18.78,18.78,18.78,13.26,-
02-Jan-18,18.96,18.96,18.96,18.96,13.39,-
03-Jan-18,19.0,19.0,19.0,19.0,13.41,-
04-Jan-18,19.09,19.09,19.09,19.09,13.48,-
05-Jan-18,19.16,19.16,19.16,19.16,13.53,-
08-Jan-18,19.2,19.2,19.2,19.2,13.56,-
09-Jan-18,19.18,19.18,19.18,19.18,13.54,-
10-Jan-18,19.17,19.17,19.17,19.17,13.53,-
11-Jan-18,19.47,19.47,19.47,19.47,13.75,-
12-Jan-18,19.57,19.57,19.57,19.57,13.82,-
16-Jan-18,19.41,19.41,19.41,19.41,13.7,-
17-Jan-18,19.59,19.59,19.59,19.59,13.83,-
18-Jan-18,19.48,19.48,19.48,19.48,13.75,-
19-Jan-18,19.68,19.68,19.68,19.68,13.89,-
22-Jan-18,19.76,19.76,19.76,19.76,13.95,-
23-Jan-18,19.77,19.77,19.77,19.77,13.96,-
24-Jan-18,19.71,19.71,19.71,19.71,13.92,-
25-Jan-18,19.69,19.69,19.69,19.69,13.9,-
26-Jan-18,19.84,19.84,19.84,19.84,14.01,-
29-Jan-18,19.7,19.7,19.7,19.7,13.91,-
30-Jan-18,19.48,19.48,19.48,19.48,13.75,-
31-Jan-18,19.41,19.41,19.41,19.41,13.7,-
01-Feb-18,19.47,19.47,19.47,19.47,13.75,-
02-Feb-18,19.03,19.03,19.03,19.03,13.44,-
05-Feb-18,18.29,18.29,18.29,18.29,12.91,-
06-Feb-18,18.53,18.53,18.53,18.53,13.08,-
07-Feb-18,18.51,18.51,18.51,18.51,13.07,-
08-Feb-18,17.92,17.92,17.92,17.92,12.65,-
09-Feb-18,18.1,18.1,18.1,18.1,12.78,-
12-Feb-18,18.29,18.29,18.29,18.29,12.91,-
13-Feb-18,18.33,18.33,18.33,18.33,12.94,-
14-Feb-18,18.65,18.65,18.65,18.65,13.17,-
15-Feb-18,18.81,18.81,18.81,18.81,13.28,-
16-Feb-18,18.86,18.86,18.86,18.86,13.32,-
20-Feb-18,18.7,18.7,18.7,18.7,13.2,-
21-Feb-18,18.68,18.68,18.68,18.68,13.19,-
22-Feb-18,18.66,18.66,18.66,18.66,13.17,-
23-Feb-18,18.9,18.9,18.9,18.9,13.34,-
26-Feb-18,19.06,19.06,19.06,19.06,13.46,-
27-Feb-18,18.81,18.81,18.81,18.81,13.28,-
28-Feb-18,18.52,18.52,18.52,18.52,13.08,-
01-Mar-18,18.4,18.4,18.4,18.4,12.99,-
02-Mar-18,18.58,18.58,18.58,18.58,13.12,-
05-Mar-18,18.75,18.75,18.75,18.75,13.24,-
06-Mar-18,18.9,18.9,18.9,18.9,13.34,-
07-Mar-18,18.95,18.95,18.95,18.95,13.38,-
08-Mar-18,18.94,18.94,18.94,18.94,13.37,-
09-Mar-18,19.26,19.26,19.26,19.26,13.6,-
12-Mar-18,19.28,19.28,19.28,19.28,13.61,-
13-Mar-18,19.18,19.18,19.18,19.18,13.54,-
14-Mar-18,19.05,19.05,19.05,19.05,13.45,-
15-Mar-18,19.0,19.0,19.0,19.0,13.41,-
16-Mar-18,19.12,19.12,19.12,19.12,13.5,-
19-Mar-18,18.91,18.91,18.91,18.91,13.35,-
20-Mar-18,18.9,18.9,18.9,18.9,13.34,-
21-Mar-18,18.98,18.98,18.98,18.98,13.4,-
22-Mar-18,18.51,18.51,18.51,18.51,13.07,-
23-Mar-18,18.11,18.11,18.11,18.11,12.79,-
26-Mar-18,18.53,18.53,18.53,18.53,13.08,-
27-Mar-18,18.22,18.22,18.22,18.22,12.86,-
28-Mar-18,18.2,18.2,18.2,18.2,12.85,-
29-Mar-18,18.43,18.43,18.43,18.43,13.01,-
02-Apr-18,18.02,18.02,18.02,18.02,12.72,-
03-Apr-18,18.27,18.27,18.27,18.27,12.9,-
04-Apr-18,18.48,18.48,18.48,18.48,13.05,-
05-Apr-18,18.66,18.66,18.66,18.66,13.17,-
06-Apr-18,18.28,18.28,18.28,18.28,12.91,-
09-Apr-18,18.29,18.29,18.29,18.29,12.91,-
10-Apr-18,18.62,18.62,18.62,18.62,13.15,-
11-Apr-18,18.59,18.59,18.59,18.59,13.12,-
12-Apr-18,18.73,18.73,18.73,18.73,13.22,-
13-Apr-18,18.65,18.65,18.65,18.65,13.17,-
16-Apr-18,18.84,18.84,18.84,18.84,13.3,-
17-Apr-18,18.96,18.96,18.96,18.96,13.39,-
18-Apr-18,19.02,19.02,19.02,19.02,13.43,-
19-Apr-18,18.94,18.94,18.94,18.94,13.37,-
20-Apr-18,18.83,18.83,18.83,18.83,13.29,-
23-Apr-18,18.84,18.84,18.84,18.84,13.3,-
24-Apr-18,18.72,18.72,18.72,18.72,13.22,-
25-Apr-18,18.74,18.74,18.74,18.74,13.23,-
26-Apr-18,18.78,18.78,18.78,18.78,13.26,-
27-Apr-18,18.72,18.72,18.72,18.72,13.22,-
30-Apr-18,18.55,18.55,18.55,18.55,13.1,-
01-May-18,18.58,18.58,18.58,18.58,13.12,-
02-May-18,18.54,18.54,18.54,18.54,13.09,-
03-May-18,18.44,18.44,18.44,18.44,13.02,-
04-May-18,18.67,18.67,18.67,18.67,13.18,-
07-May-18,18.76,18.76,18.76,18.76,13.24,-
08-May-18,18.84,18.84,18.84,18.84,13.3,-
09-May-18,18.99,18.99,18.99,18.99,13.41,-
10-May-18,19.11,19.11,19.11,19.11,13.49,-
11-May-18,19.14,19.14,19.14,19.14,13.51,-
14-May-18,19.13,19.13,19.13,19.13,13.51,-
15-May-18,19.11,19.11,19.11,19.11,13.49,-
16-May-18,19.27,19.27,19.27,19.27,13.6,-
17-May-18,19.36,19.36,19.36,19.36,13.67,-
18-May-18,19.32,19.32,19.32,19.32,13.64,-
21-May-18,19.48,19.48,19.48,19.48,13.75,-
22-May-18,19.38,19.38,19.38,19.38,13.68,-
23-May-18,19.38,19.38,19.38,19.38,13.68,-
24-May-18,19.35,19.35,19.35,19.35,13.66,-
25-May-18,19.31,19.31,19.31,19.31,13.63,-
29-May-18,19.16,19.16,19.16,19.16,13.53,-
30-May-18,19.45,19.45,19.45,19.45,13.73,-
31-May-18,19.26,19.26,19.26,19.26,13.6,-
01-Jun-18,19.43,19.43,19.43,19.43,13.72,-
04-Jun-18,19.51,19.51,19.51,19.51,13.77,-
05-Jun-18,19.59,19.59,19.59,19.59,13.83,-
06-Jun-18,19.75,19.75,19.75,19.75,13.94,-
07-Jun-18,19.77,19.77,19.77,19.77,13.96,-
08-Jun-18,19.81,19.81,19.81,19.81,13.99,-
11-Jun-18,19.84,19.84,19.84,19.84,14.01,-
12-Jun-18,19.83,19.83,19.83,19.83,14.0,-
13-Jun-18,19.74,19.74,19.74,19.74,13.94,-
14-Jun-18,19.76,19.76,19.76,19.76,13.95,-
15-Jun-18,19.74,19.74,19.74,19.74,13.94,-
18-Jun-18,19.77,19.77,19.77,19.77,13.96,-
19-Jun-18,19.75,19.75,19.75,19.75,13.94,-
20-Jun-18,19.82,19.82,19.82,19.82,13.99,-
21-Jun-18,19.64,19.64,19.64,19.64,13.87,-
22-Jun-18,19.7,19.7,19.7,19.7,13.91,-
25-Jun-18,19.41,19.41,19.41,19.41,13.7,-
26-Jun-18,19.49,19.49,19.49,19.49,13.76,-
27-Jun-18,19.26,19.26,19.26,19.26,13.6,-
28-Jun-18,19.31,19.31,19.31,19.31,13.63,-
29-Jun-18,19.3,19.3,19.3,19.3,13.63,-
02-Jul-18,19.38,19.38,19.38,19.38,13.68,-
03-Jul-18,19.37,19.37,19.37,19.37,13.68,-
05-Jul-18,19.54,19.54,19.54,19.54,13.8,-
06-Jul-18,19.68,19.68,19.68,19.68,13.89,-
09-Jul-18,19.9,19.9,19.9,19.9,14.05,-
10-Jul-18,19.87,19.87,19.87,19.87,14.03,-
11-Jul-18,19.67,19.67,19.67,19.67,13.89,-
12-Jul-18,19.74,19.74,19.74,19.74,13.94,-
13-Jul-18,19.73,19.73,19.73,19.73,13.93,-
16-Jul-18,19.69,19.69,19.69,19.69,13.9,-
17-Jul-18,19.76,19.76,19.76,19.76,13.95,-
18-Jul-18,19.84,19.84,19.84,19.84,14.01,-
19-Jul-18,19.84,19.84,19.84,19.84,14.01,-
20-Jul-18,19.8,19.8,19.8,19.8,13.98,-
23-Jul-18,19.83,19.83,19.83,19.83,14.0,-
24-Jul-18,19.77,19.77,19.77,19.77,13.96,-
25-Jul-18,19.82,19.82,19.82,19.82,13.99,-
26-Jul-18,19.94,19.94,19.94,19.94,14.08,-
27-Jul-18,19.74,19.74,19.74,19.74,13.94,-
30-Jul-18,19.72,19.72,19.72,19.72,13.92,-
31-Jul-18,19.83,19.83,19.83,19.83,14.0,-
01-Aug-18,19.77,19.77,19.77,19.77,13.96,-
02-Aug-18,19.87,19.87,19.87,19.87,14.03,-
03-Aug-18,19.89,19.89,19.89,19.89,14.04,-
06-Aug-18,19.98,19.98,19.98,19.98,14.11,-
07-Aug-18,20.04,20.04,20.04,20.04,14.15,-
08-Aug-18,20.04,20.04,20.04,20.04,14.15,-
09-Aug-18,20.03,20.03,20.03,20.03,14.14,-
10-Aug-18,19.93,19.93,19.93,19.93,14.07,-
13-Aug-18,19.8,19.8,19.8,19.8,13.98,-
14-Aug-18,19.99,19.99,19.99,19.99,14.11,-
15-Aug-18,19.74,19.74,19.74,19.74,13.94,-
16-Aug-18,19.93,19.93,19.93,19.93,14.07,-
17-Aug-18,20.01,20.01,20.01,20.01,14.13,-
20-Aug-18,20.1,20.1,20.1,20.1,14.19,-
21-Aug-18,20.28,20.28,20.28,20.28,14.32,-
22-Aug-18,20.28,20.28,20.28,20.28,14.32,-
23-Aug-18,20.21,20.21,20.21,20.21,14.27,-
24-Aug-18,20.3,20.3,20.3,20.3,14.33,-
27-Aug-18,20.39,20.39,20.39,20.39,14.4,-
28-Aug-18,20.37,20.37,20.37,20.37,14.38,-
29-Aug-18,20.42,20.42,20.42,20.42,14.42,-
30-Aug-18,20.33,20.33,20.33,20.33,14.35,-
31-Aug-18,20.37,20.37,20.37,20.37,14.38,-
04-Sep-18,20.3,20.3,20.3,20.3,14.33,-
05-Sep-18,20.27,20.27,20.27,20.27,14.31,-
06-Sep-18,20.13,20.13,20.13,20.13,14.21,-
07-Sep-18,20.09,20.09,20.09,20.09,14.18,-
10-Sep-18,20.11,20.11,20.11,20.11,14.2,-
11-Sep-18,20.13,20.13,20.13,20.13,14.21,-
12-Sep-18,20.12,20.12,20.12,20.12,14.2,-
13-Sep-18,20.15,20.15,20.15,20.15,14.23,-
14-Sep-18,20.23,20.23,20.23,20.23,14.28,-
17-Sep-18,20.11,20.11,20.11,20.11,14.2,-
18-Sep-18,20.2,20.2,20.2,20.2,14.26,-
19-Sep-18,20.2,20.2,20.2,20.2,14.26,-
20-Sep-18,20.37,20.37,20.37,20.37,14.38,-
21-Sep-18,20.34,20.34,20.34,20.34,14.36,-
24-Sep-18,20.22,20.22,20.22,20.22,14.28,-
25-Sep-18,20.2,20.2,20.2,20.2,14.26,-
26-Sep-18,20.05,20.05,20.05,20.05,14.16,-
27-Sep-18,20.04,20.04,20.04,20.04,14.15,-
28-Sep-18,20.07,20.07,20.07,20.07,14.17,-
01-Oct-18,19.98,19.98,19.98,19.98,14.11,-
02-Oct-18,19.9,19.9,19.9,19.9,14.05,-
03-Oct-18,20.04,20.04,20.04,20.04,14.15,-
04-Oct-18,19.89,19.89,19.89,19.89,14.04,-
05-Oct-18,19.73,19.73,19.73,19.73,13.93,-
08-Oct-18,19.76,19.76,19.76,19.76,13.95,-
09-Oct-18,19.7,19.7,19.7,19.7,13.91,-
10-Oct-18,19.16,19.16,19.16,19.16,13.53,-
11-Oct-18,18.76,18.76,18.76,18.76,13.24,-
12-Oct-18,18.81,18.81,18.81,18.81,13.28,-
15-Oct-18,18.84,18.84,18.84,18.84,13.3,-
16-Oct-18,19.23,19.23,19.23,19.23,13.58,-
17-Oct-18,19.17,19.17,19.17,19.17,13.53,-
18-Oct-18,18.85,18.85,18.85,18.85,13.31,-
19-Oct-18,18.73,18.73,18.73,18.73,13.22,-
22-Oct-18,18.65,18.65,18.65,18.65,13.17,-
23-Oct-18,18.5,18.5,18.5,18.5,13.06,-
24-Oct-18,17.83,17.83,17.83,17.83,12.59,-
25-Oct-18,18.18,18.18,18.18,18.18,12.84,-
26-Oct-18,17.97,17.97,17.97,17.97,12.69,-
29-Oct-18,17.93,17.93,17.93,17.93,12.66,-
30-Oct-18,18.3,18.3,18.3,18.3,12.92,-
31-Oct-18,18.4,18.4,18.4,18.4,12.99,-
01-Nov-18,18.7,18.7,18.7,18.7,13.2,-
02-Nov-18,18.71,18.71,18.71,18.71,13.21,-
05-Nov-18,18.79,18.79,18.79,18.79,13.27,-
06-Nov-18,18.9,18.9,18.9,18.9,13.34,-
07-Nov-18,19.2,19.2,19.2,19.2,13.56,-
08-Nov-18,19.12,19.12,19.12,19.12,13.5,-
09-Nov-18,18.88,18.88,18.88,18.88,13.33,-
12-Nov-18,18.55,18.55,18.55,18.55,13.1,-
13-Nov-18,18.5,18.5,18.5,18.5,13.06,-
14-Nov-18,18.37,18.37,18.37,18.37,12.97,-
15-Nov-18,18.59,18.59,18.59,18.59,13.12,-
16-Nov-18,18.62,18.62,18.62,18.62,13.15,-
19-Nov-18,18.39,18.39,18.39,18.39,12.98,-
20-Nov-18,18.0,18.0,18.0,18.0,12.71,-
21-Nov-18,18.17,18.17,18.17,18.17,12.83,-
23-Nov-18,18.09,18.09,18.09,18.09,12.77,-
26-Nov-18,18.3,18.3,18.3,18.3,12.92,-
27-Nov-18,18.24,18.24,18.24,18.24,12.88,-
28-Nov-18,18.63,18.63,18.63,18.63,13.15,-
29-Nov-18,18.58,18.58,18.58,18.58,13.12,-
30-Nov-18,18.66,18.66,18.66,18.66,13.17,-
03-Dec-18,18.83,18.83,18.83,18.83,13.29,-
04-Dec-18,18.08,18.08,18.08,18.08,12.76,-
06-Dec-18,17.97,17.97,17.97,17.97,12.69,-
07-Dec-18,17.62,17.62,17.62,17.62,12.44,-
10-Dec-18,17.5,17.5,17.5,17.5,12.35,-
11-Dec-18,17.45,17.45,17.45,17.45,12.32,-
12-Dec-18,17.6,17.6,17.6,17.6,12.43,-
13-Dec-18,17.42,17.42,17.42,17.42,12.3,-
14-Dec-18,17.14,17.14,17.14,17.14,12.1,-
17-Dec-18,16.84,16.84,16.84,16.84,11.89,-
18-Dec-18,16.81,16.81,16.81,16.81,11.87,-
19-Dec-18,16.51,16.51,16.51,16.51,11.66,-
20-Dec-18,16.29,16.29,16.29,16.29,11.5,-
21-Dec-18,15.95,15.95,15.95,15.95,11.26,-
24-Dec-18,15.58,15.58,15.58,15.58,11.0,-
26-Dec-18,15.4,15.4,15.4,15.4,11.55,-
27-Dec-18,15.47,15.47,15.47,15.47,11.61,-
28-Dec-18,15.51,15.51,15.51,15.51,11.64,-
31-Dec-18,15.62,15.62,15.62,15.62,11.72,-
02-Jan-19,15.75,15.75,15.75,15.75,11.82,-
03-Jan-19,15.47,15.47,15.47,15.47,11.61,-
04-Jan-19,16.01,16.01,16.01,16.01,12.01,-
07-Jan-19,16.19,16.19,16.19,16.19,12.15,-
08-Jan-19,16.36,16.36,16.36,16.36,12.27,-
09-Jan-19,16.51,16.51,16.51,16.51,12.39,-
10-Jan-19,16.55,16.55,16.55,16.55,12.42,-
11-Jan-19,16.59,16.59,16.59,16.59,12.45,-
14-Jan-19,16.5,16.5,16.5,16.5,12.38,-
15-Jan-19,16.59,16.59,16.59,16.59,12.45,-
16-Jan-19,16.69,16.69,16.69,16.69,12.52,-
17-Jan-19,16.82,16.82,16.82,16.82,12.62,-
18-Jan-19,17.03,17.03,17.03,17.03,12.78,-
22-Jan-19,16.76,16.76,16.76,16.76,12.57,-
23-Jan-19,16.73,16.73,16.73,16.73,12.55,-
24-Jan-19,16.81,16.81,16.81,16.81,12.61,-
25-Jan-19,16.98,16.98,16.98,16.98,12.74,-
28-Jan-19,16.88,16.88,16.88,16.88,12.66,-
29-Jan-19,16.88,16.88,16.88,16.88,12.66,-
30-Jan-19,17.06,17.06,17.06,17.06,12.8,-
31-Jan-19,17.16,17.16,17.16,17.16,12.87,-
01-Feb-19,17.2,17.2,17.2,17.2,12.9,-
04-Feb-19,17.32,17.32,17.32,17.32,12.99,-
05-Feb-19,17.36,17.36,17.36,17.36,13.02,-
06-Feb-19,17.34,17.34,17.34,17.34,13.01,-
07-Feb-19,17.17,17.17,17.17,17.17,12.88,-
08-Feb-19,17.12,17.12,17.12,17.12,12.84,-
11-Feb-19,17.22,17.22,17.22,17.22,12.92,-
12-Feb-19,17.45,17.45,17.45,17.45,13.09,-
13-Feb-19,17.52,17.52,17.52,17.52,13.14,-
14-Feb-19,17.51,17.51,17.51,17.51,13.14,-
15-Feb-19,17.78,17.78,17.78,17.78,13.34,-
19-Feb-19,17.86,17.86,17.86,17.86,13.4,-
20-Feb-19,17.95,17.95,17.95,17.95,13.47,-
21-Feb-19,17.85,17.85,17.85,17.85,13.39,-
22-Feb-19,17.94,17.94,17.94,17.94,13.46,-
25-Feb-19,17.93,17.93,17.93,17.93,13.45,-
26-Feb-19,17.83,17.83,17.83,17.83,13.38,-
27-Feb-19,17.83,17.83,17.83,17.83,13.38,-
28-Feb-19,17.75,17.75,17.75,17.75,13.32,-
01-Mar-19,17.88,17.88,17.88,17.88,13.41,-
04-Mar-19,17.77,17.77,17.77,17.77,13.33,-
05-Mar-19,17.69,17.69,17.69,17.69,13.27,-
06-Mar-19,17.42,17.42,17.42,17.42,13.07,-
07-Mar-19,17.25,17.25,17.25,17.25,12.94,-
08-Mar-19,17.2,17.2,17.2,17.2,12.9,-
11-Mar-19,17.45,17.45,17.45,17.45,13.09,-
12-Mar-19,17.47,17.47,17.47,17.47,13.11,-
13-Mar-19,17.58,17.58,17.58,17.58,13.19,-
14-Mar-19,17.53,17.53,17.53,17.53,13.15,-
15-Mar-19,17.58,17.58,17.58,17.58,13.19,-
18-Mar-19,17.71,17.71,17.71,17.71,13.29,-
19-Mar-19,17.61,17.61,17.61,17.61,13.21,-
20-Mar-19,17.47,17.47,17.47,17.47,13.11,-
21-Mar-19,17.64,17.64,17.64,17.64,13.23,-
22-Mar-19,17.12,17.12,17.12,17.12,12.84,-
25-Mar-19,17.14,17.14,17.14,17.14,12.86,-
26-Mar-19,17.32,17.32,17.32,17.32,12.99,-
27-Mar-19,17.29,17.29,17.29,17.29,12.97,-
28-Mar-19,17.38,17.38,17.38,17.38,13.04,-
29-Mar-19,17.43,17.43,17.43,17.43,13.08,-
01-Apr-19,17.69,17.69,17.69,17.69,13.27,-
02-Apr-19,17.62,17.62,17.62,17.62,13.22,-
03-Apr-19,17.67,17.67,17.67,17.67,13.26,-
04-Apr-19,17.81,17.81,17.81,17.81,13.36,-
05-Apr-19,17.95,17.95,17.95,17.95,13.47,-
08-Apr-19,17.96,17.96,17.96,17.96,13.47,-
09-Apr-19,17.77,17.77,17.77,17.77,13.33,-
10-Apr-19,17.93,17.93,17.93,17.93,13.45,-
11-Apr-19,17.94,17.94,17.94,17.94,13.46,-
12-Apr-19,18.04,18.04,18.04,18.04,13.53,-
15-Apr-19,17.97,17.97,17.97,17.97,13.48,-
16-Apr-19,18.05,18.05,18.05,18.05,13.54,-
17-Apr-19,18.0,18.0,18.0,18.0,13.5,-
18-Apr-19,17.96,17.96,17.96,17.96,13.47,-
22-Apr-19,17.91,17.91,17.91,17.91,13.44,-
23-Apr-19,18.11,18.11,18.11,18.11,13.59,-
24-Apr-19,18.09,18.09,18.09,18.09,13.57,-
25-Apr-19,17.95,17.95,17.95,17.95,13.47,-
26-Apr-19,18.04,18.04,18.04,18.04,13.53,-
29-Apr-19,18.11,18.11,18.11,18.11,13.59,-
30-Apr-19,18.08,18.08,18.08,18.08,13.56,-
01-May-19,17.93,17.93,17.93,17.93,13.45,-
02-May-19,17.91,17.91,17.91,17.91,13.44,-
03-May-19,18.18,18.18,18.18,18.18,13.64,-
06-May-19,18.13,18.13,18.13,18.13,13.6,-
07-May-19,17.82,17.82,17.82,17.82,13.37,-
08-May-19,17.74,17.74,17.74,17.74,13.31,-
09-May-19,17.7,17.7,17.7,17.7,13.28,-
10-May-19,17.73,17.73,17.73,17.73,13.3,-
13-May-19,17.22,17.22,17.22,17.22,12.92,-
14-May-19,17.42,17.42,17.42,17.42,13.07,-
15-May-19,17.46,17.46,17.46,17.46,13.1,-
16-May-19,17.55,17.55,17.55,17.55,13.17,-
17-May-19,17.36,17.36,17.36,17.36,13.02,-
20-May-19,17.26,17.26,17.26,17.26,12.95,-
21-May-19,17.44,17.44,17.44,17.44,13.08,-
22-May-19,17.28,17.28,17.28,17.28,12.96,-
23-May-19,16.95,16.95,16.95,16.95,12.72,-
24-May-19,17.04,17.04,17.04,17.04,12.78,-
28-May-19,16.88,16.88,16.88,16.88,12.66,-
29-May-19,16.79,16.79,16.79,16.79,12.6,-
30-May-19,16.73,16.73,16.73,16.73,12.55,-
31-May-19,16.47,16.47,16.47,16.47,12.36,-
03-Jun-19,16.58,16.58,16.58,16.58,12.44,-
04-Jun-19,17.01,17.01,17.01,17.01,12.76,-
05-Jun-19,16.96,16.96,16.96,16.96,12.72,-
06-Jun-19,16.98,16.98,16.98,16.98,12.74,-
07-Jun-19,17.09,17.09,17.09,17.09,12.82,-
10-Jun-19,17.19,17.19,17.19,17.19,12.9,-
11-Jun-19,17.18,17.18,17.18,17.18,12.89,-
12-Jun-19,17.1,17.1,17.1,17.1,12.83,-
13-Jun-19,17.26,17.26,17.26,17.26,12.95,-
14-Jun-19,17.16,17.16,17.16,17.16,12.87,-
17-Jun-19,17.16,17.16,17.16,17.16,12.87,-
18-Jun-19,17.39,17.39,17.39,17.39,13.05,-
19-Jun-19,17.41,17.41,17.41,17.41,13.06,-
20-Jun-19,17.54,17.54,17.54,17.54,13.16,-
21-Jun-19,17.47,17.47,17.47,17.47,13.11,-
24-Jun-19,17.34,17.34,17.34,17.34,13.01,-
25-Jun-19,17.26,17.26,17.26,17.26,12.95,-
26-Jun-19,17.3,17.3,17.3,17.3,12.98,-
27-Jun-19,17.5,17.5,17.5,17.5,13.13,-
28-Jun-19,17.72,17.72,17.72,17.72,13.29,-
01-Jul-19,17.79,17.79,17.79,17.79,13.35,-
02-Jul-19,17.69,17.69,17.69,17.69,13.27,-
03-Jul-19,17.69,17.69,17.69,17.69,13.27,-
05-Jul-19,17.86,17.86,17.86,17.86,13.4,-
08-Jul-19,17.71,17.71,17.71,17.71,13.29,-
09-Jul-19,17.69,17.69,17.69,17.69,13.27,-
10-Jul-19,17.73,17.73,17.73,17.73,13.3,-
11-Jul-19,17.72,17.72,17.72,17.72,13.29,-
12-Jul-19,17.88,17.88,17.88,17.88,13.41,-
15-Jul-19,17.78,17.78,17.78,17.78,13.34,-
16-Jul-19,17.78,17.78,17.78,17.78,13.34,-
17-Jul-19,17.61,17.61,17.61,17.61,13.21,-
18-Jul-19,17.66,17.66,17.66,17.66,13.25,-
19-Jul-19,17.63,17.63,17.63,17.63,13.23,-
22-Jul-19,17.6,17.6,17.6,17.6,13.2,-
23-Jul-19,17.77,17.77,17.77,17.77,13.33,-
24-Jul-19,18.0,18.0,18.0,18.0,13.5,-
25-Jul-19,17.83,17.83,17.83,17.83,13.38,-
26-Jul-19,17.97,17.97,17.97,17.97,13.48,-
29-Jul-19,17.88,17.88,17.88,17.88,13.41,-
30-Jul-19,18.0,18.0,18.0,18.0,13.5,-
31-Jul-19,17.86,17.86,17.86,17.86,13.4,-
01-Aug-19,17.51,17.51,17.51,17.51,13.14,-
02-Aug-19,17.33,17.33,17.33,17.33,13.0,-
05-Aug-19,16.82,16.82,16.82,16.82,12.62,-
06-Aug-19,16.97,16.97,16.97,16.97,12.73,-
07-Aug-19,16.92,16.92,16.92,16.92,12.69,-
08-Aug-19,17.25,17.25,17.25,17.25,12.94,-
09-Aug-19,17.05,17.05,17.05,17.05,12.79,-
12-Aug-19,16.82,16.82,16.82,16.82,12.62,-
13-Aug-19,17.03,17.03,17.03,17.03,12.78,-
14-Aug-19,16.5,16.5,16.5,16.5,12.38,-
15-Aug-19,16.44,16.44,16.44,16.44,12.33,-
16-Aug-19,16.77,16.77,16.77,16.77,12.58,-
19-Aug-19,16.98,16.98,16.98,16.98,12.74,-
20-Aug-19,16.83,16.83,16.83,16.83,12.63,-
21-Aug-19,16.96,16.96,16.96,16.96,12.72,-
22-Aug-19,16.95,16.95,16.95,16.95,12.72,-
23-Aug-19,16.44,16.44,16.44,16.44,12.33,-
26-Aug-19,16.6,16.6,16.6,16.6,12.45,-
27-Aug-19,16.42,16.42,16.42,16.42,12.32,-
28-Aug-19,16.61,16.61,16.61,16.61,12.46,-
29-Aug-19,16.88,16.88,16.88,16.88,12.66,-
30-Aug-19,16.9,16.9,16.9,16.9,12.68,-
03-Sep-19,16.69,16.69,16.69,16.69,12.52,-
04-Sep-19,16.88,16.88,16.88,16.88,12.66,-
05-Sep-19,17.2,17.2,17.2,17.2,12.9,-
06-Sep-19,17.19,17.19,17.19,17.19,12.9,-
09-Sep-19,17.47,17.47,17.47,17.47,13.11,-
10-Sep-19,17.67,17.67,17.67,17.67,13.26,-
11-Sep-19,17.93,17.93,17.93,17.93,13.45,-
12-Sep-19,17.94,17.94,17.94,17.94,13.46,-
13-Sep-19,17.99,17.99,17.99,17.99,13.5,-
16-Sep-19,18.04,18.04,18.04,18.04,13.53,-
17-Sep-19,17.95,17.95,17.95,17.95,13.47,-
18-Sep-19,17.88,17.88,17.88,17.88,13.41,-
19-Sep-19,17.81,17.81,17.81,17.81,13.36,-
20-Sep-19,17.75,17.75,17.75,17.75,13.32,-
23-Sep-19,17.77,17.77,17.77,17.77,13.33,-
24-Sep-19,17.56,17.56,17.56,17.56,13.17,-
25-Sep-19,17.56,17.56,17.56,17.56,13.17,-
26-Sep-19,17.59,17.59,17.59,17.59,13.2,-
27-Sep-19,17.53,17.53,17.53,17.53,13.15,-
30-Sep-19,17.58,17.58,17.58,17.58,13.19,-
01-Oct-19,17.27,17.27,17.27,17.27,12.96,-
02-Oct-19,17.0,17.0,17.0,17.0,12.75,-
03-Oct-19,17.05,17.05,17.05,17.05,12.79,-
04-Oct-19,17.24,17.24,17.24,17.24,12.93,-
07-Oct-19,17.18,17.18,17.18,17.18,12.89,-
08-Oct-19,16.88,16.88,16.88,16.88,12.66,-
09-Oct-19,17.0,17.0,17.0,17.0,12.75,-
10-Oct-19,17.11,17.11,17.11,17.11,12.84,-
11-Oct-19,17.39,17.39,17.39,17.39,13.05,-
14-Oct-19,17.34,17.34,17.34,17.34,13.01,-
15-Oct-19,17.53,17.53,17.53,17.53,13.15,-
16-Oct-19,17.53,17.53,17.53,17.53,13.15,-
17-Oct-19,17.65,17.65,17.65,17.65,13.24,-
18-Oct-19,17.61,17.61,17.61,17.61,13.21,-
21-Oct-19,17.77,17.77,17.77,17.77,13.33,-
22-Oct-19,17.8,17.8,17.8,17.8,13.35,-
23-Oct-19,17.85,17.85,17.85,17.85,13.39,-
24-Oct-19,17.81,17.81,17.81,17.81,13.36,-
25-Oct-19,17.96,17.96,17.96,17.96,13.47,-
28-Oct-19,18.08,18.08,18.08,18.08,13.56,-
29-Oct-19,18.13,18.13,18.13,18.13,13.6,-
30-Oct-19,18.06,18.06,18.06,18.06,13.55,-
31-Oct-19,17.93,17.93,17.93,17.93,13.45,-
01-Nov-19,17.93,17.93,17.93,17.93,13.45,-
04-Nov-19,18.4,18.4,18.4,18.4,13.8,-
05-Nov-19,18.45,18.45,18.45,18.45,13.84,-
06-Nov-19,18.4,18.4,18.4,18.4,13.8,-
07-Nov-19,18.49,18.49,18.49,18.49,13.87,-
08-Nov-19,18.52,18.52,18.52,18.52,13.89,-
11-Nov-19,18.48,18.48,18.48,18.48,13.86,-
12-Nov-19,18.49,18.49,18.49,18.49,13.87,-
13-Nov-19,18.41,18.41,18.41,18.41,13.81,-
14-Nov-19,18.41,18.41,18.41,18.41,13.81,-
15-Nov-19,18.5,18.5,18.5,18.5,13.88,-
18-Nov-19,18.44,18.44,18.44,18.44,13.83,-
19-Nov-19,18.42,18.42,18.42,18.42,13.82,-
20-Nov-19,18.32,18.32,18.32,18.32,13.74,-
21-Nov-19,18.29,18.29,18.29,18.29,13.72,-
22-Nov-19,18.35,18.35,18.35,18.35,13.77,-
25-Nov-19,18.59,18.59,18.59,18.59,13.95,-
26-Nov-19,18.57,18.57,18.57,18.57,13.93,-
27-Nov-19,18.65,18.65,18.65,18.65,13.99,-
29-Nov-19,18.54,18.54,18.54,18.54,13.91,-
02-Dec-19,18.4,18.4,18.4,18.4,13.8,-
03-Dec-19,18.25,18.25,18.25,18.25,13.69,-
04-Dec-19,18.38,18.38,18.38,18.38,13.79,-
05-Dec-19,18.43,18.43,18.43,18.43,13.83,-
06-Dec-19,18.66,18.66,18.66,18.66,14.0,-
09-Dec-19,18.61,18.61,18.61,18.61,13.96,-
10-Dec-19,18.6,18.6,18.6,18.6,13.95,-
11-Dec-19,18.65,18.65,18.65,18.65,13.99,-
12-Dec-19,18.89,18.89,18.89,18.89,14.17,-
13-Dec-19,18.79,18.79,18.79,18.79,14.1,-
16-Dec-19,18.92,18.92,18.92,18.92,14.19,-
17-Dec-19,19.01,19.01,19.01,19.01,14.26,-
18-Dec-19,19.02,19.02,19.02,19.02,14.27,-
19-Dec-19,19.07,19.07,19.07,19.07,14.31,-
20-Dec-19,19.12,19.12,19.12,19.12,14.34,-
23-Dec-19,19.13,19.13,19.13,19.13,14.35,-
24-Dec-19,19.16,19.16,19.16,19.16,14.37,-
26-Dec-19,19.19,19.19,19.19,19.19,14.4,-
27-Dec-19,18.11,18.11,18.11,18.11,14.34,-
30-Dec-19,18.07,18.07,18.07,18.07,14.31,-
31-Dec-19,18.12,18.12,18.12,18.12,14.35,-
02-Jan-20,18.18,18.18,18.18,18.18,14.4,-
03-Jan-20,18.09,18.09,18.09,18.09,14.32,-
06-Jan-20,18.09,18.09,18.09,18.09,14.32,-
07-Jan-20,18.04,18.04,18.04,18.04,14.28,-
08-Jan-20,18.08,18.08,18.08,18.08,14.32,-
09-Jan-20,18.1,18.1,18.1,18.1,14.33,-
10-Jan-20,18.01,18.01,18.01,18.01,14.26,-
13-Jan-20,18.13,18.13,18.13,18.13,14.36,-
14-Jan-20,18.15,18.15,18.15,18.15,14.37,-
15-Jan-20,18.15,18.15,18.15,18.15,14.37,-
16-Jan-20,18.34,18.34,18.34,18.34,14.52,-
17-Jan-20,18.32,18.32,18.32,18.32,14.51,-
21-Jan-20,18.16,18.16,18.16,18.16,14.38,-
22-Jan-20,18.16,18.16,18.16,18.16,14.38,-
23-Jan-20,18.16,18.16,18.16,18.16,14.38,-
24-Jan-20,17.93,17.93,17.93,17.93,14.2,-
27-Jan-20,17.65,17.65,17.65,17.65,13.98,-
28-Jan-20,17.79,17.79,17.79,17.79,14.09,-
29-Jan-20,17.67,17.67,17.67,17.67,13.99,-
30-Jan-20,17.7,17.7,17.7,17.7,14.02,-
31-Jan-20,17.32,17.32,17.32,17.32,13.71,-
03-Feb-20,17.43,17.43,17.43,17.43,13.8,-
04-Feb-20,17.64,17.64,17.64,17.64,13.97,-
05-Feb-20,17.98,17.98,17.98,17.98,14.24,-
06-Feb-20,17.92,17.92,17.92,17.92,14.19,-
07-Feb-20,17.74,17.74,17.74,17.74,14.05,-
10-Feb-20,17.78,17.78,17.78,17.78,14.08,-
11-Feb-20,17.92,17.92,17.92,17.92,14.19,-
12-Feb-20,18.04,18.04,18.04,18.04,14.28,-
13-Feb-20,18.04,18.04,18.04,18.04,14.28,-
14-Feb-20,17.97,17.97,17.97,17.97,14.23,-
18-Feb-20,17.87,17.87,17.87,17.87,14.15,-
19-Feb-20,17.97,17.97,17.97,17.97,14.23,-
20-Feb-20,17.99,17.99,17.99,17.99,14.25,-
21-Feb-20,17.8,17.8,17.8,17.8,14.09,-
24-Feb-20,17.21,17.21,17.21,17.21,13.63,-
25-Feb-20,16.6,16.6,16.6,16.6,13.14,-
26-Feb-20,16.37,16.37,16.37,16.37,12.96,-
27-Feb-20,15.75,15.75,15.75,15.75,12.47,-
28-Feb-20,15.56,15.56,15.56,15.56,12.32,-
02-Mar-20,16.06,16.06,16.06,16.06,12.72,-
03-Mar-20,15.63,15.63,15.63,15.63,12.38,-
04-Mar-20,16.14,16.14,16.14,16.14,12.78,-
05-Mar-20,15.5,15.5,15.5,15.5,12.27,-
06-Mar-20,15.16,15.16,15.16,15.16,12.0,-
09-Mar-20,15.16,15.16,15.16,15.16,12.0,-
10-Mar-20,14.2,14.2,14.2,14.2,11.24,-
11-Mar-20,13.4,13.4,13.4,13.4,10.61,-
12-Mar-20,13.4,13.4,13.4,13.4,10.61,-
13-Mar-20,13.09,13.09,13.09,13.09,10.37,-
16-Mar-20,13.09,13.09,13.09,13.09,10.37,-
17-Mar-20,12.05,12.05,12.05,12.05,9.54,-
18-Mar-20,10.92,10.92,10.92,10.92,8.65,-
19-Mar-20,11.34,11.34,11.34,11.34,8.98,-
20-Mar-20,10.86,10.86,10.86,10.86,8.6,-
23-Mar-20,10.58,10.58,10.58,10.58,8.38,-
24-Mar-20,11.65,11.65,11.65,11.65,9.22,-
25-Mar-20,11.85,11.85,11.85,11.85,9.38,-
26-Mar-20,12.58,12.58,12.58,12.58,9.96,-
27-Mar-20,12.05,12.05,12.05,12.05,9.54,-
30-Mar-20,12.34,12.34,12.34,12.34,9.77,-
31-Mar-20,12.24,12.24,12.24,12.24,9.69,-
01-Apr-20,11.54,11.54,11.54,11.54,9.14,-
02-Apr-20,11.74,11.74,11.74,11.74,9.3,-
03-Apr-20,11.44,11.44,11.44,11.44,9.06,-
06-Apr-20,12.32,12.32,12.32,12.32,9.76,-
07-Apr-20,12.42,12.42,12.42,12.42,9.83,-
08-Apr-20,12.94,12.94,12.94,12.94,10.25,-
09-Apr-20,13.4,13.4,13.4,13.4,10.61,-
13-Apr-20,13.06,13.06,13.06,13.06,10.34,-
14-Apr-20,13.26,13.26,13.26,13.26,10.5,-
15-Apr-20,12.75,12.75,12.75,12.75,10.1,-
16-Apr-20,12.67,12.67,12.67,12.67,10.03,-
17-Apr-20,13.23,13.23,13.23,13.23,10.48,-
20-Apr-20,12.97,12.97,12.97,12.97,10.27,-
21-Apr-20,12.63,12.63,12.63,12.63,10.0,-
22-Apr-20,12.79,12.79,12.79,12.79,10.13,-
23-Apr-20,12.91,12.91,12.91,12.91,10.22,-
24-Apr-20,13.1,13.1,13.1,13.1,10.37,-
27-Apr-20,13.58,13.58,13.58,13.58,10.75,-
28-Apr-20,13.78,13.78,13.78,13.78,10.91,-
29-Apr-20,14.41,14.41,14.41,14.41,11.41,-
30-Apr-20,13.97,13.97,13.97,13.97,11.06,-
01-May-20,13.46,13.46,13.46,13.46,10.66,-
04-May-20,13.44,13.44,13.44,13.44,10.64,-
05-May-20,13.45,13.45,13.45,13.45,10.65,-
06-May-20,13.24,13.24,13.24,13.24,10.48,-
07-May-20,13.44,13.44,13.44,13.44,10.64,-
08-May-20,13.93,13.93,13.93,13.93,11.03,-
11-May-20,13.72,13.72,13.72,13.72,10.86,-
12-May-20,13.28,13.28,13.28,13.28,10.52,-
13-May-20,12.84,12.84,12.84,12.84,10.17,-
14-May-20,12.97,12.97,12.97,12.97,10.27,-
15-May-20,13.07,13.07,13.07,13.07,10.35,-
18-May-20,13.88,13.88,13.88,13.88,10.99,-
19-May-20,13.62,13.62,13.62,13.62,10.78,-
20-May-20,13.99,13.99,13.99,13.99,11.08,-
21-May-20,13.95,13.95,13.95,13.95,11.05,-
22-May-20,13.97,13.97,13.97,13.97,11.06,-
26-May-20,14.47,14.47,14.47,14.47,11.46,-
27-May-20,14.97,14.97,14.97,14.97,11.85,-
28-May-20,14.64,14.64,14.64,14.64,11.59,-
29-May-20,14.54,14.54,14.54,14.54,11.51,-
01-Jun-20,14.63,14.63,14.63,14.63,11.58,-
02-Jun-20,14.8,14.8,14.8,14.8,11.72,-
03-Jun-20,15.21,15.21,15.21,15.21,12.04,-
04-Jun-20,15.36,15.36,15.36,15.36,12.16,-
05-Jun-20,15.97,15.97,15.97,15.97,12.65,-
08-Jun-20,16.31,16.31,16.31,16.31,12.91,-
09-Jun-20,15.96,15.96,15.96,15.96,12.64,-
10-Jun-20,15.48,15.48,15.48,15.48,12.26,-
11-Jun-20,14.29,14.29,14.29,14.29,11.32,-
12-Jun-20,14.61,14.61,14.61,14.61,11.57,-
15-Jun-20,14.81,14.81,14.81,14.81,11.73,-
16-Jun-20,15.15,15.15,15.15,15.15,12.0,-
17-Jun-20,14.88,14.88,14.88,14.88,11.78,-
18-Jun-20,14.86,14.86,14.86,14.86,11.77,-
19-Jun-20,14.73,14.73,14.73,14.73,11.66,-
22-Jun-20,14.78,14.78,14.78,14.78,11.7,-
23-Jun-20,14.83,14.83,14.83,14.83,11.74,-
24-Jun-20,14.3,14.3,14.3,14.3,11.32,-
25-Jun-20,14.51,14.51,14.51,14.51,11.49,-
26-Jun-20,14.12,14.12,14.12,14.12,11.18,-
29-Jun-20,14.54,14.54,14.54,14.54,11.51,-
30-Jun-20,14.75,14.75,14.75,14.75,11.68,-
01-Jul-20,14.56,14.56,14.56,14.56,11.53,-
02-Jul-20,14.64,14.64,14.64,14.64,11.59,-
06-Jul-20,14.84,14.84,14.84,14.84,11.75,-
07-Jul-20,14.54,14.54,14.54,14.54,11.51,-
08-Jul-20,14.62,14.62,14.62,14.62,11.58,-
09-Jul-20,14.3,14.3,14.3,14.3,11.32,-
10-Jul-20,14.63,14.63,14.63,14.63,11.58,-
13-Jul-20,14.55,14.55,14.55,14.55,11.52,-
14-Jul-20,14.79,14.79,14.79,14.79,11.71,-
15-Jul-20,15.21,15.21,15.21,15.21,12.04,-
16-Jul-20,15.19,15.19,15.19,15.19,12.03,-
17-Jul-20,15.17,15.17,15.17,15.17,12.01,-
20-Jul-20,15.07,15.07,15.07,15.07,11.93,-
21-Jul-20,15.34,15.34,15.34,15.34,12.15,-
22-Jul-20,15.38,15.38,15.38,15.38,12.18,-
23-Jul-20,15.42,15.42,15.42,15.42,12.21,-
24-Jul-20,15.24,15.24,15.24,15.24,12.07,-
27-Jul-20,15.33,15.33,15.33,15.33,12.14,-
28-Jul-20,15.21,15.21,15.21,15.21,12.04,-
29-Jul-20,15.52,15.52,15.52,15.52,12.29,-
30-Jul-20,15.36,15.36,15.36,15.36,12.16,-
31-Jul-20,15.29,15.29,15.29,15.29,12.11,-
03-Aug-20,15.45,15.45,15.45,15.45,12.23,-
04-Aug-20,15.52,15.52,15.52,15.52,12.29,-
05-Aug-20,15.75,15.75,15.75,15.75,12.47,-
06-Aug-20,15.73,15.73,15.73,15.73,12.46,-
07-Aug-20,15.97,15.97,15.97,15.97,12.65,-
10-Aug-20,16.18,16.18,16.18,16.18,12.81,-
11-Aug-20,16.17,16.17,16.17,16.17,12.8,-
12-Aug-20,16.27,16.27,16.27,16.27,12.88,-
13-Aug-20,16.17,16.17,16.17,16.17,12.8,-
14-Aug-20,16.22,16.22,16.22,16.22,12.84,-
17-Aug-20,16.18,16.18,16.18,16.18,12.81,-
18-Aug-20,16.04,16.04,16.04,16.04,12.7,-
19-Aug-20,16.02,16.02,16.02,16.02,12.69,-
20-Aug-20,15.9,15.9,15.9,15.9,12.59,-
21-Aug-20,15.85,15.85,15.85,15.85,12.55,-
24-Aug-20,16.13,16.13,16.13,16.13,12.77,-
25-Aug-20,16.12,16.12,16.12,16.12,12.76,-
26-Aug-20,16.05,16.05,16.05,16.05,12.71,-
27-Aug-20,16.13,16.13,16.13,16.13,12.77,-
28-Aug-20,16.25,16.25,16.25,16.25,12.87,-
31-Aug-20,16.06,16.06,16.06,16.06,12.72,-
01-Sep-20,16.19,16.19,16.19,16.19,12.82,-
02-Sep-20,16.38,16.38,16.38,16.38,12.97,-
03-Sep-20,15.98,15.98,15.98,15.98,12.65,-
04-Sep-20,15.97,15.97,15.97,15.97,12.65,-
08-Sep-20,15.6,15.6,15.6,15.6,12.35,-
09-Sep-20,15.77,15.77,15.77,15.77,12.49,-
10-Sep-20,15.55,15.55,15.55,15.55,12.31,-
11-Sep-20,15.57,15.57,15.57,15.57,12.33,-
14-Sep-20,15.82,15.82,15.82,15.82,12.53,-
15-Sep-20,15.78,15.78,15.78,15.78,12.5,-
16-Sep-20,15.9,15.9,15.9,15.9,12.59,-
17-Sep-20,15.83,15.83,15.83,15.83,12.53,-
18-Sep-20,15.71,15.71,15.71,15.71,12.44,-
21-Sep-20,15.24,15.24,15.24,15.24,12.07,-
22-Sep-20,15.3,15.3,15.3,15.3,12.12,-
23-Sep-20,14.91,14.91,14.91,14.91,11.81,-
24-Sep-20,14.96,14.96,14.96,14.96,11.85,-
25-Sep-20,15.11,15.11,15.11,15.11,11.96,-
28-Sep-20,15.46,15.46,15.46,15.46,12.24,-
29-Sep-20,15.36,15.36,15.36,15.36,12.16,-
30-Sep-20,15.43,15.43,15.43,15.43,12.22,-
01-Oct-20,15.56,15.56,15.56,15.56,12.32,-
02-Oct-20,15.67,15.67,15.67,15.67,12.41,-
05-Oct-20,16.03,16.03,16.03,16.03,12.69,-
06-Oct-20,15.91,15.91,15.91,15.91,12.6,-
07-Oct-20,16.22,16.22,16.22,16.22,12.84,-
08-Oct-20,16.44,16.44,16.44,16.44,13.02,-
09-Oct-20,16.49,16.49,16.49,16.49,13.06,-
12-Oct-20,16.64,16.64,16.64,16.64,13.18,-
13-Oct-20,16.45,16.45,16.45,16.45,13.03,-
14-Oct-20,16.37,16.37,16.37,16.37,12.96,-
15-Oct-20,16.52,16.52,16.52,16.52,13.08,-
16-Oct-20,16.49,16.49,16.49,16.49,13.06,-
19-Oct-20,16.28,16.28,16.28,16.28,12.89,-
20-Oct-20,16.39,16.39,16.39,16.39,12.98,-
21-Oct-20,16.32,16.32,16.32,16.32,12.92,-
22-Oct-20,16.55,16.55,16.55,16.55,13.1,-
23-Oct-20,16.61,16.61,16.61,16.61,13.15,-
26-Oct-20,16.24,16.24,16.24,16.24,12.86,-
27-Oct-20,16.0,16.0,16.0,16.0,12.67,-
28-Oct-20,15.51,15.51,15.51,15.51,12.28,-
29-Oct-20,15.69,15.69,15.69,15.69,12.42,-
30-Oct-20,15.61,15.61,15.61,15.61,12.36,-
02-Nov-20,15.93,15.93,15.93,15.93,12.61,-
03-Nov-20,16.3,16.3,16.3,16.3,12.91,-
04-Nov-20,16.21,16.21,16.21,16.21,12.84,-
05-Nov-20,16.63,16.63,16.63,16.63,13.17,-
06-Nov-20,16.51,16.51,16.51,16.51,13.07,-
09-Nov-20,17.22,17.22,17.22,17.22,13.64,-
10-Nov-20,17.52,17.52,17.52,17.52,13.87,-
11-Nov-20,17.46,17.46,17.46,17.46,13.83,-
12-Nov-20,17.15,17.15,17.15,17.15,13.58,-
13-Nov-20,17.53,17.53,17.53,17.53,13.88,-
16-Nov-20,17.97,17.97,17.97,17.97,14.23,-
17-Nov-20,17.95,17.95,17.95,17.95,14.21,-
18-Nov-20,17.77,17.77,17.77,17.77,14.07,-
19-Nov-20,17.83,17.83,17.83,17.83,14.12,-
20-Nov-20,17.75,17.75,17.75,17.75,14.06,-
23-Nov-20,18.1,18.1,18.1,18.1,14.33,-
24-Nov-20,18.56,18.56,18.56,18.56,14.7,-
25-Nov-20,18.4,18.4,18.4,18.4,14.57,-
27-Nov-20,18.39,18.39,18.39,18.39,14.56,-
30-Nov-20,18.04,18.04,18.04,18.04,14.28,-
01-Dec-20,18.27,18.27,18.27,18.27,14.47,-
02-Dec-20,18.36,18.36,18.36,18.36,14.54,-
03-Dec-20,18.46,18.46,18.46,18.46,14.62,-
04-Dec-20,18.84,18.84,18.84,18.84,14.92,-
07-Dec-20,18.76,18.76,18.76,18.76,14.85,-
08-Dec-20,18.87,18.87,18.87,18.87,14.94,-
09-Dec-20,18.83,18.83,18.83,18.83,14.91,-
10-Dec-20,18.87,18.87,18.87,18.87,14.94,-
11-Dec-20,18.76,18.76,18.76,18.76,14.85,-
14-Dec-20,18.76,18.76,18.76,18.76,14.85,-
15-Dec-20,18.63,18.63,18.63,18.63,14.75,-
16-Dec-20,18.92,18.92,18.92,18.92,14.98,-
17-Dec-20,19.05,19.05,19.05,19.05,15.08,-
18-Dec-20,18.93,18.93,18.93,18.93,14.99,-
21-Dec-20,18.84,18.84,18.84,18.84,14.92,-
22-Dec-20,18.78,18.78,18.78,18.78,14.87,-
23-Dec-20,19.0,19.0,19.0,19.0,15.04,-
24-Dec-20,19.02,19.02,19.02,19.02,15.06,-
28-Dec-20,19.09,19.09,19.09,19.09,15.12,-
29-Dec-20,18.62,18.62,18.62,18.62,14.98,-
30-Dec-20,18.77,18.77,18.77,18.77,15.1,-
31-Dec-20,18.84,18.84,18.84,18.84,15.16,-
04-Jan-21,18.63,18.63,18.63,18.63,14.99,-
05-Jan-21,18.93,18.93,18.93,18.93,15.23,-
06-Jan-21,19.66,19.66,19.66,19.66,15.82,-
07-Jan-21,19.92,19.92,19.92,19.92,16.03,-
08-Jan-21,19.79,19.79,19.79,19.79,15.92,-
11-Jan-21,19.86,19.86,19.86,19.86,15.98,-
12-Jan-21,20.12,20.12,20.12,20.12,16.19,-
13-Jan-21,19.99,19.99,19.99,19.99,16.08,-
14-Jan-21,20.24,20.24,20.24,20.24,16.29,-
15-Jan-21,19.96,19.96,19.96,19.96,16.06,-
19-Jan-21,20.13,20.13,20.13,20.13,16.2,-
20-Jan-21,20.26,20.26,20.26,20.26,16.3,-
21-Jan-21,20.12,20.12,20.12,20.12,16.19,-
22-Jan-21,20.18,20.18,20.18,20.18,16.24,-
25-Jan-21,20.12,20.12,20.12,20.12,16.19,-
26-Jan-21,20.04,20.04,20.04,20.04,16.13,-
27-Jan-21,19.65,19.65,19.65,19.65,15.81,-
28-Jan-21,19.73,19.73,19.73,19.73,15.88,-
29-Jan-21,19.36,19.36,19.36,19.36,15.58,-
01-Feb-21,19.74,19.74,19.74,19.74,15.88,-
02-Feb-21,19.98,19.98,19.98,19.98,16.08,-
03-Feb-21,20.08,20.08,20.08,20.08,16.16,-
04-Feb-21,20.4,20.4,20.4,20.4,16.41,-
05-Feb-21,20.54,20.54,20.54,20.54,16.53,-
08-Feb-21,20.95,20.95,20.95,20.95,16.86,-
09-Feb-21,20.98,20.98,20.98,20.98,16.88,-
10-Feb-21,20.95,20.95,20.95,20.95,16.86,-
11-Feb-21,21.0,21.0,21.0,21.0,16.9,-
12-Feb-21,21.11,21.11,21.11,21.11,16.99,-
16-Feb-21,21.14,21.14,21.14,21.14,17.01,-
17-Feb-21,21.09,21.09,21.09,21.09,16.97,-
18-Feb-21,20.86,20.86,20.86,20.86,16.78,-
19-Feb-21,21.16,21.16,21.16,21.16,17.03,-
22-Feb-21,21.28,21.28,21.28,21.28,17.12,-
23-Feb-21,21.29,21.29,21.29,21.29,17.13,-
24-Feb-21,21.73,21.73,21.73,21.73,17.48,-
25-Feb-21,21.13,21.13,21.13,21.13,17.0,-
26-Feb-21,21.02,21.02,21.02,21.02,16.91,-
01-Mar-21,21.62,21.62,21.62,21.62,17.4,-
02-Mar-21,21.42,21.42,21.42,21.42,17.24,-
03-Mar-21,21.45,21.45,21.45,21.45,17.26,-
04-Mar-21,21.13,21.13,21.13,21.13,17.0,-
05-Mar-21,21.69,21.69,21.69,21.69,17.45,-
08-Mar-21,21.97,21.97,21.97,21.97,17.68,-
09-Mar-21,22.02,22.02,22.02,22.02,17.72,-
10-Mar-21,22.02,22.02,22.02,22.02,17.72,-
11-Mar-21,22.63,22.63,22.63,22.63,18.21,-
12-Mar-21,22.82,22.82,22.82,22.82,18.36,-
15-Mar-21,22.86,22.86,22.86,22.86,18.39,-
16-Mar-21,22.62,22.62,22.62,22.62,18.2,-
17-Mar-21,22.78,22.78,22.78,22.78,18.33,-
18-Mar-21,22.45,22.45,22.45,22.45,18.06,-
19-Mar-21,22.47,22.47,22.47,22.47,18.08,-
22-Mar-21,22.28,22.28,22.28,22.28,17.93,-
23-Mar-21,21.65,21.65,21.65,21.65,17.42,-
24-Mar-21,21.52,21.52,21.52,21.52,17.32,-
25-Mar-21,21.9,21.9,21.9,21.9,17.62,-
26-Mar-21,22.37,22.37,22.37,22.37,18.0,-
29-Mar-21,22.01,22.01,22.01,22.01,17.71,-
30-Mar-21,22.23,22.23,22.23,22.23,17.89,-
31-Mar-21,22.21,22.21,22.21,22.21,17.87,-
01-Apr-21,22.49,22.49,22.49,22.49,18.1,-
05-Apr-21,22.67,22.67,22.67,22.67,18.24,-
06-Apr-21,22.64,22.64,22.64,22.64,18.22,-
07-Apr-21,22.49,22.49,22.49,22.49,18.1,-
08-Apr-21,22.55,22.55,22.55,22.55,18.14,-
09-Apr-21,22.67,22.67,22.67,22.67,18.24,-
12-Apr-21,22.68,22.68,22.68,22.68,18.25,-
13-Apr-21,22.52,22.52,22.52,22.52,18.12,-
14-Apr-21,22.68,22.68,22.68,22.68,18.25,-
15-Apr-21,22.78,22.78,22.78,22.78,18.33,-
16-Apr-21,22.9,22.9,22.9,22.9,18.43,-
19-Apr-21,22.74,22.74,22.74,22.74,18.3,-
20-Apr-21,22.31,22.31,22.31,22.31,17.95,-
21-Apr-21,22.7,22.7,22.7,22.7,18.27,-
22-Apr-21,22.52,22.52,22.52,22.52,18.12,-
23-Apr-21,22.89,22.89,22.89,22.89,18.42,-
26-Apr-21,22.96,22.96,22.96,22.96,18.47,-
27-Apr-21,23.01,23.01,23.01,23.01,18.51,-
28-Apr-21,23.03,23.03,23.03,23.03,18.53,-
29-Apr-21,23.13,23.13,23.13,23.13,18.61,-
30-Apr-21,22.87,22.87,22.87,22.87,18.4,-
03-May-21,23.16,23.16,23.16,23.16,18.64,-
04-May-21,23.13,23.13,23.13,23.13,18.61,-
05-May-21,23.24,23.24,23.24,23.24,18.7,-
06-May-21,23.43,23.43,23.43,23.43,18.85,-
07-May-21,23.67,23.67,23.67,23.67,19.05,-
10-May-21,23.41,23.41,23.41,23.41,18.84,-
11-May-21,23.2,23.2,23.2,23.2,18.67,-
12-May-21,22.62,22.62,22.62,22.62,18.2,-
13-May-21,23.05,23.05,23.05,23.05,18.55,-
14-May-21,23.48,23.48,23.48,23.48,18.89,-
17-May-21,23.53,23.53,23.53,23.53,18.93,-
18-May-21,23.24,23.24,23.24,23.24,18.7,-
19-May-21,23.08,23.08,23.08,23.08,18.57,-
20-May-21,23.16,23.16,23.16,23.16,18.64,-
21-May-21,23.26,23.26,23.26,23.26,18.72,-
24-May-21,23.37,23.37,23.37,23.37,18.8,-
25-May-21,23.09,23.09,23.09,23.09,18.58,-
26-May-21,23.35,23.35,23.35,23.35,18.79,-
27-May-21,23.56,23.56,23.56,23.56,18.96,-
28-May-21,23.54,23.54,23.54,23.54,18.94,-
01-Jun-21,23.77,23.77,23.77,23.77,19.13,-
02-Jun-21,23.69,23.69,23.69,23.69,19.06,-
03-Jun-21,23.64,23.64,23.64,23.64,19.02,-
04-Jun-21,23.72,23.72,23.72,23.72,19.09,-
07-Jun-21,23.75,23.75,23.75,23.75,19.11,-
08-Jun-21,23.86,23.86,23.86,23.86,19.2,-
09-Jun-21,23.68,23.68,23.68,23.68,19.05,-
10-Jun-21,23.55,23.55,23.55,23.55,18.95,-
11-Jun-21,23.7,23.7,23.7,23.7,19.07,-
14-Jun-21,23.52,23.52,23.52,23.52,18.93,-
15-Jun-21,23.6,23.6,23.6,23.6,18.99,-
16-Jun-21,23.5,23.5,23.5,23.5,18.91,-
17-Jun-21,23.06,23.06,23.06,23.06,18.56,-
18-Jun-21,22.57,22.57,22.57,22.57,18.16,-
21-Jun-21,23.07,23.07,23.07,23.07,18.56,-
22-Jun-21,23.12,23.12,23.12,23.12,18.6,-
23-Jun-21,23.13,23.13,23.13,23.13,18.61,-
24-Jun-21,23.39,23.39,23.39,23.39,18.82,-
25-Jun-21,23.45,23.45,23.45,23.45,18.87,-
28-Jun-21,23.26,23.26,23.26,23.26,18.72,-
29-Jun-21,23.2,23.2,23.2,23.2,18.67,-
30-Jun-21,23.29,23.29,23.29,23.29,18.74,-
01-Jul-21,23.47,23.47,23.47,23.47,18.89,-
02-Jul-21,23.38,23.38,23.38,23.38,18.81,-
06-Jul-21,23.02,23.02,23.02,23.02,18.52,-
07-Jul-21,22.99,22.99,22.99,22.99,18.5,-
08-Jul-21,22.71,22.71,22.71,22.71,18.27,-
09-Jul-21,23.21,23.21,23.21,23.21,18.68,-
12-Jul-21,23.3,23.3,23.3,23.3,18.75,-
13-Jul-21,23.01,23.01,23.01,23.01,18.51,-
14-Jul-21,22.88,22.88,22.88,22.88,18.41,-
15-Jul-21,22.82,22.82,22.82,22.82,18.36,-
16-Jul-21,22.48,22.48,22.48,22.48,18.09,-
19-Jul-21,22.03,22.03,22.03,22.03,17.73,-
20-Jul-21,22.54,22.54,22.54,22.54,18.14,-
21-Jul-21,22.89,22.89,22.89,22.89,18.42,-
22-Jul-21,22.65,22.65,22.65,22.65,18.23,-
23-Jul-21,22.8,22.8,22.8,22.8,18.35,-
26-Jul-21,22.95,22.95,22.95,22.95,18.47,-
27-Jul-21,22.82,22.82,22.82,22.82,18.36,-
28-Jul-21,22.95,22.95,22.95,22.95,18.47,-
29-Jul-21,23.19,23.19,23.19,23.19,18.66,-
30-Jul-21,23.09,23.09,23.09,23.09,18.58,-
02-Aug-21,22.98,22.98,22.98,22.98,18.49,-
03-Aug-21,23.21,23.21,23.21,23.21,18.68,-
04-Aug-21,22.87,22.87,22.87,22.87,18.4,-
05-Aug-21,23.1,23.1,23.1,23.1,18.59,-
06-Aug-21,23.33,23.33,23.33,23.33,18.77,-
09-Aug-21,23.23,23.23,23.23,23.23,18.69,-
10-Aug-21,23.46,23.46,23.46,23.46,18.88,-
11-Aug-21,23.67,23.67,23.67,23.67,19.05,-
12-Aug-21,23.61,23.61,23.61,23.61,19.0,-
13-Aug-21,23.5,23.5,23.5,23.5,18.91,-
16-Aug-21,23.44,23.44,23.44,23.44,18.86,-
17-Aug-21,23.17,23.17,23.17,23.17,18.64,-
18-Aug-21,22.94,22.94,22.94,22.94,18.46,-
19-Aug-21,22.74,22.74,22.74,22.74,18.3,-
20-Aug-21,22.97,22.97,22.97,22.97,18.48,-
23-Aug-21,23.23,23.23,23.23,23.23,18.69,-
24-Aug-21,23.39,23.39,23.39,23.39,18.82,-
25-Aug-21,23.49,23.49,23.49,23.49,18.9,-
26-Aug-21,23.26,23.26,23.26,23.26,18.72,-
27-Aug-21,23.73,23.73,23.73,23.73,19.09,-
30-Aug-21,23.59,23.59,23.59,23.59,18.98,-
31-Aug-21,23.59,23.59,23.59,23.59,18.98,-
01-Sep-21,23.59,23.59,23.59,23.59,18.98,-
02-Sep-21,23.72,23.72,23.72,23.72,19.09,-
03-Sep-21,23.61,23.61,23.61,23.61,19.0,-
07-Sep-21,23.43,23.43,23.43,23.43,18.85,-
08-Sep-21,23.27,23.27,23.27,23.27,18.72,-
09-Sep-21,23.23,23.23,23.23,23.23,18.69,-
10-Sep-21,23.05,23.05,23.05,23.05,18.55,-
13-Sep-21,23.23,23.23,23.23,23.23,18.69,-
14-Sep-21,22.93,22.93,22.93,22.93,18.45,-
15-Sep-21,23.21,23.21,23.21,23.21,18.68,-
16-Sep-21,23.13,23.13,23.13,23.13,18.61,-
17-Sep-21,23.04,23.04,23.04,23.04,18.54,-
20-Sep-21,22.59,22.59,22.59,22.59,18.18,-
21-Sep-21,22.53,22.53,22.53,22.53,18.13,-
22-Sep-21,22.84,22.84,22.84,22.84,18.38,-
23-Sep-21,23.25,23.25,23.25,23.25,18.71,-
24-Sep-21,23.28,23.28,23.28,23.28,18.73,-
27-Sep-21,23.63,23.63,23.63,23.63,19.01,-
28-Sep-21,23.29,23.29,23.29,23.29,18.74,-
29-Sep-21,23.34,23.34,23.34,23.34,18.78,-
30-Sep-21,23.0,23.0,23.0,23.0,18.51,-
01-Oct-21,23.36,23.36,23.36,23.36,18.8,-
04-Oct-21,23.27,23.27,23.27,23.27,18.72,-
05-Oct-21,23.43,23.43,23.43,23.43,18.85,-
06-Oct-21,23.33,23.33,23.33,23.33,18.77,-
07-Oct-21,23.63,23.63,23.63,23.63,19.01,-
08-Oct-21,23.57,23.57,23.57,23.57,18.97,-
11-Oct-21,23.4,23.4,23.4,23.4,18.83,-
12-Oct-21,23.39,23.39,23.39,23.39,18.82,-
13-Oct-21,23.36,23.36,23.36,23.36,18.8,-
14-Oct-21,23.71,23.71,23.71,23.71,19.08,-
15-Oct-21,23.76,23.76,23.76,23.76,19.12,-
18-Oct-21,23.79,23.79,23.79,23.79,19.14,-
19-Oct-21,23.88,23.88,23.88,23.88,19.21,-
20-Oct-21,24.1,24.1,24.1,24.1,19.39,-
21-Oct-21,24.1,24.1,24.1,24.1,19.39,-
22-Oct-21,24.12,24.12,24.12,24.12,19.41,-
25-Oct-21,24.29,24.29,24.29,24.29,19.54,-
26-Oct-21,24.14,24.14,24.14,24.14,19.42,-
27-Oct-21,23.71,23.71,23.71,23.71,19.08,-
28-Oct-21,24.04,24.04,24.04,24.04,19.34,-
29-Oct-21,24.02,24.02,24.02,24.02,19.33,-
01-Nov-21,24.42,24.42,24.42,24.42,19.65,-
02-Nov-21,24.44,24.44,24.44,24.44,19.67,-
03-Nov-21,24.78,24.78,24.78,24.78,19.94,-
04-Nov-21,24.72,24.72,24.72,24.72,19.89,-
05-Nov-21,25.07,25.07,25.07,25.07,20.17,-
08-Nov-21,25.13,25.13,25.13,25.13,20.22,-
09-Nov-21,25.08,25.08,25.08,25.08,20.18,-
10-Nov-21,24.89,24.89,24.89,24.89,20.03,-
11-Nov-21,25.05,25.05,25.05,25.05,20.16,-
12-Nov-21,25.11,25.11,25.11,25.11,20.2,-
15-Nov-21,25.09,25.09,25.09,25.09,20.19,-
16-Nov-21,25.11,25.11,25.11,25.11,20.2,-
17-Nov-21,24.9,24.9,24.9,24.9,20.04,-
18-Nov-21,24.86,24.86,24.86,24.86,20.0,-
19-Nov-21,24.63,24.63,24.63,24.63,19.82,-
22-Nov-21,24.8,24.8,24.8,24.8,19.96,-
23-Nov-21,24.91,24.91,24.91,24.91,20.04,-
24-Nov-21,24.86,24.86,24.86,24.86,20.0,-
26-Nov-21,24.09,24.09,24.09,24.09,19.38,-
29-Nov-21,24.11,24.11,24.11,24.11,19.4,-
30-Nov-21,23.54,23.54,23.54,23.54,18.94,-
01-Dec-21,23.27,23.27,23.27,23.27,18.72,-
02-Dec-21,23.85,23.85,23.85,23.85,19.19,-
03-Dec-21,23.64,23.64,23.64,23.64,19.02,-
06-Dec-21,24.04,24.04,24.04,24.04,19.34,-
07-Dec-21,24.4,24.4,24.4,24.4,19.63,-
08-Dec-21,24.45,24.45,24.45,24.45,19.67,-
09-Dec-21,24.22,24.22,24.22,24.22,19.49,-
10-Dec-21,24.34,24.34,24.34,24.34,19.59,-
13-Dec-21,23.99,23.99,23.99,23.99,19.3,-
14-Dec-21,23.92,23.92,23.92,23.92,19.25,-
15-Dec-21,24.18,24.18,24.18,24.18,19.46,-
16-Dec-21,24.06,24.06,24.06,24.06,19.36,-
17-Dec-21,23.9,23.9,23.9,23.9,19.23,-
20-Dec-21,23.55,23.55,23.55,23.55,18.95,-
21-Dec-21,24.12,24.12,24.12,24.12,19.41,-
22-Dec-21,24.34,24.34,24.34,24.34,19.59,-
23-Dec-21,24.51,24.51,24.51,24.51,19.72,-
27-Dec-21,24.84,24.84,24.84,24.84,19.99,-
28-Dec-21,23.78,23.78,23.78,23.78,19.97,-
29-Dec-21,23.86,23.86,23.86,23.86,20.04,-
30-Dec-21,23.77,23.77,23.77,23.77,19.96,-
31-Dec-21,23.78,23.78,23.78,23.78,19.97,-
03-Jan-22,24.01,24.01,24.01,24.01,20.17,-
04-Jan-22,24.26,24.26,24.26,24.26,20.38,-
05-Jan-22,23.87,23.87,23.87,23.87,20.05,-
06-Jan-22,24.01,24.01,24.01,24.01,20.17,-
07-Jan-22,23.91,23.91,23.91,23.91,20.08,-
10-Jan-22,23.84,23.84,23.84,23.84,20.02,-
11-Jan-22,24.05,24.05,24.05,24.05,20.2,-
12-Jan-22,24.03,24.03,24.03,24.03,20.18,-
13-Jan-22,24.01,24.01,24.01,24.01,20.17,-
14-Jan-22,24.07,24.07,24.07,24.07,20.22,-
18-Jan-22,23.58,23.58,23.58,23.58,19.81,-
19-Jan-22,23.22,23.22,23.22,23.22,19.5,-
20-Jan-22,22.83,22.83,22.83,22.83,19.18,-
21-Jan-22,22.46,22.46,22.46,22.46,18.86,-
24-Jan-22,22.77,22.77,22.77,22.77,19.12,-
25-Jan-22,22.6,22.6,22.6,22.6,18.98,-
26-Jan-22,22.4,22.4,22.4,22.4,18.81,-
27-Jan-22,22.13,22.13,22.13,22.13,18.59,-
28-Jan-22,22.44,22.44,22.44,22.44,18.85,-
31-Jan-22,22.8,22.8,22.8,22.8,19.15,-
01-Feb-22,23.02,23.02,23.02,23.02,19.33,-
02-Feb-22,23.06,23.06,23.06,23.06,19.37,-
03-Feb-22,22.74,22.74,22.74,22.74,19.1,-
04-Feb-22,22.74,22.74,22.74,22.74,19.1,-
07-Feb-22,22.78,22.78,22.78,22.78,19.13,-
08-Feb-22,23.1,23.1,23.1,23.1,19.4,-
09-Feb-22,23.36,23.36,23.36,23.36,19.62,-
10-Feb-22,23.05,23.05,23.05,23.05,19.36,-
11-Feb-22,22.84,22.84,22.84,22.84,19.18,-
14-Feb-22,22.72,22.72,22.72,22.72,19.08,-
15-Feb-22,23.17,23.17,23.17,23.17,19.46,-
16-Feb-22,23.23,23.23,23.23,23.23,19.51,-
17-Feb-22,22.79,22.79,22.79,22.79,19.14,-
18-Feb-22,22.68,22.68,22.68,22.68,19.05,-
22-Feb-22,22.4,22.4,22.4,22.4,18.81,-
23-Feb-22,22.08,22.08,22.08,22.08,18.55,-
24-Feb-22,22.27,22.27,22.27,22.27,18.7,-
25-Feb-22,22.86,22.86,22.86,22.86,19.2,-
28-Feb-22,22.84,22.84,22.84,22.84,19.18,-
01-Mar-22,22.38,22.38,22.38,22.38,18.8,-
02-Mar-22,23.01,23.01,23.01,23.01,19.33,-
03-Mar-22,22.91,22.91,22.91,22.91,19.24,-
04-Mar-22,22.66,22.66,22.66,22.66,19.03,-
07-Mar-22,22.05,22.05,22.05,22.05,18.52,-
08-Mar-22,22.05,22.05,22.05,22.05,18.52,-
09-Mar-22,22.51,22.51,22.51,22.51,18.91,-
10-Mar-22,22.51,22.51,22.51,22.51,18.91,-
11-Mar-22,22.31,22.31,22.31,22.31,18.74,-
14-Mar-22,22.16,22.16,22.16,22.16,18.61,-
15-Mar-22,22.41,22.41,22.41,22.41,18.82,-
16-Mar-22,22.91,22.91,22.91,22.91,19.24,-
17-Mar-22,23.16,23.16,23.16,23.16,19.45,-
18-Mar-22,23.28,23.28,23.28,23.28,19.55,-
21-Mar-22,23.25,23.25,23.25,23.25,19.53,-
22-Mar-22,23.41,23.41,23.41,23.41,19.66,-
23-Mar-22,23.06,23.06,23.06,23.06,19.37,-
24-Mar-22,23.31,23.31,23.31,23.31,19.58,-
25-Mar-22,23.5,23.5,23.5,23.5,19.74,-
28-Mar-22,23.41,23.41,23.41,23.41,19.66,-
29-Mar-22,23.75,23.75,23.75,23.75,19.95,-
30-Mar-22,23.46,23.46,23.46,23.46,19.7,-
31-Mar-22,23.12,23.12,23.12,23.12,19.42,-
01-Apr-22,23.22,23.22,23.22,23.22,19.5,-
04-Apr-22,23.18,23.18,23.18,23.18,19.47,-
05-Apr-22,22.8,22.8,22.8,22.8,19.15,-
06-Apr-22,22.6,22.6,22.6,22.6,18.98,-
07-Apr-22,22.64,22.64,22.64,22.64,19.02,-
08-Apr-22,22.66,22.66,22.66,22.66,19.03,-
11-Apr-22,22.5,22.5,22.5,22.5,18.9,-
12-Apr-22,22.53,22.53,22.53,22.53,18.92,-
13-Apr-22,22.85,22.85,22.85,22.85,19.19,-
14-Apr-22,22.72,22.72,22.72,22.72,19.08,-
18-Apr-22,22.75,22.75,22.75,22.75,19.11,-
19-Apr-22,23.13,23.13,23.13,23.13,19.43,-
20-Apr-22,23.26,23.26,23.26,23.26,19.54,-
21-Apr-22,22.88,22.88,22.88,22.88,19.22,-
22-Apr-22,22.25,22.25,22.25,22.25,18.69,-
25-Apr-22,22.25,22.25,22.25,22.25,18.69,-
26-Apr-22,21.72,21.72,21.72,21.72,18.24,-
27-Apr-22,21.73,21.73,21.73,21.73,18.25,-
28-Apr-22,22.16,22.16,22.16,22.16,18.61,-
29-Apr-22,21.55,21.55,21.55,21.55,18.1,-
02-May-22,21.69,21.69,21.69,21.69,18.22,-
03-May-22,21.93,21.93,21.93,21.93,18.42,-
04-May-22,22.56,22.56,22.56,22.56,18.95,-
05-May-22,21.88,21.88,21.88,21.88,18.38,-
06-May-22,21.73,21.73,21.73,21.73,18.25,-
09-May-22,21.11,21.11,21.11,21.11,17.73,-
10-May-22,21.04,21.04,21.04,21.04,17.67,-
11-May-22,20.75,20.75,20.75,20.75,17.43,-
12-May-22,20.85,20.85,20.85,20.85,17.51,-
13-May-22,21.28,21.28,21.28,21.28,17.87,-
16-May-22,21.27,21.27,21.27,21.27,17.86,-
17-May-22,21.84,21.84,21.84,21.84,18.34,-
18-May-22,21.09,21.09,21.09,21.09,17.71,-
19-May-22,20.98,20.98,20.98,20.98,17.62,-
20-May-22,20.94,20.94,20.94,20.94,17.59,-
23-May-22,21.27,21.27,21.27,21.27,17.86,-
24-May-22,21.11,21.11,21.11,21.11,17.73,-
25-May-22,21.44,21.44,21.44,21.44,18.01,-
26-May-22,21.87,21.87,21.87,21.87,18.37,-
27-May-22,22.32,22.32,22.32,22.32,18.75,-
31-May-22,22.14,22.14,22.14,22.14,18.6,-
01-Jun-22,22.04,22.04,22.04,22.04,18.51,-
02-Jun-22,22.41,22.41,22.41,22.41,18.82,-
03-Jun-22,22.18,22.18,22.18,22.18,18.63,-
06-Jun-22,22.31,22.31,22.31,22.31,18.74,-
07-Jun-22,22.55,22.55,22.55,22.55,18.94,-
08-Jun-22,22.21,22.21,22.21,22.21,18.65,-
09-Jun-22,21.75,21.75,21.75,21.75,18.27,-
10-Jun-22,21.17,21.17,21.17,21.17,17.78,-
13-Jun-22,20.3,20.3,20.3,20.3,17.05,-
14-Jun-22,20.28,20.28,20.28,20.28,17.03,-
15-Jun-22,20.46,20.46,20.46,20.46,17.18,-
16-Jun-22,19.59,19.59,19.59,19.59,16.45,-
17-Jun-22,19.59,19.59,19.59,19.59,16.45,-
21-Jun-22,19.97,19.97,19.97,19.97,16.77,-
22-Jun-22,19.85,19.85,19.85,19.85,16.67,-
23-Jun-22,19.86,19.86,19.86,19.86,16.68,-
24-Jun-22,20.47,20.47,20.47,20.47,17.19,-
27-Jun-22,20.57,20.57,20.57,20.57,17.28,-
28-Jun-22,20.31,20.31,20.31,20.31,17.06,-
29-Jun-22,20.14,20.14,20.14,20.14,16.92,-
30-Jun-22,20.01,20.01,20.01,20.01,16.81,-
01-Jul-22,20.19,20.19,20.19,20.19,16.96,-
05-Jul-22,20.07,20.07,20.07,20.07,16.86,-
06-Jul-22,19.97,19.97,19.97,19.97,16.77,-
07-Jul-22,20.33,20.33,20.33,20.33,17.08,-
08-Jul-22,20.3,20.3,20.3,20.3,17.05,-
11-Jul-22,20.08,20.08,20.08,20.08,16.87,-
12-Jul-22,20.02,20.02,20.02,20.02,16.82,-
13-Jul-22,19.94,19.94,19.94,19.94,16.75,-
14-Jul-22,19.75,19.75,19.75,19.75,16.59,-
15-Jul-22,20.18,20.18,20.18,20.18,16.95,-
18-Jul-22,20.16,20.16,20.16,20.16,16.93,-
19-Jul-22,20.79,20.79,20.79,20.79,17.46,-
20-Jul-22,20.95,20.95,20.95,20.95,17.6,-
21-Jul-22,21.0,21.0,21.0,21.0,17.64,-
22-Jul-22,20.82,20.82,20.82,20.82,17.49,-
25-Jul-22,20.99,20.99,20.99,20.99,17.63,-
26-Jul-22,20.87,20.87,20.87,20.87,17.53,-
27-Jul-22,21.31,21.31,21.31,21.31,17.9,-
28-Jul-22,21.5,21.5,21.5,21.5,18.06,-
29-Jul-22,21.73,21.73,21.73,21.73,18.25,-
01-Aug-22,21.72,21.72,21.72,21.72,18.24,-
02-Aug-22,21.52,21.52,21.52,21.52,18.07,-
03-Aug-22,21.71,21.71,21.71,21.71,18.23,-
04-Aug-22,21.59,21.59,21.59,21.59,18.13,-
05-Aug-22,21.66,21.66,21.66,21.66,18.19,-
08-Aug-22,21.74,21.74,21.74,21.74,18.26,-
09-Aug-22,21.61,21.61,21.61,21.61,18.15,-
10-Aug-22,22.06,22.06,22.06,22.06,18.53,-
11-Aug-22,22.24,22.24,22.24,22.24,18.68,-
12-Aug-22,22.61,22.61,22.61,22.61,18.99,-
15-Aug-22,22.62,22.62,22.62,22.62,19.0,-
16-Aug-22,22.73,22.73,22.73,22.73,19.09,-
17-Aug-22,22.49,22.49,22.49,22.49,18.89,-
18-Aug-22,22.67,22.67,22.67,22.67,19.04,-
19-Aug-22,22.37,22.37,22.37,22.37,18.79,-
22-Aug-22,21.93,21.93,21.93,21.93,18.42,-
23-Aug-22,21.93,21.93,21.93,21.93,18.42,-
24-Aug-22,22.0,22.0,22.0,22.0,18.48,-
25-Aug-22,22.36,22.36,22.36,22.36,18.78,-
26-Aug-22,21.7,21.7,21.7,21.7,18.23,-
29-Aug-22,21.56,21.56,21.56,21.56,18.11,-
30-Aug-22,21.25,21.25,21.25,21.25,17.85,-
31-Aug-22,21.07,21.07,21.07,21.07,17.7,-
01-Sep-22,20.94,20.94,20.94,20.94,17.59,-
02-Sep-22,20.81,20.81,20.81,20.81,17.48,-
06-Sep-22,20.62,20.62,20.62,20.62,17.32,-
07-Sep-22,20.94,20.94,20.94,20.94,17.59,-
08-Sep-22,21.07,21.07,21.07,21.07,17.7,-
09-Sep-22,21.44,21.44,21.44,21.44,18.01,-
12-Sep-22,21.68,21.68,21.68,21.68,18.21,-
13-Sep-22,20.85,20.85,20.85,20.85,17.51,-
14-Sep-22,20.88,20.88,20.88,20.88,17.54,-
15-Sep-22,20.76,20.76,20.76,20.76,17.44,-
16-Sep-22,20.56,20.56,20.56,20.56,17.27,-
19-Sep-22,20.78,20.78,20.78,20.78,17.45,-
20-Sep-22,20.5,20.5,20.5,20.5,17.22,-
21-Sep-22,20.21,20.21,20.21,20.21,16.97,-
22-Sep-22,19.92,19.92,19.92,19.92,16.73,-
23-Sep-22,19.44,19.44,19.44,19.44,16.33,-
26-Sep-22,19.17,19.17,19.17,19.17,16.1,-
27-Sep-22,19.17,19.17,19.17,19.17,16.1,-
28-Sep-22,19.65,19.65,19.65,19.65,16.5,-
29-Sep-22,19.3,19.3,19.3,19.3,16.21,-
30-Sep-22,19.12,19.12,19.12,19.12,16.06,-
03-Oct-22,19.69,19.69,19.69,19.69,16.54,-
04-Oct-22,20.4,20.4,20.4,20.4,17.13,-
05-Oct-22,20.33,20.33,20.33,20.33,17.08,-
06-Oct-22,20.2,20.2,20.2,20.2,16.97,-
07-Oct-22,19.73,19.73,19.73,19.73,16.57,-
10-Oct-22,19.73,19.73,19.73,19.73,16.57,-
11-Oct-22,19.62,19.62,19.62,19.62,16.48,-
12-Oct-22,19.56,19.56,19.56,19.56,16.43,-
13-Oct-22,20.13,20.13,20.13,20.13,16.91,-
14-Oct-22,19.7,19.7,19.7,19.7,16.55,-
17-Oct-22,20.16,20.16,20.16,20.16,16.93,-
18-Oct-22,20.41,20.41,20.41,20.41,17.14,-
19-Oct-22,20.23,20.23,20.23,20.23,16.99,-
20-Oct-22,20.01,20.01,20.01,20.01,16.81,-
21-Oct-22,20.5,20.5,20.5,20.5,17.22,-
24-Oct-22,20.7,20.7,20.7,20.7,17.39,-
25-Oct-22,21.05,21.05,21.05,21.05,17.68,-
26-Oct-22,21.09,21.09,21.09,21.09,17.71,-
27-Oct-22,21.08,21.08,21.08,21.08,17.71,-
28-Oct-22,21.53,21.53,21.53,21.53,18.08,-
31-Oct-22,21.49,21.49,21.49,21.49,18.05,-
01-Nov-22,21.56,21.56,21.56,21.56,18.11,-
02-Nov-22,21.02,21.02,21.02,21.02,17.65,-
03-Nov-22,20.92,20.92,20.92,20.92,17.57,-
04-Nov-22,21.27,21.27,21.27,21.27,17.86,-
07-Nov-22,21.49,21.49,21.49,21.49,18.05,-
08-Nov-22,21.53,21.53,21.53,21.53,18.08,-
09-Nov-22,21.06,21.06,21.06,21.06,17.69,-
10-Nov-22,22.08,22.08,22.08,22.08,18.55,-
11-Nov-22,22.21,22.21,22.21,22.21,18.65,-
14-Nov-22,22.04,22.04,22.04,22.04,18.51,-
15-Nov-22,22.27,22.27,22.27,22.27,18.7,-
16-Nov-22,21.97,21.97,21.97,21.97,18.45,-
17-Nov-22,21.92,21.92,21.92,21.92,18.41,-
18-Nov-22,22.05,22.05,22.05,22.05,18.52,-
21-Nov-22,22.0,22.0,22.0,22.0,18.48,-
22-Nov-22,22.31,22.31,22.31,22.31,18.74,-
23-Nov-22,22.33,22.33,22.33,22.33,18.76,-
25-Nov-22,22.39,22.39,22.39,22.39,18.81,-
28-Nov-22,22.0,22.0,22.0,22.0,18.48,-
29-Nov-22,22.0,22.0,22.0,22.0,18.48,-
30-Nov-22,22.56,22.56,22.56,22.56,18.95,-
01-Dec-22,22.51,22.51,22.51,22.51,18.91,-
02-Dec-22,22.53,22.53,22.53,22.53,18.92,-
05-Dec-22,21.99,21.99,21.99,21.99,18.47,-
06-Dec-22,21.77,21.77,21.77,21.77,18.28,-
07-Dec-22,21.71,21.71,21.71,21.71,18.23,-
08-Dec-22,21.8,21.8,21.8,21.8,18.31,-
09-Dec-22,21.6,21.6,21.6,21.6,18.14,-
12-Dec-22,21.86,21.86,21.86,21.86,18.36,-
13-Dec-22,21.96,21.96,21.96,21.96,18.44,-
14-Dec-22,21.82,21.82,21.82,21.82,18.33,-
15-Dec-22,21.36,21.36,21.36,21.36,17.94,-
16-Dec-22,21.18,21.18,21.18,21.18,17.79,-
19-Dec-22,21.03,21.03,21.03,21.03,17.66,-
20-Dec-22,21.11,21.11,21.11,21.11,17.73,-
21-Dec-22,21.44,21.44,21.44,21.44,18.01,-
22-Dec-22,21.17,21.17,21.17,21.17,17.78,-
23-Dec-22,21.34,21.34,21.34,21.34,17.92,-
27-Dec-22,21.34,21.34,21.34,21.34,17.92,-
28-Dec-22,19.38,19.38,19.38,19.38,17.62,-
29-Dec-22,19.73,19.73,19.73,19.73,17.94,-
30-Dec-22,19.67,19.67,19.67,19.67,17.88,-
03-Jan-23,19.67,19.67,19.67,19.67,17.88,-
04-Jan-23,19.81,19.81,19.81,19.81,18.01,-
05-Jan-23,19.69,19.69,19.69,19.69,17.9,-
06-Jan-23,20.16,20.16,20.16,20.16,18.33,-
09-Jan-23,20.11,20.11,20.11,20.11,18.28,-
10-Jan-23,20.32,20.32,20.32,20.32,18.47,-
11-Jan-23,20.5,20.5,20.5,20.5,18.64,-
12-Jan-23,20.69,20.69,20.69,20.69,18.81,-
13-Jan-23,20.78,20.78,20.78,20.78,18.89,-
17-Jan-23,20.68,20.68,20.68,20.68,18.8,-
18-Jan-23,20.34,20.34,20.34,20.34,18.49,-
19-Jan-23,20.21,20.21,20.21,20.21,18.37,-
20-Jan-23,20.53,20.53,20.53,20.53,18.66,-
23-Jan-23,20.74,20.74,20.74,20.74,18.86,-
24-Jan-23,20.71,20.71,20.71,20.71,18.83,-
25-Jan-23,20.79,20.79,20.79,20.79,18.9,-
26-Jan-23,20.96,20.96,20.96,20.96,19.06,-
27-Jan-23,20.95,20.95,20.95,20.95,19.05,-
30-Jan-23,20.74,20.74,20.74,20.74,18.86,-
31-Jan-23,21.16,21.16,21.16,21.16,19.24,-
01-Feb-23,21.38,21.38,21.38,21.38,19.44,-
02-Feb-23,21.65,21.65,21.65,21.65,19.68,-
03-Feb-23,21.53,21.53,21.53,21.53,19.57,-
06-Feb-23,21.3,21.3,21.3,21.3,19.36,-
07-Feb-23,21.5,21.5,21.5,21.5,19.55,-
08-Feb-23,21.26,21.26,21.26,21.26,19.33,-
09-Feb-23,21.05,21.05,21.05,21.05,19.14,-
10-Feb-23,21.15,21.15,21.15,21.15,19.23,-
13-Feb-23,21.37,21.37,21.37,21.37,19.43,-
14-Feb-23,21.34,21.34,21.34,21.34,19.4,-
15-Feb-23,21.46,21.46,21.46,21.46,19.51,-
16-Feb-23,21.29,21.29,21.29,21.29,19.36,-
17-Feb-23,21.28,21.28,21.28,21.28,19.35,-
21-Feb-23,20.76,20.76,20.76,20.76,18.87,-
22-Feb-23,20.77,20.77,20.77,20.77,18.88,-
23-Feb-23,20.87,20.87,20.87,20.87,18.97,-
24-Feb-23,20.76,20.76,20.76,20.76,18.87,-
27-Feb-23,20.8,20.8,20.8,20.8,18.91,-
28-Feb-23,20.76,20.76,20.76,20.76,18.87,-
01-Mar-23,20.8,20.8,20.8,20.8,18.91,-
02-Mar-23,20.88,20.88,20.88,20.88,18.98,-
03-Mar-23,21.13,21.13,21.13,21.13,19.21,-
06-Mar-23,20.9,20.9,20.9,20.9,19.0,-
07-Mar-23,20.63,20.63,20.63,20.63,18.76,-
08-Mar-23,20.64,20.64,20.64,20.64,18.76,-
09-Mar-23,20.16,20.16,20.16,20.16,18.33,-
10-Mar-23,19.75,19.75,19.75,19.75,17.96,-
13-Mar-23,19.34,19.34,19.34,19.34,17.58,-
14-Mar-23,19.66,19.66,19.66,19.66,17.87,-
15-Mar-23,19.29,19.29,19.29,19.29,17.54,-
16-Mar-23,19.61,19.61,19.61,19.61,17.83,-
17-Mar-23,19.17,19.17,19.17,19.17,17.43,-
20-Mar-23,19.41,19.41,19.41,19.41,17.65,-
21-Mar-23,19.77,19.77,19.77,19.77,17.97,-
22-Mar-23,19.33,19.33,19.33,19.33,17.57,-
23-Mar-23,19.23,19.23,19.23,19.23,17.48,-
24-Mar-23,19.38,19.38,19.38,19.38,17.62,-
27-Mar-23,19.56,19.56,19.56,19.56,17.78,-
28-Mar-23,19.58,19.58,19.58,19.58,17.8,-
29-Mar-23,19.79,19.79,19.79,19.79,17.99,-
30-Mar-23,19.81,19.81,19.81,19.81,18.01,-
31-Mar-23,20.1,20.1,20.1,20.1,18.27,-
03-Apr-23,20.18,20.18,20.18,20.18,18.35,-
04-Apr-23,19.85,19.85,19.85,19.85,18.05,-
05-Apr-23,19.77,19.77,19.77,19.77,17.97,-
06-Apr-23,19.76,19.76,19.76,19.76,17.96,-
10-Apr-23,19.94,19.94,19.94,19.94,18.13,-
11-Apr-23,20.06,20.06,20.06,20.06,18.24,-
12-Apr-23,19.98,19.98,19.98,19.98,18.16,-
13-Apr-23,20.15,20.15,20.15,20.15,18.32,-
14-Apr-23,20.07,20.07,20.07,20.07,18.25,-
17-Apr-23,20.19,20.19,20.19,20.19,18.36,-
18-Apr-23,20.16,20.16,20.16,20.16,18.33,-
19-Apr-23,20.15,20.15,20.15,20.15,18.32,-
20-Apr-23,20.04,20.04,20.04,20.04,18.22,-
21-Apr-23,19.98,19.98,19.98,19.98,18.16,-
24-Apr-23,20.01,20.01,20.01,20.01,18.19,-
25-Apr-23,19.59,19.59,19.59,19.59,17.81,-
26-Apr-23,19.42,19.42,19.42,19.42,17.66,-
27-Apr-23,19.72,19.72,19.72,19.72,17.93,-
28-Apr-23,19.93,19.93,19.93,19.93,18.12,-
01-May-23,19.9,19.9,19.9,19.9,18.09,-
02-May-23,19.54,19.54,19.54,19.54,17.76,-
03-May-23,19.44,19.44,19.44,19.44,17.67,-
04-May-23,19.17,19.17,19.17,19.17,17.43,-
05-May-23,19.59,19.59,19.59,19.59,17.81,-
08-May-23,19.54,19.54,19.54,19.54,17.76,-
09-May-23,19.45,19.45,19.45,19.45,17.68,-
10-May-23,19.45,19.45,19.45,19.45,17.68,-
11-May-23,19.36,19.36,19.36,19.36,17.6,-
12-May-23,19.33,19.33,19.33,19.33,17.57,-
15-May-23,19.5,19.5,19.5,19.5,17.73,-
16-May-23,19.27,19.27,19.27,19.27,17.52,-
17-May-23,19.66,19.66,19.66,19.66,17.87,-
18-May-23,19.82,19.82,19.82,19.82,18.02,-
19-May-23,19.71,19.71,19.71,19.71,17.92,-
22-May-23,19.81,19.81,19.81,19.81,18.01,-
23-May-23,19.73,19.73,19.73,19.73,17.94,-
24-May-23,19.53,19.53,19.53,19.53,17.76,-
25-May-23,19.51,19.51,19.51,19.51,17.74,-
26-May-23,19.7,19.7,19.7,19.7,17.91,-
30-May-23,19.63,19.63,19.63,19.63,17.85,-
31-May-23,19.39,19.39,19.39,19.39,17.63,-
01-Jun-23,19.58,19.58,19.58,19.58,17.8,-
02-Jun-23,20.17,20.17,20.17,20.17,18.34,-
05-Jun-23,19.94,19.94,19.94,19.94,18.13,-
06-Jun-23,20.33,20.33,20.33,20.33,18.48,-
07-Jun-23,20.65,20.65,20.65,20.65,18.77,-
08-Jun-23,20.61,20.61,20.61,20.61,18.74,-
09-Jun-23,20.52,20.52,20.52,20.52,18.66,-
12-Jun-23,20.62,20.62,20.62,20.62,18.75,-
13-Jun-23,20.83,20.83,20.83,20.83,18.94,-
14-Jun-23,20.67,20.67,20.67,20.67,18.79,-
15-Jun-23,20.89,20.89,20.89,20.89,18.99,-
16-Jun-23,20.78,20.78,20.78,20.78,18.89,-
20-Jun-23,20.65,20.65,20.65,20.65,18.77,-
21-Jun-23,20.61,20.61,20.61,20.61,18.74,-
22-Jun-23,20.51,20.51,20.51,20.51,18.65,-
23-Jun-23,20.3,20.3,20.3,20.3,18.46,-
26-Jun-23,20.36,20.36,20.36,20.36,18.51,-
27-Jun-23,20.63,20.63,20.63,20.63,18.76,-
28-Jun-23,20.65,20.65,20.65,20.65,18.77,-
29-Jun-23,20.87,20.87,20.87,20.87,18.97,-
30-Jun-23,20.98,20.98,20.98,20.98,19.07,-
03-Jul-23,21.08,21.08,21.08,21.08,19.16,-
05-Jul-23,20.88,20.88,20.88,20.88,18.98,-
06-Jul-23,20.62,20.62,20.62,20.62,18.75,-
07-Jul-23,20.77,20.77,20.77,20.77,18.88,-
10-Jul-23,20.95,20.95,20.95,20.95,19.05,-
11-Jul-23,20.95,20.95,20.95,20.95,19.05,-
12-Jul-23,21.32,21.32,21.32,21.32,19.38,-
13-Jul-23,21.45,21.45,21.45,21.45,19.5,-
14-Jul-23,21.28,21.28,21.28,21.28,19.35,-
17-Jul-23,21.38,21.38,21.38,21.38,19.44,-
18-Jul-23,21.64,21.64,21.64,21.64,19.67,-
19-Jul-23,21.76,21.76,21.76,21.76,19.78,-
20-Jul-23,21.68,21.68,21.68,21.68,19.71,-
21-Jul-23,21.62,21.62,21.62,21.62,19.66,-
24-Jul-23,21.75,21.75,21.75,21.75,19.77,-
25-Jul-23,21.77,21.77,21.77,21.77,19.79,-
26-Jul-23,21.87,21.87,21.87,21.87,19.88,-
27-Jul-23,21.72,21.72,21.72,21.72,19.75,-
28-Jul-23,21.89,21.89,21.89,21.89,19.9,-
31-Jul-23,22.03,22.03,22.03,22.03,20.03,-
01-Aug-23,21.98,21.98,21.98,21.98,19.98,-
02-Aug-23,21.77,21.77,21.77,21.77,19.79,-
03-Aug-23,21.71,21.71,21.71,21.71,19.74,-
04-Aug-23,21.69,21.69,21.69,21.69,19.72,-
07-Aug-23,21.85,21.85,21.85,21.85,19.86,-
08-Aug-23,21.74,21.74,21.74,21.74,19.76,-
09-Aug-23,21.62,21.62,21.62,21.62,19.66,-
10-Aug-23,21.55,21.55,21.55,21.55,19.59,-
11-Aug-23,21.57,21.57,21.57,21.57,19.61,-
14-Aug-23,21.57,21.57,21.57,21.57,19.61,-
15-Aug-23,21.29,21.29,21.29,21.29,19.36,-
16-Aug-23,21.09,21.09,21.09,21.09,19.17,-
17-Aug-23,20.94,20.94,20.94,20.94,19.04,-
18-Aug-23,21.01,21.01,21.01,21.01,19.1,-
21-Aug-23,20.99,20.99,20.99,20.99,19.08,-
22-Aug-23,20.88,20.88,20.88,20.88,18.98,-
23-Aug-23,21.05,21.05,21.05,21.05,19.14,-
24-Aug-23,20.86,20.86,20.86,20.86,18.96,-
25-Aug-23,20.92,20.92,20.92,20.92,19.02,-
28-Aug-23,21.08,21.08,21.08,21.08,19.16,-
29-Aug-23,21.34,21.34,21.34,21.34,19.4,-
30-Aug-23,21.39,21.39,21.39,21.39,19.45,-
31-Aug-23,21.37,21.37,21.37,21.37,19.43,-
01-Sep-23,21.58,21.58,21.58,21.58,19.62,-
05-Sep-23,21.18,21.18,21.18,21.18,19.26,-
06-Sep-23,21.09,21.09,21.09,21.09,19.17,-
07-Sep-23,20.94,20.94,20.94,20.94,19.04,-
08-Sep-23,20.95,20.95,20.95,20.95,19.05,-
11-Sep-23,20.99,20.99,20.99,20.99,19.08,-
12-Sep-23,21.0,21.0,21.0,21.0,19.09,-
13-Sep-23,20.91,20.91,20.91,20.91,19.01,-
14-Sep-23,21.2,21.2,21.2,21.2,19.27,-
15-Sep-23,20.98,20.98,20.98,20.98,19.07,-
18-Sep-23,20.94,20.94,20.94,20.94,19.04,-
19-Sep-23,20.89,20.89,20.89,20.89,18.99,-
20-Sep-23,20.75,20.75,20.75,20.75,18.86,-
21-Sep-23,20.5,20.5,20.5,20.5,18.64,-
22-Sep-23,20.44,20.44,20.44,20.44,18.58,-
25-Sep-23,20.55,20.55,20.55,20.55,18.68,-
26-Sep-23,20.28,20.28,20.28,20.28,18.44,-
27-Sep-23,20.41,20.41,20.41,20.41,18.56,-
28-Sep-23,20.57,20.57,20.57,20.57,18.7,-
29-Sep-23,20.47,20.47,20.47,20.47,18.61,-
02-Oct-23,20.27,20.27,20.27,20.27,18.43,-
03-Oct-23,20.0,20.0,20.0,20.0,18.18,-
04-Oct-23,20.03,20.03,20.03,20.03,18.21,-
05-Oct-23,20.03,20.03,20.03,20.03,18.21,-
06-Oct-23,20.17,20.17,20.17,20.17,18.34,-
09-Oct-23,20.33,20.33,20.33,20.33,18.48,-
10-Oct-23,20.48,20.48,20.48,20.48,18.62,-
11-Oct-23,20.52,20.52,20.52,20.52,18.66,-
12-Oct-23,20.23,20.23,20.23,20.23,18.39,-
13-Oct-23,20.23,20.23,20.23,20.23,18.39,-
16-Oct-23,20.37,20.37,20.37,20.37,18.52,-
17-Oct-23,20.53,20.53,20.53,20.53,18.66,-
18-Oct-23,20.18,20.18,20.18,20.18,18.35,-
19-Oct-23,19.95,19.95,19.95,19.95,18.14,-
20-Oct-23,19.72,19.72,19.72,19.72,17.93,-
23-Oct-23,19.57,19.57,19.57,19.57,17.79,-
24-Oct-23,19.67,19.67,19.67,19.67,17.88,-
25-Oct-23,19.45,19.45,19.45,19.45,17.68,-
26-Oct-23,19.46,19.46,19.46,19.46,17.69,-
27-Oct-23,19.28,19.28,19.28,19.28,17.53,-
30-Oct-23,19.44,19.44,19.44,19.44,17.67,-
31-Oct-23,19.58,19.58,19.58,19.58,17.8,-
01-Nov-23,19.73,19.73,19.73,19.73,17.94,-
02-Nov-23,20.16,20.16,20.16,20.16,18.33,-
03-Nov-23,20.53,20.53,20.53,20.53,18.66,-
06-Nov-23,20.4,20.4,20.4,20.4,18.55,-
07-Nov-23,20.3,20.3,20.3,20.3,18.46,-
08-Nov-23,20.17,20.17,20.17,20.17,18.34,-
09-Nov-23,19.98,19.98,19.98,19.98,18.16,-
10-Nov-23,20.23,20.23,20.23,20.23,18.39,-
13-Nov-23,20.22,20.22,20.22,20.22,18.38,-
14-Nov-23,20.91,20.91,20.91,20.91,19.01,-
15-Nov-23,21.0,21.0,21.0,21.0,19.09,-
16-Nov-23,20.83,20.83,20.83,20.83,18.94,-
17-Nov-23,21.02,21.02,21.02,21.02,19.11,-
20-Nov-23,21.1,21.1,21.1,21.1,19.18,-
21-Nov-23,20.95,20.95,20.95,20.95,19.05,-
22-Nov-23,21.05,21.05,21.05,21.05,19.14,-
24-Nov-23,21.14,21.14,21.14,21.14,19.22,-
27-Nov-23,21.07,21.07,21.07,21.07,19.16,-
28-Nov-23,20.99,20.99,20.99,20.99,19.08,-
29-Nov-23,21.08,21.08,21.08,21.08,19.16,-
30-Nov-23,21.19,21.19,21.19,21.19,19.26,-
01-Dec-23,21.59,21.59,21.59,21.59,19.63,-
04-Dec-23,21.67,21.67,21.67,21.67,19.7,-
05-Dec-23,21.45,21.45,21.45,21.45,19.5,-
06-Dec-23,21.39,21.39,21.39,21.39,19.45,-
07-Dec-23,21.58,21.58,21.58,21.58,19.62,-
08-Dec-23,21.7,21.7,21.7,21.7,19.73,-
11-Dec-23,21.82,21.82,21.82,21.82,19.84,-
12-Dec-23,21.78,21.78,21.78,21.78,19.8,-
13-Dec-23,22.3,22.3,22.3,22.3,20.27,-
14-Dec-23,22.75,22.75,22.75,22.75,20.68,-
15-Dec-23,22.62,22.62,22.62,22.62,20.56,-
18-Dec-23,22.65,22.65,22.65,22.65,20.59,-
19-Dec-23,22.97,22.97,22.97,22.97,20.88,-
20-Dec-23,22.63,22.63,22.63,22.63,20.57,-
21-Dec-23,22.92,22.92,22.92,22.92,20.84,-
22-Dec-23,23.03,23.03,23.03,23.03,20.94,-
26-Dec-23,23.22,23.22,23.22,23.22,21.11,-
27-Dec-23,23.24,23.24,23.24,23.24,21.13,-
28-Dec-23,22.3,22.3,22.3,22.3,21.1,-
29-Dec-23,22.13,22.13,22.13,22.13,20.94,-
02-Jan-24,22.08,22.08,22.08,22.08,20.89,-
03-Jan-24,21.7,21.7,21.7,21.7,20.53,-
04-Jan-24,21.65,21.65,21.65,21.65,20.49,-
05-Jan-24,21.68,21.68,21.68,21.68,20.51,-
08-Jan-24,21.91,21.91,21.91,21.91,20.73,-
09-Jan-24,21.72,21.72,21.72,21.72,20.55,-
10-Jan-24,21.76,21.76,21.76,21.76,20.59,-
11-Jan-24,21.68,21.68,21.68,21.68,20.51,-
12-Jan-24,21.65,21.65,21.65,21.65,20.49,-
16-Jan-24,21.47,21.47,21.47,21.47,20.32,-
17-Jan-24,21.33,21.33,21.33,21.33,20.18,-
18-Jan-24,21.48,21.48,21.48,21.48,20.33,-
19-Jan-24,21.48,21.48,21.48,21.48,20.33,-
22-Jan-24,21.97,21.97,21.97,21.97,20.79,-
23-Jan-24,21.91,21.91,21.91,21.91,20.73,-
24-Jan-24,21.86,21.86,21.86,21.86,20.68,-
25-Jan-24,22.05,22.05,22.05,22.05,20.86,-
26-Jan-24,22.06,22.06,22.06,22.06,20.87,-
29-Jan-24,22.23,22.23,22.23,22.23,21.03,-
30-Jan-24,22.25,22.25,22.25,22.25,21.05,-
31-Jan-24,21.81,21.81,21.81,21.81,20.64,-
01-Feb-24,22.0,22.0,22.0,22.0,20.82,-
02-Feb-24,21.99,21.99,21.99,21.99,20.81,-
05-Feb-24,21.77,21.77,21.77,21.77,20.6,-
06-Feb-24,21.85,21.85,21.85,21.85,20.68,-
07-Feb-24,21.89,21.89,21.89,21.89,20.71,-
08-Feb-24,22.03,22.03,22.03,22.03,20.85,-
09-Feb-24,22.2,22.2,22.2,22.2,21.01,-
12-Feb-24,22.45,22.45,22.45,22.45,21.24,-
13-Feb-24,21.85,21.85,21.85,21.85,20.68,-
14-Feb-24,22.17,22.17,22.17,22.17,20.98,-
15-Feb-24,22.54,22.54,22.54,22.54,21.33,-
16-Feb-24,22.36,22.36,22.36,22.36,21.16,-
20-Feb-24,22.2,22.2,22.2,22.2,21.01,-
21-Feb-24,22.23,22.23,22.23,22.23,21.03,-
22-Feb-24,22.4,22.4,22.4,22.4,21.2,-
23-Feb-24,22.46,22.46,22.46,22.46,21.25,-
26-Feb-24,22.45,22.45,22.45,22.45,21.24,-
27-Feb-24,22.54,22.54,22.54,22.54,21.33,-
28-Feb-24,22.44,22.44,22.44,22.44,21.23,-
29-Feb-24,22.61,22.61,22.61,22.61,21.39,-
01-Mar-24,22.61,22.61,22.61,22.61,21.39,-
04-Mar-24,22.73,22.73,22.73,22.73,21.51,-
05-Mar-24,22.64,22.64,22.64,22.64,21.42,-
06-Mar-24,22.73,22.73,22.73,22.73,21.51,-
07-Mar-24,22.91,22.91,22.91,22.91,21.68,-
08-Mar-24,22.85,22.85,22.85,22.85,21.62,-
11-Mar-24,22.82,22.82,22.82,22.82,21.59,-
12-Mar-24,22.86,22.86,22.86,22.86,21.63,-
13-Mar-24,22.9,22.9,22.9,22.9,21.67,-
14-Mar-24,22.64,22.64,22.64,22.64,21.42,-
15-Mar-24,22.68,22.68,22.68,22.68,21.46,-
18-Mar-24,22.66,22.66,22.66,22.66,21.44,-
19-Mar-24,22.83,22.83,22.83,22.83,21.6,-
20-Mar-24,23.17,23.17,23.17,23.17,21.92,-
21-Mar-24,23.38,23.38,23.38,23.38,22.12,-
22-Mar-24,23.2,23.2,23.2,23.2,21.95,-
25-Mar-24,23.17,23.17,23.17,23.17,21.92,-
26-Mar-24,23.14,23.14,23.14,23.14,21.9,-
27-Mar-24,23.55,23.55,23.55,23.55,22.28,-
28-Mar-24,23.68,23.68,23.68,23.68,22.41,-
01-Apr-24,23.52,23.52,23.52,23.52,22.26,-
02-Apr-24,23.26,23.26,23.26,23.26,22.01,-
03-Apr-24,23.34,23.34,23.34,23.34,22.09,-
04-Apr-24,23.12,23.12,23.12,23.12,21.88,-
05-Apr-24,23.26,23.26,23.26,23.26,22.01,-
08-Apr-24,23.31,23.31,23.31,23.31,22.06,-
09-Apr-24,23.35,23.35,23.35,23.35,22.09,-
10-Apr-24,22.89,22.89,22.89,22.89,21.66,-
11-Apr-24,22.96,22.96,22.96,22.96,21.73,-
12-Apr-24,22.59,22.59,22.59,22.59,21.38,-
15-Apr-24,22.41,22.41,22.41,22.41,21.21,-
16-Apr-24,22.29,22.29,22.29,22.29,21.09,-
17-Apr-24,22.14,22.14,22.14,22.14,20.95,-
18-Apr-24,22.14,22.14,22.14,22.14,20.95,-
19-Apr-24,22.28,22.28,22.28,22.28,21.08,-
22-Apr-24,22.46,22.46,22.46,22.46,21.25,-
23-Apr-24,22.75,22.75,22.75,22.75,21.53,-
24-Apr-24,22.75,22.75,22.75,22.75,21.53,-
25-Apr-24,22.62,22.62,22.62,22.62,21.4,-
26-Apr-24,22.72,22.72,22.72,22.72,21.5,-
29-Apr-24,22.82,22.82,22.82,22.82,21.59,-
30-Apr-24,22.4,22.4,22.4,22.4,21.2,-
01-May-24,22.39,22.39,22.39,22.39,21.19,-
02-May-24,22.65,22.65,22.65,22.65,21.43,-
03-May-24,22.84,22.84,22.84,22.84,21.61,-
06-May-24,23.07,23.07,23.07,23.07,21.83,-
07-May-24,23.09,23.09,23.09,23.09,21.85,-
08-May-24,23.12,23.12,23.12,23.12,21.88,-
09-May-24,23.34,23.34,23.34,23.34,22.09,-
10-May-24,23.32,23.32,23.32,23.32,22.07,-
13-May-24,23.31,23.31,23.31,23.31,22.06,-
14-May-24,23.47,23.47,23.47,23.47,22.21,-
15-May-24,23.66,23.66,23.66,23.66,22.39,-
16-May-24,23.56,23.56,23.56,23.56,22.29,-
17-May-24,23.6,23.6,23.6,23.6,22.33,-
20-May-24,23.56,23.56,23.56,23.56,22.29,-
21-May-24,23.57,23.57,23.57,23.57,22.3,-
22-May-24,23.44,23.44,23.44,23.44,22.18,-
23-May-24,23.14,23.14,23.14,23.14,21.9,-
24-May-24,23.32,23.32,23.32,23.32,22.07,-
28-May-24,23.23,23.23,23.23,23.23,21.98,-
29-May-24,22.95,22.95,22.95,22.95,21.72,-
30-May-24,23.12,23.12,23.12,23.12,21.88,-
31-May-24,23.12,23.12,23.12,23.12,21.88,-
03-Jun-24,23.27,23.27,23.27,23.27,22.02,-
04-Jun-24,23.03,23.03,23.03,23.03,21.79,-
05-Jun-24,23.23,23.23,23.23,23.23,21.98,-
06-Jun-24,23.15,23.15,23.15,23.15,21.91,-
07-Jun-24,23.03,23.03,23.03,23.03,21.79,-
10-Jun-24,23.05,23.05,23.05,23.05,21.81,-
11-Jun-24,22.94,22.94,22.94,22.94,21.71,-
12-Jun-24,23.17,23.17,23.17,23.17,21.92,-
13-Jun-24,23.01,23.01,23.01,23.01,21.77,-
14-Jun-24,22.77,22.77,22.77,22.77,21.55,-
17-Jun-24,22.96,22.96,22.96,22.96,21.73,-
18-Jun-24,23.02,23.02,23.02,23.02,21.78,-
20-Jun-24,23.01,23.01,23.01,23.01,21.77,-
21-Jun-24,23.02,23.02,23.02,23.02,21.78,-
24-Jun-24,23.14,23.14,23.14,23.14,21.9,-
25-Jun-24,23.01,23.01,23.01,23.01,21.77,-
26-Jun-24,23.0,23.0,23.0,23.0,21.76,-
27-Jun-24,23.03,23.03,23.03,23.03,21.79,-
28-Jun-24,23.19,23.19,23.19,23.19,21.94,-
01-Jul-24,23.06,23.06,23.06,23.06,21.82,-
02-Jul-24,23.15,23.15,23.15,23.15,21.91,-
03-Jul-24,23.17,23.17,23.17,23.17,21.92,-
05-Jul-24,23.03,23.03,23.03,23.03,21.79,-
08-Jul-24,23.11,23.11,23.11,23.11,21.87,-
09-Jul-24,23.05,23.05,23.05,23.05,21.81,-
10-Jul-24,23.3,23.3,23.3,23.3,22.05,-
11-Jul-24,23.75,23.75,23.75,23.75,22.47,-
12-Jul-24,23.92,23.92,23.92,23.92,22.63,-
15-Jul-24,24.16,24.16,24.16,24.16,22.86,-
16-Jul-24,24.79,24.79,24.79,24.79,23.46,-
17-Jul-24,24.65,24.65,24.65,24.65,23.32,-
18-Jul-24,24.38,24.38,24.38,24.38,23.07,-
19-Jul-24,24.18,24.18,24.18,24.18,22.88,-
22-Jul-24,24.45,24.45,24.45,24.45,23.14,-
23-Jul-24,24.5,24.5,24.5,24.5,23.18,-
24-Jul-24,24.12,24.12,24.12,24.12,22.82,-
25-Jul-24,24.33,24.33,24.33,24.33,23.02,-
26-Jul-24,24.69,24.69,24.69,24.69,23.36,-
29-Jul-24,24.57,24.57,24.57,24.57,23.25,-
30-Jul-24,24.65,24.65,24.65,24.65,23.32,-
31-Jul-24,24.81,24.81,24.81,24.81,23.48,-
01-Aug-24,24.22,24.22,24.22,24.22,22.92,-
02-Aug-24,23.48,23.48,23.48,23.48,22.22,-
05-Aug-24,22.79,22.79,22.79,22.79,21.56,-
06-Aug-24,22.99,22.99,22.99,22.99,21.75,-
07-Aug-24,22.76,22.76,22.76,22.76,21.54,-
08-Aug-24,23.26,23.26,23.26,23.26,22.01,-
09-Aug-24,23.26,23.26,23.26,23.26,22.01,-
12-Aug-24,23.12,23.12,23.12,23.12,21.88,-
13-Aug-24,23.44,23.44,23.44,23.44,22.18,-
14-Aug-24,23.42,23.42,23.42,23.42,22.16,-
15-Aug-24,23.87,23.87,23.87,23.87,22.59,-
16-Aug-24,23.96,23.96,23.96,23.96,22.67,-
19-Aug-24,24.17,24.17,24.17,24.17,22.87,-
20-Aug-24,23.94,23.94,23.94,23.94,22.65,-
21-Aug-24,24.15,24.15,24.15,24.15,22.85,-
22-Aug-24,24.01,24.01,24.01,24.01,22.72,-
23-Aug-24,24.59,24.59,24.59,24.59,23.27,-
26-Aug-24,24.55,24.55,24.55,24.55,23.23,-
27-Aug-24,24.47,24.47,24.47,24.47,23.15,-
28-Aug-24,24.39,24.39,24.39,24.39,23.08,-
29-Aug-24,24.5,24.5,24.5,24.5,23.18,-
30-Aug-24,24.7,24.7,24.7,24.7,23.37,-
03-Sep-24,24.11,24.11,24.11,24.11,22.81,-
04-Sep-24,24.02,24.02,24.02,24.02,22.73,-
05-Sep-24,23.85,23.85,23.85,23.85,22.57,-
06-Sep-24,23.47,23.47,23.47,23.47,22.21,-
09-Sep-24,23.58,23.58,23.58,23.58,22.31,-
10-Sep-24,23.51,23.51,23.51,23.51,22.25,-
11-Sep-24,23.55,23.55,23.55,23.55,22.28,-
12-Sep-24,23.77,23.77,23.77,23.77,22.49,-
13-Sep-24,24.17,24.17,24.17,24.17,22.87,-
16-Sep-24,24.31,24.31,24.31,24.31,23.0,-
17-Sep-24,24.44,24.44,24.44,24.44,23.13,-
18-Sep-24,24.44,24.44,24.44,24.44,23.13,-
19-Sep-24,24.9,24.9,24.9,24.9,23.56,-
20-Sep-24,24.68,24.68,24.68,24.68,23.35,-
23-Sep-24,24.72,24.72,24.72,24.72,23.39,-
24-Sep-24,24.73,24.73,24.73,24.73,23.4,-
25-Sep-24,24.5,24.5,24.5,24.5,23.18,-
26-Sep-24,24.7,24.7,24.7,24.7,23.37,-
27-Sep-24,24.82,24.82,24.82,24.82,23.49,-
30-Sep-24,24.89,24.89,24.89,24.89,23.55,-
01-Oct-24,24.63,24.63,24.63,24.63,23.31,-
02-Oct-24,24.59,24.59,24.59,24.59,23.27,-
03-Oct-24,24.48,24.48,24.48,24.48,23.16,-
04-Oct-24,24.78,24.78,24.78,24.78,23.45,-
07-Oct-24,24.61,24.61,24.61,24.61,23.29,-
08-Oct-24,24.61,24.61,24.61,24.61,23.29,-
09-Oct-24,24.76,24.76,24.76,24.76,23.43,-
10-Oct-24,24.67,24.67,24.67,24.67,23.34,-
11-Oct-24,25.04,25.04,25.04,25.04,23.69,-
14-Oct-24,25.19,25.19,25.19,25.19,23.84,-
15-Oct-24,25.08,25.08,25.08,25.08,23.73,-
16-Oct-24,25.38,25.38,25.38,25.38,24.02,-
17-Oct-24,25.4,25.4,25.4,25.4,24.03,-
18-Oct-24,25.36,25.36,25.36,25.36,24.0,-
21-Oct-24,25.01,25.01,25.01,25.01,23.67,-
22-Oct-24,24.92,24.92,24.92,24.92,23.58,-
23-Oct-24,24.79,24.79,24.79,24.79,23.46,-
24-Oct-24,24.83,24.83,24.83,24.83,23.5,-
25-Oct-24,24.71,24.71,24.71,24.71,23.38,-
28-Oct-24,24.98,24.98,24.98,24.98,23.64,-
29-Oct-24,24.89,24.89,24.89,24.89,23.55,-
30-Oct-24,24.89,24.89,24.89,24.89,23.55,-
31-Oct-24,24.56,24.56,24.56,24.56,23.24,-
01-Nov-24,24.62,24.62,24.62,24.62,23.3,-
04-Nov-24,24.64,24.64,24.64,24.64,23.32,-
05-Nov-24,25.01,25.01,25.01,25.01,23.67,-
06-Nov-24,26.3,26.3,26.3,26.3,24.89,-
07-Nov-24,26.16,26.16,26.16,26.16,24.75,-
08-Nov-24,26.25,26.25,26.25,26.25,24.84,-
11-Nov-24,26.52,26.52,26.52,26.52,25.09,-
12-Nov-24,26.25,26.25,26.25,26.25,24.84,-
13-Nov-24,26.18,26.18,26.18,26.18,24.77,-
14-Nov-24,25.97,25.97,25.97,25.97,24.57,-
15-Nov-24,25.74,25.74,25.74,25.74,24.36,-
18-Nov-24,25.79,25.79,25.79,25.79,24.4,-
19-Nov-24,25.77,25.77,25.77,25.77,24.38,-
20-Nov-24,25.81,25.81,25.81,25.81,24.42,-
21-Nov-24,26.16,26.16,26.16,26.16,24.75,-
22-Nov-24,26.5,26.5,26.5,26.5,25.08,-
25-Nov-24,26.8,26.8,26.8,26.8,25.36,-
26-Nov-24,26.66,26.66,26.66,26.66,25.23,-
27-Nov-24,26.61,26.61,26.61,26.61,25.18,-
29-Nov-24,26.61,26.61,26.61,26.61,25.18,-
02-Dec-24,26.71,26.71,26.71,26.71,25.27,-
03-Dec-24,26.57,26.57,26.57,26.57,25.14,-
04-Dec-24,26.57,26.57,26.57,26.57,25.14,-
05-Dec-24,26.38,26.38,26.38,26.38,24.96,-
06-Dec-24,26.34,26.34,26.34,26.34,24.92,-
09-Dec-24,26.22,26.22,26.22,26.22,24.81,-
10-Dec-24,26.12,26.12,26.12,26.12,24.72,-
11-Dec-24,26.22,26.22,26.22,26.22,24.81,-
12-Dec-24,26.03,26.03,26.03,26.03,24.63,-
13-Dec-24,25.89,25.89,25.89,25.89,24.5,-
16-Dec-24,25.85,25.85,25.85,25.85,24.46,-
17-Dec-24,25.59,25.59,25.59,25.59,24.21,-
18-Dec-24,24.72,24.72,24.72,24.72,23.39,-
19-Dec-24,24.62,24.62,24.62,24.62,23.3,-
20-Dec-24,24.84,24.84,24.84,24.84,23.5,-
23-Dec-24,24.91,24.91,24.91,24.91,23.57,-
24-Dec-24,25.13,25.13,25.13,25.13,23.78,-
26-Dec-24,25.22,25.22,25.22,25.22,23.86,-
27-Dec-24,24.04,24.04,24.04,24.04,23.6,-
30-Dec-24,23.87,23.87,23.87,23.87,23.44,-
31-Dec-24,23.92,23.92,23.92,23.92,23.49,-
02-Jan-25,23.84,23.84,23.84,23.84,23.41,-
03-Jan-25,24.08,24.08,24.08,24.08,23.64,-
06-Jan-25,24.1,24.1,24.1,24.1,23.66,-
07-Jan-25,23.97,23.97,23.97,23.97,23.54,-
08-Jan-25,23.96,23.96,23.96,23.96,23.53,-
10-Jan-25,23.56,23.56,23.56,23.56,23.13,-
13-Jan-25,23.77,23.77,23.77,23.77,23.34,-
14-Jan-25,24.06,24.06,24.06,24.06,23.62,-
15-Jan-25,24.44,24.44,24.44,24.44,24.0,-
16-Jan-25,24.47,24.47,24.47,24.47,24.03,-
17-Jan-25,24.62,24.62,24.62,24.62,24.17,-
21-Jan-25,24.92,24.92,24.92,24.92,24.47,-
22-Jan-25,24.81,24.81,24.81,24.81,24.36,-
23-Jan-25,24.91,24.91,24.91,24.91,24.46,-
24-Jan-25,24.86,24.86,24.86,24.86,24.41,-
27-Jan-25,24.77,24.77,24.77,24.77,24.32,-
28-Jan-25,24.75,24.75,24.75,24.75,24.3,-
29-Jan-25,24.72,24.72,24.72,24.72,24.27,-
30-Jan-25,24.92,24.92,24.92,24.92,24.47,-
31-Jan-25,24.7,24.7,24.7,24.7,24.25,-
03-Feb-25,24.4,24.4,24.4,24.4,23.96,-
04-Feb-25,24.64,24.64,24.64,24.64,24.19,-
05-Feb-25,24.81,24.81,24.81,24.81,24.36,-
06-Feb-25,24.8,24.8,24.8,24.8,24.35,-
07-Feb-25,24.54,24.54,24.54,24.54,24.1,-
10-Feb-25,24.61,24.61,24.61,24.61,24.16,-
11-Feb-25,24.66,24.66,24.66,24.66,24.21,-
12-Feb-25,24.43,24.43,24.43,24.43,23.99,-
13-Feb-25,24.67,24.67,24.67,24.67,24.22,-
14-Feb-25,24.68,24.68,24.68,24.68,24.23,-
18-Feb-25,24.83,24.83,24.83,24.83,24.38,-
19-Feb-25,24.78,24.78,24.78,24.78,24.33,-
20-Feb-25,24.61,24.61,24.61,24.61,24.16,-
21-Feb-25,24.1,24.1,24.1,24.1,23.66,-
24-Feb-25,24.03,24.03,24.03,24.03,23.6,-
25-Feb-25,24.01,24.01,24.01,24.01,23.58,-
26-Feb-25,23.96,23.96,23.96,23.96,23.53,-
27-Feb-25,23.7,23.7,23.7,23.7,23.27,-
28-Feb-25,23.96,23.96,23.96,23.96,23.53,-
03-Mar-25,23.48,23.48,23.48,23.48,23.05,-
04-Mar-25,23.06,23.06,23.06,23.06,22.64,-
05-Mar-25,23.27,23.27,23.27,23.27,22.85,-
06-Mar-25,23.05,23.05,23.05,23.05,22.63,-
07-Mar-25,23.2,23.2,23.2,23.2,22.78,-
10-Mar-25,22.69,22.69,22.69,22.69,22.28,-
11-Mar-25,22.54,22.54,22.54,22.54,22.13,-
12-Mar-25,22.51,22.51,22.51,22.51,22.1,-
13-Mar-25,22.26,22.26,22.26,22.26,21.86,-
14-Mar-25,22.74,22.74,22.74,22.74,22.33,-
17-Mar-25,22.99,22.99,22.99,22.99,22.57,-
18-Mar-25,22.88,22.88,22.88,22.88,22.47,-
19-Mar-25,23.13,23.13,23.13,23.13,22.71,-
20-Mar-25,23.04,23.04,23.04,23.04,22.62,-
21-Mar-25,22.91,22.91,22.91,22.91,22.5,-
24-Mar-25,23.37,23.37,23.37,23.37,22.95,-
25-Mar-25,23.3,23.3,23.3,23.3,22.88,-
26-Mar-25,23.21,23.21,23.21,23.21,22.79,-
27-Mar-25,23.13,23.13,23.13,23.13,22.71,-
28-Mar-25,22.69,22.69,22.69,22.69,22.28,-
31-Mar-25,22.78,22.78,22.78,22.78,22.37,-
01-Apr-25,22.82,22.82,22.82,22.82,22.41,-
02-Apr-25,23.07,23.07,23.07,23.07,22.65,-
03-Apr-25,21.62,21.62,21.62,21.62,21.23,-
04-Apr-25,20.54,20.54,20.54,20.54,20.17,-
07-Apr-25,20.4,20.4,20.4,20.4,20.03,-
08-Apr-25,19.97,19.97,19.97,19.97,19.61,-
09-Apr-25,21.66,21.66,21.66,21.66,21.27,-
10-Apr-25,20.77,20.77,20.77,20.77,20.39,-
11-Apr-25,21.07,21.07,21.07,21.07,20.69,-
14-Apr-25,21.26,21.26,21.26,21.26,20.88,-
15-Apr-25,21.23,21.23,21.23,21.23,20.85,-
16-Apr-25,21.0,21.0,21.0,21.0,20.62,-
17-Apr-25,21.13,21.13,21.13,21.13,20.75,-
21-Apr-25,20.7,20.7,20.7,20.7,20.33,-
22-Apr-25,21.22,21.22,21.22,21.22,20.84,-
23-Apr-25,21.48,21.48,21.48,21.48,21.09,-
24-Apr-25,21.87,21.87,21.87,21.87,21.47,-
25-Apr-25,21.84,21.84,21.84,21.84,21.44,-
28-Apr-25,21.9,21.9,21.9,21.9,21.5,-
29-Apr-25,22.01,22.01,22.01,22.01,21.61,-
30-Apr-25,21.93,21.93,21.93,21.93,21.53,-
01-May-25,22.03,22.03,22.03,22.03,21.63,-
02-May-25,22.47,22.47,22.47,22.47,22.06,-
05-May-25,22.34,22.34,22.34,22.34,21.94,-
06-May-25,22.19,22.19,22.19,22.19,21.79,-
07-May-25,22.19,22.19,22.19,22.19,21.79,-
08-May-25,22.6,22.6,22.6,22.6,22.19,-
09-May-25,22.61,22.61,22.61,22.61,22.2,-
12-May-25,23.35,23.35,23.35,23.35,22.93,-
13-May-25,23.46,23.46,23.46,23.46,23.04,-
14-May-25,23.3,23.3,23.3,23.3,22.88,-
15-May-25,23.43,23.43,23.43,23.43,23.01,-
16-May-25,23.59,23.59,23.59,23.59,23.16,-
19-May-25,23.52,23.52,23.52,23.52,23.09,-
20-May-25,23.47,23.47,23.47,23.47,23.05,-
21-May-25,22.91,22.91,22.91,22.91,22.5,-
22-May-25,22.87,22.87,22.87,22.87,22.46,-
23-May-25,22.77,22.77,22.77,22.77,22.36,-
27-May-25,23.27,23.27,23.27,23.27,22.85,-
28-May-25,23.03,23.03,23.03,23.03,22.61,-
29-May-25,23.12,23.12,23.12,23.12,22.7,-
30-May-25,23.05,23.05,23.05,23.05,22.63,-
02-Jun-25,23.03,23.03,23.03,23.03,22.61,-
03-Jun-25,23.32,23.32,23.32,23.32,22.9,-
04-Jun-25,23.23,23.23,23.23,23.23,22.81,-
05-Jun-25,23.19,23.19,23.19,23.19,22.77,-
06-Jun-25,23.49,23.49,23.49,23.49,23.06,-
09-Jun-25,23.59,23.59,23.59,23.59,23.16,-
10-Jun-25,23.77,23.77,23.77,23.77,23.34,-
11-Jun-25,23.68,23.68,23.68,23.68,23.25,-
12-Jun-25,23.68,23.68,23.68,23.68,23.25,-
13-Jun-25,23.35,23.35,23.35,23.35,22.93,-
16-Jun-25,23.59,23.59,23.59,23.59,23.16,-
17-Jun-25,23.36,23.36,23.36,23.36,22.94,-
18-Jun-25,23.42,23.42,23.42,23.42,23.0,-
20-Jun-25,23.43,23.43,23.43,23.43,23.01,-
23-Jun-25,23.65,23.65,23.65,23.65,23.22,-
24-Jun-25,23.65,23.65,23.65,23.65,23.22,-
25-Jun-25,23.73,23.73,23.73,23.73,23.3,-
26-Jun-25,24.04,24.04,24.04,24.04,23.6,-
27-Jun-25,24.09,24.09,24.09,24.09,23.65,-
30-Jun-25,24.14,24.14,24.14,24.14,23.7,-
01-Jul-25,24.49,24.49,24.49,24.49,24.05,-
02-Jul-25,24.72,24.72,24.72,24.72,24.27,-
03-Jul-25,24.87,24.87,24.87,24.87,24.42,-
07-Jul-25,24.55,24.55,24.55,24.55,24.11,-
08-Jul-25,24.69,24.69,24.69,24.69,24.24,-
09-Jul-25,24.79,24.79,24.79,24.79,24.34,-
10-Jul-25,24.96,24.96,24.96,24.96,24.51,-
11-Jul-25,24.75,24.75,24.75,24.75,24.3,-
14-Jul-25,24.78,24.78,24.78,24.78,24.33,-
15-Jul-25,24.35,24.35,24.35,24.35,23.91,-
16-Jul-25,24.44,24.44,24.44,24.44,24.0,-
17-Jul-25,24.67,24.67,24.67,24.67,24.22,-
18-Jul-25,24.58,24.58,24.58,24.58,24.14,-
21-Jul-25,24.55,24.55,24.55,24.55,24.11,-
22-Jul-25,24.81,24.81,24.81,24.81,24.36,-
23-Jul-25,25.11,25.11,25.11,25.11,24.66,-
24-Jul-25,24.86,24.86,24.86,24.86,24.41,-
25-Jul-25,24.97,24.97,24.97,24.97,24.52,-
28-Jul-25,24.93,24.93,24.93,24.93,24.48,-
29-Jul-25,24.84,24.84,24.84,24.84,24.39,-
30-Jul-25,24.65,24.65,24.65,24.65,24.2,-
31-Jul-25,24.42,24.42,24.42,24.42,23.98,-
01-Aug-25,24.01,24.01,24.01,24.01,23.58,-
04-Aug-25,24.34,24.34,24.34,24.34,23.9,-
05-Aug-25,24.4,24.4,24.4,24.4,23.96,-
06-Aug-25,24.39,24.39,24.39,24.39,23.95,-
07-Aug-25,24.37,24.37,24.37,24.37,23.93,-
08-Aug-25,24.51,24.51,24.51,24.51,24.07,-
11-Aug-25,24.46,24.46,24.46,24.46,24.02,-
12-Aug-25,25.03,25.03,25.03,25.03,24.58,-
13-Aug-25,25.43,25.43,25.43,25.43,24.97,-
14-Aug-25,25.26,25.26,25.26,25.26,24.8,-
15-Aug-25,25.12,25.12,25.12,25.12,24.67,-
18-Aug-25,25.16,25.16,25.16,25.16,24.7,-
19-Aug-25,25.16,25.16,25.16,25.16,24.7,-
20-Aug-25,25.08,25.08,25.08,25.08,24.63,-
21-Aug-25,25.05,25.05,25.05,25.05,24.6,-
22-Aug-25,25.81,25.81,25.81,25.81,25.34,-
25-Aug-25,25.65,25.65,25.65,25.65,25.19,-
26-Aug-25,25.73,25.73,25.73,25.73,25.26,-
27-Aug-25,25.87,25.87,25.87,25.87,25.4,-
28-Aug-25,25.89,25.89,25.89,25.89,25.42,-
29-Aug-25,25.82,25.82,25.82,25.82,25.35,-
02-Sep-25,25.66,25.66,25.66,25.66,25.2,-
03-Sep-25,25.62,25.62,25.62,25.62,25.16,-
04-Sep-25,25.92,25.92,25.92,25.92,25.45,-
05-Sep-25,25.91,25.91,25.91,25.91,25.44,-
08-Sep-25,25.89,25.89,25.89,25.89,25.42,-
09-Sep-25,25.78,25.78,25.78,25.78,25.31,-
10-Sep-25,25.79,25.79,25.79,25.79,25.32,-
11-Sep-25,26.18,26.18,26.18,26.18,25.71,-
12-Sep-25,25.95,25.95,25.95,25.95,25.48,-
15-Sep-25,25.95,25.95,25.95,25.95,25.48,-
16-Sep-25,25.93,25.93,25.93,25.93,25.46,-
17-Sep-25,25.94,25.94,25.94,25.94,25.47,-
18-Sep-25,26.31,26.31,26.31,26.31,25.83,-
19-Sep-25,26.11,26.11,26.11,26.11,25.64,-
22-Sep-25,26.12,26.12,26.12,26.12,25.65,-
23-Sep-25,26.09,26.09,26.09,26.09,25.62,-
24-Sep-25,26.02,26.02,26.02,26.02,25.55,-
25-Sep-25,25.85,25.85,25.85,25.85,25.38,-
26-Sep-25,26.1,26.1,26.1,26.1,25.63,-
29-Sep-25,26.05,26.05,26.05,26.05,25.58,-
30-Sep-25,26.08,26.08,26.08,26.08,25.61,-
01-Oct-25,26.16,26.16,26.16,26.16,25.69,-
02-Oct-25,26.17,26.17,26.17,26.17,25.7,-
03-Oct-25,26.32,26.32,26.32,26.32,25.84,-
06-Oct-25,26.33,26.33,26.33,26.33,25.85,-
07-Oct-25,26.1,26.1,26.1,26.1,25.63,-
08-Oct-25,26.24,26.24,26.24,26.24,25.76,-
09-Oct-25,26.02,26.02,26.02,26.02,25.55,-
10-Oct-25,25.25,25.25,25.25,25.25,24.79,-
13-Oct-25,25.68,25.68,25.68,25.68,25.22,-
14-Oct-25,25.96,25.96,25.96,25.96,25.49,-
15-Oct-25,26.04,26.04,26.04,26.04,25.57,-
16-Oct-25,25.68,25.68,25.68,25.68,25.22,-
17-Oct-25,25.76,25.76,25.76,25.76,25.29,-
20-Oct-25,26.13,26.13,26.13,26.13,25.66,-
21-Oct-25,26.2,26.2,26.2,26.2,25.73,-
22-Oct-25,26.03,26.03,26.03,26.03,25.56,-
23-Oct-25,26.22,26.22,26.22,26.22,25.75,-
24-Oct-25,26.41,26.41,26.41,26.41,25.93,-
27-Oct-25,26.48,26.48,26.48,26.48,26.0,-
28-Oct-25,26.37,26.37,26.37,26.37,25.89,-
29-Oct-25,26.15,26.15,26.15,26.15,25.68,-
30-Oct-25,25.97,25.97,25.97,25.97,25.5,-
31-Oct-25,26.05,26.05,26.05,26.05,25.58,-
03-Nov-25,26.07,26.07,26.07,26.07,25.6,-
04-Nov-25,25.8,25.8,25.8,25.8,25.33,-
05-Nov-25,26.05,26.05,26.05,26.05,25.58,-
06-Nov-25,25.79,25.79,25.79,25.79,25.32,-
07-Nov-25,25.96,25.96,25.96,25.96,25.49,-
10-Nov-25,26.18,26.18,26.18,26.18,25.71,-
11-Nov-25,26.3,26.3,26.3,26.3,25.82,-
12-Nov-25,26.38,26.38,26.38,26.38,25.9,-
13-Nov-25,26.0,26.0,26.0,26.0,25.53,-
14-Nov-25,25.96,25.96,25.96,25.96,25.49,-
17-Nov-25,25.48,25.48,25.48,25.48,25.02,-
18-Nov-25,25.5,25.5,25.5,25.5,25.04,-
19-Nov-25,25.49,25.49,25.49,25.49,25.03,-
20-Nov-25,25.13,25.13,25.13,25.13,24.68,-
21-Nov-25,25.72,25.72,25.72,25.72,25.25,-
24-Nov-25,25.96,25.96,25.96,25.96,25.49,-
25-Nov-25,26.44,26.44,26.44,26.44,25.96,-
26-Nov-25,26.6,26.6,26.6,26.6,26.12,-
28-Nov-25,26.72,26.72,26.72,26.72,26.24,-
01-Dec-25,26.63,26.63,26.63,26.63,26.15,-
02-Dec-25,26.61,26.61,26.61,26.61,26.13,-
03-Dec-25,26.95,26.95,26.95,26.95,26.46,-
04-Dec-25,26.95,26.95,26.95,26.95,26.46,-
05-Dec-25,26.96,26.96,26.96,26.96,26.47,-
08-Dec-25,26.86,26.86,26.86,26.86,26.37,-
09-Dec-25,26.87,26.87,26.87,26.87,26.38,-
10-Dec-25,27.37,27.37,27.37,27.37,26.87,-
11-Dec-25,27.59,27.59,27.59,27.59,27.09,-
12-Dec-25,27.33,27.33,27.33,27.33,26.84,-
15-Dec-25,27.31,27.31,27.31,27.31,26.82,-
16-Dec-25,27.11,27.11,27.11,27.11,26.62,-
17-Dec-25,27.0,27.0,27.0,27.0,26.51,-
18-Dec-25,27.09,27.09,27.09,27.09,26.6,-
19-Dec-25,27.2,27.2,27.2,27.2,26.71,-
22-Dec-25,27.38,27.38,27.38,27.38,26.88,-
23-Dec-25,27.32,27.32,27.32,27.32,26.83,-
24-Dec-25,27.42,27.42,27.42,27.42,26.92,-
26-Dec-25,27.4,27.4,27.4,27.4,26.9,-
29-Dec-25,26.8,26.8,26.8,26.8,26.8,-
30-Dec-25,26.72,26.72,26.72,26.72,26.72,-
31-Dec-25,26.49,26.49,26.49,26.49,26.49,-
02-Jan-26,26.74,26.74,26.74,26.74,26.74,-
05-Jan-26,27.09,27.09,27.09,27.09,27.09,-
06-Jan-26,27.4,27.4,27.4,27.4,27.4,-
07-Jan-26,27.18,27.18,27.18,27.18,27.18,-
08-Jan-26,27.48,27.48,27.48,27.48,27.48,-
09-Jan-26,27.64,27.64,27.64,27.64,27.64,-
12-Jan-26,27.62,27.62,27.62,27.62,27.62,-
13-Jan-26,27.6,27.6,27.6,27.6,27.6,-
14-Jan-26,27.7,27.7,27.7,27.7,27.7,-
15-Jan-26,27.93,27.93,27.93,27.93,27.93,-
16-Jan-26,27.83,27.83,27.83,27.83,27.83,-
20-Jan-26,27.44,27.44,27.44,27.44,27.44,-
21-Jan-26,28.08,28.08,28.08,28.08,28.08,-
22-Jan-26,28.19,28.19,28.19,28.19,28.19,-
23-Jan-26,27.85,27.85,27.85,27.85,27.85,-
26-Jan-26,27.87,27.87,27.87,27.87,27.87,-
27-Jan-26,27.9,27.9,27.9,27.9,27.9,-
28-Jan-26,27.86,27.86,27.86,27.86,27.86,-
29-Jan-26,28.02,28.02,28.02,28.02,28.02,-
30-Jan-26,27.87,27.87,27.87,27.87,27.87,-
02-Feb-26,28.18,28.18,28.18,28.18,28.18,-
03-Feb-26,28.26,28.26,28.26,28.26,28.26,-
04-Feb-26,28.45,28.45,28.45,28.45,28.45,-
05-Feb-26,28.17,28.17,28.17,28.17,28.17,-
06-Feb-26,28.87,28.87,28.87,28.87,28.87,-
09-Feb-26,28.88,28.88,28.88,28.88,28.88,-
10-Feb-26,28.84,28.84,28.84,28.84,28.84,-
11-Feb-26,28.92,28.92,28.92,28.92,28.92,-
12-Feb-26,28.45,28.45,28.45,28.45,28.45,-
13-Feb-26,28.68,28.68,28.68,28.68,28.68,-
17-Feb-26,28.61,28.61,28.61,28.61,28.61,-
18-Feb-26,28.78,28.78,28.78,28.78,28.78,-
19-Feb-26,28.73,28.73,28.73,28.73,28.73,-
20-Feb-26,28.89,28.89,28.89,28.89,28.89,-
23-Feb-26,28.38,28.38,28.38,28.38,28.38,-
24-Feb-26,28.6,28.6,28.6,28.6,28.6,-
25-Feb-26,28.7,28.7,28.7,28.7,28.7,-
26-Feb-26,28.77,28.77,28.77,28.77,28.77,-
27-Feb-26,28.52,28.52,28.52,28.52,28.52,-
02-Mar-26,28.59,28.59,28.59,28.59,28.59,-
03-Mar-26,28.23,28.23,28.23,28.23,28.23,-
04-Mar-26,28.4,28.4,28.4,28.4,28.4,-
05-Mar-26,28.03,28.03,28.03,28.03,28.03,-
06-Mar-26,27.51,27.51,27.51,27.51,27.51,-
09-Mar-26,27.61,27.61,27.61,27.61,27.61,-
10-Mar-26,27.5,27.5,27.5,27.5,27.5,-
11-Mar-26,27.49,27.49,27.49,27.49,27.49,-
12-Mar-26,27.04,27.04,27.04,27.04,27.04,-
13-Mar-26,27.0,27.0,27.0,27.0,27.0,-
16-Mar-26,27.2,27.2,27.2,27.2,27.2,-
17-Mar-26,27.38,27.38,27.38,27.38,27.38,-
18-Mar-26,27.04,27.04,27.04,27.04,27.04,-
19-Mar-26,27.09,27.09,27.09,27.09,27.09,-
20-Mar-26,26.73,26.73,26.73,26.73,26.73,-
23-Mar-26,27.16,27.16,27.16,27.16,27.16,-
24-Mar-26,27.36,27.36,27.36,27.36,27.36,-
25-Mar-26,27.54,27.54,27.54,27.54,27.54,-
26-Mar-26,27.27,27.27,27.27,27.27,27.27,-
27-Mar-26,26.9,26.9,26.9,26.9,26.9,-
30-Mar-26,26.72,26.72,26.72,26.72,26.72,-
31-Mar-26,27.35,27.35,27.35,27.35,27.35,-
01-Apr-26,27.5,27.5,27.5,27.5,27.5,-
02-Apr-26,27.56,27.56,27.56,27.56,27.56,-
06-Apr-26,27.72,27.72,27.72,27.72,27.72,-
07-Apr-26,27.74,27.74,27.74,27.74,27.74,-
08-Apr-26,28.43,28.43,28.43,28.43,28.43,-
09-Apr-26,28.6,28.6,28.6,28.6,28.6,-
10-Apr-26,28.45,28.45,28.45,28.45,28.45,-
13-Apr-26,28.74,28.74,28.74,28.74,28.74,-
14-Apr-26,28.83,28.83,28.83,28.83,28.83,-
15-Apr-26,28.78,28.78,28.78,28.78,28.78,-
16-Apr-26,28.9,28.9,28.9,28.9,28.9,-
17-Apr-26,29.34,29.34,29.34,29.34,29.34,-
20-Apr-26,29.42,29.42,29.42,29.42,29.42,-
21-Apr-26,29.27,29.27,29.27,29.27,29.27,-
22-Apr-26,29.37,29.37,29.37,29.37,29.37,-
23-Apr-26,29.4,29.4,29.4,29.4,29.4,-
24-Apr-26,29.48,29.48,29.48,29.48,29.48,-
27-Apr-26,29.56,29.56,29.56,29.56,29.56,-
28-Apr-26,29.46,29.46,29.46,29.46,29.46,-
29-Apr-26,29.36,29.36,29.36,29.36,29.36,-
30-Apr-26,29.78,29.78,29.78,29.78,29.78,-
01-May-26,29.79,29.79,29.79,29.79,29.79,-
04-May-26,29.56,29.56,29.56,29.56,29.56,-
05-May-26,29.98,29.98,29.98,29.98,29.98,-
06-May-26,30.26,30.26,30.26,30.26,30.26,-
07-May-26,29.95,29.95,29.95,29.95,29.95,-
08-May-26,30.22,30.22,30.22,30.22,30.22,-
11-May-26,30.15,30.15,30.15,30.15,30.15,-
12-May-26,29.97,29.97,29.97,29.97,29.97,-
13-May-26,29.97,29.97,29.97,29.97,29.97,-
14-May-26,30.14,30.14,30.14,30.14,30.14,-
15-May-26,29.69,29.69,29.69,29.69,29.69,-
18-May-26,29.79,29.79,29.79,29.79,29.79,-
19-May-26,29.59,29.59,29.59,29.59,29.59,-
20-May-26,30.08,30.08,30.08,30.08,30.08,-
21-May-26,30.16,30.16,30.16,30.16,30.16,-
22-May-26,30.39,30.39,30.39,30.39,30.39,-
26-May-26,30.77,30.77,30.77,30.77,30.77,-
27-May-26,30.77,30.77,30.77,30.77,30.77,-
28-May-26,30.86,30.86,30.86,30.86,30.86,-
29-May-26,30.8,30.8,30.8,30.8,30.8,-
01-Jun-26,30.88,30.88,30.88,30.88,30.88,-
02-Jun-26,31.13,31.13,31.13,31.13,31.13,-
03-Jun-26,30.92,30.92,30.92,30.92,30.92,-
04-Jun-26,31.14,31.14,31.14,31.14,31.14,-
05-Jun-26,30.53,30.53,30.53,30.53,30.53,-
08-Jun-26,30.71,30.71,30.71,30.71,30.71,-
09-Jun-26,30.85,30.85,30.85,30.85,30.85,-
10-Jun-26,30.51,30.51,30.51,30.51,30.51,-
11-Jun-26,31.14,31.14,31.14,31.14,31.14,-
12-Jun-26,31.39,31.39,31.39,31.39,31.39,-
15-Jun-26,31.47,31.47,31.47,31.47,31.47,-
16-Jun-26,31.32,31.32,31.32,31.32,31.32,-
17-Jun-26,30.92,30.92,30.92,30.92,30.92,-
18-Jun-26,31.23,31.23,31.23,31.23,31.23,-
22-Jun-26,31.36,31.36,31.36,31.36,31.36,-
23-Jun-26,31.12,31.12,31.12,31.12,31.12,-
24-Jun-26,31.25,31.25,31.25,31.25,31.25,-
25-Jun-26,31.6,31.6,31.6,31.6,31.6,-
26-Jun-26,31.62,31.62,31.62,31.62,31.62,-
29-Jun-26,31.66,31.66,31.66,31.66,31.66,-
30-Jun-26,31.71,31.71,31.71,31.71,31.71,-
01-Jul-26,31.6,31.6,31.6,31.6,31.6,-
02-Jul-26,31.49,31.49,31.49,31.49,31.49,-
06-Jul-26,31.6,31.6,31.6,31.6,31.6,-
07-Jul-26,31.42,31.42,31.42,31.42,31.42,-
08-Jul-26,31.18,31.18,31.18,31.18,31.18,-
09-Jul-26,31.51,31.51,31.51,31.51,31.51,-
10-Jul-26,31.6,31.6,31.6,31.6,31.6,-
13-Jul-26,31.52,31.52,31.52,31.52,31.52,-
14-Jul-26,31.59,31.59,31.59,31.59,31.59,-
15-Jul-26,31.63,31.63,31.63,31.63,31.63,-
16-Jul-26,31.8,31.8,31.8,31.8,31.8,-
17-Jul-26,31.59,31.59,31.59,31.59,31.59,-
20-Jul-26,31.41,31.41,31.41,31.41,31.41,-
21-Jul-26,31.79,31.79,31.79,31.79,31.79,-
22-Jul-26,31.78,31.78,31.78,31.78,31.78,-
23-Jul-26,31.58,31.58,31.58,31.58,31.58,-
24-Jul-26,31.68,31.68,31.68,31.68,31.68,-
27-Jul-26,31.77,31.77,31.77,31.77,31.77,-
28-Jul-26,31.92,31.92,31.92,31.92,31.92,-
29-Jul-26,31.51,31.51,31.51,31.51,31.51,-
30-Jul-26,31.76,31.76,31.76,31.76,31.76,-
31-Jul-26,31.77,31.77,31.77,31.77,31.77,-
03-Aug-26,32.16,32.16,32.16,32.16,32.16,-
04-Aug-26,32.68,32.68,32.68,32.68,32.68,-
05-Aug-26,32.52,32.52,32.52,32.52,32.52,-
06-Aug-26,32.39,32.39,32.39,32.39,32.39,-
07-Aug-26,32.56,32.56,32.56,32.56,32.56,-
10-Aug-26,32.56,32.56,32.56,32.56,32.56,-
11-Aug-26,32.6,32.6,32.6,32.6,32.6,-
12-Aug-26,32.72,32.72,32.72,32.72,32.72,-
13-Aug-26,32.87,32.87,32.87,32.87,32.87,-
14-Aug-26,32.97,32.97,32.97,32.97,32.97,-
