Date,Open,High,Low,Close ,Adj Close ,Volume
25-Aug-26,50.96,51.33,50.97,51.3,51.3,"95,748"
24-Aug-26,50.62,50.62,50.21,50.52,50.52,"105,400"
21-Aug-26,51.43,51.43,51.07,51.19,51.19,"65,700"
20-Aug-26,50.42,50.87,50.42,50.83,50.83,"126,000"
19-Aug-26,50.84,50.84,50.29,50.51,50.51,"133,900"
18-Aug-26,50.42,50.64,49.96,49.99,49.99,"211,100"
17-Aug-26,51.41,51.86,51.4,51.46,51.46,"206,100"
14-Aug-26,51.08,51.29,50.76,51,51,"46,600"
13-Aug-26,50.84,51.18,50.77,51.01,51.01,"190,500"
12-Aug-26,50.96,51,50.69,50.9,50.9,"79,000"
11-Aug-26,50.29,50.34,49.92,50.11,50.11,"61,600"
10-Aug-26,49.79,50.09,49.74,49.93,49.93,"62,400"
7-Aug-26,50.43,50.43,49.81,50.3,50.3,"64,000"
6-Aug-26,49.46,50.18,49.44,49.74,49.74,"129,500"
5-Aug-26,50.39,50.6,50.21,50.25,50.25,"76,700"
4-Aug-26,49.79,50.54,49.79,50.44,50.44,"119,400"
3-Aug-26,48.65,49.3,48.42,49.26,49.26,"176,300"
31-Jul-26,49.52,49.6,48.6,49.03,49.03,"87,200"
30-Jul-26,47.77,48.74,47.73,48.68,48.68,"118,600"
29-Jul-26,47.27,47.99,46.61,46.87,46.87,"92,300"
28-Jul-26,47.39,47.96,47.15,47.67,47.67,"69,000"
27-Jul-26,48.94,48.94,48.01,48.72,48.72,"308,200"
24-Jul-26,48.69,48.9,48.3,48.37,48.37,"103,700"
23-Jul-26,49.08,49.51,48.84,49.35,49.35,"129,000"
22-Jul-26,49.34,49.75,49.34,49.64,49.64,"63,500"
21-Jul-26,49.6,49.96,49.47,49.96,49.96,"81,700"
20-Jul-26,48.73,49,48.4,48.53,48.53,"225,400"
17-Jul-26,47.48,48.72,47.4,48.32,48.32,"326,800"
16-Jul-26,49.12,49.3,48.83,49.03,49.03,"117,700"
15-Jul-26,50.18,50.21,49.35,49.82,49.82,"99,800"
14-Jul-26,49.94,50.17,49.74,50.06,50.06,"166,800"
13-Jul-26,49.62,49.75,49.14,49.27,49.27,"75,900"
10-Jul-26,50.65,51.04,50.46,51.04,51.04,"96,800"
9-Jul-26,50.76,51.02,50.67,50.97,50.97,"155,200"
8-Jul-26,49.66,50.61,49.62,50.61,50.61,"63,000"
7-Jul-26,50.37,50.55,49.83,50.2,50.2,"81,500"
6-Jul-26,51.22,51.65,51.22,51.54,51.54,"55,600"
2-Jul-26,50.61,51.07,49.53,50.21,50.21,"75,800"
1-Jul-26,50.84,51.32,50.57,50.63,50.63,"210,900"
30-Jun-26,51.52,52.15,51.46,52,52,"80,800"
29-Jun-26,51.06,51.4,50.3,51.39,51.39,"92,100"
26-Jun-26,50.32,51.51,50.32,51.27,51.27,"54,200"
25-Jun-26,52.54,52.54,51.29,51.82,51.82,"66,400"
24-Jun-26,51.25,51.42,50.75,51.05,51.05,"79,500"
23-Jun-26,51.2,51.83,51.1,51.15,51.15,"67,800"
22-Jun-26,54.21,54.29,53.96,54.09,54.09,"67,200"
18-Jun-26,53.31,53.9,53.29,53.81,53.81,"98,800"
17-Jun-26,52.94,53.23,52.14,52.24,52.24,"74,300"
16-Jun-26,52.77,52.97,52.24,52.31,52.31,"117,700"
15-Jun-26,53,53.27,52.84,53.24,53.24,"167,000"
12-Jun-26,51.18,51.71,50.93,51.53,51.53,"90,900"
11-Jun-26,49.57,51.35,49.56,51.19,51.19,"133,900"
10-Jun-26,49.52,50.32,49.13,49.18,49.18,"92,100"
9-Jun-26,50.93,50.96,48.61,49.84,49.84,"156,300"
8-Jun-26,50.19,50.29,49.78,49.93,49.93,"110,700"
5-Jun-26,50.63,50.65,48.87,49.08,49.08,"86,800"
4-Jun-26,51.93,52.54,51.71,52.49,52.49,"52,100"
3-Jun-26,53.28,53.28,52.74,53.09,53.09,"65,900"
2-Jun-26,53.27,53.67,53.06,53.65,53.65,"74,000"
1-Jun-26,52.55,53.56,52.35,53.05,53.05,"117,200"
29-May-26,52.09,52.26,51.87,51.99,51.99,"115,100"
28-May-26,51.21,52.09,51.01,51.95,51.95,"161,700"
27-May-26,51.99,52,51.35,51.77,51.77,"77,000"
26-May-26,51.22,51.82,51.22,51.81,51.81,"75,000"
22-May-26,49.97,50.2,49.79,49.89,49.89,"68,300"
21-May-26,49.41,50.24,49.35,50.14,50.14,"82,600"
20-May-26,48.86,49.69,48.85,49.69,49.69,"128,100"
19-May-26,48.19,49.14,48.13,48.76,48.76,"94,900"
18-May-26,49.82,49.82,48.7,49.21,49.21,"60,300"
15-May-26,49.46,49.62,49.11,49.38,49.38,"90,700"
14-May-26,50.74,51.15,50.68,51.14,51.14,"98,400"
13-May-26,50.2,50.99,50.16,50.94,50.94,"165,600"
12-May-26,50.04,50.3,49.17,49.79,49.79,"122,000"
11-May-26,51.31,51.53,51.18,51.41,51.41,"57,600"
8-May-26,50.84,51.37,50.84,51.37,51.37,"92,300"
7-May-26,50.97,50.97,50.21,50.32,50.32,"98,000"
6-May-26,50.47,51.08,50.36,51.03,51.03,"74,900"
5-May-26,49,49.59,49,49.4,49.4,"75,500"
4-May-26,48.65,48.93,48.16,48.51,48.51,"79,800"
1-May-26,48.25,48.88,48.19,48.42,48.42,"66,700"
30-Apr-26,47.74,48.46,47.53,48.2,48.2,"86,300"
29-Apr-26,47.73,47.73,47.31,47.43,47.43,"50,100"
28-Apr-26,47.48,47.75,47.4,47.64,47.64,"41,700"
27-Apr-26,48.36,48.45,48.1,48.1,48.1,"216,300"
24-Apr-26,47.87,48.31,47.79,48.21,48.21,"101,300"
23-Apr-26,47.66,47.83,46.81,47.33,47.33,"53,600"
22-Apr-26,47.75,48.11,47.72,48,48,"66,400"
21-Apr-26,48.08,48.08,47.15,47.16,47.16,"146,200"
20-Apr-26,47.96,48.08,47.76,48.04,48.04,"160,800"
17-Apr-26,48.29,48.81,48.29,48.36,48.36,"154,600"
16-Apr-26,47.51,47.73,47.25,47.46,47.46,"1,809,800"
15-Apr-26,47.25,47.42,47.16,47.34,47.34,"53,700"
14-Apr-26,46.89,47.5,46.89,47.37,47.37,"117,700"
13-Apr-26,45.78,46.6,45.78,46.57,46.57,"66,000"
10-Apr-26,46.26,46.4,46.02,46.2,46.2,"66,900"
9-Apr-26,45.57,46.1,45.34,45.92,45.92,"119,800"
8-Apr-26,46.23,46.26,45.68,46.04,46.04,"89,900"
7-Apr-26,43.47,43.74,42.93,43.66,43.66,"101,300"
6-Apr-26,43.32,43.66,43.32,43.45,43.45,"64,000"
2-Apr-26,42.25,43.42,42.25,43.13,43.13,"106,200"
1-Apr-26,43.45,44.01,43.42,43.62,43.62,"147,600"
31-Mar-26,41.8,43.24,41.8,43.2,43.2,"152,300"
30-Mar-26,42.18,42.18,41.44,41.73,41.73,"241,800"
27-Mar-26,42.14,42.48,41.9,42.02,42.02,"89,200"
26-Mar-26,42.86,43.04,42.22,42.27,42.27,"177,400"
25-Mar-26,43.64,43.93,43.47,43.56,43.56,"53,000"
24-Mar-26,42.74,43.33,42.69,42.92,42.92,"89,800"
23-Mar-26,43.32,44.08,43.1,43.77,43.77,"105,500"
20-Mar-26,43.33,43.38,42.24,42.44,42.44,"149,800"
19-Mar-26,42.98,44.1,42.9,43.84,43.84,"204,200"
18-Mar-26,44.23,44.42,43.82,43.82,43.82,"338,700"
17-Mar-26,44.44,44.73,44.4,44.51,44.51,"213,200"
16-Mar-26,43.98,44.43,43.93,44.22,44.22,"283,400"
13-Mar-26,43.72,44.15,43,43.12,43.12,"184,800"
12-Mar-26,43.92,43.93,43.12,43.17,43.17,"312,200"
11-Mar-26,44.43,44.82,44.26,44.56,44.56,"116,800"
10-Mar-26,44.49,45.39,44.29,44.49,44.49,"237,500"
9-Mar-26,43.04,44.49,42.73,44.31,44.31,"238,500"
6-Mar-26,43.19,43.76,43.02,43.56,43.56,"177,400"
5-Mar-26,44.13,44.53,43.24,43.84,43.84,"203,400"
4-Mar-26,44.55,45.29,44.39,44.83,44.83,"736,700"
3-Mar-26,44.16,44.74,43.29,44.49,44.49,"241,300"
2-Mar-26,46.28,47.04,46.28,46.75,46.75,"217,700"
27-Feb-26,47.37,47.71,47.31,47.59,47.59,"167,300"
26-Feb-26,48.23,48.23,47.33,47.84,47.84,"126,600"
25-Feb-26,48.21,48.25,47.96,48.24,48.24,"123,600"
24-Feb-26,47.36,47.8,47.29,47.67,47.67,"104,200"
23-Feb-26,47.32,47.43,46.86,46.98,46.98,"122,200"
20-Feb-26,46.56,47.47,46.49,47.46,47.46,"96,900"
19-Feb-26,46.42,46.55,46.2,46.54,46.54,"109,800"
18-Feb-26,46.56,46.89,46.47,46.65,46.65,"79,100"
17-Feb-26,46.15,46.58,45.88,46.39,46.39,"124,700"
13-Feb-26,46.25,46.63,45.85,46.6,46.6,"175,200"
12-Feb-26,47.03,47.08,46.25,46.45,46.45,"142,900"
11-Feb-26,46.53,46.9,46.3,46.9,46.9,"116,800"
10-Feb-26,46.24,46.35,46.07,46.22,46.22,"146,100"
9-Feb-26,45.71,46.19,45.67,46.15,46.15,"150,200"
6-Feb-26,45.12,45.77,45.12,45.76,45.76,"116,500"
5-Feb-26,44.7,44.98,44.43,44.54,44.54,"110,700"
4-Feb-26,45.61,45.61,44.65,44.87,44.87,"120,400"
3-Feb-26,45.68,45.68,45.04,45.45,45.45,"583,600"
2-Feb-26,44.59,45.29,44.59,45.2,45.2,"115,400"
30-Jan-26,45.46,45.64,44.82,45.01,45.01,"87,500"
29-Jan-26,46.38,46.38,45.3,45.94,45.94,"127,800"
28-Jan-26,46.1,46.15,45.81,46.14,46.14,"113,200"
27-Jan-26,45.44,45.81,45.44,45.81,45.81,"117,700"
26-Jan-26,44.76,45.05,44.76,44.88,44.88,"83,000"
23-Jan-26,44.49,44.92,44.39,44.88,44.88,"68,500"
22-Jan-26,44.5,44.76,44.44,44.62,44.62,"80,100"
21-Jan-26,43.99,44.4,43.98,44.17,44.17,"89,800"
20-Jan-26,43.56,43.87,43.54,43.58,43.58,"237,600"
16-Jan-26,43.97,43.99,43.71,43.89,43.89,"284,900"
15-Jan-26,44.03,44.28,43.94,44.07,44.07,"131,000"
14-Jan-26,43.62,43.79,43.56,43.76,43.76,"107,500"
13-Jan-26,43.8,43.8,43.51,43.56,43.56,"92,900"
12-Jan-26,43.37,43.97,43.37,43.94,43.94,"82,600"
9-Jan-26,43.26,43.41,43.08,43.4,43.4,"89,300"
8-Jan-26,43.06,43.23,43.01,43.18,43.18,"166,800"
7-Jan-26,43.34,43.36,43.19,43.24,43.24,"143,800"
6-Jan-26,43.37,43.61,43.37,43.54,43.54,"99,700"
5-Jan-26,42.96,43.18,42.78,43.17,43.17,"119,900"
2-Jan-26,42.45,42.67,42.4,42.62,42.62,"147,600"
31-Dec-25,41.73,41.74,41.58,41.62,41.62,"82,900"
30-Dec-25,41.72,41.79,41.65,41.74,41.74,"102,300"
29-Dec-25,41.44,41.56,41.41,41.53,41.53,"89,200"
26-Dec-25,41.43,41.72,41.43,41.72,41.72,"40,600"
24-Dec-25,41.41,41.43,41.37,41.39,41.39,"43,400"
23-Dec-25,0.958 Dividend ,,,,,
23-Dec-25,41.09,41.3,41.05,41.3,41.3,"109,400"
22-Dec-25,41.97,42.11,41.97,41.98,41.02,"114,600"
19-Dec-25,41.67,41.94,41.67,41.84,40.89,"79,900"
18-Dec-25,41.52,41.66,41.44,41.48,40.53,"71,500"
17-Dec-25,41.46,41.47,40.88,40.88,39.95,"335,200"
16-Dec-25,41.24,41.35,41.09,41.22,40.28,"67,200"
15-Dec-25,41.85,41.85,41.5,41.5,40.55,"63,100"
12-Dec-25,42.04,42.06,41.46,41.6,40.65,"106,900"
11-Dec-25,41.88,42.07,41.75,41.99,41.03,"59,400"
10-Dec-25,41.87,42.27,41.81,42.23,41.27,"109,600"
9-Dec-25,41.55,41.79,41.47,41.77,40.82,"57,200"
8-Dec-25,41.97,41.97,41.74,41.9,40.94,"42,700"
5-Dec-25,42.1,42.19,41.89,41.94,40.98,"72,300"
4-Dec-25,41.76,41.76,41.54,41.63,40.68,"60,000"
3-Dec-25,41.49,41.66,41.46,41.66,40.71,"69,500"
2-Dec-25,41.61,41.64,41.41,41.59,40.64,"50,900"
1-Dec-25,41.49,41.68,41.48,41.48,40.53,"77,800"
28-Nov-25,41.42,41.63,41.42,41.61,40.66,"34,700"
26-Nov-25,41.46,41.62,41.31,41.55,40.6,"70,900"
25-Nov-25,41.07,41.27,40.89,41.23,40.29,"80,800"
24-Nov-25,40.78,41.09,40.73,41.07,40.13,"70,500"
21-Nov-25,40.39,40.84,40.18,40.67,39.74,"73,100"
20-Nov-25,41.64,41.68,40.7,40.73,39.8,"69,500"
19-Nov-25,41.2,41.47,41.1,41.29,40.35,"110,000"
18-Nov-25,41.25,41.52,41.13,41.32,40.38,"65,900"
17-Nov-25,41.78,42.01,41.5,41.65,40.7,"57,900"
14-Nov-25,41.82,42.31,41.73,42.04,41.09,"82,200"
13-Nov-25,42.57,42.6,41.9,42.01,41.05,"40,800"
12-Nov-25,42.55,42.55,42.4,42.53,41.56,"45,000"
11-Nov-25,42.43,42.55,42.34,42.49,41.52,"53,000"
10-Nov-25,42.3,42.46,42.15,42.42,41.45,"55,300"
7-Nov-25,41.49,41.74,41.24,41.74,40.78,"60,700"
6-Nov-25,42.07,42.13,41.68,41.85,40.89,"69,800"
5-Nov-25,41.77,42.17,41.73,42.03,41.07,"40,400"
4-Nov-25,41.81,42.06,41.67,41.67,40.72,"50,500"
3-Nov-25,42.41,42.51,42.22,42.45,41.48,"56,900"
31-Oct-25,42.18,42.19,42.01,42.12,41.16,"35,700"
30-Oct-25,42.24,42.42,42.21,42.23,41.27,"55,000"
29-Oct-25,42.86,42.92,42.51,42.69,41.72,"43,800"
28-Oct-25,42.32,42.58,42.3,42.55,41.58,"46,000"
27-Oct-25,42.58,42.59,42.46,42.58,41.61,"58,700"
24-Oct-25,42.17,42.17,42.06,42.11,41.15,"53,400"
23-Oct-25,41.69,41.92,41.67,41.86,40.9,"38,000"
22-Oct-25,41.68,41.81,41.31,41.56,40.61,"52,100"
21-Oct-25,41.65,41.65,41.48,41.53,40.58,"78,200"
20-Oct-25,41.64,42.01,41.64,41.92,40.96,"50,200"
17-Oct-25,41.07,41.43,41.06,41.42,40.47,"59,600"
16-Oct-25,41.49,41.65,41.29,41.46,40.51,"47,900"
15-Oct-25,41.16,41.32,40.96,41.27,40.33,"50,900"
14-Oct-25,40.22,40.74,40.13,40.45,39.53,"40,900"
13-Oct-25,40.77,40.97,40.65,40.88,39.95,"53,700"
10-Oct-25,41.16,41.24,39.63,39.72,38.81,"102,800"
9-Oct-25,41.51,41.51,41.02,41.15,40.21,"39,600"
8-Oct-25,41.22,41.5,41.22,41.45,40.5,"65,900"
7-Oct-25,41.62,41.62,41.17,41.21,40.27,"76,200"
6-Oct-25,41.36,41.56,41.36,41.48,40.53,"91,600"
3-Oct-25,41.35,41.44,41.22,41.36,40.42,"78,700"
2-Oct-25,41.35,41.35,41.08,41.27,40.33,"50,100"
1-Oct-25,40.87,41.1,40.87,41.1,40.16,"48,000"
30-Sep-25,40.66,40.73,40.61,40.73,39.8,"50,900"
29-Sep-25,40.65,40.74,40.55,40.56,39.63,"43,600"
26-Sep-25,40.04,40.27,40.01,40.27,39.35,"110,700"
25-Sep-25,40.29,40.44,40.23,40.34,39.42,"60,600"
24-Sep-25,40.73,40.79,40.56,40.6,39.68,"131,700"
23-Sep-25,40.81,40.95,40.73,40.8,39.87,"62,500"
22-Sep-25,40.64,40.79,40.58,40.78,39.85,"40,800"
19-Sep-25,40.67,40.76,40.56,40.63,39.7,"38,500"
18-Sep-25,40.58,40.86,40.52,40.69,39.76,"55,300"
17-Sep-25,40.85,41.1,40.78,40.87,39.93,"53,300"
16-Sep-25,40.57,40.79,40.49,40.71,39.78,"45,500"
15-Sep-25,40.39,40.51,40.35,40.49,39.57,"49,000"
12-Sep-25,40.2,40.29,40.14,40.21,39.29,"67,300"
11-Sep-25,39.93,40.27,39.93,40.24,39.32,"48,800"
10-Sep-25,39.74,39.83,39.61,39.69,38.78,"52,400"
9-Sep-25,39.34,39.45,39.33,39.34,38.44,"87,900"
8-Sep-25,39.08,39.22,39.01,39.22,38.32,"35,500"
5-Sep-25,38.93,39.02,38.72,38.86,37.97,"56,100"
4-Sep-25,38.3,38.43,38.21,38.42,37.54,"74,000"
3-Sep-25,38.59,38.63,38.51,38.6,37.72,"48,700"
2-Sep-25,38.1,38.43,38.1,38.43,37.55,"56,800"
29-Aug-25,38.48,38.53,38.39,38.48,37.6,"54,200"
28-Aug-25,38.56,38.72,38.56,38.7,37.82,"62,300"
27-Aug-25,38.37,38.53,38.28,38.52,37.64,"63,100"
26-Aug-25,38.82,38.83,38.71,38.78,37.9,"68,000"
25-Aug-25,38.96,39.07,38.86,38.86,37.97,"49,200"
22-Aug-25,38.54,39.06,38.53,39.02,38.13,"87,300"
21-Aug-25,38.32,38.36,38.24,38.3,37.43,"147,100"
20-Aug-25,38.36,38.41,38.19,38.41,37.53,"184,200"
19-Aug-25,38.57,38.62,38.36,38.41,37.53,"59,900"
18-Aug-25,38.65,38.68,38.57,38.65,37.77,"245,600"
15-Aug-25,38.55,38.6,38.47,38.51,37.63,"95,800"
14-Aug-25,38.47,38.52,38.34,38.43,37.55,"35,400"
13-Aug-25,38.88,38.96,38.84,38.93,38.04,"97,200"
12-Aug-25,38.17,38.5,38.15,38.45,37.57,"53,600"
11-Aug-25,38.06,38.08,37.93,37.94,37.08,"38,800"
8-Aug-25,37.99,38.12,37.99,38.08,37.21,"42,100"
7-Aug-25,38.19,38.26,38.01,38.15,37.28,"71,900"
6-Aug-25,37.74,37.85,37.56,37.83,36.96,"54,600"
5-Aug-25,37.77,37.79,37.59,37.68,36.82,"63,700"
4-Aug-25,37.6,37.62,37.46,37.52,36.67,"77,400"
1-Aug-25,37.25,37.25,36.97,37.12,36.27,"58,300"
31-Jul-25,37.53,37.61,37.35,37.42,36.57,"245,200"
30-Jul-25,37.73,37.84,37.57,37.65,36.79,"101,900"
29-Jul-25,37.96,37.97,37.81,37.83,36.97,"76,400"
28-Jul-25,37.9,37.9,37.72,37.79,36.92,"49,400"
25-Jul-25,37.92,38.06,37.91,38.03,37.17,"73,100"
24-Jul-25,38.21,38.25,38.12,38.12,37.25,"38,800"
23-Jul-25,38.19,38.39,38.18,38.38,37.5,"46,900"
22-Jul-25,37.9,38.03,37.76,37.99,37.12,"39,800"
21-Jul-25,37.95,38.17,37.9,38.01,37.14,"46,700"
18-Jul-25,38,38.03,37.76,37.76,36.9,"143,400"
17-Jul-25,37.68,37.93,37.64,37.92,37.05,"40,700"
16-Jul-25,37.43,37.74,37.36,37.74,36.88,"97,800"
15-Jul-25,37.64,37.66,37.46,37.54,36.68,"73,000"
14-Jul-25,37.18,37.29,37.18,37.26,36.41,"71,800"
11-Jul-25,37.22,37.27,37.18,37.18,36.33,"80,300"
10-Jul-25,37.31,37.35,37.16,37.35,36.5,"61,200"
9-Jul-25,37.29,37.31,37.15,37.27,36.42,"55,400"
8-Jul-25,37.27,37.33,37.2,37.31,36.46,"45,300"
7-Jul-25,37.2,37.32,37,37.04,36.19,"137,200"
3-Jul-25,37.46,37.64,37.46,37.58,36.72,"50,700"
2-Jul-25,37.15,37.45,37.14,37.45,36.6,"66,000"
1-Jul-25,37.25,37.33,37.2,37.27,36.42,"113,700"
30-Jun-25,36.98,37.22,36.98,37.21,36.36,"110,600"
27-Jun-25,37.11,37.21,37,37.13,36.28,"33,700"
26-Jun-25,37.13,37.26,37.11,37.15,36.3,"54,300"
25-Jun-25,36.97,37,36.87,36.97,36.13,"48,700"
24-Jun-25,36.55,36.99,36.55,36.9,36.06,"57,100"
23-Jun-25,35.68,36.03,35.6,36.03,35.21,"130,100"
20-Jun-25,35.89,36.12,35.71,35.75,34.93,"112,000"
18-Jun-25,35.89,36.42,35.73,35.95,35.13,"92,400"
17-Jun-25,36.27,36.32,35.96,35.99,35.17,"442,500"
16-Jun-25,36.49,36.68,36.43,36.5,35.67,"97,000"
13-Jun-25,36.01,36.2,35.95,36,35.18,"118,300"
12-Jun-25,36.54,36.64,36.51,36.55,35.72,"66,200"
11-Jun-25,36.61,36.7,36.54,36.56,35.73,"51,600"
10-Jun-25,36.34,36.43,36.26,36.42,35.59,"67,200"
9-Jun-25,35.86,36.25,35.86,36.14,35.32,"66,100"
6-Jun-25,35.74,35.91,35.73,35.9,35.08,"83,200"
5-Jun-25,35.81,35.87,35.64,35.7,34.89,"118,400"
4-Jun-25,35.45,35.62,35.44,35.58,34.77,"109,100"
3-Jun-25,35.02,35.15,34.93,35.09,34.29,"81,500"
2-Jun-25,34.93,35.13,34.72,35.04,34.24,"79,600"
30-May-25,34.86,34.86,34.57,34.8,34.01,"103,300"
29-May-25,35.3,35.3,35.08,35.19,34.39,"128,600"
28-May-25,35.04,35.09,34.97,35.03,34.23,"146,500"
27-May-25,35.09,35.19,35.04,35.18,34.38,"170,300"
23-May-25,34.82,35.24,34.82,35.18,34.38,"100,400"
22-May-25,35.04,35.15,34.97,35.02,34.22,"102,600"
21-May-25,35.37,35.66,35.13,35.16,34.36,"133,000"
20-May-25,35.17,35.28,35.12,35.28,34.47,"76,500"
19-May-25,35.01,35.3,35.01,35.24,34.44,"123,500"
16-May-25,35.17,35.21,35.07,35.15,34.35,"76,600"
15-May-25,35.2,35.26,35.06,35.26,34.46,"102,700"
14-May-25,35.31,35.36,35.17,35.18,34.38,"85,600"
13-May-25,34.75,35.13,34.72,35.03,34.23,"67,400"
12-May-25,34.92,34.96,34.77,34.9,34.1,"138,100"
9-May-25,34.33,34.36,34.16,34.21,33.43,"67,600"
8-May-25,34.07,34.08,33.9,33.9,33.13,"53,600"
7-May-25,34.05,34.09,33.84,33.99,33.21,"66,800"
6-May-25,34.24,34.45,34.22,34.3,33.52,"43,300"
5-May-25,34.58,34.6,34.45,34.46,33.67,"71,500"
2-May-25,34.38,34.38,34.13,34.28,33.5,"73,600"
1-May-25,33.45,33.47,33.27,33.27,32.51,"45,200"
30-Apr-25,33.19,33.4,33.03,33.37,32.61,"112,900"
29-Apr-25,33.18,33.32,33.18,33.24,32.48,"53,000"
28-Apr-25,33.14,33.16,32.97,33.13,32.37,"42,900"
25-Apr-25,32.87,33.07,32.84,33.04,32.29,"45,600"
24-Apr-25,32.89,33.18,32.86,33.14,32.38,"73,100"
23-Apr-25,32.77,33.07,32.65,32.69,31.94,"97,500"
22-Apr-25,32.1,32.55,32.1,32.35,31.61,"108,300"
21-Apr-25,31.92,32.06,31.69,31.88,31.15,"111,600"
17-Apr-25,31.89,32.13,31.89,31.89,31.16,"60,700"
16-Apr-25,31.68,32.02,31.59,31.72,31,"45,800"
15-Apr-25,32.18,32.25,32.04,32.04,31.31,"67,700"
14-Apr-25,32.06,32.27,31.93,32.09,31.36,"163,700"
11-Apr-25,31.15,31.83,31.15,31.77,31.04,"67,000"
10-Apr-25,31.09,31.18,30.5,30.94,30.23,"337,900"
9-Apr-25,29.52,31.56,29.41,31.46,30.74,"128,400"
8-Apr-25,30.37,30.61,29.19,29.41,28.74,"196,300"
7-Apr-25,29.5,30.59,29.4,29.78,29.1,"343,900"
4-Apr-25,31.3,31.55,30.69,31.01,30.3,"460,300"
3-Apr-25,32.62,32.93,32.62,32.71,31.96,"310,400"
2-Apr-25,33.38,33.5,33.29,33.4,32.64,"70,600"
1-Apr-25,33.19,33.46,33.12,33.37,32.61,"73,500"
31-Mar-25,32.96,33.25,32.85,33.18,32.42,"50,600"
28-Mar-25,33.55,33.6,33.24,33.26,32.51,"112,300"
27-Mar-25,33.69,33.93,33.69,33.85,33.08,"82,800"
26-Mar-25,33.79,33.86,33.62,33.68,32.91,"65,000"
25-Mar-25,33.9,34.02,33.82,33.87,33.09,"142,300"
24-Mar-25,33.95,34.01,33.84,33.89,33.12,"234,000"
21-Mar-25,33.64,33.78,33.6,33.72,32.95,"85,000"
20-Mar-25,33.72,33.91,33.72,33.87,33.1,"56,800"
19-Mar-25,34.19,34.27,34.03,34.19,33.41,"74,900"
18-Mar-25,34.19,34.28,33.99,34.14,33.36,"1,136,300"
17-Mar-25,33.81,34.37,33.81,34.34,33.56,"88,000"
14-Mar-25,33.63,33.81,33.55,33.79,33.02,"75,000"
13-Mar-25,33.01,33.21,32.87,33.19,32.43,"472,000"
12-Mar-25,33.15,33.23,32.96,33.23,32.47,"172,800"
11-Mar-25,33,33.15,32.79,33.02,32.27,"145,600"
10-Mar-25,33.02,33.08,32.53,32.71,31.96,"84,400"
7-Mar-25,33.55,33.57,33.22,33.52,32.76,"81,400"
6-Mar-25,33.51,33.68,33.33,33.39,32.63,"64,500"
5-Mar-25,33.17,33.64,33.15,33.6,32.83,"100,900"
4-Mar-25,32.5,32.9,32.29,32.65,31.9,"89,900"
3-Mar-25,32.85,32.92,32.24,32.34,31.6,"104,400"
28-Feb-25,32.5,32.65,32.34,32.62,31.88,"71,000"
27-Feb-25,33.41,33.43,32.97,32.97,32.22,"53,200"
26-Feb-25,33.72,33.91,33.58,33.64,32.87,"79,100"
25-Feb-25,33.52,33.52,33.29,33.38,32.62,"68,700"
24-Feb-25,33.7,33.7,33.31,33.38,32.62,"251,700"
21-Feb-25,34.17,34.27,33.8,33.87,33.1,"56,100"
20-Feb-25,33.94,34.14,33.83,33.98,33.2,"60,600"
19-Feb-25,33.75,33.81,33.65,33.69,32.92,"42,200"
18-Feb-25,33.83,33.9,33.73,33.79,33.02,"65,500"
14-Feb-25,33.41,33.59,33.41,33.56,32.8,"71,200"
13-Feb-25,32.94,33.32,32.84,33.28,32.52,"104,800"
12-Feb-25,32.99,33.3,32.89,33.18,32.42,"45,100"
11-Feb-25,32.97,33.12,32.86,33.02,32.27,"90,700"
10-Feb-25,33.05,33.13,33.02,33.1,32.34,"53,200"
7-Feb-25,33.11,33.19,32.72,32.74,31.99,"79,300"
6-Feb-25,32.79,32.83,32.71,32.8,32.05,"52,900"
5-Feb-25,32.66,32.79,32.64,32.67,31.92,"95,100"
4-Feb-25,32.62,32.9,32.62,32.81,32.06,"52,600"
3-Feb-25,32.01,32.45,31.97,32.29,31.55,"67,700"
31-Jan-25,32.89,32.93,32.44,32.46,31.72,"60,700"
30-Jan-25,32.56,32.94,32.56,32.86,32.11,"65,800"
29-Jan-25,32.35,32.54,32.3,32.34,31.6,"70,700"
28-Jan-25,32.03,32.34,31.98,32.32,31.58,"204,500"
27-Jan-25,32.03,32.2,32.03,32.08,31.35,"87,100"
24-Jan-25,32.72,32.76,32.56,32.67,31.92,"66,000"
23-Jan-25,32.38,32.54,32.37,32.52,31.78,"77,300"
22-Jan-25,32.44,32.49,32.37,32.38,31.64,"158,800"
21-Jan-25,32.34,32.43,32.19,32.39,31.65,"258,100"
17-Jan-25,32.01,32.44,31.98,32.06,31.33,"1,565,500"
16-Jan-25,32.06,32.08,31.88,32.07,31.34,"758,300"
15-Jan-25,31.85,31.91,31.67,31.91,31.18,"59,400"
14-Jan-25,31.47,31.54,31.37,31.47,30.75,"108,600"
13-Jan-25,31.03,31.16,30.95,31.09,30.38,"127,300"
10-Jan-25,31.5,31.5,31.3,31.32,30.61,"140,600"
8-Jan-25,31.77,31.91,31.75,31.85,31.12,"271,900"
7-Jan-25,32.38,32.38,31.97,31.98,31.25,"52,500"
6-Jan-25,32.6,32.6,32.19,32.2,31.47,"181,200"
3-Jan-25,32,32.12,31.96,32.08,31.35,"119,600"
2-Jan-25,31.93,31.99,31.75,31.84,31.11,"90,500"
31-Dec-24,31.99,32.03,31.84,31.92,31.19,"180,400"
30-Dec-24,32.07,32.09,31.93,32,31.27,"241,200"
27-Dec-24,32.23,32.31,32.14,32.27,31.53,"115,600"
26-Dec-24,32.14,32.46,32.14,32.4,31.66,"111,000"
24-Dec-24,32.47,32.58,32.37,32.58,31.84,"64,200"
23-Dec-24,0.823 Dividend ,,,,,
23-Dec-24,32.19,32.43,32.17,32.37,31.63,"83,200"
20-Dec-24,32.84,33.23,32.79,33.03,31.47,"104,500"
19-Dec-24,33.16,33.18,32.97,32.97,31.42,"78,400"
18-Dec-24,33.6,33.63,32.78,32.8,31.25,"91,700"
17-Dec-24,33.48,33.63,33.39,33.58,32,"77,700"
16-Dec-24,33.71,33.81,33.57,33.67,32.09,"80,000"
13-Dec-24,33.9,33.9,33.74,33.81,32.21,"54,300"
12-Dec-24,33.88,33.95,33.74,33.79,32.2,"65,400"
11-Dec-24,33.89,33.96,33.78,33.91,32.31,"80,200"
10-Dec-24,33.8,33.94,33.71,33.71,32.12,"89,300"
9-Dec-24,34.32,34.55,34.27,34.27,32.65,"47,300"
6-Dec-24,33.79,33.79,33.63,33.68,32.09,"98,500"
5-Dec-24,33.47,33.74,33.47,33.66,32.07,"146,400"
4-Dec-24,33.45,33.53,33.39,33.46,31.88,"334,200"
3-Dec-24,33.2,33.43,33.09,33.41,31.83,"70,200"
2-Dec-24,33.13,33.38,33.13,33.34,31.77,"74,000"
29-Nov-24,32.84,33.22,32.84,33.19,31.62,"55,700"
27-Nov-24,33.25,33.26,33.01,33.1,31.54,"98,200"
26-Nov-24,33.18,33.18,33.01,33.05,31.49,"997,200"
25-Nov-24,33.27,33.31,33.13,33.23,31.66,"48,700"
22-Nov-24,33.05,33.17,33.05,33.16,31.6,"56,000"
21-Nov-24,33.14,33.24,33.06,33.19,31.62,"92,100"
20-Nov-24,33.18,33.23,33.07,33.22,31.65,"369,000"
19-Nov-24,33.11,33.33,33.11,33.25,31.68,"51,200"
18-Nov-24,33.03,33.27,33.03,33.24,31.67,"49,100"
15-Nov-24,32.98,32.98,32.8,32.86,31.31,"197,200"
14-Nov-24,33.01,33.06,32.88,32.88,31.33,"69,700"
13-Nov-24,33.29,33.29,32.99,33.04,31.48,"61,500"
12-Nov-24,33.26,33.43,33.13,33.26,31.69,"109,600"
11-Nov-24,33.95,33.95,33.74,33.85,32.25,"39,900"
8-Nov-24,34.37,34.39,33.95,34.07,32.46,"86,300"
7-Nov-24,34.61,35.04,34.61,34.99,33.34,"95,800"
6-Nov-24,33.93,34.28,33.88,34.2,32.59,"146,200"
5-Nov-24,34.47,34.6,34.43,34.52,32.89,"52,000"
4-Nov-24,34.22,34.31,34.07,34.07,32.46,"49,600"
1-Nov-24,33.91,34.13,33.83,33.86,32.26,"73,000"
31-Oct-24,33.85,33.86,33.63,33.79,32.2,"86,200"
30-Oct-24,33.97,34.18,33.97,34.05,32.44,"49,400"
29-Oct-24,34.37,34.49,34.33,34.35,32.73,"49,100"
28-Oct-24,34.38,34.57,34.38,34.46,32.83,"55,800"
25-Oct-24,34.5,34.6,34.34,34.36,32.74,"43,200"
24-Oct-24,34.4,34.43,34.27,34.39,32.77,"46,900"
23-Oct-24,34.49,34.6,34.31,34.47,32.84,"45,200"
22-Oct-24,34.6,34.72,34.6,34.68,33.04,"36,900"
21-Oct-24,34.67,34.81,34.55,34.71,33.07,"39,400"
18-Oct-24,35.05,35.21,34.98,34.98,33.33,"45,800"
17-Oct-24,34.65,34.69,34.49,34.65,33.02,"63,400"
16-Oct-24,34.69,34.84,34.67,34.7,33.06,"42,800"
15-Oct-24,34.84,34.85,34.39,34.4,32.78,"47,200"
14-Oct-24,35.07,35.34,35.01,35.13,33.47,"38,600"
11-Oct-24,34.85,35.31,34.85,35.23,33.57,"45,100"
10-Oct-24,34.96,35.09,34.78,35.02,33.37,"35,900"
9-Oct-24,34.68,35.07,34.68,34.98,33.33,"42,700"
8-Oct-24,35.2,35.27,34.97,35.21,33.55,"57,800"
7-Oct-24,35.99,36.16,35.86,36.14,34.44,"60,300"
4-Oct-24,35.65,35.77,35.53,35.77,34.08,"48,800"
3-Oct-24,35.17,35.53,35.17,35.4,33.73,"117,100"
2-Oct-24,35.83,35.83,35.55,35.81,34.12,"64,300"
1-Oct-24,35.2,35.3,34.91,35.25,33.59,"74,600"
30-Sep-24,35.45,35.45,35.05,35.11,33.45,"43,000"
27-Sep-24,35.5,35.79,35.5,35.63,33.95,"78,700"
26-Sep-24,35.67,35.76,35.4,35.67,33.99,"53,900"
25-Sep-24,34.55,34.64,34.38,34.38,32.76,"69,700"
24-Sep-24,34.46,34.82,34.39,34.77,33.13,"45,600"
23-Sep-24,33.53,33.72,33.53,33.62,32.03,"53,800"
20-Sep-24,33.49,33.49,33.28,33.38,31.8,"38,200"
19-Sep-24,33.32,33.5,33.22,33.45,31.87,"36,900"
18-Sep-24,32.96,33.16,32.76,32.8,31.25,"44,100"
17-Sep-24,32.89,33.09,32.85,32.92,31.36,"43,100"
16-Sep-24,32.78,32.93,32.78,32.89,31.34,"64,200"
13-Sep-24,32.77,32.88,32.68,32.82,31.27,"38,400"
12-Sep-24,32.47,32.68,32.43,32.64,31.1,"52,700"
11-Sep-24,32.16,32.42,31.89,32.42,30.89,"50,700"
10-Sep-24,32.29,32.31,32.08,32.31,30.79,"48,100"
9-Sep-24,32.27,32.45,32.25,32.36,30.84,"49,100"
6-Sep-24,32.7,32.7,32.08,32.13,30.61,"42,200"
5-Sep-24,32.73,32.8,32.61,32.67,31.13,"41,700"
4-Sep-24,32.6,32.76,32.56,32.62,31.08,"63,500"
3-Sep-24,32.94,32.96,32.55,32.6,31.06,"46,900"
30-Aug-24,33.28,33.34,33.08,33.26,31.69,"24,700"
29-Aug-24,33.26,33.35,33.19,33.2,31.63,"54,400"
28-Aug-24,33.27,33.32,33.03,33.14,31.58,"55,300"
27-Aug-24,33.29,33.42,33.25,33.37,31.8,"42,700"
26-Aug-24,33.39,33.46,33.26,33.3,31.73,"77,600"
23-Aug-24,33.35,33.63,33.29,33.54,31.96,"37,900"
22-Aug-24,33.32,33.33,32.99,33.03,31.47,"33,600"
21-Aug-24,33.36,33.5,33.33,33.43,31.85,"35,800"
20-Aug-24,33.52,33.52,33.26,33.3,31.73,"52,900"
19-Aug-24,33.48,33.71,33.48,33.68,32.09,"45,200"
16-Aug-24,33.11,33.31,33.11,33.31,31.74,"63,300"
15-Aug-24,32.7,32.98,32.7,32.9,31.35,"47,600"
14-Aug-24,32.68,32.68,32.47,32.58,31.04,"52,000"
13-Aug-24,32.46,32.73,32.46,32.7,31.16,"55,400"
12-Aug-24,32.3,32.52,32.3,32.42,30.89,"57,400"
9-Aug-24,32.22,32.31,32.14,32.27,30.75,"63,300"
8-Aug-24,31.85,32.18,31.82,32.12,30.6,"62,500"
7-Aug-24,31.91,32,31.46,31.51,30.02,"64,600"
6-Aug-24,30.97,31.47,30.95,31.28,29.8,"65,300"
5-Aug-24,30.45,31.28,30.45,31.15,29.68,"156,500"
2-Aug-24,31.97,32.03,31.8,31.99,30.48,"131,500"
1-Aug-24,32.84,32.9,32.34,32.44,30.91,"122,500"
31-Jul-24,32.97,33.14,32.9,33.03,31.47,"134,800"
30-Jul-24,32.43,32.43,32.17,32.24,30.72,"127,000"
29-Jul-24,32.48,32.48,32.31,32.39,30.86,"91,200"
26-Jul-24,32.42,32.55,32.38,32.49,30.96,"316,300"
25-Jul-24,32.11,32.38,32.05,32.19,30.67,"278,200"
24-Jul-24,32.45,32.53,32.22,32.23,30.71,"149,800"
23-Jul-24,32.71,32.81,32.49,32.65,31.11,"967,000"
22-Jul-24,32.86,32.98,32.83,32.94,31.39,"180,100"
19-Jul-24,32.87,32.91,32.67,32.68,31.14,"40,900"
18-Jul-24,33.37,33.38,32.97,33.05,31.49,"241,400"
17-Jul-24,33.46,33.48,33.3,33.32,31.75,"43,600"
16-Jul-24,33.65,33.87,33.65,33.87,32.27,"53,900"
15-Jul-24,33.83,33.85,33.65,33.71,32.12,"68,600"
12-Jul-24,33.95,34.13,33.95,34.02,32.42,"62,200"
11-Jul-24,34.01,34.09,33.83,33.89,32.29,"41,400"
10-Jul-24,33.66,33.69,33.58,33.69,32.1,"47,300"
9-Jul-24,33.41,33.55,33.41,33.52,31.94,"61,600"
8-Jul-24,33.39,33.49,33.35,33.38,31.81,"272,500"
5-Jul-24,33.42,33.42,33.19,33.39,31.82,"49,500"
3-Jul-24,32.91,33.24,32.91,33.2,31.63,"47,000"
2-Jul-24,32.6,32.83,32.6,32.81,31.26,"84,500"
1-Jul-24,32.7,32.88,32.7,32.73,31.19,"96,500"
28-Jun-24,32.75,32.81,32.6,32.67,31.13,"35,800"
27-Jun-24,32.61,32.67,32.54,32.58,31.04,"84,700"
26-Jun-24,32.55,32.61,32.49,32.56,31.03,"77,600"
25-Jun-24,32.6,32.65,32.5,32.65,31.11,"87,400"
24-Jun-24,32.69,32.92,32.68,32.68,31.14,"44,000"
21-Jun-24,32.71,32.82,32.69,32.71,31.16,"75,200"
20-Jun-24,32.95,33,32.71,32.87,31.32,"51,700"
18-Jun-24,32.79,32.97,32.74,32.95,31.4,"53,300"
17-Jun-24,32.44,32.65,32.41,32.62,31.08,"47,500"
14-Jun-24,32.27,32.44,32.26,32.44,30.91,"77,200"
13-Jun-24,32.46,32.51,32.24,32.37,30.84,"47,500"
12-Jun-24,32.47,32.6,32.36,32.37,30.84,"50,600"
11-Jun-24,32.04,32.1,31.92,32.1,30.59,"34,900"
10-Jun-24,32.14,32.27,32.06,32.21,30.69,"38,100"
7-Jun-24,32.23,32.29,32.02,32.06,30.55,"43,400"
6-Jun-24,32.3,32.42,32.28,32.39,30.86,"71,700"
5-Jun-24,32.06,32.2,31.97,32.2,30.68,"56,200"
4-Jun-24,31.72,31.81,31.62,31.76,30.27,"87,200"
3-Jun-24,32.25,32.35,32.11,32.26,30.74,"56,300"
31-May-24,31.85,31.94,31.71,31.91,30.4,"255,000"
30-May-24,32.13,32.3,32.13,32.22,30.7,"45,500"
29-May-24,32.37,32.4,32.3,32.36,30.83,"68,300"
28-May-24,32.89,32.97,32.72,32.78,31.24,"57,700"
24-May-24,32.77,32.87,32.77,32.78,31.23,"43,000"
23-May-24,33.17,33.17,32.68,32.71,31.17,"91,300"
22-May-24,33.16,33.18,32.97,33.04,31.48,"54,300"
21-May-24,33.12,33.15,33.03,33.09,31.53,"45,700"
20-May-24,33.13,33.29,33.13,33.23,31.66,"56,900"
17-May-24,33.21,33.36,33.2,33.31,31.74,"36,300"
16-May-24,33.08,33.25,33.08,33.15,31.59,"43,700"
15-May-24,33,33.12,32.86,33.09,31.53,"65,700"
14-May-24,32.64,32.84,32.64,32.81,31.27,"288,200"
13-May-24,32.42,32.7,32.42,32.63,31.09,"41,800"
10-May-24,32.5,32.53,32.34,32.39,30.86,"37,000"
9-May-24,32.18,32.31,32.14,32.31,30.79,"147,600"
8-May-24,32.02,32.21,32.02,32.19,30.68,"79,700"
7-May-24,32.3,32.3,32.17,32.2,30.68,"44,700"
6-May-24,32.31,32.41,32.3,32.34,30.82,"49,200"
3-May-24,32.31,32.35,32.16,32.31,30.79,"59,100"
2-May-24,31.73,32.14,31.64,32.04,30.53,"57,200"
1-May-24,31.33,31.65,31.32,31.32,29.84,"87,400"
30-Apr-24,31.49,31.56,31.32,31.32,29.84,"93,900"
29-Apr-24,31.55,31.73,31.54,31.73,30.23,"79,700"
26-Apr-24,31.27,31.46,31.27,31.42,29.94,"67,000"
25-Apr-24,30.76,31.14,30.76,31.09,29.62,"60,500"
24-Apr-24,31.02,31.08,30.9,30.99,29.53,"69,300"
23-Apr-24,30.72,31.05,30.72,30.93,29.47,"556,600"
22-Apr-24,30.55,30.79,30.49,30.78,29.33,"53,600"
19-Apr-24,30.44,30.52,30.39,30.45,29.01,"48,200"
18-Apr-24,30.61,30.76,30.55,30.6,29.16,"152,800"
17-Apr-24,30.59,30.62,30.39,30.5,29.06,"85,900"
16-Apr-24,30.44,30.5,30.36,30.41,28.98,"168,600"
15-Apr-24,31.15,31.15,30.78,30.83,29.38,"75,300"
12-Apr-24,31.24,31.24,30.91,30.94,29.48,"82,400"
11-Apr-24,31.65,31.65,31.46,31.62,30.13,"260,200"
10-Apr-24,31.46,31.54,31.33,31.41,29.93,"72,200"
9-Apr-24,31.87,31.9,31.73,31.85,30.35,"78,600"
8-Apr-24,31.64,31.76,31.64,31.66,30.17,"200,800"
5-Apr-24,31.42,31.58,31.4,31.51,30.02,"109,600"
4-Apr-24,31.78,31.9,31.45,31.48,30,"74,900"
3-Apr-24,31.48,31.65,31.42,31.6,30.11,"79,100"
2-Apr-24,31.55,31.58,31.5,31.56,30.07,"87,400"
1-Apr-24,31.39,31.63,31.37,31.46,29.98,"215,500"
28-Mar-24,31.25,31.4,31.25,31.34,29.86,"185,500"
27-Mar-24,31.17,31.27,31.17,31.26,29.79,"104,300"
26-Mar-24,31.36,31.36,31.24,31.24,29.77,"57,000"
25-Mar-24,31.21,31.31,31.21,31.26,29.79,"63,400"
22-Mar-24,31.3,31.33,31.22,31.25,29.78,"57,700"
21-Mar-24,31.66,31.66,31.47,31.47,29.99,"58,600"
20-Mar-24,31.13,31.44,31.1,31.44,29.96,"91,500"
19-Mar-24,31,31.1,30.92,31.06,29.59,"107,600"
18-Mar-24,31.35,31.36,31.21,31.25,29.78,"59,100"
15-Mar-24,31.24,31.28,31.16,31.2,29.73,"62,400"
14-Mar-24,31.64,31.64,31.33,31.39,29.91,"70,800"
13-Mar-24,31.55,31.55,31.45,31.49,30,"86,300"
12-Mar-24,31.55,31.64,31.43,31.61,30.12,"84,900"
11-Mar-24,31.41,31.49,31.35,31.36,29.88,"75,200"
8-Mar-24,31.48,31.53,31.29,31.32,29.84,"106,800"
7-Mar-24,31.17,31.38,31.17,31.38,29.9,"77,400"
6-Mar-24,31.14,31.28,31.13,31.21,29.74,"180,000"
5-Mar-24,30.91,30.95,30.75,30.8,29.35,"177,000"
4-Mar-24,31.13,31.13,30.99,31.02,29.55,"99,600"
1-Mar-24,30.86,31.09,30.85,31.05,29.59,"148,000"
29-Feb-24,30.78,30.82,30.66,30.7,29.25,"69,000"
28-Feb-24,30.66,30.67,30.57,30.6,29.16,"111,100"
27-Feb-24,30.92,30.98,30.92,30.92,29.46,"122,800"
26-Feb-24,30.85,30.91,30.83,30.88,29.42,"150,700"
23-Feb-24,31.03,31.07,30.95,31.06,29.59,"114,200"
22-Feb-24,31.03,31.1,30.95,31.09,29.62,"63,900"
21-Feb-24,30.71,30.82,30.68,30.78,29.33,"99,400"
20-Feb-24,30.73,30.85,30.67,30.75,29.3,"238,400"
16-Feb-24,30.62,30.69,30.57,30.63,29.19,"129,300"
15-Feb-24,30.37,30.5,30.37,30.47,29.03,"63,300"
14-Feb-24,30.3,30.4,30.26,30.38,28.95,"114,200"
13-Feb-24,30.1,30.25,29.87,29.96,28.55,"167,800"
12-Feb-24,30.36,30.67,30.36,30.51,29.07,"92,800"
9-Feb-24,30.2,30.33,30.07,30.28,28.85,"77,700"
8-Feb-24,30.27,30.31,30.09,30.17,28.75,"799,800"
7-Feb-24,30.37,30.44,30.33,30.42,28.99,"94,200"
6-Feb-24,30.15,30.38,30.08,30.33,28.9,"220,400"
5-Feb-24,29.61,29.71,29.53,29.67,28.27,"61,300"
2-Feb-24,29.62,29.64,29.5,29.6,28.2,"119,400"
1-Feb-24,29.58,29.72,29.56,29.68,28.28,"121,800"
31-Jan-24,29.51,29.67,29.36,29.42,28.03,"130,300"
30-Jan-24,29.56,29.6,29.48,29.57,28.18,"283,500"
29-Jan-24,29.82,29.83,29.67,29.8,28.39,"129,600"
26-Jan-24,29.71,29.85,29.71,29.78,28.38,"87,300"
25-Jan-24,29.78,29.86,29.66,29.7,28.3,"84,600"
24-Jan-24,29.77,29.85,29.66,29.68,28.28,"101,900"
23-Jan-24,29.25,29.34,29.19,29.32,27.94,"111,000"
22-Jan-24,29,29.18,28.99,29.1,27.73,"207,500"
19-Jan-24,29.14,29.4,29.11,29.38,27.99,"278,700"
18-Jan-24,29.02,29.11,28.97,29.08,27.71,"101,800"
17-Jan-24,28.76,28.9,28.75,28.89,27.53,"119,500"
16-Jan-24,29.45,29.47,29.25,29.26,27.88,"86,000"
12-Jan-24,30.04,30.12,29.9,29.9,28.49,"92,300"
11-Jan-24,29.83,29.85,29.61,29.76,28.36,"50,300"
10-Jan-24,29.77,29.78,29.69,29.78,28.38,"235,200"
9-Jan-24,29.81,29.85,29.73,29.77,28.37,"127,600"
8-Jan-24,29.88,30.19,29.88,30.15,28.73,"156,000"
5-Jan-24,30.07,30.27,30.06,30.13,28.71,"158,600"
4-Jan-24,30.08,30.22,30.08,30.08,28.66,"116,100"
3-Jan-24,30.03,30.23,30.03,30.21,28.79,"211,800"
2-Jan-24,30.43,30.46,30.26,30.33,28.9,"400,100"
29-Dec-23,30.59,30.78,30.59,30.69,29.24,"116,300"
28-Dec-23,30.59,30.79,30.59,30.65,29.2,"128,300"
27-Dec-23,30.34,30.44,30.34,30.42,28.99,"69,800"
26-Dec-23,0.174 Dividend ,,,,,
26-Dec-23,30.2,30.29,30.18,30.26,28.84,"143,900"
22-Dec-23,30.1,30.22,30.1,30.18,28.59,"372,700"
21-Dec-23,30.11,30.28,30.09,30.27,28.68,"484,300"
20-Dec-23,30.09,30.13,29.7,29.74,28.17,"180,200"
19-Dec-23,30.1,30.32,30.1,30.25,28.66,"503,300"
18-Dec-23,30.04,30.07,29.93,30.03,28.45,"106,000"
15-Dec-23,30.23,30.26,30.08,30.08,28.5,"82,900"
14-Dec-23,30.03,30.31,30.03,30.3,28.7,"77,600"
13-Dec-23,29.53,29.95,29.37,29.95,28.37,"293,000"
12-Dec-23,29.53,29.66,29.43,29.64,28.08,"94,900"
11-Dec-23,29.46,29.66,29.46,29.57,28.01,"383,300"
8-Dec-23,29.39,29.54,29.37,29.45,27.9,"69,800"
7-Dec-23,29.5,29.6,29.46,29.54,27.98,"87,300"
6-Dec-23,29.61,29.65,29.43,29.46,27.91,"88,500"
5-Dec-23,29.45,29.53,29.36,29.48,27.93,"251,400"
4-Dec-23,29.76,29.82,29.64,29.66,28.1,"100,600"
1-Dec-23,29.67,29.97,29.66,29.95,28.37,"73,400"
30-Nov-23,29.83,29.87,29.66,29.81,28.24,"155,700"
29-Nov-23,29.82,29.92,29.72,29.74,28.17,"372,600"
28-Nov-23,29.8,29.97,29.79,29.92,28.34,"213,000"
27-Nov-23,29.68,29.72,29.63,29.7,28.14,"91,200"
24-Nov-23,29.69,29.81,29.68,29.77,28.2,"36,700"
22-Nov-23,29.81,29.82,29.67,29.74,28.17,"66,400"
21-Nov-23,29.93,30,29.8,29.81,28.24,"176,100"
20-Nov-23,29.78,30.02,29.76,29.97,28.39,"386,100"
17-Nov-23,29.59,29.65,29.55,29.59,28.03,"115,700"
16-Nov-23,29.61,29.74,29.53,29.55,27.99,"177,600"
15-Nov-23,29.78,30.01,29.78,29.81,28.24,"360,400"
14-Nov-23,29.38,29.73,29.38,29.65,28.09,"204,500"
13-Nov-23,28.88,29.11,28.85,28.98,27.45,"140,200"
10-Nov-23,28.8,29.02,28.78,28.97,27.44,"87,300"
9-Nov-23,28.97,29.1,28.72,28.75,27.24,"247,500"
8-Nov-23,29.09,29.14,28.96,28.98,27.45,"159,300"
7-Nov-23,29.05,29.23,28.97,29.14,27.61,"330,900"
6-Nov-23,29.25,29.34,29.18,29.2,27.66,"97,900"
3-Nov-23,28.89,29.12,28.86,29.03,27.5,"90,100"
2-Nov-23,28.43,28.59,28.41,28.56,27.05,"186,900"
1-Nov-23,27.84,28.11,27.82,28.06,26.58,"261,600"
31-Oct-23,27.72,27.9,27.63,27.8,26.34,"461,100"
30-Oct-23,27.99,28.05,27.81,27.91,26.44,"358,300"
27-Oct-23,27.82,27.88,27.59,27.61,26.16,"86,300"
26-Oct-23,27.57,27.76,27.55,27.68,26.22,"90,800"
25-Oct-23,27.84,27.92,27.72,27.74,26.28,"79,400"
24-Oct-23,27.82,28.13,27.82,28.05,26.57,"63,700"
23-Oct-23,27.62,27.85,27.54,27.74,26.28,"85,300"
20-Oct-23,27.89,27.97,27.79,27.82,26.35,"76,200"
19-Oct-23,28.18,28.27,28.08,28.14,26.66,"162,300"
18-Oct-23,28.41,28.45,28.22,28.26,26.77,"81,100"
17-Oct-23,28.52,28.84,28.52,28.7,27.19,"66,100"
16-Oct-23,28.57,28.81,28.54,28.74,27.23,"232,400"
13-Oct-23,28.63,28.74,28.52,28.55,27.05,"58,900"
12-Oct-23,28.94,28.95,28.62,28.7,27.19,"42,000"
11-Oct-23,28.94,29.02,28.83,28.94,27.42,"49,900"
10-Oct-23,28.64,28.87,28.63,28.83,27.31,"51,900"
9-Oct-23,28.25,28.5,28.23,28.46,26.96,"91,300"
6-Oct-23,28.18,28.67,28.18,28.57,27.07,"69,600"
5-Oct-23,28.16,28.29,28.06,28.23,26.74,"41,900"
4-Oct-23,28.14,28.2,28.02,28.14,26.66,"249,800"
3-Oct-23,28.28,28.4,28.15,28.22,26.73,"95,800"
2-Oct-23,28.63,28.66,28.45,28.54,27.04,"216,500"
29-Sep-23,28.94,28.94,28.63,28.67,27.16,"97,000"
28-Sep-23,28.52,28.68,28.42,28.67,27.16,"73,800"
27-Sep-23,28.67,28.69,28.45,28.62,27.11,"538,400"
26-Sep-23,28.78,28.79,28.53,28.58,27.07,"413,200"
25-Sep-23,0.208 Dividend ,,,,,
25-Sep-23,28.86,29.01,28.86,29.01,27.48,"181,300"
22-Sep-23,29.41,29.47,29.26,29.26,27.52,"77,600"
21-Sep-23,29.03,29.09,28.94,28.97,27.25,"53,600"
20-Sep-23,29.55,29.67,29.41,29.41,27.66,"42,700"
19-Sep-23,29.51,29.58,29.43,29.48,27.73,"40,300"
18-Sep-23,29.55,29.63,29.5,29.58,27.82,"83,000"
15-Sep-23,29.71,29.77,29.58,29.59,27.83,"67,500"
14-Sep-23,29.73,29.81,29.66,29.7,27.94,"34,800"
13-Sep-23,29.52,29.59,29.47,29.55,27.79,"126,100"
12-Sep-23,29.38,29.61,29.38,29.49,27.74,"50,500"
11-Sep-23,29.57,29.63,29.51,29.61,27.85,"51,200"
8-Sep-23,29.31,29.35,29.23,29.26,27.52,"43,200"
7-Sep-23,29.23,29.26,29.14,29.22,27.48,"68,600"
6-Sep-23,29.55,29.71,29.43,29.51,27.76,"62,100"
5-Sep-23,29.69,29.73,29.6,29.67,27.91,"75,800"
1-Sep-23,29.87,29.98,29.74,29.78,28.01,"93,800"
31-Aug-23,29.62,29.66,29.47,29.48,27.73,"191,900"
30-Aug-23,29.79,29.95,29.79,29.83,28.06,"58,300"
29-Aug-23,29.66,30.01,29.66,29.97,28.19,"50,700"
28-Aug-23,29.56,29.7,29.56,29.68,27.92,"186,300"
25-Aug-23,29.31,29.44,29.19,29.38,27.63,"40,800"
24-Aug-23,29.51,29.61,29.36,29.39,27.64,"117,200"
23-Aug-23,29.24,29.53,29.24,29.48,27.73,"58,500"
22-Aug-23,29.24,29.24,29.04,29.1,27.37,"79,200"
21-Aug-23,29.03,29.15,28.96,29.1,27.37,"555,100"
18-Aug-23,28.96,29.12,28.94,29.05,27.32,"61,800"
17-Aug-23,29.5,29.5,29.23,29.29,27.55,"167,600"
16-Aug-23,29.27,29.42,29.19,29.2,27.47,"58,600"
15-Aug-23,29.58,29.58,29.38,29.42,27.67,"63,300"
14-Aug-23,29.52,29.75,29.52,29.7,27.94,"63,600"
11-Aug-23,29.84,29.92,29.75,29.82,28.05,"53,000"
10-Aug-23,30.32,30.61,30.15,30.16,28.37,"152,500"
9-Aug-23,30.24,30.25,30.04,30.2,28.41,"218,300"
8-Aug-23,30.08,30.12,29.89,30.05,28.27,"141,200"
7-Aug-23,30.57,30.57,30.37,30.43,28.62,"226,600"
4-Aug-23,30.57,30.81,30.52,30.57,28.75,"60,800"
3-Aug-23,30.41,30.59,30.4,30.54,28.73,"153,200"
2-Aug-23,30.64,30.64,30.36,30.42,28.61,"75,300"
1-Aug-23,31.29,31.29,31.05,31.11,29.26,"88,300"
31-Jul-23,31.3,31.46,31.3,31.45,29.58,"87,300"
28-Jul-23,31.29,31.5,31.29,31.4,29.54,"235,100"
27-Jul-23,31.08,31.09,30.72,30.81,28.98,"46,000"
26-Jul-23,30.84,31.18,30.63,31.07,29.22,"127,500"
25-Jul-23,31.02,31.09,30.98,31.02,29.18,"48,100"
24-Jul-23,30.52,30.82,30.47,30.74,28.91,"50,300"
21-Jul-23,30.51,30.63,30.35,30.35,28.55,"100,300"
20-Jul-23,30.59,30.59,30.36,30.37,28.57,"151,200"
19-Jul-23,30.72,30.8,30.58,30.6,28.78,"73,000"
18-Jul-23,30.68,30.78,30.61,30.66,28.84,"55,700"
17-Jul-23,30.68,30.9,30.65,30.86,29.03,"129,200"
14-Jul-23,30.89,30.94,30.83,30.85,29.02,"130,000"
13-Jul-23,30.71,31,30.71,30.94,29.1,"348,800"
12-Jul-23,30.36,30.61,30.36,30.56,28.74,"77,800"
11-Jul-23,29.88,30.05,29.81,30.05,28.27,"115,500"
10-Jul-23,29.54,29.76,29.54,29.69,27.93,"499,000"
7-Jul-23,29.54,29.89,29.54,29.74,27.97,"146,800"
6-Jul-23,29.63,29.63,29.34,29.44,27.69,"298,100"
5-Jul-23,30.04,30.1,30.01,30.06,28.27,"91,000"
3-Jul-23,30.19,30.38,30.19,30.23,28.44,"75,400"
30-Jun-23,29.89,30.02,29.88,29.9,28.12,"57,900"
29-Jun-23,29.61,29.73,29.61,29.73,27.96,"53,300"
28-Jun-23,29.81,29.89,29.73,29.82,28.05,"51,500"
27-Jun-23,29.91,30.02,29.91,29.97,28.19,"70,200"
26-Jun-23,0.19 Dividend ,,,,,
26-Jun-23,29.78,29.86,29.72,29.75,27.98,"48,000"
23-Jun-23,29.94,29.94,29.78,29.84,27.89,"79,700"
22-Jun-23,30.18,30.29,30.17,30.29,28.31,"61,500"
21-Jun-23,30.28,30.4,30.25,30.3,28.32,"100,500"
20-Jun-23,30.56,30.64,30.43,30.46,28.47,"94,900"
16-Jun-23,31.02,31.05,30.94,30.97,28.95,"60,800"
15-Jun-23,30.87,31.07,30.87,30.96,28.94,"176,600"
14-Jun-23,30.64,30.86,30.59,30.79,28.78,"67,800"
13-Jun-23,30.68,30.71,30.54,30.58,28.58,"142,600"
12-Jun-23,30.34,30.42,30.28,30.41,28.42,"126,400"
9-Jun-23,30.32,30.42,30.27,30.35,28.37,"111,900"
8-Jun-23,30,30.2,29.99,30.14,28.17,"56,300"
7-Jun-23,30.06,30.2,29.91,29.92,27.96,"76,300"
6-Jun-23,29.74,30.08,29.69,29.99,28.03,"159,800"
5-Jun-23,29.72,29.88,29.72,29.83,27.88,"58,400"
2-Jun-23,29.78,29.95,29.78,29.9,27.95,"119,800"
1-Jun-23,29.12,29.43,29.05,29.43,27.51,"87,500"
31-May-23,28.99,29.01,28.77,29.01,27.11,"42,800"
30-May-23,29.42,29.42,29.14,29.24,27.33,"68,800"
26-May-23,29.27,29.54,29.27,29.53,27.6,"46,000"
25-May-23,29.11,29.15,28.99,29.05,27.15,"44,000"
24-May-23,29.22,29.24,29.06,29.12,27.22,"118,900"
23-May-23,29.45,29.51,29.26,29.27,27.36,"89,500"
22-May-23,29.73,29.81,29.69,29.72,27.78,"51,600"
19-May-23,29.56,29.59,29.45,29.51,27.58,"55,100"
18-May-23,29.53,29.56,29.38,29.5,27.58,"285,800"
17-May-23,29.57,29.69,29.48,29.63,27.69,"111,400"
16-May-23,29.56,29.67,29.55,29.6,27.66,"73,900"
15-May-23,29.61,29.82,29.51,29.82,27.87,"128,000"
12-May-23,29.43,29.44,29.24,29.34,27.42,"70,000"
11-May-23,29.55,29.67,29.46,29.59,27.66,"95,300"
10-May-23,29.8,29.85,29.66,29.82,27.87,"82,600"
9-May-23,29.73,29.89,29.73,29.82,27.87,"52,700"
8-May-23,30.07,30.09,29.99,30.05,28.09,"64,300"
5-May-23,29.78,30.12,29.72,30.01,28.05,"99,300"
4-May-23,29.7,29.73,29.58,29.66,27.72,"96,800"
3-May-23,29.4,29.58,29.35,29.39,27.47,"80,200"
2-May-23,29.53,29.53,29.28,29.37,27.45,"88,700"
1-May-23,29.64,29.79,29.57,29.57,27.64,"107,100"
28-Apr-23,29.63,29.79,29.59,29.77,27.82,"75,900"
27-Apr-23,29.4,29.6,29.36,29.59,27.66,"67,300"
26-Apr-23,29.32,29.35,29.17,29.21,27.3,"57,900"
25-Apr-23,29.21,29.21,29,29.03,27.13,"71,500"
24-Apr-23,29.5,29.57,29.43,29.48,27.55,"127,400"
21-Apr-23,29.61,29.63,29.42,29.63,27.69,"93,900"
20-Apr-23,29.81,30.02,29.8,29.86,27.91,"176,200"
19-Apr-23,29.78,29.9,29.75,29.86,27.91,"166,200"
18-Apr-23,30.18,30.19,30.03,30.13,28.16,"292,700"
17-Apr-23,30.08,30.13,30,30.1,28.13,"106,700"
14-Apr-23,30.05,30.13,29.89,30.01,28.05,"144,100"
13-Apr-23,30.05,30.2,30.05,30.16,28.19,"128,500"
12-Apr-23,30,30.02,29.74,29.79,27.84,"76,300"
11-Apr-23,29.91,29.99,29.89,29.91,27.95,"101,300"
10-Apr-23,29.6,29.74,29.56,29.7,27.76,"142,100"
6-Apr-23,29.53,29.78,29.48,29.7,27.76,"116,400"
5-Apr-23,29.83,29.83,29.53,29.6,27.66,"69,100"
4-Apr-23,29.75,29.89,29.72,29.89,27.94,"167,400"
3-Apr-23,29.64,29.84,29.64,29.83,27.88,"289,500"
31-Mar-23,29.78,29.89,29.66,29.77,27.82,"201,600"
30-Mar-23,29.66,29.78,29.63,29.78,27.83,"73,700"
29-Mar-23,29.41,29.49,29.32,29.44,27.52,"304,400"
28-Mar-23,29.15,29.4,29.13,29.36,27.44,"1,636,000"
27-Mar-23,0.339 Dividend ,,,,,
27-Mar-23,28.76,28.91,28.73,28.86,26.97,"210,800"
24-Mar-23,29.15,29.3,29.12,29.3,27.07,"69,500"
23-Mar-23,29.49,29.7,29.26,29.39,27.15,"70,300"
22-Mar-23,29.04,29.49,29,29,26.79,"124,200"
21-Mar-23,28.88,28.96,28.76,28.92,26.72,"75,500"
20-Mar-23,28.62,28.75,28.54,28.75,26.56,"120,500"
17-Mar-23,28.73,28.79,28.56,28.59,26.41,"88,400"
16-Mar-23,28.27,28.8,28.27,28.77,26.58,"125,000"
15-Mar-23,28.19,28.39,28.15,28.38,26.22,"148,500"
14-Mar-23,28.81,28.86,28.7,28.82,26.62,"310,000"
13-Mar-23,28.67,29.02,28.67,28.85,26.65,"133,300"
10-Mar-23,28.86,29.03,28.72,28.72,26.53,"108,800"
9-Mar-23,29.16,29.23,28.82,28.84,26.64,"100,200"
8-Mar-23,29.32,29.48,29.32,29.41,27.17,"150,700"
7-Mar-23,29.63,29.64,29.26,29.28,27.05,"85,300"
6-Mar-23,29.81,29.94,29.75,29.8,27.53,"205,300"
3-Mar-23,29.67,29.89,29.65,29.84,27.57,"106,900"
2-Mar-23,29.38,29.68,29.38,29.66,27.4,"76,600"
1-Mar-23,29.59,29.62,29.45,29.51,27.26,"103,800"
28-Feb-23,28.99,29.13,28.9,28.93,26.73,"111,100"
27-Feb-23,29.11,29.16,29.03,29.05,26.84,"133,200"
24-Feb-23,28.93,29.05,28.84,28.96,26.75,"61,400"
23-Feb-23,29.72,29.78,29.38,29.58,27.33,"89,100"
22-Feb-23,29.44,29.53,29.31,29.41,27.17,"280,000"
21-Feb-23,29.74,29.8,29.48,29.5,27.25,"237,400"
17-Feb-23,29.8,29.83,29.67,29.76,27.49,"333,200"
16-Feb-23,29.87,30.19,29.84,30.07,27.78,"65,000"
15-Feb-23,29.85,30.04,29.79,30.02,27.73,"545,700"
14-Feb-23,30.14,30.46,30.11,30.26,27.95,"96,500"
13-Feb-23,30.18,30.39,30.07,30.34,28.03,"63,400"
10-Feb-23,30.22,30.22,30.03,30.13,27.83,"57,400"
9-Feb-23,30.56,30.59,30.23,30.31,28,"54,700"
8-Feb-23,30.28,30.34,30.11,30.21,27.91,"103,400"
7-Feb-23,30.14,30.31,29.96,30.21,27.91,"73,600"
6-Feb-23,29.98,30.17,29.92,30.1,27.81,"66,100"
3-Feb-23,30.58,30.83,30.4,30.46,28.14,"194,700"
2-Feb-23,31.14,31.22,30.88,30.97,28.61,"238,400"
1-Feb-23,30.87,31.27,30.77,31.14,28.77,"74,300"
31-Jan-23,30.67,30.84,30.58,30.81,28.46,"231,500"
30-Jan-23,31.03,31.13,30.89,30.89,28.54,"108,400"
27-Jan-23,31.43,31.49,31.33,31.4,29.01,"70,000"
26-Jan-23,31.52,31.59,31.37,31.59,29.18,"145,400"
25-Jan-23,31.18,31.31,31.03,31.28,28.9,"132,800"
24-Jan-23,31.1,31.34,31.09,31.26,28.88,"215,100"
23-Jan-23,31.06,31.39,31.06,31.22,28.84,"316,000"
20-Jan-23,30.76,31.04,30.71,30.99,28.63,"100,600"
19-Jan-23,30.56,30.73,30.5,30.62,28.29,"258,100"
18-Jan-23,30.82,30.85,30.37,30.41,28.09,"172,300"
17-Jan-23,30.5,30.6,30.45,30.53,28.2,"136,200"
13-Jan-23,30.4,30.72,30.4,30.69,28.35,"105,800"
12-Jan-23,30.37,30.56,30.14,30.45,28.13,"91,800"
11-Jan-23,30.15,30.34,30.13,30.3,27.99,"118,600"
10-Jan-23,30.16,30.27,30.03,30.24,27.94,"99,400"
9-Jan-23,30.14,30.29,30.07,30.1,27.81,"126,700"
6-Jan-23,29.37,29.86,29.31,29.82,27.55,"169,700"
5-Jan-23,29.05,29.29,29.05,29.24,27.01,"191,700"
4-Jan-23,28.95,29.29,28.83,29.26,27.03,"103,500"
3-Jan-23,28.68,28.8,28.47,28.53,26.36,"119,400"
30-Dec-22,28.53,28.67,28.3,28.31,26.15,"607,100"
29-Dec-22,28.62,28.78,28.59,28.77,26.58,"218,400"
28-Dec-22,28.62,28.67,28.31,28.32,26.16,"333,500"
27-Dec-22,0.069 Dividend ,,,,,
27-Dec-22,28.55,28.82,28.54,28.68,26.49,"222,800"
23-Dec-22,28.38,28.45,28.28,28.4,26.17,"286,900"
22-Dec-22,28.52,28.55,28.18,28.36,26.14,"222,500"
21-Dec-22,28.36,28.62,28.34,28.6,26.36,"178,200"
20-Dec-22,28.3,28.48,28.3,28.38,26.15,"262,300"
19-Dec-22,28.52,28.54,28.32,28.39,26.16,"208,700"
16-Dec-22,28.36,28.48,28.29,28.3,26.08,"372,100"
15-Dec-22,28.54,28.77,28.23,28.28,26.06,"347,800"
14-Dec-22,28.84,29,28.68,28.92,26.65,"150,400"
13-Dec-22,29.19,29.25,28.81,28.86,26.6,"181,100"
12-Dec-22,28.68,28.71,28.49,28.68,26.43,"1,566,700"
9-Dec-22,28.93,29.07,28.69,28.75,26.49,"554,900"
8-Dec-22,28.87,29.01,28.83,28.91,26.64,"833,800"
7-Dec-22,28.64,28.77,28.6,28.67,26.42,"106,100"
6-Dec-22,28.88,28.91,28.7,28.76,26.5,"191,600"
5-Dec-22,29.1,29.14,28.78,28.84,26.58,"369,200"
2-Dec-22,28.74,29.17,28.74,29.1,26.82,"135,900"
1-Dec-22,29.17,29.22,28.94,29,26.73,"196,800"
30-Nov-22,28.98,29.27,28.8,29.16,26.87,"322,000"
29-Nov-22,28.38,28.51,28.35,28.45,26.22,"242,200"
28-Nov-22,27.86,28.09,27.81,27.84,25.66,"124,400"
25-Nov-22,28,28.05,27.96,27.96,25.77,"38,700"
23-Nov-22,27.95,28.12,27.91,28.12,25.91,"104,500"
22-Nov-22,27.72,27.88,27.72,27.88,25.69,"141,200"
21-Nov-22,27.74,27.77,27.6,27.69,25.52,"212,900"
18-Nov-22,28.15,28.15,27.94,28.05,25.85,"165,500"
17-Nov-22,27.67,28.19,27.67,28.16,25.95,"210,500"
16-Nov-22,28.33,28.36,28.1,28.1,25.9,"187,100"
15-Nov-22,28.76,28.81,28.42,28.57,26.33,"139,700"
14-Nov-22,27.99,28.2,27.96,28.01,25.81,"135,200"
11-Nov-22,27.96,28.21,27.94,28.17,25.96,"125,000"
10-Nov-22,27.32,27.57,27.23,27.54,25.38,"148,000"
9-Nov-22,26.88,27,26.61,26.61,24.52,"181,400"
8-Nov-22,26.92,27.12,26.83,27.01,24.89,"206,800"
7-Nov-22,26.93,26.95,26.75,26.84,24.73,"183,000"
4-Nov-22,26.64,26.85,26.48,26.83,24.73,"126,000"
3-Nov-22,25.49,25.85,25.46,25.77,23.75,"470,200"
2-Nov-22,25.94,26.17,25.61,25.61,23.6,"850,100"
1-Nov-22,26.03,26.08,25.78,25.84,23.81,"277,300"
31-Oct-22,25.26,25.49,25.26,25.47,23.47,"361,700"
28-Oct-22,25.46,25.62,25.4,25.6,23.59,"419,800"
27-Oct-22,25.74,25.99,25.74,25.78,23.76,"165,200"
26-Oct-22,25.63,26.16,25.63,25.97,23.93,"440,500"
25-Oct-22,25.41,25.64,25.41,25.6,23.59,"127,900"
24-Oct-22,25.46,25.47,25.17,25.42,23.43,"171,600"
21-Oct-22,25.81,26.3,25.8,26.25,24.19,"149,900"
20-Oct-22,25.89,26.26,25.89,25.94,23.91,"238,000"
19-Oct-22,25.73,25.91,25.64,25.71,23.69,"272,400"
18-Oct-22,26.38,26.38,25.96,26.12,24.07,"241,300"
17-Oct-22,25.99,26.25,25.99,26.17,24.12,"293,300"
14-Oct-22,25.99,26.03,25.51,25.56,23.56,"787,700"
13-Oct-22,25.13,25.98,25.11,25.87,23.84,"492,800"
12-Oct-22,25.75,25.86,25.67,25.73,23.71,"406,800"
11-Oct-22,25.84,26.01,25.64,25.71,23.69,"185,200"
10-Oct-22,26.25,26.25,25.98,26.07,24.03,"218,900"
7-Oct-22,26.65,26.68,26.35,26.39,24.32,"160,500"
6-Oct-22,26.96,27.09,26.87,26.87,24.76,"311,700"
5-Oct-22,26.99,27.14,26.83,27.03,24.91,"609,700"
4-Oct-22,26.73,27.11,26.73,27.05,24.93,"288,300"
3-Oct-22,25.97,26.31,25.97,26.29,24.23,"185,200"
30-Sep-22,25.86,26.08,25.8,25.83,23.8,"178,900"
29-Sep-22,26.06,26.06,25.74,25.95,23.91,"339,000"
28-Sep-22,26.1,26.53,26.06,26.46,24.38,"208,500"
27-Sep-22,26.4,26.56,26.14,26.21,24.15,"357,300"
26-Sep-22,0.18 Dividend ,,,,,
26-Sep-22,26.35,26.46,26.14,26.22,24.16,"316,000"
23-Sep-22,26.9,26.95,26.6,26.76,24.5,"377,500"
22-Sep-22,27.43,27.5,27.27,27.4,25.08,"288,600"
21-Sep-22,27.74,27.88,27.47,27.5,25.17,"245,200"
20-Sep-22,27.86,27.96,27.75,27.87,25.51,"165,200"
19-Sep-22,27.72,28.02,27.68,28.02,25.65,"175,700"
16-Sep-22,27.91,28.02,27.82,27.96,25.59,"167,900"
15-Sep-22,28.26,28.42,28.13,28.17,25.79,"224,700"
14-Sep-22,28.44,28.54,28.34,28.48,26.07,"275,600"
13-Sep-22,28.6,28.75,28.28,28.33,25.93,"182,600"
12-Sep-22,29.04,29.19,29,29.18,26.71,"96,200"
9-Sep-22,28.66,28.83,28.66,28.78,26.34,"134,500"
8-Sep-22,28.23,28.4,28.18,28.38,25.98,"287,500"
7-Sep-22,28.18,28.54,28.15,28.53,26.12,"108,700"
6-Sep-22,28.49,28.56,28.27,28.33,25.93,"128,400"
2-Sep-22,28.77,28.92,28.55,28.6,26.18,"64,400"
1-Sep-22,28.76,28.85,28.6,28.84,26.4,"157,600"
31-Aug-22,29.17,29.27,29.03,29.03,26.57,"121,300"
30-Aug-22,29.33,29.35,28.85,28.95,26.5,"191,500"
29-Aug-22,29.31,29.41,29.22,29.22,26.75,"94,400"
26-Aug-22,29.98,30.05,29.38,29.42,26.93,"101,100"
25-Aug-22,29.57,29.88,29.54,29.88,27.35,"111,800"
24-Aug-22,29.22,29.49,29.03,29.34,26.86,"105,700"
23-Aug-22,29.25,29.49,29.25,29.41,26.92,"128,300"
22-Aug-22,29.26,29.31,29.21,29.27,26.79,"142,700"
19-Aug-22,29.55,29.6,29.41,29.49,26.99,"94,200"
18-Aug-22,29.9,29.9,29.71,29.84,27.31,"123,000"
17-Aug-22,29.92,30.13,29.92,30,27.46,"155,500"
16-Aug-22,29.99,30.16,29.99,30.11,27.56,"147,800"
15-Aug-22,29.99,30.14,29.98,30.07,27.52,"615,300"
12-Aug-22,30,30.3,29.73,30.26,27.7,"101,000"
11-Aug-22,30.07,30.34,29.94,29.99,27.45,"152,700"
10-Aug-22,29.7,29.9,29.64,29.9,27.37,"188,200"
9-Aug-22,29.59,29.63,29.45,29.48,26.98,"217,100"
8-Aug-22,29.58,29.7,29.52,29.56,27.06,"170,400"
5-Aug-22,29.3,29.56,29.3,29.55,27.05,"141,000"
4-Aug-22,29.39,29.5,29.26,29.44,26.95,"119,800"
3-Aug-22,29.15,29.31,29.01,29.29,26.81,"139,000"
2-Aug-22,29.07,29.38,28.99,29.13,26.66,"185,900"
1-Aug-22,29.22,29.49,29.11,29.32,26.84,"124,800"
29-Jul-22,29.4,29.59,29.26,29.55,27.05,"129,200"
28-Jul-22,29.58,29.71,29.32,29.71,27.2,"92,400"
27-Jul-22,29.28,29.64,29.22,29.56,27.06,"194,200"
26-Jul-22,29.23,29.29,29,29.07,26.61,"138,100"
25-Jul-22,29.22,29.32,29.18,29.28,26.81,"140,800"
22-Jul-22,29.36,29.49,29.06,29.14,26.67,"286,400"
21-Jul-22,29.16,29.45,29.16,29.45,26.96,"400,900"
20-Jul-22,29.14,29.22,29.03,29.13,26.66,"78,400"
19-Jul-22,29.1,29.29,29.08,29.23,26.76,"476,000"
18-Jul-22,29.03,29.14,28.74,28.84,26.4,"219,100"
15-Jul-22,28.5,28.66,28.31,28.66,26.23,"227,100"
14-Jul-22,28.38,28.53,28.19,28.49,26.08,"130,000"
13-Jul-22,28.41,28.87,28.41,28.76,26.33,"225,000"
12-Jul-22,28.8,28.93,28.71,28.81,26.37,"153,300"
11-Jul-22,29.05,29.05,28.81,28.94,26.49,"299,700"
8-Jul-22,29.57,29.71,29.47,29.62,27.11,"460,100"
7-Jul-22,29.4,29.72,29.4,29.67,27.16,"118,200"
6-Jul-22,29.04,29.17,28.87,29.09,26.63,"292,900"
5-Jul-22,28.97,29.27,28.84,29.27,26.79,"192,300"
1-Jul-22,29.39,29.56,29.2,29.56,27.06,"124,200"
30-Jun-22,29.54,29.77,29.31,29.75,27.23,"167,700"
29-Jun-22,29.94,29.94,29.64,29.77,27.25,"122,100"
28-Jun-22,30.31,30.44,29.85,29.93,27.4,"666,500"
27-Jun-22,30.25,30.32,30.1,30.14,27.59,"297,300"
24-Jun-22,0.362 Dividend ,,,,,
24-Jun-22,29.76,30.13,29.76,30.06,27.52,"218,700"
23-Jun-22,29.89,30.04,29.68,29.9,27.04,"153,100"
22-Jun-22,29.78,30.05,29.78,29.85,26.99,"198,500"
21-Jun-22,30.32,30.5,30.32,30.38,27.47,"270,100"
17-Jun-22,30.2,30.26,29.89,30.03,27.16,"204,600"
16-Jun-22,29.97,30.14,29.82,29.97,27.1,"145,700"
15-Jun-22,30.6,31.09,30.48,30.87,27.92,"132,300"
14-Jun-22,30.47,30.6,30.34,30.48,27.56,"332,500"
13-Jun-22,30.34,30.49,30.03,30.1,27.22,"180,300"
10-Jun-22,31.33,31.34,31.04,31.13,28.15,"165,400"
9-Jun-22,31.9,31.9,31.38,31.38,28.38,"88,000"
8-Jun-22,32.08,32.21,32,32.07,29,"86,000"
7-Jun-22,31.73,32.09,31.73,32.02,28.95,"153,500"
6-Jun-22,32.23,32.32,31.87,31.92,28.86,"193,300"
3-Jun-22,32.07,32.07,31.78,31.81,28.77,"107,600"
2-Jun-22,31.93,32.37,31.87,32.37,29.27,"187,400"
1-Jun-22,32.18,32.22,31.7,31.8,28.76,"164,700"
31-May-22,32.34,32.35,32.06,32.06,28.99,"334,800"
27-May-22,31.57,31.68,31.54,31.68,28.65,"805,200"
26-May-22,30.86,31.43,30.86,31.37,28.37,"232,300"
25-May-22,30.65,31.03,30.65,30.94,27.98,"251,200"
24-May-22,30.8,30.86,30.52,30.8,27.85,"233,400"
23-May-22,31.22,31.37,31.1,31.31,28.31,"176,000"
20-May-22,31.14,31.19,30.65,31.03,28.06,"191,600"
19-May-22,30.54,31,30.54,30.9,27.94,"268,100"
18-May-22,30.93,31.05,30.41,30.47,27.55,"213,700"
17-May-22,31.18,31.19,30.92,31.11,28.13,"205,800"
16-May-22,30.42,30.65,30.38,30.54,27.62,"674,000"
13-May-22,30.27,30.68,30.27,30.66,27.73,"134,000"
12-May-22,29.82,30.18,29.67,29.97,27.1,"303,200"
11-May-22,30.45,30.69,30.09,30.12,27.24,"499,900"
10-May-22,30.58,30.61,30.09,30.31,27.41,"197,700"
9-May-22,30.37,30.53,30.1,30.12,27.24,"284,000"
6-May-22,30.98,31.09,30.72,30.88,27.92,"210,900"
5-May-22,31.71,31.75,31,31.24,28.25,"280,900"
4-May-22,31.68,32.35,31.55,32.33,29.24,"235,800"
3-May-22,31.86,31.99,31.81,31.97,28.91,"304,800"
2-May-22,31.65,31.81,31.38,31.73,28.69,"203,100"
29-Apr-22,32.21,32.34,31.76,31.8,28.76,"161,100"
28-Apr-22,31.55,31.79,31.28,31.72,28.68,"220,100"
27-Apr-22,31.17,31.47,31.16,31.29,28.29,"130,700"
26-Apr-22,31.48,31.48,30.99,31,28.03,"292,200"
25-Apr-22,31.45,31.72,31.36,31.72,28.68,"392,700"
22-Apr-22,32.33,32.46,31.98,32.05,28.98,"128,800"
21-Apr-22,32.85,32.88,32.23,32.31,29.22,"113,800"
20-Apr-22,33.07,33.09,32.85,32.89,29.74,"138,800"
19-Apr-22,32.88,33.04,32.77,33.04,29.88,"127,400"
18-Apr-22,33.07,33.31,33.07,33.2,30.02,"124,600"
14-Apr-22,33.49,33.54,33.27,33.27,30.09,"76,300"
13-Apr-22,33.4,33.71,33.4,33.66,30.44,"139,100"
12-Apr-22,33.6,33.65,33.26,33.33,30.14,"306,500"
11-Apr-22,33.53,33.63,33.38,33.42,30.22,"103,600"
8-Apr-22,33.8,33.92,33.69,33.8,30.56,"135,200"
7-Apr-22,33.8,33.88,33.59,33.75,30.52,"86,900"
6-Apr-22,34.14,34.18,33.82,33.99,30.74,"103,300"
5-Apr-22,34.73,34.74,34.22,34.28,31,"110,600"
4-Apr-22,34.71,34.9,34.66,34.84,31.51,"120,500"
1-Apr-22,34.41,34.51,34.18,34.41,31.12,"105,300"
31-Mar-22,34.25,34.25,33.88,33.88,30.64,"163,500"
30-Mar-22,34.36,34.54,34.22,34.29,31.01,"107,500"
29-Mar-22,34.4,34.46,34.22,34.43,31.13,"120,900"
28-Mar-22,33.79,33.92,33.65,33.92,30.67,"132,100"
25-Mar-22,0.227 Dividend ,,,,,
25-Mar-22,33.78,33.84,33.61,33.84,30.6,"213,100"
24-Mar-22,34.11,34.31,34.05,34.24,30.76,"118,900"
23-Mar-22,34.03,34.38,33.96,34.07,30.6,"63,000"
22-Mar-22,34.18,34.43,34.18,34.34,30.85,"90,200"
21-Mar-22,33.89,33.94,33.65,33.87,30.42,"143,200"
18-Mar-22,33.71,34.41,33.63,34.41,30.91,"333,100"
17-Mar-22,33.78,34.01,33.59,34,30.54,"85,200"
16-Mar-22,33.06,34.06,33.03,34.04,30.58,"259,400"
15-Mar-22,31.46,31.94,31.4,31.87,28.63,"328,200"
14-Mar-22,32.33,32.51,31.88,31.96,28.71,"117,000"
11-Mar-22,33.31,33.34,32.54,32.56,29.25,"176,000"
10-Mar-22,33.23,33.25,32.93,33.03,29.67,"89,100"
9-Mar-22,33.12,33.64,33.12,33.58,30.16,"199,500"
8-Mar-22,32.84,33.17,32.6,32.77,29.44,"187,600"
7-Mar-22,33.05,33.41,32.71,32.76,29.43,"552,900"
4-Mar-22,33.91,34.1,33.75,33.93,30.48,"120,500"
3-Mar-22,34.77,34.86,34.48,34.56,31.04,"123,900"
2-Mar-22,34.7,35,34.51,34.84,31.3,"109,100"
1-Mar-22,34.92,35.23,34.47,34.59,31.07,"194,600"
28-Feb-22,34.95,35.4,34.9,35.28,31.69,"121,500"
25-Feb-22,35.33,35.77,35.2,35.76,32.12,"141,500"
24-Feb-22,34.12,35.13,33.97,35.13,31.56,"500,600"
23-Feb-22,36.5,36.51,35.89,35.94,32.28,"156,200"
22-Feb-22,36.29,36.54,36.16,36.39,32.69,"119,000"
18-Feb-22,36.93,36.96,36.71,36.78,33.04,"96,100"
17-Feb-22,37.21,37.26,36.94,37.02,33.25,"115,000"
16-Feb-22,37.1,37.52,37.1,37.38,33.58,"83,300"
15-Feb-22,36.86,37.16,36.86,37.16,33.38,"73,100"
14-Feb-22,36.56,36.6,36.26,36.45,32.74,"74,100"
11-Feb-22,37.16,37.31,36.66,36.76,33.02,"524,500"
10-Feb-22,37,37.6,37,37.14,33.36,"239,800"
9-Feb-22,37.09,37.4,37.08,37.4,33.6,"122,600"
8-Feb-22,36.45,36.86,36.44,36.86,33.11,"149,800"
7-Feb-22,36.33,36.6,36.33,36.42,32.72,"337,200"
4-Feb-22,36.19,36.57,36.16,36.42,32.72,"108,700"
3-Feb-22,36.28,36.52,36.28,36.34,32.64,"169,100"
2-Feb-22,36.9,36.9,36.54,36.78,33.04,"114,600"
1-Feb-22,36.71,36.78,36.43,36.76,33.02,"120,900"
31-Jan-22,35.96,36.6,35.94,36.6,32.88,"476,000"
28-Jan-22,35.4,35.57,35.15,35.57,31.95,"127,000"
27-Jan-22,35.64,35.72,35.31,35.4,31.8,"207,900"
26-Jan-22,36.31,36.39,35.71,35.79,32.15,"138,200"
25-Jan-22,35.92,36.27,35.73,36.07,32.4,"203,300"
24-Jan-22,36.11,36.22,35.44,36.22,32.54,"299,900"
21-Jan-22,37.07,37.12,36.64,36.64,32.91,"491,700"
20-Jan-22,37.52,37.68,37.14,37.15,33.37,"126,200"
19-Jan-22,37.08,37.22,37.01,37.02,33.25,"87,400"
18-Jan-22,36.83,37.02,36.79,36.79,33.05,"193,500"
14-Jan-22,37.37,37.52,37.28,37.46,33.65,"80,700"
13-Jan-22,37.75,37.88,37.47,37.48,33.67,"184,900"
12-Jan-22,37.84,38.07,37.79,38.01,34.14,"306,600"
11-Jan-22,37.23,37.61,37.23,37.51,33.69,"798,200"
10-Jan-22,37,37.04,36.76,37.04,33.27,"173,900"
7-Jan-22,36.9,37.07,36.77,37.04,33.27,"200,600"
6-Jan-22,36.61,36.88,36.53,36.78,33.04,"92,600"
5-Jan-22,37,37.19,36.55,36.63,32.9,"117,200"
4-Jan-22,37.21,37.22,37.03,37.11,33.34,"134,500"
3-Jan-22,37.15,37.23,36.96,37.19,33.41,"104,900"
31-Dec-21,37.02,37.22,37,37.01,33.25,"291,600"
30-Dec-21,36.77,37.15,36.75,37.07,33.3,"159,300"
29-Dec-21,36.87,36.87,36.68,36.78,33.04,"236,400"
28-Dec-21,37.01,37.14,36.88,36.94,33.18,"115,800"
27-Dec-21,0.2 Dividend ,,,,,
27-Dec-21,36.77,37.02,36.77,37.02,33.25,"135,500"
23-Dec-21,36.78,37.06,36.76,37,33.06,"151,900"
22-Dec-21,36.53,36.84,36.49,36.84,32.91,"200,500"
21-Dec-21,36.34,36.61,36.34,36.6,32.7,"512,900"
20-Dec-21,36.08,36.15,35.89,36.08,32.23,"136,000"
17-Dec-21,36.44,36.67,36.33,36.59,32.69,"427,300"
16-Dec-21,36.83,36.92,36.54,36.66,32.75,"136,600"
15-Dec-21,36.41,36.57,36,36.57,32.67,"195,600"
14-Dec-21,36.36,36.6,36.36,36.59,32.69,"399,300"
13-Dec-21,36.76,36.78,36.46,36.55,32.65,"63,200"
10-Dec-21,36.99,37.07,36.88,37.06,33.11,"165,300"
9-Dec-21,37.02,37.13,36.92,37,33.06,"126,500"
8-Dec-21,37.04,37.28,36.98,37.14,33.18,"100,800"
7-Dec-21,36.84,37.09,36.84,37.09,33.14,"158,000"
6-Dec-21,36.31,36.56,36.2,36.55,32.65,"94,200"
3-Dec-21,36.61,36.63,36.1,36.3,32.43,"125,700"
2-Dec-21,36.49,36.74,36.45,36.59,32.69,"81,300"
1-Dec-21,36.44,36.73,35.98,36.05,32.21,"149,300"
30-Nov-21,35.98,36.18,35.7,35.99,32.15,"125,900"
29-Nov-21,36.11,36.11,35.83,35.96,32.13,"77,400"
26-Nov-21,36,36,35.61,35.85,32.03,"81,000"
24-Nov-21,36.69,36.86,36.64,36.86,32.93,"64,500"
23-Nov-21,36.97,37.07,36.77,36.89,32.96,"195,300"
22-Nov-21,37.19,37.22,36.92,36.94,33,"153,700"
19-Nov-21,37.28,37.33,37.18,37.21,33.24,"68,100"
18-Nov-21,37.29,37.32,37.08,37.25,33.28,"54,600"
17-Nov-21,37.84,37.84,37.56,37.66,33.65,"189,600"
16-Nov-21,37.8,37.86,37.71,37.81,33.78,"69,200"
15-Nov-21,37.96,37.96,37.78,37.83,33.8,"73,800"
12-Nov-21,37.75,37.89,37.7,37.86,33.83,"53,300"
11-Nov-21,37.63,37.88,37.63,37.81,33.78,"52,400"
10-Nov-21,37.45,37.58,37.14,37.23,33.26,"79,300"
9-Nov-21,37.56,37.66,37.38,37.42,33.43,"84,600"
8-Nov-21,37.43,37.59,37.42,37.58,33.57,"87,900"
5-Nov-21,37.33,37.33,37.1,37.24,33.27,"81,100"
4-Nov-21,37.45,37.45,37.14,37.22,33.25,"519,600"
3-Nov-21,37.15,37.35,37,37.32,33.34,"539,400"
2-Nov-21,37.25,37.25,37.11,37.15,33.19,"175,800"
1-Nov-21,37.24,37.55,37.24,37.55,33.55,"110,300"
29-Oct-21,37.19,37.24,37.01,37.18,33.22,"117,000"
28-Oct-21,37.48,37.62,37.4,37.62,33.61,"99,400"
27-Oct-21,37.69,37.85,37.62,37.64,33.63,"72,600"
26-Oct-21,38.18,38.19,37.86,37.92,33.88,"94,900"
25-Oct-21,37.98,38.14,37.97,38.1,34.04,"53,200"
22-Oct-21,37.99,38.1,37.77,37.84,33.81,"55,600"
21-Oct-21,37.95,37.97,37.81,37.92,33.88,"70,200"
20-Oct-21,38.29,38.29,38.14,38.19,34.12,"53,700"
19-Oct-21,38.03,38.29,38.03,38.24,34.16,"115,700"
18-Oct-21,37.67,37.86,37.67,37.79,33.76,"361,300"
15-Oct-21,37.71,38.04,37.71,37.96,33.91,"104,400"
14-Oct-21,37.51,37.68,37.47,37.64,33.63,"105,100"
13-Oct-21,37.32,37.54,37.27,37.54,33.54,"69,500"
12-Oct-21,37.19,37.21,36.96,37,33.06,"67,100"
11-Oct-21,37.38,37.51,37.19,37.2,33.24,"64,900"
8-Oct-21,37.35,37.39,37.24,37.35,33.37,"243,100"
7-Oct-21,37.1,37.41,37.08,37.28,33.31,"134,600"
6-Oct-21,36.31,36.66,36.23,36.63,32.73,"94,000"
5-Oct-21,36.63,36.91,36.62,36.76,32.84,"82,400"
4-Oct-21,36.75,36.75,36.37,36.55,32.65,"189,000"
1-Oct-21,37.09,37.12,36.78,37.1,33.15,"90,700"
30-Sep-21,37.19,37.32,37.02,37.1,33.15,"103,100"
29-Sep-21,36.99,37.11,36.78,36.83,32.9,"82,300"
28-Sep-21,37.37,37.4,37.01,37.12,33.16,"72,700"
27-Sep-21,37.43,37.71,37.41,37.67,33.66,"144,700"
24-Sep-21,0.7 Dividend ,,,,,
24-Sep-21,37.55,37.6,37.47,37.47,33.48,"86,000"
23-Sep-21,38.43,38.63,38.43,38.6,33.86,"76,500"
22-Sep-21,38.23,38.6,38.23,38.35,33.64,"61,600"
21-Sep-21,37.83,37.9,37.65,37.85,33.2,"89,500"
20-Sep-21,37.74,37.81,37.24,37.58,32.97,"175,600"
17-Sep-21,38.77,38.77,38.49,38.56,33.83,"94,100"
16-Sep-21,38.65,38.77,38.54,38.77,34.01,"118,200"
15-Sep-21,39.1,39.21,38.96,39.21,34.4,"73,400"
14-Sep-21,39.39,39.43,39.13,39.2,34.39,"101,000"
13-Sep-21,39.43,39.61,39.34,39.51,34.66,"60,000"
10-Sep-21,39.65,39.7,39.36,39.4,34.56,"61,500"
9-Sep-21,39.29,39.4,39.23,39.3,34.47,"84,000"
8-Sep-21,39.64,39.64,39.3,39.33,34.5,"64,800"
7-Sep-21,39.77,39.97,39.77,39.94,35.04,"212,500"
3-Sep-21,39.5,39.71,39.5,39.68,34.81,"74,300"
2-Sep-21,39.62,39.66,39.39,39.41,34.57,"91,700"
1-Sep-21,39.4,39.75,39.4,39.63,34.76,"75,900"
31-Aug-21,39.19,39.23,39.1,39.16,34.35,"141,500"
30-Aug-21,38.63,38.77,38.57,38.71,33.96,"37,800"
27-Aug-21,38.41,38.65,38.33,38.65,33.9,"180,500"
26-Aug-21,38.28,38.33,38.15,38.19,33.5,"112,800"
25-Aug-21,38.37,38.54,38.37,38.52,33.79,"82,700"
24-Aug-21,38.17,38.48,38.17,38.47,33.75,"75,600"
23-Aug-21,37.51,37.76,37.48,37.73,33.1,"119,900"
20-Aug-21,36.93,37.21,36.93,37.21,32.64,"67,400"
19-Aug-21,37.11,37.34,37.08,37.26,32.69,"92,100"
18-Aug-21,38.06,38.12,37.78,37.78,33.14,"61,500"
17-Aug-21,37.74,37.92,37.58,37.69,33.06,"102,200"
16-Aug-21,38.37,38.44,38.26,38.38,33.67,"647,600"
13-Aug-21,38.54,38.61,38.4,38.61,33.87,"87,900"
12-Aug-21,38.71,38.71,38.58,38.7,33.95,"33,500"
11-Aug-21,39.21,39.21,38.88,39.01,34.22,"468,900"
10-Aug-21,39.12,39.12,38.94,39,34.21,"98,300"
9-Aug-21,38.99,39.12,38.98,39.03,34.24,"88,800"
6-Aug-21,39.03,39.03,38.78,38.87,34.1,"48,400"
5-Aug-21,39.19,39.31,39.17,39.22,34.4,"114,400"
4-Aug-21,39.28,39.42,39.13,39.26,34.44,"61,800"
3-Aug-21,38.87,39.09,38.74,39.07,34.27,"62,600"
2-Aug-21,38.87,39.06,38.8,38.82,34.05,"209,300"
30-Jul-21,38.55,38.76,38.49,38.56,33.83,"47,900"
29-Jul-21,39.01,39.05,38.83,38.96,34.18,"85,300"
28-Jul-21,38.32,38.86,38.32,38.84,34.07,"108,500"
27-Jul-21,37.9,37.95,37.5,37.93,33.27,"150,800"
26-Jul-21,38.58,38.75,38.51,38.6,33.86,"70,400"
23-Jul-21,39.35,39.35,39.07,39.27,34.45,"67,400"
22-Jul-21,39.76,39.76,39.56,39.67,34.8,"99,100"
21-Jul-21,39.31,39.69,39.26,39.69,34.82,"132,900"
20-Jul-21,39.22,39.55,39.12,39.5,34.65,"92,700"
19-Jul-21,39.35,39.36,39.1,39.26,34.44,"116,600"
16-Jul-21,40.25,40.29,39.85,39.93,35.03,"98,500"
15-Jul-21,40.27,40.41,40.18,40.29,35.34,"74,300"
14-Jul-21,40.23,40.23,40,40.05,35.13,"39,300"
13-Jul-21,39.94,40.13,39.88,39.89,34.99,"51,300"
12-Jul-21,39.74,39.89,39.68,39.88,34.98,"103,500"
9-Jul-21,39.53,39.86,39.53,39.83,34.94,"63,400"
8-Jul-21,39.13,39.39,39.11,39.25,34.43,"150,400"
7-Jul-21,40.1,40.21,39.84,40.04,35.12,"82,500"
6-Jul-21,40.12,40.15,39.81,39.95,35.05,"230,200"
2-Jul-21,40.49,40.53,40.37,40.48,35.51,"131,400"
1-Jul-21,40.83,40.84,40.34,40.59,35.61,"110,000"
30-Jun-21,40.87,40.98,40.7,40.81,35.8,"594,400"
29-Jun-21,40.91,41.1,40.8,41.08,36.04,"152,200"
28-Jun-21,41.09,41.17,41.02,41.15,36.1,"78,400"
25-Jun-21,41.13,41.13,40.96,41.04,36,"69,900"
24-Jun-21,0.21 Dividend ,,,,,
24-Jun-21,40.73,40.81,40.65,40.77,35.76,"112,500"
23-Jun-21,40.61,40.81,40.57,40.57,35.4,"128,000"
22-Jun-21,40.23,40.5,40.19,40.48,35.33,"199,900"
21-Jun-21,40.4,40.57,40.2,40.57,35.4,"104,200"
18-Jun-21,40.59,40.59,40.37,40.41,35.27,"88,600"
17-Jun-21,40.77,40.9,40.66,40.7,35.52,"102,700"
16-Jun-21,41.07,41.17,40.5,40.64,35.47,"89,400"
15-Jun-21,41.29,41.29,41.01,41.09,35.86,"78,400"
14-Jun-21,41.32,41.42,41.28,41.42,36.15,"58,600"
11-Jun-21,41.33,41.33,41.15,41.26,36.01,"66,800"
10-Jun-21,41.22,41.45,41.2,41.4,36.13,"65,400"
9-Jun-21,41.22,41.24,41,41,35.78,"101,800"
8-Jun-21,41.28,41.28,41.07,41.18,35.94,"101,800"
7-Jun-21,41.41,41.43,41.25,41.43,36.16,"53,300"
4-Jun-21,41.5,41.62,41.45,41.57,36.28,"132,700"
3-Jun-21,41.3,41.34,41.16,41.22,35.97,"87,500"
2-Jun-21,41.47,41.65,41.43,41.62,36.32,"59,500"
1-Jun-21,41.63,41.65,41.48,41.59,36.3,"57,600"
28-May-21,40.79,40.98,40.79,40.9,35.69,"58,100"
27-May-21,40.7,40.8,40.63,40.71,35.53,"60,800"
26-May-21,40.51,40.72,40.51,40.67,35.49,"73,300"
25-May-21,40.43,40.5,40.33,40.36,35.22,"57,200"
24-May-21,39.8,40.07,39.8,40.01,34.92,"59,000"
21-May-21,40.01,40.01,39.55,39.55,34.51,"47,300"
20-May-21,39.95,40.12,39.89,40.04,34.94,"86,700"
19-May-21,39.63,39.99,39.53,39.89,34.81,"117,900"
18-May-21,40.02,40.21,39.93,40.04,34.94,"66,600"
17-May-21,39.2,39.48,39.15,39.48,34.45,"73,300"
14-May-21,39.38,39.61,39.31,39.57,34.53,"78,600"
13-May-21,39.04,39.26,38.74,38.9,33.95,"74,300"
12-May-21,39.37,39.46,38.83,38.88,33.93,"84,100"
11-May-21,39.4,40.05,39.4,40.05,34.95,"86,700"
10-May-21,40.67,40.67,40.16,40.16,35.05,"70,700"
7-May-21,40.6,40.94,40.6,40.81,35.61,"164,900"
6-May-21,40.16,40.37,40.05,40.37,35.23,"88,400"
5-May-21,39.89,39.99,39.76,39.89,34.81,"92,200"
4-May-21,39.78,39.83,39.47,39.73,34.67,"66,600"
3-May-21,40.1,40.31,40.05,40.14,35.03,"81,400"
30-Apr-21,40.31,40.4,40.06,40.16,35.05,"78,400"
29-Apr-21,41.02,41.02,40.54,40.78,35.59,"144,700"
28-Apr-21,40.81,41.01,40.68,40.84,35.64,"153,000"
27-Apr-21,40.72,40.77,40.61,40.61,35.44,"146,200"
26-Apr-21,40.56,40.72,40.56,40.64,35.47,"135,600"
23-Apr-21,40.39,40.62,40.39,40.5,35.34,"380,200"
22-Apr-21,40.25,40.26,39.93,39.97,34.88,"307,800"
21-Apr-21,39.91,40.29,39.81,40.23,35.11,"127,500"
20-Apr-21,40.26,40.33,39.96,39.99,34.9,"173,900"
19-Apr-21,40.36,40.42,40.2,40.26,35.13,"271,300"
16-Apr-21,40.38,40.46,40.25,40.42,35.27,"135,800"
15-Apr-21,40.16,40.28,40.11,40.24,35.12,"370,000"
14-Apr-21,39.95,40.05,39.81,39.87,34.79,"195,100"
13-Apr-21,39.48,39.78,39.45,39.65,34.6,"148,500"
12-Apr-21,39.59,39.59,39.44,39.48,34.45,"126,300"
9-Apr-21,39.76,39.78,39.61,39.78,34.72,"75,900"
8-Apr-21,40.07,40.14,39.96,40.07,34.97,"89,800"
7-Apr-21,39.64,39.77,39.55,39.62,34.58,"170,300"
6-Apr-21,39.98,40.29,39.93,40.21,35.09,"155,000"
5-Apr-21,39.95,40.02,39.81,39.93,34.85,"425,400"
1-Apr-21,39.87,39.91,39.69,39.76,34.7,"129,600"
31-Mar-21,39.22,39.54,39.22,39.49,34.46,"124,600"
30-Mar-21,39.1,39.31,39.02,39.23,34.24,"129,900"
29-Mar-21,38.95,39.17,38.85,39.04,34.07,"52,800"
26-Mar-21,38.76,39.23,38.51,39.16,34.17,"572,500"
25-Mar-21,38.24,38.48,38.12,38.45,33.55,"152,600"
24-Mar-21,38.86,38.89,38.24,38.24,33.37,"97,200"
23-Mar-21,39.28,39.37,38.98,39.01,34.04,"119,900"
22-Mar-21,39.61,39.79,39.48,39.71,34.65,"143,100"
19-Mar-21,39.35,39.75,39.33,39.65,34.6,"208,300"
18-Mar-21,39.69,39.74,39.26,39.26,34.26,"125,300"
17-Mar-21,39.33,40.08,39.26,40.01,34.92,"429,500"
16-Mar-21,39.73,39.97,39.72,39.86,34.79,"136,200"
15-Mar-21,39.43,39.7,39.35,39.64,34.59,"195,500"
12-Mar-21,39.38,39.52,39.25,39.46,34.44,"166,600"
11-Mar-21,39.77,40.15,39.72,40.08,34.98,"91,400"
10-Mar-21,39.25,39.32,38.84,39.1,34.12,"146,300"
9-Mar-21,38.83,39.35,38.83,39.13,34.15,"196,100"
8-Mar-21,38.83,38.97,38.41,38.46,33.56,"17,486,200"
5-Mar-21,39.67,39.67,38.9,39.48,34.45,"463,000"
4-Mar-21,39.88,40.05,39,39.21,34.22,"158,500"
3-Mar-21,40.2,40.3,39.85,40.02,34.92,"752,800"
2-Mar-21,40,40.11,39.78,39.94,34.85,"117,800"
1-Mar-21,40.07,40.35,39.98,40.22,35.1,"165,200"
26-Feb-21,39.55,39.59,39.1,39.33,34.32,"268,700"
25-Feb-21,40.61,40.75,39.75,39.82,34.75,"92,500"
24-Feb-21,40.3,40.68,40.1,40.64,35.47,"205,400"
23-Feb-21,40.5,41,40.11,40.9,35.69,"649,900"
22-Feb-21,40.8,41.11,40.71,40.76,35.57,"119,900"
19-Feb-21,41.84,42.06,41.75,41.8,36.48,"183,500"
18-Feb-21,41.54,41.62,41.24,41.6,36.3,"100,700"
17-Feb-21,42,42.15,41.81,42.1,36.74,"99,600"
16-Feb-21,42.23,42.31,42.02,42.07,36.71,"173,500"
12-Feb-21,41.89,42.17,41.78,42,36.65,"56,000"
11-Feb-21,41.89,42.11,41.89,41.95,36.61,"103,300"
10-Feb-21,41.76,41.83,41.39,41.54,36.25,"106,200"
9-Feb-21,41.1,41.5,41.1,41.43,36.16,"84,300"
8-Feb-21,40.97,41.18,40.97,41.11,35.88,"119,700"
5-Feb-21,40.95,41.09,40.77,41.07,35.84,"83,000"
4-Feb-21,40.68,40.71,40.44,40.69,35.51,"77,800"
3-Feb-21,40.75,40.82,40.57,40.68,35.5,"119,900"
2-Feb-21,40.62,40.62,40.44,40.5,35.34,"113,900"
1-Feb-21,39.8,40.03,39.62,39.96,34.87,"146,700"
29-Jan-21,39.4,39.44,38.93,39.01,34.04,"158,600"
28-Jan-21,39.79,40.2,39.74,40.11,35,"306,600"
27-Jan-21,40.13,40.25,39.8,39.8,34.73,"160,800"
26-Jan-21,40.83,40.85,40.64,40.83,35.63,"299,800"
25-Jan-21,41.11,41.21,40.64,41.01,35.79,"197,600"
22-Jan-21,40.65,40.81,40.59,40.75,35.56,"157,000"
21-Jan-21,41.17,41.18,40.98,41.15,35.91,"146,900"
20-Jan-21,40.97,41.02,40.77,41,35.78,"526,800"
19-Jan-21,40.54,40.54,40.25,40.33,35.2,"181,900"
15-Jan-21,39.99,40.06,39.78,39.82,34.75,"132,200"
14-Jan-21,40.38,40.65,40.36,40.47,35.32,"191,500"
13-Jan-21,40.07,40.2,39.86,40.06,34.96,"91,900"
12-Jan-21,39.8,40.03,39.74,40.01,34.92,"102,000"
11-Jan-21,39.65,39.83,39.61,39.72,34.66,"97,400"
8-Jan-21,39.85,40.11,39.66,40.1,35,"405,600"
7-Jan-21,39.02,39.15,38.84,39.06,34.09,"91,800"
6-Jan-21,38.89,39.31,38.83,38.85,33.9,"86,000"
5-Jan-21,38.74,39.26,38.74,39.2,34.21,"72,300"
4-Jan-21,38.8,38.91,38.22,38.39,33.5,"102,700"
31-Dec-20,38.39,38.39,38.03,38.17,33.31,"121,400"
30-Dec-20,38.15,38.35,38.15,38.23,33.36,"177,300"
29-Dec-20,37.56,37.79,37.55,37.74,32.94,"164,200"
28-Dec-20,37.26,37.37,37.21,37.33,32.58,"87,500"
24-Dec-20,0.224 Dividend ,,,,,
24-Dec-20,37.12,37.23,36.96,37.13,32.4,"103,700"
23-Dec-20,37.38,37.5,37.38,37.45,32.49,"85,400"
22-Dec-20,37.14,37.17,36.98,37.07,32.16,"68,100"
21-Dec-20,37.06,37.44,37.06,37.24,32.3,"502,300"
18-Dec-20,37.82,37.85,37.7,37.76,32.76,"108,900"
17-Dec-20,37.79,37.88,37.77,37.87,32.85,"194,500"
16-Dec-20,37.49,37.7,37.46,37.61,32.63,"349,700"
15-Dec-20,37.23,37.49,37.18,37.49,32.52,"201,000"
14-Dec-20,37.32,37.36,37.08,37.08,32.17,"127,000"
11-Dec-20,37.3,37.36,37.21,37.28,32.34,"125,100"
10-Dec-20,37.09,37.54,37.09,37.47,32.5,"227,000"
9-Dec-20,37.5,37.51,37,37.08,32.17,"132,800"
8-Dec-20,37.33,37.42,37.28,37.4,32.44,"148,600"
7-Dec-20,37.32,37.49,37.27,37.37,32.42,"195,100"
4-Dec-20,37.16,37.38,37.15,37.38,32.43,"365,500"
3-Dec-20,36.89,37.08,36.85,36.92,32.03,"161,900"
2-Dec-20,36.43,36.6,36.31,36.57,31.72,"163,500"
1-Dec-20,36.3,36.53,36.23,36.46,31.63,"197,700"
30-Nov-20,36,36,35.77,35.81,31.06,"489,900"
27-Nov-20,36.48,36.58,36.43,36.5,31.66,"174,500"
25-Nov-20,35.97,36.23,35.88,36.22,31.42,"1,581,200"
24-Nov-20,36.17,36.35,35.97,36.35,31.53,"98,900"
23-Nov-20,36.11,36.11,35.76,35.9,31.14,"311,400"
20-Nov-20,35.66,35.81,35.63,35.77,31.03,"94,400"
19-Nov-20,35.46,35.66,35.35,35.59,30.87,"540,900"
18-Nov-20,35.76,35.83,35.54,35.54,30.83,"64,800"
17-Nov-20,35.56,35.78,35.46,35.64,30.92,"180,100"
16-Nov-20,35.72,35.84,35.64,35.71,30.98,"358,900"
13-Nov-20,35.2,35.36,35.07,35.35,30.66,"97,700"
12-Nov-20,35.14,35.24,34.78,34.83,30.21,"665,300"
11-Nov-20,34.92,35.1,34.84,35.05,30.4,"1,153,200"
10-Nov-20,35.04,35.07,34.7,34.85,30.23,"484,200"
9-Nov-20,36.07,36.15,35.26,35.3,30.62,"725,300"
6-Nov-20,34.87,35.19,34.76,35.05,30.4,"448,900"
5-Nov-20,34.85,35,34.66,34.94,30.31,"439,500"
4-Nov-20,33.87,34.5,33.81,34.35,29.8,"454,700"
3-Nov-20,33.4,33.51,33.26,33.41,28.98,"664,300"
2-Nov-20,33.27,33.33,33.08,33.29,28.88,"91,400"
30-Oct-20,33.15,33.16,32.79,32.98,28.61,"123,900"
29-Oct-20,33.22,33.47,33.06,33.37,28.95,"597,800"
28-Oct-20,33.34,33.4,33.09,33.11,28.72,"78,800"
27-Oct-20,33.84,33.98,33.79,33.89,29.4,"339,600"
26-Oct-20,33.79,33.95,33.51,33.77,29.29,"112,500"
23-Oct-20,33.99,34.17,33.9,34.16,29.63,"137,900"
22-Oct-20,34.1,34.13,33.86,33.98,29.48,"78,000"
21-Oct-20,34.08,34.27,34.03,34.04,29.53,"303,000"
20-Oct-20,33.84,34.2,33.84,34.04,29.53,"156,500"
19-Oct-20,33.86,33.99,33.62,33.68,29.22,"274,700"
16-Oct-20,33.71,33.81,33.65,33.71,29.24,"100,800"
15-Oct-20,33.31,33.63,33.31,33.6,29.15,"147,500"
14-Oct-20,34,34.06,33.82,33.82,29.34,"44,500"
13-Oct-20,34.01,34.07,33.82,34.02,29.51,"389,400"
12-Oct-20,34.02,34.23,33.99,34.16,29.63,"509,700"
9-Oct-20,33.76,33.99,33.72,33.94,29.44,"68,100"
8-Oct-20,33.52,33.72,33.49,33.67,29.21,"345,400"
7-Oct-20,33.4,33.51,33.32,33.44,29,"104,900"
6-Oct-20,33.24,33.38,33.04,33.09,28.7,"83,300"
5-Oct-20,32.96,33.15,32.95,33.15,28.76,"74,400"
2-Oct-20,32.63,32.98,32.63,32.73,28.39,"75,700"
1-Oct-20,33.02,33.11,32.86,33.11,28.72,"79,000"
30-Sep-20,32.56,32.85,32.53,32.79,28.44,"78,200"
29-Sep-20,32.24,32.37,32.2,32.3,28.02,"58,800"
28-Sep-20,32.47,32.49,32.22,32.33,28.04,"57,400"
25-Sep-20,31.74,32.03,31.57,32.01,27.77,"63,100"
24-Sep-20,0.26 Dividend ,,,,,
24-Sep-20,31.61,32.14,31.61,31.98,27.74,"62,700"
23-Sep-20,32.73,32.8,32.32,32.34,27.83,"57,300"
22-Sep-20,33.04,33.04,32.61,32.87,28.28,"54,000"
21-Sep-20,32.84,33.1,32.61,33.09,28.47,"100,200"
18-Sep-20,33.66,33.66,33.35,33.35,28.7,"47,600"
17-Sep-20,33.36,33.68,33.36,33.66,28.96,"57,600"
16-Sep-20,33.84,33.98,33.74,33.74,29.03,"64,300"
15-Sep-20,33.74,33.83,33.69,33.77,29.06,"96,800"
14-Sep-20,33.32,33.5,33.32,33.43,28.77,"114,000"
11-Sep-20,33.13,33.14,32.78,32.9,28.31,"38,400"
10-Sep-20,33.13,33.19,32.65,32.65,28.09,"55,500"
9-Sep-20,32.92,33.15,32.88,33.05,28.44,"82,000"
8-Sep-20,32.6,32.82,32.5,32.56,28.02,"67,600"
4-Sep-20,33.13,33.28,32.55,33.1,28.48,"85,600"
3-Sep-20,33.52,33.55,32.97,33.15,28.53,"80,700"
2-Sep-20,33.82,33.82,33.43,33.69,28.99,"73,500"
1-Sep-20,33.55,33.74,33.52,33.74,29.03,"54,100"
31-Aug-20,33.37,33.37,33.07,33.28,28.64,"66,000"
28-Aug-20,33.74,33.97,33.71,33.94,29.21,"60,500"
27-Aug-20,33.87,33.87,33.44,33.59,28.9,"62,900"
26-Aug-20,33.78,33.89,33.76,33.87,29.14,"57,800"
25-Aug-20,33.61,33.82,33.56,33.82,29.1,"39,600"
24-Aug-20,33.65,33.65,33.42,33.53,28.85,"76,800"
21-Aug-20,32.9,33.12,32.85,33.12,28.5,"95,300"
20-Aug-20,32.64,33.03,32.59,33.02,28.41,"62,500"
19-Aug-20,33.46,33.47,33.18,33.2,28.57,"77,100"
18-Aug-20,33.62,33.62,33.38,33.6,28.91,"94,000"
17-Aug-20,33.47,33.62,33.47,33.62,28.93,"3,592,900"
14-Aug-20,33.22,33.36,33.22,33.35,28.7,"79,800"
13-Aug-20,33.36,33.45,33.23,33.33,28.68,"148,900"
12-Aug-20,33.45,33.52,33.34,33.36,28.71,"574,300"
11-Aug-20,33.38,33.48,33.1,33.15,28.53,"67,100"
10-Aug-20,33.2,33.22,32.97,33.19,28.56,"89,400"
7-Aug-20,33.18,33.26,32.99,33.12,28.5,"69,300"
6-Aug-20,33.54,33.78,33.48,33.78,29.07,"91,100"
5-Aug-20,33.58,33.8,33.58,33.69,28.99,"98,400"
4-Aug-20,33.07,33.34,33.07,33.34,28.69,"179,000"
3-Aug-20,32.84,33.03,32.84,33.02,28.41,"83,200"
31-Jul-20,33.06,33.06,32.61,32.86,28.28,"59,900"
30-Jul-20,33.01,33.1,32.75,33.1,28.48,"105,800"
29-Jul-20,33.15,33.46,33.15,33.39,28.73,"101,400"
28-Jul-20,33.01,33.05,32.83,32.87,28.28,"59,200"
27-Jul-20,32.88,33.15,32.81,33.13,28.51,"66,300"
24-Jul-20,32.31,32.6,32.25,32.6,28.05,"131,800"
23-Jul-20,32.75,32.9,32.44,32.51,27.97,"109,900"
22-Jul-20,32.93,32.93,32.66,32.81,28.23,"62,000"
21-Jul-20,33.07,33.12,32.93,32.94,28.34,"135,100"
20-Jul-20,32.46,32.69,32.39,32.67,28.11,"72,600"
17-Jul-20,32.33,32.34,32.17,32.33,27.82,"446,700"
16-Jul-20,31.94,32.15,31.94,32.11,27.63,"73,500"
15-Jul-20,32.49,32.61,32.34,32.53,27.99,"767,600"
14-Jul-20,31.89,32.33,31.8,32.31,27.8,"149,800"
13-Jul-20,32.53,32.77,32.11,32.16,27.67,"52,300"
10-Jul-20,32.38,32.41,32.22,32.4,27.88,"199,200"
9-Jul-20,32.85,32.85,32.37,32.58,28.03,"71,500"
8-Jul-20,32.31,32.65,32.25,32.65,28.09,"138,400"
7-Jul-20,32.09,32.27,31.93,31.97,27.51,"62,500"
6-Jul-20,32.24,32.48,32.24,32.48,27.95,"150,600"
2-Jul-20,31.25,31.46,31.22,31.32,26.95,"136,600"
1-Jul-20,30.45,30.72,30.45,30.7,26.42,"635,900"
30-Jun-20,30.38,30.4,30.17,30.29,26.06,"78,900"
29-Jun-20,30.27,30.43,30.13,30.42,26.18,"199,400"
26-Jun-20,30.58,30.58,30.21,30.29,26.06,"57,700"
25-Jun-20,30.35,30.61,30.31,30.59,26.32,"128,600"
24-Jun-20,30.71,30.84,30.33,30.44,26.19,"88,200"
23-Jun-20,31.11,31.2,31.01,31.06,26.73,"58,300"
22-Jun-20,30.58,30.8,30.58,30.79,26.49,"65,100"
19-Jun-20,30.75,30.79,30.36,30.45,26.2,"79,600"
18-Jun-20,30.36,30.55,30.33,30.48,26.23,"153,700"
17-Jun-20,30.33,30.52,30.33,30.43,26.18,"92,800"
16-Jun-20,30.63,30.66,30,30.12,25.92,"173,900"
15-Jun-20,29.57,30.16,29.44,30.02,25.83,"154,600"
12-Jun-20,30.33,30.39,29.83,30.28,26.06,"63,500"
11-Jun-20,30.2,30.39,29.6,29.61,25.48,"134,600"
10-Jun-20,31.07,31.25,30.93,31.19,26.84,"180,900"
9-Jun-20,30.71,31,30.67,30.98,26.66,"406,000"
8-Jun-20,30.89,31.21,30.71,31.21,26.86,"143,000"
5-Jun-20,31,31.17,30.93,30.95,26.63,"1,249,800"
4-Jun-20,30.33,30.49,30.17,30.33,26.1,"670,200"
3-Jun-20,30.56,30.8,30.54,30.76,26.47,"1,043,000"
2-Jun-20,29.75,30.17,29.75,30.15,25.94,"100,600"
1-Jun-20,29.14,29.52,29.11,29.47,25.36,"200,300"
29-May-20,28.69,29.05,28.51,29.04,24.99,"108,500"
28-May-20,28.73,28.89,28.51,28.53,24.55,"168,700"
27-May-20,28.68,28.74,28.41,28.73,24.72,"182,000"
26-May-20,28.79,28.92,28.58,28.63,24.64,"208,900"
22-May-20,28.15,28.15,27.89,27.99,24.09,"284,500"
21-May-20,28.64,28.74,28.42,28.52,24.54,"128,600"
20-May-20,28.85,28.95,28.63,28.78,24.76,"162,400"
19-May-20,28.56,28.7,28.37,28.41,24.45,"190,200"
18-May-20,28.31,28.71,28.29,28.68,24.68,"173,500"
15-May-20,27.62,27.76,27.5,27.62,23.77,"128,500"
14-May-20,27.35,27.97,27.28,27.96,24.06,"165,600"
13-May-20,28.23,28.34,27.71,27.84,23.96,"181,600"
12-May-20,28.22,28.5,27.99,28.01,24.1,"299,000"
11-May-20,28.13,28.25,28.03,28.06,24.15,"701,300"
8-May-20,28.11,28.45,28.11,28.35,24.39,"195,800"
7-May-20,27.82,27.9,27.69,27.82,23.94,"200,300"
6-May-20,27.73,27.79,27.49,27.54,23.7,"892,700"
5-May-20,27.76,27.95,27.63,27.63,23.78,"531,100"
4-May-20,27.3,27.61,27.28,27.61,23.76,"91,300"
1-May-20,27.54,27.63,27.1,27.32,23.51,"224,600"
30-Apr-20,28.58,28.7,28,28.17,24.24,"192,700"
29-Apr-20,28.46,28.86,28.46,28.81,24.79,"219,300"
28-Apr-20,28.27,28.27,27.96,28.06,24.15,"167,800"
27-Apr-20,27.72,27.98,27.69,27.96,24.06,"163,300"
24-Apr-20,27.43,27.5,27.13,27.41,23.59,"362,700"
23-Apr-20,27.76,27.94,27.4,27.48,23.65,"237,600"
22-Apr-20,27.52,27.62,27.51,27.53,23.69,"116,700"
21-Apr-20,26.97,27.11,26.76,26.87,23.12,"250,400"
20-Apr-20,27.64,27.9,27.51,27.52,23.68,"140,000"
17-Apr-20,28.02,28.04,27.7,27.94,24.04,"263,300"
16-Apr-20,27.55,27.59,27.28,27.42,23.59,"163,700"
15-Apr-20,27.26,27.41,27.08,27.35,23.53,"315,800"
14-Apr-20,27.84,28.08,27.75,27.94,24.04,"259,400"
13-Apr-20,27.27,27.36,26.97,27.35,23.53,"265,100"
9-Apr-20,27.6,27.82,27.19,27.28,23.47,"175,700"
8-Apr-20,27.04,27.45,26.83,27.39,23.57,"1,192,100"
7-Apr-20,27.65,27.65,26.83,26.97,23.21,"341,700"
6-Apr-20,26.38,26.76,26.24,26.76,23.03,"275,000"
3-Apr-20,25.79,25.9,25.23,25.44,21.89,"190,700"
2-Apr-20,25.42,25.97,25.42,25.97,22.35,"369,500"
1-Apr-20,25.25,25.44,24.94,25.07,21.57,"172,700"
31-Mar-20,26.11,26.41,25.95,26.17,22.52,"431,600"
30-Mar-20,25.62,26.02,25.47,26,22.37,"676,300"
27-Mar-20,25.53,26,25.4,25.59,22.02,"427,200"
26-Mar-20,26.2,27.11,26.2,27.05,23.28,"316,700"
25-Mar-20,25.68,26.48,25.38,26.09,22.45,"409,600"
24-Mar-20,24.9,25.47,24.83,25.27,21.74,"814,400"
23-Mar-20,23.79,24,23.15,23.58,20.29,"376,700"
20-Mar-20,24.97,25.09,23.97,24.17,20.8,"242,300"
19-Mar-20,23.45,24.27,23.29,23.87,20.54,"445,100"
18-Mar-20,23.68,24.42,23.1,23.63,20.33,"599,100"
17-Mar-20,24.9,25.85,24.52,25.62,22.05,"393,900"
16-Mar-20,24.5,25.4,23.79,24.63,21.19,"645,300"
13-Mar-20,28,28.08,26.34,27.48,23.65,"380,900"
12-Mar-20,26.16,26.39,25.3,25.92,22.3,"629,700"
11-Mar-20,29.19,29.29,28.46,28.7,24.7,"217,000"
10-Mar-20,29.71,29.95,29.16,29.91,25.74,"393,800"
9-Mar-20,28.28,29.13,27.56,28.62,24.63,"405,900"
6-Mar-20,30.65,30.8,30.39,30.61,26.34,"101,700"
5-Mar-20,31.55,31.73,31.11,31.26,26.9,"345,500"
4-Mar-20,31.67,31.85,31.59,31.82,27.38,"788,500"
3-Mar-20,31.47,32.43,31.13,31.27,26.91,"133,300"
2-Mar-20,30.95,31.49,30.78,31.47,27.08,"332,100"
28-Feb-20,30.38,31.01,30.06,31.01,26.68,"737,000"
27-Feb-20,31.58,31.83,31.19,31.19,26.84,"368,500"
26-Feb-20,32.14,32.39,31.94,31.98,27.52,"118,500"
25-Feb-20,32.47,32.5,31.72,31.76,27.33,"421,900"
24-Feb-20,31.93,32.2,31.77,32.02,27.55,"125,900"
21-Feb-20,33.33,33.43,33.23,33.24,28.6,"60,500"
20-Feb-20,33.71,33.75,33.35,33.39,28.73,"562,400"
19-Feb-20,33.93,34.09,33.93,34.06,29.31,"264,300"
18-Feb-20,33.71,33.78,33.63,33.65,28.96,"221,000"
14-Feb-20,34.15,34.17,33.91,34.04,29.29,"52,500"
13-Feb-20,34.03,34.16,33.97,33.97,29.23,"82,400"
12-Feb-20,34.19,34.4,34.17,34.34,29.55,"67,400"
11-Feb-20,33.96,34.1,33.87,33.88,29.15,"132,000"
10-Feb-20,33.37,33.59,33.37,33.53,28.85,"106,000"
7-Feb-20,33.54,33.56,33.3,33.43,28.77,"106,600"
6-Feb-20,34.15,34.15,33.81,33.81,29.09,"106,400"
5-Feb-20,34.27,34.27,33.86,33.96,29.22,"79,100"
4-Feb-20,33.77,33.94,33.69,33.69,28.99,"263,300"
3-Feb-20,32.82,33.08,32.82,32.99,28.39,"422,600"
31-Jan-20,32.88,32.88,32.48,32.6,28.05,"191,700"
30-Jan-20,33.15,33.4,32.94,33.4,28.74,"128,800"
29-Jan-20,33.91,33.91,33.75,33.83,29.11,"117,200"
28-Jan-20,33.53,33.74,33.39,33.67,28.97,"80,400"
27-Jan-20,33.19,33.52,32.97,33.46,28.79,"139,700"
24-Jan-20,34.76,34.76,34.31,34.44,29.64,"881,300"
23-Jan-20,34.52,34.79,34.4,34.76,29.91,"540,300"
22-Jan-20,35.08,35.09,34.94,34.95,30.07,"62,900"
21-Jan-20,34.91,34.93,34.71,34.71,29.87,"120,500"
17-Jan-20,35.44,35.55,35.35,35.55,30.59,"265,100"
16-Jan-20,35.31,35.33,35.2,35.33,30.4,"296,800"
15-Jan-20,35.22,35.24,35.04,35.05,30.16,"77,000"
14-Jan-20,35.32,35.34,35.19,35.33,30.4,"103,000"
13-Jan-20,35.21,35.51,35.19,35.51,30.56,"134,500"
10-Jan-20,34.99,35.11,34.89,34.99,30.11,"101,100"
9-Jan-20,34.74,34.86,34.64,34.81,29.95,"896,700"
8-Jan-20,34.26,34.64,34.26,34.5,29.69,"46,400"
7-Jan-20,34.25,34.32,34.16,34.23,29.45,"217,500"
6-Jan-20,34.18,34.34,34.18,34.31,29.52,"153,700"
3-Jan-20,34.42,34.63,34.41,34.44,29.64,"112,500"
2-Jan-20,34.62,34.96,34.62,34.96,30.08,"149,200"
31-Dec-19,34.34,34.39,34.24,34.34,29.55,"63,800"
30-Dec-19,34.58,34.58,34.26,34.29,29.51,"70,100"
27-Dec-19,34.56,34.56,34.42,34.5,29.69,"77,600"
26-Dec-19,34.24,34.37,34.19,34.35,29.56,"52,000"
24-Dec-19,0.35 Dividend ,,,,,
24-Dec-19,34.13,34.15,34.06,34.11,29.35,"29,400"
23-Dec-19,34.45,34.56,34.45,34.51,29.39,"68,000"
20-Dec-19,34.53,34.53,34.42,34.43,29.33,"88,500"
19-Dec-19,34.36,34.47,34.27,34.41,29.31,"50,500"
18-Dec-19,34.38,34.46,34.3,34.46,29.35,"78,800"
17-Dec-19,34.18,34.29,34.14,34.26,29.18,"46,900"
16-Dec-19,33.94,34.05,33.88,33.9,28.87,"171,700"
13-Dec-19,33.74,34.02,33.6,33.71,28.71,"83,400"
12-Dec-19,33.24,33.75,33.24,33.69,28.7,"51,600"
11-Dec-19,32.85,33.17,32.85,33.1,28.19,"57,400"
10-Dec-19,32.67,32.71,32.61,32.7,27.85,"170,400"
9-Dec-19,32.69,32.82,32.58,32.61,27.78,"59,400"
6-Dec-19,32.8,32.86,32.69,32.83,27.96,"67,000"
5-Dec-19,32.52,32.64,32.46,32.62,27.78,"70,100"
4-Dec-19,32.48,32.57,32.44,32.51,27.69,"114,600"
3-Dec-19,32.16,32.25,32.01,32.24,27.46,"77,000"
2-Dec-19,32.5,32.5,32.3,32.35,27.55,"88,800"
29-Nov-19,32.45,32.52,32.38,32.39,27.59,"19,600"
27-Nov-19,32.77,32.93,32.72,32.92,28.04,"366,200"
26-Nov-19,32.72,32.87,32.64,32.82,27.95,"469,000"
25-Nov-19,32.85,32.95,32.77,32.93,28.05,"71,400"
22-Nov-19,32.75,32.75,32.55,32.69,27.84,"106,100"
21-Nov-19,32.65,32.66,32.53,32.66,27.82,"41,800"
20-Nov-19,32.82,32.87,32.57,32.74,27.89,"69,100"
19-Nov-19,33.08,33.08,32.8,32.91,28.03,"39,200"
18-Nov-19,32.85,32.88,32.74,32.81,27.94,"61,700"
15-Nov-19,32.87,32.92,32.81,32.87,28,"36,400"
14-Nov-19,32.54,32.63,32.46,32.62,27.78,"58,700"
13-Nov-19,32.54,32.64,32.49,32.57,27.74,"116,100"
12-Nov-19,32.93,32.96,32.78,32.83,27.96,"38,300"
11-Nov-19,32.87,33.05,32.82,33.01,28.12,"37,600"
8-Nov-19,33.3,33.35,33.17,33.24,28.31,"37,000"
7-Nov-19,33.6,33.72,33.56,33.58,28.61,"178,400"
6-Nov-19,33.37,33.46,33.26,33.35,28.41,"65,500"
5-Nov-19,33.47,33.53,33.34,33.4,28.45,"80,800"
4-Nov-19,33.44,33.44,33.25,33.26,28.33,"161,000"
1-Nov-19,32.97,33.05,32.91,33.04,28.14,"122,300"
31-Oct-19,32.64,32.64,32.43,32.59,27.76,"74,100"
30-Oct-19,32.58,32.82,32.53,32.8,27.94,"37,000"
29-Oct-19,32.7,32.76,32.65,32.69,27.84,"37,800"
28-Oct-19,32.89,32.91,32.82,32.85,27.98,"55,700"
25-Oct-19,32.58,32.74,32.56,32.73,27.88,"42,800"
24-Oct-19,32.63,32.63,32.5,32.53,27.71,"32,600"
23-Oct-19,32.39,32.5,32.29,32.5,27.68,"75,300"
22-Oct-19,32.45,32.55,32.41,32.46,27.65,"54,600"
21-Oct-19,32.27,32.44,32.25,32.44,27.63,"203,800"
18-Oct-19,32.28,32.35,32.1,32.13,27.37,"143,400"
17-Oct-19,32.44,32.45,32.28,32.33,27.54,"341,400"
16-Oct-19,32.07,32.24,32.05,32.22,27.44,"196,900"
15-Oct-19,31.96,32.19,31.96,32.09,27.33,"50,800"
14-Oct-19,31.93,32.01,31.84,31.84,27.12,"75,400"
11-Oct-19,31.94,32.17,31.94,31.98,27.24,"63,800"
10-Oct-19,31.32,31.59,31.31,31.49,26.82,"95,000"
9-Oct-19,31.2,31.33,31.16,31.19,26.57,"61,600"
8-Oct-19,31.17,31.28,30.94,30.96,26.37,"91,600"
7-Oct-19,31.24,31.4,31.17,31.18,26.56,"60,200"
4-Oct-19,31.15,31.54,31.15,31.51,26.84,"218,000"
3-Oct-19,31.01,31.28,30.98,31.23,26.6,"194,000"
2-Oct-19,30.94,31.03,30.77,30.88,26.3,"224,000"
1-Oct-19,31.35,31.4,31.11,31.2,26.58,"188,600"
30-Sep-19,31.46,31.56,31.35,31.36,26.71,"124,500"
27-Sep-19,31.66,31.66,31.08,31.25,26.62,"276,900"
26-Sep-19,31.65,31.65,31.53,31.63,26.94,"169,300"
25-Sep-19,31.45,31.64,31.28,31.59,26.91,"115,300"
24-Sep-19,0.319 Dividend ,,,,,
24-Sep-19,31.87,31.87,31.5,31.6,26.92,"198,900"
23-Sep-19,32.17,32.24,32.05,32.19,27.15,"251,200"
20-Sep-19,32.38,32.42,32.15,32.27,27.21,"79,800"
19-Sep-19,32.37,32.43,32.2,32.21,27.16,"49,100"
18-Sep-19,32.41,32.42,32.11,32.35,27.28,"175,400"
17-Sep-19,32.17,32.47,32.17,32.43,27.35,"43,600"
16-Sep-19,32.39,32.55,32.38,32.44,27.36,"87,800"
13-Sep-19,32.66,32.73,32.59,32.63,27.52,"60,100"
12-Sep-19,32.43,32.66,32.38,32.45,27.37,"48,500"
11-Sep-19,32.49,32.49,32.08,32.18,27.14,"77,200"
10-Sep-19,31.97,32.07,31.84,32,26.99,"114,400"
9-Sep-19,31.99,32.08,31.89,32,26.99,"169,300"
6-Sep-19,31.91,32,31.88,31.91,26.91,"89,600"
5-Sep-19,31.79,31.84,31.75,31.83,26.84,"40,900"
4-Sep-19,31.31,31.51,31.25,31.49,26.56,"142,800"
3-Sep-19,30.82,30.97,30.82,30.86,26.02,"87,300"
30-Aug-19,31.14,31.16,30.94,31.14,26.26,"253,800"
29-Aug-19,30.69,30.88,30.64,30.84,26.01,"320,800"
28-Aug-19,30.38,30.57,30.3,30.57,25.78,"77,000"
27-Aug-19,30.58,30.68,30.37,30.47,25.7,"131,600"
26-Aug-19,30.46,30.49,30.28,30.38,25.62,"176,000"
23-Aug-19,30.61,30.88,30.23,30.26,25.52,"219,500"
22-Aug-19,30.85,30.91,30.65,30.69,25.88,"91,700"
21-Aug-19,31.08,31.14,31,31.1,26.23,"168,500"
20-Aug-19,30.83,30.95,30.77,30.84,26.01,"109,700"
19-Aug-19,30.95,31.03,30.69,30.74,25.92,"541,800"
16-Aug-19,30.58,30.78,30.55,30.68,25.87,"239,900"
15-Aug-19,30.31,30.37,30.12,30.27,25.53,"217,900"
14-Aug-19,30.42,30.45,30.05,30.08,25.37,"182,000"
13-Aug-19,30.42,31.17,30.42,30.97,26.12,"57,200"
12-Aug-19,30.6,30.71,30.54,30.54,25.76,"78,300"
9-Aug-19,31.04,31.08,30.87,30.98,26.13,"155,000"
8-Aug-19,31.07,31.26,31.03,31.21,26.32,"188,200"
7-Aug-19,30.51,30.88,30.33,30.88,26.04,"150,500"
6-Aug-19,30.74,30.83,30.54,30.81,25.98,"407,000"
5-Aug-19,30.62,30.62,30.12,30.24,25.5,"162,300"
2-Aug-19,31.58,31.58,31.24,31.37,26.46,"198,500"
1-Aug-19,32.18,32.42,31.6,31.6,26.65,"95,100"
31-Jul-19,32.55,32.55,31.91,32.22,27.17,"65,400"
30-Jul-19,32.57,32.57,32.43,32.52,27.42,"80,300"
29-Jul-19,32.72,32.77,32.59,32.75,27.62,"66,800"
26-Jul-19,32.88,32.88,32.72,32.87,27.72,"48,600"
25-Jul-19,33,33,32.7,32.72,27.59,"143,200"
24-Jul-19,32.98,33.06,32.97,33.02,27.85,"182,700"
23-Jul-19,33.05,33.05,32.92,33.04,27.86,"35,200"
22-Jul-19,33.08,33.1,32.94,32.97,27.8,"111,200"
19-Jul-19,33.25,33.25,32.93,33.02,27.85,"115,700"
18-Jul-19,32.95,33.22,32.89,33.22,28.02,"262,700"
17-Jul-19,33.01,33.06,32.91,32.91,27.75,"790,500"
16-Jul-19,33.1,33.16,32.95,33.03,27.85,"291,800"
15-Jul-19,33.07,33.1,33.02,33.07,27.89,"79,100"
12-Jul-19,32.99,32.99,32.86,32.93,27.77,"61,100"
11-Jul-19,33.09,33.09,32.84,32.99,27.82,"141,100"
10-Jul-19,32.97,33.08,32.91,32.95,27.79,"93,300"
9-Jul-19,32.5,32.71,32.5,32.67,27.55,"102,500"
8-Jul-19,32.76,32.78,32.64,32.72,27.59,"188,800"
5-Jul-19,32.87,33.03,32.78,32.9,27.75,"48,400"
3-Jul-19,33,33.08,32.94,33.06,27.88,"31,400"
2-Jul-19,33.16,33.23,33.08,33.16,27.96,"80,300"
1-Jul-19,33.41,33.41,33.11,33.19,27.99,"121,400"
28-Jun-19,32.91,33.01,32.82,32.87,27.72,"1,105,900"
27-Jun-19,32.86,32.92,32.79,32.9,27.75,"87,200"
26-Jun-19,32.63,32.81,32.63,32.68,27.56,"85,000"
25-Jun-19,32.59,32.63,32.39,32.44,27.36,"59,100"
24-Jun-19,0.216 Dividend ,,,,,
24-Jun-19,32.68,32.83,32.68,32.74,27.61,"88,400"
21-Jun-19,32.96,33.04,32.9,32.95,27.61,"116,500"
20-Jun-19,33.31,33.35,33.02,33.15,27.77,"83,100"
19-Jun-19,32.44,32.77,32.42,32.74,27.43,"74,300"
18-Jun-19,32.12,32.5,32.12,32.44,27.18,"79,100"
17-Jun-19,31.74,31.87,31.7,31.78,26.63,"91,700"
14-Jun-19,31.68,31.75,31.55,31.72,26.57,"1,181,800"
13-Jun-19,31.87,31.95,31.7,31.77,26.62,"58,800"
12-Jun-19,31.92,31.97,31.78,31.82,26.66,"59,200"
11-Jun-19,32.2,32.21,32.08,32.13,26.92,"43,500"
10-Jun-19,31.79,31.99,31.78,31.92,26.74,"85,300"
7-Jun-19,31.41,31.75,31.41,31.54,26.42,"42,400"
6-Jun-19,31.24,31.39,31.19,31.27,26.2,"89,900"
5-Jun-19,31.55,31.55,31.19,31.3,26.22,"64,300"
4-Jun-19,31.39,31.56,31.29,31.56,26.44,"245,600"
3-Jun-19,31.44,31.55,31.38,31.46,26.36,"77,300"
31-May-19,30.87,31.19,30.85,31.15,26.1,"54,500"
30-May-19,30.88,31.11,30.88,31,25.97,"85,500"
29-May-19,30.61,30.84,30.56,30.83,25.83,"589,200"
28-May-19,30.86,30.9,30.64,30.68,25.7,"290,200"
24-May-19,30.78,30.88,30.61,30.62,25.65,"81,600"
23-May-19,30.56,30.72,30.48,30.58,25.62,"155,300"
22-May-19,31.05,31.16,30.96,30.96,25.94,"65,500"
21-May-19,30.98,31.13,30.9,31.09,26.05,"69,300"
20-May-19,30.71,30.85,30.66,30.78,25.79,"61,800"
17-May-19,30.91,31.02,30.76,30.83,25.83,"50,500"
16-May-19,31.39,31.57,31.28,31.33,26.25,"67,200"
15-May-19,31.15,31.47,31.11,31.37,26.28,"876,800"
14-May-19,31.35,31.49,31.29,31.35,26.26,"82,000"
13-May-19,31.07,31.21,30.87,31.04,26.01,"83,900"
10-May-19,31.9,32.11,31.55,32.03,26.83,"92,500"
9-May-19,31.67,31.99,31.43,31.86,26.69,"102,700"
8-May-19,32.47,32.54,32.35,32.35,27.1,"84,300"
7-May-19,32.58,32.63,32.17,32.38,27.13,"163,600"
6-May-19,32.61,32.97,32.61,32.95,27.61,"62,900"
3-May-19,33.33,33.54,33.33,33.54,28.1,"73,700"
2-May-19,33.18,33.26,33,33.17,27.79,"118,700"
1-May-19,33.44,33.64,33.07,33.08,27.71,"95,500"
30-Apr-19,33.28,33.41,33.13,33.38,27.97,"126,600"
29-Apr-19,33.41,33.44,33.3,33.32,27.92,"2,891,500"
26-Apr-19,33.27,33.38,33.2,33.32,27.92,"51,200"
25-Apr-19,33.12,33.22,32.97,33.21,27.82,"94,900"
24-Apr-19,33.39,33.39,33.13,33.21,27.82,"170,000"
23-Apr-19,33.51,33.66,33.47,33.6,28.15,"144,200"
22-Apr-19,33.47,33.59,33.37,33.56,28.12,"392,400"
18-Apr-19,33.63,33.78,33.53,33.74,28.27,"88,500"
17-Apr-19,33.87,33.92,33.68,33.75,28.28,"89,100"
16-Apr-19,33.62,33.75,33.62,33.72,28.25,"239,500"
15-Apr-19,33.64,33.64,33.38,33.47,28.04,"108,300"
12-Apr-19,33.64,33.73,33.57,33.64,28.18,"171,600"
11-Apr-19,33.51,33.51,33.29,33.37,27.96,"90,800"
10-Apr-19,33.64,33.75,33.61,33.68,28.22,"165,500"
9-Apr-19,33.6,33.61,33.49,33.51,28.07,"77,400"
8-Apr-19,33.41,33.62,33.35,33.57,28.12,"601,900"
5-Apr-19,33.45,33.57,33.43,33.54,28.1,"53,000"
4-Apr-19,33.12,33.41,33.12,33.36,27.95,"107,500"
3-Apr-19,33.17,33.39,33.09,33.15,27.77,"121,500"
2-Apr-19,32.98,32.98,32.82,32.93,27.59,"80,100"
1-Apr-19,32.87,33.05,32.83,33.05,27.69,"89,100"
29-Mar-19,32.47,32.56,32.36,32.54,27.26,"102,500"
28-Mar-19,32.03,32.24,31.93,32.21,26.99,"133,700"
27-Mar-19,32.12,32.15,31.85,31.95,26.77,"69,600"
26-Mar-19,32.24,32.35,32.12,32.23,27,"83,200"
25-Mar-19,0.19 Dividend ,,,,,
25-Mar-19,32.03,32.22,32.01,32.11,26.9,"145,200"
22-Mar-19,32.86,32.97,32.19,32.23,26.84,"1,225,900"
21-Mar-19,33.14,33.35,33.06,33.27,27.71,"417,100"
20-Mar-19,33.19,33.61,32.97,33.33,27.76,"126,600"
19-Mar-19,33.31,33.36,33.15,33.26,27.7,"63,400"
18-Mar-19,33.15,33.27,33.06,33.22,27.67,"104,100"
15-Mar-19,32.71,32.97,32.71,32.91,27.41,"156,800"
14-Mar-19,32.5,32.52,32.36,32.38,26.97,"157,300"
13-Mar-19,32.53,32.71,32.53,32.62,27.17,"141,800"
12-Mar-19,32.54,32.67,32.52,32.55,27.11,"95,200"
11-Mar-19,32.19,32.44,32.09,32.43,27.01,"187,300"
8-Mar-19,31.78,31.91,31.71,31.91,26.58,"174,000"
7-Mar-19,32.49,32.62,32.01,32.08,26.72,"156,400"
6-Mar-19,32.76,32.79,32.53,32.6,27.15,"94,700"
5-Mar-19,32.67,32.87,32.6,32.78,27.3,"180,200"
4-Mar-19,32.69,32.69,32.23,32.55,27.11,"167,900"
1-Mar-19,32.81,32.81,32.46,32.56,27.12,"284,700"
28-Feb-19,32.8,32.8,32.61,32.63,27.18,"129,600"
27-Feb-19,32.98,33.06,32.88,33.02,27.5,"88,800"
26-Feb-19,33.12,33.32,33.05,33.21,27.66,"107,900"
25-Feb-19,33.26,33.47,33.22,33.27,27.71,"148,300"
22-Feb-19,32.83,33.07,32.8,32.98,27.47,"89,300"
21-Feb-19,32.61,32.69,32.48,32.58,27.13,"204,100"
20-Feb-19,32.63,32.91,32.63,32.73,27.26,"93,500"
19-Feb-19,32.24,32.61,32.24,32.48,27.05,"113,000"
15-Feb-19,32.44,32.44,32.31,32.37,26.96,"142,700"
14-Feb-19,32.16,32.5,32.13,32.45,27.03,"136,500"
13-Feb-19,32.63,32.66,32.29,32.36,26.95,"57,100"
12-Feb-19,32.58,32.66,32.5,32.62,27.17,"110,100"
11-Feb-19,32.44,32.45,32.27,32.34,26.93,"57,800"
8-Feb-19,32.2,32.5,32.11,32.47,27.04,"517,200"
7-Feb-19,32.6,32.73,32.29,32.52,27.08,"69,200"
6-Feb-19,33.01,33.12,32.76,32.79,27.31,"263,300"
5-Feb-19,33.04,33.29,33.01,33.15,27.61,"504,500"
4-Feb-19,32.82,33.07,32.81,32.93,27.43,"59,000"
1-Feb-19,32.86,32.99,32.85,32.95,27.44,"188,200"
31-Jan-19,32.96,33.21,32.92,33.15,27.61,"262,300"
30-Jan-19,32.45,32.96,32.29,32.87,27.38,"159,900"
29-Jan-19,32.33,32.41,32.2,32.23,26.84,"55,300"
28-Jan-19,32.33,32.33,31.94,32.23,26.84,"88,400"
25-Jan-19,32.37,32.58,32.33,32.44,27.02,"84,700"
24-Jan-19,31.83,32.09,31.82,32.03,26.68,"114,100"
23-Jan-19,31.67,31.86,31.49,31.82,26.5,"167,200"
22-Jan-19,31.58,31.63,31.29,31.35,26.11,"66,500"
18-Jan-19,31.9,32.06,31.81,31.97,26.63,"99,800"
17-Jan-19,31.4,31.89,31.4,31.73,26.43,"76,500"
16-Jan-19,31.58,31.76,31.48,31.68,26.38,"123,000"
15-Jan-19,31.26,31.44,31.25,31.31,26.08,"58,900"
14-Jan-19,30.95,31.21,30.92,31.07,25.88,"53,500"
11-Jan-19,31.17,31.38,31.14,31.33,26.09,"49,900"
10-Jan-19,31.05,31.46,31,31.4,26.15,"59,400"
9-Jan-19,31,31.36,31,31.29,26.06,"156,600"
8-Jan-19,30.61,30.78,30.52,30.69,25.56,"139,900"
7-Jan-19,30.61,30.81,30.49,30.68,25.55,"87,000"
4-Jan-19,30.03,30.74,30.03,30.65,25.53,"77,600"
3-Jan-19,30,30,29.64,29.78,24.8,"103,000"
2-Jan-19,29.81,30.26,29.81,30.26,25.2,"81,300"
31-Dec-18,30.38,30.44,30.01,30.12,25.09,"629,500"
28-Dec-18,30.23,30.39,30.01,30.22,25.17,"430,300"
27-Dec-18,29.66,29.94,29.49,29.93,24.93,"274,800"
26-Dec-18,29.44,29.94,29.28,29.91,24.91,"327,400"
24-Dec-18,0.138 Dividend ,,,,,
24-Dec-18,29.49,29.73,29.36,29.36,24.45,"108,300"
21-Dec-18,30.04,30.18,29.58,29.71,24.63,"209,200"
20-Dec-18,30.16,30.32,29.8,30.03,24.89,"367,100"
19-Dec-18,30.36,30.78,29.69,29.83,24.73,"305,900"
18-Dec-18,30.34,30.47,30.19,30.3,25.12,"370,700"
17-Dec-18,30.41,30.5,29.92,30.04,24.9,"222,000"
14-Dec-18,30.34,30.56,30.31,30.4,25.2,"133,800"
13-Dec-18,30.88,31.04,30.76,30.81,25.54,"174,600"
12-Dec-18,30.93,31.12,30.79,30.81,25.54,"166,600"
11-Dec-18,30.61,30.61,30.18,30.38,25.18,"198,300"
10-Dec-18,30.21,30.3,29.77,30.17,25.01,"161,300"
7-Dec-18,31.04,31.1,30.31,30.41,25.21,"682,600"
6-Dec-18,30.51,31.01,30.33,30.96,25.67,"184,600"
4-Dec-18,31.82,31.93,31.18,31.27,25.92,"206,100"
3-Dec-18,31.97,31.97,31.65,31.84,26.39,"195,200"
30-Nov-18,31.19,31.24,31.03,31.22,25.88,"345,100"
29-Nov-18,31.35,31.48,31.2,31.32,25.96,"199,400"
28-Nov-18,30.93,31.6,30.8,31.55,26.15,"234,800"
27-Nov-18,30.55,30.82,30.53,30.78,25.52,"112,300"
26-Nov-18,30.6,30.74,30.53,30.68,25.43,"115,500"
23-Nov-18,30.25,30.35,30.18,30.18,25.02,"43,200"
21-Nov-18,30.58,30.78,30.52,30.55,25.33,"95,800"
20-Nov-18,30.2,30.37,29.97,30.03,24.89,"212,900"
19-Nov-18,30.9,30.91,30.6,30.72,25.47,"205,100"
16-Nov-18,30.84,31.18,30.74,31.09,25.77,"119,500"
15-Nov-18,30.53,31.18,30.5,30.98,25.68,"241,800"
14-Nov-18,30.56,30.57,30.12,30.39,25.19,"135,800"
13-Nov-18,30.2,30.5,30.13,30.24,25.07,"398,700"
12-Nov-18,30.27,30.27,29.87,29.91,24.79,"348,300"
9-Nov-18,30.47,30.47,30.13,30.38,25.18,"195,400"
8-Nov-18,31.28,31.35,30.8,30.88,25.6,"169,400"
7-Nov-18,31.43,31.65,31.28,31.64,26.23,"122,700"
6-Nov-18,31.04,31.14,30.92,31.13,25.81,"46,400"
5-Nov-18,31.04,31.17,30.95,31.17,25.84,"95,600"
2-Nov-18,31.19,31.45,30.68,31.05,25.74,"163,700"
1-Nov-18,30.28,30.83,30.18,30.82,25.55,"79,900"
31-Oct-18,29.82,30.03,29.73,29.94,24.82,"486,400"
30-Oct-18,29.12,29.53,29.12,29.53,24.48,"137,700"
29-Oct-18,29.81,29.86,28.65,28.94,23.99,"495,100"
26-Oct-18,29.47,29.85,29.29,29.57,24.51,"124,900"
25-Oct-18,29.72,30.16,29.7,29.94,24.82,"160,500"
24-Oct-18,30.33,30.33,29.5,29.51,24.46,"291,400"
23-Oct-18,30.01,30.55,29.86,30.42,25.22,"129,900"
22-Oct-18,30.96,30.97,30.65,30.69,25.44,"87,000"
19-Oct-18,30.59,30.72,30.35,30.45,25.24,"78,100"
18-Oct-18,30.69,30.69,30.05,30.13,24.98,"171,700"
17-Oct-18,30.98,31.04,30.75,30.91,25.62,"114,300"
16-Oct-18,30.84,31.25,30.84,31.21,25.87,"142,500"
15-Oct-18,30.61,30.72,30.5,30.55,25.33,"63,100"
12-Oct-18,30.73,30.94,30.43,30.91,25.62,"678,300"
11-Oct-18,30.18,30.43,29.68,29.94,24.82,"645,800"
10-Oct-18,31.1,31.1,30.32,30.37,25.18,"290,100"
9-Oct-18,31.23,31.38,31.02,31.26,25.91,"137,600"
8-Oct-18,31.11,31.41,31.05,31.4,26.03,"367,100"
5-Oct-18,31.45,31.45,31.04,31.3,25.95,"73,800"
4-Oct-18,31.81,31.81,31.29,31.47,26.09,"109,300"
3-Oct-18,32.57,32.58,32.08,32.18,26.68,"183,000"
2-Oct-18,32.4,32.51,32.29,32.37,26.83,"53,900"
1-Oct-18,32.9,32.9,32.71,32.79,27.18,"115,500"
28-Sep-18,32.53,32.86,32.5,32.74,27.14,"804,400"
27-Sep-18,32.63,32.87,32.63,32.75,27.15,"62,900"
26-Sep-18,32.47,32.85,32.47,32.54,26.98,"135,800"
25-Sep-18,32.33,32.5,32.3,32.45,26.9,"80,900"
24-Sep-18,0.273 Dividend ,,,,,
24-Sep-18,32.32,32.35,32.22,32.29,26.77,"66,200"
21-Sep-18,32.83,32.97,32.78,32.87,27.02,"63,400"
20-Sep-18,32.7,32.8,32.56,32.78,26.95,"64,500"
19-Sep-18,32.23,32.45,32.23,32.41,26.64,"87,800"
18-Sep-18,31.91,32.11,31.91,32.05,26.35,"81,600"
17-Sep-18,31.77,32.01,31.76,31.79,26.13,"167,900"
14-Sep-18,32.17,32.22,31.97,32.07,26.36,"84,800"
13-Sep-18,31.97,32.15,31.88,32,26.31,"89,400"
12-Sep-18,31.35,31.78,31.33,31.61,25.99,"459,400"
11-Sep-18,31.29,31.79,31.06,31.48,25.88,"174,100"
10-Sep-18,31.7,31.81,31.4,31.45,25.86,"141,500"
7-Sep-18,31.7,31.95,31.62,31.74,26.09,"134,200"
6-Sep-18,31.87,31.94,31.65,31.83,26.17,"142,400"
5-Sep-18,31.9,32,31.75,31.87,26.2,"85,600"
4-Sep-18,32.31,32.35,32.16,32.21,26.48,"108,500"
31-Aug-18,32.64,32.95,32.59,32.87,27.02,"50,500"
30-Aug-18,32.97,32.97,32.59,32.62,26.82,"177,700"
29-Aug-18,33.19,33.48,33.11,33.44,27.49,"158,700"
28-Aug-18,33.45,33.45,33.21,33.24,27.33,"62,800"
27-Aug-18,33.22,33.51,33.22,33.35,27.42,"358,100"
24-Aug-18,32.82,32.95,32.77,32.92,27.06,"178,100"
23-Aug-18,32.74,32.87,32.4,32.42,26.65,"76,200"
22-Aug-18,32.61,32.86,32.61,32.8,26.96,"88,600"
21-Aug-18,32.57,32.78,32.57,32.63,26.83,"84,700"
20-Aug-18,32.23,32.29,32.11,32.28,26.54,"129,500"
17-Aug-18,31.82,32.28,31.74,32.26,26.52,"118,500"
16-Aug-18,31.96,32.15,31.89,31.94,26.26,"149,900"
15-Aug-18,31.63,31.74,31.33,31.64,26.01,"404,500"
14-Aug-18,32.4,32.57,32.37,32.52,26.73,"222,000"
13-Aug-18,32.51,32.6,32.23,32.36,26.6,"108,900"
10-Aug-18,32.87,32.87,32.66,32.8,26.96,"103,800"
9-Aug-18,33.51,33.6,33.42,33.42,27.47,"139,800"
8-Aug-18,33.49,33.56,33.4,33.53,27.57,"64,500"
7-Aug-18,33.61,33.79,33.56,33.58,27.61,"102,400"
6-Aug-18,33.27,33.41,33.24,33.32,27.39,"133,200"
3-Aug-18,33.06,33.58,32.98,33.51,27.55,"104,400"
2-Aug-18,33.06,33.36,32.98,33.34,27.41,"105,000"
1-Aug-18,33.65,33.89,33.65,33.7,27.7,"74,100"
31-Jul-18,33.74,34.02,33.73,33.94,27.9,"118,800"
30-Jul-18,33.86,33.9,33.66,33.76,27.75,"85,800"
27-Jul-18,33.9,34.03,33.72,33.87,27.84,"99,400"
26-Jul-18,33.85,33.94,33.72,33.78,27.77,"100,900"
25-Jul-18,33.83,34.16,33.75,34.16,28.08,"111,400"
24-Jul-18,33.71,33.84,33.59,33.64,27.66,"181,400"
23-Jul-18,33.29,33.29,33.16,33.27,27.35,"162,100"
20-Jul-18,33.3,33.52,33.3,33.51,27.55,"124,200"
19-Jul-18,32.92,33.13,32.82,32.97,27.11,"103,600"
18-Jul-18,33.34,33.5,33.21,33.49,27.53,"194,300"
17-Jul-18,33.18,33.57,33.18,33.51,27.55,"142,200"
16-Jul-18,33.36,33.46,33.27,33.33,27.4,"112,600"
13-Jul-18,33.41,33.58,33.32,33.56,27.59,"117,200"
12-Jul-18,33.42,33.57,33.38,33.49,27.53,"46,000"
11-Jul-18,33.25,33.28,32.92,33.07,27.19,"109,300"
10-Jul-18,33.6,33.66,33.41,33.66,27.67,"139,500"
9-Jul-18,33.53,33.73,33.46,33.72,27.72,"66,300"
6-Jul-18,32.83,33.3,32.83,33.22,27.31,"99,200"
5-Jul-18,32.83,32.88,32.63,32.75,26.92,"104,300"
3-Jul-18,32.97,33.01,32.78,32.81,26.97,"45,900"
2-Jul-18,32.67,32.83,32.58,32.82,26.98,"203,700"
29-Jun-18,33.08,33.26,33.08,33.18,27.28,"99,600"
28-Jun-18,32.46,32.7,32.37,32.69,26.87,"139,700"
27-Jun-18,33.05,33.07,32.43,32.51,26.73,"275,500"
26-Jun-18,33.3,33.38,33.13,33.15,27.25,"176,100"
25-Jun-18,0.181 Dividend ,,,,,
25-Jun-18,33.47,33.47,33.02,33.32,27.39,"112,400"
22-Jun-18,34.05,34.08,33.81,33.92,27.74,"56,100"
21-Jun-18,33.85,33.85,33.55,33.57,27.45,"77,500"
20-Jun-18,34.2,34.28,33.98,33.99,27.79,"103,200"
19-Jun-18,33.73,33.97,33.56,33.9,27.72,"234,600"
18-Jun-18,34.19,34.29,34.02,34.26,28.02,"155,900"
15-Jun-18,34.46,34.81,34.27,34.81,28.46,"529,400"
14-Jun-18,35.13,35.19,34.8,34.8,28.46,"91,400"
13-Jun-18,35.35,35.4,34.9,34.99,28.61,"145,300"
12-Jun-18,35.37,35.43,35.16,35.25,28.82,"338,100"
11-Jun-18,35.42,35.46,35.28,35.29,28.86,"63,200"
8-Jun-18,35.22,35.49,35.05,35.44,28.98,"100,900"
7-Jun-18,35.74,35.74,35.16,35.37,28.92,"51,200"
6-Jun-18,35.63,35.81,35.53,35.8,29.27,"46,200"
5-Jun-18,35.47,35.5,35.3,35.34,28.9,"226,300"
4-Jun-18,35.46,35.66,35.46,35.55,29.07,"123,500"
1-Jun-18,35.13,35.28,35.08,35.24,28.82,"160,500"
31-May-18,34.76,34.92,34.66,34.85,28.5,"118,700"
30-May-18,34.62,34.81,34.42,34.78,28.44,"775,800"
29-May-18,34.92,35.08,34.51,34.71,28.38,"1,480,500"
25-May-18,35.28,35.44,35.16,35.32,28.88,"720,700"
24-May-18,35.32,35.32,34.93,35.22,28.8,"75,100"
23-May-18,35.16,35.5,35.08,35.5,29.03,"122,300"
22-May-18,35.54,35.67,35.47,35.48,29.01,"107,600"
21-May-18,35.44,35.49,35.23,35.34,28.9,"75,800"
18-May-18,35.16,35.31,35.06,35.19,28.78,"81,400"
17-May-18,35.57,35.64,35.36,35.47,29,"212,100"
16-May-18,35.75,36,35.75,35.95,29.4,"90,100"
15-May-18,35.54,35.54,35.3,35.45,28.99,"570,100"
14-May-18,36.24,36.35,36.12,36.16,29.57,"152,700"
11-May-18,36.23,36.29,36,36.11,29.53,"105,600"
10-May-18,35.86,36.21,35.68,36.11,29.53,"98,200"
9-May-18,35.54,35.58,35.34,35.46,29,"138,900"
8-May-18,35.38,35.54,35.2,35.49,29.02,"68,700"
7-May-18,35.24,35.5,35.24,35.28,28.85,"195,900"
4-May-18,34.97,35.59,34.95,35.45,28.99,"66,300"
3-May-18,35.36,35.39,34.86,35.29,28.86,"147,800"
2-May-18,35.73,35.73,35.39,35.4,28.95,"92,100"
1-May-18,35.62,35.71,35.21,35.68,29.18,"106,500"
30-Apr-18,36.09,36.15,35.83,35.83,29.3,"186,600"
27-Apr-18,35.94,36.06,35.84,36.02,29.45,"122,700"
26-Apr-18,35.57,35.86,35.56,35.8,29.27,"72,500"
25-Apr-18,35.36,35.5,35.2,35.4,28.95,"84,300"
24-Apr-18,36,36.09,35.47,35.58,29.09,"125,700"
23-Apr-18,35.95,36.04,35.71,35.77,29.25,"142,900"
20-Apr-18,36.26,36.29,35.94,36.02,29.45,"103,600"
19-Apr-18,36.65,36.73,36.32,36.44,29.8,"93,500"
18-Apr-18,36.37,36.67,36.37,36.61,29.94,"148,600"
17-Apr-18,36.08,36.37,36.05,36.3,29.68,"82,800"
16-Apr-18,36.13,36.26,36.04,36.19,29.59,"62,300"
13-Apr-18,36.53,36.57,36.12,36.22,29.62,"48,800"
12-Apr-18,36.48,36.64,36.42,36.54,29.88,"76,500"
11-Apr-18,36.26,36.61,36.26,36.48,29.83,"57,000"
10-Apr-18,36.29,36.58,36.23,36.52,29.86,"91,200"
9-Apr-18,36.05,36.23,35.81,35.81,29.28,"60,300"
6-Apr-18,36.18,36.41,35.67,35.85,29.32,"131,500"
5-Apr-18,36.63,36.72,36.39,36.54,29.88,"43,100"
4-Apr-18,35.52,36.47,35.41,36.47,29.82,"139,800"
3-Apr-18,36.42,36.51,36.13,36.47,29.82,"189,100"
2-Apr-18,36.52,36.6,35.75,36.08,29.5,"143,300"
29-Mar-18,36.2,36.77,36.16,36.61,29.94,"99,600"
28-Mar-18,36.07,36.2,35.77,36.02,29.45,"49,300"
27-Mar-18,36.77,36.85,36,36.07,29.49,"75,900"
26-Mar-18,36.57,36.84,36.21,36.78,30.08,"118,200"
23-Mar-18,0.036 Dividend ,,,,,
23-Mar-18,36.37,36.37,35.64,35.77,29.25,"99,400"
22-Mar-18,36.72,36.85,36.28,36.35,29.69,"79,100"
21-Mar-18,37.28,37.65,37.21,37.48,30.62,"99,300"
20-Mar-18,37.21,37.42,37.21,37.34,30.5,"47,000"
19-Mar-18,37.11,37.15,36.69,36.94,30.18,"103,500"
16-Mar-18,37.25,37.4,37.25,37.35,30.51,"84,600"
15-Mar-18,37.54,37.6,37.23,37.38,30.54,"98,600"
14-Mar-18,37.67,37.74,37.27,37.42,30.57,"110,800"
13-Mar-18,37.96,37.96,37.27,37.38,30.54,"104,800"
12-Mar-18,37.72,37.8,37.58,37.77,30.85,"115,300"
9-Mar-18,37.2,37.64,37.2,37.64,30.75,"68,200"
8-Mar-18,36.97,36.97,36.74,36.9,30.14,"110,200"
7-Mar-18,36.62,36.93,36.5,36.9,30.14,"211,800"
6-Mar-18,37.02,37.03,36.74,36.87,30.12,"203,700"
5-Mar-18,36.15,36.59,36.07,36.56,29.87,"49,900"
2-Mar-18,35.94,36.55,35.65,36.51,29.83,"86,800"
1-Mar-18,36.65,36.86,36.01,36.33,29.68,"93,000"
28-Feb-18,36.9,36.91,36.4,36.4,29.74,"115,800"
27-Feb-18,37.49,37.49,36.79,36.79,30.05,"163,200"
26-Feb-18,37.75,37.91,37.48,37.87,30.94,"58,600"
23-Feb-18,37.36,37.62,37.23,37.57,30.69,"138,300"
22-Feb-18,37,37.23,36.89,36.99,30.22,"308,400"
21-Feb-18,37.18,37.6,36.87,36.89,30.14,"139,700"
20-Feb-18,36.68,36.98,36.68,36.83,30.09,"100,500"
16-Feb-18,37.17,37.65,37.17,37.37,30.53,"113,700"
15-Feb-18,37.35,37.59,36.98,37.39,30.54,"115,800"
14-Feb-18,35.87,36.87,35.87,36.74,30.01,"108,400"
13-Feb-18,35.7,36.03,35.7,35.91,29.34,"136,400"
12-Feb-18,35.47,35.89,35.34,35.62,29.1,"177,300"
9-Feb-18,35.13,35.37,34.15,35.1,28.67,"517,500"
8-Feb-18,36.11,36.17,34.58,34.58,28.25,"402,400"
7-Feb-18,36.34,36.69,35.89,35.89,29.32,"159,200"
6-Feb-18,35.71,37.19,35.58,36.97,30.2,"311,600"
5-Feb-18,37.19,37.54,35.87,35.87,29.3,"337,800"
2-Feb-18,37.8,37.86,37.23,37.27,30.45,"179,800"
1-Feb-18,38.23,38.46,38.09,38.13,31.15,"201,000"
31-Jan-18,38.84,38.87,38.33,38.61,31.54,"169,800"
30-Jan-18,38.48,38.52,38.2,38.28,31.27,"299,800"
29-Jan-18,39.01,39.07,38.85,38.87,31.75,"204,300"
26-Jan-18,39.2,39.44,39.14,39.44,32.22,"148,000"
25-Jan-18,39,39.23,38.85,38.9,31.78,"225,200"
24-Jan-18,38.9,39.07,38.75,38.98,31.85,"127,200"
23-Jan-18,38.5,38.65,38.43,38.64,31.57,"197,700"
22-Jan-18,38.27,38.46,38.21,38.46,31.42,"123,300"
19-Jan-18,38.15,38.26,38.04,38.22,31.22,"127,200"
18-Jan-18,37.94,38.04,37.82,37.94,30.99,"112,500"
17-Jan-18,37.7,38,37.64,37.9,30.96,"169,800"
16-Jan-18,37.73,37.79,37.35,37.4,30.55,"200,000"
12-Jan-18,37.24,37.61,37.19,37.56,30.68,"83,700"
11-Jan-18,36.95,37.16,36.95,37.16,30.36,"109,200"
10-Jan-18,36.94,36.98,36.81,36.92,30.16,"82,600"
9-Jan-18,37.17,37.28,37.01,37.11,30.32,"101,000"
8-Jan-18,37.13,37.24,37.09,37.2,30.39,"186,400"
5-Jan-18,36.93,37.19,36.9,37.16,30.36,"334,500"
4-Jan-18,36.81,36.93,36.75,36.8,30.06,"275,100"
3-Jan-18,36.61,36.79,36.59,36.76,30.03,"344,200"
2-Jan-18,36.33,36.49,36.17,36.4,29.74,"134,400"
29-Dec-17,35.89,35.94,35.79,35.81,29.25,"213,800"
28-Dec-17,35.65,35.74,35.52,35.61,29.09,"119,200"
27-Dec-17,35.3,35.41,35.23,35.34,28.87,"139,600"
26-Dec-17,35.22,35.29,35.13,35.21,28.76,"76,800"
22-Dec-17,35.13,35.3,35.13,35.25,28.8,"105,400"
21-Dec-17,0.221 Dividend ,,,,,
21-Dec-17,34.94,35.16,34.94,35.06,28.64,"57,400"
20-Dec-17,35.11,35.28,35.07,35.12,28.51,"62,300"
19-Dec-17,35.19,35.19,34.96,35.03,28.44,"61,200"
18-Dec-17,35.1,35.26,35.03,35.14,28.53,"70,300"
15-Dec-17,34.78,34.82,34.59,34.8,28.25,"62,600"
14-Dec-17,34.73,34.87,34.63,34.68,28.15,"65,800"
13-Dec-17,34.67,34.94,34.67,34.82,28.27,"63,200"
12-Dec-17,34.35,34.52,34.26,34.48,27.99,"43,100"
11-Dec-17,34.67,34.76,34.59,34.73,28.19,"64,800"
8-Dec-17,34.41,34.51,34.33,34.47,27.98,"45,500"
7-Dec-17,33.93,34.2,33.9,34.09,27.67,"52,100"
6-Dec-17,33.93,34.07,33.83,34.01,27.61,"137,600"
5-Dec-17,34.46,34.69,34.38,34.39,27.92,"85,900"
4-Dec-17,34.7,34.78,34.45,34.47,27.98,"68,600"
1-Dec-17,34.61,34.61,34.23,34.41,27.93,"40,400"
30-Nov-17,34.95,34.95,34.56,34.58,28.07,"64,000"
29-Nov-17,35.28,35.28,34.83,34.94,28.36,"82,300"
28-Nov-17,35.5,35.6,35.31,35.47,28.79,"90,200"
27-Nov-17,35.5,35.5,35.2,35.28,28.64,"202,600"
24-Nov-17,35.72,35.76,35.67,35.73,29,"51,600"
22-Nov-17,35.79,35.88,35.68,35.85,29.1,"120,500"
21-Nov-17,35.72,35.89,35.69,35.75,29.02,"76,600"
20-Nov-17,35.14,35.36,35.12,35.31,28.66,"81,900"
17-Nov-17,35.09,35.33,35.09,35.18,28.56,"113,700"
16-Nov-17,34.82,35.13,34.82,35.01,28.42,"30,500"
15-Nov-17,34.39,34.41,34.21,34.32,27.86,"71,400"
14-Nov-17,34.74,34.74,34.46,34.52,28.02,"95,400"
13-Nov-17,34.71,34.84,34.64,34.8,28.25,"36,300"
10-Nov-17,34.95,35,34.71,34.77,28.23,"101,400"
9-Nov-17,34.85,34.97,34.66,34.91,28.34,"35,900"
8-Nov-17,35.04,35.15,34.98,35.13,28.52,"34,100"
7-Nov-17,35.13,35.15,34.82,34.86,28.3,"55,000"
6-Nov-17,34.88,35.13,34.88,35.11,28.5,"35,900"
3-Nov-17,34.86,34.86,34.53,34.72,28.18,"47,300"
2-Nov-17,34.87,34.9,34.68,34.83,28.27,"68,600"
1-Nov-17,34.91,35.07,34.81,34.83,28.27,"44,300"
31-Oct-17,34.58,34.64,34.49,34.6,28.09,"103,000"
30-Oct-17,34.32,34.52,34.25,34.36,27.89,"65,600"
27-Oct-17,34.32,34.57,34.23,34.54,28.04,"66,200"
26-Oct-17,34.4,34.4,34.15,34.15,27.72,"63,300"
25-Oct-17,34.53,34.57,34.15,34.3,27.84,"108,600"
24-Oct-17,34.52,34.56,34.4,34.42,27.94,"101,900"
23-Oct-17,34.63,34.63,34.4,34.4,27.93,"63,100"
20-Oct-17,34.71,34.72,34.64,34.67,28.14,"31,300"
19-Oct-17,34.51,34.55,34.36,34.53,28.03,"82,100"
18-Oct-17,34.81,34.93,34.77,34.83,28.27,"142,400"
17-Oct-17,34.86,34.86,34.69,34.78,28.23,"42,100"
16-Oct-17,34.98,35.06,34.87,34.92,28.35,"52,600"
13-Oct-17,34.9,35.11,34.85,34.87,28.31,"67,600"
12-Oct-17,34.67,34.72,34.57,34.61,28.1,"142,200"
11-Oct-17,34.5,34.61,34.45,34.61,28.1,"120,400"
10-Oct-17,34.45,34.53,34.41,34.48,27.99,"41,600"
9-Oct-17,34.14,34.16,34.08,34.12,27.7,"46,700"
6-Oct-17,34.07,34.2,33.93,34.18,27.75,"162,600"
5-Oct-17,34.2,34.41,34.2,34.29,27.84,"143,700"
4-Oct-17,34.05,34.13,33.97,34.06,27.65,"103,700"
3-Oct-17,33.79,34.05,33.79,34.02,27.62,"136,200"
2-Oct-17,33.5,33.65,33.43,33.49,27.19,"673,300"
29-Sep-17,33.39,33.53,33.37,33.46,27.16,"91,800"
28-Sep-17,33.04,33.18,33.04,33.14,26.9,"126,200"
27-Sep-17,33.22,33.26,33.04,33.19,26.94,"2,490,200"
26-Sep-17,33.37,33.43,33.19,33.29,27.02,"51,400"
25-Sep-17,33.67,33.78,33.21,33.32,27.05,"111,800"
22-Sep-17,0.238 Dividend ,,,,,
22-Sep-17,33.98,34,33.87,33.98,27.58,"44,000"
21-Sep-17,34.42,34.42,34.32,34.38,27.72,"56,100"
20-Sep-17,34.62,34.69,34.23,34.48,27.8,"77,600"
19-Sep-17,34.53,34.54,34.38,34.52,27.83,"139,200"
18-Sep-17,34.57,34.71,34.39,34.41,27.74,"118,400"
15-Sep-17,34.2,34.36,34.15,34.34,27.68,"57,500"
14-Sep-17,34.09,34.14,33.95,34.13,27.51,"44,000"
13-Sep-17,34.13,34.15,34.03,34.1,27.49,"59,600"
12-Sep-17,34.28,34.32,34.14,34.26,27.62,"35,000"
11-Sep-17,34.11,34.31,34.11,34.2,27.57,"62,800"
8-Sep-17,34.05,34.1,33.82,33.84,27.28,"102,000"
7-Sep-17,33.99,34.07,33.91,34.07,27.47,"309,500"
6-Sep-17,33.71,33.85,33.69,33.76,27.22,"126,700"
5-Sep-17,33.77,33.82,33.43,33.61,27.09,"58,800"
1-Sep-17,33.96,34.06,33.9,34.02,27.43,"31,700"
31-Aug-17,33.91,33.91,33.74,33.74,27.2,"83,800"
30-Aug-17,33.77,33.85,33.71,33.82,27.26,"61,000"
29-Aug-17,33.49,33.75,33.49,33.74,27.2,"64,900"
28-Aug-17,33.91,33.94,33.78,33.82,27.26,"21,000"
25-Aug-17,33.9,34.06,33.89,33.95,27.37,"81,000"
24-Aug-17,33.83,33.83,33.64,33.72,27.18,"140,800"
23-Aug-17,33.35,33.67,33.35,33.64,27.12,"90,100"
22-Aug-17,33.33,33.53,33.33,33.43,26.95,"32,900"
21-Aug-17,33.12,33.15,33,33.11,26.69,"129,900"
18-Aug-17,32.88,33.14,32.75,33.04,26.64,"52,400"
17-Aug-17,33.1,33.15,32.72,32.72,26.38,"43,100"
16-Aug-17,33.13,33.21,33.07,33.2,26.76,"33,200"
15-Aug-17,32.79,32.9,32.76,32.86,26.49,"38,900"
14-Aug-17,32.79,32.89,32.74,32.78,26.43,"50,000"
11-Aug-17,32.41,32.57,32.27,32.45,26.16,"85,400"
10-Aug-17,32.84,32.88,32.4,32.4,26.12,"59,100"
9-Aug-17,33.08,33.17,32.98,33.17,26.74,"46,000"
8-Aug-17,33.53,33.65,33.38,33.44,26.96,"57,300"
7-Aug-17,33.3,33.47,33.3,33.43,26.95,"68,900"
4-Aug-17,33.12,33.28,33.1,33.21,26.77,"42,300"
3-Aug-17,33.1,33.1,32.98,33.05,26.64,"73,800"
2-Aug-17,33.25,33.3,33.1,33.21,26.77,"61,700"
1-Aug-17,33.23,33.28,33.19,33.23,26.79,"200,500"
31-Jul-17,33.08,33.11,32.97,33.1,26.68,"144,800"
28-Jul-17,32.89,33.04,32.88,33.04,26.64,"54,600"
27-Jul-17,33.33,33.34,32.85,33.07,26.66,"41,200"
26-Jul-17,32.96,33.23,32.94,33.2,26.76,"69,900"
25-Jul-17,33.04,33.13,32.89,32.9,26.52,"214,800"
24-Jul-17,33,33.08,32.96,33.05,26.64,"36,100"
21-Jul-17,32.95,32.97,32.86,32.88,26.51,"61,700"
20-Jul-17,33.02,33.02,32.86,32.95,26.56,"96,500"
19-Jul-17,33,33.02,32.89,32.96,26.57,"77,500"
18-Jul-17,32.62,32.73,32.52,32.72,26.38,"91,400"
17-Jul-17,32.63,32.65,32.53,32.6,26.28,"164,000"
14-Jul-17,32.5,32.75,32.5,32.71,26.37,"44,600"
13-Jul-17,32.22,32.35,32.17,32.29,26.03,"148,300"
12-Jul-17,31.97,32.23,31.97,32.22,25.97,"41,300"
11-Jul-17,31.51,31.6,31.42,31.58,25.46,"68,900"
10-Jul-17,31.08,31.36,31.08,31.32,25.25,"74,100"
7-Jul-17,31.13,31.14,30.95,31.1,25.07,"89,100"
6-Jul-17,31.17,31.17,30.95,31,24.99,"71,300"
5-Jul-17,31.25,31.33,31.09,31.31,25.24,"230,100"
3-Jul-17,31.43,31.5,31.37,31.41,25.32,"76,200"
30-Jun-17,31.29,31.37,31.22,31.24,25.18,"176,800"
29-Jun-17,31.35,31.35,30.92,31.12,25.09,"80,600"
28-Jun-17,31.5,31.53,31.3,31.51,25.4,"142,900"
27-Jun-17,31.51,31.52,31.3,31.3,25.23,"50,000"
26-Jun-17,31.65,31.7,31.53,31.62,25.49,"52,500"
23-Jun-17,0.155 Dividend ,,,,,
23-Jun-17,31.28,31.46,31.28,31.38,25.3,"80,300"
22-Jun-17,31.33,31.53,31.33,31.41,25.2,"76,700"
21-Jun-17,31.35,31.46,31.24,31.3,25.1,"303,700"
20-Jun-17,31.54,31.54,31.18,31.19,25.02,"63,900"
19-Jun-17,31.34,31.56,31.34,31.49,25.26,"27,600"
16-Jun-17,31.31,31.31,31.14,31.26,25.08,"35,600"
15-Jun-17,31.15,31.18,31,31.18,25.01,"72,200"
14-Jun-17,31.72,31.73,31.4,31.5,25.26,"17,500"
13-Jun-17,31.52,31.54,31.42,31.52,25.28,"90,700"
12-Jun-17,31.42,31.43,31.26,31.38,25.17,"40,000"
9-Jun-17,31.82,31.85,31.46,31.56,25.32,"46,800"
8-Jun-17,31.9,31.9,31.67,31.84,25.54,"225,000"
7-Jun-17,31.65,31.72,31.54,31.67,25.4,"17,100"
6-Jun-17,31.66,31.78,31.62,31.73,25.45,"46,300"
5-Jun-17,31.72,31.75,31.68,31.71,25.44,"60,700"
2-Jun-17,31.61,31.82,31.59,31.72,25.44,"82,100"
1-Jun-17,31.43,31.53,31.33,31.51,25.28,"119,100"
31-May-17,31.46,31.46,31.25,31.32,25.12,"172,500"
30-May-17,31.46,31.58,31.45,31.51,25.28,"118,900"
26-May-17,31.58,31.68,31.58,31.64,25.38,"71,700"
25-May-17,31.66,31.66,31.48,31.54,25.3,"52,100"
24-May-17,31.37,31.46,31.29,31.42,25.2,"57,500"
23-May-17,31.34,31.34,31.21,31.29,25.1,"163,400"
22-May-17,31.31,31.34,31.17,31.28,25.09,"49,400"
19-May-17,31.07,31.29,31.07,31.23,25.05,"65,400"
18-May-17,30.48,30.86,30.39,30.63,24.57,"74,300"
17-May-17,31.56,31.6,31.2,31.2,25.03,"86,200"
16-May-17,31.65,31.76,31.65,31.74,25.46,"88,300"
15-May-17,31.55,31.67,31.5,31.67,25.4,"65,000"
12-May-17,31.32,31.41,31.3,31.36,25.16,"220,400"
11-May-17,31.16,31.28,31.08,31.27,25.08,"45,200"
10-May-17,31.13,31.18,30.85,31.15,24.99,"162,200"
9-May-17,30.88,31.07,30.88,30.98,24.85,"98,300"
8-May-17,30.74,30.78,30.63,30.67,24.6,"37,500"
5-May-17,30.38,30.62,30.3,30.59,24.54,"74,000"
4-May-17,30.62,30.62,30.35,30.4,24.39,"73,200"
3-May-17,30.8,30.81,30.61,30.67,24.6,"249,500"
2-May-17,30.88,30.92,30.82,30.89,24.78,"74,700"
1-May-17,30.75,30.8,30.61,30.7,24.63,"70,800"
28-Apr-17,30.48,30.6,30.43,30.58,24.53,"45,000"
27-Apr-17,30.62,30.62,30.42,30.49,24.46,"165,400"
26-Apr-17,30.55,30.62,30.48,30.53,24.49,"1,540,100"
25-Apr-17,30.62,30.69,30.54,30.63,24.57,"82,400"
24-Apr-17,30.35,30.42,30.3,30.32,24.32,"121,200"
21-Apr-17,30.04,30.04,29.91,30,24.06,"116,800"
20-Apr-17,29.91,29.98,29.8,29.96,24.03,"49,600"
19-Apr-17,29.76,29.82,29.57,29.58,23.73,"285,800"
18-Apr-17,29.82,29.85,29.72,29.76,23.87,"28,800"
17-Apr-17,29.99,30.09,29.89,30.08,24.13,"44,500"
13-Apr-17,29.88,30.03,29.81,29.81,23.91,"94,900"
12-Apr-17,29.81,29.86,29.68,29.86,23.95,"71,000"
11-Apr-17,29.68,29.71,29.5,29.66,23.79,"52,300"
10-Apr-17,29.82,29.82,29.6,29.69,23.82,"79,500"
7-Apr-17,29.94,30.03,29.84,29.84,23.94,"112,000"
6-Apr-17,30.17,30.17,29.95,29.98,24.05,"91,700"
5-Apr-17,30.28,30.35,30.09,30.09,24.14,"43,200"
4-Apr-17,30.14,30.21,30.03,30.19,24.22,"117,100"
3-Apr-17,30.16,30.16,29.95,30.16,24.19,"74,700"
31-Mar-17,30.07,30.07,29.96,29.97,24.04,"104,500"
30-Mar-17,30.3,30.33,30.2,30.2,24.23,"169,200"
29-Mar-17,30.28,30.37,30.21,30.35,24.35,"101,000"
28-Mar-17,30.25,30.34,30.24,30.28,24.29,"183,500"
27-Mar-17,30.2,30.29,30.05,30.25,24.27,"49,400"
24-Mar-17,0.034 Dividend ,,,,,
24-Mar-17,30.22,30.38,30.18,30.34,24.33,"46,600"
23-Mar-17,30.28,30.38,30.23,30.28,24.26,"32,800"
22-Mar-17,30.04,30.32,30.01,30.29,24.27,"94,300"
21-Mar-17,30.72,30.72,30.12,30.14,24.15,"79,800"
20-Mar-17,30.37,30.53,30.23,30.5,24.44,"55,200"
17-Mar-17,30.24,30.28,30.14,30.19,24.19,"28,400"
16-Mar-17,30.26,30.26,30.13,30.16,24.17,"78,600"
15-Mar-17,29.44,30.04,29.34,30.02,24.05,"65,900"
14-Mar-17,29.39,29.41,29.25,29.28,23.46,"102,700"
13-Mar-17,29.3,29.48,29.3,29.48,23.62,"118,300"
10-Mar-17,29.01,29.05,28.89,29.02,23.25,"57,700"
9-Mar-17,28.81,28.85,28.63,28.76,23.04,"73,500"
8-Mar-17,29.17,29.17,28.95,28.95,23.2,"159,200"
7-Mar-17,29.33,29.33,29.14,29.19,23.39,"93,700"
6-Mar-17,29.25,29.25,29.11,29.19,23.39,"84,000"
3-Mar-17,29.15,29.19,28.98,29.18,23.38,"88,300"
2-Mar-17,29.25,29.25,28.96,28.99,23.23,"134,300"
1-Mar-17,29.34,29.48,29.26,29.43,23.58,"377,600"
28-Feb-17,29.24,29.24,28.99,29.04,23.27,"167,000"
27-Feb-17,29.39,29.4,29.2,29.26,23.45,"213,400"
24-Feb-17,29.49,29.49,29.35,29.39,23.55,"58,500"
23-Feb-17,29.94,29.94,29.66,29.69,23.79,"47,900"
22-Feb-17,29.63,29.71,29.52,29.71,23.81,"54,700"
21-Feb-17,29.55,29.61,29.45,29.6,23.72,"40,200"
17-Feb-17,29.3,29.3,29.17,29.25,23.44,"65,500"
16-Feb-17,29.65,29.66,29.4,29.45,23.6,"57,300"
15-Feb-17,29.35,29.57,29.26,29.56,23.69,"163,900"
14-Feb-17,29.34,29.34,29.07,29.28,23.46,"56,800"
13-Feb-17,29.24,29.28,29.02,29.25,23.44,"64,500"
10-Feb-17,29.05,29.15,28.93,29.14,23.35,"70,100"
9-Feb-17,29.01,29.01,28.83,28.92,23.17,"67,400"
8-Feb-17,28.67,28.87,28.67,28.8,23.08,"50,100"
7-Feb-17,28.82,28.82,28.62,28.68,22.98,"172,000"
6-Feb-17,28.94,28.94,28.78,28.83,23.1,"169,700"
3-Feb-17,28.94,28.94,28.73,28.82,23.09,"46,700"
2-Feb-17,28.65,28.74,28.59,28.69,22.99,"36,800"
1-Feb-17,28.72,28.72,28.48,28.56,22.88,"116,100"
31-Jan-17,28.48,28.55,28.41,28.49,22.83,"49,600"
30-Jan-17,28.37,28.5,28.37,28.41,22.76,"103,500"
27-Jan-17,28.5,28.67,28.5,28.56,22.88,"645,300"
26-Jan-17,28.71,28.71,28.53,28.61,22.92,"72,600"
25-Jan-17,28.57,28.69,28.54,28.66,22.96,"76,500"
24-Jan-17,28.32,28.48,28.32,28.38,22.74,"74,900"
23-Jan-17,28.01,28.28,28.01,28.23,22.62,"94,900"
20-Jan-17,27.83,27.95,27.77,27.91,22.36,"37,100"
19-Jan-17,27.84,27.87,27.74,27.85,22.32,"115,900"
18-Jan-17,28.02,28.02,27.82,27.83,22.3,"89,300"
17-Jan-17,27.98,28.11,27.92,27.97,22.41,"135,400"
13-Jan-17,28,28.03,27.89,27.99,22.43,"195,700"
12-Jan-17,28.04,28.08,27.92,28.06,22.48,"59,500"
11-Jan-17,27.66,27.92,27.5,27.92,22.37,"192,500"
10-Jan-17,27.68,27.72,27.58,27.63,22.14,"34,300"
9-Jan-17,27.38,27.52,27.38,27.42,21.97,"51,800"
6-Jan-17,27.47,27.47,27.36,27.41,21.96,"178,600"
5-Jan-17,27.43,27.64,27.43,27.59,22.11,"329,700"
4-Jan-17,27.21,27.37,27.21,27.26,21.84,"98,700"
3-Jan-17,26.94,27.14,26.9,27.01,21.64,"200,600"
30-Dec-16,26.82,26.93,26.69,26.76,21.44,"207,200"
29-Dec-16,26.72,26.98,26.72,26.9,21.55,"18,900"
28-Dec-16,26.54,26.64,26.48,26.54,21.27,"68,700"
27-Dec-16,26.42,26.43,26.35,26.39,21.15,"39,500"
23-Dec-16,26.2,26.34,26.2,26.25,21.03,"50,500"
22-Dec-16,0.122 Dividend ,,,,,
22-Dec-16,26.16,26.23,26.07,26.14,20.95,"33,000"
21-Dec-16,26.75,26.75,26.52,26.52,21.15,"102,800"
20-Dec-16,26.69,26.7,26.6,26.69,21.29,"222,800"
19-Dec-16,26.67,26.73,26.52,26.59,21.21,"78,800"
16-Dec-16,26.75,26.85,26.66,26.67,21.27,"28,300"
15-Dec-16,26.77,26.94,26.77,26.91,21.46,"32,300"
14-Dec-16,27.27,27.47,26.78,26.9,21.45,"114,300"
13-Dec-16,27.5,27.62,27.46,27.59,22.01,"19,300"
12-Dec-16,27.38,27.39,27.21,27.27,21.75,"28,400"
9-Dec-16,27.48,27.53,27.42,27.42,21.87,"105,800"
8-Dec-16,27.26,27.6,27.26,27.58,22,"46,500"
7-Dec-16,27.28,27.49,27.21,27.4,21.85,"79,400"
6-Dec-16,26.9,27.09,26.9,27.09,21.61,"45,800"
5-Dec-16,26.76,26.96,26.76,26.95,21.49,"99,400"
2-Dec-16,26.74,26.84,26.7,26.74,21.33,"73,600"
1-Dec-16,27.02,27.02,26.69,26.75,21.34,"96,300"
30-Nov-16,27.19,27.19,27.02,27.07,21.59,"23,400"
29-Nov-16,26.83,27.08,26.83,26.98,21.52,"51,700"
28-Nov-16,26.88,27.08,26.88,26.99,21.53,"68,600"
25-Nov-16,26.75,26.89,26.75,26.81,21.38,"8,600"
23-Nov-16,26.55,26.75,26.52,26.74,21.33,"93,300"
22-Nov-16,26.99,26.99,26.78,26.92,21.47,"75,700"
21-Nov-16,26.61,26.7,26.5,26.64,21.25,"43,100"
18-Nov-16,26.61,26.67,26.39,26.44,21.09,"22,100"
17-Nov-16,26.01,26.66,26.01,26.52,21.15,"35,000"
16-Nov-16,26.48,26.52,26.39,26.43,21.08,"62,400"
15-Nov-16,26.35,26.71,26.35,26.66,21.26,"76,100"
14-Nov-16,26.46,26.46,26.07,26.19,20.89,"30,600"
11-Nov-16,26.63,26.63,26.13,26.49,21.13,"99,000"
10-Nov-16,27.6,27.6,26.89,26.89,21.45,"57,600"
9-Nov-16,27.73,27.97,27.55,27.71,22.1,"58,400"
8-Nov-16,28.1,28.62,28.1,28.54,22.76,"21,000"
7-Nov-16,28.08,28.34,28.08,28.31,22.58,"28,300"
4-Nov-16,27.68,27.68,27.5,27.5,21.93,"14,600"
3-Nov-16,27.92,27.93,27.69,27.79,22.16,"44,400"
2-Nov-16,27.97,28.14,27.67,27.82,22.19,"181,700"
1-Nov-16,28.51,28.51,27.98,28.12,22.43,"63,500"
31-Oct-16,28.25,28.42,28.25,28.37,22.63,"60,300"
28-Oct-16,28.35,28.4,28.08,28.16,22.46,"20,100"
27-Oct-16,28.53,28.53,28.22,28.29,22.56,"49,300"
26-Oct-16,28.51,28.58,28.41,28.43,22.68,"20,800"
25-Oct-16,28.73,28.8,28.68,28.73,22.91,"124,900"
24-Oct-16,28.87,28.87,28.69,28.75,22.93,"70,100"
21-Oct-16,28.48,28.64,28.48,28.61,22.82,"30,300"
20-Oct-16,28.64,28.76,28.55,28.63,22.83,"30,800"
19-Oct-16,28.72,28.79,28.65,28.69,22.88,"38,700"
18-Oct-16,28.55,28.59,28.46,28.56,22.78,"31,000"
17-Oct-16,28.14,28.14,28.05,28.06,22.38,"30,500"
14-Oct-16,28.18,28.37,28.04,28.04,22.36,"63,400"
13-Oct-16,27.93,28.11,27.71,28.05,22.37,"67,700"
12-Oct-16,28.22,28.31,28.1,28.24,22.52,"206,300"
11-Oct-16,28.44,28.44,28.15,28.22,22.51,"43,300"
10-Oct-16,28.71,28.97,28.71,28.88,23.03,"46,800"
7-Oct-16,28.73,28.73,28.45,28.62,22.83,"122,100"
6-Oct-16,28.65,28.8,28.56,28.74,22.92,"30,000"
5-Oct-16,28.71,28.82,28.56,28.77,22.95,"70,100"
4-Oct-16,28.6,28.76,28.33,28.4,22.65,"64,400"
3-Oct-16,28.46,28.74,28.46,28.73,22.91,"224,600"
30-Sep-16,28.46,28.61,28.33,28.53,22.75,"28,400"
29-Sep-16,28.7,28.76,28.32,28.4,22.65,"71,600"
28-Sep-16,28.73,28.89,28.51,28.87,23.03,"155,300"
27-Sep-16,28.43,28.64,28.37,28.61,22.82,"18,200"
26-Sep-16,28.36,28.39,28.23,28.24,22.52,"53,000"
23-Sep-16,0.201 Dividend ,,,,,
23-Sep-16,28.88,28.88,28.58,28.61,22.82,"100,600"
22-Sep-16,29.26,29.35,29.03,29.16,23.1,"34,200"
21-Sep-16,28.58,29.02,28.5,28.99,22.96,"75,600"
20-Sep-16,28.4,28.45,28.29,28.3,22.42,"175,200"
19-Sep-16,28.27,28.43,28.22,28.22,22.35,"20,700"
16-Sep-16,28.02,28.04,27.79,27.99,22.17,"23,300"
15-Sep-16,27.99,28.23,27.88,28.21,22.34,"32,400"
14-Sep-16,27.67,28.01,27.67,27.73,21.96,"112,900"
13-Sep-16,27.82,27.96,27.57,27.7,21.94,"134,600"
12-Sep-16,27.84,28.37,27.73,28.3,22.42,"32,600"
9-Sep-16,28.62,28.69,28.07,28.07,22.23,"346,800"
8-Sep-16,29.08,29.21,29.03,29.04,23,"34,300"
7-Sep-16,29.27,29.27,29.06,29.16,23.1,"77,600"
6-Sep-16,28.83,29.22,28.83,29.2,23.13,"130,300"
2-Sep-16,28.5,28.58,28.41,28.58,22.64,"29,100"
1-Sep-16,27.97,28.16,27.97,28.16,22.31,"54,800"
31-Aug-16,28.17,28.18,27.93,28.01,22.19,"138,400"
30-Aug-16,28.41,28.42,28.24,28.3,22.42,"127,400"
29-Aug-16,28.18,28.37,28.18,28.32,22.43,"22,200"
26-Aug-16,28.49,28.6,27.97,28.1,22.26,"26,600"
25-Aug-16,28.3,28.37,28.27,28.33,22.44,"85,800"
24-Aug-16,28.29,28.37,28.2,28.28,22.4,"97,500"
23-Aug-16,28.71,28.75,28.31,28.31,22.42,"32,100"
22-Aug-16,28.51,28.51,28.32,28.38,22.48,"29,800"
19-Aug-16,28.63,28.74,28.55,28.71,22.74,"41,500"
18-Aug-16,28.87,28.92,28.83,28.9,22.89,"22,400"
17-Aug-16,28.65,28.72,28.41,28.67,22.71,"182,100"
16-Aug-16,28.9,28.93,28.79,28.82,22.83,"27,700"
15-Aug-16,28.78,29.07,28.78,29.01,22.98,"15,200"
12-Aug-16,28.81,28.82,28.66,28.74,22.76,"41,200"
11-Aug-16,28.68,28.86,28.61,28.83,22.84,"140,600"
10-Aug-16,28.72,28.73,28.48,28.51,22.58,"189,200"
9-Aug-16,28.5,28.62,28.47,28.48,22.56,"50,800"
8-Aug-16,28.35,28.36,28.23,28.28,22.4,"27,900"
5-Aug-16,28,28.15,27.9,28.11,22.27,"24,600"
4-Aug-16,27.75,27.9,27.69,27.86,22.07,"172,100"
3-Aug-16,27.34,27.7,27.33,27.66,21.91,"15,200"
2-Aug-16,27.77,27.77,27.42,27.55,21.82,"62,100"
1-Aug-16,27.99,27.99,27.75,27.78,22,"86,900"
29-Jul-16,27.67,27.85,27.6,27.82,22.04,"212,900"
28-Jul-16,27.63,27.72,27.53,27.71,21.95,"264,900"
27-Jul-16,27.78,27.78,27.45,27.62,21.88,"124,500"
26-Jul-16,27.49,27.7,27.49,27.62,21.88,"120,200"
25-Jul-16,27.7,27.7,27.38,27.45,21.74,"74,300"
22-Jul-16,27.68,27.69,27.5,27.68,21.92,"194,400"
21-Jul-16,27.57,27.63,27.39,27.49,21.77,"131,300"
20-Jul-16,27.45,27.62,27.44,27.58,21.85,"58,000"
19-Jul-16,27.58,27.58,27.37,27.44,21.73,"45,300"
18-Jul-16,27.32,27.67,27.32,27.64,21.89,"84,600"
15-Jul-16,27.45,27.57,27.39,27.53,21.81,"18,500"
14-Jul-16,27.46,27.6,27.41,27.49,21.77,"61,300"
13-Jul-16,27.27,27.32,27.01,27.12,21.48,"67,700"
12-Jul-16,27.22,27.28,27.11,27.22,21.56,"78,400"
11-Jul-16,26.89,26.9,26.77,26.85,21.27,"92,700"
8-Jul-16,26.28,26.65,26.28,26.57,21.05,"123,900"
7-Jul-16,26.26,26.36,25.99,26.06,20.64,"56,000"
6-Jul-16,25.82,26.14,25.75,26.13,20.7,"53,700"
5-Jul-16,26.55,26.55,26.15,26.22,20.77,"58,400"
1-Jul-16,26.56,26.79,26.56,26.78,21.21,"52,600"
30-Jun-16,26.5,26.6,26.35,26.5,20.99,"106,400"
29-Jun-16,25.98,26.3,25.98,26.22,20.77,"35,800"
28-Jun-16,25.44,25.69,25.44,25.66,20.32,"21,700"
27-Jun-16,25.26,25.26,24.78,24.99,19.79,"50,200"
24-Jun-16,25.48,25.75,25.22,25.24,19.99,"90,700"
23-Jun-16,0.158 Dividend ,,,,,
23-Jun-16,26.4,26.72,26.36,26.72,21.16,"27,000"
22-Jun-16,26.28,26.43,26.26,26.28,20.69,"265,800"
21-Jun-16,26.11,26.25,26.01,26.19,20.62,"158,800"
20-Jun-16,25.97,26.15,25.97,26.02,20.49,"47,300"
17-Jun-16,25.53,25.62,25.48,25.55,20.12,"752,100"
16-Jun-16,25.29,25.55,25.13,25.52,20.09,"28,700"
15-Jun-16,25.63,25.72,25.6,25.62,20.17,"8,300"
14-Jun-16,25.4,25.46,25.24,25.38,19.98,"50,100"
13-Jun-16,25.6,25.68,25.44,25.44,20.03,"116,400"
10-Jun-16,25.98,26.03,25.78,25.86,20.36,"40,100"
9-Jun-16,26.46,26.51,26.41,26.44,20.82,"121,700"
8-Jun-16,26.74,26.78,26.67,26.71,21.03,"38,100"
7-Jun-16,26.56,26.61,26.51,26.53,20.89,"164,900"
6-Jun-16,26.14,26.37,26.11,26.31,20.71,"101,300"
3-Jun-16,25.97,26.11,25.91,26.11,20.56,"47,300"
2-Jun-16,25.51,25.73,25.51,25.67,20.21,"95,100"
1-Jun-16,25.51,25.57,25.43,25.5,20.08,"66,600"
31-May-16,25.74,25.74,25.46,25.47,20.05,"94,000"
27-May-16,25.43,25.57,25.43,25.49,20.07,"23,900"
26-May-16,25.45,25.47,25.36,25.44,20.03,"242,600"
25-May-16,25.35,25.41,25.3,25.35,19.96,"41,100"
24-May-16,24.87,25.08,24.87,25.06,19.73,"84,100"
23-May-16,24.93,24.94,24.82,24.82,19.54,"314,300"
20-May-16,24.93,24.95,24.85,24.91,19.61,"505,200"
19-May-16,24.64,24.8,24.49,24.67,19.42,"223,000"
18-May-16,24.99,25.22,24.85,24.93,19.63,"120,600"
17-May-16,25.27,25.31,25.06,25.17,19.82,"36,100"
16-May-16,25.1,25.36,25.1,25.21,19.85,"74,900"
13-May-16,25.16,25.27,24.9,24.98,19.67,"46,100"
12-May-16,25.5,25.58,25.31,25.38,19.98,"67,100"
11-May-16,25.57,25.64,25.48,25.5,20.08,"42,900"
10-May-16,25.27,25.56,25.27,25.56,20.12,"30,400"
9-May-16,25.43,25.43,25.04,25.06,19.73,"227,000"
6-May-16,25.16,25.4,25.16,25.3,19.92,"23,700"
5-May-16,25.59,25.6,25.25,25.36,19.96,"43,300"
4-May-16,25.4,25.54,25.37,25.45,20.04,"129,600"
3-May-16,25.8,25.8,25.62,25.62,20.17,"80,900"
2-May-16,26.29,26.34,26.18,26.24,20.66,"225,500"
29-Apr-16,26.47,26.47,26.2,26.27,20.69,"7,900"
28-Apr-16,26.51,26.64,26.4,26.4,20.79,"26,300"
27-Apr-16,26.5,26.72,26.4,26.68,21.01,"40,400"
26-Apr-16,26.44,26.54,26.41,26.54,20.9,"8,800"
25-Apr-16,26.42,26.42,26.26,26.29,20.7,"2,500"
22-Apr-16,26.54,26.61,26.38,26.41,20.79,"9,000"
21-Apr-16,26.86,26.86,26.52,26.52,20.88,"16,000"
20-Apr-16,26.79,26.93,26.66,26.84,21.13,"101,100"
19-Apr-16,26.83,27.02,26.8,26.99,21.25,"167,500"
18-Apr-16,26.45,26.72,26.45,26.62,20.96,"7,400"
15-Apr-16,26.62,26.62,26.51,26.56,20.91,"63,600"
14-Apr-16,26.73,26.74,26.56,26.6,20.94,"86,900"
13-Apr-16,26.63,26.73,26.56,26.66,20.99,"10,900"
12-Apr-16,26.02,26.38,26.02,26.31,20.71,"23,300"
11-Apr-16,26.15,26.15,25.92,25.93,20.42,"37,500"
8-Apr-16,25.78,25.84,25.65,25.73,20.26,"36,000"
7-Apr-16,25.33,25.39,25.25,25.28,19.91,"4,700"
6-Apr-16,25.48,25.69,25.46,25.69,20.23,"35,600"
5-Apr-16,25.57,25.57,25.46,25.48,20.06,"5,300"
4-Apr-16,26.2,26.2,25.88,25.88,20.38,"15,600"
1-Apr-16,25.82,26.21,25.66,26.19,20.62,"66,800"
31-Mar-16,26.3,26.32,26.25,26.25,20.67,900
30-Mar-16,26.35,26.35,26.26,26.26,20.68,"4,700"
29-Mar-16,25.57,26.05,25.53,26.03,20.49,"41,400"
28-Mar-16,25.82,25.83,25.56,25.56,20.12,"10,300"
24-Mar-16,25.38,25.63,25.38,25.63,20.18,"3,900"
23-Mar-16,25.86,25.86,25.6,25.6,20.16,"61,100"
22-Mar-16,25.98,26.18,25.95,26.02,20.49,"21,000"
21-Mar-16,26.15,26.16,26.05,26.13,20.57,"10,000"
18-Mar-16,26.31,26.31,26.01,26.01,20.48,"16,800"
17-Mar-16,25.72,26.05,25.62,26.03,20.49,"24,300"
16-Mar-16,24.85,25.49,24.79,25.49,20.07,"35,000"
15-Mar-16,25.3,25.3,24.85,24.93,19.63,"47,400"
14-Mar-16,26.31,26.31,25.22,25.31,19.93,"194,600"
11-Mar-16,25.32,25.43,25.24,25.43,20.02,"36,400"
10-Mar-16,25.19,25.19,24.62,24.85,19.56,"133,200"
9-Mar-16,25.16,25.16,24.82,24.88,19.59,"59,700"
8-Mar-16,24.71,24.8,24.52,24.68,19.43,"19,900"
7-Mar-16,24.94,25.16,24.92,25.08,19.75,"54,100"
4-Mar-16,24.79,25.14,24.79,25.11,19.77,"24,700"
3-Mar-16,24.47,24.65,24.46,24.6,19.37,"6,800"
2-Mar-16,24.22,24.45,24.2,24.45,19.25,"36,000"
1-Mar-16,23.73,24.27,23.73,24.23,19.08,"216,700"
29-Feb-16,23.53,23.63,23.38,23.48,18.49,"1,700"
26-Feb-16,23.47,23.47,23.3,23.31,18.35,"7,400"
25-Feb-16,23.4,23.51,23.34,23.47,18.48,"5,200"
24-Feb-16,23.16,23.43,23.16,23.39,18.42,"31,900"
23-Feb-16,23.72,23.73,23.5,23.5,18.5,"2,300"
22-Feb-16,23.73,23.95,23.73,23.94,18.85,"4,200"
19-Feb-16,23.36,23.55,23.33,23.55,18.54,"5,900"
18-Feb-16,23.63,23.64,23.38,23.38,18.41,"23,300"
17-Feb-16,23.25,23.58,23.25,23.54,18.53,"12,500"
16-Feb-16,23.3,23.3,23.09,23.23,18.29,"4,000"
12-Feb-16,22.59,22.71,22.59,22.7,17.87,"1,200"
11-Feb-16,22.69,22.69,22.42,22.6,17.79,"36,000"
10-Feb-16,23.12,23.12,22.9,22.93,18.05,"91,900"
9-Feb-16,22.76,22.9,22.62,22.65,17.83,"226,900"
8-Feb-16,23.25,23.25,22.85,23.07,18.16,"9,700"
5-Feb-16,23.37,23.48,23.34,23.34,18.38,"2,700"
4-Feb-16,23.7,23.72,23.49,23.64,18.61,"4,000"
3-Feb-16,23.09,23.45,22.89,23.43,18.45,"2,500"
2-Feb-16,23.5,23.5,22.92,23,18.11,"4,700"
1-Feb-16,24.22,24.22,23.34,23.66,18.63,"9,700"
29-Jan-16,23.36,23.78,23.36,23.78,18.72,"97,600"
28-Jan-16,22.6,23,22.6,23,18.11,"1,500"
27-Jan-16,22.68,23.02,22.68,22.74,17.9,"21,000"
26-Jan-16,22.57,22.85,22.57,22.77,17.93,"20,500"
25-Jan-16,22.78,22.85,22.59,22.59,17.79,"12,900"
22-Jan-16,22.7,22.8,22.65,22.78,17.94,"9,100"
21-Jan-16,22.06,22.25,22.06,22.14,17.43,"6,500"
20-Jan-16,22.3,22.3,21.46,22.2,17.48,"7,700"
19-Jan-16,22.75,23.35,21.84,22.44,17.67,"56,200"
15-Jan-16,22.91,22.91,22.16,22.2,17.48,"234,200"
14-Jan-16,22.76,23.15,22.76,23.13,18.21,"3,300"
13-Jan-16,23.13,23.37,22.83,22.83,17.98,"64,600"
12-Jan-16,23.21,23.24,22.95,23.13,18.21,"8,800"
11-Jan-16,23.1,23.1,22.79,23,18.11,"235,100"
8-Jan-16,23.7,23.7,23.1,23.1,18.19,"24,200"
7-Jan-16,23.32,23.54,23.22,23.29,18.34,"125,300"
6-Jan-16,24.06,24.12,23.85,23.9,18.82,"23,400"
5-Jan-16,24.04,24.47,24.04,24.43,19.23,"385,600"
4-Jan-16,25,25,24.03,24.23,19.08,"341,000"
31-Dec-15,25,25.12,24.95,25.07,19.74,"27,400"
30-Dec-15,25.25,25.25,25.03,25.04,19.71,"9,600"
29-Dec-15,25.39,25.45,25.32,25.43,20.02,"13,300"
28-Dec-15,25.51,25.53,25.2,25.39,19.99,"89,800"
24-Dec-15,25.39,26,25.36,25.6,20.16,"162,400"
23-Dec-15,0.062 Dividend ,,,,,
23-Dec-15,25.6,25.65,25.39,25.59,20.15,"62,400"
22-Dec-15,25.45,25.45,25.18,25.4,19.95,"83,800"
21-Dec-15,25.34,25.34,24.98,25.19,19.78,"83,300"
18-Dec-15,25.02,25.08,24.9,24.97,19.61,"104,000"
17-Dec-15,25.18,25.45,25.04,25.21,19.8,"15,900"
16-Dec-15,24.94,25.36,24.94,25.36,19.92,"4,800"
15-Dec-15,24.28,25.31,24.28,25.02,19.65,"205,800"
14-Dec-15,24.48,24.48,24.48,24.48,19.23,300
11-Dec-15,24.65,24.65,24.25,24.25,19.05,"15,349,900"
10-Dec-15,25.22,25.22,24.8,24.89,19.55,"69,000"
9-Dec-15,25.25,25.36,25.01,25.06,19.68,"1,800"
8-Dec-15,25.25,25.25,25.03,25.19,19.78,"8,000"
7-Dec-15,25.95,25.95,25.49,25.49,20.02,"5,800"
4-Dec-15,25.8,25.97,25.76,25.95,20.38,"14,100"
3-Dec-15,25.92,25.96,25.85,25.85,20.3,"5,000"
2-Dec-15,26.06,26.06,25.84,25.95,20.38,"9,500"
1-Dec-15,26.06,26.16,26.04,26.14,20.53,"148,900"
30-Nov-15,26.15,26.15,25.94,25.94,20.37,"4,200"
27-Nov-15,26.14,26.19,26.14,26.19,20.57,300
25-Nov-15,26.57,26.77,26.45,26.6,20.89,"37,300"
24-Nov-15,26.7,26.7,26.7,26.7,20.97,-
23-Nov-15,26.98,26.98,26.53,26.7,20.97,"56,400"
20-Nov-15,26.8,27.03,26.8,26.88,21.11,"18,600"
19-Nov-15,26.26,26.26,26.26,26.26,20.62,800
18-Nov-15,26.1,26.1,26.1,26.1,20.5,-
17-Nov-15,26.08,27.89,26.04,26.1,20.5,"43,300"
16-Nov-15,25.83,25.83,25.83,25.83,20.29,-
13-Nov-15,26.11,26.11,25.82,25.83,20.29,"25,900"
12-Nov-15,26.05,26.24,26,26.15,20.54,"3,800"
11-Nov-15,26.65,26.65,26.23,26.46,20.78,"33,800"
10-Nov-15,26.28,26.34,26.2,26.34,20.69,"2,100"
9-Nov-15,27.4,27.4,26.51,26.61,20.9,"6,000"
6-Nov-15,27.48,27.48,26.64,26.88,21.11,"8,500"
5-Nov-15,27.23,27.45,27.23,27.45,21.56,"1,900"
4-Nov-15,27.37,27.56,27.37,27.43,21.54,"3,200"
3-Nov-15,27.49,27.56,27.06,27.56,21.65,"7,500"
2-Nov-15,26.94,26.97,26.87,26.97,21.18,"3,900"
30-Oct-15,26.77,26.77,26.77,26.77,21.03,200
29-Oct-15,27.25,27.25,26.62,26.69,20.96,"10,200"
28-Oct-15,27.24,27.4,26.62,26.99,21.2,"3,500"
27-Oct-15,27.27,27.5,27.11,27.5,21.6,"2,400"
26-Oct-15,27.33,27.36,27.28,27.28,21.43,"6,200"
23-Oct-15,27.47,27.48,27.44,27.45,21.56,"1,200"
22-Oct-15,26.95,26.95,26.95,26.95,21.17,-
21-Oct-15,27,27.01,26.95,26.95,21.17,600
20-Oct-15,27.24,27.24,27.18,27.18,21.35,"2,800"
19-Oct-15,27.23,27.23,27.16,27.23,21.39,800
16-Oct-15,27.4,27.54,27.29,27.54,21.63,"5,100"
15-Oct-15,27.28,27.4,27.28,27.4,21.52,"179,500"
14-Oct-15,28.35,29.48,26.72,27.27,21.42,"5,900"
13-Oct-15,26.52,27.64,26.52,27.64,21.71,"8,600"
12-Oct-15,27.07,27.07,27.01,27.03,21.23,"2,400"
9-Oct-15,27.43,27.43,27.03,27.06,21.25,"7,100"
8-Oct-15,27.91,27.91,26.5,26.82,21.06,"738,200"
7-Oct-15,26.73,26.84,26.61,26.61,20.9,"7,900"
6-Oct-15,25.96,26.13,25.96,26.06,20.47,"1,300"
5-Oct-15,26.49,26.49,25.96,26,20.42,"23,100"
2-Oct-15,25.02,25.78,24.87,25.44,19.98,"6,900"
1-Oct-15,25.24,25.24,25.02,25.02,19.65,600
30-Sep-15,25.05,25.05,25,25,19.63,"5,400"
29-Sep-15,24.35,24.56,24.35,24.41,19.17,"14,100"