Date,Open,High,Low,Close,Adj Close,Volume
10-Nov-15,24.64,24.79,24.64,24.76,18.72,"16,4"
11-Nov-15,24.88,24.95,24.84,24.91,18.83,"14,200"
12-Nov-15,24.64,24.72,24.58,24.58,18.58,"21,000"
13-Nov-15,24.49,24.49,24.42,24.48,18.5,"7,100"
16-Nov-15,24.44,24.68,24.43,24.64,18.62,"8,100"
17-Nov-15,25.05,25.05,24.68,24.71,18.68,"3,300"
18-Nov-15,24.84,24.84,24.78,24.83,18.77,"942,100"
19-Nov-15,25.04,25.12,25.04,25.05,18.93,"13,900"
20-Nov-15,25.09,25.09,24.94,24.95,18.86,"19,000"
23-Nov-15,25.27,25.27,24.86,24.87,18.8,"1,400"
24-Nov-15,24.66,24.76,24.66,24.73,18.69,"26,200"
25-Nov-15,24.9,24.92,24.88,24.92,18.84,"8,000"
27-Nov-15,24.87,24.87,24.8,24.81,18.75,"7,500"
30-Nov-15,24.83,24.94,24.83,24.92,18.84,"91,600"
01-Dec-15,25.02,25.17,25.02,25.17,19.02,"13,800"
02-Dec-15,24.91,24.91,24.91,24.91,18.83,200
03-Dec-15,24.93,24.95,24.7,24.7,18.67,"10,100"
04-Dec-15,24.75,24.94,24.75,24.86,18.79,"38,000"
07-Dec-15,24.68,24.75,24.68,24.72,18.68,"1,700"
08-Dec-15,24.44,24.45,24.31,24.39,18.44,"9,600"
09-Dec-15,24.58,24.58,24.24,24.25,18.33,800
10-Dec-15,24.35,24.37,24.25,24.25,18.33,"8,100"
11-Dec-15,23.9,23.93,23.81,23.89,18.06,"11,400"
14-Dec-15,23.96,23.99,23.85,23.99,18.13,"5,000"
15-Dec-15,24.06,24.15,23.96,24.05,18.18,"13,100"
16-Dec-15,24.22,24.51,24.16,24.51,18.53,"2,000"
17-Dec-15,24.36,24.38,24.31,24.31,18.38,"4,100"
18-Dec-15,24.03,24.08,23.95,23.99,18.13,"165,500"
21-Dec-15,24.07,24.15,23.94,23.98,18.13,"100,600"
22-Dec-15,24.4,24.4,24.08,24.18,18.28,"11,600"
23-Dec-15,24.79,24.79,24.45,24.56,18.59,"9,100"
24-Dec-15,24.59,24.67,24.41,24.56,18.59,"26,500"
28-Dec-15,24.46,24.5,24.34,24.49,18.54,"6,100"
29-Dec-15,24.63,24.76,24.61,24.7,18.69,"41,200"
30-Dec-15,24.61,24.85,24.53,24.56,18.59,"28,000"
31-Dec-15,24.33,24.56,24.3,24.3,18.39,"25,100"
04-Jan-16,23.7,23.97,23.7,23.97,18.14,"1,000"
05-Jan-16,23.74,23.95,23.74,23.95,18.13,"19,800"
06-Jan-16,23.57,23.57,23.45,23.45,17.75,"2,800"
07-Jan-16,23.08,23.16,22.95,23.07,17.46,"21,800"
08-Jan-16,23.57,23.57,22.89,22.89,17.32,"19,500"
11-Jan-16,23.08,23.08,22.72,22.84,17.29,"3,300"
12-Jan-16,22.93,23.16,22.8,22.94,17.36,"13,300"
13-Jan-16,22.99,23.08,22.6,22.6,17.1,"13,800"
14-Jan-16,22.84,23.06,22.68,23.06,17.45,"1,300"
15-Jan-16,22.31,22.31,22.04,22.24,16.83,"228,900"
19-Jan-16,22.17,22.39,22.17,22.34,16.91,"30,100"
20-Jan-16,21.81,22.14,21.48,22.1,16.73,"501,600"
21-Jan-16,21.84,22.22,21.84,22.18,16.79,"197,000"
22-Jan-16,22.64,22.75,22.58,22.75,17.22,"37,500"
25-Jan-16,22.33,22.72,22.33,22.5,17.03,"42,600"
26-Jan-16,22.64,22.88,22.64,22.77,17.23,"296,900"
27-Jan-16,22.84,23.12,22.65,22.76,17.23,"11,100"
28-Jan-16,23.2,23.2,22.8,22.96,17.38,"30,500"
29-Jan-16,23.14,23.4,23.01,23.4,17.71,"6,400"
01-Feb-16,23.07,23.4,23.06,23.34,17.66,"24,500"
02-Feb-16,23.31,23.31,22.73,22.84,17.29,"91,800"
03-Feb-16,22.75,23.06,22.75,23.06,17.45,"12,400"
04-Feb-16,22.9,23.05,22.9,23.03,17.43,"1,700"
05-Feb-16,22.89,22.98,22.57,22.71,17.19,"12,000"
08-Feb-16,22.59,22.59,22.06,22.26,16.85,"18,900"
09-Feb-16,22.05,22.2,22.0,22.2,16.8,"246,000"
10-Feb-16,22.48,22.48,22.09,22.19,16.79,"16,600"
11-Feb-16,22.18,22.18,21.6,21.85,16.54,"6,700"
12-Feb-16,22.05,22.05,21.7,21.91,16.58,"1,800"
16-Feb-16,22.49,22.5,22.37,22.5,17.03,"41,800"
17-Feb-16,22.18,22.95,22.18,22.95,17.37,"12,200"
18-Feb-16,23.0,23.08,22.7,23.04,17.44,"5,300"
19-Feb-16,22.62,22.81,22.62,22.81,17.26,"5,100"
22-Feb-16,23.14,23.14,23.06,23.13,17.51,"8,800"
23-Feb-16,22.89,22.89,22.75,22.75,17.22,"5,900"
24-Feb-16,22.3,22.77,22.28,22.77,17.23,"255,100"
25-Feb-16,22.74,22.99,22.74,22.98,17.39,"6,100"
26-Feb-16,23.04,23.09,22.85,22.85,17.29,"238,800"
29-Feb-16,22.81,22.98,22.79,22.79,17.25,"34,200"
01-Mar-16,22.78,23.36,22.78,23.36,17.68,"60,900"
02-Mar-16,23.21,23.44,23.12,23.44,17.74,"37,700"
03-Mar-16,23.5,23.64,23.5,23.64,17.89,"101,600"
04-Mar-16,23.75,23.94,23.64,23.84,18.04,"159,200"
07-Mar-16,23.69,23.83,23.65,23.78,18.0,"75,600"
08-Mar-16,23.6,23.69,23.53,23.53,17.81,"20,500"
09-Mar-16,23.63,23.77,23.58,23.7,17.94,"53,200"
10-Mar-16,24.07,24.07,23.33,23.53,17.81,"55,300"
11-Mar-16,24.07,24.23,24.0,24.21,18.32,"12,400"
14-Mar-16,25.08,25.08,24.11,24.18,18.3,"176,000"
15-Mar-16,23.97,23.98,23.85,23.98,18.15,"22,700"
16-Mar-16,23.95,24.25,23.83,24.22,18.33,"15,300"
17-Mar-16,24.31,24.45,24.23,24.45,18.5,"14,500"
18-Mar-16,24.43,24.45,24.3,24.3,18.39,"60,500"
21-Mar-16,24.4,24.45,24.26,24.27,18.37,"41,000"
22-Mar-16,24.23,24.34,24.16,24.24,18.35,"17,200"
23-Mar-16,24.14,24.14,23.95,23.99,18.21,"8,600"
24-Mar-16,23.8,23.84,23.72,23.8,18.06,"9,300"
28-Mar-16,23.96,24.02,23.85,24.02,18.23,"10,400"
29-Mar-16,23.83,24.29,23.83,24.28,18.43,"6,400"
30-Mar-16,24.51,24.55,24.42,24.47,18.57,"13,300"
31-Mar-16,24.41,24.45,24.25,24.28,18.43,"20,900"
01-Apr-16,23.9,24.05,23.77,24.05,18.25,"73,900"
04-Apr-16,24.22,24.22,23.97,24.01,18.22,"17,200"
05-Apr-16,23.61,23.62,23.49,23.57,17.89,"33,400"
06-Apr-16,23.63,23.93,23.63,23.93,18.16,"101,600"
07-Apr-16,23.79,23.79,23.6,23.6,17.91,"13,600"
08-Apr-16,23.91,24.11,23.91,23.98,18.2,"102,500"
11-Apr-16,24.26,24.26,23.97,24.02,18.23,"20,900"
12-Apr-16,24.1,24.44,24.1,24.4,18.52,"19,100"
13-Apr-16,24.69,24.69,24.5,24.6,18.67,"21,500"
14-Apr-16,24.78,24.78,24.64,24.66,18.72,"123,400"
15-Apr-16,24.68,24.68,24.55,24.57,18.65,"6,600"
18-Apr-16,24.7,24.77,24.7,24.76,18.79,"19,400"
19-Apr-16,25.16,25.22,25.09,25.13,19.07,"12,200"
20-Apr-16,25.21,25.27,25.12,25.18,19.11,"16,400"
21-Apr-16,25.14,25.14,24.9,24.97,18.95,"15,500"
22-Apr-16,24.9,24.96,24.8,24.92,18.91,"42,900"
25-Apr-16,24.76,24.85,24.73,24.84,18.85,"48,000"
26-Apr-16,24.96,24.96,24.85,24.91,18.91,"9,500"
27-Apr-16,24.85,24.97,24.81,24.92,18.91,"22,100"
28-Apr-16,24.88,24.88,24.62,24.68,18.73,"326,700"
29-Apr-16,24.75,24.75,24.54,24.69,18.74,"56,300"
02-May-16,24.8,24.9,24.8,24.89,18.89,"18,900"
03-May-16,24.57,24.6,24.47,24.47,18.57,"79,800"
04-May-16,24.31,24.36,24.22,24.25,18.41,"44,700"
05-May-16,24.19,24.3,24.13,24.17,18.35,"49,600"
06-May-16,24.2,24.27,24.14,24.22,18.38,"185,300"
09-May-16,24.35,24.35,24.2,24.2,18.37,"42,000"
10-May-16,24.36,24.58,24.36,24.58,18.66,"17,400"
11-May-16,24.43,24.52,24.35,24.37,18.5,"37,200"
12-May-16,24.46,24.56,24.27,24.35,18.48,"25,200"
13-May-16,24.21,24.25,24.07,24.08,18.28,"22,000"
16-May-16,24.1,24.38,24.1,24.36,18.49,"19,500"
17-May-16,24.26,24.42,24.17,24.23,18.39,"42,500"
18-May-16,24.29,24.4,24.14,24.18,18.36,"26,900"
19-May-16,23.99,24.09,23.94,24.04,18.25,"34,400"
20-May-16,24.29,24.29,24.19,24.21,18.38,"29,600"
23-May-16,24.23,24.24,24.14,24.15,18.33,"450,300"
24-May-16,24.38,24.53,24.38,24.5,18.6,"18,700"
25-May-16,24.66,24.71,24.6,24.66,18.72,"141,800"
26-May-16,24.81,24.84,24.69,24.76,18.79,"37,400"
27-May-16,24.75,24.78,24.68,24.73,18.77,"18,100"
31-May-16,24.87,24.89,24.58,24.65,18.71,"34,800"
01-Jun-16,24.53,24.65,24.51,24.6,18.67,"47,700"
02-Jun-16,24.56,24.65,24.5,24.63,18.69,"17,200"
03-Jun-16,24.76,24.87,24.68,24.85,18.86,"25,100"
06-Jun-16,25.04,25.07,24.92,24.99,18.97,"19,000"
07-Jun-16,25.14,25.25,25.14,25.2,19.13,"43,500"
08-Jun-16,25.17,25.3,25.17,25.26,19.17,"20,300"
09-Jun-16,24.97,25.0,24.89,24.98,18.96,"22,600"
10-Jun-16,24.44,24.47,24.22,24.28,18.43,"351,600"
13-Jun-16,24.08,24.17,23.91,23.95,18.18,"17,500"
14-Jun-16,23.75,23.75,23.54,23.63,17.94,"15,600"
15-Jun-16,23.84,23.89,23.75,23.75,18.03,"23,800"
16-Jun-16,23.83,23.83,23.32,23.77,18.04,"33,500"
17-Jun-16,23.9,24.01,23.8,23.97,18.19,"436,700"
20-Jun-16,24.63,24.67,24.52,24.55,18.63,"26,800"
21-Jun-16,24.64,24.86,24.64,24.72,18.76,"12,800"
22-Jun-16,24.77,24.91,24.7,24.71,18.75,"70,400"
23-Jun-16,24.82,25.12,24.82,25.04,19.18,"512,500"
24-Jun-16,22.82,23.6,22.82,23.1,17.7,"95,400"
27-Jun-16,22.59,22.63,22.36,22.63,17.34,"17,100"
28-Jun-16,23.2,23.28,23.0,23.28,17.83,"639,000"
29-Jun-16,23.4,23.73,23.4,23.59,18.07,"87,300"
30-Jun-16,23.69,23.94,23.58,23.94,18.34,"157,300"
01-Jul-16,24.09,24.09,23.98,24.03,18.41,"37,500"
05-Jul-16,23.63,23.76,23.49,23.55,18.04,"16,700"
06-Jul-16,23.21,23.53,23.21,23.52,18.02,"106,300"
07-Jul-16,23.57,23.57,23.35,23.48,17.99,"61,800"
08-Jul-16,23.69,23.79,23.68,23.75,18.19,"14,700"
11-Jul-16,24.0,24.16,24.0,24.09,18.46,"209,100"
12-Jul-16,24.31,24.4,24.29,24.34,18.65,"19,700"
13-Jul-16,24.28,24.51,24.28,24.3,18.62,"99,800"
14-Jul-16,24.52,24.55,24.46,24.5,18.77,"62,900"
15-Jul-16,24.33,24.35,24.23,24.31,18.62,"42,500"
18-Jul-16,24.41,24.46,24.31,24.36,18.66,"29,300"
19-Jul-16,24.53,24.53,24.17,24.23,18.56,"57,800"
20-Jul-16,24.29,24.49,24.29,24.44,18.72,"12,100"
21-Jul-16,24.66,24.66,24.28,24.31,18.62,"59,900"
22-Jul-16,24.42,24.5,24.3,24.34,18.65,"1,446,600"
25-Jul-16,24.58,24.58,24.28,24.36,18.66,"42,100"
26-Jul-16,24.37,24.51,24.37,24.43,18.72,"22,800"
27-Jul-16,24.6,24.62,24.41,24.57,18.82,"49,800"
28-Jul-16,24.6,24.64,24.52,24.58,18.83,"131,500"
29-Jul-16,24.76,24.92,24.75,24.88,19.06,"16,200"
01-Aug-16,24.84,24.92,24.72,24.75,18.96,"27,000"
02-Aug-16,24.65,24.79,24.59,24.67,18.9,"94,600"
03-Aug-16,24.51,24.61,24.51,24.56,18.82,"14,300"
04-Aug-16,24.62,24.68,24.53,24.67,18.9,"90,200"
05-Aug-16,24.68,24.76,24.63,24.74,18.95,"38,000"
08-Aug-16,24.73,24.74,24.67,24.7,18.92,"223,700"
09-Aug-16,24.72,25.0,24.72,24.89,19.07,"35,200"
10-Aug-16,25.0,25.13,24.99,24.99,19.14,"85,100"
11-Aug-16,25.22,25.28,25.14,25.21,19.31,"231,600"
12-Aug-16,25.21,25.3,25.13,25.19,19.3,"70,300"
15-Aug-16,25.33,25.33,25.24,25.26,19.35,"19,500"
16-Aug-16,25.22,25.29,25.19,25.2,19.31,"64,400"
17-Aug-16,25.05,25.23,25.02,25.2,19.3,"29,900"
18-Aug-16,25.3,25.33,25.18,25.33,19.41,"91,200"
19-Aug-16,25.28,25.28,24.97,25.09,19.22,"13,400"
22-Aug-16,25.15,25.2,25.01,25.12,19.24,"38,900"
23-Aug-16,25.25,25.38,25.25,25.25,19.34,"34,800"
24-Aug-16,25.26,25.29,25.16,25.16,19.28,"175,000"
25-Aug-16,25.01,25.13,25.01,25.07,19.21,"130,500"
26-Aug-16,25.19,25.2,24.81,24.9,19.08,"76,500"
29-Aug-16,24.92,24.99,24.83,24.93,19.1,"34,500"
30-Aug-16,24.93,24.93,24.82,24.85,19.04,"32,500"
31-Aug-16,24.82,24.85,24.69,24.78,18.98,"37,300"
01-Sep-16,24.8,24.96,24.8,24.96,19.12,"85,500"
02-Sep-16,25.09,25.22,25.09,25.21,19.31,"42,000"
06-Sep-16,25.24,25.48,25.24,25.42,19.47,"20,800"
07-Sep-16,25.56,25.56,25.4,25.46,19.5,"26,400"
08-Sep-16,25.48,25.52,25.35,25.39,19.45,"36,600"
09-Sep-16,25.2,25.2,24.83,24.83,19.02,"242,300"
12-Sep-16,24.76,25.07,24.72,25.07,19.21,"91,500"
13-Sep-16,24.79,24.79,24.5,24.61,18.85,"81,700"
14-Sep-16,24.61,24.66,24.53,24.57,18.82,"20,000"
15-Sep-16,24.69,24.86,24.6,24.82,19.01,"24,000"
16-Sep-16,24.56,24.62,24.45,24.49,18.76,"88,500"
19-Sep-16,24.68,24.84,24.64,24.67,18.9,"49,400"
20-Sep-16,24.92,24.95,24.82,24.85,19.04,"76,900"
21-Sep-16,24.97,25.27,24.97,25.22,19.32,"38,800"
22-Sep-16,25.49,25.61,25.47,25.49,19.53,"11,900"
23-Sep-16,25.3,25.3,25.15,25.19,19.37,"37,200"
26-Sep-16,24.92,25.05,24.92,24.98,19.21,"17,500"
27-Sep-16,24.89,25.11,24.89,25.07,19.28,"15,400"
28-Sep-16,25.23,25.38,25.04,25.32,19.48,"476,500"
29-Sep-16,25.15,25.27,24.9,24.95,19.19,"32,500"
30-Sep-16,25.06,25.24,25.02,25.12,19.32,"25,400"
03-Oct-16,25.05,25.11,24.96,25.08,19.29,"79,000"
04-Oct-16,25.13,25.2,24.95,25.0,19.23,"29,500"
05-Oct-16,25.2,25.2,25.01,25.12,19.32,"29,400"
06-Oct-16,24.93,25.02,24.91,24.94,19.18,"30,100"
07-Oct-16,24.79,24.79,24.57,24.74,19.03,"37,400"
10-Oct-16,24.71,24.88,24.71,24.82,19.09,"25,200"
11-Oct-16,24.78,24.78,24.44,24.5,18.84,"31,900"
12-Oct-16,24.43,24.5,24.4,24.46,18.82,"36,200"
13-Oct-16,24.28,24.49,24.23,24.45,18.81,"46,700"
14-Oct-16,24.51,24.65,24.46,24.46,18.81,"27,500"
17-Oct-16,24.4,24.45,24.35,24.37,18.74,"38,300"
18-Oct-16,24.6,24.7,24.6,24.64,18.95,"45,200"
19-Oct-16,24.76,24.8,24.74,24.75,19.04,"27,500"
20-Oct-16,24.66,24.76,24.62,24.71,19.01,"71,000"
21-Oct-16,24.59,24.63,24.51,24.63,18.94,"19,400"
24-Oct-16,24.77,24.77,24.56,24.61,18.93,"37,200"
25-Oct-16,24.62,24.62,24.53,24.56,18.89,"384,300"
26-Oct-16,24.55,24.55,24.43,24.47,18.82,"36,700"
27-Oct-16,24.7,24.7,24.43,24.46,18.81,"21,500"
28-Oct-16,24.44,24.46,24.39,24.42,18.78,"42,000"
31-Oct-16,24.37,24.49,24.36,24.47,18.82,"22,600"
01-Nov-16,24.53,24.53,24.33,24.39,18.76,"115,400"
02-Nov-16,24.31,24.4,24.13,24.13,18.56,"198,800"
03-Nov-16,24.31,24.31,24.12,24.13,18.56,"171,400"
04-Nov-16,24.01,24.06,23.9,23.9,18.38,"151,000"
07-Nov-16,24.13,24.19,24.1,24.17,18.59,"38,100"
08-Nov-16,24.12,24.32,24.09,24.26,18.66,"51,500"
09-Nov-16,24.17,24.43,24.07,24.36,18.74,"242,500"
10-Nov-16,24.26,24.47,23.99,24.15,18.58,"130,000"
11-Nov-16,23.97,23.97,23.83,23.92,18.4,"39,600"
14-Nov-16,23.69,23.74,23.61,23.74,18.26,"20,800"
15-Nov-16,23.67,23.91,23.67,23.91,18.39,"47,500"
16-Nov-16,23.7,23.78,23.64,23.71,18.24,"98,800"
17-Nov-16,23.9,23.9,23.77,23.87,18.36,"37,100"
18-Nov-16,23.71,23.71,23.63,23.66,18.2,"63,100"
21-Nov-16,23.78,23.85,23.76,23.85,18.34,"17,600"
22-Nov-16,23.96,23.98,23.83,23.93,18.4,"79,600"
23-Nov-16,23.79,23.86,23.71,23.83,18.33,"161,900"
25-Nov-16,23.92,23.95,23.89,23.91,18.39,"12,800"
28-Nov-16,23.93,23.93,23.82,23.84,18.34,"93,500"
29-Nov-16,23.86,24.07,23.86,24.03,18.48,"71,200"
30-Nov-16,24.04,24.04,23.88,23.93,18.41,"73,500"
01-Dec-16,23.91,23.96,23.78,23.81,18.31,"50,400"
02-Dec-16,23.84,23.97,23.81,23.93,18.41,"119,600"
05-Dec-16,24.07,24.15,23.99,24.12,18.55,"40,100"
06-Dec-16,24.11,24.24,24.1,24.18,18.6,"102,400"
07-Dec-16,24.23,24.53,24.23,24.47,18.82,"55,000"
08-Dec-16,24.47,24.49,24.36,24.41,18.78,"55,000"
09-Dec-16,24.47,24.56,24.42,24.51,18.85,"87,500"
12-Dec-16,24.55,24.55,24.41,24.44,18.8,"41,100"
13-Dec-16,24.61,24.78,24.61,24.71,19.01,"157,800"
14-Dec-16,24.63,24.7,24.26,24.28,18.68,"71,400"
15-Dec-16,24.24,24.27,24.12,24.24,18.64,"51,300"
16-Dec-16,24.15,24.34,24.15,24.25,18.65,"64,000"
19-Dec-16,24.33,24.38,24.25,24.28,18.68,"352,600"
20-Dec-16,24.25,24.41,24.25,24.39,18.76,"87,500"
21-Dec-16,24.36,24.41,24.33,24.37,18.74,"64,700"
22-Dec-16,24.26,24.29,24.17,24.24,18.74,"92,600"
23-Dec-16,24.23,24.32,24.21,24.27,18.76,"96,900"
27-Dec-16,24.32,24.35,24.27,24.3,18.79,"35,800"
28-Dec-16,24.24,24.3,24.16,24.21,18.72,"70,400"
29-Dec-16,24.25,24.34,24.25,24.29,18.78,"68,200"
30-Dec-16,24.52,24.52,24.32,24.36,18.83,"355,900"
03-Jan-17,24.49,24.49,24.31,24.4,18.86,"489,900"
04-Jan-17,24.53,24.73,24.5,24.68,19.08,"171,000"
05-Jan-17,24.75,24.97,24.75,24.92,19.27,"334,200"
06-Jan-17,24.83,24.9,24.83,24.83,19.2,"71,000"
09-Jan-17,24.75,24.85,24.75,24.81,19.18,"58,500"
10-Jan-17,24.85,24.9,24.79,24.81,19.18,"97,300"
11-Jan-17,24.78,24.96,24.75,24.96,19.3,"37,700"
12-Jan-17,24.99,25.02,24.87,24.96,19.3,"86,300"
13-Jan-17,25.04,25.08,24.97,25.05,19.37,"65,400"
17-Jan-17,25.07,25.07,24.98,25.02,19.35,"124,300"
18-Jan-17,25.05,25.05,24.84,24.88,19.23,"51,900"
19-Jan-17,24.87,24.9,24.8,24.89,19.24,"26,200"
20-Jan-17,24.92,24.96,24.88,24.96,19.3,"44,900"
23-Jan-17,25.01,25.05,24.89,25.05,19.37,"44,300"
24-Jan-17,24.93,25.16,24.93,25.06,19.37,"130,300"
25-Jan-17,25.25,25.37,25.25,25.35,19.6,"41,900"
26-Jan-17,25.33,25.33,25.24,25.28,19.54,"29,100"
27-Jan-17,25.25,25.28,25.17,25.23,19.5,"41,600"
30-Jan-17,24.99,25.07,24.93,25.01,19.33,"81,200"
31-Jan-17,25.12,25.16,25.01,25.12,19.42,"32,600"
01-Feb-17,25.23,25.28,25.13,25.2,19.48,"82,900"
02-Feb-17,25.24,25.33,25.19,25.25,19.52,"35,800"
03-Feb-17,25.24,25.38,25.24,25.34,19.59,"46,600"
06-Feb-17,25.14,25.15,25.03,25.11,19.41,"55,900"
07-Feb-17,25.02,25.16,25.02,25.11,19.41,"40,800"
08-Feb-17,25.16,25.25,25.14,25.2,19.48,"30,800"
09-Feb-17,25.28,25.33,25.23,25.3,19.56,"32,300"
10-Feb-17,25.29,25.43,25.29,25.38,19.62,"96,900"
13-Feb-17,25.49,25.55,25.45,25.45,19.67,"66,500"
14-Feb-17,25.43,25.45,25.27,25.41,19.64,"35,500"
15-Feb-17,25.3,25.5,25.29,25.5,19.71,"73,300"
16-Feb-17,25.57,25.59,25.51,25.55,19.75,"56,600"
17-Feb-17,25.5,25.52,25.41,25.5,19.71,"79,600"
21-Feb-17,25.52,25.58,25.47,25.57,19.77,"67,600"
22-Feb-17,25.55,25.6,25.45,25.57,19.77,"124,600"
23-Feb-17,25.72,25.72,25.61,25.63,19.81,"37,100"
24-Feb-17,25.38,25.49,25.38,25.42,19.65,"40,600"
27-Feb-17,25.44,25.52,25.41,25.49,19.71,"36,800"
28-Feb-17,25.51,25.54,25.4,25.43,19.66,"22,400"
01-Mar-17,25.57,25.72,25.56,25.65,19.83,"41,800"
02-Mar-17,25.59,25.59,25.47,25.49,19.71,"240,500"
03-Mar-17,25.52,25.66,25.47,25.61,19.8,"707,800"
06-Mar-17,25.6,25.6,25.48,25.52,19.73,"59,900"
07-Mar-17,25.55,25.55,25.41,25.46,19.68,"67,100"
08-Mar-17,25.54,25.54,25.38,25.39,19.63,"141,000"
09-Mar-17,25.48,25.49,25.37,25.44,19.67,"368,600"
10-Mar-17,25.65,25.69,25.54,25.65,19.83,"46,000"
13-Mar-17,25.72,25.78,25.68,25.75,19.91,"51,000"
14-Mar-17,25.59,25.6,25.51,25.56,19.76,"45,100"
15-Mar-17,25.55,25.96,25.55,25.9,20.02,"75,700"
16-Mar-17,26.11,26.12,26.03,26.1,20.18,"113,700"
17-Mar-17,26.09,26.21,26.09,26.1,20.18,"64,100"
20-Mar-17,26.14,26.17,26.03,26.04,20.13,"32,800"
21-Mar-17,26.3,26.31,25.92,25.97,20.08,"86,300"
22-Mar-17,25.8,26.0,25.8,25.93,20.05,"118,100"
23-Mar-17,25.98,26.12,25.96,26.05,20.14,"35,900"
24-Mar-17,26.04,26.08,25.96,25.99,20.17,"58,700"
27-Mar-17,25.99,26.12,25.99,26.1,20.25,"39,200"
28-Mar-17,26.18,26.25,26.1,26.21,20.34,"81,700"
29-Mar-17,26.17,26.25,26.14,26.22,20.34,"80,500"
30-Mar-17,26.22,26.27,26.15,26.15,20.29,"22,400"
31-Mar-17,26.12,26.2,26.02,26.17,20.3,"73,800"
03-Apr-17,26.2,26.2,25.98,26.15,20.29,"47,600"
04-Apr-17,25.93,26.15,25.93,26.1,20.25,"67,600"
05-Apr-17,26.08,26.18,26.02,26.03,20.2,"22,000"
06-Apr-17,26.07,26.08,25.99,26.05,20.21,"33,900"
07-Apr-17,25.96,26.09,25.96,25.99,20.17,"35,100"
10-Apr-17,26.01,26.08,26.0,26.04,20.2,"19,800"
11-Apr-17,26.09,26.17,25.97,26.16,20.3,"44,700"
12-Apr-17,26.12,26.17,26.03,26.17,20.3,"38,800"
13-Apr-17,26.05,26.09,25.96,25.99,20.17,"33,100"
17-Apr-17,26.07,26.28,26.05,26.23,20.35,"226,300"
18-Apr-17,26.07,26.08,25.91,26.04,20.2,"132,800"
19-Apr-17,26.09,26.11,25.92,25.94,20.13,"70,200"
20-Apr-17,26.13,26.2,26.12,26.16,20.3,"108,000"
21-Apr-17,26.11,26.15,26.05,26.15,20.29,"79,200"
24-Apr-17,26.65,26.76,26.64,26.76,20.76,"62,500"
25-Apr-17,26.81,26.92,26.79,26.9,20.87,"69,900"
26-Apr-17,26.82,26.91,26.77,26.86,20.84,"129,900"
27-Apr-17,26.85,26.88,26.79,26.86,20.84,"114,400"
28-Apr-17,26.85,26.89,26.84,26.84,20.82,"54,600"
01-May-17,26.96,26.97,26.88,26.95,20.91,"50,700"
02-May-17,27.02,27.11,26.92,27.03,20.97,"87,300"
03-May-17,26.99,27.03,26.95,27.0,20.95,"53,000"
04-May-17,27.09,27.23,27.08,27.22,21.12,"72,100"
05-May-17,27.25,27.51,27.19,27.46,21.31,"51,700"
08-May-17,27.42,27.42,27.26,27.33,21.2,"22,900"
09-May-17,27.3,27.34,27.19,27.28,21.17,"105,000"
10-May-17,27.32,27.36,27.27,27.32,21.2,"43,600"
11-May-17,27.19,27.25,27.14,27.21,21.11,"25,600"
12-May-17,27.28,27.4,27.25,27.36,21.23,"24,200"
15-May-17,27.47,27.56,27.43,27.5,21.34,"36,100"
16-May-17,27.67,27.73,27.63,27.69,21.48,"245,200"
17-May-17,27.55,27.58,27.33,27.33,21.2,"150,100"
18-May-17,27.34,27.47,27.28,27.44,21.29,"146,500"
19-May-17,27.62,27.74,27.62,27.7,21.49,"97,700"
22-May-17,27.8,27.84,27.76,27.81,21.58,"34,000"
23-May-17,27.87,27.88,27.72,27.74,21.52,"269,600"
24-May-17,27.69,27.79,27.67,27.79,21.56,"45,300"
25-May-17,27.78,27.87,27.76,27.8,21.57,"42,000"
26-May-17,27.65,27.72,27.65,27.68,21.48,"139,600"
30-May-17,27.69,27.78,27.69,27.74,21.52,"41,100"
31-May-17,27.94,27.94,27.78,27.82,21.59,"152,800"
01-Jun-17,27.94,28.03,27.92,28.03,21.75,"30,200"
02-Jun-17,28.14,28.32,28.14,28.3,21.96,"44,500"
05-Jun-17,28.17,28.22,28.14,28.14,21.83,"61,800"
06-Jun-17,28.06,28.12,28.03,28.11,21.81,"136,000"
07-Jun-17,28.14,28.19,27.99,28.11,21.81,"39,800"
08-Jun-17,27.97,28.07,27.95,28.04,21.76,"95,600"
09-Jun-17,27.88,27.99,27.82,27.93,21.67,"42,500"
12-Jun-17,27.8,27.85,27.73,27.83,21.59,"51,300"
13-Jun-17,27.98,28.09,27.96,28.05,21.76,"51,700"
14-Jun-17,28.22,28.22,27.95,28.05,21.76,"21,700"
15-Jun-17,27.61,27.76,27.6,27.75,21.53,"61,300"
16-Jun-17,27.86,27.98,27.79,27.94,21.68,"23,400"
19-Jun-17,28.05,28.16,28.05,28.13,21.83,"36,100"
20-Jun-17,28.1,28.1,27.85,27.9,21.65,"24,800"
21-Jun-17,27.81,27.85,27.76,27.85,21.61,"39,800"
22-Jun-17,27.8,27.92,27.8,27.83,21.59,"68,400"
23-Jun-17,27.55,27.71,27.55,27.64,21.66,"42,700"
26-Jun-17,27.81,27.89,27.69,27.72,21.72,"51,100"
27-Jun-17,27.71,27.78,27.67,27.67,21.68,"219,400"
28-Jun-17,27.78,27.96,27.78,27.89,21.85,"51,600"
29-Jun-17,27.82,27.82,27.58,27.67,21.68,"90,000"
30-Jun-17,27.74,27.74,27.56,27.68,21.69,"57,900"
03-Jul-17,27.71,27.73,27.63,27.68,21.69,"60,300"
05-Jul-17,27.54,27.69,27.5,27.67,21.68,"65,600"
06-Jul-17,27.5,27.56,27.45,27.48,21.53,"56,800"
07-Jul-17,27.45,27.57,27.37,27.54,21.58,"19,400"
10-Jul-17,27.44,27.58,27.42,27.51,21.56,"183,200"
11-Jul-17,27.44,27.62,27.41,27.52,21.56,"52,500"
12-Jul-17,27.73,27.88,27.73,27.81,21.79,"116,400"
13-Jul-17,27.8,27.96,27.8,27.89,21.85,"142,700"
14-Jul-17,27.99,28.13,27.97,28.1,22.02,"36,400"
17-Jul-17,28.06,28.16,27.97,28.04,21.97,"119,000"
18-Jul-17,28.1,28.17,28.03,28.09,22.01,"69,500"
19-Jul-17,28.19,28.29,28.17,28.27,22.15,"53,800"
20-Jul-17,28.3,28.38,28.29,28.36,22.22,"23,100"
21-Jul-17,28.22,28.25,28.07,28.25,22.14,"75,700"
24-Jul-17,28.14,28.21,28.07,28.19,22.09,"25,300"
25-Jul-17,28.33,28.35,28.22,28.23,22.12,"85,000"
26-Jul-17,28.29,28.47,28.25,28.39,22.24,"56,700"
27-Jul-17,28.49,28.49,28.22,28.28,22.16,"43,000"
28-Jul-17,28.25,28.43,28.25,28.35,22.21,"20,600"
31-Jul-17,28.39,28.49,28.35,28.44,22.28,"30,300"
01-Aug-17,28.61,28.67,28.52,28.52,22.35,"34,400"
02-Aug-17,28.58,28.65,28.53,28.6,22.41,"40,000"
03-Aug-17,28.6,28.67,28.56,28.61,22.42,"33,300"
04-Aug-17,28.6,28.63,28.51,28.55,22.37,"26,700"
07-Aug-17,28.52,28.61,28.52,28.59,22.4,"29,700"
08-Aug-17,28.54,28.62,28.45,28.46,22.3,"30,200"
09-Aug-17,28.39,28.43,28.32,28.37,22.23,"32,200"
10-Aug-17,28.29,28.31,28.05,28.06,21.99,"37,500"
11-Aug-17,28.03,28.13,27.98,28.04,21.97,"104,100"
14-Aug-17,28.21,28.33,28.21,28.28,22.16,"40,600"
15-Aug-17,28.24,28.27,28.15,28.23,22.12,"53,300"
16-Aug-17,28.3,28.47,28.29,28.41,22.26,"62,200"
17-Aug-17,28.36,28.4,28.18,28.19,22.09,"63,500"
18-Aug-17,28.2,28.31,28.15,28.19,22.09,"143,500"
21-Aug-17,28.2,28.27,28.16,28.19,22.09,"37,800"
22-Aug-17,28.26,28.35,28.26,28.32,22.19,"15,700"
23-Aug-17,28.27,28.37,28.26,28.35,22.21,"46,000"
24-Aug-17,28.33,28.4,28.3,28.32,22.19,"32,800"
25-Aug-17,28.4,28.51,28.38,28.47,22.31,"27,300"
28-Aug-17,28.51,28.51,28.41,28.44,22.28,"24,500"
29-Aug-17,28.3,28.4,28.3,28.35,22.21,"101,000"
30-Aug-17,28.3,28.33,28.25,28.31,22.18,"88,400"
31-Aug-17,28.46,28.58,28.4,28.53,22.35,"33,600"
01-Sep-17,28.67,28.67,28.57,28.6,22.41,"31,400"
05-Sep-17,28.52,28.53,28.29,28.37,22.23,"23,100"
06-Sep-17,28.52,28.63,28.5,28.6,22.41,"191,900"
07-Sep-17,28.79,28.84,28.73,28.83,22.59,"885,400"
08-Sep-17,28.89,28.93,28.8,28.81,22.57,"50,800"
11-Sep-17,28.98,29.11,28.98,29.02,22.74,"27,000"
12-Sep-17,29.14,29.16,29.05,29.12,22.82,"32,700"
13-Sep-17,29.05,29.07,28.84,28.94,22.68,"244,400"
14-Sep-17,28.82,29.04,28.82,29.02,22.74,"147,100"
15-Sep-17,29.01,29.04,28.93,29.0,22.72,"59,100"
18-Sep-17,29.08,29.15,28.93,29.07,22.78,"41,400"
19-Sep-17,29.08,29.17,29.06,29.16,22.85,"43,800"
20-Sep-17,29.17,29.24,28.98,29.17,22.86,"53,400"
21-Sep-17,28.96,29.07,28.96,28.96,22.69,"51,100"
22-Sep-17,28.93,29.03,28.91,28.97,22.79,"127,200"
25-Sep-17,28.89,28.96,28.78,28.88,22.72,"51,100"
26-Sep-17,28.76,28.77,28.65,28.76,22.63,"176,300"
27-Sep-17,28.66,28.84,28.66,28.83,22.68,"35,500"
28-Sep-17,28.75,28.9,28.75,28.87,22.71,"41,400"
29-Sep-17,28.92,29.04,28.85,29.01,22.82,"80,900"
02-Oct-17,28.93,29.05,28.93,29.02,22.83,"87,700"
03-Oct-17,29.05,29.13,29.03,29.11,22.9,"60,900"
04-Oct-17,29.08,29.1,28.99,29.06,22.86,"29,100"
05-Oct-17,28.99,29.05,28.99,29.03,22.84,"44,600"
06-Oct-17,28.89,29.0,28.87,28.93,22.76,"46,600"
09-Oct-17,29.01,29.04,28.96,28.96,22.78,"21,100"
10-Oct-17,29.16,29.28,29.15,29.24,23.0,"33,300"
11-Oct-17,29.26,29.34,29.22,29.33,23.07,"74,100"
12-Oct-17,29.32,29.38,29.26,29.31,23.06,"91,600"
13-Oct-17,29.5,29.54,29.38,29.51,23.22,"46,200"
16-Oct-17,29.51,29.51,29.41,29.42,23.14,"56,100"
17-Oct-17,29.34,29.4,29.27,29.36,23.1,"41,800"
18-Oct-17,29.38,29.45,29.35,29.42,23.14,"59,500"
19-Oct-17,29.27,29.37,29.27,29.37,23.11,"26,400"
20-Oct-17,29.34,29.36,29.26,29.33,23.07,"41,000"
23-Oct-17,29.38,29.38,29.24,29.24,23.01,"62,100"
24-Oct-17,29.3,29.35,29.26,29.26,23.02,"62,100"
25-Oct-17,29.28,29.36,29.09,29.19,22.96,"47,500"
26-Oct-17,29.25,29.3,29.18,29.18,22.96,"28,300"
27-Oct-17,29.12,29.24,29.12,29.23,23.0,"41,700"
30-Oct-17,29.12,29.3,29.12,29.3,23.05,"73,200"
31-Oct-17,29.31,29.4,29.27,29.34,23.08,"78,800"
01-Nov-17,29.53,29.53,29.4,29.4,23.13,"78,200"
02-Nov-17,29.39,29.47,29.35,29.47,23.18,"33,700"
03-Nov-17,29.45,29.45,29.37,29.45,23.17,"69,600"
06-Nov-17,29.36,29.52,29.36,29.51,23.22,"32,300"
07-Nov-17,29.45,29.5,29.34,29.41,23.14,"59,600"
08-Nov-17,29.47,29.56,29.45,29.53,23.23,"49,300"
09-Nov-17,29.26,29.38,29.17,29.38,23.11,"30,700"
10-Nov-17,29.33,29.37,29.24,29.35,23.09,"57,100"
13-Nov-17,29.03,29.18,29.03,29.13,22.92,"74,000"
14-Nov-17,29.12,29.17,29.08,29.15,22.93,"56,300"
15-Nov-17,28.92,29.03,28.89,28.99,22.81,"74,000"
16-Nov-17,29.19,29.27,29.17,29.26,23.02,"91,400"
17-Nov-17,29.13,29.23,29.12,29.2,22.97,"63,500"
20-Nov-17,29.27,29.34,29.21,29.27,23.03,"50,900"
21-Nov-17,29.41,29.48,29.41,29.44,23.16,"26,000"
22-Nov-17,29.55,29.56,29.39,29.52,23.22,"44,900"
24-Nov-17,29.76,29.8,29.73,29.77,23.42,"19,300"
27-Nov-17,29.72,29.74,29.61,29.62,23.3,"32,200"
28-Nov-17,29.66,29.75,29.6,29.71,23.37,"37,600"
29-Nov-17,29.73,29.77,29.57,29.61,23.29,"173,400"
30-Nov-17,29.79,29.8,29.62,29.67,23.34,"461,900"
01-Dec-17,29.49,29.67,29.49,29.59,23.28,"71,100"
04-Dec-17,29.65,29.68,29.51,29.52,23.22,"51,200"
05-Dec-17,29.49,29.62,29.45,29.49,23.2,"37,700"
06-Dec-17,29.37,29.46,29.37,29.39,23.12,"46,400"
07-Dec-17,29.45,29.57,29.43,29.47,23.18,"137,700"
08-Dec-17,29.61,29.68,29.56,29.66,23.33,"38,700"
11-Dec-17,29.67,29.75,29.64,29.66,23.33,"49,900"
12-Dec-17,29.62,29.73,29.58,29.73,23.39,"31,000"
13-Dec-17,29.75,29.88,29.68,29.82,23.46,"54,500"
14-Dec-17,29.84,29.88,29.66,29.7,23.36,"47,900"
15-Dec-17,29.67,29.74,29.63,29.68,23.35,"62,300"
18-Dec-17,29.97,30.08,29.92,29.99,23.59,"75,800"
19-Dec-17,29.94,29.97,29.86,29.92,23.54,"114,300"
20-Dec-17,29.93,29.96,29.82,29.83,23.47,"85,300"
21-Dec-17,29.69,29.87,29.69,29.72,23.55,"183,900"
22-Dec-17,29.75,29.82,29.73,29.78,23.6,"60,800"
26-Dec-17,29.77,29.9,29.77,29.8,23.61,"39,900"
27-Dec-17,29.84,29.94,29.84,29.91,23.7,"46,600"
28-Dec-17,29.99,30.05,29.96,30.01,23.78,"37,000"
29-Dec-17,30.08,30.1,30.0,30.0,23.77,"78,400"
02-Jan-18,30.04,30.2,30.04,30.15,23.89,"183,600"
03-Jan-18,30.21,30.39,30.18,30.35,24.05,"308,900"
04-Jan-18,30.55,30.69,30.54,30.59,24.24,"189,300"
05-Jan-18,30.69,30.97,30.64,30.77,24.38,"115,200"
08-Jan-18,30.78,30.78,30.64,30.68,24.31,"278,300"
09-Jan-18,30.69,30.82,30.65,30.79,24.4,"213,200"
10-Jan-18,30.78,30.83,30.63,30.67,24.3,"98,100"
11-Jan-18,30.76,30.91,30.76,30.86,24.45,"98,800"
12-Jan-18,30.97,31.18,30.96,31.13,24.67,"211,800"
16-Jan-18,31.32,32.47,31.12,31.18,24.7,"126,100"
17-Jan-18,31.27,31.52,31.21,31.44,24.91,"85,000"
18-Jan-18,31.27,31.41,31.22,31.28,24.78,"137,500"
19-Jan-18,31.45,31.52,31.35,31.47,24.93,"162,100"
22-Jan-18,31.47,31.67,31.42,31.57,25.01,"85,600"
23-Jan-18,31.65,31.76,31.61,31.68,25.1,"131,500"
24-Jan-18,31.86,31.95,31.65,31.82,25.21,"150,000"
25-Jan-18,31.92,31.96,31.57,31.63,25.06,"1,129,900"
26-Jan-18,31.85,31.95,31.81,31.92,25.29,"102,700"
29-Jan-18,31.72,31.77,31.62,31.65,25.08,"105,500"
30-Jan-18,31.59,31.59,31.4,31.45,24.92,"114,600"
31-Jan-18,31.55,31.6,31.34,31.44,24.91,"94,700"
01-Feb-18,31.45,31.58,31.4,31.49,24.95,"57,300"
02-Feb-18,31.17,31.23,30.79,30.79,24.4,"125,900"
05-Feb-18,30.46,30.61,29.52,29.52,23.39,"209,100"
06-Feb-18,29.5,30.21,29.5,30.17,23.9,"206,800"
07-Feb-18,29.92,30.12,29.76,29.86,23.66,"113,200"
08-Feb-18,29.88,29.88,29.07,29.08,23.04,"211,300"
09-Feb-18,29.27,29.34,28.54,29.23,23.16,"168,400"
12-Feb-18,29.4,29.7,29.37,29.57,23.43,"140,000"
13-Feb-18,29.48,29.61,29.44,29.57,23.43,"126,200"
14-Feb-18,29.41,30.15,29.41,30.14,23.88,"105,200"
15-Feb-18,30.33,30.4,30.15,30.34,24.04,"54,800"
16-Feb-18,30.42,30.64,30.42,30.53,24.19,"123,800"
20-Feb-18,30.33,30.42,30.2,30.25,23.97,"69,900"
21-Feb-18,30.33,30.48,30.16,30.18,23.91,"232,900"
22-Feb-18,30.25,30.41,30.19,30.21,23.94,"318,400"
23-Feb-18,30.32,30.5,30.28,30.5,24.17,"67,900"
26-Feb-18,30.62,30.74,30.5,30.73,24.35,"64,500"
27-Feb-18,30.48,30.59,30.27,30.29,24.0,"97,000"
28-Feb-18,30.29,30.35,30.0,30.0,23.77,"87,500"
01-Mar-18,29.84,29.91,29.37,29.57,23.43,"163,900"
02-Mar-18,29.45,29.68,29.35,29.68,23.52,"90,900"
05-Mar-18,29.49,29.85,29.48,29.84,23.64,"397,000"
06-Mar-18,30.01,30.1,29.93,30.05,23.81,"149,600"
07-Mar-18,29.91,30.05,29.85,30.0,23.77,"42,100"
08-Mar-18,30.11,30.17,29.96,30.12,23.86,"85,900"
09-Mar-18,30.16,30.3,30.11,30.24,23.96,"68,800"
12-Mar-18,30.31,30.38,30.27,30.31,24.02,"442,700"
13-Mar-18,30.37,30.45,30.05,30.12,23.86,"175,700"
14-Mar-18,30.36,30.37,30.13,30.22,23.94,"82,600"
15-Mar-18,30.24,30.36,30.16,30.23,23.95,"169,600"
16-Mar-18,30.14,30.27,30.1,30.12,23.86,"50,700"
19-Mar-18,30.04,30.1,29.8,29.95,23.73,"70,600"
20-Mar-18,29.91,30.0,29.86,29.96,23.74,"137,800"
21-Mar-18,29.94,30.1,29.87,29.99,23.76,"92,400"
22-Mar-18,29.76,29.83,29.51,29.51,23.38,"85,000"
23-Mar-18,29.5,29.54,29.11,29.11,23.13,"96,600"
26-Mar-18,29.5,29.6,29.24,29.6,23.52,"93,200"
27-Mar-18,29.66,29.78,29.29,29.41,23.37,"53,000"
28-Mar-18,29.53,29.76,29.47,29.51,23.45,"67,500"
29-Mar-18,29.7,29.92,29.7,29.84,23.71,"83,700"
02-Apr-18,29.74,29.81,29.22,29.4,23.36,"57,900"
03-Apr-18,29.59,29.62,29.42,29.6,23.52,"197,800"
04-Apr-18,29.24,29.73,29.24,29.7,23.6,"135,400"
05-Apr-18,29.88,29.99,29.85,29.92,23.77,"71,500"
06-Apr-18,29.92,30.03,29.66,29.74,23.63,"56,800"
09-Apr-18,30.03,30.2,29.88,30.02,23.85,"36,600"
10-Apr-18,30.29,30.36,30.16,30.28,24.06,"71,100"
11-Apr-18,30.07,30.27,30.07,30.09,23.91,"81,400"
12-Apr-18,30.17,30.28,30.15,30.23,24.02,"120,700"
13-Apr-18,30.24,30.27,30.15,30.24,24.03,"46,600"
16-Apr-18,30.32,30.36,30.22,30.29,24.07,"63,700"
17-Apr-18,30.36,30.54,30.35,30.49,24.23,"57,100"
18-Apr-18,30.61,30.69,30.58,30.65,24.36,"68,100"
19-Apr-18,30.6,30.63,30.42,30.5,24.23,"75,300"
20-Apr-18,30.38,30.41,30.31,30.36,24.12,"70,700"
23-Apr-18,30.31,30.39,30.22,30.31,24.08,"94,300"
24-Apr-18,30.38,30.42,30.15,30.17,23.97,"79,700"
25-Apr-18,30.05,30.15,29.98,30.13,23.94,"41,100"
26-Apr-18,30.28,30.34,30.18,30.29,24.07,"50,300"
27-Apr-18,30.31,30.39,30.25,30.37,24.13,"47,600"
30-Apr-18,30.33,30.41,30.24,30.26,24.04,"67,600"
01-May-18,30.24,30.24,29.99,30.16,23.96,"66,500"
02-May-18,30.32,30.35,30.14,30.17,23.97,"62,000"
03-May-18,30.21,30.27,29.98,30.25,24.04,"56,800"
04-May-18,30.01,30.38,30.01,30.35,24.11,"71,300"
07-May-18,30.35,30.47,30.3,30.4,24.15,"184,200"
08-May-18,30.28,30.4,30.21,30.26,24.04,"501,600"
09-May-18,30.27,30.42,30.23,30.4,24.15,"106,700"
10-May-18,30.5,30.62,30.44,30.58,24.3,"50,100"
11-May-18,30.72,30.77,30.64,30.71,24.4,"80,200"
14-May-18,30.82,30.89,30.74,30.77,24.45,"71,300"
15-May-18,30.54,30.61,30.46,30.56,24.28,"2,996,100"
16-May-18,30.58,30.69,30.52,30.65,24.35,"101,300"
17-May-18,30.64,30.74,30.58,30.61,24.32,"80,700"
18-May-18,30.56,30.63,30.51,30.6,24.31,"53,800"
21-May-18,30.77,30.85,30.71,30.84,24.5,"187,900"
22-May-18,30.88,30.9,30.71,30.71,24.4,"70,600"
23-May-18,30.44,30.51,30.33,30.51,24.24,"87,600"
24-May-18,30.42,30.5,30.24,30.38,24.14,"85,600"
25-May-18,30.32,30.36,30.25,30.28,24.06,"80,300"
29-May-18,29.95,29.98,29.64,29.8,23.68,"112,500"
30-May-18,30.04,30.27,29.91,30.18,23.98,"214,300"
31-May-18,30.21,30.21,29.92,30.12,23.93,"1,056,900"
01-Jun-18,30.3,30.3,30.15,30.26,24.05,"255,700"
04-Jun-18,30.43,30.5,30.32,30.38,24.14,"142,900"
05-Jun-18,30.36,30.42,30.27,30.37,24.13,"89,800"
06-Jun-18,30.48,30.65,30.39,30.62,24.33,"94,200"
07-Jun-18,30.65,30.66,30.43,30.46,24.2,"71,200"
08-Jun-18,30.44,30.55,30.41,30.52,24.25,"136,700"
11-Jun-18,30.59,30.77,30.59,30.66,24.36,"102,200"
12-Jun-18,30.67,30.7,30.53,30.61,24.32,"520,400"
13-Jun-18,30.73,30.77,30.46,30.66,24.36,"105,500"
14-Jun-18,30.64,30.68,30.55,30.55,24.27,"80,900"
15-Jun-18,30.42,30.46,30.32,30.39,24.15,"108,800"
18-Jun-18,30.14,30.25,30.1,30.25,24.04,"105,800"
19-Jun-18,29.87,29.98,29.75,29.97,23.81,"137,100"
20-Jun-18,30.05,30.06,29.9,29.92,23.77,"139,300"
21-Jun-18,29.88,29.9,29.75,29.81,23.69,"111,100"
22-Jun-18,30.09,30.19,30.02,30.07,23.89,"76,100"
25-Jun-18,29.54,29.54,29.23,29.34,23.57,"99,000"
26-Jun-18,29.4,29.41,29.24,29.36,23.59,"262,200"
27-Jun-18,29.42,29.49,29.09,29.14,23.41,"123,600"
28-Jun-18,29.09,29.18,29.0,29.16,23.43,"74,600"
29-Jun-18,29.39,29.48,29.34,29.38,23.6,"104,900"
02-Jul-18,28.94,29.05,28.88,29.01,23.31,"247,700"
03-Jul-18,29.25,29.25,29.09,29.12,23.39,"66,800"
05-Jul-18,29.35,29.37,29.24,29.3,23.54,"101,600"
06-Jul-18,29.36,29.56,29.36,29.54,23.73,"95,400"
09-Jul-18,29.72,29.79,29.68,29.73,23.88,"187,400"
10-Jul-18,29.69,29.81,29.69,29.77,23.92,"213,000"
11-Jul-18,29.46,29.56,29.26,29.34,23.57,"97,100"
12-Jul-18,29.5,29.61,29.44,29.6,23.78,"172,700"
13-Jul-18,29.58,29.7,29.52,29.64,23.81,"125,600"
16-Jul-18,29.69,29.73,29.62,29.71,23.87,"135,600"
17-Jul-18,29.66,29.81,29.64,29.77,23.92,"261,800"
18-Jul-18,29.74,29.82,29.67,29.78,23.92,"102,600"
19-Jul-18,29.6,29.74,29.56,29.65,23.82,"179,600"
20-Jul-18,29.72,29.86,29.7,29.84,23.97,"87,600"
23-Jul-18,29.76,29.77,29.68,29.76,23.91,"100,500"
24-Jul-18,29.96,30.03,29.79,29.85,23.98,"94,000"
25-Jul-18,29.94,30.18,29.83,30.16,24.23,"81,000"
26-Jul-18,30.0,30.09,29.97,29.99,24.09,"148,400"
27-Jul-18,30.12,30.15,29.97,30.04,24.13,"83,500"
30-Jul-18,30.11,30.11,29.94,30.0,24.1,"75,700"
31-Jul-18,30.03,30.07,29.92,30.01,24.11,"138,000"
01-Aug-18,29.93,29.98,29.8,29.83,23.96,"53,500"
02-Aug-18,29.58,29.69,29.5,29.66,23.83,"232,600"
03-Aug-18,29.52,29.7,29.52,29.7,23.86,"174,800"
06-Aug-18,29.53,29.62,29.41,29.59,23.77,"121,800"
07-Aug-18,29.75,29.81,29.63,29.64,23.81,"137,900"
08-Aug-18,29.63,29.7,29.52,29.67,23.84,"99,700"
09-Aug-18,29.68,29.72,29.54,29.61,23.79,"280,700"
10-Aug-18,29.15,29.15,29.0,29.1,23.38,"150,600"
13-Aug-18,29.03,29.1,28.9,28.97,23.27,"107,800"
14-Aug-18,29.04,29.05,28.93,29.0,23.3,"113,300"
15-Aug-18,28.7,28.7,28.41,28.64,23.01,"314,500"
16-Aug-18,28.77,28.88,28.71,28.8,23.14,"132,200"
17-Aug-18,28.78,29.02,28.74,29.0,23.3,"174,500"
20-Aug-18,29.07,29.14,29.02,29.1,23.38,"111,500"
21-Aug-18,29.31,29.39,29.22,29.33,23.56,"136,800"
22-Aug-18,29.43,29.47,29.36,29.43,23.64,"232,700"
23-Aug-18,29.29,29.34,29.17,29.23,23.48,"142,300"
24-Aug-18,29.29,29.46,29.27,29.41,23.63,"84,800"
27-Aug-18,29.59,29.8,29.59,29.8,23.94,"487,100"
28-Aug-18,29.85,29.87,29.71,29.72,23.88,"64,800"
29-Aug-18,29.74,29.9,29.7,29.89,24.01,"205,500"
30-Aug-18,29.66,29.74,29.63,29.67,23.84,"88,200"
31-Aug-18,29.48,29.58,29.34,29.45,23.66,"118,100"
04-Sep-18,29.11,29.21,29.03,29.19,23.45,"216,500"
05-Sep-18,29.01,29.01,28.82,28.92,23.23,"93,500"
06-Sep-18,28.87,28.94,28.68,28.83,23.16,"104,000"
07-Sep-18,28.61,28.69,28.53,28.57,22.95,"151,900"
10-Sep-18,28.83,28.83,28.72,28.76,23.11,"78,200"
11-Sep-18,28.69,28.85,28.65,28.84,23.17,"642,900"
12-Sep-18,28.95,29.09,28.88,29.05,23.34,"373,600"
13-Sep-18,29.24,29.25,29.06,29.1,23.38,"155,300"
14-Sep-18,29.19,29.23,29.05,29.18,23.44,"131,200"
17-Sep-18,29.29,29.35,29.19,29.21,23.47,"104,800"
18-Sep-18,29.37,29.55,29.37,29.49,23.69,"90,600"
19-Sep-18,29.53,29.63,29.48,29.59,23.77,"234,000"
20-Sep-18,29.82,29.9,29.71,29.88,24.01,"81,600"
21-Sep-18,29.82,29.91,29.79,29.86,23.99,"96,200"
24-Sep-18,29.79,29.8,29.63,29.68,23.9,"93,700"
25-Sep-18,29.9,29.96,29.78,29.82,24.01,"103,400"
26-Sep-18,29.83,30.01,29.8,29.84,24.03,"165,500"
27-Sep-18,29.74,29.86,29.64,29.73,23.94,"72,500"
28-Sep-18,29.53,29.65,29.5,29.56,23.8,"72,400"
01-Oct-18,29.65,29.73,29.55,29.6,23.83,"293,300"
02-Oct-18,29.35,29.42,29.28,29.4,23.67,"341,800"
03-Oct-18,29.45,29.5,29.31,29.4,23.67,"155,700"
04-Oct-18,29.13,29.13,28.82,28.96,23.32,"71,500"
05-Oct-18,28.87,28.9,28.66,28.74,23.14,"90,900"
08-Oct-18,28.47,28.63,28.42,28.61,23.04,"92,900"
09-Oct-18,28.38,28.59,28.28,28.54,22.98,"161,000"
10-Oct-18,28.44,28.44,27.83,27.9,22.47,"133,400"
11-Oct-18,27.81,27.86,27.34,27.5,22.14,"604,000"
12-Oct-18,27.75,27.75,27.38,27.65,22.26,"255,000"
15-Oct-18,27.56,27.68,27.48,27.64,22.26,"164,800"
16-Oct-18,27.9,28.06,27.85,28.03,22.57,"299,900"
17-Oct-18,27.93,27.94,27.72,27.82,22.4,"1,046,100"
18-Oct-18,27.78,27.79,27.34,27.43,22.08,"149,700"
19-Oct-18,27.57,27.73,27.53,27.62,22.24,"165,200"
22-Oct-18,27.66,27.66,27.41,27.51,22.15,"115,300"
23-Oct-18,27.0,27.3,26.82,27.16,21.87,"257,600"
24-Oct-18,27.06,27.07,26.43,26.49,21.33,"192,900"
25-Oct-18,26.69,26.84,26.58,26.66,21.47,"782,400"
26-Oct-18,26.32,26.63,26.17,26.51,21.35,"176,300"
29-Oct-18,26.76,26.86,26.2,26.37,21.23,"121,100"
30-Oct-18,26.45,26.65,26.45,26.65,21.46,"371,100"
31-Oct-18,26.88,26.99,26.81,26.93,21.68,"768,900"
01-Nov-18,27.13,27.23,27.04,27.23,21.93,"80,200"
02-Nov-18,27.47,27.6,27.2,27.37,22.04,"145,700"
05-Nov-18,27.29,27.84,27.22,27.28,21.97,"134,400"
06-Nov-18,27.32,27.43,27.3,27.42,22.08,"81,500"
07-Nov-18,27.69,27.77,27.57,27.77,22.36,"256,900"
08-Nov-18,27.66,27.82,27.46,27.5,22.14,"183,400"
09-Nov-18,27.31,27.43,27.22,27.37,22.04,"1,531,300"
12-Nov-18,27.19,27.42,26.93,26.94,21.69,"116,600"
13-Nov-18,27.01,27.18,26.96,27.04,21.77,"459,700"
14-Nov-18,27.27,27.27,26.94,27.09,21.81,"161,700"
15-Nov-18,26.85,27.21,26.79,27.13,21.85,"245,700"
16-Nov-18,26.96,27.22,26.93,27.15,21.86,"204,800"
19-Nov-18,27.11,27.16,26.85,26.92,21.68,"150,500"
20-Nov-18,26.53,26.64,26.35,26.38,21.24,"238,600"
21-Nov-18,26.82,26.95,26.57,26.68,21.48,"239,400"
23-Nov-18,26.62,26.72,26.59,26.66,21.47,"127,500"
26-Nov-18,26.99,27.06,26.91,26.99,21.74,"186,100"
27-Nov-18,26.85,26.86,26.74,26.84,21.61,"353,300"
28-Nov-18,26.86,27.28,26.78,27.22,21.92,"520,600"
29-Nov-18,27.1,27.23,27.05,27.15,21.86,"407,800"
30-Nov-18,26.94,27.1,26.89,27.1,21.82,"655,300"
03-Dec-18,27.46,27.47,27.33,27.4,22.06,"237,600"
04-Dec-18,27.28,27.35,26.7,26.71,21.51,"252,400"
06-Dec-18,26.3,26.53,26.01,26.47,21.31,"461,900"
07-Dec-18,26.54,26.7,26.23,26.32,21.19,"445,200"
10-Dec-18,26.17,26.22,25.77,26.05,20.98,"502,200"
11-Dec-18,26.27,26.32,25.95,26.12,21.03,"743,600"
12-Dec-18,26.47,26.68,26.47,26.51,21.35,"468,000"
13-Dec-18,26.58,26.6,26.39,26.51,21.35,"270,500"
14-Dec-18,26.19,27.06,26.1,26.17,21.07,"295,700"
17-Dec-18,26.06,26.08,25.73,25.8,20.78,"768,500"
18-Dec-18,25.97,25.99,25.77,25.85,20.82,"1,566,800"
19-Dec-18,25.98,26.13,25.51,25.59,20.61,"276,200"
20-Dec-18,25.6,25.77,25.36,25.51,20.54,"972,200"
21-Dec-18,25.34,25.4,24.98,25.04,20.16,"608,200"
24-Dec-18,24.9,24.91,24.49,24.56,19.93,"270,400"
26-Dec-18,24.65,25.85,24.47,25.14,20.4,"557,300"
27-Dec-18,24.84,25.26,24.72,25.19,20.45,"2,231,400"
28-Dec-18,25.46,25.55,25.25,25.41,20.62,"1,017,900"
31-Dec-18,25.47,25.55,25.3,25.36,20.58,"1,014,700"
02-Jan-19,25.11,25.39,25.05,25.36,20.58,"139,000"
03-Jan-19,25.3,25.3,25.08,25.16,20.42,"143,400"
04-Jan-19,25.52,26.88,25.48,25.95,21.06,"682,500"
07-Jan-19,25.99,26.21,25.91,26.1,21.18,"217,700"
08-Jan-19,26.24,26.42,26.15,26.27,21.32,"187,700"
09-Jan-19,26.47,26.66,26.46,26.63,21.61,"232,600"
10-Jan-19,26.46,26.68,26.45,26.66,21.64,"84,500"
11-Jan-19,26.47,26.54,26.39,26.48,21.49,"147,500"
14-Jan-19,26.27,26.45,26.26,26.37,21.4,"187,900"
15-Jan-19,26.42,26.53,26.34,26.49,21.5,"475,900"
16-Jan-19,26.52,26.63,26.52,26.57,21.56,"186,900"
17-Jan-19,26.48,26.77,26.48,26.71,21.68,"116,100"
18-Jan-19,26.93,27.01,26.87,26.94,21.87,"161,500"
22-Jan-19,26.73,26.75,26.53,26.55,21.55,"216,800"
23-Jan-19,26.75,26.81,26.59,26.72,21.69,"226,800"
24-Jan-19,26.73,26.82,26.65,26.75,21.71,"157,700"
25-Jan-19,26.96,27.09,26.96,27.05,21.96,"186,500"
28-Jan-19,26.8,26.92,26.77,26.89,21.83,"252,000"
29-Jan-19,27.08,27.12,26.97,26.97,21.89,"187,400"
30-Jan-19,27.12,27.41,27.02,27.33,22.18,"842,100"
31-Jan-19,27.23,27.33,27.18,27.27,22.13,"203,900"
01-Feb-19,27.29,27.37,27.23,27.3,22.16,"111,500"
04-Feb-19,27.27,27.43,27.2,27.39,22.23,"302,600"
05-Feb-19,27.57,27.64,27.55,27.63,22.43,"315,600"
06-Feb-19,27.52,27.56,27.4,27.41,22.25,"263,200"
07-Feb-19,27.26,27.26,26.99,27.11,22.0,"308,200"
08-Feb-19,26.92,26.99,26.83,26.97,21.89,"249,000"
11-Feb-19,26.99,27.0,26.88,26.94,21.87,"262,400"
12-Feb-19,27.19,27.25,27.14,27.21,22.09,"156,000"
13-Feb-19,27.32,27.4,27.23,27.25,22.12,"163,800"
14-Feb-19,27.25,27.35,27.19,27.28,22.14,"147,900"
15-Feb-19,27.49,27.62,27.47,27.61,22.41,"209,700"
19-Feb-19,27.55,27.81,27.55,27.73,22.51,"125,700"
20-Feb-19,27.77,27.93,27.75,27.81,22.57,"146,000"
21-Feb-19,27.79,27.81,27.71,27.76,22.53,"323,300"
22-Feb-19,27.84,27.94,27.83,27.88,22.63,"140,500"
25-Feb-19,28.01,28.07,27.92,27.96,22.69,"186,300"
26-Feb-19,27.98,28.13,27.98,28.07,22.78,"146,400"
27-Feb-19,27.95,28.04,27.89,27.97,22.7,"551,200"
28-Feb-19,27.91,28.0,27.9,27.9,22.65,"132,500"
01-Mar-19,28.08,28.14,28.02,28.07,22.78,"160,400"
04-Mar-19,28.1,28.12,27.88,27.98,22.71,"120,300"
05-Mar-19,27.94,28.04,27.94,28.0,22.73,"126,300"
06-Mar-19,28.01,28.01,27.88,27.89,22.64,"199,900"
07-Mar-19,27.79,27.79,27.54,27.55,22.36,"415,600"
08-Mar-19,27.43,27.55,27.38,27.55,22.36,"149,300"
11-Mar-19,27.59,27.8,27.59,27.8,22.56,"153,500"
12-Mar-19,27.79,27.85,27.75,27.78,22.55,"269,300"
13-Mar-19,27.9,28.02,27.84,28.02,22.74,"179,500"
14-Mar-19,27.99,28.06,27.92,28.0,22.73,"260,700"
15-Mar-19,28.16,28.28,28.14,28.23,22.91,"227,000"
18-Mar-19,28.32,28.38,28.26,28.38,23.03,"127,500"
19-Mar-19,28.51,28.53,28.32,28.38,23.03,"127,800"
20-Mar-19,28.33,28.53,28.2,28.43,23.08,"119,900"
21-Mar-19,28.25,28.42,28.25,28.42,23.07,"144,700"
22-Mar-19,28.14,28.16,27.85,27.92,22.66,"137,200"
25-Mar-19,27.79,27.82,27.68,27.81,22.67,"183,900"
26-Mar-19,28.01,28.08,27.93,27.98,22.81,"113,800"
27-Mar-19,28.03,28.03,27.78,27.98,22.81,"349,100"
28-Mar-19,27.96,27.99,27.81,27.93,22.77,"225,400"
29-Mar-19,28.05,28.07,27.92,28.05,22.86,"81,000"
01-Apr-19,28.27,28.37,28.24,28.36,23.12,"143,200"
02-Apr-19,28.26,28.35,28.2,28.31,23.08,"90,500"
03-Apr-19,28.47,28.6,28.45,28.52,23.25,"111,500"
04-Apr-19,28.43,28.48,28.41,28.44,23.18,"63,200"
05-Apr-19,28.43,28.52,28.43,28.5,23.23,"64,800"
08-Apr-19,28.51,28.54,28.47,28.54,23.26,"125,800"
09-Apr-19,28.46,28.46,28.32,28.36,23.12,"157,800"
10-Apr-19,28.42,28.51,28.35,28.48,23.21,"298,200"
11-Apr-19,28.49,28.53,28.4,28.47,23.21,"260,400"
12-Apr-19,28.66,28.68,28.59,28.68,23.38,"284,900"
15-Apr-19,28.68,28.68,28.6,28.63,23.34,"257,700"
16-Apr-19,28.78,28.78,28.68,28.73,23.42,"171,600"
17-Apr-19,28.8,28.8,28.7,28.73,23.42,"261,500"
18-Apr-19,28.72,28.74,28.63,28.71,23.4,"95,300"
22-Apr-19,28.64,28.75,28.64,28.72,23.41,"289,600"
23-Apr-19,28.66,28.77,28.64,28.77,23.45,"145,100"
24-Apr-19,28.63,28.65,28.5,28.55,23.28,"146,200"
25-Apr-19,28.48,28.57,28.46,28.52,23.25,"108,500"
26-Apr-19,28.54,28.66,28.53,28.64,23.35,"70,100"
29-Apr-19,28.64,28.79,28.61,28.76,23.44,"65,400"
30-Apr-19,28.72,28.86,28.68,28.85,23.52,"433,900"
01-May-19,28.84,28.93,28.63,28.65,23.35,"129,000"
02-May-19,28.64,28.67,28.53,28.57,23.29,"171,700"
03-May-19,28.73,28.87,28.72,28.86,23.52,"99,100"
06-May-19,28.31,28.63,28.31,28.6,23.31,"167,000"
07-May-19,28.35,28.39,28.06,28.14,22.94,"120,000"
08-May-19,28.15,28.31,28.15,28.19,22.98,"70,500"
09-May-19,27.94,28.1,27.84,28.06,22.87,"529,100"
10-May-19,28.08,28.22,27.9,28.2,22.99,"407,600"
13-May-19,27.71,27.76,27.53,27.61,22.51,"204,600"
14-May-19,27.76,27.96,27.76,27.9,22.74,"136,200"
15-May-19,27.68,28.04,27.68,27.97,22.8,"999,100"
16-May-19,28.1,28.31,28.1,28.2,22.99,"113,400"
17-May-19,28.13,28.22,28.06,28.08,22.89,"106,900"
20-May-19,27.93,28.02,27.88,27.91,22.75,"69,700"
21-May-19,28.05,28.17,28.04,28.11,22.91,"134,700"
22-May-19,28.01,28.1,28.0,28.06,22.87,"716,800"
23-May-19,27.71,27.81,27.65,27.76,22.63,"327,500"
24-May-19,28.03,28.08,27.97,28.07,22.88,"128,300"
28-May-19,28.09,28.09,27.81,27.85,22.7,"90,800"
29-May-19,27.61,27.66,27.46,27.59,22.49,"1,397,900"
30-May-19,27.6,27.69,27.56,27.67,22.55,"294,900"
31-May-19,27.43,27.51,27.31,27.5,22.42,"207,200"
03-Jun-19,27.54,27.67,27.51,27.65,22.54,"93,000"
04-Jun-19,27.78,27.94,27.75,27.93,22.77,"121,400"
05-Jun-19,28.06,28.06,27.91,27.96,22.79,"154,100"
06-Jun-19,28.05,28.1,28.0,28.05,22.86,"340,500"
07-Jun-19,28.29,28.46,28.29,28.42,23.17,"199,900"
10-Jun-19,28.45,28.55,28.4,28.45,23.19,"134,500"
11-Jun-19,28.68,28.7,28.53,28.57,23.29,"125,500"
12-Jun-19,28.48,28.53,28.37,28.39,23.14,"116,300"
13-Jun-19,28.47,28.47,28.36,28.43,23.17,"190,900"
14-Jun-19,28.28,28.32,28.19,28.26,23.04,"109,200"
17-Jun-19,28.23,28.33,28.21,28.24,23.02,"242,900"
18-Jun-19,28.44,28.63,28.43,28.61,23.32,"188,500"
19-Jun-19,28.64,28.83,28.6,28.76,23.44,"179,900"
20-Jun-19,29.1,29.1,28.93,29.04,23.67,"62,600"
21-Jun-19,28.85,28.93,28.82,28.84,23.51,"90,000"
24-Jun-19,28.51,28.62,28.47,28.54,23.6,"648,900"
25-Jun-19,28.55,28.57,28.37,28.37,23.46,"111,900"
26-Jun-19,28.46,28.46,28.37,28.37,23.46,"157,100"
27-Jun-19,28.43,28.52,28.41,28.45,23.53,"261,100"
28-Jun-19,28.64,28.72,28.59,28.68,23.72,"966,400"
01-Jul-19,28.9,28.92,28.69,28.76,23.78,"280,900"
02-Jul-19,28.81,28.89,28.76,28.85,23.86,"130,300"
03-Jul-19,29.01,29.13,29.0,29.11,24.07,"85,100"
05-Jul-19,28.82,28.88,28.67,28.81,23.82,"120,000"
08-Jul-19,28.72,28.76,28.63,28.66,23.7,"297,800"
09-Jul-19,28.5,28.62,28.5,28.62,23.67,"166,000"
10-Jul-19,28.75,28.78,28.62,28.67,23.71,"258,600"
11-Jul-19,28.74,28.78,28.62,28.7,23.73,"469,700"
12-Jul-19,28.69,28.75,28.65,28.75,23.77,"159,200"
15-Jul-19,28.8,28.82,28.7,28.78,23.8,"200,800"
16-Jul-19,28.74,28.77,28.63,28.68,23.72,"182,000"
17-Jul-19,28.73,28.76,28.61,28.62,23.67,"139,100"
18-Jul-19,28.53,28.72,28.48,28.72,23.75,"122,800"
19-Jul-19,28.71,28.73,28.57,28.63,23.67,"126,000"
22-Jul-19,28.66,28.67,28.56,28.65,23.69,"100,000"
23-Jul-19,28.74,28.8,28.66,28.76,23.78,"54,900"
24-Jul-19,28.74,28.8,28.63,28.8,23.82,"212,800"
25-Jul-19,28.72,28.72,28.5,28.5,23.57,"105,100"
26-Jul-19,28.63,28.67,28.55,28.61,23.66,"197,700"
29-Jul-19,28.67,28.69,28.59,28.62,23.67,"79,000"
30-Jul-19,28.4,28.4,28.25,28.32,23.42,"161,800"
31-Jul-19,28.37,28.4,28.02,28.15,23.28,"96,900"
01-Aug-19,28.21,28.4,27.96,28.04,23.19,"153,200"
02-Aug-19,27.98,27.98,27.73,27.82,23.0,"232,800"
05-Aug-19,27.43,27.47,27.04,27.15,22.45,"228,000"
06-Aug-19,27.32,27.41,27.17,27.38,22.64,"415,300"
07-Aug-19,27.3,27.57,27.17,27.54,22.77,"227,500"
08-Aug-19,27.67,27.89,27.6,27.85,23.03,"316,600"
09-Aug-19,27.77,27.79,27.59,27.7,22.91,"149,500"
12-Aug-19,27.54,27.61,27.39,27.45,22.7,"143,700"
13-Aug-19,27.4,27.79,27.4,27.68,22.89,"189,500"
14-Aug-19,27.21,27.27,26.97,26.98,22.31,"229,000"
15-Aug-19,27.03,27.07,26.84,27.01,22.33,"449,800"
16-Aug-19,27.14,27.37,27.14,27.28,22.56,"188,000"
19-Aug-19,27.58,27.58,27.44,27.5,22.74,"244,700"
20-Aug-19,27.48,27.53,27.36,27.39,22.65,"272,800"
21-Aug-19,27.7,27.76,27.61,27.67,22.88,"268,600"
22-Aug-19,27.69,27.7,27.47,27.64,22.86,"152,000"
23-Aug-19,27.5,27.7,27.26,27.26,22.54,"150,600"
26-Aug-19,27.48,27.5,27.32,27.43,22.68,"229,500"
27-Aug-19,27.61,27.63,27.48,27.51,22.75,"126,900"
28-Aug-19,27.41,27.63,27.34,27.47,22.72,"398,400"
29-Aug-19,27.65,27.71,27.58,27.63,22.85,"1,102,800"
30-Aug-19,27.79,27.86,27.62,27.73,22.93,"97,500"
03-Sep-19,27.54,27.65,27.52,27.63,22.85,"132,200"
04-Sep-19,27.93,28.04,27.88,28.03,23.18,"286,500"
05-Sep-19,28.2,28.31,28.17,28.23,23.34,"105,200"
06-Sep-19,28.25,28.36,28.25,28.26,23.37,"198,100"
09-Sep-19,28.32,28.38,28.25,28.33,23.43,"275,300"
10-Sep-19,28.22,28.36,28.16,28.31,23.41,"294,800"
11-Sep-19,28.38,28.48,28.38,28.46,23.53,"354,100"
12-Sep-19,28.44,28.65,28.41,28.57,23.62,"400,100"
13-Sep-19,28.7,28.76,28.64,28.71,23.74,"155,400"
16-Sep-19,28.53,28.55,28.42,28.47,23.54,"175,000"
17-Sep-19,28.45,28.62,28.37,28.58,23.63,"109,700"
18-Sep-19,28.5,28.56,28.33,28.55,23.61,"118,900"
19-Sep-19,28.64,28.73,28.57,28.65,23.69,"169,300"
20-Sep-19,28.64,28.69,28.52,28.56,23.62,"115,400"
23-Sep-19,28.46,28.49,28.39,28.48,23.55,"555,200"
24-Sep-19,28.44,28.48,28.25,28.29,23.48,"105,500"
25-Sep-19,28.16,28.25,28.03,28.19,23.39,"404,400"
26-Sep-19,28.36,28.41,28.26,28.29,23.48,"212,800"
27-Sep-19,28.3,28.38,28.2,28.23,23.43,"241,700"
30-Sep-19,28.26,28.35,28.26,28.29,23.48,"139,500"
01-Oct-19,28.25,28.29,28.01,28.07,23.29,"221,200"
02-Oct-19,27.7,27.7,27.39,27.52,22.84,"169,600"
03-Oct-19,27.54,27.71,27.36,27.69,22.98,"293,700"
04-Oct-19,27.67,27.9,27.67,27.86,23.12,"157,000"
07-Oct-19,27.9,27.99,27.85,27.88,23.14,"94,700"
08-Oct-19,27.71,27.8,27.56,27.56,22.87,"202,900"
09-Oct-19,27.75,27.84,27.68,27.79,23.06,"232,600"
10-Oct-19,27.77,27.98,27.75,27.93,23.18,"104,500"
11-Oct-19,28.35,28.53,28.32,28.43,23.59,"179,600"
14-Oct-19,28.31,28.39,28.28,28.35,23.53,"54,900"
15-Oct-19,28.41,28.74,28.41,28.65,23.77,"72,200"
16-Oct-19,28.6,28.79,28.6,28.69,23.81,"116,500"
17-Oct-19,28.81,28.86,28.66,28.76,23.87,"145,200"
18-Oct-19,28.7,28.77,28.59,28.69,23.81,"499,400"
21-Oct-19,28.82,28.92,28.79,28.86,23.95,"218,400"
22-Oct-19,28.85,28.97,28.76,28.76,23.87,"245,200"
23-Oct-19,28.82,28.94,28.79,28.92,24.0,"253,900"
24-Oct-19,28.99,29.02,28.88,28.94,24.02,"75,500"
25-Oct-19,28.86,29.02,28.85,28.94,24.02,"312,100"
28-Oct-19,29.04,29.16,29.04,29.11,24.16,"173,000"
29-Oct-19,28.99,29.16,28.98,29.08,24.13,"207,400"
30-Oct-19,29.11,29.3,29.03,29.27,24.29,"147,300"
31-Oct-19,29.17,29.24,29.07,29.16,24.2,"215,000"
01-Nov-19,29.34,29.43,29.31,29.42,24.41,"197,000"
04-Nov-19,29.54,29.61,29.49,29.56,24.53,"109,800"
05-Nov-19,29.51,29.52,29.41,29.52,24.5,"449,600"
06-Nov-19,29.47,29.52,29.4,29.44,24.43,"190,700"
07-Nov-19,29.63,29.67,29.55,29.59,24.55,"142,000"
08-Nov-19,29.45,29.55,29.39,29.55,24.52,"95,100"
11-Nov-19,29.42,29.58,29.42,29.52,24.5,"62,200"
12-Nov-19,29.52,29.64,29.49,29.54,24.51,"62,900"
13-Nov-19,29.36,29.54,29.36,29.44,24.43,"161,800"
14-Nov-19,29.37,29.45,29.29,29.45,24.44,"133,600"
15-Nov-19,29.44,29.61,29.44,29.6,24.56,"166,400"
18-Nov-19,29.54,29.71,29.52,29.64,24.6,"206,600"
19-Nov-19,29.73,29.75,29.56,29.58,24.55,"181,800"
20-Nov-19,29.48,29.55,29.34,29.46,24.45,"148,600"
21-Nov-19,29.43,29.5,29.33,29.39,24.39,"501,900"
22-Nov-19,29.52,29.6,29.42,29.46,24.45,"131,600"
25-Nov-19,29.59,29.69,29.59,29.66,24.61,"387,700"
26-Nov-19,29.63,29.74,29.63,29.71,24.65,"158,300"
27-Nov-19,29.75,29.83,29.69,29.8,24.72,"97,500"
29-Nov-19,29.6,29.67,29.6,29.6,24.56,"31,000"
02-Dec-19,29.55,29.55,29.34,29.43,24.42,"172,400"
03-Dec-19,29.17,29.36,29.12,29.32,24.33,"114,600"
04-Dec-19,29.49,29.6,29.49,29.58,24.55,"194,600"
05-Dec-19,29.58,29.63,29.52,29.58,24.55,"1,879,200"
06-Dec-19,29.76,29.83,29.73,29.8,24.73,"946,100"
09-Dec-19,29.71,29.81,29.64,29.65,24.6,"194,500"
10-Dec-19,29.65,29.73,29.56,29.65,24.6,"248,000"
11-Dec-19,29.64,29.8,29.64,29.79,24.72,"196,900"
12-Dec-19,29.74,29.97,29.64,29.89,24.8,"124,300"
13-Dec-19,30.04,30.23,29.99,30.1,24.98,"123,600"
16-Dec-19,30.36,30.49,30.33,30.4,25.23,"147,100"
17-Dec-19,30.28,30.34,30.19,30.29,25.14,"135,800"
18-Dec-19,30.21,30.29,30.15,30.24,25.09,"155,500"
19-Dec-19,30.16,30.24,30.14,30.22,25.08,"124,300"
20-Dec-19,30.28,30.33,30.23,30.31,25.15,"267,300"
23-Dec-19,30.28,30.35,30.26,30.31,25.15,"180,700"
24-Dec-19,30.12,30.14,30.02,30.09,25.15,"155,600"
26-Dec-19,30.1,30.27,30.1,30.18,25.22,"143,400"
27-Dec-19,30.3,30.37,30.25,30.29,25.32,"178,200"
30-Dec-19,30.32,30.32,30.05,30.12,25.17,"195,700"
31-Dec-19,30.08,30.25,30.01,30.25,25.28,"272,700"
02-Jan-20,30.35,30.48,30.32,30.48,25.48,"629,900"
03-Jan-20,30.07,30.26,30.07,30.14,25.19,"252,400"
06-Jan-20,30.04,30.24,30.04,30.19,25.23,"222,000"
07-Jan-20,30.23,30.25,30.16,30.18,25.22,"253,000"
08-Jan-20,30.12,30.32,30.12,30.25,25.28,"196,000"
09-Jan-20,30.26,30.33,30.24,30.31,25.33,"195,900"
10-Jan-20,30.29,30.36,30.19,30.19,25.23,"283,500"
13-Jan-20,30.22,30.38,30.19,30.34,25.36,"150,100"
14-Jan-20,30.29,30.44,30.29,30.41,25.42,"141,100"
15-Jan-20,30.41,30.48,30.39,30.45,25.45,"249,600"
16-Jan-20,30.49,30.59,30.45,30.59,25.57,"291,100"
17-Jan-20,30.64,30.67,30.57,30.67,25.63,"363,100"
21-Jan-20,30.49,30.54,30.41,30.41,25.42,"559,300"
22-Jan-20,30.57,30.58,30.45,30.49,25.48,"381,800"
23-Jan-20,30.33,30.46,30.24,30.42,25.43,"167,600"
24-Jan-20,30.55,30.55,30.26,30.35,25.37,"198,800"
27-Jan-20,29.76,29.83,29.7,29.76,24.87,"265,500"
28-Jan-20,29.8,30.01,29.8,30.0,25.07,"182,000"
29-Jan-20,30.05,30.07,29.93,30.0,25.07,"246,900"
30-Jan-20,29.77,29.99,29.69,29.99,25.07,"170,800"
31-Jan-20,29.71,29.72,29.4,29.49,24.65,"799,500"
03-Feb-20,29.55,29.71,29.51,29.55,24.7,"265,600"
04-Feb-20,29.92,30.02,29.88,29.97,25.05,"657,500"
05-Feb-20,30.23,30.29,30.17,30.21,25.25,"199,700"
06-Feb-20,30.29,30.32,30.24,30.32,25.34,"174,200"
07-Feb-20,30.11,30.14,30.03,30.07,25.13,"222,200"
10-Feb-20,30.01,30.15,30.01,30.15,25.2,"204,500"
11-Feb-20,30.28,30.34,30.23,30.3,25.33,"175,800"
12-Feb-20,30.37,30.4,30.32,30.39,25.4,"95,200"
13-Feb-20,30.14,30.29,30.13,30.22,25.26,"182,800"
14-Feb-20,30.23,30.25,30.14,30.21,25.25,"214,700"
18-Feb-20,29.98,30.12,29.98,30.03,25.1,"142,600"
19-Feb-20,30.14,30.21,30.14,30.19,25.23,"448,900"
20-Feb-20,29.98,30.08,29.82,29.96,25.04,"163,000"
21-Feb-20,29.85,29.89,29.76,29.81,24.92,"273,300"
24-Feb-20,28.68,28.88,28.61,28.68,23.97,"355,300"
25-Feb-20,28.75,28.78,28.16,28.18,23.55,"725,200"
26-Feb-20,28.36,28.57,28.15,28.15,23.53,"320,000"
27-Feb-20,27.72,27.99,27.29,27.29,22.81,"846,000"
28-Feb-20,26.65,26.97,26.42,26.94,22.52,"864,300"
02-Mar-20,27.02,27.56,26.85,27.5,22.98,"766,300"
03-Mar-20,27.75,28.09,27.18,27.31,22.83,"728,600"
04-Mar-20,27.77,28.1,27.58,28.06,23.45,"490,500"
05-Mar-20,27.43,27.66,27.23,27.33,22.84,"310,600"
06-Mar-20,26.93,27.08,26.74,27.02,22.58,"388,500"
09-Mar-20,25.12,25.69,24.3,24.96,20.86,"1,251,300"
10-Mar-20,25.79,26.22,24.94,25.68,21.46,"829,600"
11-Mar-20,25.05,25.05,24.21,24.34,20.34,"871,700"
12-Mar-20,22.64,22.64,21.47,21.74,18.17,"1,155,300"
13-Mar-20,23.0,23.3,21.69,23.12,19.32,"2,016,100"
16-Mar-20,20.32,21.26,19.71,20.72,17.32,"1,566,900"
17-Mar-20,20.91,21.62,20.59,21.39,17.88,"1,186,600"
18-Mar-20,20.23,20.78,19.3,20.23,16.91,"1,100,800"
19-Mar-20,20.17,20.99,20.02,20.57,17.19,"1,068,300"
20-Mar-20,21.08,21.43,20.31,20.4,17.05,"1,269,800"
23-Mar-20,20.37,20.55,19.96,20.05,16.76,"1,266,300"
24-Mar-20,21.48,21.88,21.23,21.77,18.2,"2,728,500"
25-Mar-20,21.82,22.83,21.64,22.44,18.82,"932,300"
26-Mar-20,22.55,23.48,22.55,23.48,19.69,"1,150,500"
27-Mar-20,22.65,23.13,22.44,22.77,19.09,"1,103,000"
30-Mar-20,22.83,23.25,22.65,23.25,19.5,"423,200"
31-Mar-20,22.99,23.29,22.8,23.06,19.34,"1,441,900"
01-Apr-20,22.39,22.57,22.01,22.11,18.54,"639,600"
02-Apr-20,22.05,22.58,22.05,22.5,18.87,"607,400"
03-Apr-20,22.14,22.25,21.85,22.03,18.47,"571,100"
06-Apr-20,22.79,23.26,22.73,23.22,19.47,"447,500"
07-Apr-20,23.9,23.93,23.26,23.36,19.59,"530,000"
08-Apr-20,23.41,23.65,23.27,23.59,19.78,"2,394,600"
09-Apr-20,23.88,24.18,23.77,24.05,20.17,"541,900"
13-Apr-20,23.92,23.98,23.6,23.87,20.02,"951,100"
14-Apr-20,24.18,24.43,24.14,24.32,20.39,"617,300"
15-Apr-20,23.64,23.76,23.45,23.57,19.77,"818,600"
16-Apr-20,23.61,23.64,23.34,23.58,19.77,"802,500"
17-Apr-20,24.08,24.25,23.89,24.24,20.33,"661,900"
20-Apr-20,23.87,24.25,23.83,23.83,19.98,"607,200"
21-Apr-20,23.5,23.75,23.32,23.44,19.66,"992,400"
22-Apr-20,23.86,23.88,23.73,23.85,20.0,"386,700"
23-Apr-20,23.87,24.16,23.7,23.79,19.95,"1,155,700"
24-Apr-20,23.94,24.09,23.78,24.06,20.18,"418,000"
27-Apr-20,24.24,24.39,24.16,24.36,20.43,"316,200"
28-Apr-20,24.81,24.89,24.46,24.53,20.57,"378,900"
29-Apr-20,24.96,25.18,24.94,25.11,21.06,"308,300"
30-Apr-20,24.75,24.76,24.43,24.58,20.61,"384,400"
01-May-20,24.18,24.26,23.95,24.06,20.18,"804,000"
04-May-20,23.85,24.03,23.75,24.02,20.14,"523,400"
05-May-20,24.2,24.29,24.04,24.1,20.21,"641,200"
06-May-20,24.29,24.29,23.9,23.94,20.08,"1,118,900"
07-May-20,24.28,24.42,24.21,24.33,20.4,"741,500"
08-May-20,24.6,24.72,24.56,24.72,20.73,"204,700"
11-May-20,24.56,24.77,24.55,24.74,20.75,"243,300"
12-May-20,24.84,24.85,24.43,24.44,20.49,"208,900"
13-May-20,24.58,24.58,24.09,24.2,20.29,"406,900"
14-May-20,23.64,24.03,23.51,23.99,20.12,"282,400"
15-May-20,23.94,24.08,23.86,24.0,20.13,"300,700"
18-May-20,24.6,24.98,24.6,24.94,20.91,"231,400"
19-May-20,24.78,24.87,24.62,24.63,20.65,"607,600"
20-May-20,25.06,25.19,25.0,25.14,21.08,"168,800"
21-May-20,25.01,25.1,24.78,24.87,20.86,"331,600"
22-May-20,24.76,24.81,24.66,24.81,20.81,"486,800"
26-May-20,25.53,25.64,25.49,25.55,21.43,"159,300"
27-May-20,25.74,25.77,25.47,25.77,21.61,"482,700"
28-May-20,26.05,26.23,25.95,25.98,21.79,"470,700"
29-May-20,25.96,26.0,25.66,25.96,21.77,"325,500"
01-Jun-20,26.11,26.48,26.11,26.48,22.21,"396,000"
02-Jun-20,26.62,26.73,26.58,26.73,22.42,"149,900"
03-Jun-20,27.0,27.33,26.99,27.25,22.85,"197,900"
04-Jun-20,27.11,27.31,27.1,27.18,22.79,"229,400"
05-Jun-20,27.62,27.74,27.5,27.58,23.13,"175,100"
08-Jun-20,27.64,27.85,27.54,27.85,23.35,"651,300"
09-Jun-20,27.39,27.62,27.37,27.54,23.09,"184,800"
10-Jun-20,27.63,27.78,27.42,27.54,23.09,"357,500"
11-Jun-20,26.82,26.88,26.06,26.07,21.86,"351,000"
12-Jun-20,26.76,26.83,26.18,26.57,22.28,"250,500"
15-Jun-20,26.09,26.74,26.07,26.69,22.38,"198,300"
16-Jun-20,27.18,27.23,26.7,26.99,22.63,"906,800"
17-Jun-20,27.19,27.24,26.99,27.1,22.73,"421,200"
18-Jun-20,26.88,27.05,26.86,27.01,22.65,"221,200"
19-Jun-20,27.27,27.27,26.78,26.86,22.52,"180,700"
22-Jun-20,27.05,27.21,26.94,27.19,22.8,"374,400"
23-Jun-20,27.42,27.47,27.25,27.27,22.87,"199,800"
24-Jun-20,26.76,26.8,26.29,26.42,22.33,"323,700"
25-Jun-20,26.44,26.8,26.34,26.74,22.6,"384,000"
26-Jun-20,26.73,26.73,26.34,26.37,22.29,"199,800"
29-Jun-20,26.51,26.64,26.36,26.58,22.46,"166,200"
30-Jun-20,26.44,26.68,26.4,26.59,22.47,"151,400"
01-Jul-20,26.57,26.77,26.54,26.7,22.56,"3,060,800"
02-Jul-20,27.02,27.15,26.93,26.98,22.8,"499,800"
06-Jul-20,27.35,27.41,27.2,27.37,23.13,"285,100"
07-Jul-20,27.18,27.24,27.01,27.04,22.85,"239,300"
08-Jul-20,27.01,27.26,26.95,27.26,23.04,"175,100"
09-Jul-20,27.2,27.21,26.77,26.95,22.78,"248,800"
10-Jul-20,27.05,27.25,26.97,27.25,23.03,"258,800"
13-Jul-20,27.37,27.5,27.0,27.06,22.87,"237,200"
14-Jul-20,27.08,27.42,27.04,27.38,23.14,"227,800"
15-Jul-20,27.78,27.9,27.64,27.74,23.44,"262,100"
16-Jul-20,27.55,27.68,27.53,27.56,23.29,"300,500"
17-Jul-20,27.68,27.75,27.58,27.75,23.45,"1,076,100"
20-Jul-20,27.78,27.91,27.69,27.9,23.58,"134,400"
21-Jul-20,28.02,28.12,27.94,27.97,23.64,"359,600"
22-Jul-20,27.95,28.07,27.94,28.04,23.7,"123,600"
23-Jul-20,27.97,28.1,27.77,27.86,23.55,"442,900"
24-Jul-20,27.7,27.77,27.62,27.69,23.4,"217,300"
27-Jul-20,27.94,28.08,27.91,28.05,23.71,"146,900"
28-Jul-20,27.9,28.01,27.84,27.89,23.57,"790,700"
29-Jul-20,28.02,28.24,27.98,28.18,23.82,"165,800"
30-Jul-20,27.54,27.87,27.35,27.86,23.55,"221,600"
31-Jul-20,27.68,27.71,27.14,27.34,23.11,"276,600"
03-Aug-20,27.59,27.81,27.51,27.8,23.49,"177,000"
04-Aug-20,27.64,27.94,27.63,27.92,23.6,"194,900"
05-Aug-20,28.13,28.27,28.05,28.11,23.76,"355,900"
06-Aug-20,27.99,28.14,27.93,28.12,23.76,"994,400"
07-Aug-20,27.87,28.0,27.81,28.0,23.66,"219,600"
10-Aug-20,27.96,28.09,27.92,28.09,23.74,"863,400"
11-Aug-20,28.48,28.52,28.15,28.18,23.82,"173,000"
12-Aug-20,28.68,28.84,28.64,28.72,24.27,"186,100"
13-Aug-20,28.7,28.8,28.55,28.63,24.2,"188,900"
14-Aug-20,28.43,28.54,28.42,28.5,24.09,"416,600"
17-Aug-20,28.66,28.73,28.64,28.73,24.28,"192,300"
18-Aug-20,28.84,28.9,28.65,28.73,24.28,"179,400"
19-Aug-20,28.81,28.87,28.58,28.6,24.17,"371,100"
20-Aug-20,28.32,28.58,28.32,28.56,24.14,"173,400"
21-Aug-20,28.25,28.4,28.2,28.4,24.0,"477,500"
24-Aug-20,28.78,28.78,28.61,28.71,24.26,"283,400"
25-Aug-20,28.83,28.83,28.57,28.71,24.26,"215,100"
26-Aug-20,28.72,28.96,28.72,28.96,24.47,"158,300"
27-Aug-20,28.97,28.97,28.56,28.69,24.25,"213,400"
28-Aug-20,28.83,28.84,28.67,28.84,24.37,"179,900"
31-Aug-20,28.8,28.87,28.63,28.63,24.2,"252,000"
01-Sep-20,28.64,28.69,28.54,28.64,24.2,"191,600"
02-Sep-20,28.87,29.07,28.76,29.04,24.54,"220,600"
03-Sep-20,28.93,28.96,28.25,28.37,23.98,"273,700"
04-Sep-20,28.4,28.51,27.85,28.35,23.96,"240,100"
08-Sep-20,27.97,28.22,27.88,27.99,23.65,"482,600"
09-Sep-20,28.42,28.63,28.4,28.52,24.1,"220,700"
10-Sep-20,28.63,28.7,28.2,28.2,23.83,"402,200"
11-Sep-20,28.51,28.62,28.35,28.48,24.07,"260,900"
14-Sep-20,28.72,28.74,28.61,28.64,24.2,"173,800"
15-Sep-20,28.89,28.92,28.75,28.83,24.36,"294,700"
16-Sep-20,28.92,29.04,28.81,28.81,24.35,"248,100"
17-Sep-20,28.64,28.89,28.64,28.88,24.41,"542,400"
18-Sep-20,28.81,28.85,28.61,28.7,24.26,"263,900"
21-Sep-20,28.06,28.09,27.72,28.09,23.74,"2,890,700"
22-Sep-20,28.05,28.1,27.83,28.09,23.74,"328,400"
23-Sep-20,28.22,28.29,27.81,27.87,23.55,"311,900"
24-Sep-20,27.67,27.91,27.54,27.75,23.55,"256,500"
25-Sep-20,27.54,27.85,27.44,27.83,23.62,"291,800"
28-Sep-20,28.17,28.24,28.11,28.2,23.94,"169,300"
29-Sep-20,28.26,28.31,28.11,28.2,23.94,"321,900"
30-Sep-20,28.12,28.28,28.05,28.15,23.89,"1,168,700"
01-Oct-20,28.28,28.33,28.14,28.29,24.01,"470,500"
02-Oct-20,28.03,28.32,28.03,28.29,24.01,"288,300"
05-Oct-20,28.5,28.7,28.5,28.69,24.35,"172,300"
06-Oct-20,28.67,28.7,28.31,28.38,24.09,"346,900"
07-Oct-20,28.57,28.64,28.5,28.57,24.25,"207,900"
08-Oct-20,28.73,28.81,28.7,28.81,24.45,"336,100"
09-Oct-20,28.97,29.05,28.92,29.04,24.65,"141,900"
12-Oct-20,29.1,29.23,29.07,29.19,24.78,"122,800"
13-Oct-20,28.96,28.97,28.84,28.91,24.54,"221,000"
14-Oct-20,29.01,29.07,28.85,28.85,24.49,"160,600"
15-Oct-20,28.33,28.56,28.26,28.56,24.24,"222,600"
16-Oct-20,28.61,28.77,28.61,28.66,24.33,"315,400"
19-Oct-20,28.77,28.81,28.49,28.53,24.22,"218,000"
20-Oct-20,28.74,28.84,28.66,28.66,24.33,"368,900"
21-Oct-20,28.62,28.77,28.56,28.56,24.24,"250,800"
22-Oct-20,28.52,28.6,28.38,28.58,24.26,"424,200"
23-Oct-20,28.7,28.7,28.52,28.7,24.36,"176,800"
26-Oct-20,28.35,28.36,28.01,28.21,23.94,"450,500"
27-Oct-20,28.17,28.18,27.97,28.0,23.77,"227,400"
28-Oct-20,27.42,27.46,27.16,27.17,23.06,"305,000"
29-Oct-20,27.18,27.32,27.02,27.23,23.11,"981,400"
30-Oct-20,27.15,27.17,26.91,27.09,22.99,"580,100"
02-Nov-20,27.36,27.44,27.21,27.37,23.23,"348,200"
03-Nov-20,27.87,28.16,27.87,28.05,23.81,"264,100"
04-Nov-20,28.22,28.62,28.09,28.39,24.1,"170,800"
05-Nov-20,29.02,29.12,28.89,29.08,24.68,"185,700"
06-Nov-20,29.18,29.26,29.06,29.13,24.72,"169,200"
09-Nov-20,30.36,30.36,29.77,29.78,25.28,"727,300"
10-Nov-20,29.88,30.0,29.79,29.83,25.32,"223,400"
11-Nov-20,30.06,30.13,30.0,30.08,25.53,"136,500"
12-Nov-20,29.93,29.99,29.67,29.74,25.24,"302,900"
13-Nov-20,29.93,30.17,29.9,30.1,25.55,"152,400"
16-Nov-20,30.39,30.4,30.25,30.4,25.8,"200,800"
17-Nov-20,30.29,30.45,30.23,30.37,25.78,"288,800"
18-Nov-20,30.43,30.51,30.2,30.2,25.63,"272,000"
19-Nov-20,30.24,30.46,30.21,30.43,25.83,"195,500"
20-Nov-20,30.42,30.56,30.41,30.5,25.89,"193,600"
23-Nov-20,30.61,30.65,30.37,30.51,25.9,"221,000"
24-Nov-20,30.68,30.87,30.65,30.83,26.17,"391,200"
25-Nov-20,30.71,30.89,30.66,30.84,26.18,"229,700"
27-Nov-20,30.96,31.07,30.95,31.04,26.35,"115,500"
30-Nov-20,31.05,31.06,30.54,30.62,25.99,"252,000"
01-Dec-20,30.98,31.14,30.97,31.13,26.42,"173,900"
02-Dec-20,30.93,31.09,30.91,31.05,26.35,"1,082,300"
03-Dec-20,31.15,31.25,31.08,31.15,26.44,"392,500"
04-Dec-20,31.29,31.36,31.26,31.33,26.59,"227,300"
07-Dec-20,31.14,31.24,31.07,31.14,26.43,"231,100"
08-Dec-20,31.08,31.29,31.08,31.29,26.56,"269,100"
09-Dec-20,31.42,31.42,31.1,31.27,26.54,"327,200"
10-Dec-20,31.14,31.4,31.12,31.33,26.59,"201,900"
11-Dec-20,31.17,31.28,31.1,31.27,26.54,"296,200"
14-Dec-20,31.49,31.54,31.29,31.39,26.64,"370,000"
15-Dec-20,31.48,31.63,31.4,31.62,26.84,"186,500"
16-Dec-20,31.66,31.8,31.58,31.73,26.93,"208,400"
17-Dec-20,32.02,32.1,31.96,31.98,27.14,"394,600"
18-Dec-20,31.98,32.0,31.79,31.81,27.0,"1,006,500"
21-Dec-20,31.14,31.58,31.06,31.51,26.74,"336,700"
22-Dec-20,31.44,31.47,31.33,31.43,26.68,"265,800"
23-Dec-20,31.72,31.76,31.65,31.73,26.93,"294,500"
24-Dec-20,31.67,31.67,31.57,31.66,26.96,"151,500"
28-Dec-20,31.93,31.97,31.81,31.84,27.12,"307,200"
29-Dec-20,32.23,32.25,32.03,32.07,27.31,"222,300"
30-Dec-20,32.22,32.33,32.08,32.08,27.32,"374,400"
31-Dec-20,32.11,32.11,31.88,31.9,27.17,"260,500"
04-Jan-21,32.53,32.53,31.98,32.12,27.36,"1,191,400"
05-Jan-21,32.17,32.48,32.17,32.43,27.62,"468,500"
06-Jan-21,32.39,32.79,32.39,32.61,27.77,"301,800"
07-Jan-21,32.6,32.71,32.58,32.67,27.82,"254,200"
08-Jan-21,32.93,32.97,32.65,32.96,28.07,"313,200"
11-Jan-21,32.39,32.66,32.39,32.53,27.71,"393,200"
12-Jan-21,32.51,32.74,32.43,32.71,27.86,"492,100"
13-Jan-21,32.69,32.78,32.64,32.72,27.87,"296,200"
14-Jan-21,32.8,32.99,32.8,32.92,28.04,"416,500"
15-Jan-21,32.53,32.57,32.27,32.41,27.6,"187,400"
19-Jan-21,32.65,32.66,32.5,32.64,27.8,"204,700"
20-Jan-21,32.72,32.87,32.66,32.86,27.99,"696,900"
21-Jan-21,32.92,32.99,32.74,32.99,28.1,"929,400"
22-Jan-21,32.68,32.83,32.67,32.79,27.93,"299,100"
25-Jan-21,32.6,32.8,32.41,32.8,27.93,"367,200"
26-Jan-21,32.83,32.83,32.69,32.82,27.95,"150,500"
27-Jan-21,32.21,32.37,31.94,32.05,27.3,"625,600"
28-Jan-21,32.16,32.46,32.13,32.23,27.45,"752,200"
29-Jan-21,31.91,32.02,31.5,31.69,26.99,"260,200"
01-Feb-21,32.08,32.12,31.95,32.12,27.36,"1,453,400"
02-Feb-21,32.25,32.44,32.17,32.44,27.63,"594,700"
03-Feb-21,32.46,32.46,32.3,32.45,27.64,"224,100"
04-Feb-21,32.27,32.46,32.25,32.42,27.61,"293,400"
05-Feb-21,32.6,32.65,32.49,32.6,27.76,"415,500"
08-Feb-21,32.84,32.91,32.75,32.8,27.93,"469,600"
09-Feb-21,32.88,33.05,32.87,33.01,28.11,"451,000"
10-Feb-21,33.08,33.08,32.75,32.88,28.0,"312,100"
11-Feb-21,33.1,33.15,33.0,33.15,28.23,"269,700"
12-Feb-21,33.06,33.31,33.06,33.27,28.34,"242,900"
16-Feb-21,33.51,33.58,33.38,33.44,28.48,"267,300"
17-Feb-21,33.22,33.26,33.03,33.23,28.3,"283,600"
18-Feb-21,33.04,33.07,32.83,33.07,28.16,"630,000"
19-Feb-21,33.22,33.31,33.14,33.16,28.24,"565,400"
22-Feb-21,33.07,33.24,33.05,33.08,28.17,"401,000"
23-Feb-21,32.94,33.07,32.63,33.0,28.11,"939,300"
24-Feb-21,32.76,33.11,32.69,33.08,28.17,"714,800"
25-Feb-21,33.08,33.18,32.46,32.5,27.68,"521,200"
26-Feb-21,32.42,32.42,32.07,32.17,27.4,"403,600"
01-Mar-21,32.53,32.73,32.47,32.66,27.82,"373,900"
02-Mar-21,32.71,32.8,32.59,32.71,27.86,"432,600"
03-Mar-21,32.56,32.66,32.37,32.43,27.62,"457,500"
04-Mar-21,32.42,32.57,31.93,32.13,27.36,"1,276,300"
05-Mar-21,32.34,32.38,31.87,32.34,27.54,"535,300"
08-Mar-21,32.14,32.38,32.1,32.14,27.37,"278,200"
09-Mar-21,32.57,32.72,32.55,32.67,27.82,"266,800"
10-Mar-21,32.82,32.89,32.69,32.86,27.99,"238,200"
11-Mar-21,33.01,33.16,32.96,33.1,28.19,"463,500"
12-Mar-21,32.93,33.18,32.9,33.18,28.26,"388,400"
15-Mar-21,33.14,33.26,32.98,33.25,28.32,"299,400"
16-Mar-21,33.31,33.39,33.27,33.34,28.39,"259,000"
17-Mar-21,33.22,33.56,33.18,33.49,28.52,"504,500"
18-Mar-21,33.38,33.57,33.2,33.27,28.34,"405,500"
19-Mar-21,33.18,33.37,33.08,33.28,28.34,"235,200"
22-Mar-21,33.3,33.47,33.29,33.4,28.45,"437,900"
23-Mar-21,33.14,33.24,32.93,33.0,28.11,"267,300"
24-Mar-21,32.92,33.03,32.79,32.79,27.93,"556,000"
25-Mar-21,32.68,32.92,32.57,32.9,28.13,"464,500"
26-Mar-21,32.99,33.32,32.99,33.3,28.47,"350,000"
29-Mar-21,33.1,33.23,33.03,33.18,28.36,"274,700"
30-Mar-21,32.99,33.13,32.96,33.1,28.3,"154,200"
31-Mar-21,33.01,33.18,33.01,33.04,28.25,"216,500"
01-Apr-21,33.18,33.48,33.16,33.46,28.6,"223,300"
05-Apr-21,33.64,33.91,33.61,33.87,28.95,"682,900"
06-Apr-21,33.54,33.64,33.51,33.63,28.75,"501,200"
07-Apr-21,33.62,33.71,33.58,33.66,28.78,"201,100"
08-Apr-21,33.81,33.92,33.78,33.9,28.98,"249,700"
09-Apr-21,33.88,34.06,33.85,34.06,29.12,"272,600"
12-Apr-21,33.85,33.89,33.8,33.84,28.93,"237,800"
13-Apr-21,33.95,34.09,33.92,34.07,29.13,"183,700"
14-Apr-21,34.06,34.16,34.02,34.07,29.13,"259,400"
15-Apr-21,34.27,34.32,34.23,34.31,29.33,"629,300"
16-Apr-21,34.41,34.57,34.39,34.57,29.55,"326,400"
19-Apr-21,34.6,34.61,34.42,34.44,29.44,"694,800"
20-Apr-21,34.15,34.18,33.87,33.9,28.98,"570,700"
21-Apr-21,33.9,34.29,33.89,34.26,29.29,"338,800"
22-Apr-21,34.34,34.37,34.1,34.14,29.19,"763,800"
23-Apr-21,34.29,34.56,34.28,34.45,29.45,"359,500"
26-Apr-21,34.47,34.56,34.46,34.49,29.48,"222,300"
27-Apr-21,34.34,34.41,34.29,34.38,29.39,"379,300"
28-Apr-21,34.36,34.56,34.35,34.47,29.47,"353,300"
29-Apr-21,34.61,34.61,34.3,34.47,29.47,"225,900"
30-Apr-21,34.34,34.37,34.01,34.12,29.17,"251,500"
03-May-21,34.3,34.46,34.3,34.42,29.43,"615,000"
04-May-21,34.1,34.17,33.8,34.02,29.08,"329,700"
05-May-21,34.36,34.73,34.28,34.46,29.46,"224,900"
06-May-21,34.41,34.67,34.34,34.67,29.64,"315,200"
07-May-21,34.76,35.12,34.71,35.12,30.02,"213,400"
10-May-21,35.14,35.2,34.89,34.89,29.83,"239,900"
11-May-21,34.28,34.55,34.25,34.52,29.51,"356,500"
12-May-21,34.23,34.38,33.89,33.94,29.01,"231,200"
13-May-21,33.95,34.22,33.93,34.14,29.19,"584,900"
14-May-21,34.47,34.74,34.46,34.73,29.69,"290,700"
17-May-21,34.54,34.68,34.51,34.64,29.61,"227,100"
18-May-21,34.97,34.97,34.79,34.8,29.75,"178,300"
19-May-21,34.4,34.67,34.27,34.55,29.54,"283,100"
20-May-21,34.75,35.06,34.75,35.0,29.92,"171,600"
21-May-21,35.11,35.13,34.93,35.04,29.96,"129,100"
24-May-21,35.18,35.3,35.12,35.25,30.13,"278,800"
25-May-21,35.35,35.36,35.21,35.27,30.15,"276,500"
26-May-21,35.22,35.33,35.21,35.22,30.11,"282,400"
27-May-21,35.32,35.39,35.25,35.34,30.21,"226,100"
28-May-21,35.38,35.51,35.37,35.4,30.26,"271,800"
01-Jun-21,35.63,35.65,35.46,35.46,30.31,"205,600"
02-Jun-21,35.52,35.6,35.47,35.59,30.43,"219,600"
03-Jun-21,35.37,35.45,35.31,35.42,30.28,"200,900"
04-Jun-21,35.68,35.77,35.64,35.75,30.56,"265,900"
07-Jun-21,35.83,35.96,35.82,35.96,30.74,"150,400"
08-Jun-21,35.97,35.98,35.85,35.96,30.74,"294,700"
09-Jun-21,35.91,35.91,35.76,35.8,30.6,"211,500"
10-Jun-21,35.81,35.92,35.76,35.85,30.65,"185,700"
11-Jun-21,35.94,35.97,35.85,35.96,30.74,"138,500"
14-Jun-21,35.94,36.08,35.94,36.08,30.84,"821,800"
15-Jun-21,36.07,36.11,35.99,36.11,30.87,"728,800"
16-Jun-21,36.08,36.15,35.72,35.84,30.64,"339,200"
17-Jun-21,35.57,35.63,35.4,35.5,30.35,"586,200"
18-Jun-21,35.0,35.05,34.87,34.95,29.88,"264,600"
21-Jun-21,35.1,35.4,35.05,35.37,30.24,"174,300"
22-Jun-21,35.28,35.52,35.22,35.43,30.29,"263,100"
23-Jun-21,35.42,35.42,35.19,35.25,30.13,"167,900"
24-Jun-21,35.17,35.24,35.13,35.24,30.41,"171,400"
25-Jun-21,35.32,35.34,35.24,35.34,30.49,"141,800"
28-Jun-21,35.24,35.24,35.08,35.13,30.31,"234,000"
29-Jun-21,35.18,35.22,35.12,35.16,30.34,"262,100"
30-Jun-21,34.9,34.97,34.77,34.93,30.14,"281,700"
01-Jul-21,34.93,35.03,34.85,35.03,30.23,"392,800"
02-Jul-21,35.04,35.16,34.94,35.16,30.34,"194,500"
06-Jul-21,35.08,35.15,34.77,34.93,30.14,"286,600"
07-Jul-21,35.08,35.15,34.94,35.14,30.32,"164,900"
08-Jul-21,34.55,34.7,34.44,34.62,29.87,"247,800"
09-Jul-21,34.96,35.23,34.96,35.23,30.4,"191,600"
12-Jul-21,35.22,35.35,35.22,35.33,30.48,"129,700"
13-Jul-21,35.21,35.29,35.13,35.15,30.33,"182,900"
14-Jul-21,35.31,35.34,35.22,35.27,30.43,"176,100"
15-Jul-21,34.95,35.03,34.81,34.93,30.14,"211,100"
16-Jul-21,34.92,34.92,34.65,34.72,29.96,"212,400"
19-Jul-21,34.19,34.24,33.95,34.1,29.42,"320,500"
20-Jul-21,34.07,34.46,34.01,34.42,29.7,"4,555,400"
21-Jul-21,34.57,34.91,34.57,34.89,30.11,"710,600"
22-Jul-21,35.01,35.01,34.84,34.94,30.15,"134,900"
23-Jul-21,35.14,35.22,35.07,35.19,30.36,"213,200"
26-Jul-21,35.09,35.23,35.09,35.23,30.4,"2,296,000"
27-Jul-21,35.05,35.08,34.9,35.07,30.26,"1,562,300"
28-Jul-21,35.06,35.25,34.99,35.21,30.38,"1,576,600"
29-Jul-21,35.43,35.53,35.43,35.46,30.6,"1,090,300"
30-Jul-21,35.34,35.42,35.21,35.29,30.45,"221,300"
02-Aug-21,35.56,35.59,35.4,35.44,30.58,"295,800"
03-Aug-21,35.6,35.69,35.47,35.65,30.76,"300,900"
04-Aug-21,35.74,35.79,35.59,35.61,30.73,"274,000"
05-Aug-21,35.77,35.8,35.73,35.75,30.85,"204,000"
06-Aug-21,35.65,35.7,35.55,35.59,30.71,"213,200"
09-Aug-21,35.66,35.67,35.56,35.59,30.71,"384,600"
10-Aug-21,35.62,35.68,35.59,35.66,30.77,"277,000"
11-Aug-21,35.89,35.93,35.82,35.92,30.99,"285,000"
12-Aug-21,35.83,35.9,35.77,35.88,30.96,"242,000"
13-Aug-21,35.99,36.1,35.96,36.1,31.15,"161,000"
16-Aug-21,35.81,35.92,35.74,35.91,30.99,"939,200"
17-Aug-21,35.63,35.68,35.47,35.61,30.73,"514,100"
18-Aug-21,35.6,35.73,35.48,35.48,30.61,"392,900"
19-Aug-21,35.02,35.23,35.0,35.16,30.34,"712,000"
20-Aug-21,35.05,35.31,35.05,35.31,30.47,"237,800"
23-Aug-21,35.55,35.72,35.51,35.68,30.79,"325,700"
24-Aug-21,35.62,35.77,35.6,35.72,30.82,"218,000"
25-Aug-21,35.65,35.73,35.59,35.71,30.81,"326,100"
26-Aug-21,35.6,35.63,35.47,35.5,30.63,"308,500"
27-Aug-21,35.52,35.83,35.5,35.82,30.91,"344,900"
30-Aug-21,35.81,35.88,35.77,35.84,30.92,"448,800"
31-Aug-21,35.88,35.9,35.75,35.75,30.85,"338,800"
01-Sep-21,36.04,36.17,36.01,36.05,31.11,"419,000"
02-Sep-21,36.24,36.34,36.21,36.29,31.31,"368,500"
03-Sep-21,36.29,36.48,36.26,36.43,31.43,"274,400"
07-Sep-21,36.45,36.47,36.37,36.39,31.4,"304,900"
08-Sep-21,36.24,36.3,36.06,36.13,31.18,"408,100"
09-Sep-21,36.14,36.26,36.06,36.11,31.16,"323,400"
10-Sep-21,36.38,36.41,36.05,36.08,31.13,"794,600"
13-Sep-21,36.39,36.39,36.13,36.25,31.28,"470,000"
14-Sep-21,36.37,36.37,36.09,36.11,31.16,"309,600"
15-Sep-21,36.1,36.27,36.05,36.26,31.29,"424,300"
16-Sep-21,36.11,36.2,36.0,36.17,31.21,"293,400"
17-Sep-21,35.98,36.01,35.61,35.72,30.82,"444,800"
20-Sep-21,34.94,35.13,34.78,35.05,30.24,"526,400"
21-Sep-21,35.44,35.53,35.3,35.35,30.5,"655,200"
22-Sep-21,35.49,35.78,35.48,35.55,30.67,"396,300"
23-Sep-21,35.81,35.99,35.81,35.93,31.0,"233,900"
24-Sep-21,35.28,35.39,35.26,35.31,30.69,"272,600"
27-Sep-21,35.16,35.22,35.08,35.17,30.57,"400,800"
28-Sep-21,34.64,34.64,34.29,34.38,29.89,"468,300"
29-Sep-21,34.45,34.5,34.28,34.31,29.82,"536,200"
30-Sep-21,34.32,34.38,34.1,34.17,29.7,"476,400"
01-Oct-21,34.18,34.31,33.95,34.25,29.77,"1,101,800"
04-Oct-21,34.16,34.2,33.79,33.93,29.49,"781,700"
05-Oct-21,34.01,34.28,33.97,34.14,29.68,"357,900"
06-Oct-21,33.63,33.97,33.54,33.95,29.51,"500,700"
07-Oct-21,34.12,34.35,34.12,34.24,29.76,"480,400"
08-Oct-21,34.3,34.33,34.16,34.22,29.75,"372,000"
11-Oct-21,34.25,34.38,34.08,34.08,29.62,"383,900"
12-Oct-21,34.18,34.23,34.05,34.11,29.65,"694,500"
13-Oct-21,34.34,34.53,34.25,34.51,30.0,"507,300"
14-Oct-21,34.81,34.87,34.76,34.85,30.29,"373,800"
15-Oct-21,35.01,35.11,34.98,35.09,30.5,"429,200"
18-Oct-21,34.84,35.0,34.8,34.98,30.41,"345,500"
19-Oct-21,35.18,35.27,35.14,35.22,30.62,"446,100"
20-Oct-21,35.22,35.37,35.2,35.32,30.7,"256,500"
21-Oct-21,35.13,35.26,35.13,35.21,30.61,"514,800"
22-Oct-21,35.36,35.49,35.26,35.42,30.79,"263,300"
25-Oct-21,35.36,35.46,35.27,35.41,30.78,"324,900"
26-Oct-21,35.58,35.58,35.37,35.42,30.79,"313,200"
27-Oct-21,35.4,35.45,35.21,35.24,30.63,"421,000"
28-Oct-21,35.37,35.63,35.37,35.58,30.93,"317,000"
29-Oct-21,35.31,35.36,35.22,35.34,30.72,"467,200"
01-Nov-21,35.54,35.71,35.49,35.7,31.03,"323,600"
02-Nov-21,35.62,35.69,35.6,35.63,30.97,"445,200"
03-Nov-21,35.62,35.97,35.59,35.94,31.24,"376,600"
04-Nov-21,35.85,35.9,35.76,35.9,31.21,"408,300"
05-Nov-21,35.89,35.94,35.8,35.94,31.24,"321,300"
08-Nov-21,35.96,36.01,35.92,35.96,31.26,"305,100"
09-Nov-21,35.96,36.0,35.78,35.9,31.21,"796,500"
10-Nov-21,35.76,35.81,35.42,35.46,30.82,"551,000"
11-Nov-21,35.63,35.69,35.59,35.62,30.96,"323,300"
12-Nov-21,35.76,35.87,35.71,35.85,31.16,"214,100"
15-Nov-21,35.93,35.94,35.76,35.77,31.09,"339,500"
16-Nov-21,35.7,35.77,35.65,35.66,31.0,"346,200"
17-Nov-21,35.62,35.66,35.56,35.63,30.97,"299,600"
18-Nov-21,35.6,35.68,35.5,35.68,31.02,"325,400"
19-Nov-21,35.51,35.56,35.4,35.43,30.8,"398,100"
22-Nov-21,35.4,35.47,35.18,35.19,30.59,"392,800"
23-Nov-21,35.08,35.19,34.94,35.12,30.53,"404,000"
24-Nov-21,34.65,34.9,34.62,34.9,30.34,"452,800"
26-Nov-21,34.32,34.41,34.01,34.13,29.67,"524,500"
29-Nov-21,34.37,34.41,34.13,34.29,29.81,"556,300"
30-Nov-21,34.19,34.28,33.65,33.95,29.51,"1,380,400"
01-Dec-21,34.28,34.47,33.66,33.67,29.27,"726,200"
02-Dec-21,33.81,34.16,33.81,34.08,29.62,"821,900"
03-Dec-21,34.21,34.21,33.74,33.96,29.52,"683,600"
06-Dec-21,34.16,34.31,34.05,34.26,29.78,"848,300"
07-Dec-21,34.71,35.01,34.71,35.01,30.43,"595,600"
08-Dec-21,35.04,35.08,34.92,35.05,30.47,"410,800"
09-Dec-21,34.83,34.87,34.74,34.76,30.22,"467,200"
10-Dec-21,34.84,34.85,34.7,34.84,30.29,"511,300"
13-Dec-21,34.68,34.73,34.47,34.52,30.01,"558,700"
14-Dec-21,34.35,34.48,34.17,34.32,29.83,"605,300"
15-Dec-21,34.36,34.78,34.22,34.77,30.22,"762,400"
16-Dec-21,34.93,34.96,34.67,34.79,30.24,"482,800"
17-Dec-21,34.5,34.61,34.29,34.32,29.83,"837,900"
20-Dec-21,34.12,34.26,34.03,34.25,29.77,"746,000"
21-Dec-21,34.43,34.63,34.38,34.63,30.1,"744,600"
22-Dec-21,34.63,34.97,34.59,34.97,30.4,"628,500"
23-Dec-21,34.91,35.2,34.91,35.15,30.55,"346,100"
27-Dec-21,35.03,35.29,35.03,35.29,30.79,"412,900"
28-Dec-21,35.37,35.42,35.3,35.32,30.82,"557,200"
29-Dec-21,35.28,35.38,35.25,35.35,30.85,"396,600"
30-Dec-21,35.35,35.41,35.23,35.26,30.77,"437,000"
31-Dec-21,35.27,35.41,35.18,35.27,30.78,"489,500"
03-Jan-22,35.28,35.44,35.24,35.39,30.88,"862,100"
04-Jan-22,35.56,35.62,35.4,35.5,30.98,"930,900"
05-Jan-22,35.57,35.63,35.13,35.16,30.68,"858,400"
06-Jan-22,35.04,35.14,34.88,35.01,30.55,"895,300"
07-Jan-22,34.99,35.14,34.84,35.1,30.63,"525,200"
10-Jan-22,34.67,34.78,34.44,34.77,30.34,"670,700"
11-Jan-22,34.77,35.15,34.71,35.14,30.66,"655,600"
12-Jan-22,35.37,35.51,35.34,35.49,30.97,"718,800"
13-Jan-22,35.53,35.57,35.15,35.18,30.7,"765,400"
14-Jan-22,35.04,35.17,34.86,35.08,30.61,"659,300"
18-Jan-22,34.73,34.81,34.54,34.62,30.21,"646,200"
19-Jan-22,34.79,34.88,34.58,34.62,30.21,"780,900"
20-Jan-22,34.7,34.89,34.36,34.38,30.0,"1,495,600"
21-Jan-22,34.25,34.3,33.87,33.9,29.58,"1,410,400"
24-Jan-22,33.25,33.57,32.64,33.57,29.29,"2,632,300"
25-Jan-22,33.13,33.57,32.88,33.33,29.08,"1,729,500"
26-Jan-22,33.73,33.82,33.04,33.27,29.03,"1,399,300"
27-Jan-22,33.27,33.43,32.94,33.04,28.83,"1,777,100"
28-Jan-22,32.86,33.2,32.69,33.19,28.96,"1,264,700"
31-Jan-22,33.21,33.74,33.21,33.73,29.43,"684,600"
01-Feb-22,33.89,34.04,33.67,34.01,29.68,"979,900"
02-Feb-22,34.34,34.4,34.18,34.33,29.96,"673,300"
03-Feb-22,34.01,34.13,33.82,33.86,29.55,"1,079,000"
04-Feb-22,33.77,34.03,33.65,33.89,29.57,"665,700"
07-Feb-22,33.89,34.06,33.82,33.91,29.59,"555,500"
08-Feb-22,33.85,34.09,33.77,34.05,29.71,"391,400"
09-Feb-22,34.51,34.61,34.47,34.6,30.19,"397,600"
10-Feb-22,34.1,34.65,34.1,34.21,29.85,"785,400"
11-Feb-22,34.16,34.3,33.6,33.72,29.42,"887,000"
14-Feb-22,33.55,33.6,33.26,33.48,29.21,"1,075,200"
15-Feb-22,33.87,34.07,33.82,34.07,29.73,"467,500"
16-Feb-22,33.89,34.21,33.87,34.12,29.77,"577,000"
17-Feb-22,33.9,33.94,33.62,33.65,29.36,"428,200"
18-Feb-22,33.69,33.74,32.98,33.5,29.23,"812,300"
22-Feb-22,33.18,33.38,32.88,33.12,28.9,"1,146,800"
23-Feb-22,33.43,33.43,32.75,32.81,28.63,"846,500"
24-Feb-22,31.65,32.42,31.59,32.37,28.25,"1,393,500"
25-Feb-22,32.67,33.21,32.62,33.21,28.98,"1,093,300"
28-Feb-22,32.61,33.03,32.51,32.69,28.52,"1,006,000"
01-Mar-22,32.61,32.67,31.88,32.05,27.97,"1,088,300"
02-Mar-22,32.25,32.53,32.15,32.47,28.33,"646,700"
03-Mar-22,32.36,32.37,31.82,31.94,27.87,"706,900"
04-Mar-22,31.13,31.18,30.84,31.12,27.15,"2,802,900"
07-Mar-22,30.98,30.98,30.09,30.23,26.38,"1,243,400"
08-Mar-22,30.41,30.88,30.01,30.36,26.49,"1,927,800"
09-Mar-22,31.25,31.71,31.05,31.55,27.53,"720,800"
10-Mar-22,31.09,31.37,31.01,31.15,27.18,"492,500"
11-Mar-22,31.48,31.5,30.87,30.89,26.95,"1,045,700"
14-Mar-22,31.34,31.5,31.07,31.14,27.17,"618,600"
15-Mar-22,31.26,31.47,31.11,31.41,27.41,"1,842,600"
16-Mar-22,31.98,32.48,31.75,32.45,28.32,"1,642,900"
17-Mar-22,32.37,32.8,32.34,32.73,28.56,"627,300"
18-Mar-22,32.5,33.07,32.47,33.04,28.83,"396,900"
21-Mar-22,32.93,33.03,32.73,32.86,28.67,"564,100"
22-Mar-22,33.06,33.18,33.01,33.15,28.93,"524,800"
23-Mar-22,32.78,32.91,32.7,32.71,28.54,"679,000"
24-Mar-22,32.8,32.92,32.7,32.9,28.71,"377,800"
25-Mar-22,32.75,32.81,32.56,32.78,28.73,"430,300"
28-Mar-22,32.61,32.73,32.48,32.73,28.69,"662,100"
29-Mar-22,33.41,33.44,33.09,33.37,29.25,"524,300"
30-Mar-22,33.26,33.39,33.16,33.28,29.17,"450,600"
31-Mar-22,33.04,33.14,32.69,32.73,28.69,"491,500"
01-Apr-22,32.91,32.97,32.73,32.97,28.9,"426,000"
04-Apr-22,32.91,33.12,32.9,33.09,29.0,"287,800"
05-Apr-22,32.93,33.06,32.63,32.73,28.69,"344,300"
06-Apr-22,32.31,32.47,32.14,32.31,28.32,"522,900"
07-Apr-22,32.32,32.47,32.1,32.4,28.4,"555,800"
08-Apr-22,32.25,32.49,32.21,32.41,28.41,"534,600"
11-Apr-22,32.24,32.3,32.02,32.06,28.1,"485,500"
12-Apr-22,32.09,32.2,31.78,31.86,27.93,"607,100"
13-Apr-22,31.83,32.22,31.83,32.2,28.22,"476,900"
14-Apr-22,32.21,32.27,32.01,32.04,28.08,"468,800"
18-Apr-22,31.89,32.09,31.83,31.89,27.95,"532,400"
19-Apr-22,31.74,32.08,31.74,32.06,28.1,"637,800"
20-Apr-22,32.31,32.38,32.18,32.27,28.29,"421,200"
21-Apr-22,32.58,32.62,31.87,31.93,27.99,"695,900"
22-Apr-22,31.84,31.86,31.33,31.36,27.49,"624,700"
25-Apr-22,30.99,31.23,30.77,31.19,27.34,"912,800"
26-Apr-22,30.93,30.94,30.32,30.32,26.58,"771,500"
27-Apr-22,30.39,30.66,30.26,30.46,26.7,"786,200"
28-Apr-22,30.65,30.97,30.42,30.92,27.1,"505,400"
29-Apr-22,30.97,31.17,30.52,30.55,26.78,"741,900"
02-May-22,30.37,30.57,30.1,30.42,26.66,"1,702,900"
03-May-22,30.61,30.75,30.52,30.66,26.87,"892,600"
04-May-22,30.62,31.18,30.33,31.16,27.31,"633,700"
05-May-22,30.75,30.76,29.96,30.18,26.45,"651,900"
06-May-22,29.94,30.02,29.67,29.83,26.15,"575,200"
09-May-22,29.34,29.37,28.94,29.04,25.45,"906,300"
10-May-22,29.47,29.5,28.98,29.15,25.55,"539,600"
11-May-22,29.28,29.61,28.97,29.01,25.43,"649,200"
12-May-22,28.83,29.15,28.65,28.91,25.34,"1,005,600"
13-May-22,29.29,29.7,29.29,29.66,26.0,"812,300"
16-May-22,29.55,29.88,29.47,29.73,26.06,"648,300"
17-May-22,30.21,30.29,30.05,30.29,26.55,"631,900"
18-May-22,29.98,30.04,29.51,29.54,25.89,"531,900"
19-May-22,29.48,29.95,29.47,29.8,26.12,"1,658,800"
20-May-22,30.12,30.13,29.59,29.98,26.28,"537,800"
23-May-22,30.29,30.54,30.22,30.48,26.72,"498,200"
24-May-22,30.31,30.43,30.15,30.35,26.6,"588,900"
25-May-22,30.13,30.52,30.13,30.39,26.64,"1,358,400"
26-May-22,30.39,30.77,30.39,30.7,26.91,"410,300"
27-May-22,30.89,31.08,30.88,31.07,27.23,"731,200"
31-May-22,30.98,31.15,30.87,30.94,27.12,"872,000"
01-Jun-22,31.1,31.13,30.55,30.65,26.87,"654,800"
02-Jun-22,30.87,31.27,30.78,31.27,27.41,"658,100"
03-Jun-22,30.94,31.0,30.8,30.85,27.04,"430,600"
06-Jun-22,31.19,31.22,30.91,30.96,27.14,"387,500"
07-Jun-22,30.67,31.06,30.67,31.03,27.2,"316,300"
08-Jun-22,30.73,30.84,30.58,30.61,26.83,"451,900"
09-Jun-22,30.45,30.51,29.97,29.97,26.27,"536,500"
10-Jun-22,29.42,29.48,29.2,29.32,25.7,"1,813,000"
13-Jun-22,28.59,28.72,28.35,28.41,24.9,"849,100"
14-Jun-22,28.36,28.43,27.85,28.07,24.6,"2,973,700"
15-Jun-22,28.35,28.7,28.0,28.53,25.01,"1,134,700"
16-Jun-22,27.95,28.07,27.72,27.87,24.43,"1,082,100"
17-Jun-22,27.84,27.93,27.54,27.72,24.3,"1,102,300"
21-Jun-22,28.14,28.26,28.09,28.12,24.65,"877,200"
22-Jun-22,27.8,28.15,27.8,27.91,24.46,"677,500"
23-Jun-22,27.89,27.93,27.59,27.83,24.39,"655,100"
24-Jun-22,27.73,28.22,27.73,28.22,25.15,"1,331,000"
27-Jun-22,28.17,28.3,28.08,28.13,25.07,"584,800"
28-Jun-22,28.33,28.46,27.96,27.98,24.94,"765,700"
29-Jun-22,27.97,28.06,27.85,27.86,24.83,"613,000"
30-Jun-22,27.46,27.8,27.31,27.77,24.75,"1,065,700"
01-Jul-22,27.42,27.85,27.33,27.85,24.82,"504,400"
05-Jul-22,26.98,27.27,26.88,27.27,24.3,"680,100"
06-Jul-22,27.23,27.33,27.05,27.27,24.3,"749,900"
07-Jul-22,27.49,27.7,27.49,27.7,24.69,"416,200"
08-Jul-22,27.62,27.84,27.54,27.76,24.74,"554,900"
11-Jul-22,27.42,27.48,27.28,27.33,24.36,"365,300"
12-Jul-22,27.28,27.5,27.23,27.31,24.34,"592,000"
13-Jul-22,26.97,27.39,26.94,27.28,24.31,"677,800"
14-Jul-22,26.85,26.92,26.5,26.9,23.97,"867,100"
15-Jul-22,27.09,27.31,26.96,27.31,24.34,"485,000"
18-Jul-22,27.67,27.77,27.39,27.46,24.47,"711,800"
19-Jul-22,27.91,28.17,27.91,28.16,25.1,"672,900"
20-Jul-22,28.09,28.17,27.89,28.02,24.97,"393,300"
21-Jul-22,27.98,28.34,27.96,28.33,25.25,"313,200"
22-Jul-22,28.44,28.57,28.15,28.27,25.2,"604,900"
25-Jul-22,28.44,28.5,28.35,28.48,25.38,"347,100"
26-Jul-22,28.24,28.28,28.08,28.09,25.04,"890,700"
27-Jul-22,28.35,28.73,28.24,28.69,25.57,"822,300"
28-Jul-22,28.66,28.93,28.52,28.9,25.76,"531,600"
29-Jul-22,28.95,29.26,28.89,29.26,26.08,"351,500"
01-Aug-22,29.23,29.39,29.14,29.25,26.07,"501,500"
02-Aug-22,29.06,29.1,28.82,28.83,25.69,"574,000"
03-Aug-22,28.96,29.03,28.77,28.97,25.82,"398,000"
04-Aug-22,29.0,29.17,29.0,29.12,25.95,"292,200"
05-Aug-22,28.75,28.94,28.71,28.91,25.77,"569,700"
08-Aug-22,29.12,29.23,28.95,29.01,25.85,"566,500"
09-Aug-22,28.99,29.04,28.8,28.85,25.71,"982,100"
10-Aug-22,29.44,29.64,29.37,29.55,26.34,"1,262,200"
11-Aug-22,29.7,29.78,29.52,29.56,26.35,"1,834,900"
12-Aug-22,29.58,29.74,29.5,29.73,26.5,"463,300"
15-Aug-22,29.43,29.57,29.42,29.55,26.34,"453,600"
16-Aug-22,29.38,29.64,29.38,29.6,26.38,"584,200"
17-Aug-22,29.33,29.51,29.2,29.35,26.16,"689,000"
18-Aug-22,29.29,29.4,29.18,29.26,26.08,"453,800"
19-Aug-22,29.04,29.05,28.83,28.91,25.77,"476,200"
22-Aug-22,28.62,28.62,28.37,28.45,25.36,"425,300"
23-Aug-22,28.39,28.67,28.34,28.47,25.37,"484,400"
24-Aug-22,28.34,28.56,28.32,28.45,25.36,"402,200"
25-Aug-22,28.5,28.76,28.48,28.75,25.62,"372,800"
26-Aug-22,28.72,28.77,27.99,28.0,24.95,"712,200"
29-Aug-22,27.89,28.08,27.88,27.95,24.91,"381,400"
30-Aug-22,28.09,28.12,27.66,27.72,24.71,"443,700"
31-Aug-22,27.72,27.78,27.51,27.52,24.53,"476,200"
01-Sep-22,27.15,27.15,26.85,27.13,24.18,"684,200"
02-Sep-22,27.35,27.56,26.87,26.96,24.03,"538,700"
06-Sep-22,27.1,27.12,26.76,26.88,23.96,"1,154,200"
07-Sep-22,26.7,27.11,26.68,27.11,24.16,"605,200"
08-Sep-22,26.76,27.13,26.75,27.1,24.15,"361,700"
09-Sep-22,27.6,27.8,27.6,27.8,24.78,"1,026,600"
12-Sep-22,28.14,28.3,28.11,28.18,25.12,"1,009,100"
13-Sep-22,27.66,27.82,27.22,27.25,24.29,"602,200"
14-Sep-22,27.28,27.44,27.18,27.33,24.36,"495,300"
15-Sep-22,27.11,27.33,27.0,27.05,24.11,"1,140,200"
16-Sep-22,26.84,26.96,26.74,26.9,23.97,"752,300"
19-Sep-22,26.59,27.03,26.55,27.03,24.09,"474,900"
20-Sep-22,26.66,26.67,26.38,26.54,23.65,"1,001,700"
21-Sep-22,26.55,26.7,26.16,26.16,23.31,"657,800"
22-Sep-22,26.28,26.29,25.98,26.11,23.27,"766,900"
23-Sep-22,25.49,25.5,25.05,25.21,22.47,"943,200"
26-Sep-22,24.89,25.1,24.59,24.69,22.1,"1,072,000"
27-Sep-22,24.84,24.99,24.47,24.59,22.01,"1,229,300"
28-Sep-22,24.62,25.27,24.51,25.19,22.55,"1,550,500"
29-Sep-22,24.8,24.92,24.53,24.89,22.28,"766,300"
30-Sep-22,24.8,25.12,24.75,24.75,22.16,"766,300"
03-Oct-22,25.06,25.45,25.01,25.35,22.69,"621,400"
04-Oct-22,25.99,26.37,25.99,26.35,23.59,"690,400"
05-Oct-22,25.87,26.19,25.75,26.06,23.33,"1,454,200"
06-Oct-22,25.77,25.87,25.55,25.58,22.9,"1,201,400"
07-Oct-22,25.46,25.47,25.08,25.19,22.55,"544,500"
10-Oct-22,25.18,25.23,24.93,25.06,22.43,"673,000"
11-Oct-22,24.91,25.22,24.75,24.81,22.21,"1,156,700"
12-Oct-22,24.72,24.84,24.67,24.68,22.09,"2,826,500"
13-Oct-22,24.21,25.33,24.21,25.21,22.57,"1,818,300"
14-Oct-22,25.39,25.44,24.81,24.84,22.24,"1,077,500"
17-Oct-22,25.4,25.56,25.38,25.46,22.79,"461,400"
18-Oct-22,25.83,25.88,25.44,25.66,22.97,"1,549,200"
19-Oct-22,25.4,25.49,25.15,25.33,22.68,"950,100"
20-Oct-22,25.37,25.65,25.19,25.27,22.62,"1,045,400"
21-Oct-22,25.03,25.73,24.96,25.71,23.02,"859,700"
24-Oct-22,25.64,25.83,25.51,25.78,23.08,"1,325,200"
25-Oct-22,25.95,26.33,25.95,26.33,23.57,"504,400"
26-Oct-22,26.31,26.75,26.27,26.55,23.77,"398,900"
27-Oct-22,26.5,26.68,26.33,26.33,23.57,"1,055,400"
28-Oct-22,26.28,26.59,26.23,26.58,23.79,"668,600"
31-Oct-22,26.3,26.39,26.28,26.32,23.56,"503,000"
01-Nov-22,26.82,26.83,26.41,26.5,23.72,"676,700"
02-Nov-22,26.51,26.88,26.1,26.1,23.37,"685,500"
03-Nov-22,25.75,26.01,25.75,25.9,23.19,"1,640,100"
04-Nov-22,26.65,26.93,26.51,26.86,24.05,"651,300"
07-Nov-22,26.99,27.1,26.88,27.0,24.17,"854,500"
08-Nov-22,27.16,27.44,27.1,27.27,24.41,"823,100"
09-Nov-22,27.11,27.28,26.86,26.86,24.05,"1,411,700"
10-Nov-22,27.92,28.32,27.78,28.29,25.33,"896,100"
11-Nov-22,28.55,28.89,28.46,28.82,25.8,"728,900"
14-Nov-22,28.63,28.8,28.54,28.54,25.55,"503,700"
15-Nov-22,28.95,28.96,28.44,28.66,25.66,"638,600"
16-Nov-22,28.69,28.73,28.52,28.6,25.6,"501,500"
17-Nov-22,28.22,28.58,28.22,28.55,25.56,"271,500"
18-Nov-22,28.7,28.7,28.54,28.61,25.61,"431,400"
21-Nov-22,28.41,28.47,28.29,28.44,25.46,"397,600"
22-Nov-22,28.61,28.87,28.61,28.87,25.85,"260,900"
23-Nov-22,28.92,29.21,28.91,29.18,26.12,"348,600"
25-Nov-22,29.22,29.39,29.22,29.35,26.27,"102,000"
28-Nov-22,29.13,29.26,28.9,28.91,25.88,"282,400"
29-Nov-22,28.96,29.12,28.9,28.98,25.94,"517,000"
30-Nov-22,29.2,29.56,28.92,29.5,26.41,"401,600"
01-Dec-22,29.78,29.82,29.56,29.65,26.54,"377,800"
02-Dec-22,29.44,29.77,29.44,29.65,26.54,"280,200"
05-Dec-22,29.58,29.65,29.2,29.21,26.15,"564,000"
06-Dec-22,29.27,29.35,28.97,29.05,26.01,"391,200"
07-Dec-22,29.14,29.22,29.02,29.05,26.01,"502,200"
08-Dec-22,29.12,29.28,29.04,29.24,26.18,"1,192,100"
09-Dec-22,29.28,29.47,29.24,29.24,26.18,"489,200"
12-Dec-22,29.23,29.33,29.16,29.31,26.24,"421,800"
13-Dec-22,30.06,30.13,29.61,29.68,26.57,"714,700"
14-Dec-22,29.73,29.94,29.51,29.65,26.54,"346,900"
15-Dec-22,29.35,29.39,28.86,28.95,25.92,"501,500"
16-Dec-22,28.71,28.88,28.62,28.74,25.73,"1,163,400"
19-Dec-22,28.8,28.86,28.58,28.63,25.63,"539,100"
20-Dec-22,28.7,28.89,28.7,28.77,25.76,"481,800"
21-Dec-22,28.95,29.17,28.95,29.08,26.03,"369,900"
22-Dec-22,28.97,28.97,28.63,28.88,25.85,"540,000"
23-Dec-22,28.82,29.02,28.78,28.99,25.95,"547,700"
27-Dec-22,28.89,29.02,28.85,28.9,26.0,"341,700"
28-Dec-22,28.95,29.02,28.59,28.59,25.72,"393,600"
29-Dec-22,28.9,29.13,28.88,29.06,26.15,"535,800"
30-Dec-22,28.88,28.98,28.73,28.78,25.89,"506,700"
03-Jan-23,29.08,29.23,28.84,28.91,26.01,"493,500"
04-Jan-23,29.33,29.4,29.11,29.33,26.39,"561,900"
05-Jan-23,29.03,29.15,28.98,29.05,26.14,"422,100"
06-Jan-23,29.23,29.8,29.07,29.77,26.78,"254,600"
09-Jan-23,30.03,30.19,29.91,29.93,26.93,"482,200"
10-Jan-23,29.86,29.95,29.77,29.94,26.94,"388,900"
11-Jan-23,30.09,30.16,29.99,30.14,27.12,"435,600"
12-Jan-23,30.38,30.62,30.08,30.55,27.49,"475,700"
13-Jan-23,30.38,30.7,30.38,30.67,27.59,"219,000"
17-Jan-23,30.71,30.89,30.71,30.77,27.68,"492,100"
18-Jan-23,31.08,31.13,30.63,30.63,27.56,"394,800"
19-Jan-23,30.58,30.68,30.43,30.59,27.52,"327,500"
20-Jan-23,30.6,30.91,30.52,30.9,27.8,"408,200"
23-Jan-23,30.8,31.02,30.77,30.98,27.87,"496,200"
24-Jan-23,30.86,31.04,30.73,30.99,27.88,"451,900"
25-Jan-23,30.88,31.16,30.81,31.11,27.99,"665,500"
26-Jan-23,31.19,31.24,30.97,31.22,28.09,"464,300"
27-Jan-23,31.05,31.25,31.0,31.17,28.04,"262,000"
30-Jan-23,31.07,31.23,30.99,30.99,27.88,"436,600"
31-Jan-23,30.93,31.2,30.85,31.17,28.04,"424,400"
01-Feb-23,31.15,31.56,30.92,31.43,28.28,"668,600"
02-Feb-23,31.5,31.51,31.22,31.37,28.22,"582,300"
03-Feb-23,31.05,31.33,31.02,31.07,27.95,"257,600"
06-Feb-23,30.84,30.86,30.63,30.8,27.71,"636,400"
07-Feb-23,30.66,31.07,30.58,31.02,27.91,"571,600"
08-Feb-23,31.0,31.04,30.81,30.87,27.77,"228,400"
09-Feb-23,31.27,31.29,30.83,30.89,27.79,"230,800"
10-Feb-23,30.79,30.83,30.66,30.79,27.7,"263,700"
13-Feb-23,30.83,31.08,30.81,31.06,27.95,"306,800"
14-Feb-23,30.93,31.28,30.9,31.15,28.03,"630,000"
15-Feb-23,30.74,31.0,30.72,30.99,27.88,"1,113,100"
16-Feb-23,30.75,31.03,30.73,30.83,27.74,"382,400"
17-Feb-23,30.72,30.96,30.68,30.92,27.82,"501,800"
21-Feb-23,30.75,30.81,30.57,30.57,27.5,"436,700"
22-Feb-23,30.55,30.59,30.35,30.41,27.36,"506,400"
23-Feb-23,30.57,30.61,30.3,30.57,27.5,"453,400"
24-Feb-23,30.07,30.17,29.99,30.13,27.11,"678,600"
27-Feb-23,30.47,30.55,30.38,30.48,27.42,"404,200"
28-Feb-23,30.37,30.45,30.24,30.24,27.21,"360,500"
01-Mar-23,30.49,30.53,30.32,30.41,27.36,"296,100"
02-Mar-23,30.26,30.51,30.24,30.5,27.44,"286,000"
03-Mar-23,30.65,30.92,30.58,30.88,27.78,"233,200"
06-Mar-23,30.85,30.94,30.79,30.84,27.75,"231,600"
07-Mar-23,30.78,30.78,30.25,30.29,27.25,"304,500"
08-Mar-23,30.36,30.52,30.31,30.4,27.35,"395,500"
09-Mar-23,30.47,30.56,30.13,30.18,27.15,"393,300"
10-Mar-23,30.18,30.26,29.83,29.84,26.85,"703,100"
13-Mar-23,29.57,29.88,29.5,29.66,26.69,"700,700"
14-Mar-23,29.96,30.02,29.78,30.0,26.99,"720,500"
15-Mar-23,28.94,29.15,28.74,29.11,26.19,"742,600"
16-Mar-23,28.97,29.52,28.91,29.52,26.56,"350,300"
17-Mar-23,29.25,29.31,29.06,29.18,26.25,"352,100"
20-Mar-23,29.46,29.69,29.43,29.65,26.68,"486,800"
21-Mar-23,30.08,30.1,29.89,30.05,27.04,"314,400"
22-Mar-23,30.06,30.42,29.9,29.9,26.9,"455,200"
23-Mar-23,30.18,30.34,29.76,29.9,26.9,"415,000"
24-Mar-23,29.65,29.81,29.5,29.78,26.79,"315,700"
27-Mar-23,29.79,29.92,29.72,29.88,27.07,"753,300"
28-Mar-23,29.87,30.0,29.85,29.96,27.14,"1,170,500"
29-Mar-23,30.26,30.3,30.17,30.29,27.44,"629,500"
30-Mar-23,30.61,30.68,30.58,30.64,27.75,"393,000"
31-Mar-23,30.74,30.87,30.73,30.81,27.91,"536,500"
03-Apr-23,30.87,31.09,30.87,31.09,28.16,"384,900"
04-Apr-23,31.09,31.19,30.98,31.08,28.15,"482,900"
05-Apr-23,30.94,31.04,30.76,30.89,27.98,"454,600"
06-Apr-23,30.87,31.08,30.84,31.01,28.09,"301,000"
10-Apr-23,30.8,31.02,30.79,31.0,28.08,"492,000"
11-Apr-23,31.08,31.22,31.08,31.14,28.21,"278,300"
12-Apr-23,31.42,31.5,31.25,31.35,28.4,"465,400"
13-Apr-23,31.6,31.77,31.56,31.74,28.75,"275,000"
14-Apr-23,31.74,31.81,31.51,31.65,28.67,"394,500"
17-Apr-23,31.57,31.59,31.43,31.57,28.6,"285,600"
18-Apr-23,31.75,31.78,31.66,31.74,28.75,"289,300"
19-Apr-23,31.57,31.68,31.57,31.65,28.67,"337,800"
20-Apr-23,31.54,31.72,31.54,31.61,28.63,"338,100"
21-Apr-23,31.69,31.8,31.54,31.78,28.79,"345,300"
24-Apr-23,31.77,31.85,31.75,31.84,28.84,"167,100"
25-Apr-23,31.65,31.67,31.37,31.37,28.42,"331,600"
26-Apr-23,31.58,31.58,31.33,31.36,28.41,"297,700"
27-Apr-23,31.53,31.71,31.45,31.7,28.71,"176,300"
28-Apr-23,31.52,31.75,31.49,31.74,28.75,"366,200"
01-May-23,31.83,31.84,31.7,31.75,28.76,"959,900"
02-May-23,31.41,31.41,31.17,31.38,28.42,"684,200"
03-May-23,31.46,31.69,31.44,31.45,28.49,"328,800"
04-May-23,31.27,31.45,31.26,31.32,28.37,"428,400"
05-May-23,31.54,31.87,31.5,31.82,28.82,"265,900"
08-May-23,31.89,31.91,31.79,31.84,28.84,"668,500"
09-May-23,31.62,31.79,31.57,31.73,28.74,"505,500"
10-May-23,31.77,31.77,31.44,31.63,28.65,"337,300"
11-May-23,31.41,31.52,31.31,31.51,28.54,"841,700"
12-May-23,31.59,31.61,31.35,31.46,28.5,"283,500"
15-May-23,31.57,31.72,31.53,31.7,28.71,"296,400"
16-May-23,31.59,31.61,31.39,31.41,28.45,"289,600"
17-May-23,31.46,31.55,31.3,31.52,28.55,"377,900"
18-May-23,31.41,31.47,31.3,31.46,28.5,"621,200"
19-May-23,31.59,31.69,31.53,31.6,28.62,"321,000"
22-May-23,31.61,31.71,31.6,31.65,28.67,"335,600"
23-May-23,31.4,31.43,31.2,31.22,28.28,"334,700"
24-May-23,30.93,30.93,30.75,30.77,27.87,"262,200"
25-May-23,30.74,30.74,30.56,30.69,27.8,"303,600"
26-May-23,30.79,31.0,30.78,30.97,28.05,"389,100"
30-May-23,30.9,30.9,30.59,30.69,27.8,"327,200"
31-May-23,30.37,30.41,30.16,30.36,27.5,"412,300"
01-Jun-23,30.51,30.82,30.51,30.79,27.89,"250,500"
02-Jun-23,31.16,31.24,31.1,31.22,28.28,"252,600"
05-Jun-23,31.18,31.18,31.01,31.02,28.1,"480,600"
06-Jun-23,31.09,31.3,31.07,31.28,28.33,"256,500"
07-Jun-23,31.19,31.31,31.01,31.01,28.09,"324,300"
08-Jun-23,31.17,31.36,31.15,31.36,28.41,"334,100"
09-Jun-23,31.34,31.39,31.25,31.33,28.38,"271,000"
12-Jun-23,31.42,31.46,31.34,31.46,28.5,"216,400"
13-Jun-23,31.68,31.81,31.68,31.72,28.73,"273,300"
14-Jun-23,31.92,32.0,31.66,31.8,28.8,"314,400"
15-Jun-23,31.81,32.16,31.81,32.09,29.07,"663,600"
16-Jun-23,32.31,32.33,32.08,32.12,29.09,"360,700"
20-Jun-23,31.8,31.81,31.63,31.73,28.74,"286,300"
21-Jun-23,31.68,31.88,31.63,31.8,28.8,"260,900"
22-Jun-23,31.55,31.64,31.53,31.6,28.62,"294,800"
23-Jun-23,31.1,31.19,31.0,31.15,28.22,"350,100"
26-Jun-23,30.65,30.78,30.65,30.71,28.22,"1,486,700"
27-Jun-23,30.78,30.98,30.71,30.94,28.44,"165,700"
28-Jun-23,30.96,31.05,30.9,30.97,28.46,"715,400"
29-Jun-23,30.89,30.98,30.85,30.98,28.47,"345,600"
30-Jun-23,31.26,31.37,31.21,31.35,28.81,"348,200"
03-Jul-23,31.31,31.38,31.28,31.37,28.83,"231,600"
05-Jul-23,31.13,31.14,30.94,30.99,28.48,"401,400"
06-Jul-23,30.56,30.58,30.3,30.48,28.01,"328,500"
07-Jul-23,30.53,30.84,30.5,30.72,28.23,"227,500"
10-Jul-23,30.66,30.81,30.66,30.78,28.29,"240,700"
11-Jul-23,30.9,31.08,30.85,31.08,28.56,"207,000"
12-Jul-23,31.47,31.64,31.43,31.59,29.03,"212,700"
13-Jul-23,31.94,32.13,31.94,32.09,29.49,"172,300"
14-Jul-23,32.06,32.09,31.89,31.9,29.32,"187,500"
17-Jul-23,31.81,31.93,31.74,31.91,29.33,"235,300"
18-Jul-23,31.9,32.13,31.9,32.08,29.48,"238,500"
19-Jul-23,32.13,32.19,32.01,32.09,29.49,"314,000"
20-Jul-23,32.05,32.15,31.92,31.97,29.38,"448,400"
21-Jul-23,32.07,32.08,31.96,32.06,29.46,"262,500"
24-Jul-23,31.93,32.07,31.92,32.02,29.43,"225,600"
25-Jul-23,31.95,32.08,31.95,32.06,29.46,"415,900"
26-Jul-23,31.91,32.19,31.88,32.14,29.54,"216,100"
27-Jul-23,32.35,32.35,31.99,32.06,29.46,"210,700"
28-Jul-23,32.24,32.36,32.17,32.26,29.65,"242,300"
31-Jul-23,32.26,32.36,32.2,32.26,29.65,"196,400"
01-Aug-23,31.93,32.0,31.78,31.85,29.27,"294,000"
02-Aug-23,31.52,31.56,31.28,31.34,28.8,"272,300"
03-Aug-23,31.1,31.34,31.08,31.26,28.73,"269,000"
04-Aug-23,31.38,31.67,31.33,31.35,28.81,"370,000"
07-Aug-23,31.55,31.63,31.42,31.62,29.06,"778,700"
08-Aug-23,31.3,31.49,31.23,31.48,28.93,"430,800"
09-Aug-23,31.5,31.59,31.43,31.51,28.96,"536,400"
10-Aug-23,31.8,31.98,31.59,31.62,29.06,"629,600"
11-Aug-23,31.42,31.55,31.38,31.43,28.89,"409,100"
14-Aug-23,31.18,31.34,31.09,31.3,28.77,"336,700"
15-Aug-23,31.14,31.17,30.89,30.89,28.39,"304,400"
16-Aug-23,30.85,31.0,30.72,30.75,28.26,"512,200"
17-Aug-23,30.86,30.86,30.5,30.54,28.07,"482,500"
18-Aug-23,30.32,30.59,30.28,30.53,28.06,"278,000"
21-Aug-23,30.64,30.67,30.49,30.63,28.15,"302,200"
22-Aug-23,30.76,30.76,30.53,30.56,28.09,"306,200"
23-Aug-23,30.68,30.89,30.63,30.84,28.34,"278,900"
24-Aug-23,30.7,30.79,30.44,30.46,27.99,"329,800"
25-Aug-23,30.62,30.74,30.39,30.66,28.18,"256,700"
28-Aug-23,30.82,30.94,30.82,30.92,28.42,"590,900"
29-Aug-23,30.86,31.34,30.86,31.32,28.78,"172,800"
30-Aug-23,31.34,31.46,31.29,31.33,28.79,"240,300"
31-Aug-23,31.39,31.39,31.13,31.21,28.68,"234,200"
01-Sep-23,31.48,31.49,31.15,31.22,28.69,"175,100"
05-Sep-23,31.16,31.16,30.95,30.96,28.45,"271,100"
06-Sep-23,30.92,30.98,30.74,30.84,28.34,"210,100"
07-Sep-23,30.76,30.84,30.69,30.76,28.27,"202,000"
08-Sep-23,30.72,30.85,30.7,30.72,28.23,"186,100"
11-Sep-23,30.99,31.09,30.93,31.05,28.54,"238,100"
12-Sep-23,30.92,31.08,30.92,30.96,28.45,"174,700"
13-Sep-23,30.94,31.0,30.83,30.89,28.39,"268,100"
14-Sep-23,31.15,31.32,31.12,31.28,28.75,"305,500"
15-Sep-23,31.33,31.44,31.22,31.23,28.7,"215,800"
18-Sep-23,31.13,31.17,31.01,31.11,28.59,"239,500"
19-Sep-23,31.17,31.24,31.07,31.13,28.61,"146,500"
20-Sep-23,31.28,31.42,31.05,31.09,28.57,"215,900"
21-Sep-23,30.8,30.84,30.56,30.59,28.11,"310,900"
22-Sep-23,30.7,30.81,30.54,30.56,28.09,"214,000"
25-Sep-23,30.19,30.34,30.13,30.31,27.98,"250,300"
26-Sep-23,30.08,30.18,29.94,29.95,27.65,"282,600"
27-Sep-23,30.06,30.07,29.69,29.89,27.6,"418,300"
28-Sep-23,29.9,30.2,29.87,30.1,27.79,"571,500"
29-Sep-23,30.41,30.41,29.95,30.03,27.73,"414,000"
02-Oct-23,29.83,29.83,29.45,29.53,27.26,"505,700"
03-Oct-23,29.28,29.34,29.09,29.19,26.95,"399,200"
04-Oct-23,29.22,29.24,28.97,29.19,26.95,"452,000"
05-Oct-23,29.35,29.5,29.29,29.46,27.2,"238,400"
06-Oct-23,29.41,29.85,29.25,29.78,27.49,"225,900"
09-Oct-23,29.51,29.8,29.51,29.76,27.48,"322,000"
10-Oct-23,30.05,30.24,30.05,30.13,27.82,"436,700"
11-Oct-23,30.25,30.29,30.05,30.23,27.91,"232,000"
12-Oct-23,30.24,30.24,29.82,29.94,27.64,"227,900"
13-Oct-23,29.86,29.92,29.61,29.69,27.41,"260,300"
16-Oct-23,29.75,29.91,29.67,29.9,27.61,"283,700"
17-Oct-23,29.64,30.05,29.64,29.9,27.61,"496,500"
18-Oct-23,29.69,29.69,29.39,29.43,27.17,"399,800"
19-Oct-23,29.34,29.45,29.12,29.18,26.94,"611,000"
20-Oct-23,29.06,29.14,28.89,28.9,26.68,"423,500"
23-Oct-23,28.86,29.14,28.72,28.97,26.75,"371,500"
24-Oct-23,29.04,29.12,28.95,29.09,26.86,"621,100"
25-Oct-23,28.98,29.15,28.86,28.89,26.67,"296,200"
26-Oct-23,28.8,28.88,28.6,28.69,26.49,"874,200"
27-Oct-23,28.86,28.87,28.51,28.56,26.37,"1,104,400"
30-Oct-23,28.86,28.96,28.75,28.92,26.7,"573,300"
31-Oct-23,28.97,29.05,28.87,29.02,26.79,"743,000"
01-Nov-23,29.09,29.31,29.03,29.29,27.04,"476,300"
02-Nov-23,29.73,29.89,29.68,29.87,27.58,"438,700"
03-Nov-23,30.12,30.25,30.08,30.16,27.85,"386,800"
06-Nov-23,30.16,30.16,29.97,30.01,27.71,"327,500"
07-Nov-23,29.81,29.87,29.71,29.79,27.5,"518,300"
08-Nov-23,29.8,29.89,29.68,29.76,27.48,"290,900"
09-Nov-23,30.01,30.09,29.75,29.76,27.48,"341,600"
10-Nov-23,29.75,29.92,29.56,29.89,27.6,"361,500"
13-Nov-23,29.81,30.04,29.75,29.99,27.69,"535,600"
14-Nov-23,30.45,30.76,30.45,30.75,28.39,"464,900"
15-Nov-23,30.71,30.82,30.64,30.66,28.31,"405,800"
16-Nov-23,30.55,30.67,30.47,30.56,28.21,"396,600"
17-Nov-23,30.83,30.98,30.8,30.96,28.58,"211,000"
20-Nov-23,30.95,31.13,30.94,31.09,28.7,"663,200"
21-Nov-23,31.11,31.14,30.94,31.0,28.62,"342,600"
22-Nov-23,31.0,31.07,30.9,31.06,28.68,"391,100"
24-Nov-23,31.16,31.31,31.16,31.3,28.9,"151,800"
27-Nov-23,31.21,31.24,31.14,31.19,28.8,"251,900"
28-Nov-23,31.14,31.32,31.08,31.22,28.82,"371,900"
29-Nov-23,31.29,31.4,31.2,31.28,28.88,"318,600"
30-Nov-23,31.28,31.34,31.17,31.28,28.88,"488,200"
01-Dec-23,31.25,31.61,31.25,31.6,29.17,"353,900"
04-Dec-23,31.29,31.46,31.28,31.39,28.98,"281,400"
05-Dec-23,31.27,31.39,31.25,31.27,28.87,"333,700"
06-Dec-23,31.53,31.6,31.33,31.33,28.93,"331,700"
07-Dec-23,31.37,31.52,31.26,31.47,29.05,"257,000"
08-Dec-23,31.4,31.61,31.39,31.57,29.15,"257,500"
11-Dec-23,31.47,31.65,31.47,31.61,29.18,"520,400"
12-Dec-23,31.58,31.65,31.48,31.64,29.21,"357,400"
13-Dec-23,31.64,32.12,31.4,32.12,29.65,"413,400"
14-Dec-23,32.29,32.41,32.18,32.31,29.83,"361,400"
15-Dec-23,32.16,32.18,31.96,31.97,29.52,"248,000"
18-Dec-23,32.08,32.11,32.0,32.06,29.6,"320,000"
19-Dec-23,32.21,32.36,32.21,32.33,29.85,"720,900"
20-Dec-23,32.35,32.44,31.99,32.02,29.56,"540,100"
21-Dec-23,32.37,32.5,32.28,32.49,30.0,"1,024,000"
22-Dec-23,32.58,32.66,32.48,32.57,30.07,"297,900"
26-Dec-23,32.48,32.64,32.46,32.58,30.22,"331,500"
27-Dec-23,32.57,32.76,32.57,32.74,30.37,"372,000"
28-Dec-23,32.74,32.8,32.62,32.63,30.26,"379,300"
29-Dec-23,32.62,32.78,32.59,32.66,30.29,"297,700"
02-Jan-24,32.38,32.48,32.3,32.35,30.0,"577,500"
03-Jan-24,32.06,32.26,31.99,32.16,29.83,"525,400"
04-Jan-24,32.19,32.42,32.19,32.27,29.93,"454,500"
05-Jan-24,32.22,32.55,32.2,32.29,29.95,"413,300"
08-Jan-24,32.36,32.63,32.32,32.62,30.25,"406,800"
09-Jan-24,32.33,32.42,32.3,32.35,30.0,"395,900"
10-Jan-24,32.43,32.55,32.42,32.51,30.15,"280,500"
11-Jan-24,32.55,32.61,32.21,32.49,30.13,"396,800"
12-Jan-24,32.71,32.81,32.56,32.6,30.24,"412,600"
16-Jan-24,32.26,32.29,32.05,32.11,29.78,"780,000"
17-Jan-24,31.76,31.86,31.64,31.85,29.54,"320,000"
18-Jan-24,31.93,32.11,31.89,32.09,29.76,"404,500"
19-Jan-24,32.0,32.17,31.9,32.16,29.83,"642,000"
22-Jan-24,32.27,32.38,32.23,32.27,29.93,"384,200"
23-Jan-24,32.14,32.2,32.05,32.19,29.86,"410,000"
24-Jan-24,32.54,32.58,32.35,32.36,30.01,"469,100"
25-Jan-24,32.48,32.49,32.31,32.47,30.12,"622,700"
26-Jan-24,32.61,32.68,32.55,32.6,30.24,"279,400"
29-Jan-24,32.57,32.78,32.52,32.75,30.38,"485,700"
30-Jan-24,32.67,32.76,32.59,32.73,30.36,"428,300"
31-Jan-24,32.84,32.95,32.51,32.54,30.18,"744,400"
01-Feb-24,32.62,32.86,32.56,32.85,30.47,"813,000"
02-Feb-24,32.6,32.63,32.45,32.59,30.23,"510,900"
05-Feb-24,32.38,32.42,32.2,32.33,29.99,"585,400"
06-Feb-24,32.34,32.54,32.34,32.53,30.17,"513,600"
07-Feb-24,32.54,32.58,32.47,32.53,30.17,"385,100"
08-Feb-24,32.45,32.51,32.38,32.49,30.13,"3,283,000"
09-Feb-24,32.52,32.64,32.42,32.62,30.25,"390,000"
12-Feb-24,32.59,32.78,32.59,32.68,30.31,"1,089,700"
13-Feb-24,32.31,32.32,32.01,32.13,29.8,"596,400"
14-Feb-24,32.35,32.54,32.35,32.54,30.18,"310,200"
15-Feb-24,32.69,32.92,32.66,32.92,30.53,"397,700"
16-Feb-24,32.9,33.1,32.86,32.95,30.56,"362,200"
20-Feb-24,33.12,33.15,33.0,33.08,30.68,"666,700"
21-Feb-24,32.99,33.11,32.97,33.09,30.69,"335,400"
22-Feb-24,33.35,33.46,33.31,33.44,31.02,"425,000"
23-Feb-24,33.51,33.54,33.44,33.48,31.05,"398,200"
26-Feb-24,33.48,33.52,33.38,33.44,31.02,"295,300"
27-Feb-24,33.42,33.51,33.4,33.47,31.04,"295,200"
28-Feb-24,33.31,33.38,33.28,33.33,30.91,"258,600"
29-Feb-24,33.46,33.52,33.26,33.38,30.96,"406,400"
01-Mar-24,33.51,33.67,33.36,33.65,31.21,"679,500"
04-Mar-24,33.53,33.63,33.52,33.56,31.13,"429,000"
05-Mar-24,33.59,33.69,33.42,33.5,31.07,"470,300"
06-Mar-24,33.81,33.96,33.78,33.85,31.4,"383,800"
07-Mar-24,34.08,34.31,34.08,34.27,31.79,"265,500"
08-Mar-24,34.37,34.4,34.1,34.14,31.66,"487,700"
11-Mar-24,33.93,34.01,33.83,33.99,31.53,"630,500"
12-Mar-24,34.05,34.26,33.94,34.26,31.78,"848,600"
13-Mar-24,34.26,34.37,34.22,34.28,31.79,"714,700"
14-Mar-24,34.3,34.32,33.92,34.04,31.57,"865,500"
15-Mar-24,34.13,34.14,33.96,34.06,31.59,"686,800"
18-Mar-24,34.13,34.13,34.03,34.04,31.57,"354,300"
19-Mar-24,34.02,34.18,33.96,34.09,31.62,"295,500"
20-Mar-24,34.05,34.46,34.03,34.45,31.95,"365,200"
21-Mar-24,34.44,34.5,34.36,34.36,31.87,"198,000"
22-Mar-24,34.23,34.24,34.12,34.14,31.79,"269,000"
25-Mar-24,34.09,34.22,34.06,34.1,31.75,"293,300"
26-Mar-24,34.23,34.26,34.13,34.15,31.8,"374,500"
27-Mar-24,34.24,34.39,34.22,34.37,32.0,"518,900"
28-Mar-24,34.28,34.35,34.28,34.29,31.93,"475,600"
01-Apr-24,34.24,34.3,34.07,34.13,31.78,"542,400"
02-Apr-24,33.92,33.92,33.79,33.88,31.55,"248,200"
03-Apr-24,33.83,34.13,33.83,34.08,31.73,"333,100"
04-Apr-24,34.27,34.29,33.77,33.79,31.46,"254,600"
05-Apr-24,33.75,33.99,33.69,33.93,31.59,"206,200"
08-Apr-24,34.13,34.15,34.03,34.07,31.72,"351,800"
09-Apr-24,34.2,34.21,33.9,34.05,31.71,"385,500"
10-Apr-24,33.57,33.75,33.48,33.59,31.28,"429,900"
11-Apr-24,33.75,33.75,33.35,33.66,31.34,"415,300"
12-Apr-24,33.42,33.5,33.11,33.14,30.86,"373,400"
15-Apr-24,33.59,33.59,32.99,33.05,30.77,"422,400"
16-Apr-24,32.82,32.91,32.66,32.76,30.5,"559,800"
17-Apr-24,32.95,32.96,32.66,32.81,30.55,"438,700"
18-Apr-24,32.81,32.94,32.67,32.73,30.48,"354,800"
19-Apr-24,32.75,32.9,32.69,32.78,30.52,"289,700"
22-Apr-24,33.0,33.29,32.95,33.19,30.9,"325,600"
23-Apr-24,33.27,33.55,33.22,33.51,31.2,"544,100"
24-Apr-24,33.55,33.55,33.28,33.42,31.12,"304,900"
25-Apr-24,32.98,33.33,32.88,33.28,30.99,"359,000"
26-Apr-24,33.42,33.55,33.38,33.51,31.2,"356,400"
29-Apr-24,33.58,33.69,33.53,33.63,31.31,"187,700"
30-Apr-24,33.45,33.58,33.17,33.18,30.9,"215,600"
01-May-24,33.17,33.5,33.04,33.12,30.84,"421,100"
02-May-24,33.46,33.6,33.26,33.53,31.22,"334,800"
03-May-24,33.9,33.93,33.66,33.85,31.52,"221,900"
06-May-24,34.04,34.12,33.99,34.12,31.77,"251,800"
07-May-24,34.2,34.22,34.08,34.14,31.79,"196,400"
08-May-24,33.97,34.13,33.97,34.12,31.77,"230,100"
09-May-24,34.15,34.4,34.15,34.39,32.02,"187,500"
10-May-24,34.52,34.55,34.43,34.47,32.1,"134,000"
13-May-24,34.48,34.55,34.42,34.46,32.09,"188,000"
14-May-24,34.59,34.71,34.56,34.7,32.31,"148,900"
15-May-24,34.82,34.99,34.75,34.98,32.57,"244,700"
16-May-24,34.92,34.95,34.83,34.83,32.43,"731,900"
17-May-24,34.85,34.97,34.8,34.95,32.54,"175,300"
20-May-24,35.0,35.07,34.97,34.98,32.57,"197,500"
21-May-24,34.89,34.97,34.87,34.94,32.53,"198,700"
22-May-24,34.72,34.76,34.56,34.64,32.26,"213,200"
23-May-24,34.94,34.94,34.43,34.5,32.12,"176,800"
24-May-24,34.7,34.86,34.68,34.8,32.4,"235,800"
28-May-24,34.94,34.95,34.68,34.8,32.4,"254,100"
29-May-24,34.4,34.4,34.23,34.25,31.89,"239,100"
30-May-24,34.46,34.63,34.43,34.53,32.15,"321,200"
31-May-24,34.72,34.89,34.59,34.87,32.47,"261,700"
03-Jun-24,35.0,35.05,34.81,34.92,32.52,"338,400"
04-Jun-24,34.82,34.93,34.72,34.85,32.45,"344,600"
05-Jun-24,35.0,35.06,34.82,35.06,32.65,"524,900"
06-Jun-24,35.02,35.13,35.02,35.12,32.7,"335,600"
07-Jun-24,34.86,34.96,34.73,34.75,32.36,"235,800"
10-Jun-24,34.57,34.78,34.51,34.74,32.35,"231,900"
11-Jun-24,34.34,34.42,34.2,34.34,31.98,"165,800"
12-Jun-24,34.9,34.97,34.67,34.73,32.34,"523,200"
13-Jun-24,34.46,34.46,34.08,34.21,31.85,"354,300"
14-Jun-24,33.81,33.88,33.64,33.86,31.53,"321,200"
17-Jun-24,33.76,33.97,33.67,33.95,31.61,"280,300"
18-Jun-24,33.96,34.13,33.96,34.1,31.75,"216,300"
20-Jun-24,34.03,34.16,34.01,34.12,31.77,"328,900"
21-Jun-24,33.88,33.92,33.78,33.9,31.57,"192,600"
24-Jun-24,33.7,33.88,33.7,33.75,31.85,"215,600"
25-Jun-24,33.71,33.84,33.68,33.81,31.91,"228,800"
26-Jun-24,33.48,33.62,33.47,33.57,31.68,"276,400"
27-Jun-24,33.6,33.72,33.54,33.63,31.74,"305,800"
28-Jun-24,33.64,33.72,33.51,33.65,31.75,"717,400"
01-Jul-24,33.81,33.9,33.61,33.67,31.77,"346,900"
02-Jul-24,33.58,33.82,33.58,33.8,31.9,"487,600"
03-Jul-24,34.06,34.21,34.06,34.18,32.25,"202,200"
05-Jul-24,34.42,34.43,34.15,34.35,32.42,"169,300"
08-Jul-24,34.33,34.39,34.18,34.19,32.26,"243,200"
09-Jul-24,34.15,34.15,33.97,34.05,32.13,"285,600"
10-Jul-24,34.31,34.53,34.29,34.53,32.59,"204,400"
11-Jul-24,34.7,34.81,34.63,34.65,32.7,"221,200"
12-Jul-24,34.9,35.1,34.9,34.97,33.0,"980,500"
15-Jul-24,34.89,34.99,34.7,34.73,32.77,"157,500"
16-Jul-24,34.63,34.92,34.63,34.92,32.95,"227,900"
17-Jul-24,34.74,34.89,34.72,34.77,32.81,"219,100"
18-Jul-24,34.85,34.87,34.39,34.46,32.52,"294,200"
19-Jul-24,34.31,34.39,34.24,34.27,32.34,"165,000"
22-Jul-24,34.54,34.64,34.44,34.62,32.67,"295,500"
23-Jul-24,34.49,34.52,34.43,34.44,32.5,"290,700"
24-Jul-24,34.31,34.41,34.04,34.05,32.13,"250,400"
25-Jul-24,33.77,34.14,33.69,33.85,31.94,"273,100"
26-Jul-24,34.12,34.33,34.07,34.28,32.35,"198,400"
29-Jul-24,34.2,34.2,34.02,34.13,32.21,"283,600"
30-Jul-24,34.21,34.28,34.1,34.2,32.27,"274,100"
31-Jul-24,34.67,34.82,34.57,34.66,32.71,"438,600"
01-Aug-24,34.25,34.34,33.62,33.79,31.89,"481,800"
02-Aug-24,33.42,33.42,33.0,33.25,31.38,"372,100"
05-Aug-24,32.21,32.76,32.07,32.59,30.75,"749,700"
06-Aug-24,32.3,32.83,32.22,32.66,30.82,"459,700"
07-Aug-24,33.23,33.27,32.74,32.75,30.91,"357,900"
08-Aug-24,33.09,33.34,32.96,33.31,31.43,"312,800"
09-Aug-24,33.26,33.47,33.21,33.45,31.57,"173,400"
12-Aug-24,33.43,33.52,33.33,33.43,31.55,"211,600"
13-Aug-24,33.65,33.99,33.64,33.97,32.06,"216,000"
14-Aug-24,34.06,34.17,34.03,34.17,32.25,"176,600"
15-Aug-24,34.44,34.63,34.43,34.56,32.61,"209,500"
16-Aug-24,34.61,34.78,34.58,34.75,32.79,"198,900"
19-Aug-24,34.95,35.19,34.95,35.17,33.19,"208,300"
20-Aug-24,35.1,35.16,34.99,35.05,33.08,"180,500"
21-Aug-24,35.28,35.41,35.2,35.38,33.39,"195,700"
22-Aug-24,35.48,35.49,35.15,35.17,33.19,"168,900"
23-Aug-24,35.49,35.87,35.44,35.87,33.85,"211,600"
26-Aug-24,35.78,35.83,35.67,35.71,33.7,"281,900"
27-Aug-24,35.79,35.92,35.75,35.88,33.86,"222,100"
28-Aug-24,35.79,35.88,35.59,35.69,33.68,"375,700"
29-Aug-24,35.88,36.05,35.81,35.83,33.81,"148,500"
30-Aug-24,35.95,36.0,35.74,35.95,33.93,"129,900"
03-Sep-24,35.76,35.79,35.33,35.39,33.4,"204,300"
04-Sep-24,35.17,35.48,35.16,35.31,33.32,"887,800"
05-Sep-24,35.39,35.42,35.19,35.33,33.34,"271,700"
06-Sep-24,35.32,35.38,34.68,34.73,32.77,"230,300"
09-Sep-24,35.06,35.22,35.02,35.08,33.1,"199,100"
10-Sep-24,35.0,35.0,34.65,34.9,32.93,"256,300"
11-Sep-24,34.94,35.12,34.56,35.08,33.1,"183,200"
12-Sep-24,35.1,35.45,35.03,35.45,33.45,"168,400"
13-Sep-24,35.49,35.66,35.38,35.54,33.54,"131,300"
16-Sep-24,35.7,35.9,35.67,35.87,33.85,"130,200"
17-Sep-24,35.87,35.93,35.63,35.74,33.73,"201,500"
18-Sep-24,35.79,36.09,35.58,35.63,33.62,"158,400"
19-Sep-24,36.26,36.35,36.05,36.31,34.27,"125,600"
20-Sep-24,36.08,36.09,35.83,35.98,33.95,"169,900"
23-Sep-24,36.0,36.14,36.0,36.08,34.05,"197,400"
24-Sep-24,35.92,36.02,35.83,36.0,34.19,"281,800"
25-Sep-24,36.06,36.09,35.8,35.8,34.0,"234,700"
26-Sep-24,36.4,36.54,36.29,36.45,34.62,"188,700"
27-Sep-24,36.4,36.54,36.19,36.27,34.45,"215,000"
30-Sep-24,36.23,36.24,35.95,36.17,34.35,"232,700"
01-Oct-24,36.15,36.17,35.73,35.92,34.11,"1,087,500"
02-Oct-24,35.78,35.87,35.64,35.79,33.99,"199,700"
03-Oct-24,35.48,35.54,35.34,35.48,33.7,"192,100"
04-Oct-24,35.56,35.74,35.52,35.72,33.92,"194,600"
07-Oct-24,35.58,35.64,35.36,35.51,33.72,"172,500"
08-Oct-24,35.49,35.49,35.34,35.43,33.65,"190,400"
09-Oct-24,35.32,35.53,35.29,35.49,33.71,"181,800"
10-Oct-24,35.38,35.47,35.26,35.44,33.66,"188,700"
11-Oct-24,35.41,35.68,35.41,35.63,33.84,"170,300"
14-Oct-24,35.54,35.69,35.49,35.66,33.87,"127,800"
15-Oct-24,35.56,35.56,35.18,35.23,33.46,"485,300"
16-Oct-24,35.31,35.37,35.27,35.31,33.53,"143,200"
17-Oct-24,35.44,35.44,35.29,35.34,33.56,"183,100"
18-Oct-24,35.47,35.54,35.41,35.53,33.74,"139,300"
21-Oct-24,35.37,35.4,35.1,35.13,33.36,"210,000"
22-Oct-24,34.94,35.0,34.88,34.97,33.21,"228,700"
23-Oct-24,34.64,34.72,34.46,34.62,32.88,"220,100"
24-Oct-24,34.8,34.84,34.62,34.78,33.03,"174,700"
25-Oct-24,34.82,34.86,34.56,34.59,32.85,"292,900"
28-Oct-24,34.72,34.94,34.72,34.92,33.16,"271,100"
29-Oct-24,34.75,34.83,34.67,34.74,33.0,"181,200"
30-Oct-24,34.5,34.74,34.49,34.63,32.89,"1,371,800"
31-Oct-24,34.48,34.48,34.13,34.36,32.63,"394,500"
01-Nov-24,34.59,34.67,34.44,34.46,32.73,"319,100"
04-Nov-24,34.63,34.78,34.49,34.51,32.77,"371,300"
05-Nov-24,34.64,34.91,34.61,34.89,33.14,"428,700"
06-Nov-24,34.42,34.49,34.19,34.47,32.74,"295,500"
07-Nov-24,34.83,35.02,34.78,34.95,33.19,"283,900"
08-Nov-24,34.65,34.66,34.4,34.56,32.82,"274,800"
11-Nov-24,34.65,34.72,34.58,34.6,32.86,"177,800"
12-Nov-24,34.3,34.31,33.87,34.05,32.34,"439,800"
13-Nov-24,33.94,33.96,33.72,33.85,32.15,"260,900"
14-Nov-24,34.12,34.15,33.88,33.89,32.19,"272,100"
15-Nov-24,33.91,33.93,33.76,33.84,32.14,"418,900"
18-Nov-24,33.81,34.09,33.81,34.01,32.3,"288,000"
19-Nov-24,33.73,34.04,33.71,33.98,32.27,"242,600"
20-Nov-24,33.87,33.91,33.69,33.89,32.19,"781,900"
21-Nov-24,33.85,34.01,33.78,33.96,32.25,"247,700"
22-Nov-24,33.95,34.16,33.95,34.11,32.39,"180,400"
25-Nov-24,34.34,34.39,34.15,34.21,32.49,"308,500"
26-Nov-24,34.14,34.14,33.92,34.02,32.31,"1,438,900"
27-Nov-24,34.14,34.28,34.13,34.23,32.51,"234,200"
29-Nov-24,34.3,34.64,34.3,34.61,32.87,"205,400"
02-Dec-24,34.59,34.71,34.4,34.65,32.91,"177,400"
03-Dec-24,34.87,34.9,34.71,34.8,33.05,"485,300"
04-Dec-24,34.9,34.96,34.81,34.85,33.1,"533,500"
05-Dec-24,35.1,35.21,35.06,35.13,33.36,"314,700"
06-Dec-24,35.24,35.27,35.03,35.08,33.32,"244,800"
09-Dec-24,35.23,35.28,35.01,35.03,33.26,"314,700"
10-Dec-24,34.94,34.95,34.74,34.74,32.99,"273,300"
11-Dec-24,34.89,35.04,34.81,34.95,33.19,"247,700"
12-Dec-24,34.77,34.91,34.62,34.62,32.88,"1,048,100"
13-Dec-24,34.68,34.68,34.47,34.53,32.79,"283,100"
16-Dec-24,34.41,34.52,34.36,34.4,32.67,"266,800"
17-Dec-24,34.3,34.38,34.25,34.28,32.56,"377,500"
18-Dec-24,34.26,34.32,33.4,33.42,31.74,"366,200"
19-Dec-24,33.59,33.62,33.35,33.37,31.69,"491,300"
20-Dec-24,33.01,33.58,33.01,33.35,31.67,"544,900"
23-Dec-24,33.2,33.37,33.06,33.32,31.82,"358,800"
24-Dec-24,33.36,33.49,33.27,33.49,31.98,"318,600"
26-Dec-24,33.4,33.73,33.4,33.62,32.1,"392,300"
27-Dec-24,33.55,33.66,33.47,33.62,32.1,"338,700"
30-Dec-24,33.4,33.49,33.22,33.35,31.84,"685,500"
31-Dec-24,33.44,33.52,33.28,33.34,31.88,"341,400"
02-Jan-25,33.37,33.46,33.13,33.24,31.78,"706,800"
03-Jan-25,33.31,33.4,33.2,33.38,31.91,"333,700"
06-Jan-25,33.67,33.88,33.63,33.66,32.18,"1,091,900"
07-Jan-25,33.89,33.91,33.56,33.63,32.15,"648,000"
08-Jan-25,33.4,33.6,33.32,33.56,32.09,"645,700"
10-Jan-25,33.31,33.31,32.99,33.08,31.63,"419,400"
13-Jan-25,32.7,32.97,32.69,32.95,31.5,"298,500"
14-Jan-25,32.99,33.12,32.9,33.07,31.62,"362,000"
15-Jan-25,33.53,33.57,33.37,33.51,32.04,"248,400"
16-Jan-25,33.51,33.71,33.46,33.6,32.12,"224,400"
17-Jan-25,33.74,33.89,33.69,33.73,32.25,"316,200"
21-Jan-25,34.15,34.38,34.14,34.38,32.87,"336,300"
22-Jan-25,34.44,34.44,34.28,34.28,32.77,"610,300"
23-Jan-25,34.39,34.59,34.38,34.57,33.05,"668,300"
24-Jan-25,34.74,34.84,34.68,34.73,33.2,"336,900"
27-Jan-25,34.62,34.83,34.62,34.78,33.25,"298,000"
28-Jan-25,34.73,34.75,34.54,34.7,33.18,"508,200"
29-Jan-25,34.72,34.81,34.6,34.72,33.2,"453,700"
30-Jan-25,35.04,35.22,34.9,35.03,33.49,"321,300"
31-Jan-25,35.01,35.15,34.7,34.71,33.19,"308,600"
03-Feb-25,34.14,34.49,34.0,34.36,32.85,"480,000"
04-Feb-25,34.51,34.75,34.51,34.7,33.18,"528,700"
05-Feb-25,34.88,35.06,34.83,35.02,33.48,"357,800"
06-Feb-25,35.12,35.27,35.11,35.21,33.66,"526,200"
07-Feb-25,35.23,35.28,34.86,34.95,33.41,"352,100"
10-Feb-25,35.11,35.18,35.06,35.13,33.59,"254,800"
11-Feb-25,35.14,35.38,35.13,35.36,33.81,"284,900"
12-Feb-25,35.16,35.52,35.09,35.43,33.87,"325,600"
13-Feb-25,35.56,35.84,35.54,35.82,34.25,"259,500"
14-Feb-25,35.99,36.01,35.83,35.83,34.26,"229,400"
18-Feb-25,36.0,36.1,35.96,36.06,34.48,"777,700"
19-Feb-25,35.71,35.77,35.59,35.73,34.16,"382,900"
20-Feb-25,35.8,35.88,35.69,35.83,34.26,"297,200"
21-Feb-25,35.91,35.91,35.56,35.62,34.06,"276,400"
24-Feb-25,35.78,35.85,35.57,35.66,34.09,"600,300"
25-Feb-25,36.08,36.08,35.82,36.0,34.42,"524,400"
26-Feb-25,36.04,36.26,35.92,35.97,34.39,"323,500"
27-Feb-25,35.87,35.89,35.58,35.59,34.03,"206,800"
28-Feb-25,35.52,35.68,35.35,35.68,34.11,"275,500"
03-Mar-25,36.22,36.38,35.76,35.94,34.36,"814,100"
04-Mar-25,35.77,36.23,35.37,35.85,34.27,"507,600"
05-Mar-25,36.42,36.83,36.41,36.77,35.15,"415,500"
06-Mar-25,36.62,36.94,36.49,36.52,34.92,"329,900"
07-Mar-25,36.54,36.96,36.5,36.91,35.29,"368,700"
10-Mar-25,36.3,36.41,35.86,36.12,34.53,"387,100"
11-Mar-25,36.11,36.14,35.7,35.97,34.39,"475,300"
12-Mar-25,36.11,36.21,35.88,36.14,34.55,"352,000"
13-Mar-25,35.98,36.05,35.79,35.89,34.31,"731,700"
14-Mar-25,36.26,36.53,36.15,36.53,34.93,"367,400"
17-Mar-25,36.59,36.97,36.59,36.93,35.31,"551,100"
18-Mar-25,36.88,36.94,36.69,36.89,35.27,"2,675,100"
19-Mar-25,36.81,37.16,36.78,37.06,35.43,"434,800"
20-Mar-25,36.55,36.81,36.54,36.78,35.16,"1,313,300"
21-Mar-25,36.5,36.6,36.42,36.56,34.95,"209,600"
24-Mar-25,36.58,36.67,36.47,36.56,34.95,"473,300"
25-Mar-25,36.68,36.77,36.58,36.69,35.2,"681,500"
26-Mar-25,36.5,36.57,36.16,36.26,34.79,"396,100"
27-Mar-25,36.18,36.37,36.15,36.26,34.79,"263,300"
28-Mar-25,36.17,36.17,35.87,35.98,34.52,"351,000"
31-Mar-25,35.44,35.71,35.28,35.65,34.21,"1,093,100"
01-Apr-25,35.7,35.85,35.49,35.74,34.29,"278,000"
02-Apr-25,35.44,35.9,35.44,35.84,34.39,"452,100"
03-Apr-25,35.57,35.65,35.14,35.19,33.76,"536,700"
04-Apr-25,33.91,33.96,32.94,32.98,31.64,"1,108,800"
07-Apr-25,31.89,33.24,31.75,32.1,30.8,"1,080,200"
08-Apr-25,33.33,33.33,31.73,32.11,30.81,"898,300"
09-Apr-25,32.13,34.92,31.98,34.92,33.51,"1,366,100"
10-Apr-25,33.77,33.99,33.1,33.81,32.44,"835,700"
11-Apr-25,33.96,34.73,33.96,34.69,33.29,"529,300"
14-Apr-25,34.9,35.26,34.84,35.08,33.66,"701,200"
15-Apr-25,35.31,35.53,35.31,35.38,33.95,"485,300"
16-Apr-25,35.46,35.65,35.2,35.3,33.87,"472,500"
17-Apr-25,35.52,35.89,35.52,35.65,34.21,"411,500"
21-Apr-25,35.83,35.83,35.26,35.48,34.04,"332,600"
22-Apr-25,35.98,36.38,35.95,36.21,34.74,"479,800"
23-Apr-25,36.54,36.82,36.23,36.31,34.84,"480,700"
24-Apr-25,36.43,36.8,36.42,36.75,35.26,"216,300"
25-Apr-25,36.75,36.94,36.65,36.88,35.39,"356,300"
28-Apr-25,37.03,37.25,36.96,37.2,35.69,"297,100"
29-Apr-25,37.18,37.38,37.17,37.3,35.79,"185,500"
30-Apr-25,37.13,37.37,36.88,37.25,35.74,"388,400"
01-May-25,37.32,37.35,37.09,37.11,35.61,"204,800"
02-May-25,37.81,37.91,37.71,37.82,36.29,"239,400"
05-May-25,37.95,37.99,37.88,37.89,36.36,"341,700"
06-May-25,37.95,38.0,37.86,37.88,36.35,"420,400"
07-May-25,37.82,37.97,37.7,37.82,36.29,"322,100"
08-May-25,37.97,37.97,37.7,37.7,36.17,"248,800"
09-May-25,37.99,38.01,37.83,37.92,36.38,"192,200"
12-May-25,38.02,38.07,37.79,38.06,36.52,"389,700"
13-May-25,38.04,38.23,37.99,38.1,36.56,"268,400"
14-May-25,38.27,38.27,37.93,37.98,36.44,"293,900"
15-May-25,38.23,38.44,38.11,38.42,36.86,"266,000"
16-May-25,38.38,38.51,38.28,38.5,36.94,"337,000"
19-May-25,38.46,38.83,38.46,38.82,37.25,"461,200"
20-May-25,38.9,39.06,38.88,39.02,37.44,"475,900"
21-May-25,39.08,39.2,38.8,38.82,37.25,"458,500"
22-May-25,38.65,38.9,38.64,38.82,37.25,"345,400"
23-May-25,38.52,38.98,38.5,38.92,37.34,"432,800"
27-May-25,39.39,39.44,39.21,39.4,37.8,"327,600"
28-May-25,39.05,39.11,38.93,38.95,37.37,"557,500"
29-May-25,39.19,39.19,38.94,39.11,37.53,"629,400"
30-May-25,39.14,39.2,38.91,39.17,37.58,"502,500"
02-Jun-25,39.28,39.63,39.15,39.61,38.01,"323,800"
03-Jun-25,39.24,39.34,39.12,39.29,37.7,"537,600"
04-Jun-25,39.39,39.56,39.35,39.46,37.86,"509,200"
05-Jun-25,39.59,39.59,39.35,39.42,37.82,"568,300"
06-Jun-25,39.45,39.59,39.45,39.57,37.97,"346,400"
09-Jun-25,39.5,39.69,39.5,39.59,37.99,"517,200"
10-Jun-25,39.68,39.71,39.51,39.59,37.99,"433,400"
11-Jun-25,39.67,39.76,39.54,39.54,37.94,"772,400"
12-Jun-25,39.75,39.93,39.75,39.9,38.28,"248,300"
13-Jun-25,39.42,39.63,39.32,39.4,37.8,"379,900"
16-Jun-25,39.74,39.92,39.55,39.56,37.96,"720,400"
17-Jun-25,39.4,39.44,39.04,39.08,37.5,"369,400"
18-Jun-25,39.15,39.36,39.03,39.17,37.58,"480,400"
20-Jun-25,39.12,39.12,38.82,38.85,37.28,"380,400"
23-Jun-25,38.54,39.15,38.53,39.15,37.56,"559,100"
24-Jun-25,38.78,39.07,38.78,39.0,37.97,"422,400"
25-Jun-25,38.8,38.87,38.73,38.82,37.79,"318,700"
26-Jun-25,39.09,39.3,39.09,39.26,38.22,"334,200"
27-Jun-25,39.54,39.72,39.42,39.57,38.52,"340,600"
30-Jun-25,39.54,39.71,39.45,39.66,38.61,"849,500"
01-Jul-25,39.61,39.7,39.45,39.64,38.59,"445,400"
02-Jul-25,39.5,39.73,39.42,39.69,38.64,"319,100"
03-Jul-25,39.61,39.8,39.61,39.75,38.7,"245,900"
07-Jul-25,39.51,39.59,39.24,39.33,38.29,"403,600"
08-Jul-25,39.45,39.65,39.4,39.64,38.59,"285,400"
09-Jul-25,39.79,39.92,39.7,39.9,38.84,"201,900"
10-Jul-25,39.82,39.92,39.72,39.91,38.85,"281,000"
11-Jul-25,39.6,39.6,39.48,39.55,38.5,"194,600"
14-Jul-25,39.41,39.59,39.38,39.56,38.51,"351,400"
15-Jul-25,39.56,39.56,39.08,39.08,38.04,"437,200"
16-Jul-25,39.15,39.37,39.04,39.37,38.33,"644,200"
17-Jul-25,39.27,39.42,39.15,39.4,38.36,"419,900"
18-Jul-25,39.63,39.64,39.18,39.27,38.23,"942,300"
21-Jul-25,39.5,39.7,39.42,39.52,38.47,"284,300"
22-Jul-25,39.54,39.83,39.46,39.74,38.69,"266,200"
23-Jul-25,40.19,40.6,40.15,40.6,39.52,"310,400"
24-Jul-25,40.44,40.51,40.34,40.36,39.29,"391,300"
25-Jul-25,40.07,40.31,40.02,40.29,39.22,"583,300"
28-Jul-25,39.92,39.92,39.62,39.7,38.65,"323,200"
29-Jul-25,39.69,39.72,39.58,39.66,38.61,"264,700"
30-Jul-25,39.54,39.64,39.22,39.33,38.29,"606,000"
31-Jul-25,39.22,39.25,38.93,39.02,37.99,"589,200"
01-Aug-25,38.9,38.98,38.69,38.91,37.88,"478,600"
04-Aug-25,39.34,39.41,39.28,39.41,38.37,"454,600"
05-Aug-25,39.49,39.54,39.34,39.47,38.42,"321,700"
06-Aug-25,39.64,39.76,39.61,39.73,38.68,"266,400"
07-Aug-25,40.16,40.2,39.89,40.06,39.0,"363,900"
08-Aug-25,40.2,40.31,40.14,40.25,39.18,"216,800"
11-Aug-25,40.15,40.18,40.04,40.08,39.02,"356,200"
12-Aug-25,40.23,40.56,40.21,40.56,39.49,"312,100"
13-Aug-25,40.72,40.8,40.69,40.8,39.72,"260,200"
14-Aug-25,40.61,40.76,40.59,40.75,39.67,"298,000"
15-Aug-25,40.94,40.96,40.87,40.91,39.83,"204,600"
18-Aug-25,40.82,40.91,40.76,40.91,39.83,"523,000"
19-Aug-25,41.05,41.06,40.8,40.83,39.75,"1,484,000"
20-Aug-25,40.92,41.01,40.85,40.97,39.88,"1,287,100"
21-Aug-25,40.79,40.87,40.67,40.73,39.65,"215,500"
22-Aug-25,40.9,41.41,40.87,41.34,40.24,"211,800"
25-Aug-25,41.15,41.21,40.77,40.78,39.7,"224,100"
26-Aug-25,40.68,40.76,40.64,40.76,39.68,"337,400"
27-Aug-25,40.45,40.67,40.38,40.66,39.58,"236,100"
28-Aug-25,40.79,40.82,40.68,40.8,39.72,"303,400"
29-Aug-25,40.59,40.68,40.55,40.61,39.53,"188,800"
02-Sep-25,40.02,40.25,39.95,40.19,39.13,"221,200"
03-Sep-25,40.15,40.31,40.12,40.28,39.21,"291,100"
04-Sep-25,40.5,40.63,40.42,40.63,39.55,"250,200"
05-Sep-25,40.92,41.03,40.67,40.78,39.7,"225,200"
08-Sep-25,41.07,41.18,40.95,41.16,40.07,"529,700"
09-Sep-25,40.99,41.1,40.95,41.06,39.97,"315,900"
10-Sep-25,41.16,41.21,41.0,41.08,39.99,"280,000"
11-Sep-25,41.22,41.51,41.21,41.48,40.38,"312,700"
12-Sep-25,41.3,41.37,41.21,41.29,40.2,"183,000"
15-Sep-25,41.49,41.61,41.41,41.59,40.49,"6,624,400"
16-Sep-25,41.54,41.55,41.35,41.5,40.4,"1,806,800"
17-Sep-25,41.42,41.73,41.19,41.35,40.25,"457,500"
18-Sep-25,41.31,41.49,41.24,41.43,40.33,"1,337,700"
19-Sep-25,41.33,41.37,41.22,41.3,40.21,"362,600"
22-Sep-25,41.3,41.44,41.19,41.44,40.34,"259,400"
23-Sep-25,41.52,41.62,41.28,41.32,40.23,"200,500"
24-Sep-25,40.93,41.02,40.81,40.85,39.98,"702,300"
25-Sep-25,40.55,40.59,40.38,40.54,39.68,"613,600"
26-Sep-25,40.71,40.83,40.69,40.8,39.94,"343,700"
29-Sep-25,40.97,41.0,40.88,40.97,40.1,"223,500"
30-Sep-25,40.94,41.16,40.92,41.11,40.24,"372,400"
01-Oct-25,41.32,41.43,41.27,41.37,40.49,"351,200"
02-Oct-25,41.49,41.49,41.2,41.4,40.52,"359,700"
03-Oct-25,41.62,41.75,41.53,41.66,40.78,"1,077,200"
06-Oct-25,41.72,41.79,41.63,41.7,40.82,"328,700"
07-Oct-25,41.58,41.58,41.28,41.31,40.43,"227,400"
08-Oct-25,41.48,41.49,41.33,41.4,40.52,"382,000"
09-Oct-25,41.43,41.43,40.94,41.06,40.19,"272,600"
10-Oct-25,41.01,41.03,40.35,40.41,39.55,"412,600"
13-Oct-25,40.62,40.73,40.48,40.68,39.82,"278,300"
14-Oct-25,40.48,41.01,40.46,40.93,40.06,"529,000"
15-Oct-25,41.06,41.17,40.83,41.05,40.18,"206,300"
16-Oct-25,41.21,41.32,41.01,41.14,40.27,"331,300"
17-Oct-25,41.02,41.2,40.94,41.18,40.31,"331,400"
20-Oct-25,41.3,41.47,41.29,41.43,40.55,"311,500"
21-Oct-25,41.24,41.28,41.11,41.11,40.24,"295,200"
22-Oct-25,41.16,41.27,41.01,41.14,40.27,"377,700"
23-Oct-25,41.29,41.44,41.26,41.42,40.54,"1,323,700"
24-Oct-25,41.48,41.56,41.44,41.51,40.63,"272,400"
27-Oct-25,41.64,41.78,41.64,41.77,40.88,"234,600"
28-Oct-25,41.72,41.88,41.65,41.79,40.9,"328,700"
29-Oct-25,41.76,41.8,41.33,41.49,40.61,"292,600"
30-Oct-25,41.25,41.51,41.24,41.38,40.5,"215,900"
31-Oct-25,41.28,41.34,41.15,41.31,40.43,"239,300"
03-Nov-25,41.29,41.39,41.15,41.39,40.51,"222,400"
04-Nov-25,40.84,41.06,40.82,40.82,39.96,"259,400"
05-Nov-25,40.96,41.24,40.96,41.19,40.32,"287,500"
06-Nov-25,41.19,41.28,40.99,41.08,40.21,"318,800"
07-Nov-25,40.91,41.35,40.87,41.27,40.4,"304,600"
10-Nov-25,41.5,41.74,41.42,41.69,40.81,"254,000"
11-Nov-25,41.85,42.03,41.83,41.99,41.1,"290,300"
12-Nov-25,42.04,42.29,42.04,42.25,41.35,"280,300"
13-Nov-25,42.18,42.24,41.81,41.85,40.96,"417,500"
14-Nov-25,41.53,41.83,41.5,41.74,40.86,"385,300"
17-Nov-25,41.4,41.53,41.03,41.22,40.35,"353,400"
18-Nov-25,40.67,40.87,40.53,40.73,39.87,"291,500"
19-Nov-25,40.7,40.85,40.46,40.58,39.72,"290,200"
20-Nov-25,40.83,40.9,40.05,40.05,39.2,"688,700"
21-Nov-25,40.42,40.77,40.27,40.7,39.84,"467,200"
24-Nov-25,40.64,40.83,40.58,40.77,39.91,"240,600"
25-Nov-25,40.97,41.31,40.95,41.28,40.41,"387,500"
26-Nov-25,41.46,41.77,41.46,41.71,40.82,"289,300"
28-Nov-25,41.68,41.89,41.68,41.87,40.98,"120,600"
01-Dec-25,41.74,41.85,41.67,41.67,40.79,"170,100"
02-Dec-25,41.87,41.87,41.69,41.82,40.93,"222,200"
03-Dec-25,41.79,41.99,41.79,41.98,41.09,"281,800"
04-Dec-25,42.19,42.23,42.04,42.11,41.22,"224,300"
05-Dec-25,42.22,42.33,42.03,42.12,41.23,"489,100"
08-Dec-25,42.1,42.11,41.93,41.99,41.1,"241,800"
09-Dec-25,42.09,42.19,41.94,42.03,41.14,"240,800"
10-Dec-25,42.05,42.56,42.02,42.47,41.57,"286,000"
11-Dec-25,42.64,42.86,42.64,42.81,41.9,"488,200"
12-Dec-25,42.79,42.9,42.4,42.54,41.64,"2,095,700"
15-Dec-25,42.91,42.97,42.73,42.85,41.94,"259,500"
16-Dec-25,42.82,42.84,42.6,42.73,41.82,"295,700"
17-Dec-25,42.63,42.71,42.38,42.4,41.5,"413,300"
18-Dec-25,42.76,42.92,42.62,42.71,41.8,"319,500"
19-Dec-25,42.86,43.06,42.86,42.91,42.0,"377,800"
22-Dec-25,42.99,43.13,42.96,43.12,42.21,"276,800"
23-Dec-25,43.11,43.15,43.06,43.13,42.43,"438,200"
24-Dec-25,43.15,43.19,43.07,43.14,42.44,"144,000"
26-Dec-25,43.17,43.22,43.11,43.21,42.51,"201,500"
29-Dec-25,43.08,43.15,42.99,43.08,42.38,"331,400"
30-Dec-25,43.21,43.3,43.13,43.15,42.45,"467,100"
31-Dec-25,43.06,43.06,42.9,42.94,42.24,"477,400"
02-Jan-26,43.29,43.33,43.1,43.27,42.57,"438,000"
05-Jan-26,43.31,43.75,43.31,43.73,43.02,"399,300"
06-Jan-26,43.78,43.84,43.66,43.76,43.05,"461,500"
07-Jan-26,43.72,43.73,43.58,43.58,42.87,"603,900"
08-Jan-26,43.47,43.67,43.44,43.67,42.96,"3,662,000"
09-Jan-26,43.78,43.96,43.68,43.92,43.21,"386,600"
12-Jan-26,44.09,44.19,44.03,44.16,43.44,"653,900"
13-Jan-26,44.04,44.05,43.8,43.89,43.18,"496,000"
14-Jan-26,44.01,44.09,43.92,44.06,43.35,"429,100"
15-Jan-26,44.09,44.15,43.99,44.0,43.29,"836,100"
16-Jan-26,44.07,44.1,43.89,44.1,43.39,"618,300"
20-Jan-26,43.47,43.79,43.42,43.5,42.8,"574,800"
21-Jan-26,43.59,43.93,43.38,43.83,43.12,"1,236,800"
22-Jan-26,44.09,44.2,43.99,44.1,43.39,"483,000"
23-Jan-26,43.99,44.33,43.89,44.31,43.59,"445,700"
26-Jan-26,44.6,44.71,44.53,44.55,43.83,"440,700"
27-Jan-26,45.03,45.34,45.01,45.25,44.52,"449,800"
28-Jan-26,44.98,45.01,44.67,44.87,44.14,"675,700"
29-Jan-26,45.23,45.34,44.63,45.13,44.4,"497,800"
30-Jan-26,44.93,45.0,44.44,44.59,43.87,"465,900"
02-Feb-26,44.68,44.97,44.56,44.96,44.23,"302,000"
03-Feb-26,44.81,45.05,44.65,44.99,44.26,"475,300"
04-Feb-26,45.43,45.5,45.0,45.18,44.45,"480,700"
05-Feb-26,44.69,45.03,44.55,44.57,43.85,"558,700"
06-Feb-26,45.15,45.56,44.95,45.49,44.75,"727,000"
09-Feb-26,45.74,46.19,45.71,46.16,45.41,"668,100"
10-Feb-26,46.34,46.42,46.24,46.25,45.5,"670,600"
11-Feb-26,46.47,46.49,46.13,46.42,45.67,"448,800"
12-Feb-26,46.49,46.51,45.83,45.96,45.22,"955,500"
13-Feb-26,45.9,46.13,45.68,46.07,45.32,"601,800"
17-Feb-26,45.81,46.15,45.61,46.11,45.36,"423,100"
18-Feb-26,46.14,46.35,46.04,46.15,45.4,"353,200"
19-Feb-26,45.85,46.07,45.77,46.07,45.32,"538,200"
20-Feb-26,46.0,46.42,45.97,46.38,45.62,"367,200"
23-Feb-26,46.4,46.52,46.09,46.24,45.49,"357,200"
24-Feb-26,46.08,46.35,46.03,46.29,45.54,"379,000"
25-Feb-26,46.52,46.76,46.47,46.72,45.96,"273,700"
26-Feb-26,46.66,46.78,46.42,46.76,46.0,"411,700"
27-Feb-26,46.72,46.86,46.59,46.65,45.89,"312,000"
02-Mar-26,45.59,45.98,45.57,45.78,45.04,"322,700"
03-Mar-26,43.96,44.71,43.53,44.58,43.86,"426,100"
04-Mar-26,44.79,45.06,44.63,45.04,44.31,"1,026,200"
05-Mar-26,44.33,44.6,43.71,44.18,43.46,"489,600"
06-Mar-26,43.37,43.95,43.24,43.8,43.09,"831,300"
09-Mar-26,43.19,44.16,42.78,44.01,43.3,"314,200"
10-Mar-26,44.34,44.78,44.08,44.14,43.43,"1,779,500"
11-Mar-26,43.86,44.17,43.72,44.02,43.31,"383,700"
12-Mar-26,43.58,43.65,43.21,43.32,42.62,"394,800"
13-Mar-26,43.45,43.63,42.8,42.84,42.15,"398,200"
16-Mar-26,43.42,43.71,43.36,43.61,42.9,"1,422,900"
17-Mar-26,43.93,44.02,43.72,43.77,43.06,"648,300"
18-Mar-26,43.57,43.65,43.07,43.08,42.38,"524,600"
19-Mar-26,42.37,43.2,42.36,43.01,42.31,"425,800"
20-Mar-26,42.82,42.82,41.54,41.73,41.05,"778,100"
23-Mar-26,42.53,43.21,42.34,42.73,42.04,"574,900"
24-Mar-26,42.14,42.74,42.13,42.48,41.79,"534,700"
25-Mar-26,43.03,43.08,42.69,42.95,42.4,"645,400"
26-Mar-26,42.43,42.78,42.07,42.08,41.54,"605,700"
27-Mar-26,41.98,42.18,41.65,41.8,41.26,"600,200"
30-Mar-26,42.09,42.28,41.72,41.86,41.32,"599,600"
31-Mar-26,42.51,43.17,42.3,43.13,42.57,"689,300"
01-Apr-26,43.77,44.09,43.63,43.81,43.25,"369,600"
02-Apr-26,42.95,43.74,42.88,43.57,43.01,"282,300"
06-Apr-26,43.56,43.9,43.56,43.76,43.2,"228,800"
07-Apr-26,43.45,43.83,43.13,43.72,43.16,"270,100"
08-Apr-26,45.31,45.43,44.98,45.25,44.67,"327,000"
09-Apr-26,44.82,45.35,44.76,45.13,44.55,"291,900"
10-Apr-26,45.36,45.49,45.09,45.21,44.63,"294,800"
13-Apr-26,44.78,45.53,44.78,45.52,44.93,"530,200"
14-Apr-26,45.67,45.88,45.67,45.85,45.26,"522,500"
15-Apr-26,45.72,45.82,45.61,45.78,45.19,"528,400"
16-Apr-26,45.92,45.96,45.58,45.74,45.15,"1,599,300"
17-Apr-26,46.31,46.58,46.21,46.28,45.68,"294,400"
20-Apr-26,45.93,46.1,45.79,46.08,45.49,"359,700"
21-Apr-26,45.78,45.87,45.12,45.15,44.57,"235,300"
22-Apr-26,45.43,45.43,45.12,45.23,44.65,"224,200"
23-Apr-26,44.98,45.14,44.35,44.77,44.19,"884,000"
24-Apr-26,44.78,45.05,44.7,44.94,44.36,"625,600"
27-Apr-26,45.02,45.1,44.78,44.81,44.23,"273,000"
28-Apr-26,44.71,44.77,44.54,44.64,44.07,"279,200"
29-Apr-26,44.44,44.45,44.06,44.26,43.69,"246,900"
30-Apr-26,44.78,45.33,44.68,45.24,44.66,"433,500"
01-May-26,45.19,45.44,45.16,45.17,44.59,"292,200"
04-May-26,44.89,45.0,44.44,44.59,44.02,"363,800"
05-May-26,44.91,45.13,44.8,45.1,44.52,"234,600"
06-May-26,46.0,46.17,45.96,46.15,45.56,"359,700"
07-May-26,46.18,46.18,45.39,45.47,44.88,"543,600"
08-May-26,45.76,45.86,45.61,45.84,45.25,"254,000"
11-May-26,45.76,45.88,45.66,45.79,45.2,"248,900"
12-May-26,45.33,45.5,45.14,45.46,44.87,"320,900"
13-May-26,45.36,45.64,45.3,45.64,45.05,"274,100"
14-May-26,45.57,45.67,45.49,45.51,44.92,"239,800"
15-May-26,44.96,44.99,44.76,44.84,44.26,"343,100"
18-May-26,45.18,45.27,44.9,45.21,44.63,"316,200"
19-May-26,44.98,45.17,44.9,44.96,44.38,"342,100"
20-May-26,45.0,45.74,44.96,45.68,45.09,"464,300"
21-May-26,45.27,45.97,45.17,45.82,45.23,"467,800"
22-May-26,45.76,45.83,45.57,45.63,45.04,"328,200"
26-May-26,46.1,46.18,45.88,46.03,45.44,"324,000"
27-May-26,46.06,46.09,45.85,45.96,45.37,"279,300"
28-May-26,45.63,45.97,45.55,45.85,45.26,"405,200"
29-May-26,45.99,46.22,45.92,45.96,45.37,"389,200"
01-Jun-26,45.55,45.91,45.41,45.69,45.1,"370,500"
02-Jun-26,45.72,45.99,45.72,45.96,45.37,"1,141,100"
03-Jun-26,45.72,45.81,45.57,45.58,44.99,"479,200"
04-Jun-26,45.83,46.04,45.81,46.02,45.43,"290,200"
05-Jun-26,45.7,45.7,44.84,44.99,44.41,"319,800"
08-Jun-26,45.36,45.4,45.07,45.13,44.55,"814,500"
09-Jun-26,45.51,45.73,44.6,45.2,44.62,"620,500"
10-Jun-26,44.96,45.26,44.7,44.72,44.14,"735,300"
11-Jun-26,45.11,46.01,44.94,45.94,45.35,"839,200"
12-Jun-26,45.95,46.22,45.78,46.08,45.49,"351,900"
15-Jun-26,46.65,46.65,46.32,46.32,45.72,"410,400"
16-Jun-26,46.54,46.65,46.43,46.43,45.83,"317,400"
17-Jun-26,46.74,46.9,46.11,46.22,45.63,"805,300"
18-Jun-26,46.41,46.47,46.25,46.32,45.72,"966,300"
22-Jun-26,46.3,46.53,46.3,46.37,45.77,"414,000"
23-Jun-26,45.6,45.87,45.58,45.69,45.1,"354,800"
24-Jun-26,44.99,45.18,44.9,45.03,45.03,"384,300"
25-Jun-26,45.54,45.68,45.29,45.47,45.47,"269,000"
26-Jun-26,45.26,45.5,45.19,45.23,45.23,"276,300"
29-Jun-26,45.36,45.57,45.15,45.55,45.55,"458,300"
30-Jun-26,45.5,45.74,45.43,45.7,45.7,"532,900"
01-Jul-26,45.32,45.6,45.29,45.47,45.47,"824,900"
02-Jul-26,46.05,46.29,45.69,45.95,45.95,"954,800"
06-Jul-26,46.23,46.41,46.14,46.41,46.41,"459,000"
07-Jul-26,46.27,46.36,45.85,45.96,45.96,"338,100"
08-Jul-26,45.4,45.6,45.14,45.58,45.58,"488,800"
09-Jul-26,45.65,45.91,45.65,45.79,45.79,"281,300"
10-Jul-26,45.94,46.12,45.78,46.07,46.07,"385,400"
13-Jul-26,45.95,45.99,45.64,45.72,45.72,"303,900"
14-Jul-26,46.17,46.41,46.04,46.05,46.05,"340,300"
15-Jul-26,46.25,46.47,46.08,46.43,46.43,"315,500"
16-Jul-26,46.09,46.33,46.03,46.18,46.18,"532,300"
17-Jul-26,45.7,46.08,45.68,45.99,45.99,"730,500"
20-Jul-26,45.95,46.11,45.6,45.65,45.65,"340,000"
21-Jul-26,45.94,46.22,45.79,46.2,46.2,"286,800"
22-Jul-26,46.32,46.43,46.26,46.27,46.27,"232,800"
23-Jul-26,45.68,45.87,45.57,45.73,45.73,"339,900"
24-Jul-26,45.92,46.18,45.87,45.94,45.94,"266,900"
27-Jul-26,46.32,46.42,46.03,46.23,46.23,"869,400"
28-Jul-26,46.0,46.45,46.0,46.33,46.33,"306,000"
29-Jul-26,46.34,46.81,46.04,46.21,46.21,"403,400"
30-Jul-26,46.85,47.34,46.78,47.31,47.31,"417,600"
31-Jul-26,46.98,47.12,46.59,47.01,47.01,"376,900"
03-Aug-26,47.06,47.25,47.06,47.25,47.25,"210,600"
04-Aug-26,47.38,47.71,47.36,47.62,47.62,"337,900"
05-Aug-26,47.88,47.94,47.69,47.75,47.75,"252,500"
06-Aug-26,47.87,47.93,47.65,47.73,47.73,"331,600"
07-Aug-26,48.25,48.3,48.09,48.26,48.26,"315,800"
10-Aug-26,48.1,48.16,48.02,48.06,48.06,"219,700"
11-Aug-26,48.14,48.25,47.95,48.04,48.04,"300,500"
12-Aug-26,48.2,48.28,48.05,48.15,48.15,"1,444,300"
13-Aug-26,48.24,48.31,48.13,48.25,48.25,"240,000"
14-Aug-26,48.32,48.38,48.21,48.29,48.29,"266,300"
17-Aug-26,48.24,48.35,48.12,48.18,48.18,"380,603"
