Date,Open,High,Low,Close,Adj Close,Volume
21-Sep-15,40.34,40.52,40.0,40.21,34.54,-
22-Sep-15,40.0,40.01,39.46,39.74,34.13,"63,500"
23-Sep-15,39.87,39.87,39.56,39.73,34.13,"73,400"
24-Sep-15,39.58,39.65,39.12,39.59,34.01,"22,800"
25-Sep-15,40.0,40.0,39.34,39.56,33.98,"55,500"
28-Sep-15,39.18,39.38,38.43,38.46,33.03,"93,300"
29-Sep-15,38.63,38.81,38.35,38.5,33.07,"58,500"
30-Sep-15,39.08,39.26,38.72,39.24,33.7,"32,200"
01-Oct-15,39.39,39.39,38.82,39.25,33.71,"7,400"
02-Oct-15,38.72,39.74,38.72,39.74,34.13,"11,800"
05-Oct-15,40.19,40.5,40.19,40.5,34.79,"29,200"
06-Oct-15,40.56,40.56,40.07,40.24,34.56,"58,200"
07-Oct-15,40.54,40.55,40.16,40.45,34.74,"34,800"
08-Oct-15,40.47,40.86,40.4,40.82,35.06,"17,800"
09-Oct-15,40.99,41.0,40.75,40.92,35.15,"38,900"
12-Oct-15,41.04,41.04,40.87,40.98,35.2,"10,600"
13-Oct-15,40.76,41.07,40.66,40.7,34.96,"14,400"
14-Oct-15,40.81,40.81,40.37,40.38,34.68,"15,300"
15-Oct-15,40.6,40.92,40.51,40.9,35.13,"37,500"
16-Oct-15,40.86,41.14,40.86,41.14,35.33,"4,800"
19-Oct-15,41.1,41.26,41.06,41.24,35.42,"36,400"
20-Oct-15,41.27,41.3,41.09,41.15,35.35,"15,000"
21-Oct-15,41.18,41.2,40.89,40.91,35.14,"64,800"
22-Oct-15,41.2,41.56,41.2,41.51,35.65,"353,400"
23-Oct-15,41.82,41.9,41.6,41.85,35.95,"21,800"
26-Oct-15,41.75,41.85,41.68,41.8,35.9,"61,800"
27-Oct-15,41.77,41.81,41.61,41.76,35.87,"31,900"
28-Oct-15,41.94,42.19,41.7,42.19,36.24,"27,000"
29-Oct-15,42.18,42.21,42.02,42.17,36.22,"28,600"
30-Oct-15,42.17,42.25,42.05,42.06,36.13,"23,200"
02-Nov-15,42.22,42.54,42.06,42.49,36.5,"35,600"
03-Nov-15,42.51,42.66,42.35,42.52,36.52,"23,800"
04-Nov-15,42.7,42.7,42.33,42.37,36.39,"228,900"
05-Nov-15,42.33,42.48,42.25,42.43,36.44,"22,500"
06-Nov-15,42.41,42.42,42.14,42.33,36.36,"78,300"
09-Nov-15,42.2,42.32,41.73,41.93,36.02,"162,900"
10-Nov-15,41.87,42.03,41.79,41.98,36.06,"31,900"
11-Nov-15,42.09,42.09,41.82,41.83,35.93,"21,400"
12-Nov-15,41.63,41.67,41.28,41.28,35.46,"35,300"
13-Nov-15,41.18,41.18,40.69,40.71,34.97,"79,000"
16-Nov-15,40.72,41.27,40.72,41.27,35.45,"11,100"
17-Nov-15,41.44,41.56,41.2,41.27,35.45,"669,800"
18-Nov-15,41.49,41.96,41.4,41.95,36.03,"14,500"
19-Nov-15,41.97,41.97,41.85,41.89,35.98,"93,100"
20-Nov-15,42.22,42.22,42.05,42.1,36.16,"29,500"
23-Nov-15,42.29,42.3,42.08,42.15,36.2,"44,300"
24-Nov-15,42.03,42.28,41.86,42.16,36.21,"63,800"
25-Nov-15,42.23,42.31,42.22,42.27,36.31,"48,100"
27-Nov-15,42.37,42.37,42.2,42.33,36.36,"8,800"
30-Nov-15,42.5,42.5,42.06,42.1,36.16,"1,468,700"
01-Dec-15,42.4,42.53,42.29,42.53,36.53,"80,800"
02-Dec-15,42.56,42.56,42.09,42.11,36.17,"150,600"
03-Dec-15,42.25,42.25,41.37,41.49,35.64,"54,700"
04-Dec-15,41.57,42.44,41.57,42.39,36.41,"101,900"
07-Dec-15,42.44,42.44,42.03,42.19,36.24,"157,400"
08-Dec-15,41.74,42.17,41.74,42.03,36.1,"27,700"
09-Dec-15,41.95,42.25,41.46,41.62,35.75,"22,000"
10-Dec-15,41.75,41.96,41.6,41.75,35.86,"84,400"
11-Dec-15,41.34,41.36,40.95,41.02,35.23,"242,200"
14-Dec-15,40.99,41.16,40.64,41.15,35.35,"45,100"
15-Dec-15,41.65,41.75,41.48,41.57,35.71,"101,000"
16-Dec-15,41.8,42.23,41.68,42.18,36.23,"51,000"
17-Dec-15,42.09,42.09,41.6,41.6,35.73,"95,900"
18-Dec-15,41.44,41.44,40.95,40.95,35.17,"127,900"
21-Dec-15,41.15,41.28,40.94,41.22,35.41,"55,400"
22-Dec-15,41.45,41.7,41.2,41.62,35.75,"356,000"
23-Dec-15,41.77,41.91,41.61,41.91,36.13,"200,100"
24-Dec-15,41.88,41.98,41.8,41.88,36.1,"25,300"
28-Dec-15,41.78,41.78,41.48,41.73,35.97,"61,100"
29-Dec-15,42.03,42.25,42.03,42.17,36.35,"82,200"
30-Dec-15,42.15,42.15,41.92,41.94,36.15,"119,400"
31-Dec-15,41.74,41.9,41.51,41.51,35.78,"185,100"
04-Jan-16,40.97,40.97,40.5,40.92,35.28,"217,100"
05-Jan-16,41.0,41.06,40.83,41.01,35.35,"83,700"
06-Jan-16,40.62,40.73,40.3,40.53,34.94,"127,200"
07-Jan-16,40.0,40.3,39.66,39.72,34.24,"79,900"
08-Jan-16,39.95,40.02,39.14,39.2,33.79,"128,000"
11-Jan-16,39.43,39.48,38.8,39.31,33.89,"111,100"
12-Jan-16,39.74,39.74,39.14,39.64,34.17,"66,900"
13-Jan-16,39.76,39.76,38.53,38.6,33.28,"111,400"
14-Jan-16,38.8,39.29,38.3,39.05,33.66,"67,300"
15-Jan-16,38.15,38.41,37.84,38.27,32.99,"138,100"
19-Jan-16,38.76,38.76,38.0,38.35,33.06,"170,600"
20-Jan-16,37.8,38.27,36.99,37.96,32.72,"89,100"
21-Jan-16,38.07,38.5,37.95,38.17,32.91,"76,200"
22-Jan-16,38.68,38.89,38.56,38.84,33.48,"105,300"
25-Jan-16,38.76,38.78,38.28,38.32,33.03,"266,900"
26-Jan-16,38.47,38.91,38.43,38.85,33.49,"108,000"
27-Jan-16,38.77,39.08,38.21,38.41,33.11,"163,400"
28-Jan-16,38.53,38.77,38.27,38.53,33.22,"202,400"
29-Jan-16,38.7,39.43,38.7,39.41,33.97,"1,367,400"
01-Feb-16,39.19,39.7,39.16,39.55,34.09,"79,400"
02-Feb-16,39.27,39.34,38.72,38.87,33.51,"327,300"
03-Feb-16,39.1,39.1,38.26,38.99,33.61,"249,400"
04-Feb-16,38.89,39.18,38.74,38.91,33.54,"109,700"
05-Feb-16,38.85,38.85,38.1,38.25,32.97,"130,700"
08-Feb-16,37.97,37.97,37.16,37.63,32.44,"466,100"
09-Feb-16,37.4,37.87,37.22,37.62,32.43,"1,248,000"
10-Feb-16,37.93,38.27,37.72,37.72,32.52,"52,900"
11-Feb-16,37.26,37.48,37.0,37.31,32.16,"164,800"
12-Feb-16,37.69,38.03,37.5,38.02,32.78,"147,500"
16-Feb-16,38.47,38.7,38.26,38.68,33.34,"159,300"
17-Feb-16,39.1,39.38,38.98,39.28,33.86,"165,500"
18-Feb-16,39.35,39.35,39.1,39.14,33.74,"229,900"
19-Feb-16,39.01,39.17,38.81,39.16,33.76,"110,500"
22-Feb-16,39.53,39.72,39.53,39.71,34.23,"278,500"
23-Feb-16,39.62,39.63,39.31,39.33,33.9,"74,500"
24-Feb-16,39.12,39.58,38.8,39.56,34.1,"49,100"
25-Feb-16,39.78,40.05,39.47,40.05,34.52,"87,300"
26-Feb-16,40.23,40.24,39.9,39.93,34.42,"426,200"
29-Feb-16,40.05,40.11,39.6,39.6,34.14,"155,600"
01-Mar-16,39.86,40.53,39.8,40.53,34.94,"72,000"
02-Mar-16,40.48,40.67,40.35,40.66,35.05,"78,500"
03-Mar-16,40.67,40.79,40.46,40.77,35.15,"113,600"
04-Mar-16,40.73,41.04,40.64,40.86,35.22,"170,600"
07-Mar-16,40.65,40.98,40.65,40.84,35.21,"50,900"
08-Mar-16,40.54,40.79,40.48,40.5,34.91,"287,700"
09-Mar-16,40.64,40.74,40.57,40.68,35.07,"147,100"
10-Mar-16,40.93,41.01,40.33,40.69,35.08,"101,100"
11-Mar-16,41.15,41.38,41.02,41.37,35.66,"124,600"
14-Mar-16,41.27,41.42,41.21,41.33,35.63,"212,000"
15-Mar-16,41.22,41.23,41.07,41.2,35.52,"338,000"
16-Mar-16,41.15,41.49,41.09,41.42,35.71,"199,100"
17-Mar-16,41.4,41.7,41.28,41.61,35.87,"155,600"
18-Mar-16,41.8,41.85,41.64,41.78,36.02,"98,100"
21-Mar-16,41.78,41.89,41.72,41.85,36.08,"41,900"
22-Mar-16,41.81,41.96,41.72,41.84,36.07,"80,400"
23-Mar-16,41.72,41.72,41.39,41.43,35.72,"55,600"
24-Mar-16,41.3,41.39,41.19,41.38,35.67,"290,900"
28-Mar-16,41.63,41.63,41.39,41.48,35.76,"81,200"
29-Mar-16,41.44,41.89,41.4,41.89,36.11,"87,400"
30-Mar-16,42.19,42.19,41.97,42.04,36.24,"96,400"
31-Mar-16,42.02,42.12,41.92,41.97,36.18,"106,000"
01-Apr-16,41.75,42.29,41.6,42.26,36.43,"225,800"
04-Apr-16,42.25,42.28,42.04,42.1,36.29,"101,200"
05-Apr-16,41.82,41.89,41.67,41.71,35.96,"74,400"
06-Apr-16,41.86,42.16,41.71,42.14,36.33,"282,200"
07-Apr-16,41.95,41.97,41.44,41.59,35.85,"126,500"
08-Apr-16,41.92,41.92,41.55,41.65,35.9,"165,700"
11-Apr-16,41.89,41.96,41.52,41.53,35.8,"54,600"
12-Apr-16,41.56,41.88,41.43,41.82,36.05,"480,700"
13-Apr-16,42.16,42.24,42.04,42.23,36.4,"55,300"
14-Apr-16,42.28,42.28,42.12,42.18,36.36,"66,800"
15-Apr-16,42.23,42.23,42.09,42.22,36.4,"75,800"
18-Apr-16,42.03,42.45,42.03,42.45,36.59,"74,400"
19-Apr-16,42.64,42.64,42.36,42.49,36.63,"259,000"
20-Apr-16,42.59,42.7,42.43,42.52,36.65,"159,700"
21-Apr-16,42.67,42.67,42.26,42.3,36.47,"83,000"
22-Apr-16,42.16,42.35,42.08,42.29,36.46,"77,100"
25-Apr-16,42.17,42.23,42.04,42.21,36.39,"299,500"
26-Apr-16,42.32,42.41,42.21,42.31,36.47,"99,300"
27-Apr-16,42.24,42.47,42.13,42.37,36.52,"243,400"
28-Apr-16,42.23,42.43,41.9,41.97,36.18,"148,800"
29-Apr-16,41.95,41.95,41.43,41.68,35.93,"94,200"
02-May-16,41.89,42.08,41.75,42.03,36.23,"41,600"
03-May-16,41.79,41.87,41.6,41.76,36.0,"116,100"
04-May-16,41.5,41.62,41.4,41.53,35.8,"87,300"
05-May-16,41.4,41.59,41.36,41.39,35.68,"252,100"
06-May-16,41.29,41.58,41.18,41.57,35.84,"89,600"
09-May-16,41.63,41.83,41.51,41.72,35.97,"146,900"
10-May-16,41.8,42.18,41.8,42.16,36.35,"224,600"
11-May-16,42.17,42.17,41.67,41.67,35.92,"79,100"
12-May-16,41.74,41.8,41.44,41.64,35.9,"84,100"
13-May-16,41.5,41.7,41.3,41.33,35.63,"70,600"
16-May-16,41.48,41.81,41.39,41.71,35.96,"40,700"
17-May-16,41.55,41.63,41.19,41.3,35.6,"55,000"
18-May-16,41.3,41.53,41.0,41.25,35.56,"113,300"
19-May-16,41.2,41.22,40.89,41.13,35.46,"40,600"
20-May-16,41.32,41.47,41.29,41.38,35.67,"48,100"
23-May-16,41.45,41.45,41.26,41.26,35.57,"1,188,400"
24-May-16,41.61,41.91,41.53,41.83,36.06,"55,500"
25-May-16,42.02,42.1,41.97,42.06,36.26,"94,600"
26-May-16,42.22,42.22,42.02,42.09,36.28,"70,500"
27-May-16,42.05,42.28,42.05,42.26,36.43,"95,500"
31-May-16,42.26,42.36,42.11,42.3,36.47,"86,700"
01-Jun-16,42.23,42.4,42.18,42.36,36.52,"59,500"
02-Jun-16,42.34,42.52,42.22,42.52,36.65,"205,200"
03-Jun-16,42.37,42.5,42.17,42.42,36.57,"42,900"
06-Jun-16,42.6,42.62,42.43,42.54,36.67,"48,400"
07-Jun-16,42.65,42.75,42.6,42.62,36.74,"54,600"
08-Jun-16,42.66,42.77,42.6,42.74,36.84,"51,500"
09-Jun-16,42.77,42.77,42.55,42.71,36.82,"101,200"
10-Jun-16,42.49,42.49,42.22,42.34,36.5,"137,100"
13-Jun-16,42.2,42.37,41.99,42.0,36.21,"304,200"
14-Jun-16,41.98,42.04,41.72,41.88,36.1,"78,300"
15-Jun-16,42.05,42.14,41.86,41.9,36.12,"157,300"
16-Jun-16,41.76,42.05,41.56,42.03,36.24,"197,800"
17-Jun-16,42.09,42.09,41.72,41.91,36.13,"37,600"
20-Jun-16,42.46,42.48,42.14,42.17,36.35,"106,300"
21-Jun-16,42.31,42.33,42.16,42.24,36.42,"53,300"
22-Jun-16,42.39,42.46,42.17,42.17,36.35,"65,100"
23-Jun-16,42.23,42.51,42.22,42.48,36.77,"193,900"
24-Jun-16,41.66,41.76,41.13,41.2,35.66,"223,100"
27-Jun-16,40.9,40.9,40.26,40.48,35.04,"65,200"
28-Jun-16,40.84,41.16,40.8,41.14,35.61,"502,000"
29-Jun-16,41.5,41.9,41.5,41.86,36.24,"623,100"
30-Jun-16,42.04,42.45,41.85,42.45,36.75,"147,500"
01-Jul-16,42.47,42.65,42.46,42.55,36.83,"161,100"
05-Jul-16,42.38,42.38,42.18,42.32,36.63,"206,800"
06-Jul-16,42.25,42.56,42.08,42.55,36.83,"130,700"
07-Jul-16,42.47,42.73,42.34,42.48,36.77,"110,800"
08-Jul-16,42.84,43.18,42.84,43.17,37.37,"87,900"
11-Jul-16,43.3,43.4,43.23,43.29,37.47,"58,000"
12-Jul-16,43.54,43.59,43.44,43.53,37.68,"134,500"
13-Jul-16,43.51,43.69,43.44,43.56,37.71,"125,500"
14-Jul-16,43.87,43.87,43.67,43.74,37.86,"74,100"
15-Jul-16,43.71,43.83,43.59,43.69,37.82,"486,000"
18-Jul-16,43.82,43.83,43.68,43.76,37.88,"147,500"
19-Jul-16,43.78,43.78,43.6,43.69,37.82,"74,700"
20-Jul-16,43.84,43.95,43.78,43.89,37.99,"147,200"
21-Jul-16,43.98,43.98,43.66,43.76,37.88,"84,500"
22-Jul-16,43.74,44.0,43.74,43.98,38.07,"89,500"
25-Jul-16,44.0,44.0,43.8,43.93,38.03,"74,200"
26-Jul-16,44.02,44.07,43.8,43.99,38.08,"168,700"
27-Jul-16,44.09,44.09,43.7,43.85,37.96,"99,200"
28-Jul-16,43.9,44.0,43.7,43.95,38.05,"249,000"
29-Jul-16,43.93,44.05,43.84,44.01,38.1,"300,700"
01-Aug-16,44.06,44.14,43.91,44.0,38.09,"852,400"
02-Aug-16,43.99,43.99,43.51,43.63,37.77,"89,400"
03-Aug-16,43.65,43.71,43.56,43.7,37.83,"87,000"
04-Aug-16,43.78,43.83,43.69,43.75,37.87,"251,600"
05-Aug-16,43.87,44.09,43.87,44.07,38.15,"162,800"
08-Aug-16,44.18,44.18,43.98,44.01,38.1,"173,600"
09-Aug-16,44.1,44.15,43.98,44.03,38.11,"208,200"
10-Aug-16,44.11,44.11,43.89,43.95,38.05,"90,000"
11-Aug-16,44.14,44.23,44.03,44.17,38.24,"73,100"
12-Aug-16,44.15,44.21,44.08,44.15,38.22,"2,797,600"
15-Aug-16,44.27,44.35,44.23,44.27,38.32,"1,645,300"
16-Aug-16,44.17,44.17,43.99,43.99,38.08,"448,300"
17-Aug-16,44.01,44.07,43.76,44.02,38.11,"91,500"
18-Aug-16,44.04,44.16,44.01,44.16,38.23,"152,100"
19-Aug-16,44.12,44.13,43.94,44.13,38.2,"46,400"
22-Aug-16,44.09,44.16,44.01,44.12,38.19,"82,200"
23-Aug-16,44.31,44.35,44.19,44.19,38.25,"167,600"
24-Aug-16,44.12,44.3,43.92,43.99,38.08,"155,000"
25-Aug-16,43.83,44.07,43.83,43.92,38.02,"74,300"
26-Aug-16,43.95,44.17,43.64,43.79,37.91,"74,100"
29-Aug-16,43.83,44.06,43.83,44.01,38.1,"78,800"
30-Aug-16,44.02,44.02,43.8,43.9,38.0,"71,000"
31-Aug-16,43.87,43.88,43.65,43.82,37.93,"59,800"
01-Sep-16,43.91,43.91,43.58,43.83,37.94,"49,500"
02-Sep-16,44.08,44.11,43.9,44.0,38.09,"56,300"
06-Sep-16,44.02,44.13,43.91,44.13,38.2,"92,800"
07-Sep-16,44.12,44.14,43.99,44.11,38.18,"56,400"
08-Sep-16,44.09,44.09,43.9,43.96,38.05,"58,200"
09-Sep-16,43.75,43.75,42.89,42.89,37.13,"95,400"
12-Sep-16,42.8,43.53,42.55,43.52,37.67,"65,400"
13-Sep-16,43.16,43.28,42.79,42.92,37.15,"127,900"
14-Sep-16,43.26,43.26,42.77,42.91,37.15,"166,400"
15-Sep-16,42.83,43.38,42.72,43.3,37.48,"117,200"
16-Sep-16,43.24,43.24,43.02,43.17,37.37,"54,200"
19-Sep-16,43.27,43.48,43.16,43.24,37.43,"106,700"
20-Sep-16,43.46,43.46,43.22,43.26,37.45,"103,700"
21-Sep-16,43.32,43.72,43.19,43.7,37.83,"74,600"
22-Sep-16,43.83,44.05,43.83,43.95,38.05,"96,500"
23-Sep-16,43.77,43.78,43.64,43.67,37.95,"91,000"
26-Sep-16,43.39,43.46,43.26,43.28,37.62,"98,800"
27-Sep-16,43.29,43.56,43.29,43.54,37.84,"245,300"
28-Sep-16,43.55,43.67,43.36,43.67,37.95,"158,200"
29-Sep-16,43.66,43.75,43.16,43.23,37.57,"80,300"
30-Sep-16,43.41,43.69,43.39,43.57,37.87,"151,700"
03-Oct-16,43.52,43.52,43.28,43.4,37.72,"78,100"
04-Oct-16,43.43,43.46,43.06,43.14,37.49,"166,600"
05-Oct-16,43.29,43.38,43.27,43.29,37.63,"61,900"
06-Oct-16,43.21,43.36,43.13,43.31,37.64,"85,400"
07-Oct-16,43.37,43.37,42.98,43.18,37.53,"50,600"
10-Oct-16,43.42,43.48,43.35,43.37,37.69,"195,300"
11-Oct-16,43.32,43.32,42.69,42.86,37.25,"83,200"
12-Oct-16,42.87,43.03,42.78,42.95,37.33,"74,800"
13-Oct-16,42.7,42.96,42.49,42.86,37.25,"97,800"
14-Oct-16,43.01,43.13,42.81,42.84,37.23,"392,100"
17-Oct-16,42.8,42.86,42.64,42.69,37.1,"122,300"
18-Oct-16,42.97,43.11,42.86,42.9,37.28,"68,300"
19-Oct-16,42.93,43.03,42.86,42.95,37.33,"81,500"
20-Oct-16,42.9,43.04,42.78,42.91,37.29,"81,900"
21-Oct-16,42.79,42.94,42.66,42.88,37.27,"57,100"
24-Oct-16,43.07,43.18,43.06,43.13,37.48,"61,200"
25-Oct-16,43.07,43.1,42.91,42.95,37.33,"81,400"
26-Oct-16,42.77,42.98,42.61,42.85,37.24,"93,600"
27-Oct-16,43.02,43.02,42.62,42.64,37.06,"89,100"
28-Oct-16,42.57,42.84,42.45,42.59,37.02,"66,400"
31-Oct-16,42.62,42.72,42.55,42.64,37.06,"903,600"
01-Nov-16,42.65,42.65,42.04,42.26,36.73,"87,000"
02-Nov-16,42.17,42.29,41.97,42.01,36.51,"114,600"
03-Nov-16,42.05,42.13,41.74,41.81,36.34,"239,700"
04-Nov-16,41.82,42.07,41.77,41.79,36.32,"57,300"
07-Nov-16,42.3,42.66,42.3,42.66,37.08,"65,600"
08-Nov-16,42.56,42.97,42.51,42.86,37.25,"83,200"
09-Nov-16,42.54,43.36,42.41,43.21,37.55,"333,400"
10-Nov-16,43.45,43.58,43.04,43.24,37.58,"340,700"
11-Nov-16,43.15,43.27,43.04,43.27,37.61,"115,700"
14-Nov-16,43.37,43.4,43.18,43.27,37.61,"129,100"
15-Nov-16,43.41,43.61,43.35,43.57,37.87,"143,900"
16-Nov-16,43.45,43.6,43.43,43.54,37.84,"107,300"
17-Nov-16,43.57,43.8,43.57,43.8,38.07,"188,000"
18-Nov-16,43.81,43.82,43.63,43.67,37.95,"152,600"
21-Nov-16,43.77,43.96,43.74,43.93,38.18,"113,500"
22-Nov-16,44.03,44.16,43.96,44.13,38.35,"117,100"
23-Nov-16,43.97,44.14,43.96,44.11,38.34,"125,800"
25-Nov-16,44.21,44.33,44.19,44.33,38.53,"19,700"
28-Nov-16,44.24,44.27,44.12,44.18,38.4,"66,300"
29-Nov-16,44.13,44.35,44.13,44.22,38.43,"147,100"
30-Nov-16,44.29,44.29,43.87,43.87,38.13,"1,403,600"
01-Dec-16,43.91,43.97,43.57,43.64,37.93,"133,800"
02-Dec-16,43.66,43.86,43.66,43.74,38.02,"122,200"
05-Dec-16,43.93,44.07,43.9,43.99,38.23,"144,300"
06-Dec-16,44.04,44.2,43.97,44.2,38.41,"340,000"
07-Dec-16,44.13,44.79,44.13,44.75,38.89,"220,500"
08-Dec-16,44.76,44.97,44.69,44.85,38.98,"814,500"
09-Dec-16,44.93,45.08,44.92,45.05,39.15,"199,200"
12-Dec-16,44.98,45.15,44.9,45.0,39.11,"437,000"
13-Dec-16,45.14,45.4,45.14,45.29,39.36,"179,400"
14-Dec-16,45.21,45.35,44.8,44.91,39.03,"257,500"
15-Dec-16,44.99,45.25,44.91,45.05,39.15,"281,900"
16-Dec-16,45.17,45.21,44.93,45.0,39.11,"478,300"
19-Dec-16,45.04,45.18,45.01,45.09,39.19,"78,000"
20-Dec-16,45.16,45.31,45.15,45.25,39.33,"142,200"
21-Dec-16,45.18,45.24,45.12,45.13,39.22,"127,400"
22-Dec-16,44.88,44.88,44.66,44.73,39.07,"61,000"
23-Dec-16,44.68,44.81,44.68,44.81,39.14,"81,000"
27-Dec-16,44.95,44.99,44.86,44.86,39.19,"90,200"
28-Dec-16,44.91,44.91,44.5,44.53,38.9,"106,500"
29-Dec-16,44.53,44.62,44.46,44.54,38.91,"191,200"
30-Dec-16,44.58,44.58,44.24,44.36,38.75,"507,600"
03-Jan-17,44.64,44.76,44.47,44.68,39.03,"1,020,900"
04-Jan-17,44.78,45.01,44.78,44.96,39.27,"149,900"
05-Jan-17,44.87,44.89,44.72,44.88,39.2,"235,000"
06-Jan-17,44.88,45.1,44.8,44.99,39.3,"150,900"
09-Jan-17,44.97,44.97,44.83,44.83,39.16,"106,200"
10-Jan-17,44.89,45.05,44.83,44.87,39.2,"101,300"
11-Jan-17,44.84,44.96,44.72,44.94,39.26,"248,900"
12-Jan-17,44.85,44.89,44.56,44.86,39.19,"136,800"
13-Jan-17,44.89,45.01,44.87,44.91,39.23,"163,600"
17-Jan-17,44.86,44.98,44.78,44.88,39.2,"252,200"
18-Jan-17,44.79,44.97,44.79,44.97,39.28,"181,600"
19-Jan-17,44.98,44.98,44.69,44.75,39.09,"145,900"
20-Jan-17,44.87,44.97,44.77,44.88,39.2,"109,800"
23-Jan-17,44.83,44.89,44.62,44.78,39.12,"128,300"
24-Jan-17,44.84,45.13,44.79,45.08,39.38,"159,100"
25-Jan-17,45.26,45.38,45.23,45.37,39.63,"145,700"
26-Jan-17,45.4,45.42,45.28,45.29,39.56,"131,500"
27-Jan-17,45.35,45.35,45.2,45.26,39.54,"91,700"
30-Jan-17,45.06,45.06,44.81,45.06,39.36,"104,800"
31-Jan-17,44.94,45.08,44.81,45.07,39.37,"154,900"
01-Feb-17,45.25,45.25,44.92,45.04,39.34,"123,900"
02-Feb-17,45.03,45.2,44.9,45.14,39.43,"121,500"
03-Feb-17,45.31,45.5,45.3,45.47,39.72,"115,900"
06-Feb-17,45.43,45.47,45.31,45.39,39.65,"103,800"
07-Feb-17,45.47,45.54,45.39,45.45,39.7,"125,500"
08-Feb-17,45.38,45.55,45.32,45.53,39.77,"128,200"
09-Feb-17,45.55,45.87,45.53,45.78,39.99,"132,800"
10-Feb-17,45.87,46.02,45.84,45.97,40.16,"146,300"
13-Feb-17,46.06,46.25,46.06,46.16,40.32,"118,800"
14-Feb-17,46.11,46.36,46.08,46.35,40.49,"258,900"
15-Feb-17,46.33,46.66,46.33,46.62,40.72,"220,700"
16-Feb-17,46.62,46.65,46.43,46.61,40.72,"117,700"
17-Feb-17,46.49,46.7,46.45,46.7,40.79,"106,600"
21-Feb-17,46.83,47.02,46.82,46.98,41.04,"150,200"
22-Feb-17,46.89,46.99,46.87,46.96,41.02,"88,700"
23-Feb-17,47.07,47.15,46.84,46.96,41.02,"67,600"
24-Feb-17,46.79,47.13,46.79,47.13,41.17,"155,000"
27-Feb-17,47.12,47.23,47.04,47.19,41.22,"121,700"
28-Feb-17,47.06,47.12,46.96,47.01,41.06,"125,200"
01-Mar-17,47.32,47.65,47.31,47.55,41.54,"127,100"
02-Mar-17,47.51,47.51,47.29,47.32,41.34,"153,600"
03-Mar-17,47.3,47.4,47.17,47.3,41.32,"173,400"
06-Mar-17,47.15,47.2,47.02,47.13,41.17,"142,800"
07-Mar-17,47.03,47.11,46.94,46.99,41.04,"94,600"
08-Mar-17,47.03,47.11,46.92,46.96,41.02,"144,300"
09-Mar-17,46.96,47.04,46.77,46.94,41.0,"84,700"
10-Mar-17,47.13,47.18,46.94,47.11,41.15,"117,500"
13-Mar-17,47.12,47.18,47.07,47.18,41.21,"55,500"
14-Mar-17,47.05,47.06,46.89,47.02,41.07,"56,800"
15-Mar-17,47.12,47.49,47.07,47.36,41.37,"72,000"
16-Mar-17,47.44,47.44,47.24,47.31,41.33,"56,500"
17-Mar-17,47.41,47.42,47.28,47.29,41.31,"72,000"
20-Mar-17,47.27,47.29,47.1,47.18,41.21,"72,200"
21-Mar-17,47.35,47.35,46.58,46.63,40.73,"141,500"
22-Mar-17,46.61,46.76,46.48,46.74,40.83,"72,000"
23-Mar-17,46.71,46.95,46.6,46.68,40.78,"78,900"
24-Mar-17,46.57,46.67,46.28,46.46,40.75,"132,000"
27-Mar-17,46.16,46.44,46.03,46.4,40.7,"105,300"
28-Mar-17,46.34,46.77,46.29,46.71,40.97,"78,300"
29-Mar-17,46.65,46.81,46.58,46.77,41.03,"100,500"
30-Mar-17,46.73,46.92,46.7,46.89,41.13,"79,300"
31-Mar-17,46.81,46.93,46.78,46.78,41.04,"58,100"
03-Apr-17,46.83,46.83,46.45,46.64,40.91,"240,300"
04-Apr-17,46.56,46.64,46.5,46.62,40.9,"47,600"
05-Apr-17,46.73,46.97,46.47,46.5,40.79,"71,100"
06-Apr-17,46.52,46.72,46.44,46.6,40.88,"68,400"
07-Apr-17,46.58,46.73,46.52,46.62,40.9,"57,100"
10-Apr-17,46.65,46.8,46.53,46.66,40.93,"85,700"
11-Apr-17,46.58,46.62,46.32,46.59,40.87,"86,300"
12-Apr-17,46.55,46.61,46.4,46.46,40.76,"67,200"
13-Apr-17,46.4,46.52,46.16,46.19,40.52,"89,300"
17-Apr-17,46.28,46.56,46.24,46.55,40.83,"1,856,700"
18-Apr-17,46.42,46.52,46.31,46.46,40.76,"3,185,600"
19-Apr-17,46.57,46.65,46.37,46.4,40.7,"78,400"
20-Apr-17,46.54,46.88,46.5,46.78,41.04,"53,700"
21-Apr-17,46.78,46.8,46.59,46.68,40.95,"75,400"
24-Apr-17,47.13,47.25,47.06,47.2,41.4,"47,500"
25-Apr-17,47.34,47.5,47.26,47.44,41.61,"314,100"
26-Apr-17,47.43,47.6,47.39,47.43,41.61,"132,000"
27-Apr-17,47.46,47.55,47.34,47.5,41.67,"95,700"
28-Apr-17,47.54,47.54,47.3,47.32,41.51,"76,600"
01-May-17,47.45,47.49,47.34,47.4,41.58,"57,900"
02-May-17,47.44,47.46,47.31,47.45,41.62,"112,600"
03-May-17,47.35,47.42,47.21,47.39,41.57,"56,900"
04-May-17,47.43,47.51,47.29,47.49,41.66,"54,800"
05-May-17,47.54,47.67,47.49,47.67,41.82,"72,300"
08-May-17,47.69,47.69,47.56,47.65,41.8,"108,100"
09-May-17,47.72,47.77,47.59,47.66,41.81,"109,300"
10-May-17,47.64,47.77,47.57,47.75,41.89,"563,700"
11-May-17,47.61,47.63,47.36,47.6,41.76,"86,400"
12-May-17,47.59,47.62,47.45,47.5,41.67,"76,200"
15-May-17,47.57,47.78,47.53,47.74,41.88,"184,700"
16-May-17,47.8,47.8,47.6,47.7,41.84,"121,900"
17-May-17,47.36,47.44,46.9,46.91,41.15,"155,100"
18-May-17,46.92,47.26,46.85,47.08,41.3,"176,700"
19-May-17,47.21,47.49,47.17,47.37,41.55,"116,300"
22-May-17,47.45,47.67,47.45,47.6,41.76,"60,500"
23-May-17,47.73,47.76,47.58,47.73,41.87,"121,600"
24-May-17,47.78,47.89,47.71,47.86,41.98,"82,800"
25-May-17,48.01,48.26,47.99,48.19,42.27,"109,000"
26-May-17,48.15,48.2,48.13,48.14,42.23,"68,300"
30-May-17,48.14,48.21,48.09,48.17,42.26,"67,700"
31-May-17,48.26,48.27,48.0,48.19,42.27,"131,200"
01-Jun-17,48.3,48.59,48.2,48.59,42.62,"106,500"
02-Jun-17,48.61,48.81,48.58,48.73,42.75,"122,100"
05-Jun-17,48.72,48.76,48.7,48.72,42.74,"47,300"
06-Jun-17,48.59,48.66,48.49,48.52,42.56,"83,900"
07-Jun-17,48.61,48.7,48.51,48.67,42.69,"1,099,000"
08-Jun-17,48.74,48.74,48.53,48.65,42.68,"1,484,700"
09-Jun-17,48.74,48.87,48.25,48.54,42.58,"109,700"
12-Jun-17,48.47,48.49,48.28,48.46,42.51,"67,100"
13-Jun-17,48.58,48.73,48.51,48.67,42.69,"97,600"
14-Jun-17,48.79,48.86,48.5,48.68,42.7,"57,200"
15-Jun-17,48.35,48.59,48.29,48.54,42.58,"138,900"
16-Jun-17,48.54,48.54,48.29,48.52,42.56,"56,100"
19-Jun-17,48.7,48.94,48.62,48.93,42.92,"105,800"
20-Jun-17,48.86,48.87,48.57,48.61,42.64,"138,300"
21-Jun-17,48.68,48.69,48.49,48.56,42.6,"48,800"
22-Jun-17,48.59,48.7,48.4,48.57,42.61,"119,600"
23-Jun-17,48.39,48.49,48.27,48.43,42.67,"94,900"
26-Jun-17,48.58,48.66,48.43,48.46,42.69,"104,100"
27-Jun-17,48.4,48.46,48.06,48.07,42.35,"93,300"
28-Jun-17,48.23,48.5,48.2,48.4,42.64,"173,400"
29-Jun-17,48.44,48.44,47.73,48.0,42.29,"204,900"
30-Jun-17,48.16,48.28,48.06,48.11,42.39,"79,400"
03-Jul-17,48.29,48.41,48.15,48.15,42.42,"455,900"
05-Jul-17,48.23,48.28,48.04,48.24,42.5,"57,100"
06-Jul-17,48.03,48.06,47.74,47.77,42.09,"106,700"
07-Jul-17,47.9,48.17,47.9,48.11,42.39,"294,300"
10-Jul-17,48.09,48.18,48.02,48.11,42.39,"50,500"
11-Jul-17,48.06,48.12,47.87,48.05,42.33,"83,600"
12-Jul-17,48.27,48.46,48.27,48.43,42.67,"75,800"
13-Jul-17,48.44,48.53,48.36,48.51,42.74,"59,900"
14-Jul-17,48.52,48.81,48.52,48.74,42.94,"81,000"
17-Jul-17,48.73,48.82,48.68,48.73,42.93,"122,000"
18-Jul-17,48.68,48.79,48.58,48.79,42.98,"94,200"
19-Jul-17,48.9,49.01,48.88,49.01,43.18,"278,900"
20-Jul-17,49.04,49.07,48.88,49.01,43.18,"277,900"
21-Jul-17,48.88,49.03,48.86,49.02,43.19,"73,600"
24-Jul-17,49.03,49.03,48.91,49.01,43.18,"51,000"
25-Jul-17,49.2,49.2,49.03,49.11,43.27,"775,600"
26-Jul-17,49.17,49.17,49.06,49.08,43.24,"136,400"
27-Jul-17,49.2,49.21,48.78,49.07,43.23,"98,700"
28-Jul-17,48.9,48.99,48.84,48.98,43.15,"77,800"
31-Jul-17,49.04,49.07,48.93,48.99,43.16,"72,600"
01-Aug-17,49.11,49.12,49.0,49.11,43.27,"73,000"
02-Aug-17,49.17,49.17,48.91,49.09,43.25,"196,100"
03-Aug-17,49.06,49.09,48.98,49.02,43.19,"86,000"
04-Aug-17,49.12,49.17,49.03,49.09,43.25,"76,700"
07-Aug-17,49.13,49.24,49.12,49.23,43.37,"68,100"
08-Aug-17,49.18,49.4,49.03,49.11,43.27,"120,500"
09-Aug-17,48.9,49.08,48.85,49.08,43.24,"79,000"
10-Aug-17,48.89,48.89,48.4,48.43,42.67,"84,100"
11-Aug-17,48.45,48.61,48.4,48.48,42.71,"52,000"
14-Aug-17,48.78,49.0,48.78,48.97,43.14,"64,000"
15-Aug-17,49.03,49.03,48.85,48.92,43.09,"93,100"
16-Aug-17,49.02,49.17,48.98,49.07,43.23,"118,500"
17-Aug-17,48.93,49.08,48.32,48.33,42.58,"92,300"
18-Aug-17,48.24,48.49,48.13,48.19,42.46,"102,300"
21-Aug-17,48.22,48.32,48.05,48.29,42.54,"50,100"
22-Aug-17,48.39,48.82,48.39,48.75,42.95,"85,500"
23-Aug-17,48.58,48.7,48.56,48.62,42.83,"67,900"
24-Aug-17,48.7,48.72,48.49,48.5,42.73,"136,400"
25-Aug-17,48.66,48.83,48.6,48.6,42.82,"39,500"
28-Aug-17,48.7,48.7,48.55,48.6,42.82,"46,500"
29-Aug-17,48.32,48.69,48.26,48.65,42.86,"79,800"
30-Aug-17,48.65,48.93,48.62,48.86,43.05,"80,000"
31-Aug-17,48.99,49.21,48.99,49.15,43.3,"59,700"
01-Sep-17,49.29,49.33,49.22,49.27,43.41,"83,600"
05-Sep-17,49.16,49.2,48.72,48.96,43.13,"98,100"
06-Sep-17,49.09,49.17,48.96,49.08,43.24,"125,800"
07-Sep-17,49.17,49.17,49.01,49.13,43.28,"72,000"
08-Sep-17,49.07,49.17,49.05,49.11,43.27,"62,200"
11-Sep-17,49.37,49.63,49.37,49.62,43.72,"95,000"
12-Sep-17,49.73,49.8,49.65,49.8,43.87,"101,000"
13-Sep-17,49.75,49.8,49.7,49.8,43.87,"57,600"
14-Sep-17,49.71,49.76,49.65,49.73,43.81,"122,600"
15-Sep-17,49.72,49.85,49.7,49.85,43.92,"133,100"
18-Sep-17,49.93,50.01,49.86,49.9,43.96,"133,200"
19-Sep-17,49.99,49.99,49.86,49.93,43.99,"72,900"
20-Sep-17,49.91,49.93,49.69,49.9,43.96,"81,700"
21-Sep-17,49.86,49.86,49.72,49.74,43.82,"77,100"
22-Sep-17,49.39,49.56,49.39,49.48,43.81,"72,800"
25-Sep-17,49.46,49.54,49.26,49.43,43.77,"117,400"
26-Sep-17,49.53,49.58,49.44,49.46,43.79,"567,700"
27-Sep-17,49.63,49.76,49.43,49.67,43.98,"931,800"
28-Sep-17,49.61,49.73,49.57,49.7,44.0,"186,400"
29-Sep-17,49.75,49.92,49.73,49.92,44.2,"81,500"
02-Oct-17,49.97,50.11,49.97,50.11,44.37,"93,800"
03-Oct-17,50.15,50.24,50.12,50.24,44.48,"83,200"
04-Oct-17,50.23,50.38,50.22,50.35,44.58,"89,500"
05-Oct-17,50.39,50.6,50.39,50.59,44.79,"80,900"
06-Oct-17,50.5,50.58,50.48,50.57,44.78,"105,900"
09-Oct-17,50.61,50.61,50.39,50.43,44.65,"59,800"
10-Oct-17,50.58,50.6,50.47,50.59,44.79,"92,900"
11-Oct-17,50.56,50.64,50.56,50.64,44.84,"71,400"
12-Oct-17,50.59,50.68,50.55,50.62,44.82,"76,200"
13-Oct-17,50.69,50.77,50.63,50.69,44.88,"66,100"
16-Oct-17,50.72,50.76,50.64,50.73,44.92,"79,100"
17-Oct-17,50.77,50.8,50.71,50.8,44.98,"76,400"
18-Oct-17,50.92,50.92,50.83,50.89,45.06,"98,800"
19-Oct-17,50.68,50.87,50.57,50.87,45.04,"289,900"
20-Oct-17,51.05,51.18,51.04,51.15,45.29,"47,300"
23-Oct-17,51.24,51.26,51.03,51.07,45.22,"76,100"
24-Oct-17,51.15,51.18,51.06,51.1,45.25,"87,600"
25-Oct-17,51.07,51.12,50.64,50.93,45.09,"75,700"
26-Oct-17,51.03,51.13,51.0,51.06,45.21,"138,000"
27-Oct-17,51.23,51.35,51.09,51.31,45.43,"57,600"
30-Oct-17,51.23,51.26,51.04,51.11,45.25,"74,500"
31-Oct-17,51.24,51.24,51.13,51.2,45.33,"181,500"
01-Nov-17,51.39,51.44,51.17,51.22,45.35,"205,300"
02-Nov-17,51.25,51.32,51.03,51.3,45.42,"594,400"
03-Nov-17,51.35,51.44,51.24,51.44,45.55,"77,700"
06-Nov-17,51.38,51.46,51.37,51.41,45.52,"95,600"
07-Nov-17,51.43,51.53,51.28,51.37,45.48,"75,600"
08-Nov-17,51.38,51.54,51.31,51.52,45.62,"175,000"
09-Nov-17,51.23,51.36,51.0,51.33,45.45,"116,700"
10-Nov-17,51.26,51.39,51.22,51.37,45.48,"98,800"
13-Nov-17,51.21,51.5,51.21,51.4,45.51,"78,100"
14-Nov-17,51.28,51.43,51.15,51.43,45.54,"94,900"
15-Nov-17,51.21,51.29,51.03,51.13,45.27,"82,700"
16-Nov-17,51.34,51.73,51.34,51.62,45.71,"92,400"
17-Nov-17,51.57,51.62,51.54,51.56,45.65,"69,900"
20-Nov-17,51.61,51.7,51.58,51.69,45.77,"125,800"
21-Nov-17,51.85,52.02,51.85,51.96,46.01,"142,000"
22-Nov-17,52.02,52.02,51.89,51.92,45.97,"132,400"
24-Nov-17,52.03,52.05,51.98,52.03,46.07,"38,900"
27-Nov-17,51.99,52.1,51.97,52.03,46.07,"112,900"
28-Nov-17,52.14,52.55,52.08,52.53,46.51,"152,100"
29-Nov-17,52.58,52.7,52.45,52.54,46.52,"115,800"
30-Nov-17,52.72,53.17,52.71,52.97,46.9,"142,800"
01-Dec-17,52.89,52.99,52.06,52.84,46.79,"131,900"
04-Dec-17,53.22,53.27,52.78,52.81,46.75,"164,800"
05-Dec-17,52.83,52.97,52.58,52.59,46.56,"196,400"
06-Dec-17,52.59,52.72,52.54,52.64,46.61,"99,400"
07-Dec-17,52.59,52.88,52.59,52.81,46.76,"150,000"
08-Dec-17,53.04,53.15,52.91,53.15,47.06,"574,000"
11-Dec-17,53.17,53.24,53.1,53.24,47.14,"181,100"
12-Dec-17,53.31,53.42,53.23,53.29,47.18,"96,900"
13-Dec-17,53.35,53.45,53.28,53.3,47.19,"71,000"
14-Dec-17,53.42,53.42,53.04,53.06,46.98,"170,900"
15-Dec-17,53.29,53.65,53.29,53.55,47.41,"116,400"
18-Dec-17,53.81,53.96,53.81,53.91,47.73,"98,000"
19-Dec-17,53.96,53.99,53.7,53.7,47.55,"302,000"
20-Dec-17,53.92,53.92,53.64,53.72,47.56,"125,600"
21-Dec-17,53.6,53.64,53.46,53.48,47.57,"103,000"
22-Dec-17,53.5,53.5,53.37,53.45,47.54,"113,600"
26-Dec-17,53.35,53.48,53.35,53.39,47.49,"89,600"
27-Dec-17,53.42,53.53,53.4,53.45,47.54,"121,800"
28-Dec-17,53.57,53.59,53.46,53.58,47.66,"88,500"
29-Dec-17,53.68,53.68,53.35,53.36,47.46,"318,400"
02-Jan-18,53.63,53.72,53.49,53.72,47.78,"175,400"
03-Jan-18,53.77,54.04,53.76,54.01,48.04,"161,700"
04-Jan-18,54.16,54.31,54.15,54.23,48.24,"179,600"
05-Jan-18,54.41,54.63,54.33,54.61,48.58,"154,200"
08-Jan-18,54.57,54.75,54.5,54.74,48.69,"374,900"
09-Jan-18,54.85,54.98,54.75,54.85,48.79,"161,900"
10-Jan-18,54.68,54.77,54.45,54.73,48.68,"448,600"
11-Jan-18,54.86,55.12,54.81,55.12,49.03,"307,900"
12-Jan-18,55.19,55.51,55.19,55.5,49.37,"194,500"
16-Jan-18,55.75,55.9,55.12,55.3,49.19,"180,900"
17-Jan-18,55.52,55.93,55.39,55.83,49.66,"181,800"
18-Jan-18,55.81,55.92,55.64,55.8,49.63,"137,700"
19-Jan-18,55.93,56.09,55.87,56.09,49.89,"219,500"
22-Jan-18,56.1,56.53,56.1,56.53,50.28,"104,600"
23-Jan-18,56.55,56.73,56.53,56.69,50.43,"285,800"
24-Jan-18,56.94,56.94,56.41,56.65,50.39,"120,200"
25-Jan-18,56.91,56.91,56.57,56.74,50.47,"170,500"
26-Jan-18,56.98,57.37,56.86,57.37,51.03,"115,100"
29-Jan-18,57.25,57.42,57.04,57.04,50.74,"210,700"
30-Jan-18,56.59,56.74,56.38,56.47,50.23,"162,200"
31-Jan-18,56.73,56.8,56.24,56.49,50.25,"130,500"
01-Feb-18,56.28,56.72,56.28,56.43,50.19,"211,600"
02-Feb-18,56.07,56.08,55.25,55.27,49.16,"242,000"
05-Feb-18,54.81,55.35,52.98,53.06,47.2,"322,700"
06-Feb-18,52.14,54.11,51.9,53.98,48.02,"445,200"
07-Feb-18,53.83,54.59,53.8,53.8,47.86,"526,800"
08-Feb-18,53.88,53.95,51.81,51.88,46.15,"196,000"
09-Feb-18,52.47,53.03,51.0,52.7,46.88,"491,300"
12-Feb-18,53.08,53.67,52.72,53.36,47.46,"212,900"
13-Feb-18,53.19,53.63,53.03,53.54,47.62,"157,900"
14-Feb-18,53.2,54.31,53.2,54.25,48.26,"345,500"
15-Feb-18,54.61,54.93,54.12,54.93,48.86,"144,200"
16-Feb-18,54.78,55.38,54.78,54.98,48.91,"164,600"
20-Feb-18,54.69,55.03,54.44,54.62,48.58,"109,500"
21-Feb-18,54.68,55.25,54.33,54.33,48.33,"228,100"
22-Feb-18,54.63,54.89,54.27,54.36,48.35,"401,500"
23-Feb-18,54.65,55.24,54.44,55.24,49.14,"140,400"
26-Feb-18,55.46,55.81,55.33,55.81,49.64,"124,500"
27-Feb-18,55.83,55.99,55.16,55.16,49.07,"229,500"
28-Feb-18,55.35,55.5,54.59,54.59,48.56,"118,400"
01-Mar-18,54.63,54.91,53.58,53.92,47.96,"174,000"
02-Mar-18,53.5,54.31,53.38,54.23,48.24,"178,500"
05-Mar-18,53.92,54.92,53.92,54.8,48.74,"123,800"
06-Mar-18,55.01,55.04,54.68,55.01,48.93,"188,900"
07-Mar-18,54.53,55.04,54.53,54.99,48.91,"93,200"
08-Mar-18,55.14,55.24,54.92,55.21,49.11,"505,500"
09-Mar-18,55.54,56.11,55.46,56.1,49.9,"106,400"
12-Mar-18,56.21,56.29,55.97,56.05,49.86,"250,100"
13-Mar-18,56.28,56.4,55.65,55.77,49.61,"113,300"
14-Mar-18,55.98,55.98,55.43,55.52,49.39,"687,700"
15-Mar-18,55.62,55.75,55.37,55.48,49.35,"813,700"
16-Mar-18,55.56,55.77,55.55,55.6,49.46,"133,900"
19-Mar-18,55.41,55.41,54.55,54.89,48.82,"136,000"
20-Mar-18,54.97,55.17,54.9,55.04,48.96,"108,200"
21-Mar-18,55.02,55.37,54.85,54.9,48.83,"773,300"
22-Mar-18,54.44,54.6,53.55,53.59,47.67,"1,248,900"
23-Mar-18,53.51,53.51,52.23,52.28,46.68,"297,600"
26-Mar-18,53.04,53.72,52.58,53.66,47.92,"223,600"
27-Mar-18,53.88,53.95,52.49,52.78,47.13,"204,100"
28-Mar-18,52.76,53.13,52.42,52.63,47.0,"192,100"
29-Mar-18,52.9,53.71,52.8,53.41,47.69,"156,100"
02-Apr-18,53.18,53.28,51.69,52.17,46.58,"600,300"
03-Apr-18,52.48,52.91,52.17,52.82,47.17,"278,600"
04-Apr-18,52.0,53.56,52.0,53.48,47.75,"147,200"
05-Apr-18,53.87,53.98,53.52,53.8,48.04,"184,800"
06-Apr-18,53.39,53.69,52.35,52.68,47.04,"144,100"
09-Apr-18,52.99,53.6,52.79,52.8,47.15,"95,700"
10-Apr-18,53.5,53.82,53.26,53.67,47.92,"151,600"
11-Apr-18,53.41,53.73,53.17,53.39,47.67,"469,800"
12-Apr-18,53.61,53.97,53.48,53.77,48.01,"152,100"
13-Apr-18,54.09,54.09,53.4,53.63,47.89,"557,200"
16-Apr-18,53.98,54.24,53.84,54.06,48.27,"131,200"
17-Apr-18,54.42,54.78,54.4,54.65,48.8,"143,400"
18-Apr-18,54.77,54.89,54.62,54.7,48.84,"185,600"
19-Apr-18,54.56,54.57,54.13,54.32,48.5,"309,500"
20-Apr-18,54.35,54.35,53.7,53.89,48.12,"117,000"
23-Apr-18,54.05,54.16,53.69,53.89,48.12,"147,100"
24-Apr-18,54.14,54.19,52.94,53.23,47.53,"166,000"
25-Apr-18,53.19,53.43,52.8,53.33,47.62,"166,300"
26-Apr-18,53.57,54.07,53.52,53.89,48.12,"108,200"
27-Apr-18,54.02,54.08,53.78,53.93,48.16,"200,400"
30-Apr-18,54.05,54.21,53.46,53.46,47.74,"105,900"
01-May-18,53.37,53.56,53.01,53.51,47.78,"303,000"
02-May-18,53.47,53.57,53.01,53.09,47.41,"151,700"
03-May-18,52.89,53.16,52.34,53.03,47.35,"172,200"
04-May-18,52.84,53.81,52.74,53.68,47.93,"142,400"
07-May-18,53.84,53.99,53.67,53.8,48.04,"137,200"
08-May-18,53.75,53.89,53.51,53.8,48.04,"510,600"
09-May-18,53.95,54.33,53.79,54.26,48.45,"215,000"
10-May-18,54.43,54.82,54.43,54.77,48.91,"171,700"
11-May-18,54.84,54.97,54.71,54.89,49.01,"192,300"
14-May-18,55.04,55.16,54.8,54.93,49.05,"170,900"
15-May-18,54.63,54.63,54.37,54.57,48.73,"1,057,400"
16-May-18,54.62,54.91,54.62,54.81,48.94,"292,800"
17-May-18,54.84,55.0,54.59,54.77,48.9,"162,500"
18-May-18,54.73,54.86,54.64,54.72,48.86,"82,000"
21-May-18,55.07,55.22,54.94,55.08,49.18,"147,500"
22-May-18,55.25,55.28,54.84,54.9,49.02,"200,600"
23-May-18,54.67,55.12,54.51,55.12,49.22,"124,100"
24-May-18,55.02,55.14,54.67,55.11,49.21,"183,600"
25-May-18,54.99,55.15,54.87,55.0,49.11,"1,004,600"
29-May-18,54.67,54.79,54.18,54.45,48.62,"437,400"
30-May-18,54.75,55.24,53.49,55.1,49.2,"420,300"
31-May-18,55.04,55.07,54.66,54.71,48.85,"144,800"
01-Jun-18,55.0,55.34,54.99,55.28,49.36,"112,200"
04-Jun-18,55.45,55.65,55.44,55.63,49.67,"490,800"
05-Jun-18,55.65,55.78,55.53,55.73,49.76,"479,500"
06-Jun-18,55.86,56.11,55.68,56.11,50.1,"175,400"
07-Jun-18,56.18,56.26,55.84,56.06,50.06,"272,400"
08-Jun-18,55.98,56.28,55.95,56.27,50.25,"246,700"
11-Jun-18,56.3,56.48,56.27,56.37,50.33,"160,500"
12-Jun-18,56.45,56.49,56.29,56.45,50.41,"171,600"
13-Jun-18,56.48,56.56,56.23,56.24,50.22,"208,100"
14-Jun-18,56.44,56.47,56.25,56.36,50.33,"284,600"
15-Jun-18,56.17,56.4,56.02,56.37,50.33,"216,200"
18-Jun-18,56.04,56.3,56.01,56.29,50.26,"162,900"
19-Jun-18,55.78,56.12,55.69,56.06,50.06,"159,100"
20-Jun-18,56.28,56.33,56.09,56.14,50.13,"158,800"
21-Jun-18,56.21,56.21,55.74,55.85,49.87,"256,200"
22-Jun-18,56.09,56.09,55.77,55.77,49.8,"146,000"
25-Jun-18,55.39,55.39,54.48,54.84,49.17,"301,500"
26-Jun-18,54.98,55.12,54.81,54.9,49.23,"338,700"
27-Jun-18,55.04,55.31,54.33,54.33,48.71,"612,300"
28-Jun-18,54.32,54.85,54.18,54.7,49.05,"143,200"
29-Jun-18,54.93,55.21,54.74,54.75,49.09,"145,700"
02-Jul-18,54.42,54.95,54.38,54.93,49.25,"287,400"
03-Jul-18,55.15,55.15,54.65,54.65,49.0,"105,700"
05-Jul-18,54.99,55.17,54.73,55.17,49.47,"166,600"
06-Jul-18,55.19,55.69,55.15,55.62,49.87,"203,500"
09-Jul-18,55.86,56.09,55.82,56.09,50.29,"119,000"
10-Jul-18,56.2,56.27,56.08,56.24,50.43,"286,100"
11-Jul-18,55.94,56.1,55.83,55.9,50.12,"131,200"
12-Jul-18,56.19,56.45,56.18,56.44,50.61,"197,500"
13-Jul-18,56.48,56.56,56.4,56.52,50.68,"255,600"
16-Jul-18,56.53,56.53,56.35,56.44,50.61,"147,100"
17-Jul-18,56.24,56.8,56.19,56.7,50.84,"365,300"
18-Jul-18,56.74,56.83,56.62,56.82,50.95,"162,400"
19-Jul-18,56.66,56.77,56.48,56.61,50.76,"155,900"
20-Jul-18,56.58,56.73,56.52,56.57,50.72,"122,300"
23-Jul-18,56.54,56.67,56.42,56.63,50.78,"201,400"
24-Jul-18,56.91,57.0,56.57,56.75,50.88,"353,200"
25-Jul-18,56.73,57.31,56.73,57.26,51.34,"234,400"
26-Jul-18,57.07,57.33,57.07,57.19,51.28,"117,200"
27-Jul-18,57.25,57.31,56.61,56.76,50.89,"203,300"
30-Jul-18,56.74,56.8,56.23,56.33,50.51,"108,900"
31-Jul-18,56.52,56.82,56.47,56.69,50.83,"170,700"
01-Aug-18,56.73,56.85,56.48,56.58,50.73,"139,200"
02-Aug-18,56.26,56.98,56.26,56.94,51.05,"196,500"
03-Aug-18,56.26,57.18,56.26,57.17,51.26,"182,800"
06-Aug-18,57.14,57.42,56.94,57.4,51.47,"281,200"
07-Aug-18,57.54,57.65,57.5,57.59,51.64,"138,300"
08-Aug-18,57.58,57.7,57.49,57.62,51.66,"1,002,600"
09-Aug-18,57.66,57.74,57.54,57.57,51.62,"2,471,300"
10-Aug-18,57.35,57.42,57.09,57.23,51.31,"152,500"
13-Aug-18,57.27,57.43,56.97,57.03,51.14,"140,400"
14-Aug-18,57.18,57.49,57.11,57.42,51.48,"324,700"
15-Aug-18,57.14,57.14,56.71,57.02,51.13,"233,100"
16-Aug-18,57.35,57.64,57.35,57.46,51.52,"121,500"
17-Aug-18,57.35,57.74,57.3,57.63,51.67,"191,100"
20-Aug-18,57.76,57.89,57.67,57.83,51.85,"272,600"
21-Aug-18,57.92,58.12,57.9,57.95,51.96,"180,600"
22-Aug-18,57.85,58.05,57.83,57.91,51.92,"140,800"
23-Aug-18,57.91,58.11,57.83,57.91,51.92,"751,800"
24-Aug-18,58.06,58.3,58.03,58.29,52.26,"131,100"
27-Aug-18,58.52,58.67,58.51,58.63,52.57,"352,000"
28-Aug-18,58.69,58.76,58.5,58.62,52.56,"277,300"
29-Aug-18,58.68,58.98,58.64,58.95,52.86,"231,000"
30-Aug-18,58.83,58.9,58.59,58.69,52.62,"263,400"
31-Aug-18,58.61,58.81,58.58,58.75,52.68,"127,900"
04-Sep-18,58.66,58.76,58.49,58.71,52.64,"188,100"
05-Sep-18,58.63,58.63,58.26,58.53,52.48,"207,300"
06-Sep-18,58.36,58.6,58.19,58.41,52.37,"138,200"
07-Sep-18,58.19,58.49,58.07,58.24,52.22,"156,700"
10-Sep-18,58.46,58.5,58.35,58.4,52.36,"112,200"
11-Sep-18,58.26,58.66,58.21,58.57,52.52,"161,600"
12-Sep-18,58.55,58.64,58.37,58.6,52.54,"208,900"
13-Sep-18,58.79,58.93,58.74,58.89,52.8,"176,900"
14-Sep-18,58.95,58.99,58.75,58.91,52.82,"141,900"
17-Sep-18,58.91,58.91,58.5,58.55,52.5,"163,400"
18-Sep-18,58.56,58.99,58.56,58.84,52.76,"455,600"
19-Sep-18,58.87,58.94,58.73,58.77,52.7,"278,600"
20-Sep-18,59.03,59.31,59.03,59.25,53.13,"116,800"
21-Sep-18,59.44,59.45,59.19,59.25,53.13,"211,800"
24-Sep-18,58.85,58.87,58.68,58.79,52.93,"236,600"
25-Sep-18,58.9,58.9,58.71,58.76,52.9,"174,000"
26-Sep-18,58.8,59.07,58.55,58.6,52.76,"168,200"
27-Sep-18,58.68,58.98,58.67,58.7,52.85,"143,900"
28-Sep-18,58.64,58.88,58.64,58.75,52.9,"269,800"
01-Oct-18,59.03,59.13,58.72,58.85,52.99,"144,400"
02-Oct-18,58.84,58.96,58.7,58.76,52.9,"237,900"
03-Oct-18,58.96,59.06,58.7,58.79,52.93,"151,400"
04-Oct-18,58.67,58.73,57.86,58.22,52.42,"351,700"
05-Oct-18,58.22,58.38,57.54,57.87,52.1,"186,300"
08-Oct-18,57.71,57.93,57.36,57.81,52.05,"242,400"
09-Oct-18,57.68,57.98,57.63,57.7,51.95,"287,300"
10-Oct-18,57.53,57.53,55.82,55.88,50.31,"401,600"
11-Oct-18,55.67,55.98,54.47,54.77,49.31,"431,700"
12-Oct-18,55.69,55.77,54.88,55.56,50.02,"654,200"
15-Oct-18,55.47,55.76,55.23,55.3,49.79,"305,200"
16-Oct-18,55.68,56.54,55.6,56.46,50.83,"333,300"
17-Oct-18,56.46,56.57,55.95,56.41,50.79,"437,000"
18-Oct-18,56.24,56.37,55.4,55.7,50.15,"224,800"
19-Oct-18,55.82,56.12,55.38,55.47,49.94,"235,000"
22-Oct-18,55.62,55.63,55.18,55.38,49.86,"169,400"
23-Oct-18,54.53,55.33,54.07,55.08,49.59,"630,100"
24-Oct-18,55.05,55.1,53.4,53.42,48.1,"350,700"
25-Oct-18,53.76,54.63,53.54,54.32,48.91,"378,900"
26-Oct-18,53.46,54.02,52.77,53.37,48.05,"609,700"
29-Oct-18,54.04,54.35,52.37,53.05,47.76,"307,000"
30-Oct-18,53.05,54.01,53.05,53.97,48.59,"385,300"
31-Oct-18,54.5,55.07,54.5,54.59,49.15,"335,500"
01-Nov-18,54.73,55.26,54.49,55.24,49.74,"192,700"
02-Nov-18,55.42,55.57,54.48,54.88,49.41,"363,700"
05-Nov-18,54.96,55.26,54.7,55.13,49.64,"261,700"
06-Nov-18,55.12,55.51,55.12,55.5,49.97,"154,400"
07-Nov-18,55.95,56.65,55.86,56.63,50.99,"309,300"
08-Nov-18,56.45,56.68,56.34,56.53,50.9,"440,500"
09-Nov-18,56.25,56.25,55.74,56.07,50.48,"304,200"
12-Nov-18,55.92,55.92,54.98,55.04,49.55,"224,500"
13-Nov-18,55.14,55.55,54.83,54.99,49.51,"179,900"
14-Nov-18,55.37,55.45,54.23,54.51,49.08,"311,600"
15-Nov-18,54.27,55.11,53.85,55.06,49.57,"193,800"
16-Nov-18,54.76,55.31,54.66,55.15,49.65,"249,100"
19-Nov-18,55.04,55.06,53.92,54.04,48.65,"224,300"
20-Nov-18,53.31,53.68,52.94,53.12,47.83,"672,900"
21-Nov-18,53.47,53.68,53.25,53.33,48.02,"309,800"
23-Nov-18,52.97,53.36,52.9,53.09,47.8,"127,100"
26-Nov-18,53.58,53.89,53.46,53.87,48.5,"186,000"
27-Nov-18,53.62,54.03,53.54,54.02,48.64,"289,100"
28-Nov-18,54.27,55.28,54.1,55.28,49.77,"245,700"
29-Nov-18,55.12,55.44,54.84,55.13,49.64,"307,500"
30-Nov-18,55.09,55.6,55.01,55.53,50.0,"746,700"
03-Dec-18,56.44,57.85,55.77,56.15,50.55,"554,700"
04-Dec-18,55.98,56.08,54.32,54.41,48.99,"449,200"
06-Dec-18,53.62,54.35,52.86,54.34,48.92,"537,500"
07-Dec-18,54.21,54.51,52.81,53.0,47.72,"502,500"
10-Dec-18,52.94,53.31,52.04,53.14,47.84,"524,900"
11-Dec-18,53.81,53.83,52.81,53.11,47.82,"591,100"
12-Dec-18,53.77,54.11,53.45,53.45,48.12,"1,373,500"
13-Dec-18,53.65,53.77,53.11,53.33,48.02,"315,400"
14-Dec-18,52.85,53.08,52.23,52.38,47.16,"583,200"
17-Dec-18,52.13,52.32,50.93,51.24,46.13,"463,600"
18-Dec-18,51.57,51.81,50.92,51.26,46.15,"459,000"
19-Dec-18,51.24,51.99,50.17,50.48,45.45,"625,100"
20-Dec-18,50.21,50.47,49.1,49.67,44.72,"809,500"
21-Dec-18,49.78,50.38,48.5,48.66,43.81,"1,375,800"
24-Dec-18,48.04,48.25,47.19,47.19,42.72,"626,300"
26-Dec-18,47.5,49.44,47.12,49.44,44.76,"1,101,000"
27-Dec-18,48.82,49.93,48.09,49.93,45.21,"1,332,200"
28-Dec-18,50.19,50.52,49.58,49.85,45.13,"876,300"
31-Dec-18,50.18,50.29,49.79,50.29,45.53,"635,800"
02-Jan-19,49.5,50.44,49.5,50.26,45.5,"368,500"
03-Jan-19,49.84,49.9,48.98,49.03,44.39,"378,300"
04-Jan-19,49.72,50.81,49.65,50.66,45.87,"498,800"
07-Jan-19,50.68,51.42,50.55,51.09,46.26,"426,900"
08-Jan-19,51.57,51.66,51.01,51.61,46.73,"296,100"
09-Jan-19,51.78,52.04,51.6,51.86,46.95,"326,500"
10-Jan-19,51.51,52.05,51.33,52.05,47.12,"461,200"
11-Jan-19,51.82,52.07,51.7,52.06,47.13,"216,500"
14-Jan-19,51.63,51.87,51.54,51.73,46.83,"287,800"
15-Jan-19,51.77,52.34,51.77,52.27,47.32,"717,200"
16-Jan-19,52.35,52.55,52.3,52.39,47.43,"252,300"
17-Jan-19,52.18,52.96,52.17,52.8,47.8,"467,100"
18-Jan-19,53.23,53.63,53.06,53.56,48.49,"467,300"
22-Jan-19,53.24,53.27,52.53,52.85,47.85,"1,030,100"
23-Jan-19,53.09,53.28,52.46,52.99,47.98,"817,500"
24-Jan-19,52.95,53.12,52.74,53.04,48.02,"1,128,200"
25-Jan-19,53.43,53.63,53.38,53.48,48.42,"282,200"
28-Jan-19,52.99,53.14,52.78,53.14,48.11,"2,293,800"
29-Jan-19,53.19,53.23,52.83,53.01,47.99,"394,700"
30-Jan-19,53.35,54.02,53.18,53.84,48.75,"348,300"
31-Jan-19,53.8,54.43,53.73,54.35,49.21,"287,200"
01-Feb-19,54.38,54.52,54.17,54.36,49.22,"317,700"
04-Feb-19,54.38,54.75,54.24,54.75,49.57,"252,700"
05-Feb-19,54.86,55.07,54.79,55.02,49.81,"277,800"
06-Feb-19,54.96,55.03,54.76,54.94,49.74,"633,800"
07-Feb-19,54.62,54.75,54.17,54.51,49.35,"301,300"
08-Feb-19,54.23,54.62,54.14,54.62,49.45,"466,900"
11-Feb-19,54.76,54.81,54.56,54.65,49.48,"217,100"
12-Feb-19,55.01,55.38,54.95,55.3,50.07,"213,700"
13-Feb-19,55.49,55.63,55.35,55.5,50.25,"232,600"
14-Feb-19,55.25,55.65,55.1,55.41,50.17,"1,117,200"
15-Feb-19,55.77,55.98,55.76,55.97,50.67,"203,400"
19-Feb-19,55.87,56.23,55.87,56.07,50.76,"354,900"
20-Feb-19,56.06,56.22,55.92,56.11,50.8,"196,100"
21-Feb-19,56.01,56.06,55.73,55.9,50.61,"288,100"
22-Feb-19,56.07,56.34,56.07,56.31,50.98,"160,000"
25-Feb-19,56.61,56.69,56.28,56.32,50.99,"152,800"
26-Feb-19,56.24,56.44,56.19,56.28,50.95,"178,300"
27-Feb-19,56.13,56.3,55.92,56.23,50.91,"434,700"
28-Feb-19,56.15,56.28,56.06,56.09,50.78,"234,100"
01-Mar-19,56.48,56.57,56.15,56.48,51.14,"168,100"
04-Mar-19,56.69,56.7,55.67,56.17,50.85,"234,400"
05-Mar-19,56.19,56.23,56.01,56.11,50.8,"313,000"
06-Mar-19,56.09,56.11,55.64,55.7,50.43,"361,200"
07-Mar-19,55.61,55.61,55.07,55.25,50.02,"401,200"
08-Mar-19,54.82,55.16,54.74,55.14,49.92,"419,000"
11-Mar-19,55.29,55.94,55.22,55.94,50.65,"279,700"
12-Mar-19,56.04,56.22,55.99,56.12,50.81,"637,600"
13-Mar-19,56.29,56.67,56.17,56.45,51.11,"274,400"
14-Mar-19,56.42,56.53,56.25,56.4,51.06,"248,900"
15-Mar-19,56.53,56.86,56.49,56.71,51.34,"654,500"
18-Mar-19,56.76,56.97,56.66,56.9,51.52,"190,400"
19-Mar-19,57.06,57.29,56.76,56.96,51.57,"328,200"
20-Mar-19,56.9,57.1,56.46,56.72,51.35,"296,400"
21-Mar-19,56.55,57.53,56.55,57.45,52.01,"179,700"
22-Mar-19,57.15,57.28,56.35,56.35,51.02,"586,900"
25-Mar-19,56.09,56.32,55.85,56.12,51.01,"276,700"
26-Mar-19,56.51,56.72,56.18,56.48,51.34,"184,000"
27-Mar-19,56.5,56.6,55.87,56.21,51.1,"607,500"
28-Mar-19,56.35,56.53,56.13,56.44,51.3,"826,100"
29-Mar-19,56.73,56.88,56.57,56.83,51.66,"171,700"
01-Apr-19,57.26,57.49,57.2,57.46,52.23,"192,100"
02-Apr-19,57.43,57.46,57.27,57.41,52.19,"176,700"
03-Apr-19,57.65,57.83,57.47,57.63,52.39,"261,800"
04-Apr-19,57.68,57.77,57.45,57.71,52.46,"173,000"
05-Apr-19,57.87,58.0,57.85,57.99,52.71,"149,300"
08-Apr-19,57.88,58.06,57.73,58.06,52.78,"1,445,700"
09-Apr-19,57.85,57.88,57.62,57.73,52.48,"260,400"
10-Apr-19,57.81,57.98,57.75,57.95,52.68,"243,700"
11-Apr-19,58.05,58.06,57.85,57.99,52.71,"153,400"
12-Apr-19,58.29,58.33,58.11,58.29,52.99,"167,800"
15-Apr-19,58.32,58.5,58.09,58.29,52.99,"225,100"
16-Apr-19,58.47,58.5,58.08,58.2,52.9,"387,200"
17-Apr-19,58.44,58.44,57.92,58.0,52.72,"392,900"
18-Apr-19,58.17,58.19,57.83,58.14,52.85,"192,800"
22-Apr-19,57.98,58.15,57.94,58.13,52.84,"171,200"
23-Apr-19,58.22,58.72,58.16,58.66,53.32,"255,100"
24-Apr-19,58.68,58.83,58.62,58.63,53.3,"178,100"
25-Apr-19,58.65,58.74,58.31,58.6,53.27,"188,000"
26-Apr-19,58.58,58.88,58.43,58.88,53.52,"167,900"
29-Apr-19,58.9,59.0,58.83,58.88,53.52,"773,200"
30-Apr-19,58.84,59.03,58.53,59.02,53.65,"250,600"
01-May-19,59.12,59.12,58.5,58.51,53.19,"204,900"
02-May-19,58.43,58.7,58.1,58.46,53.14,"218,800"
03-May-19,58.71,59.0,58.71,58.95,53.59,"180,400"
06-May-19,58.0,58.85,57.81,58.76,53.41,"245,400"
07-May-19,58.27,58.34,57.33,57.71,52.46,"265,800"
08-May-19,57.66,58.0,57.51,57.63,52.39,"366,500"
09-May-19,57.18,57.62,56.84,57.52,52.29,"314,600"
10-May-19,57.29,57.9,56.59,57.75,52.5,"354,700"
13-May-19,56.66,56.81,56.09,56.29,51.17,"332,600"
14-May-19,56.52,57.12,56.52,56.78,51.61,"341,200"
15-May-19,56.43,57.26,56.42,57.14,51.94,"5,412,800"
16-May-19,57.3,57.97,57.25,57.64,52.4,"176,700"
17-May-19,57.13,57.85,57.13,57.32,52.1,"200,500"
20-May-19,56.93,57.19,56.75,56.89,51.71,"194,300"
21-May-19,57.23,57.51,57.2,57.4,52.18,"135,100"
22-May-19,57.18,57.44,57.18,57.27,52.06,"234,400"
23-May-19,56.78,56.78,56.31,56.59,51.44,"324,700"
24-May-19,56.88,56.98,56.6,56.72,51.56,"254,900"
28-May-19,56.81,57.02,56.22,56.22,51.1,"137,200"
29-May-19,55.95,55.98,55.53,55.81,50.73,"416,600"
30-May-19,55.95,56.19,55.72,55.92,50.83,"148,200"
31-May-19,55.37,55.59,55.2,55.3,50.27,"226,800"
03-Jun-19,55.3,55.55,54.87,55.12,50.1,"419,200"
04-Jun-19,55.65,56.35,55.57,56.34,51.21,"198,300"
05-Jun-19,56.65,56.84,56.34,56.81,51.64,"255,400"
06-Jun-19,56.93,57.34,56.76,57.16,51.96,"161,800"
07-Jun-19,57.38,57.98,57.35,57.72,52.47,"220,600"
10-Jun-19,58.07,58.36,57.99,57.99,52.71,"261,200"
11-Jun-19,58.41,58.43,57.79,57.92,52.65,"156,100"
12-Jun-19,57.89,58.01,57.76,57.86,52.6,"236,700"
13-Jun-19,58.05,58.19,57.93,58.16,52.87,"170,600"
14-Jun-19,58.07,58.17,57.88,58.03,52.75,"163,700"
17-Jun-19,58.1,58.19,58.0,58.03,52.75,"197,800"
18-Jun-19,58.41,58.81,58.25,58.58,53.25,"305,500"
19-Jun-19,58.62,58.9,58.49,58.81,53.46,"173,100"
20-Jun-19,59.4,59.41,58.87,59.33,53.93,"501,000"
21-Jun-19,59.22,59.43,59.13,59.17,53.79,"316,200"
24-Jun-19,58.96,59.02,58.8,58.83,53.71,"205,800"
25-Jun-19,58.86,58.86,58.26,58.29,53.21,"169,200"
26-Jun-19,58.46,58.6,58.15,58.15,53.09,"239,800"
27-Jun-19,58.31,58.53,58.29,58.42,53.33,"188,100"
28-Jun-19,58.61,58.86,58.53,58.77,53.65,"250,000"
01-Jul-19,59.51,59.6,59.06,59.31,54.15,"711,900"
02-Jul-19,59.32,59.5,59.18,59.5,54.32,"183,600"
03-Jul-19,59.66,60.03,59.63,60.03,54.8,"138,300"
05-Jul-19,59.78,60.0,59.48,59.93,54.71,"115,400"
08-Jul-19,59.71,59.77,59.54,59.66,54.46,"512,800"
09-Jul-19,59.43,59.83,59.43,59.77,54.57,"177,500"
10-Jul-19,59.99,60.21,59.87,60.01,54.78,"793,300"
11-Jul-19,60.18,60.22,59.97,60.21,54.97,"902,100"
12-Jul-19,60.29,60.52,60.27,60.49,55.22,"179,400"
15-Jul-19,60.58,60.58,60.42,60.54,55.27,"209,500"
16-Jul-19,60.51,60.51,60.23,60.27,55.02,"183,800"
17-Jul-19,60.31,60.31,59.96,59.96,54.74,"5,058,100"
18-Jul-19,59.88,60.27,59.77,60.2,54.96,"373,700"
19-Jul-19,60.44,60.45,59.78,59.78,54.57,"6,754,400"
22-Jul-19,59.9,60.06,59.78,59.95,54.73,"2,628,000"
23-Jul-19,60.18,60.33,59.96,60.31,55.06,"193,400"
24-Jul-19,60.15,60.65,60.15,60.62,55.34,"2,817,100"
25-Jul-19,60.53,60.53,60.19,60.31,55.06,"284,700"
26-Jul-19,60.53,60.8,60.49,60.73,55.44,"252,400"
29-Jul-19,60.75,60.8,60.53,60.67,55.39,"583,000"
30-Jul-19,60.45,60.6,60.3,60.51,55.24,"272,200"
31-Jul-19,60.55,60.58,59.41,59.85,54.64,"286,100"
01-Aug-19,59.9,60.56,59.2,59.37,54.2,"582,900"
02-Aug-19,59.19,59.19,58.56,58.87,53.74,"1,001,600"
05-Aug-19,57.98,58.0,56.67,57.12,52.15,"1,035,400"
06-Aug-19,57.54,57.98,57.23,57.9,52.86,"3,595,100"
07-Aug-19,57.36,58.21,56.86,58.06,53.0,"4,166,700"
08-Aug-19,58.38,59.18,58.3,59.15,54.0,"637,200"
09-Aug-19,58.92,58.98,58.32,58.69,53.58,"251,400"
12-Aug-19,58.38,58.44,57.81,57.99,52.94,"194,200"
13-Aug-19,57.94,59.19,57.86,58.87,53.74,"610,600"
14-Aug-19,58.01,58.08,57.12,57.12,52.15,"392,700"
15-Aug-19,57.35,57.46,56.87,57.32,52.33,"445,500"
16-Aug-19,57.65,58.26,57.65,58.18,53.11,"174,900"
19-Aug-19,58.82,59.0,58.7,58.87,53.74,"259,500"
20-Aug-19,58.77,58.89,58.44,58.44,53.35,"1,098,900"
21-Aug-19,58.95,59.07,58.87,59.02,53.88,"282,900"
22-Aug-19,59.16,59.27,58.63,59.01,53.87,"631,800"
23-Aug-19,58.73,59.03,57.27,57.49,52.48,"218,800"
26-Aug-19,58.35,58.35,57.71,58.13,53.07,"1,375,200"
27-Aug-19,58.46,58.49,57.78,57.94,52.89,"251,900"
28-Aug-19,57.77,58.35,57.62,58.32,53.24,"265,200"
29-Aug-19,58.86,59.19,58.67,59.09,53.94,"217,500"
30-Aug-19,59.39,59.39,58.86,59.07,53.93,"230,000"
03-Sep-19,58.67,58.9,58.47,58.76,53.64,"816,100"
04-Sep-19,59.18,59.38,59.04,59.34,54.17,"924,000"
05-Sep-19,59.93,60.32,59.9,60.17,54.93,"280,500"
06-Sep-19,60.28,60.38,60.16,60.24,54.99,"256,300"
09-Sep-19,60.44,60.44,59.95,60.17,54.93,"284,500"
10-Sep-19,59.98,60.07,59.65,60.07,54.84,"201,700"
11-Sep-19,60.14,60.55,60.04,60.55,55.28,"242,300"
12-Sep-19,60.75,60.93,60.57,60.67,55.39,"499,000"
13-Sep-19,60.76,60.85,60.51,60.61,55.33,"299,900"
16-Sep-19,60.27,60.5,60.23,60.4,55.14,"260,100"
17-Sep-19,60.35,60.66,60.35,60.65,55.37,"217,200"
18-Sep-19,60.55,60.68,60.07,60.67,55.39,"222,400"
19-Sep-19,60.75,60.94,60.58,60.64,55.36,"192,500"
20-Sep-19,60.8,60.85,60.25,60.38,55.12,"166,200"
23-Sep-19,60.22,60.53,60.22,60.42,55.16,"1,272,300"
24-Sep-19,60.4,60.49,59.51,59.69,54.71,"491,700"
25-Sep-19,59.75,60.17,59.45,60.07,55.05,"1,445,100"
26-Sep-19,60.07,60.12,59.66,59.97,54.96,"229,000"
27-Sep-19,60.14,60.15,59.25,59.57,54.6,"211,500"
30-Sep-19,59.74,60.05,59.74,59.89,54.89,"177,100"
01-Oct-19,60.08,60.23,59.2,59.24,54.29,"831,400"
02-Oct-19,58.9,58.9,57.91,58.17,53.31,"402,200"
03-Oct-19,58.15,58.62,57.56,58.62,53.73,"532,800"
04-Oct-19,58.84,59.48,58.84,59.42,54.46,"294,300"
07-Oct-19,59.27,59.62,59.14,59.22,54.28,"263,300"
08-Oct-19,58.83,58.96,58.29,58.31,53.44,"478,400"
09-Oct-19,58.74,59.03,58.62,58.85,53.94,"803,700"
10-Oct-19,58.81,59.4,58.81,59.24,54.29,"188,400"
11-Oct-19,59.86,60.35,59.83,59.9,54.9,"220,900"
14-Oct-19,59.84,59.94,59.62,59.81,54.82,"155,700"
15-Oct-19,60.04,60.5,59.98,60.36,55.32,"673,600"
16-Oct-19,60.26,60.35,60.12,60.22,55.19,"213,600"
17-Oct-19,60.49,60.58,60.27,60.39,55.35,"361,200"
18-Oct-19,60.24,60.41,59.97,60.16,55.14,"279,600"
21-Oct-19,60.47,60.55,60.33,60.55,55.49,"158,800"
22-Oct-19,60.68,60.7,60.28,60.29,55.26,"414,200"
23-Oct-19,60.22,60.44,60.17,60.44,55.39,"535,700"
24-Oct-19,60.63,60.67,60.39,60.63,55.57,"299,100"
25-Oct-19,60.49,60.94,60.48,60.83,55.75,"331,800"
28-Oct-19,61.05,61.25,61.05,61.16,56.05,"311,200"
29-Oct-19,61.05,61.32,61.05,61.14,56.04,"236,600"
30-Oct-19,61.15,61.33,60.9,61.3,56.18,"166,500"
31-Oct-19,61.3,61.3,60.83,61.13,56.03,"249,900"
01-Nov-19,61.42,61.67,61.37,61.67,56.52,"180,600"
04-Nov-19,62.0,62.03,61.76,61.81,56.65,"276,100"
05-Nov-19,61.89,61.96,61.67,61.69,56.54,"219,700"
06-Nov-19,61.75,61.78,61.55,61.72,56.57,"198,000"
07-Nov-19,62.03,62.17,61.79,61.87,56.7,"175,900"
08-Nov-19,61.83,62.0,61.65,62.0,56.82,"139,100"
11-Nov-19,61.76,61.96,61.76,61.95,56.78,"202,400"
12-Nov-19,62.01,62.22,61.92,62.05,56.87,"235,100"
13-Nov-19,61.83,62.22,61.83,62.14,56.95,"326,500"
14-Nov-19,62.11,62.29,62.03,62.29,57.09,"1,205,000"
15-Nov-19,62.57,62.75,62.41,62.75,57.51,"281,700"
18-Nov-19,62.69,62.89,62.65,62.86,57.61,"386,000"
19-Nov-19,63.01,63.01,62.74,62.89,57.64,"246,900"
20-Nov-19,62.8,62.92,62.38,62.72,57.48,"234,600"
21-Nov-19,62.73,62.73,62.43,62.53,57.31,"180,200"
22-Nov-19,62.67,62.68,62.4,62.64,57.41,"197,400"
25-Nov-19,62.84,63.11,62.84,63.07,57.8,"374,600"
26-Nov-19,63.13,63.34,63.1,63.28,58.0,"202,400"
27-Nov-19,63.45,63.63,63.35,63.57,58.26,"174,600"
29-Nov-19,63.5,63.55,63.3,63.33,58.04,"113,100"
02-Dec-19,63.42,63.42,62.7,62.83,57.58,"248,600"
03-Dec-19,62.23,62.44,62.0,62.44,57.23,"245,100"
04-Dec-19,62.66,62.92,62.66,62.81,57.57,"210,800"
05-Dec-19,62.93,62.93,62.63,62.88,57.63,"226,400"
06-Dec-19,63.34,63.52,63.34,63.4,58.11,"293,000"
09-Dec-19,63.31,63.44,63.17,63.17,57.9,"192,300"
10-Dec-19,63.23,63.3,63.04,63.11,57.84,"258,600"
11-Dec-19,63.19,63.32,63.12,63.25,57.97,"193,100"
12-Dec-19,63.24,63.89,63.2,63.73,58.41,"381,700"
13-Dec-19,63.73,63.99,63.52,63.75,58.43,"284,400"
16-Dec-19,64.07,64.34,64.0,64.18,58.82,"263,500"
17-Dec-19,64.33,64.34,64.16,64.19,58.83,"173,600"
18-Dec-19,64.29,64.32,64.19,64.21,58.85,"232,900"
19-Dec-19,64.25,64.51,64.25,64.47,59.09,"318,300"
20-Dec-19,64.73,64.94,64.73,64.87,59.45,"351,100"
23-Dec-19,65.03,65.03,64.79,64.81,59.4,"444,500"
24-Dec-19,64.66,64.66,64.48,64.55,59.42,"155,200"
26-Dec-19,64.67,64.83,64.67,64.83,59.68,"187,600"
27-Dec-19,64.98,64.98,64.75,64.84,59.69,"132,200"
30-Dec-19,64.88,64.88,64.39,64.55,59.42,"257,000"
31-Dec-19,64.42,64.74,64.4,64.67,59.53,"262,900"
02-Jan-20,65.05,65.17,64.78,65.16,59.98,"582,900"
03-Jan-20,64.55,64.99,64.55,64.75,59.6,"1,002,900"
06-Jan-20,64.4,64.98,64.38,64.98,59.82,"265,100"
07-Jan-20,64.9,64.95,64.72,64.79,59.64,"216,700"
08-Jan-20,64.82,65.41,64.82,65.13,59.95,"264,400"
09-Jan-20,65.51,65.62,65.4,65.61,60.4,"357,100"
10-Jan-20,65.76,65.77,65.38,65.45,60.25,"255,400"
13-Jan-20,65.63,65.9,65.57,65.9,60.66,"226,200"
14-Jan-20,65.87,66.05,65.72,65.8,60.57,"284,400"
15-Jan-20,65.79,66.15,65.79,65.96,60.72,"204,800"
16-Jan-20,66.28,66.56,66.25,66.53,61.24,"318,200"
17-Jan-20,66.71,66.8,66.61,66.8,61.49,"308,800"
21-Jan-20,66.63,66.86,66.62,66.7,61.4,"489,300"
22-Jan-20,66.92,67.14,66.8,66.84,61.53,"6,540,400"
23-Jan-20,66.71,66.93,66.44,66.91,61.59,"209,800"
24-Jan-20,67.06,67.06,66.0,66.3,61.03,"767,500"
27-Jan-20,65.16,65.61,65.05,65.35,60.16,"306,000"
28-Jan-20,65.66,66.16,65.53,65.99,60.74,"215,500"
29-Jan-20,66.26,66.27,65.83,65.86,60.63,"223,300"
30-Jan-20,65.49,66.12,65.35,66.11,60.86,"242,100"
31-Jan-20,65.96,65.96,64.74,64.95,59.79,"1,296,200"
03-Feb-20,65.22,65.83,65.22,65.44,60.24,"250,600"
04-Feb-20,66.2,66.59,66.17,66.41,61.13,"326,800"
05-Feb-20,67.03,67.11,66.68,67.08,61.75,"318,100"
06-Feb-20,67.33,67.33,67.12,67.3,61.95,"242,200"
07-Feb-20,67.06,67.19,66.87,66.98,61.66,"438,100"
10-Feb-20,66.82,67.49,66.82,67.49,62.13,"441,000"
11-Feb-20,67.77,67.93,67.56,67.67,62.29,"212,500"
12-Feb-20,67.97,68.08,67.85,68.05,62.64,"459,300"
13-Feb-20,67.77,68.24,67.71,68.04,62.63,"611,700"
14-Feb-20,68.15,68.24,67.97,68.24,62.82,"1,091,900"
18-Feb-20,68.03,68.2,67.83,68.08,62.67,"212,900"
19-Feb-20,68.32,68.47,68.29,68.33,62.9,"312,100"
20-Feb-20,68.23,68.4,67.43,68.14,62.72,"303,900"
21-Feb-20,67.84,67.91,67.24,67.43,62.07,"240,400"
24-Feb-20,65.34,65.98,65.1,65.36,60.17,"380,500"
25-Feb-20,65.65,65.74,63.27,63.47,58.43,"521,700"
26-Feb-20,63.73,64.52,63.03,63.19,58.17,"492,700"
27-Feb-20,61.9,62.81,60.45,60.45,55.65,"838,600"
28-Feb-20,58.68,59.99,57.98,59.99,55.22,"2,255,000"
02-Mar-20,60.34,62.5,59.61,62.5,57.53,"1,088,600"
03-Mar-20,62.67,63.46,60.35,60.83,56.0,"744,600"
04-Mar-20,62.02,63.45,61.56,63.43,58.39,"551,500"
05-Mar-20,61.89,62.59,60.9,61.45,56.57,"354,200"
06-Mar-20,59.55,60.66,58.94,60.39,55.59,"442,100"
09-Mar-20,56.26,57.92,55.02,56.02,51.57,"1,043,200"
10-Mar-20,57.97,58.77,55.8,58.75,54.08,"841,300"
11-Mar-20,57.26,57.53,55.24,55.9,51.46,"572,900"
12-Mar-20,52.01,54.13,44.3,50.55,46.53,"1,038,500"
13-Mar-20,53.49,54.95,50.69,54.95,50.58,"898,300"
16-Mar-20,48.99,52.05,47.52,48.68,44.81,"998,900"
17-Mar-20,49.52,51.94,48.0,51.49,47.4,"1,383,600"
18-Mar-20,48.4,49.89,46.34,49.0,45.11,"1,289,400"
19-Mar-20,48.37,50.16,47.15,48.85,44.97,"1,224,700"
20-Mar-20,49.44,49.89,46.55,46.56,42.86,"880,200"
23-Mar-20,46.32,46.7,44.44,45.31,41.71,"1,218,000"
24-Mar-20,47.65,49.65,47.58,49.54,45.6,"1,207,600"
25-Mar-20,49.66,51.81,48.53,49.97,46.28,"1,539,800"
26-Mar-20,50.43,53.19,50.42,52.94,49.04,"832,600"
27-Mar-20,51.34,52.88,50.98,51.51,47.71,"1,663,200"
30-Mar-20,51.9,53.28,51.53,53.18,49.26,"856,800"
31-Mar-20,52.95,53.3,51.96,52.19,48.34,"840,400"
01-Apr-20,50.25,50.93,49.44,49.94,46.26,"704,100"
02-Apr-20,49.62,51.15,49.6,50.87,47.12,"535,200"
03-Apr-20,50.72,51.1,49.56,50.08,46.39,"435,800"
06-Apr-20,52.03,53.95,51.91,53.64,49.68,"506,500"
07-Apr-20,55.37,55.5,53.58,53.58,49.63,"695,400"
08-Apr-20,54.25,55.65,53.74,55.44,51.35,"719,800"
09-Apr-20,56.17,56.98,55.86,56.38,52.22,"650,200"
13-Apr-20,56.1,56.14,54.97,55.67,51.56,"721,500"
14-Apr-20,56.87,57.6,56.73,57.53,53.29,"527,000"
15-Apr-20,56.29,56.58,55.83,56.21,52.06,"573,900"
16-Apr-20,56.54,56.79,55.89,56.64,52.46,"429,700"
17-Apr-20,57.8,58.26,57.28,58.16,53.87,"380,300"
20-Apr-20,57.35,58.0,57.03,57.04,52.83,"446,200"
21-Apr-20,56.11,56.35,55.13,55.29,51.21,"439,400"
22-Apr-20,56.43,56.9,56.11,56.62,52.44,"373,600"
23-Apr-20,56.85,57.36,56.41,56.43,52.27,"411,700"
24-Apr-20,56.81,57.41,56.39,57.3,53.07,"309,800"
27-Apr-20,57.73,58.37,57.7,58.21,53.92,"308,800"
28-Apr-20,59.0,59.07,57.93,58.01,53.73,"542,400"
29-Apr-20,59.19,59.72,58.84,59.43,55.05,"432,500"
30-Apr-20,59.02,59.13,58.42,58.69,54.36,"661,800"
01-May-20,57.68,57.79,56.96,57.22,53.0,"354,500"
04-May-20,56.81,57.49,56.54,57.45,53.21,"339,000"
05-May-20,58.05,58.6,57.92,58.02,53.74,"316,800"
06-May-20,58.35,58.45,57.6,57.6,53.35,"852,200"
07-May-20,58.36,58.67,58.18,58.29,53.99,"757,700"
08-May-20,58.94,59.28,58.7,59.17,54.81,"445,200"
11-May-20,58.76,59.67,58.76,59.34,54.96,"248,500"
12-May-20,59.6,59.71,58.13,58.13,53.84,"384,800"
13-May-20,58.09,58.31,56.62,57.19,52.97,"630,700"
14-May-20,56.64,57.79,56.13,57.78,53.52,"377,400"
15-May-20,57.3,58.12,57.14,58.12,53.83,"287,400"
18-May-20,59.38,60.11,59.38,59.79,55.38,"680,300"
19-May-20,59.74,60.11,59.32,59.32,54.94,"275,800"
20-May-20,60.09,60.43,60.01,60.22,55.78,"323,400"
21-May-20,60.19,60.35,59.54,59.78,55.37,"404,500"
22-May-20,59.76,59.97,59.52,59.95,55.53,"551,000"
26-May-20,61.27,61.27,60.46,60.56,56.09,"1,790,400"
27-May-20,61.14,61.39,60.02,61.37,56.84,"907,900"
28-May-20,61.6,62.17,61.29,61.4,56.87,"269,500"
29-May-20,61.3,61.98,60.92,61.87,57.31,"218,600"
01-Jun-20,61.81,62.26,61.71,62.15,57.57,"324,800"
02-Jun-20,62.36,62.54,61.94,62.54,57.93,"454,600"
03-Jun-20,63.0,63.39,62.94,63.22,58.56,"269,800"
04-Jun-20,63.01,63.33,62.45,62.92,58.28,"276,300"
05-Jun-20,63.9,64.62,63.86,64.27,59.53,"326,100"
08-Jun-20,64.45,65.05,64.35,65.05,60.25,"765,800"
09-Jun-20,64.54,64.84,64.27,64.57,59.81,"326,900"
10-Jun-20,64.68,64.87,64.07,64.34,59.59,"1,098,700"
11-Jun-20,62.85,62.99,60.72,60.81,56.32,"737,900"
12-Jun-20,62.35,62.43,60.35,61.46,56.93,"309,300"
15-Jun-20,60.25,62.25,60.0,62.03,57.45,"295,900"
16-Jun-20,63.61,63.69,62.26,63.18,58.52,"946,900"
17-Jun-20,63.5,63.55,62.9,63.06,58.41,"258,300"
18-Jun-20,62.72,63.13,62.72,63.06,58.41,"236,200"
19-Jun-20,63.8,63.8,62.49,62.73,58.1,"308,500"
22-Jun-20,62.61,63.26,62.41,63.16,58.5,"345,300"
23-Jun-20,63.74,63.87,63.28,63.32,58.65,"305,300"
24-Jun-20,62.72,62.81,61.18,61.6,57.06,"540,400"
25-Jun-20,61.43,62.2,60.96,62.14,57.56,"274,600"
26-Jun-20,61.97,62.14,60.8,60.86,56.37,"232,900"
29-Jun-20,61.11,61.75,60.65,61.75,57.2,"598,100"
30-Jun-20,61.72,62.86,61.7,62.6,57.98,"241,400"
01-Jul-20,62.72,63.23,62.66,63.0,58.35,"3,757,000"
02-Jul-20,63.72,63.93,63.15,63.26,58.59,"523,200"
06-Jul-20,64.11,64.31,63.93,64.21,59.47,"313,300"
07-Jul-20,63.88,64.33,63.53,63.59,58.9,"275,200"
08-Jul-20,63.76,64.06,63.43,64.01,59.29,"233,800"
09-Jul-20,64.18,64.18,63.04,63.82,59.11,"257,500"
10-Jul-20,63.74,64.4,63.44,64.33,59.58,"404,300"
13-Jul-20,64.85,65.3,63.62,63.63,58.94,"288,100"
14-Jul-20,63.35,64.58,63.15,64.53,59.77,"216,700"
15-Jul-20,65.22,65.37,64.63,65.17,60.36,"384,200"
16-Jul-20,64.74,65.05,64.65,64.94,60.15,"221,200"
17-Jul-20,65.23,65.41,64.84,65.27,60.46,"178,500"
20-Jul-20,65.24,65.94,65.06,65.77,60.92,"542,800"
21-Jul-20,66.23,66.25,65.64,65.81,60.96,"354,300"
22-Jul-20,65.76,66.33,65.76,66.29,61.4,"304,400"
23-Jul-20,66.22,66.49,65.28,65.56,60.72,"412,100"
24-Jul-20,65.12,65.35,64.77,65.11,60.31,"1,081,900"
27-Jul-20,65.25,65.65,65.08,65.63,60.79,"195,000"
28-Jul-20,65.47,65.74,65.16,65.21,60.4,"231,800"
29-Jul-20,65.41,66.2,65.41,66.08,61.21,"354,900"
30-Jul-20,65.42,65.99,65.03,65.91,61.05,"167,500"
31-Jul-20,66.34,66.41,65.41,66.41,61.51,"262,200"
03-Aug-20,66.82,67.07,66.73,66.88,61.95,"190,600"
04-Aug-20,66.77,67.08,66.62,67.08,62.13,"217,800"
05-Aug-20,67.37,67.44,67.21,67.35,62.38,"256,300"
06-Aug-20,67.32,67.72,67.16,67.69,62.7,"190,200"
07-Aug-20,67.54,67.8,67.24,67.67,62.68,"253,500"
10-Aug-20,67.82,67.84,67.26,67.81,62.81,"435,700"
11-Aug-20,68.01,68.05,67.0,67.17,62.22,"225,700"
12-Aug-20,67.65,68.26,67.65,68.07,63.05,"417,800"
13-Aug-20,68.0,68.39,67.93,68.07,63.05,"177,700"
14-Aug-20,68.02,68.2,67.89,68.09,63.07,"197,500"
17-Aug-20,68.38,68.5,68.29,68.47,63.42,"219,400"
18-Aug-20,68.61,68.73,68.23,68.62,63.56,"209,900"
19-Aug-20,68.68,68.82,68.24,68.37,63.33,"241,100"
20-Aug-20,68.0,68.64,68.0,68.56,63.5,"281,600"
21-Aug-20,68.49,68.79,68.34,68.72,63.65,"391,200"
24-Aug-20,69.28,69.34,68.93,69.34,64.23,"203,000"
25-Aug-20,69.43,69.55,69.17,69.55,64.42,"172,200"
26-Aug-20,69.73,70.28,69.54,70.21,65.03,"1,416,900"
27-Aug-20,70.34,70.63,70.0,70.31,65.12,"474,200"
28-Aug-20,70.56,70.72,70.29,70.7,65.49,"173,600"
31-Aug-20,70.7,70.97,70.47,70.61,65.4,"11,357,100"
01-Sep-20,70.81,71.26,70.68,71.26,66.0,"288,500"
02-Sep-20,71.73,72.47,71.39,72.31,66.98,"725,000"
03-Sep-20,71.8,71.93,69.1,69.65,64.51,"276,800"
04-Sep-20,69.79,70.06,67.35,68.93,63.85,"436,000"
08-Sep-20,67.68,68.06,67.0,67.11,62.16,"291,600"
09-Sep-20,68.02,68.98,67.8,68.5,63.45,"258,500"
10-Sep-20,68.92,69.06,67.12,67.36,62.39,"294,100"
11-Sep-20,67.74,67.88,66.69,67.29,62.33,"348,700"
14-Sep-20,68.03,68.57,67.92,68.28,63.24,"415,800"
15-Sep-20,68.8,69.02,68.48,68.71,63.64,"610,300"
16-Sep-20,68.99,69.21,68.33,68.39,63.35,"312,100"
17-Sep-20,67.33,68.14,67.24,67.83,62.83,"459,000"
18-Sep-20,68.08,68.08,66.51,67.1,62.15,"492,400"
21-Sep-20,66.2,66.51,65.45,66.5,61.59,"936,200"
22-Sep-20,66.88,67.34,66.32,67.24,62.28,"308,400"
23-Sep-20,67.32,67.36,65.6,65.67,60.83,"291,100"
24-Sep-20,65.16,66.28,64.88,65.65,61.01,"224,700"
25-Sep-20,65.51,66.89,65.36,66.71,61.99,"192,400"
28-Sep-20,67.61,67.92,67.4,67.81,63.01,"365,800"
29-Sep-20,67.78,67.97,67.42,67.5,62.73,"247,900"
30-Sep-20,67.67,68.66,67.64,68.05,63.24,"345,600"
01-Oct-20,68.57,68.79,68.17,68.58,63.73,"592,900"
02-Oct-20,67.34,68.24,67.34,67.91,63.11,"825,300"
05-Oct-20,68.34,69.07,68.34,69.07,64.18,"235,000"
06-Oct-20,69.13,69.51,68.02,68.11,63.29,"391,500"
07-Oct-20,68.74,69.41,68.68,69.28,64.38,"235,100"
08-Oct-20,69.64,69.85,69.48,69.8,64.86,"402,000"
09-Oct-20,70.15,70.54,70.11,70.39,65.41,"292,100"
12-Oct-20,71.0,71.87,70.9,71.56,66.5,"292,100"
13-Oct-20,71.53,71.57,71.06,71.22,66.18,"458,300"
14-Oct-20,71.34,71.59,70.65,70.79,65.78,"707,400"
15-Oct-20,69.95,70.84,69.89,70.77,65.76,"662,200"
16-Oct-20,71.04,71.36,70.7,70.72,65.72,"319,800"
19-Oct-20,70.95,71.12,69.47,69.67,64.74,"364,800"
20-Oct-20,69.94,70.55,69.74,69.85,64.91,"497,400"
21-Oct-20,69.79,70.29,69.61,69.71,64.78,"243,000"
22-Oct-20,69.79,70.08,69.23,69.98,65.03,"570,000"
23-Oct-20,70.17,70.19,69.66,70.19,65.23,"637,200"
26-Oct-20,69.49,69.7,68.22,68.96,64.08,"331,800"
27-Oct-20,69.08,69.14,68.74,68.78,63.91,"232,300"
28-Oct-20,67.6,67.68,66.38,66.5,61.8,"358,400"
29-Oct-20,66.56,67.72,66.2,67.08,62.34,"394,900"
30-Oct-20,66.66,67.0,65.63,66.35,61.66,"365,800"
02-Nov-20,67.08,67.5,66.42,67.07,62.33,"393,200"
03-Nov-20,67.77,68.72,67.72,68.4,63.56,"294,400"
04-Nov-20,69.51,70.84,69.29,70.02,65.07,"422,000"
05-Nov-20,71.18,71.74,71.07,71.39,66.34,"239,200"
06-Nov-20,71.34,71.69,70.96,71.49,66.43,"262,900"
09-Nov-20,73.9,74.03,71.18,71.18,66.15,"509,400"
10-Nov-20,71.03,71.34,70.35,71.03,66.01,"297,800"
11-Nov-20,71.58,72.0,71.47,71.82,66.74,"329,900"
12-Nov-20,71.71,71.9,70.9,71.24,66.2,"284,100"
13-Nov-20,71.67,72.29,71.55,72.17,67.07,"241,100"
16-Nov-20,72.57,72.85,72.35,72.84,67.69,"801,800"
17-Nov-20,72.52,72.77,72.14,72.51,67.38,"735,400"
18-Nov-20,72.53,72.62,71.72,71.72,66.65,"319,900"
19-Nov-20,71.6,72.18,71.39,72.12,67.02,"226,200"
20-Nov-20,72.1,72.19,71.7,71.7,66.63,"201,500"
23-Nov-20,72.04,72.34,71.64,72.09,66.99,"248,300"
24-Nov-20,72.52,73.03,72.22,72.88,67.72,"447,900"
25-Nov-20,72.9,72.99,72.64,72.92,67.76,"454,600"
27-Nov-20,73.16,73.37,73.09,73.29,68.11,"154,000"
30-Nov-20,73.18,73.29,72.48,73.22,68.04,"287,200"
01-Dec-20,73.83,74.13,73.65,73.88,68.65,"243,200"
02-Dec-20,73.6,73.83,73.43,73.82,68.6,"779,200"
03-Dec-20,73.79,74.15,73.67,73.91,68.68,"345,200"
04-Dec-20,74.04,74.44,74.03,74.41,69.15,"268,400"
07-Dec-20,74.32,74.5,74.17,74.46,69.19,"298,500"
08-Dec-20,74.22,74.81,74.15,74.72,69.43,"344,900"
09-Dec-20,74.8,74.87,73.72,73.9,68.67,"228,200"
10-Dec-20,73.64,74.14,73.43,73.97,68.74,"230,700"
11-Dec-20,73.68,73.97,73.3,73.87,68.64,"258,200"
14-Dec-20,74.39,74.72,73.76,73.76,68.54,"272,800"
15-Dec-20,74.31,74.72,74.14,74.72,69.43,"244,100"
16-Dec-20,74.75,75.07,74.59,74.9,69.6,"321,800"
17-Dec-20,75.24,75.46,75.18,75.46,70.12,"368,300"
18-Dec-20,75.61,75.61,74.85,75.32,69.99,"242,400"
21-Dec-20,74.54,75.18,73.89,75.1,69.79,"290,900"
22-Dec-20,75.17,75.28,74.81,75.1,69.79,"273,600"
23-Dec-20,75.33,75.45,74.99,74.99,69.69,"339,600"
24-Dec-20,74.91,75.07,74.76,75.06,69.99,"139,500"
28-Dec-20,75.61,75.64,75.29,75.48,70.38,"298,600"
29-Dec-20,75.8,75.89,75.1,75.21,70.13,"264,400"
30-Dec-20,75.45,75.58,75.25,75.28,70.19,"368,600"
31-Dec-20,75.29,75.78,75.09,75.69,70.57,"233,100"
04-Jan-21,75.9,75.9,73.88,74.7,69.65,"511,100"
05-Jan-21,74.47,75.21,74.43,75.1,70.02,"309,900"
06-Jan-21,74.57,76.05,74.55,75.36,70.27,"308,000"
07-Jan-21,75.91,76.73,75.88,76.54,71.37,"336,700"
08-Jan-21,76.95,77.11,76.29,77.07,71.86,"582,800"
11-Jan-21,76.39,77.06,76.39,76.64,71.46,"381,100"
12-Jan-21,76.71,76.89,76.21,76.72,71.53,"429,900"
13-Jan-21,76.69,76.99,76.51,76.79,71.6,"507,300"
14-Jan-21,76.91,77.06,76.42,76.45,71.28,"370,800"
15-Jan-21,76.31,76.43,75.66,76.12,70.97,"287,900"
19-Jan-21,76.62,76.78,76.32,76.69,71.51,"1,100,200"
20-Jan-21,77.16,77.9,77.05,77.75,72.49,"954,500"
21-Jan-21,77.9,78.06,77.65,77.89,72.62,"513,800"
22-Jan-21,77.54,77.89,77.45,77.69,72.44,"443,700"
25-Jan-21,77.79,78.16,76.97,77.99,72.72,"340,200"
26-Jan-21,78.11,78.16,77.73,77.85,72.59,"337,000"
27-Jan-21,77.09,77.17,75.56,75.99,70.85,"359,700"
28-Jan-21,76.3,77.33,76.26,76.51,71.34,"342,500"
29-Jan-21,76.2,76.33,74.71,75.1,70.02,"664,100"
01-Feb-21,75.84,76.54,75.35,76.35,71.19,"396,500"
02-Feb-21,77.03,77.68,77.0,77.39,72.16,"432,500"
03-Feb-21,77.59,77.64,77.05,77.28,72.06,"326,600"
04-Feb-21,77.52,78.14,77.46,78.14,72.86,"406,100"
05-Feb-21,78.5,78.63,78.25,78.56,73.25,"405,600"
08-Feb-21,78.85,79.11,78.69,79.11,73.76,"273,000"
09-Feb-21,78.97,79.3,78.97,79.18,73.83,"394,500"
10-Feb-21,79.58,79.59,78.7,79.17,73.82,"342,500"
11-Feb-21,79.45,79.48,78.9,79.35,73.99,"301,300"
12-Feb-21,79.23,79.8,79.2,79.77,74.38,"278,300"
16-Feb-21,80.07,80.07,79.35,79.51,74.14,"552,100"
17-Feb-21,79.03,79.47,78.78,79.46,74.09,"454,700"
18-Feb-21,78.84,79.37,78.55,79.19,73.84,"515,600"
19-Feb-21,79.42,79.54,78.94,79.0,73.66,"1,452,400"
22-Feb-21,78.41,78.56,77.99,77.99,72.72,"457,800"
23-Feb-21,77.37,78.2,76.42,77.89,72.62,"699,400"
24-Feb-21,77.69,78.64,77.26,78.56,73.25,"1,086,300"
25-Feb-21,78.23,78.65,76.28,76.51,71.34,"1,382,800"
26-Feb-21,76.98,77.3,75.85,76.32,71.16,"1,328,900"
01-Mar-21,77.34,78.4,77.34,78.16,72.88,"323,100"
02-Mar-21,78.3,78.3,77.39,77.45,72.21,"513,100"
03-Mar-21,77.31,77.34,76.06,76.08,70.94,"569,900"
04-Mar-21,75.91,76.49,74.03,74.93,69.86,"480,200"
05-Mar-21,75.67,76.51,74.0,76.29,71.13,"452,000"
08-Mar-21,76.49,77.08,75.81,75.83,70.7,"399,200"
09-Mar-21,76.73,77.63,76.73,77.13,71.92,"1,056,100"
10-Mar-21,77.69,77.87,77.3,77.5,72.26,"351,200"
11-Mar-21,78.12,78.85,78.04,78.5,73.19,"517,900"
12-Mar-21,78.04,78.52,77.85,78.46,73.16,"266,500"
15-Mar-21,78.6,79.2,78.25,79.14,73.79,"489,400"
16-Mar-21,79.35,79.54,78.82,79.08,73.73,"338,000"
17-Mar-21,78.73,79.45,78.36,79.22,73.86,"512,400"
18-Mar-21,78.66,79.0,77.84,77.97,72.7,"583,200"
19-Mar-21,78.05,78.47,77.56,78.12,72.84,"247,200"
22-Mar-21,78.17,79.13,78.17,78.88,73.55,"257,200"
23-Mar-21,78.79,79.1,78.14,78.27,72.98,"332,300"
24-Mar-21,78.56,78.66,77.6,77.6,72.35,"259,900"
25-Mar-21,76.98,77.85,76.63,77.72,72.68,"307,900"
26-Mar-21,77.9,79.03,77.79,78.98,73.86,"297,900"
29-Mar-21,78.7,79.09,78.35,78.89,73.77,"297,900"
30-Mar-21,78.57,78.76,78.28,78.62,73.52,"272,400"
31-Mar-21,78.85,79.49,78.85,79.12,73.99,"246,700"
01-Apr-21,79.57,80.03,79.55,80.03,74.84,"430,300"
05-Apr-21,80.57,81.21,80.57,81.15,75.89,"320,900"
06-Apr-21,81.05,81.45,81.0,81.12,75.86,"316,300"
07-Apr-21,81.12,81.28,80.96,81.13,75.87,"303,500"
08-Apr-21,81.5,81.67,81.37,81.67,76.37,"211,300"
09-Apr-21,81.58,82.27,81.58,82.26,76.92,"311,600"
12-Apr-21,82.12,82.32,81.94,82.3,76.96,"234,100"
13-Apr-21,82.27,82.66,82.26,82.59,77.23,"217,200"
14-Apr-21,82.59,82.77,82.1,82.17,76.84,"345,400"
15-Apr-21,82.74,83.26,82.7,83.2,77.8,"317,700"
16-Apr-21,83.44,83.56,83.17,83.48,78.07,"245,400"
19-Apr-21,83.3,83.35,82.66,82.93,77.55,"551,400"
20-Apr-21,82.71,82.97,82.18,82.45,77.1,"544,500"
21-Apr-21,82.36,83.23,82.36,83.19,77.79,"729,500"
22-Apr-21,83.2,83.47,82.37,82.6,77.24,"536,600"
23-Apr-21,82.77,83.73,82.77,83.47,78.06,"538,100"
26-Apr-21,83.66,83.74,83.4,83.61,78.19,"3,105,200"
27-Apr-21,83.69,83.7,83.36,83.52,78.1,"365,900"
28-Apr-21,83.6,83.72,83.32,83.37,77.96,"518,600"
29-Apr-21,83.97,83.97,83.15,83.77,78.34,"433,400"
30-Apr-21,83.32,83.55,83.05,83.18,77.78,"259,700"
03-May-21,83.63,83.63,83.23,83.28,77.88,"273,900"
04-May-21,82.9,82.9,81.9,82.73,77.36,"496,500"
05-May-21,83.05,83.09,82.46,82.56,77.2,"305,200"
06-May-21,82.57,83.11,82.12,83.07,77.68,"356,000"
07-May-21,83.3,83.98,83.3,83.77,78.34,"222,200"
10-May-21,83.81,83.87,82.97,83.01,77.63,"273,500"
11-May-21,81.92,82.49,81.5,82.38,77.04,"276,300"
12-May-21,81.71,81.85,80.34,80.46,75.24,"479,700"
13-May-21,80.85,81.8,80.85,81.47,76.19,"295,400"
14-May-21,82.02,82.87,82.02,82.65,77.29,"3,833,700"
17-May-21,82.45,82.65,82.01,82.41,77.06,"838,700"
18-May-21,82.5,82.64,81.82,81.88,76.57,"490,100"
19-May-21,80.79,81.72,80.62,81.69,76.39,"472,000"
20-May-21,81.87,82.94,81.87,82.69,77.33,"215,900"
21-May-21,83.04,83.28,82.56,82.61,77.25,"243,300"
24-May-21,83.09,83.65,83.09,83.38,77.97,"409,000"
25-May-21,83.65,83.68,83.17,83.25,77.85,"385,500"
26-May-21,83.42,83.58,83.3,83.46,78.05,"255,300"
27-May-21,83.71,83.81,83.53,83.54,78.12,"239,000"
28-May-21,83.86,83.97,83.64,83.64,78.21,"290,200"
01-Jun-21,84.15,84.15,83.4,83.53,78.11,"475,700"
02-Jun-21,83.63,83.78,83.41,83.63,78.21,"321,100"
03-Jun-21,83.09,83.51,82.79,83.28,77.88,"272,200"
04-Jun-21,83.74,84.14,83.73,84.05,78.6,"236,000"
07-Jun-21,84.05,84.14,83.91,84.09,78.64,"308,400"
08-Jun-21,84.3,84.34,83.78,84.18,78.72,"363,100"
09-Jun-21,84.41,84.56,84.04,84.07,78.62,"316,900"
10-Jun-21,84.28,84.63,84.05,84.49,79.01,"244,500"
11-Jun-21,84.66,84.8,84.44,84.8,79.3,"243,100"
14-Jun-21,84.77,84.93,84.52,84.93,79.42,"209,400"
15-Jun-21,85.0,85.0,84.54,84.67,79.18,"259,600"
16-Jun-21,84.73,84.77,83.76,84.23,78.77,"283,700"
17-Jun-21,84.14,84.61,83.86,84.43,78.95,"216,700"
18-Jun-21,83.92,83.94,83.44,83.48,78.07,"183,200"
21-Jun-21,83.77,84.54,83.61,84.48,79.0,"211,100"
22-Jun-21,84.54,85.22,84.45,85.03,79.51,"3,152,500"
23-Jun-21,85.14,85.23,84.95,84.98,79.47,"199,100"
24-Jun-21,85.17,85.34,85.16,85.19,79.87,"205,400"
25-Jun-21,85.4,85.6,85.36,85.49,80.16,"167,600"
28-Jun-21,85.75,86.0,85.6,85.97,80.61,"293,000"
29-Jun-21,86.03,86.19,85.97,86.07,80.7,"243,200"
30-Jun-21,86.0,86.13,85.96,86.03,80.66,"226,000"
01-Jul-21,86.09,86.42,86.07,86.42,81.03,"249,400"
02-Jul-21,86.63,87.1,86.61,87.01,81.58,"202,900"
06-Jul-21,87.06,87.11,86.4,86.92,81.5,"244,000"
07-Jul-21,87.19,87.37,86.72,87.32,81.87,"255,300"
08-Jul-21,86.04,86.75,85.9,86.54,81.14,"834,000"
09-Jul-21,86.81,87.47,86.81,87.4,81.95,"347,600"
12-Jul-21,87.49,87.69,87.39,87.68,82.21,"188,300"
13-Jul-21,87.48,87.81,87.25,87.33,81.88,"193,400"
14-Jul-21,87.68,87.75,87.16,87.39,81.94,"190,400"
15-Jul-21,87.14,87.29,86.69,87.05,81.62,"385,800"
16-Jul-21,87.42,87.42,86.53,86.56,81.16,"202,900"
19-Jul-21,85.63,85.79,85.02,85.6,80.26,"352,300"
20-Jul-21,85.79,87.05,85.66,86.75,81.34,"295,300"
21-Jul-21,87.02,87.42,86.96,87.42,81.96,"405,000"
22-Jul-21,87.41,87.72,87.31,87.66,82.19,"253,600"
23-Jul-21,88.11,88.78,87.92,88.68,83.15,"222,000"
26-Jul-21,88.64,88.81,88.54,88.77,83.23,"309,100"
27-Jul-21,88.57,88.57,87.7,88.3,82.79,"582,700"
28-Jul-21,88.42,88.65,88.14,88.39,82.87,"398,000"
29-Jul-21,88.53,89.01,88.53,88.74,83.2,"247,600"
30-Jul-21,88.14,88.63,88.05,88.29,82.78,"208,400"
02-Aug-21,88.76,88.91,88.18,88.26,82.75,"201,300"
03-Aug-21,88.41,88.97,87.99,88.93,83.38,"255,000"
04-Aug-21,88.68,88.88,88.51,88.6,83.07,"290,300"
05-Aug-21,88.85,89.08,88.82,89.04,83.48,"171,300"
06-Aug-21,89.08,89.24,88.9,89.06,83.5,"199,900"
09-Aug-21,89.12,89.23,88.91,89.08,83.52,"261,000"
10-Aug-21,89.19,89.36,89.06,89.13,83.57,"389,800"
11-Aug-21,89.43,89.43,89.13,89.4,83.82,"194,900"
12-Aug-21,89.38,89.63,89.16,89.62,84.03,"333,500"
13-Aug-21,89.72,89.78,89.53,89.78,84.18,"169,900"
16-Aug-21,89.54,90.06,89.23,90.06,84.44,"914,900"
17-Aug-21,89.49,89.55,88.79,89.37,83.79,"379,100"
18-Aug-21,89.18,89.58,88.46,88.46,82.94,"242,900"
19-Aug-21,87.86,88.96,87.73,88.65,83.12,"470,400"
20-Aug-21,88.83,89.48,88.71,89.36,83.78,"181,900"
23-Aug-21,89.76,90.31,89.76,90.05,84.43,"316,700"
24-Aug-21,90.26,90.38,90.05,90.2,84.57,"303,800"
25-Aug-21,90.33,90.58,90.25,90.43,84.79,"1,785,300"
26-Aug-21,90.42,90.42,89.91,89.91,84.3,"330,100"
27-Aug-21,90.14,90.78,90.1,90.66,85.0,"207,600"
30-Aug-21,90.87,91.27,90.82,91.07,85.39,"735,200"
31-Aug-21,91.15,91.15,90.85,90.91,85.24,"294,200"
01-Sep-21,91.11,91.25,90.92,90.97,85.29,"348,500"
02-Sep-21,91.23,91.41,91.03,91.27,85.57,"267,600"
03-Sep-21,91.11,91.43,91.03,91.34,85.64,"184,900"
07-Sep-21,91.32,91.32,90.73,90.83,85.16,"233,200"
08-Sep-21,90.73,90.8,90.32,90.68,85.02,"339,800"
09-Sep-21,90.63,90.97,90.29,90.32,84.68,"300,900"
10-Sep-21,90.67,90.7,89.64,89.69,84.09,"268,400"
13-Sep-21,90.23,90.26,89.29,89.7,84.1,"314,200"
14-Sep-21,89.98,90.02,89.09,89.28,83.71,"247,200"
15-Sep-21,89.34,90.09,89.1,89.99,84.37,"246,600"
16-Sep-21,89.93,90.16,89.34,89.98,84.36,"199,000"
17-Sep-21,89.83,89.87,89.06,89.14,83.58,"201,500"
20-Sep-21,87.81,88.18,86.63,87.62,82.15,"576,000"
21-Sep-21,88.09,88.38,87.47,87.64,82.17,"265,200"
22-Sep-21,88.02,88.71,87.83,88.29,82.78,"210,800"
23-Sep-21,88.68,89.7,88.68,89.34,83.76,"200,600"
24-Sep-21,88.72,89.28,88.72,89.1,83.77,"211,500"
27-Sep-21,88.84,89.04,88.62,88.82,83.51,"282,700"
28-Sep-21,88.17,88.23,86.84,86.97,81.77,"295,200"
29-Sep-21,87.27,87.6,87.02,87.07,81.86,"234,100"
30-Sep-21,87.36,87.53,85.98,86.03,80.89,"394,400"
01-Oct-21,86.34,87.23,85.5,86.87,81.68,"406,700"
04-Oct-21,86.55,86.63,85.18,85.66,80.54,"283,200"
05-Oct-21,85.98,86.97,85.79,86.52,81.35,"492,300"
06-Oct-21,85.8,86.89,85.5,86.87,81.68,"1,520,500"
07-Oct-21,87.51,88.26,87.51,87.68,82.44,"412,700"
08-Oct-21,87.88,87.89,87.31,87.35,82.13,"267,300"
11-Oct-21,87.31,87.87,86.86,86.87,81.68,"196,400"
12-Oct-21,87.14,87.21,86.56,86.76,81.57,"233,000"
13-Oct-21,87.01,87.24,86.44,87.14,81.93,"251,300"
14-Oct-21,87.86,88.65,87.83,88.59,83.29,"235,400"
15-Oct-21,89.08,89.28,88.96,89.18,83.85,"230,800"
18-Oct-21,88.78,89.6,88.72,89.55,84.2,"242,600"
19-Oct-21,89.94,90.23,89.81,90.22,84.83,"375,100"
20-Oct-21,90.3,90.73,90.25,90.62,85.2,"852,400"
21-Oct-21,90.61,91.07,90.49,91.06,85.62,"792,700"
22-Oct-21,90.93,91.2,90.5,90.92,85.48,"239,300"
25-Oct-21,91.04,91.36,90.68,91.22,85.77,"382,000"
26-Oct-21,91.48,91.68,91.12,91.2,85.75,"291,400"
27-Oct-21,91.27,91.36,90.64,90.66,85.24,"399,100"
28-Oct-21,90.96,91.59,90.91,91.59,86.11,"285,800"
29-Oct-21,91.05,91.88,91.05,91.84,86.35,"446,100"
01-Nov-21,92.05,92.07,91.59,91.92,86.42,"209,900"
02-Nov-21,91.97,92.35,91.97,92.34,86.82,"319,000"
03-Nov-21,92.26,92.96,92.13,92.95,87.39,"249,700"
04-Nov-21,93.02,93.48,92.99,93.4,87.82,"275,000"
05-Nov-21,93.74,94.05,93.24,93.58,87.99,"260,800"
08-Nov-21,93.87,93.98,93.54,93.77,88.16,"373,500"
09-Nov-21,93.83,93.9,93.33,93.72,88.12,"274,100"
10-Nov-21,93.34,93.66,92.56,92.85,87.3,"391,100"
11-Nov-21,93.21,93.21,92.97,93.07,87.51,"221,500"
12-Nov-21,93.36,93.9,93.13,93.81,88.2,"194,900"
15-Nov-21,94.08,94.09,93.65,93.84,88.23,"1,111,800"
16-Nov-21,93.74,94.54,93.62,94.29,88.65,"263,400"
17-Nov-21,94.27,94.27,93.85,93.97,88.35,"363,900"
18-Nov-21,94.21,94.25,93.54,94.21,88.58,"196,000"
19-Nov-21,94.26,94.53,94.02,94.04,88.42,"241,600"
22-Nov-21,94.39,94.85,93.68,93.71,88.11,"334,000"
23-Nov-21,93.48,93.88,92.91,93.78,88.17,"479,900"
24-Nov-21,93.33,94.05,93.17,94.05,88.43,"226,300"
26-Nov-21,92.75,93.0,91.88,92.17,86.66,"317,500"
29-Nov-21,93.04,93.57,92.61,93.17,87.6,"371,600"
30-Nov-21,92.59,92.96,91.14,91.3,85.84,"407,600"
01-Dec-21,92.28,92.94,90.09,90.15,84.76,"265,000"
02-Dec-21,90.16,91.87,90.1,91.5,86.03,"331,700"
03-Dec-21,91.89,92.08,89.9,90.77,85.34,"358,300"
06-Dec-21,91.23,92.05,90.72,91.68,86.2,"216,300"
07-Dec-21,92.83,93.76,92.79,93.61,88.01,"328,100"
08-Dec-21,93.75,93.96,93.36,93.92,88.31,"194,900"
09-Dec-21,93.62,93.85,93.16,93.16,87.59,"202,500"
10-Dec-21,93.73,94.12,93.31,94.1,88.47,"288,500"
13-Dec-21,94.01,94.01,93.27,93.33,87.75,"276,200"
14-Dec-21,92.55,92.99,92.04,92.6,87.06,"444,300"
15-Dec-21,92.63,94.17,92.2,94.13,88.5,"241,500"
16-Dec-21,94.55,94.55,92.91,93.29,87.71,"342,700"
17-Dec-21,92.66,93.38,92.02,92.45,86.92,"322,800"
20-Dec-21,91.34,91.44,90.62,91.44,85.97,"321,900"
21-Dec-21,92.11,93.0,91.65,93.0,87.44,"310,300"
22-Dec-21,92.88,93.88,92.88,93.88,88.27,"340,200"
23-Dec-21,94.04,94.72,94.04,94.46,88.81,"212,800"
27-Dec-21,94.41,95.5,94.41,95.5,90.09,"283,600"
28-Dec-21,95.61,95.76,95.23,95.4,90.0,"276,500"
29-Dec-21,95.42,95.8,95.29,95.62,90.2,"255,000"
30-Dec-21,95.69,95.9,95.27,95.36,89.96,"687,200"
31-Dec-21,95.3,95.5,95.09,95.14,89.75,"244,000"
03-Jan-22,95.25,95.53,94.72,95.4,90.0,"510,000"
04-Jan-22,95.68,95.78,94.92,95.29,89.89,"366,600"
05-Jan-22,95.14,95.35,93.4,93.43,88.14,"497,200"
06-Jan-22,93.22,93.97,92.85,93.33,88.04,"391,200"
07-Jan-22,93.36,93.54,92.64,92.88,87.62,"352,900"
10-Jan-22,92.2,92.73,90.91,92.65,87.4,"476,200"
11-Jan-22,92.58,93.52,92.0,93.45,88.16,"504,900"
12-Jan-22,93.87,94.16,93.3,93.74,88.43,"388,600"
13-Jan-22,94.04,94.07,92.33,92.44,87.2,"282,200"
14-Jan-22,91.76,92.47,91.46,92.39,87.16,"316,900"
18-Jan-22,91.39,91.39,90.49,90.65,85.51,"491,000"
19-Jan-22,91.05,91.37,89.75,89.82,84.73,"1,058,900"
20-Jan-22,90.26,91.13,88.57,88.64,83.62,"558,100"
21-Jan-22,88.37,89.03,87.07,87.12,82.18,"765,200"
24-Jan-22,85.8,87.76,83.84,87.67,82.7,"1,015,000"
25-Jan-22,86.41,87.4,85.05,86.35,81.46,"2,957,900"
26-Jan-22,87.66,88.15,85.15,86.05,81.18,"550,900"
27-Jan-22,86.95,87.61,85.25,85.63,80.78,"456,400"
28-Jan-22,85.72,87.68,84.9,87.68,82.71,"515,600"
31-Jan-22,87.56,89.34,87.4,89.18,84.13,"341,800"
01-Feb-22,89.52,89.97,88.67,89.92,84.83,"451,400"
02-Feb-22,90.45,90.94,89.93,90.8,85.66,"436,100"
03-Feb-22,89.49,89.93,88.5,88.64,83.62,"344,500"
04-Feb-22,88.62,89.69,87.98,88.87,83.84,"276,100"
07-Feb-22,89.14,89.36,88.43,88.6,83.58,"407,300"
08-Feb-22,88.5,89.58,88.3,89.42,84.35,"363,100"
09-Feb-22,90.18,90.86,90.18,90.85,85.7,"569,000"
10-Feb-22,89.57,90.75,88.69,89.15,84.1,"412,000"
11-Feb-22,89.2,89.51,87.1,87.43,82.48,"551,800"
14-Feb-22,87.35,87.51,86.29,87.02,82.09,"377,500"
15-Feb-22,87.93,88.36,87.78,88.3,83.3,"298,400"
16-Feb-22,87.92,88.58,87.4,88.28,83.28,"372,300"
17-Feb-22,87.74,87.78,86.36,86.53,81.63,"732,100"
18-Feb-22,86.54,86.84,85.57,85.97,81.1,"358,000"
22-Feb-22,85.49,86.19,84.34,85.07,80.25,"554,000"
23-Feb-22,85.69,85.78,83.4,83.54,78.81,"589,600"
24-Feb-22,81.4,84.94,81.26,84.79,79.99,"822,100"
25-Feb-22,85.04,86.79,84.77,86.79,81.87,"493,800"
28-Feb-22,85.72,86.77,85.31,86.46,81.56,"447,000"
01-Mar-22,86.25,86.57,84.74,85.22,80.39,"364,600"
02-Mar-22,85.64,87.2,85.6,86.84,81.92,"412,000"
03-Mar-22,87.38,87.46,86.11,86.54,81.64,"386,800"
04-Mar-22,85.91,86.06,84.97,85.91,81.04,"1,420,100"
07-Mar-22,85.69,85.69,83.25,83.32,78.6,"395,500"
08-Mar-22,83.24,84.73,82.36,82.56,77.88,"483,700"
09-Mar-22,84.32,85.18,83.9,84.7,79.9,"406,800"
10-Mar-22,83.79,84.47,83.29,84.26,79.49,"333,700"
11-Mar-22,84.87,84.99,83.08,83.19,78.48,"370,100"
14-Mar-22,83.32,83.97,82.28,82.57,77.89,"287,500"
15-Mar-22,82.96,84.47,82.88,84.31,79.53,"1,787,300"
16-Mar-22,85.09,86.21,84.09,86.16,81.28,"855,800"
17-Mar-22,85.85,87.26,85.8,87.22,82.28,"438,900"
18-Mar-22,86.99,88.35,86.9,88.23,83.23,"511,000"
21-Mar-22,88.22,88.63,87.46,88.08,83.09,"358,600"
22-Mar-22,88.37,89.27,88.37,89.04,84.0,"1,532,600"
23-Mar-22,88.63,88.76,87.89,87.92,82.94,"304,700"
24-Mar-22,88.24,89.11,88.05,89.09,84.04,"350,600"
25-Mar-22,89.03,89.24,88.37,89.23,84.45,"325,400"
28-Mar-22,89.06,89.81,88.7,89.77,84.96,"287,400"
29-Mar-22,90.54,91.16,90.2,91.01,86.13,"455,900"
30-Mar-22,90.74,90.97,89.98,90.36,85.52,"432,000"
31-Mar-22,90.3,90.37,88.96,89.04,84.27,"428,900"
01-Apr-22,89.32,89.32,88.46,89.24,84.46,"340,000"
04-Apr-22,89.3,89.91,89.1,89.85,85.04,"303,700"
05-Apr-22,89.54,90.09,88.56,88.76,84.0,"280,300"
06-Apr-22,87.89,88.46,87.43,88.03,83.31,"687,700"
07-Apr-22,87.88,88.97,87.6,88.55,83.81,"362,400"
08-Apr-22,88.42,89.01,88.11,88.39,83.65,"213,200"
11-Apr-22,87.81,87.94,86.89,87.04,82.38,"417,700"
12-Apr-22,87.65,88.14,86.32,86.61,81.97,"521,300"
13-Apr-22,86.6,87.75,86.6,87.58,82.89,"486,800"
14-Apr-22,87.58,87.9,86.51,86.53,81.89,"359,700"
18-Apr-22,86.31,86.84,86.04,86.45,81.82,"477,100"
19-Apr-22,86.43,88.16,86.43,87.99,83.28,"404,500"
20-Apr-22,88.45,88.69,87.98,88.15,83.43,"367,200"
21-Apr-22,88.76,89.15,86.73,86.89,82.23,"484,300"
22-Apr-22,86.74,86.74,84.4,84.51,79.98,"641,900"
25-Apr-22,84.04,85.09,83.18,85.08,80.52,"772,500"
26-Apr-22,84.52,84.64,82.81,82.84,78.4,"318,900"
27-Apr-22,82.98,84.02,82.52,82.94,78.5,"476,100"
28-Apr-22,83.86,85.22,82.94,84.82,80.28,"324,200"
29-Apr-22,84.0,84.47,81.62,81.74,77.36,"291,300"
02-May-22,81.69,82.54,80.4,82.25,77.84,"645,600"
03-May-22,82.2,83.11,82.06,82.6,78.17,"438,900"
04-May-22,82.69,85.12,82.0,85.01,80.46,"300,700"
05-May-22,84.15,84.15,81.13,81.93,77.54,"305,300"
06-May-22,81.45,82.11,80.39,81.39,77.03,"371,200"
09-May-22,80.16,80.46,78.63,78.97,74.74,"6,137,000"
10-May-22,80.21,80.4,78.26,79.16,74.92,"2,480,100"
11-May-22,78.95,80.08,77.72,77.82,73.65,"662,000"
12-May-22,77.15,78.58,76.56,77.91,73.74,"490,800"
13-May-22,78.75,80.08,78.75,79.8,75.52,"344,300"
16-May-22,79.54,80.26,79.03,79.52,75.26,"422,600"
17-May-22,80.64,81.02,79.93,80.96,76.62,"333,400"
18-May-22,79.97,80.07,77.25,77.48,73.33,"329,600"
19-May-22,76.92,77.99,76.58,77.09,72.96,"591,900"
20-May-22,77.67,77.91,75.33,77.1,72.97,"359,100"
23-May-22,77.75,78.64,77.3,78.47,74.27,"309,200"
24-May-22,77.69,78.14,76.59,77.9,73.73,"401,100"
25-May-22,77.64,79.08,77.64,78.69,74.47,"265,700"
26-May-22,78.92,80.7,78.92,80.36,76.05,"269,200"
27-May-22,80.8,82.39,80.8,82.36,77.95,"437,900"
31-May-22,82.0,82.46,81.26,81.76,77.38,"394,000"
01-Jun-22,82.26,82.38,80.56,81.03,76.69,"352,900"
02-Jun-22,80.94,82.6,80.58,82.54,78.12,"379,800"
03-Jun-22,81.59,81.9,81.11,81.25,76.9,"229,900"
06-Jun-22,82.06,82.39,81.3,81.51,77.14,"224,400"
07-Jun-22,80.84,82.39,80.73,82.27,77.86,"268,800"
08-Jun-22,81.89,82.25,81.23,81.32,76.96,"228,600"
09-Jun-22,81.03,81.44,79.53,79.55,75.29,"252,900"
10-Jun-22,78.24,78.26,77.28,77.32,73.18,"711,500"
13-Jun-22,75.31,75.75,74.07,74.4,70.41,"701,300"
14-Jun-22,74.74,74.96,73.53,74.12,70.15,"1,035,800"
15-Jun-22,74.8,76.05,73.86,75.13,71.1,"478,200"
16-Jun-22,73.48,73.57,72.19,72.75,68.85,"1,793,300"
17-Jun-22,72.74,73.53,72.2,72.88,68.98,"524,900"
21-Jun-22,73.91,74.87,73.91,74.59,70.59,"496,500"
22-Jun-22,73.76,75.32,73.71,74.54,70.55,"270,900"
23-Jun-22,74.91,75.5,74.38,75.38,71.34,"373,200"
24-Jun-22,75.7,77.35,75.7,77.35,73.5,"349,900"
27-Jun-22,77.56,77.68,76.97,77.17,73.33,"308,400"
28-Jun-22,77.56,78.0,75.56,75.59,71.83,"322,900"
29-Jun-22,75.62,75.91,75.19,75.53,71.77,"285,600"
30-Jun-22,74.75,75.62,74.08,74.94,71.21,"627,500"
01-Jul-22,74.75,75.78,74.26,75.73,71.96,"351,400"
05-Jul-22,74.68,75.93,74.16,75.93,72.15,"276,500"
06-Jul-22,75.86,76.71,75.52,76.17,72.38,"278,500"
07-Jul-22,76.55,77.49,76.55,77.31,73.46,"246,300"
08-Jul-22,76.98,77.65,76.69,77.29,73.44,"310,800"
11-Jul-22,76.79,76.94,76.3,76.42,72.61,"275,600"
12-Jul-22,76.34,76.87,75.39,75.75,71.98,"389,300"
13-Jul-22,74.68,75.93,74.61,75.36,71.61,"358,900"
14-Jul-22,74.43,75.33,73.85,75.17,71.43,"361,400"
15-Jul-22,76.0,76.63,75.73,76.57,72.76,"369,600"
18-Jul-22,77.17,77.31,75.71,75.97,72.19,"326,300"
19-Jul-22,76.73,78.01,76.64,77.89,74.01,"404,900"
20-Jul-22,77.86,78.68,77.74,78.45,74.54,"727,300"
21-Jul-22,78.27,79.19,77.79,79.19,75.25,"467,300"
22-Jul-22,79.13,79.45,77.99,78.43,74.52,"273,400"
25-Jul-22,78.6,78.67,78.06,78.52,74.61,"293,400"
26-Jul-22,78.13,78.13,77.42,77.63,73.76,"285,100"
27-Jul-22,78.29,79.87,78.13,79.55,75.59,"370,400"
28-Jul-22,79.61,80.65,78.92,80.51,76.5,"274,900"
29-Jul-22,80.68,81.78,80.61,81.61,77.55,"536,700"
01-Aug-22,81.09,81.94,80.93,81.47,77.41,"240,700"
02-Aug-22,81.11,81.86,80.71,80.91,76.88,"320,200"
03-Aug-22,81.32,82.36,81.31,82.13,78.04,"309,900"
04-Aug-22,82.04,82.18,81.73,82.03,77.95,"279,300"
05-Aug-22,81.13,82.03,81.13,81.95,77.87,"194,300"
08-Aug-22,82.23,82.8,81.78,81.94,77.86,"258,500"
09-Aug-22,81.73,81.83,81.37,81.56,77.5,"416,500"
10-Aug-22,82.89,83.29,82.72,83.29,79.14,"277,100"
11-Aug-22,83.73,84.25,83.13,83.23,79.09,"1,301,900"
12-Aug-22,83.67,84.67,83.52,84.64,80.43,"1,939,100"
15-Aug-22,84.18,85.08,84.18,85.01,80.78,"573,000"
16-Aug-22,84.76,85.63,84.68,85.2,80.96,"211,800"
17-Aug-22,84.52,85.16,84.25,84.61,80.4,"338,100"
18-Aug-22,84.63,84.97,84.4,84.8,80.58,"211,000"
19-Aug-22,84.29,84.3,83.56,83.72,79.55,"321,900"
22-Aug-22,82.8,82.8,81.84,82.01,77.93,"488,900"
23-Aug-22,82.03,82.43,81.73,81.81,77.74,"197,500"
24-Aug-22,81.77,82.29,81.65,81.99,77.91,"183,800"
25-Aug-22,82.24,83.13,82.11,83.12,78.98,"193,000"
26-Aug-22,83.14,83.17,80.3,80.3,76.3,"672,200"
29-Aug-22,79.78,80.45,79.55,79.84,75.86,"287,800"
30-Aug-22,80.09,80.09,78.59,78.98,75.05,"555,000"
31-Aug-22,79.31,79.49,78.32,78.33,74.43,"715,200"
01-Sep-22,77.89,78.63,77.39,78.63,74.71,"594,700"
02-Sep-22,79.32,79.64,77.47,77.8,73.93,"283,700"
06-Sep-22,78.0,78.19,77.08,77.5,73.64,"288,200"
07-Sep-22,77.44,79.1,77.44,78.98,75.05,"571,400"
08-Sep-22,78.46,79.56,78.29,79.44,75.48,"236,600"
09-Sep-22,79.99,80.87,79.94,80.7,76.68,"257,500"
12-Sep-22,81.09,81.64,81.05,81.43,77.38,"326,100"
13-Sep-22,79.64,79.84,77.72,77.96,74.08,"338,000"
14-Sep-22,78.17,78.45,77.39,78.09,74.2,"244,000"
15-Sep-22,77.74,78.3,76.93,77.18,73.34,"496,600"
16-Sep-22,76.36,76.74,75.98,76.68,72.86,"462,000"
19-Sep-22,76.0,77.21,76.0,77.21,73.37,"361,400"
20-Sep-22,76.5,76.62,75.72,76.24,72.44,"296,500"
21-Sep-22,76.65,77.27,75.05,75.08,71.34,"319,000"
22-Sep-22,74.91,75.02,74.23,74.36,70.66,"451,000"
23-Sep-22,73.61,73.62,72.31,73.23,69.58,"465,600"
26-Sep-22,72.63,73.37,71.98,72.2,68.87,"555,500"
27-Sep-22,72.92,73.36,71.6,72.0,68.68,"989,000"
28-Sep-22,72.26,73.85,71.99,73.51,70.12,"869,200"
29-Sep-22,72.71,72.82,71.45,72.01,68.69,"465,200"
30-Sep-22,71.94,72.65,70.99,71.02,67.75,"383,600"
03-Oct-22,71.7,73.3,71.63,72.95,69.59,"547,900"
04-Oct-22,74.09,75.13,74.07,75.13,71.67,"426,800"
05-Oct-22,74.23,75.5,73.87,75.0,71.54,"613,500"
06-Oct-22,74.78,75.31,74.18,74.3,70.88,"311,700"
07-Oct-22,73.43,73.43,71.81,72.23,68.9,"345,800"
10-Oct-22,72.33,72.43,71.21,71.74,68.43,"284,900"
11-Oct-22,71.41,72.38,70.94,71.4,68.11,"345,300"
12-Oct-22,71.42,71.72,71.12,71.15,67.87,"510,200"
13-Oct-22,69.71,73.21,69.51,72.86,69.5,"439,500"
14-Oct-22,73.35,73.65,71.06,71.22,67.94,"2,324,500"
17-Oct-22,72.48,73.15,72.48,72.95,69.59,"752,400"
18-Oct-22,74.42,74.6,73.1,73.8,70.4,"589,600"
19-Oct-22,73.32,73.82,72.59,73.21,69.84,"359,800"
20-Oct-22,73.08,73.97,72.42,72.63,69.28,"488,700"
21-Oct-22,72.54,74.4,72.4,74.29,70.87,"846,200"
24-Oct-22,74.61,75.53,74.18,75.26,71.79,"422,700"
25-Oct-22,75.25,76.59,75.25,76.55,73.02,"324,600"
26-Oct-22,75.83,77.07,75.83,76.0,72.5,"609,800"
27-Oct-22,76.18,76.63,75.57,75.67,72.18,"437,900"
28-Oct-22,75.57,77.57,75.57,77.46,73.89,"363,900"
31-Oct-22,76.95,77.41,76.79,76.95,73.4,"364,700"
01-Nov-22,77.68,77.73,76.5,76.78,73.24,"376,600"
02-Nov-22,76.65,77.38,74.84,74.86,71.41,"283,400"
03-Nov-22,74.04,74.66,73.58,74.01,70.6,"382,600"
04-Nov-22,75.1,75.45,73.73,74.95,71.5,"674,900"
07-Nov-22,75.26,75.88,74.89,75.77,72.28,"495,800"
08-Nov-22,75.98,76.82,75.36,76.17,72.66,"411,800"
09-Nov-22,75.77,76.08,74.66,74.73,71.29,"285,500"
10-Nov-22,77.38,78.75,77.03,78.65,75.03,"608,200"
11-Nov-22,78.77,79.46,78.5,79.24,75.59,"558,900"
14-Nov-22,78.93,79.67,78.57,78.6,74.98,"9,766,200"
15-Nov-22,79.81,80.0,78.6,79.28,75.63,"482,300"
16-Nov-22,78.89,79.1,78.61,78.69,75.06,"386,900"
17-Nov-22,77.69,78.57,77.64,78.46,74.84,"325,700"
18-Nov-22,79.09,79.09,78.31,78.9,75.26,"304,000"
21-Nov-22,78.64,78.84,78.3,78.67,75.04,"260,000"
22-Nov-22,79.0,79.74,78.88,79.69,76.02,"327,400"
23-Nov-22,79.58,80.25,79.58,80.1,76.41,"447,900"
25-Nov-22,79.96,80.26,79.96,80.14,76.45,"100,200"
28-Nov-22,79.5,79.85,78.81,78.97,75.33,"450,100"
29-Nov-22,78.98,79.21,78.45,78.82,75.19,"270,000"
30-Nov-22,78.88,81.14,78.46,81.12,77.38,"283,800"
01-Dec-22,81.41,81.55,80.64,81.11,77.37,"224,000"
02-Dec-22,80.11,81.19,80.11,80.99,77.26,"259,200"
05-Dec-22,80.46,80.56,79.31,79.57,75.9,"332,600"
06-Dec-22,79.52,79.64,78.07,78.53,74.91,"571,400"
07-Dec-22,78.53,78.91,78.25,78.45,74.83,"567,100"
08-Dec-22,78.77,79.24,78.54,79.01,75.37,"605,200"
09-Dec-22,78.75,79.19,78.33,78.34,74.73,"480,100"
12-Dec-22,78.46,79.46,78.4,79.46,75.8,"544,300"
13-Dec-22,81.5,81.52,79.49,79.95,76.27,"437,800"
14-Dec-22,79.85,80.6,78.95,79.47,75.81,"294,200"
15-Dec-22,78.45,78.66,77.28,77.57,74.0,"546,500"
16-Dec-22,76.98,77.23,76.25,76.71,73.17,"387,600"
19-Dec-22,76.74,76.8,75.72,76.05,72.55,"378,700"
20-Dec-22,75.82,76.49,75.66,76.16,72.65,"460,100"
21-Dec-22,76.67,77.46,76.62,77.24,73.68,"281,400"
22-Dec-22,76.62,76.62,75.1,76.21,72.7,"385,100"
23-Dec-22,76.09,76.69,75.77,76.65,73.12,"522,900"
27-Dec-22,76.26,76.41,75.79,76.08,72.91,"360,500"
28-Dec-22,76.05,76.43,75.09,75.12,71.99,"594,200"
29-Dec-22,75.63,76.58,75.61,76.37,73.19,"632,700"
30-Dec-22,75.87,76.16,75.4,76.13,72.96,"423,400"
03-Jan-23,76.61,76.81,75.26,75.78,72.62,"405,600"
04-Jan-23,76.18,76.75,75.69,76.34,73.16,"309,800"
05-Jan-23,75.87,75.94,75.38,75.47,72.32,"304,700"
06-Jan-23,76.05,77.4,75.61,77.15,73.93,"222,900"
09-Jan-23,77.55,78.24,77.08,77.09,73.88,"356,100"
10-Jan-23,76.97,77.65,76.82,77.62,74.38,"247,500"
11-Jan-23,77.9,78.65,77.87,78.62,75.34,"476,500"
12-Jan-23,78.87,79.1,77.97,78.81,75.52,"358,400"
13-Jan-23,78.14,79.22,78.14,79.09,75.79,"295,400"
17-Jan-23,79.06,79.52,78.92,78.98,75.69,"290,400"
18-Jan-23,79.28,79.49,77.77,77.79,74.55,"338,600"
19-Jan-23,77.37,77.68,77.01,77.22,74.0,"281,300"
20-Jan-23,77.53,78.65,77.19,78.59,75.31,"285,400"
23-Jan-23,78.79,79.9,78.68,79.51,76.19,"305,200"
24-Jan-23,79.22,79.63,78.97,79.45,76.14,"630,400"
25-Jan-23,78.71,79.58,78.22,79.52,76.2,"222,000"
26-Jan-23,80.02,80.4,79.5,80.36,77.01,"276,700"
27-Jan-23,80.2,80.94,80.14,80.48,77.12,"223,800"
30-Jan-23,79.92,80.42,79.49,79.51,76.19,"371,200"
31-Jan-23,79.61,80.68,79.61,80.67,77.31,"273,100"
01-Feb-23,80.43,82.06,79.93,81.48,78.08,"654,100"
02-Feb-23,82.32,82.91,81.99,82.67,79.22,"570,500"
03-Feb-23,81.71,82.65,81.58,81.81,78.4,"292,200"
06-Feb-23,81.32,81.57,81.02,81.29,77.9,"298,700"
07-Feb-23,81.11,82.49,80.79,82.26,78.83,"256,000"
08-Feb-23,81.94,82.13,81.29,81.38,77.99,"421,700"
09-Feb-23,82.07,82.11,80.61,80.78,77.41,"216,400"
10-Feb-23,80.56,81.13,80.51,81.06,77.68,"198,000"
13-Feb-23,81.18,82.01,81.18,82.0,78.58,"276,500"
14-Feb-23,81.75,82.47,81.21,81.95,78.53,"558,700"
15-Feb-23,81.47,82.25,81.38,82.23,78.8,"451,800"
16-Feb-23,81.28,82.09,81.21,81.23,77.84,"363,400"
17-Feb-23,80.87,81.14,80.5,81.05,77.67,"300,100"
21-Feb-23,80.22,80.42,79.46,79.49,76.18,"319,300"
22-Feb-23,79.6,79.94,79.19,79.44,76.13,"349,100"
23-Feb-23,79.96,80.13,78.98,79.86,76.53,"231,700"
24-Feb-23,78.84,79.16,78.51,78.96,75.67,"259,500"
27-Feb-23,79.57,79.89,79.01,79.16,75.86,"261,600"
28-Feb-23,79.05,79.5,78.83,78.83,75.54,"256,900"
01-Mar-23,78.75,78.94,78.34,78.6,75.32,"228,900"
02-Mar-23,78.21,79.43,78.21,79.22,75.92,"238,800"
03-Mar-23,79.56,80.47,79.51,80.4,77.05,"228,100"
06-Mar-23,80.54,80.99,80.35,80.42,77.07,"254,900"
07-Mar-23,80.42,80.51,79.18,79.28,75.97,"273,000"
08-Mar-23,79.38,79.54,78.94,79.42,76.11,"275,500"
09-Mar-23,79.47,79.86,77.83,77.98,74.73,"211,000"
10-Mar-23,77.94,78.27,76.6,76.83,73.63,"304,500"
13-Mar-23,76.13,77.6,75.92,76.69,73.49,"390,600"
14-Mar-23,77.68,78.23,77.06,77.88,74.63,"317,700"
15-Mar-23,76.81,77.36,76.31,77.35,74.12,"348,200"
16-Mar-23,76.93,78.72,76.87,78.62,75.34,"336,200"
17-Mar-23,78.52,78.57,77.45,77.74,74.5,"218,400"
20-Mar-23,77.94,78.6,77.94,78.5,75.23,"232,000"
21-Mar-23,79.18,79.6,78.9,79.47,76.16,"235,300"
22-Mar-23,79.46,80.04,78.12,78.12,74.86,"303,100"
23-Mar-23,78.71,79.45,77.74,78.22,74.96,"203,200"
24-Mar-23,77.92,78.8,77.53,78.74,75.46,"282,700"
27-Mar-23,78.85,79.13,78.54,78.66,75.65,"222,800"
28-Mar-23,78.58,78.74,78.23,78.57,75.56,"1,076,400"
29-Mar-23,79.26,79.68,79.15,79.62,76.57,"395,500"
30-Mar-23,80.14,80.23,79.73,80.07,77.01,"234,400"
31-Mar-23,80.3,81.25,80.3,81.22,78.11,"414,600"
03-Apr-23,81.13,81.61,81.06,81.57,78.45,"274,500"
04-Apr-23,81.64,81.69,80.77,80.99,77.89,"291,400"
05-Apr-23,80.85,81.01,80.48,80.83,77.74,"196,800"
06-Apr-23,80.64,81.17,80.5,81.1,78.0,"218,800"
10-Apr-23,80.65,81.26,80.57,81.26,78.15,"242,900"
11-Apr-23,81.37,81.64,81.21,81.34,78.23,"214,400"
12-Apr-23,81.75,81.8,80.9,81.0,77.9,"287,200"
13-Apr-23,81.23,82.07,81.09,81.98,78.84,"250,400"
14-Apr-23,81.83,82.32,81.33,81.77,78.64,"190,200"
17-Apr-23,81.77,82.05,81.51,82.05,78.91,"218,300"
18-Apr-23,82.38,82.42,81.86,82.13,78.99,"461,100"
19-Apr-23,81.72,82.19,81.72,82.04,78.9,"250,000"
20-Apr-23,81.45,82.04,81.38,81.66,78.54,"252,200"
21-Apr-23,81.76,81.81,81.36,81.7,78.57,"385,100"
24-Apr-23,81.65,81.89,81.43,81.8,78.67,"172,900"
25-Apr-23,81.47,81.54,80.53,80.53,77.45,"212,100"
26-Apr-23,80.73,80.81,80.06,80.19,77.12,"274,600"
27-Apr-23,80.66,81.75,80.64,81.69,78.57,"283,300"
28-Apr-23,81.54,82.35,81.54,82.35,79.2,"206,500"
01-May-23,82.26,82.73,82.26,82.35,79.2,"425,700"
02-May-23,82.18,82.21,80.8,81.4,78.29,"281,200"
03-May-23,81.45,81.97,80.83,80.86,77.77,"215,700"
04-May-23,80.63,80.72,80.04,80.24,77.17,"203,300"
05-May-23,80.96,81.88,80.93,81.65,78.53,"139,700"
08-May-23,81.69,81.8,81.43,81.67,78.55,"189,800"
09-May-23,81.34,81.63,81.34,81.4,78.29,"217,000"
10-May-23,81.93,82.11,81.04,81.74,78.61,"195,200"
11-May-23,81.62,81.67,81.23,81.66,78.54,"663,700"
12-May-23,81.87,81.93,81.09,81.56,78.44,"233,400"
15-May-23,81.66,81.9,81.31,81.81,78.68,"320,100"
16-May-23,81.57,81.74,81.21,81.21,78.1,"416,800"
17-May-23,81.59,82.26,81.26,82.1,78.96,"560,500"
18-May-23,82.04,82.98,82.04,82.9,79.73,"350,100"
19-May-23,83.0,83.16,82.52,82.72,79.56,"269,100"
22-May-23,82.74,83.14,82.53,82.7,79.54,"269,100"
23-May-23,82.43,82.53,81.69,81.76,78.63,"324,600"
24-May-23,81.45,81.52,81.0,81.17,78.07,"326,900"
25-May-23,81.77,82.08,81.39,81.77,78.64,"208,900"
26-May-23,81.89,82.89,81.89,82.72,79.56,"166,400"
30-May-23,83.1,83.16,82.46,82.73,79.57,"554,500"
31-May-23,82.28,82.45,81.9,82.23,79.08,"326,700"
01-Jun-23,82.22,83.12,81.97,82.88,79.71,"225,000"
02-Jun-23,83.4,84.29,83.4,84.17,80.95,"210,800"
05-Jun-23,84.13,84.44,83.86,84.01,80.8,"267,000"
06-Jun-23,83.87,84.25,83.81,84.14,80.92,"256,000"
07-Jun-23,84.19,84.42,83.82,83.89,80.68,"202,800"
08-Jun-23,83.88,84.46,83.77,84.35,81.12,"193,700"
09-Jun-23,84.49,84.85,84.31,84.44,81.21,"200,100"
12-Jun-23,84.62,85.27,84.55,85.25,81.99,"222,500"
13-Jun-23,85.58,85.97,85.51,85.84,82.56,"230,500"
14-Jun-23,85.84,86.23,85.23,85.82,82.54,"172,000"
15-Jun-23,85.7,87.16,85.7,86.93,83.6,"221,300"
16-Jun-23,87.28,87.35,86.62,86.66,83.35,"191,100"
20-Jun-23,86.21,86.42,85.83,86.13,82.84,"214,200"
21-Jun-23,85.97,86.18,85.76,85.81,82.53,"799,500"
22-Jun-23,85.65,86.15,85.57,86.15,82.85,"292,900"
23-Jun-23,85.5,85.86,85.38,85.46,82.19,"163,300"
26-Jun-23,85.09,85.49,84.93,84.93,82.0,"181,700"
27-Jun-23,85.1,86.07,85.09,85.97,83.01,"240,900"
28-Jun-23,85.68,86.12,85.62,85.91,82.95,"286,600"
29-Jun-23,85.91,86.32,85.83,86.27,83.3,"154,600"
30-Jun-23,86.86,87.45,86.86,87.3,84.29,"264,400"
03-Jul-23,87.2,87.37,87.04,87.36,84.35,"183,700"
05-Jul-23,86.92,87.28,86.92,87.11,84.11,"260,300"
06-Jul-23,86.38,86.55,85.99,86.49,83.51,"201,700"
07-Jul-23,86.3,87.04,86.23,86.23,83.26,"129,600"
10-Jul-23,86.15,86.63,86.15,86.63,83.64,"283,700"
11-Jul-23,86.85,87.3,86.68,87.26,84.25,"299,800"
12-Jul-23,88.01,88.1,87.62,87.78,84.75,"180,700"
13-Jul-23,88.2,88.57,88.14,88.41,85.36,"334,300"
14-Jul-23,88.52,88.7,88.23,88.32,85.27,"178,100"
17-Jul-23,88.28,88.9,88.17,88.68,85.62,"385,400"
18-Jul-23,88.64,89.43,88.64,89.28,86.2,"207,900"
19-Jul-23,89.52,89.72,89.32,89.47,86.39,"453,800"
20-Jul-23,89.31,89.49,88.83,88.95,85.88,"327,600"
21-Jul-23,89.37,89.46,89.03,89.03,85.96,"177,600"
24-Jul-23,89.23,89.49,89.13,89.3,86.22,"203,300"
25-Jul-23,89.28,89.83,89.28,89.59,86.5,"184,500"
26-Jul-23,89.39,89.87,89.27,89.58,86.49,"209,500"
27-Jul-23,90.3,90.41,88.94,89.13,86.06,"189,200"
28-Jul-23,89.74,90.02,89.51,89.85,86.75,"316,600"
31-Jul-23,89.99,90.17,89.74,90.06,86.95,"1,136,300"
01-Aug-23,89.76,89.93,89.61,89.77,86.67,"210,000"
02-Aug-23,89.17,89.27,88.56,88.73,85.67,"223,500"
03-Aug-23,88.31,88.79,88.19,88.49,85.44,"527,900"
04-Aug-23,88.78,89.16,87.94,87.99,84.96,"266,500"
07-Aug-23,88.35,88.85,88.33,88.85,85.79,"210,500"
08-Aug-23,88.33,88.54,87.81,88.48,85.43,"389,300"
09-Aug-23,88.54,88.54,87.86,87.95,84.92,"223,900"
10-Aug-23,88.47,89.09,87.73,87.98,84.95,"230,400"
11-Aug-23,87.58,88.16,87.52,87.9,84.87,"157,400"
14-Aug-23,87.75,88.37,87.73,88.36,85.31,"172,000"
15-Aug-23,88.02,88.1,87.31,87.43,84.42,"257,600"
16-Aug-23,87.32,87.68,86.77,86.77,83.78,"203,400"
17-Aug-23,87.03,87.13,85.92,85.96,83.0,"222,400"
18-Aug-23,85.4,86.29,85.3,86.08,83.11,"201,500"
21-Aug-23,86.25,86.73,85.84,86.56,83.58,"296,100"
22-Aug-23,86.87,86.88,86.23,86.3,83.32,"202,000"
23-Aug-23,86.47,87.35,86.47,87.2,84.19,"184,700"
24-Aug-23,87.47,87.67,86.08,86.11,83.14,"206,600"
25-Aug-23,86.37,86.88,85.7,86.58,83.59,"172,100"
28-Aug-23,87.0,87.25,86.79,87.11,84.11,"842,700"
29-Aug-23,87.1,88.39,87.1,88.35,85.3,"214,200"
30-Aug-23,88.38,88.81,88.33,88.73,85.67,"149,800"
31-Aug-23,88.82,89.01,88.57,88.57,85.52,"153,500"
01-Sep-23,89.06,89.21,88.45,88.72,85.66,"254,300"
05-Sep-23,88.55,88.56,88.18,88.18,85.14,"194,300"
06-Sep-23,88.07,88.08,87.29,87.65,84.63,"189,900"
07-Sep-23,87.09,87.58,87.06,87.43,84.42,"176,400"
08-Sep-23,87.49,87.88,87.35,87.58,84.56,"148,600"
11-Sep-23,88.02,88.19,87.76,88.07,85.03,"238,300"
12-Sep-23,87.81,88.04,87.45,87.53,84.51,"273,900"
13-Sep-23,87.57,87.79,87.36,87.56,84.54,"200,100"
14-Sep-23,88.03,88.43,87.83,88.31,85.27,"293,500"
15-Sep-23,88.05,88.05,87.17,87.22,84.21,"178,500"
18-Sep-23,87.12,87.55,87.12,87.3,84.29,"265,700"
19-Sep-23,87.09,87.28,86.68,87.18,84.17,"149,200"
20-Sep-23,87.42,87.56,86.49,86.49,83.51,"182,300"
21-Sep-23,85.96,86.01,85.14,85.14,82.2,"381,300"
22-Sep-23,85.38,85.67,84.99,85.03,82.1,"201,800"
25-Sep-23,84.52,85.12,84.48,85.09,82.42,"621,700"
26-Sep-23,84.55,84.67,83.77,83.87,81.24,"638,300"
27-Sep-23,84.14,84.26,83.29,83.93,81.3,"706,300"
28-Sep-23,83.84,84.81,83.77,84.45,81.8,"218,500"
29-Sep-23,85.11,85.11,83.97,84.23,81.59,"323,100"
02-Oct-23,84.16,84.41,83.67,84.2,81.56,"298,300"
03-Oct-23,83.7,83.98,82.71,83.0,80.4,"506,700"
04-Oct-23,83.09,83.76,82.82,83.63,81.01,"217,700"
05-Oct-23,83.54,83.73,83.02,83.54,80.92,"242,700"
06-Oct-23,83.12,84.86,82.86,84.51,81.86,"223,900"
09-Oct-23,84.19,85.2,84.09,85.11,82.44,"200,400"
10-Oct-23,85.23,86.06,85.22,85.52,82.84,"511,200"
11-Oct-23,85.79,85.98,85.32,85.96,83.26,"192,800"
12-Oct-23,86.03,86.03,84.85,85.3,82.63,"189,000"
13-Oct-23,85.6,85.85,84.64,84.93,82.27,"160,000"
16-Oct-23,85.27,86.04,85.27,85.84,83.15,"554,100"
17-Oct-23,85.27,86.33,85.27,85.97,83.27,"199,400"
18-Oct-23,85.63,85.78,84.64,84.86,82.2,"266,900"
19-Oct-23,84.9,85.25,83.86,83.99,81.36,"299,800"
20-Oct-23,83.98,84.0,82.97,82.97,80.37,"557,600"
23-Oct-23,82.66,83.57,82.39,82.85,80.25,"250,300"
24-Oct-23,83.26,83.61,82.85,83.32,80.71,"278,500"
25-Oct-23,82.95,82.96,82.12,82.28,79.7,"219,200"
26-Oct-23,82.02,82.25,81.21,81.35,78.8,"1,749,300"
27-Oct-23,81.7,81.75,80.74,80.97,78.43,"331,200"
30-Oct-23,81.54,82.13,81.31,81.88,79.31,"253,100"
31-Oct-23,81.99,82.5,81.69,82.43,79.85,"1,315,900"
01-Nov-23,82.57,83.45,82.48,83.28,80.67,"224,400"
02-Nov-23,84.04,84.88,84.04,84.82,82.16,"308,000"
03-Nov-23,85.28,86.05,85.28,85.76,83.07,"239,000"
06-Nov-23,85.9,85.96,85.55,85.89,83.2,"189,100"
07-Nov-23,85.88,86.34,85.79,86.21,83.51,"196,200"
08-Nov-23,86.24,86.4,85.78,86.17,83.47,"822,500"
09-Nov-23,86.35,86.39,85.48,85.52,82.84,"234,500"
10-Nov-23,85.96,86.96,85.75,86.95,84.22,"166,100"
13-Nov-23,86.62,86.98,86.48,86.84,84.12,"243,400"
14-Nov-23,87.95,88.76,87.95,88.49,85.72,"932,700"
15-Nov-23,88.77,89.0,88.51,88.61,85.83,"199,100"
16-Nov-23,88.45,88.72,88.2,88.53,85.75,"497,900"
17-Nov-23,88.65,88.84,88.47,88.75,85.97,"295,400"
20-Nov-23,88.69,89.52,88.66,89.38,86.58,"240,000"
21-Nov-23,89.14,89.26,88.95,89.2,86.4,"293,300"
22-Nov-23,89.5,89.81,89.37,89.59,86.78,"187,600"
24-Nov-23,89.49,89.67,89.49,89.67,86.86,"77,700"
27-Nov-23,89.47,89.73,89.45,89.55,86.74,"177,300"
28-Nov-23,89.36,89.85,89.33,89.48,86.67,"414,000"
29-Nov-23,89.9,90.17,89.35,89.43,86.63,"201,200"
30-Nov-23,89.61,89.89,89.26,89.81,86.99,"280,100"
01-Dec-23,89.71,90.59,89.67,90.5,87.66,"351,800"
04-Dec-23,89.89,90.21,89.72,90.13,87.3,"213,600"
05-Dec-23,89.84,90.3,89.8,90.13,87.3,"363,300"
06-Dec-23,90.43,90.54,89.79,89.81,86.99,"276,400"
07-Dec-23,90.14,90.59,90.13,90.52,87.68,"187,400"
08-Dec-23,90.34,90.96,90.34,90.88,88.03,"265,100"
11-Dec-23,90.78,91.38,90.78,91.32,88.46,"207,600"
12-Dec-23,91.31,91.83,91.15,91.83,88.95,"168,800"
13-Dec-23,91.85,93.14,91.81,93.1,90.18,"245,000"
14-Dec-23,93.51,93.64,92.8,93.34,90.41,"217,600"
15-Dec-23,93.06,93.33,92.92,93.06,90.14,"228,100"
18-Dec-23,93.43,93.7,93.33,93.54,90.61,"300,100"
19-Dec-23,93.67,94.15,93.67,94.15,91.2,"302,500"
20-Dec-23,93.92,94.35,92.8,92.83,89.92,"307,200"
21-Dec-23,93.4,93.74,92.96,93.69,90.75,"481,700"
22-Dec-23,93.88,94.21,93.53,93.89,90.95,"407,000"
26-Dec-23,93.59,94.04,93.59,93.85,91.3,"166,100"
27-Dec-23,93.85,94.05,93.75,94.01,91.46,"252,700"
28-Dec-23,94.04,94.23,94.01,94.09,91.54,"480,500"
29-Dec-23,93.97,94.16,93.45,93.81,91.26,"314,800"
02-Jan-24,93.21,93.53,92.9,93.33,90.8,"1,000,500"
03-Jan-24,92.85,93.03,92.46,92.54,90.03,"430,000"
04-Jan-24,92.37,92.97,92.23,92.24,89.74,"309,500"
05-Jan-24,92.22,92.86,92.12,92.37,89.86,"344,700"
08-Jan-24,92.45,93.74,92.45,93.74,91.2,"293,000"
09-Jan-24,93.17,93.77,93.11,93.61,91.07,"249,500"
10-Jan-24,93.62,94.32,93.62,94.19,91.63,"275,500"
11-Jan-24,94.26,94.4,93.35,94.17,91.61,"354,800"
12-Jan-24,94.41,94.6,93.95,94.22,91.66,"224,700"
16-Jan-24,93.9,94.25,93.63,93.96,91.41,"340,700"
17-Jan-24,93.33,93.59,93.04,93.46,90.92,"261,100"
18-Jan-24,93.77,94.32,93.45,94.27,91.71,"205,200"
19-Jan-24,94.54,95.46,94.34,95.34,92.75,"528,000"
22-Jan-24,95.67,95.92,95.55,95.72,93.12,"254,700"
23-Jan-24,95.84,95.88,95.46,95.84,93.24,"206,200"
24-Jan-24,96.42,96.49,95.75,95.79,93.19,"213,700"
25-Jan-24,96.19,96.46,95.9,96.34,93.72,"419,700"
26-Jan-24,96.28,96.65,96.17,96.31,93.7,"193,600"
29-Jan-24,96.36,97.08,96.3,97.04,94.41,"239,300"
30-Jan-24,96.94,97.21,96.92,97.11,94.47,"308,900"
31-Jan-24,96.64,96.74,95.58,95.61,93.01,"245,600"
01-Feb-24,95.93,96.86,95.8,96.84,94.21,"231,500"
02-Feb-24,96.92,98.17,96.89,97.86,95.2,"278,000"
05-Feb-24,97.73,97.8,97.04,97.48,94.83,"214,200"
06-Feb-24,97.69,97.8,97.36,97.67,95.02,"234,400"
07-Feb-24,98.15,98.66,98.0,98.5,95.83,"253,200"
08-Feb-24,98.5,98.67,98.39,98.63,95.95,"233,700"
09-Feb-24,98.82,99.31,98.68,99.25,96.56,"193,800"
12-Feb-24,99.19,99.66,99.07,99.17,96.48,"259,700"
13-Feb-24,97.77,98.22,97.23,97.85,95.19,"217,400"
14-Feb-24,98.36,98.81,97.91,98.73,96.05,"206,200"
15-Feb-24,98.9,99.41,98.82,99.34,96.64,"230,000"
16-Feb-24,99.29,99.49,98.78,98.78,96.1,"220,400"
20-Feb-24,98.43,98.62,97.96,98.37,95.7,"324,700"
21-Feb-24,98.03,98.43,97.71,98.4,95.73,"394,400"
22-Feb-24,99.63,100.61,99.53,100.47,97.74,"211,600"
23-Feb-24,100.67,100.9,100.34,100.47,97.74,"269,800"
26-Feb-24,100.58,100.67,100.17,100.17,97.45,"213,100"
27-Feb-24,100.32,100.47,100.06,100.4,97.67,"306,600"
28-Feb-24,100.19,100.4,100.08,100.28,97.56,"240,500"
29-Feb-24,100.6,100.93,100.08,100.75,98.01,"264,500"
01-Mar-24,100.84,101.64,100.79,101.56,98.8,"238,700"
04-Mar-24,101.57,101.87,101.5,101.5,98.74,"357,800"
05-Mar-24,101.11,101.21,100.11,100.54,97.81,"303,600"
06-Mar-24,101.23,101.56,100.89,101.14,98.39,"196,900"
07-Mar-24,101.78,102.43,101.72,102.3,99.52,"179,000"
08-Mar-24,102.48,102.84,101.49,101.59,98.83,"217,000"
11-Mar-24,101.31,101.53,100.87,101.42,98.67,"199,500"
12-Mar-24,101.8,102.63,101.4,102.51,99.73,"179,300"
13-Mar-24,102.48,102.68,102.15,102.44,99.66,"184,400"
14-Mar-24,102.59,102.63,101.51,102.06,99.29,"184,500"
15-Mar-24,101.29,101.8,101.19,101.45,98.7,"219,500"
18-Mar-24,102.08,102.43,101.87,101.99,99.22,"279,000"
19-Mar-24,101.72,102.63,101.67,102.59,99.8,"285,900"
20-Mar-24,102.6,103.53,102.51,103.48,100.67,"221,100"
21-Mar-24,104.06,104.23,103.88,103.91,101.09,"216,100"
22-Mar-24,103.63,103.66,103.36,103.44,100.93,"231,900"
25-Mar-24,103.12,103.28,103.02,103.02,100.52,"216,200"
26-Mar-24,103.33,103.41,102.81,102.83,100.33,"335,000"
27-Mar-24,103.37,103.8,103.04,103.8,101.28,"224,000"
28-Mar-24,103.74,104.03,103.72,103.79,101.27,"205,700"
01-Apr-24,103.96,103.96,103.33,103.51,101.0,"196,800"
02-Apr-24,102.67,102.79,102.35,102.76,100.26,"712,600"
03-Apr-24,102.48,103.21,102.48,102.94,100.44,"2,425,400"
04-Apr-24,103.65,103.79,101.63,101.65,99.18,"208,500"
05-Apr-24,101.93,103.07,101.89,102.72,100.23,"756,300"
08-Apr-24,102.85,103.0,102.61,102.66,100.17,"2,815,600"
09-Apr-24,103.03,103.09,101.79,102.76,100.26,"338,500"
10-Apr-24,101.44,102.1,101.33,101.63,99.16,"265,500"
11-Apr-24,101.98,102.61,101.29,102.34,99.85,"222,700"
12-Apr-24,101.63,101.85,100.64,100.88,98.43,"229,100"
15-Apr-24,101.69,101.81,99.56,99.71,97.29,"202,400"
16-Apr-24,99.82,100.02,99.25,99.51,97.09,"281,600"
17-Apr-24,99.92,100.04,98.72,98.9,96.5,"297,700"
18-Apr-24,99.22,99.7,98.63,98.84,96.44,"322,900"
19-Apr-24,98.74,98.97,97.82,98.05,95.67,"190,000"
22-Apr-24,98.57,99.45,98.13,98.87,96.47,"987,400"
23-Apr-24,99.24,100.11,99.21,99.96,97.53,"251,700"
24-Apr-24,100.11,100.4,99.55,100.05,97.62,"248,000"
25-Apr-24,98.66,99.66,98.4,99.51,97.09,"178,000"
26-Apr-24,100.07,100.68,99.95,100.38,97.94,"163,800"
29-Apr-24,100.62,100.79,100.15,100.68,98.23,"175,100"
30-Apr-24,100.33,100.56,99.08,99.08,96.67,"163,900"
01-May-24,98.9,100.22,98.65,98.69,96.29,"218,200"
02-May-24,99.4,99.83,98.59,99.64,97.22,"198,800"
03-May-24,100.89,101.06,100.36,100.82,98.37,"214,300"
06-May-24,101.27,101.96,101.26,101.96,99.48,"182,400"
07-May-24,102.09,102.22,101.84,101.91,99.44,"178,700"
08-May-24,101.55,102.1,101.55,101.91,99.44,"190,400"
09-May-24,101.92,102.57,101.92,102.57,100.08,"459,500"
10-May-24,102.79,103.05,102.53,102.8,100.3,"284,600"
13-May-24,103.11,103.11,102.46,102.63,100.14,"155,500"
14-May-24,102.6,103.19,102.58,103.14,100.64,"224,500"
15-May-24,103.57,104.5,103.57,104.42,101.88,"241,500"
16-May-24,104.48,104.7,104.12,104.12,101.59,"241,900"
17-May-24,104.25,104.29,103.89,104.26,101.73,"213,700"
20-May-24,104.29,104.76,104.29,104.5,101.96,"184,300"
21-May-24,104.32,104.66,104.3,104.64,102.1,"182,200"
22-May-24,104.59,104.65,103.95,104.3,101.77,"161,600"
23-May-24,104.96,104.96,103.4,103.6,101.08,"155,200"
24-May-24,103.97,104.5,103.86,104.35,101.82,"236,300"
28-May-24,104.56,104.56,103.81,104.26,101.73,"170,300"
29-May-24,103.41,103.77,103.41,103.47,100.96,"154,300"
30-May-24,103.16,103.35,102.65,102.89,100.39,"167,400"
31-May-24,103.11,103.73,101.97,103.71,101.19,"212,100"
03-Jun-24,104.08,104.08,102.72,103.67,101.15,"149,200"
04-Jun-24,103.49,103.88,103.14,103.77,101.25,"208,100"
05-Jun-24,104.32,105.0,103.88,104.98,102.43,"212,300"
06-Jun-24,104.98,105.12,104.6,104.87,102.32,"176,000"
07-Jun-24,104.68,105.28,104.52,104.76,102.22,"268,200"
10-Jun-24,104.68,105.26,104.56,105.25,102.69,"137,000"
11-Jun-24,104.92,105.45,104.5,105.43,102.87,"195,000"
12-Jun-24,106.44,106.88,106.18,106.41,103.83,"168,500"
13-Jun-24,106.68,106.68,105.95,106.48,103.89,"129,800"
14-Jun-24,106.16,106.49,105.94,106.45,103.86,"160,500"
17-Jun-24,106.37,107.7,106.23,107.42,104.81,"370,200"
18-Jun-24,107.53,107.78,107.46,107.78,105.16,"168,300"
20-Jun-24,107.96,108.06,107.07,107.47,104.86,"316,800"
21-Jun-24,107.56,107.56,106.93,107.31,104.7,"211,500"
24-Jun-24,106.98,107.46,106.7,106.7,104.41,"383,300"
25-Jun-24,106.97,107.07,106.57,107.07,104.77,"180,400"
26-Jun-24,106.82,107.2,106.65,107.12,104.82,"206,500"
27-Jun-24,107.15,107.41,106.97,107.32,105.02,"305,900"
28-Jun-24,107.33,108.04,106.75,106.95,104.65,"156,300"
01-Jul-24,107.23,107.23,106.51,106.95,104.65,"185,400"
02-Jul-24,106.61,107.62,106.61,107.58,105.27,"200,100"
03-Jul-24,107.53,108.03,107.53,107.9,105.58,"112,900"
05-Jul-24,107.99,108.59,107.85,108.52,106.19,"118,200"
08-Jul-24,108.68,108.83,108.45,108.69,106.36,"137,000"
09-Jul-24,108.94,109.03,108.7,108.79,106.45,"176,500"
10-Jul-24,108.97,109.82,108.86,109.72,107.36,"166,300"
11-Jul-24,109.8,110.02,108.91,109.09,106.75,"174,000"
12-Jul-24,109.3,110.49,109.25,109.8,107.44,"173,200"
15-Jul-24,110.22,110.74,109.78,110.09,107.73,"181,700"
16-Jul-24,110.43,111.01,110.42,110.94,108.56,"216,200"
17-Jul-24,109.71,110.03,109.35,109.4,107.05,"214,600"
18-Jul-24,109.78,109.93,108.1,108.45,106.12,"466,400"
19-Jul-24,108.38,108.77,107.7,107.81,105.5,"120,100"
22-Jul-24,108.58,109.09,108.26,109.06,106.72,"212,300"
23-Jul-24,108.92,109.37,108.76,108.79,106.45,"366,400"
24-Jul-24,107.86,108.0,106.21,106.27,103.99,"187,400"
25-Jul-24,106.38,107.64,105.67,105.93,103.66,"165,700"
26-Jul-24,106.75,107.74,106.71,107.29,104.99,"224,200"
29-Jul-24,107.65,107.75,107.01,107.34,105.04,"163,500"
30-Jul-24,107.61,107.84,106.27,106.99,104.69,"262,900"
31-Jul-24,108.3,109.04,108.03,108.34,106.01,"210,200"
01-Aug-24,108.7,109.14,106.14,106.82,104.53,"291,400"
02-Aug-24,105.26,105.45,103.92,104.73,102.48,"260,700"
05-Aug-24,100.39,102.99,100.38,101.72,99.54,"308,300"
06-Aug-24,102.3,104.24,102.0,102.73,100.52,"256,000"
07-Aug-24,103.98,104.58,101.93,101.99,99.8,"181,700"
08-Aug-24,103.19,104.51,102.69,104.34,102.1,"190,400"
09-Aug-24,104.31,105.14,104.06,104.89,102.64,"139,700"
12-Aug-24,105.17,105.34,104.56,104.8,102.55,"188,300"
13-Aug-24,105.39,106.54,105.22,106.48,104.19,"145,000"
14-Aug-24,106.68,107.05,106.16,106.86,104.57,"156,800"
15-Aug-24,108.02,108.72,107.92,108.62,106.29,"160,600"
16-Aug-24,108.31,109.06,108.31,108.84,106.5,"169,600"
19-Aug-24,108.92,109.88,108.81,109.85,107.49,"149,900"
20-Aug-24,109.74,110.11,109.44,109.62,107.27,"146,100"
21-Aug-24,109.84,110.45,109.7,110.23,107.86,"113,300"
22-Aug-24,110.69,110.71,109.23,109.42,107.07,"352,300"
23-Aug-24,109.99,110.77,109.79,110.62,108.25,"158,000"
26-Aug-24,110.74,110.95,110.04,110.29,107.92,"327,400"
27-Aug-24,109.98,110.62,109.9,110.47,108.1,"187,400"
28-Aug-24,110.35,110.52,109.3,109.88,107.52,"143,100"
29-Aug-24,110.3,110.95,109.8,109.96,107.6,"164,400"
30-Aug-24,110.31,111.03,109.7,110.96,108.58,"114,200"
03-Sep-24,110.38,110.42,108.22,108.6,106.27,"298,300"
04-Sep-24,108.16,108.96,108.03,108.32,105.99,"288,500"
05-Sep-24,108.17,108.65,107.46,107.88,105.56,"148,000"
06-Sep-24,107.97,108.39,106.06,106.22,103.94,"312,500"
09-Sep-24,106.93,107.6,106.67,107.26,104.96,"163,700"
10-Sep-24,107.61,107.7,106.62,107.61,105.3,"136,800"
11-Sep-24,107.63,108.84,105.89,108.63,106.3,"168,500"
12-Sep-24,108.89,109.75,108.52,109.67,107.32,"116,100"
13-Sep-24,109.92,110.64,109.92,110.44,108.07,"143,300"
16-Sep-24,110.2,110.7,110.15,110.61,108.24,"218,400"
17-Sep-24,111.04,111.37,110.31,110.76,108.38,"209,700"
18-Sep-24,110.82,111.56,110.36,110.36,107.99,"153,300"
19-Sep-24,112.28,112.64,111.82,112.3,109.89,"159,700"
20-Sep-24,112.14,112.32,111.54,112.07,109.66,"158,400"
23-Sep-24,112.36,112.48,112.16,112.44,110.03,"165,300"
24-Sep-24,112.31,112.34,111.7,112.3,110.18,"214,300"
25-Sep-24,112.26,112.48,111.93,112.16,110.04,"164,900"
26-Sep-24,113.01,113.09,112.28,112.69,110.56,"143,600"
27-Sep-24,112.96,113.04,112.38,112.55,110.43,"298,900"
30-Sep-24,112.39,113.05,111.9,112.94,110.81,"264,700"
01-Oct-24,112.89,112.89,111.44,111.92,109.81,"295,500"
02-Oct-24,111.72,112.26,111.36,112.08,109.96,"165,700"
03-Oct-24,111.68,112.13,111.43,111.84,109.73,"140,000"
04-Oct-24,112.74,112.97,111.97,112.89,110.76,"155,000"
07-Oct-24,112.56,112.66,111.71,111.85,109.74,"168,600"
08-Oct-24,112.33,113.03,112.25,112.92,110.79,"147,200"
09-Oct-24,112.98,113.86,112.81,113.75,111.6,"146,400"
10-Oct-24,113.49,113.83,113.24,113.48,111.34,"130,200"
11-Oct-24,113.54,114.5,113.54,114.34,112.18,"119,100"
14-Oct-24,114.75,115.51,114.71,115.3,113.12,"154,800"
15-Oct-24,115.29,115.52,114.31,114.51,112.35,"146,500"
16-Oct-24,114.6,115.03,114.34,114.98,112.81,"146,900"
17-Oct-24,115.6,115.6,114.96,114.96,112.79,"370,600"
18-Oct-24,115.3,115.44,115.02,115.31,113.13,"171,500"
21-Oct-24,115.03,115.28,114.45,114.95,112.78,"798,300"
22-Oct-24,114.34,114.94,114.3,114.67,112.51,"193,400"
23-Oct-24,114.25,114.44,113.01,113.66,111.51,"160,100"
24-Oct-24,113.97,114.04,113.42,113.83,111.68,"149,400"
25-Oct-24,114.39,114.85,113.64,113.81,111.66,"228,000"
28-Oct-24,114.44,114.53,114.2,114.28,112.12,"150,300"
29-Oct-24,113.96,114.65,113.76,114.39,112.23,"222,700"
30-Oct-24,114.28,114.77,113.97,114.14,111.99,"166,000"
31-Oct-24,113.47,113.47,112.0,112.01,109.9,"171,800"
01-Nov-24,112.58,113.36,112.45,112.54,110.42,"170,900"
04-Nov-24,112.48,112.91,112.03,112.33,110.21,"201,600"
05-Nov-24,112.74,113.77,112.49,113.77,111.62,"285,300"
06-Nov-24,116.02,116.89,115.65,116.79,114.59,"230,700"
07-Nov-24,117.25,117.92,117.07,117.74,115.52,"176,800"
08-Nov-24,117.87,118.5,117.86,118.27,116.04,"194,600"
11-Nov-24,118.54,118.73,118.22,118.46,116.22,"156,900"
12-Nov-24,118.44,118.62,117.66,118.14,115.91,"166,200"
13-Nov-24,118.29,118.66,117.96,118.17,115.94,"159,000"
14-Nov-24,118.2,118.31,117.32,117.38,115.16,"225,900"
15-Nov-24,116.73,116.81,115.57,115.83,113.64,"851,000"
18-Nov-24,115.9,116.6,115.73,116.26,114.07,"198,200"
19-Nov-24,115.64,116.84,115.57,116.64,114.44,"170,800"
20-Nov-24,116.74,116.86,115.77,116.82,114.61,"477,900"
21-Nov-24,117.43,117.98,116.49,117.73,115.51,"224,200"
22-Nov-24,117.7,118.28,117.7,118.17,115.94,"151,900"
25-Nov-24,118.94,119.26,118.38,118.73,116.49,"211,700"
26-Nov-24,118.86,119.45,118.8,119.38,117.13,"227,000"
27-Nov-24,119.29,119.45,118.69,119.01,116.76,"159,800"
29-Nov-24,119.2,119.85,119.2,119.6,117.34,"85,700"
02-Dec-24,119.75,119.94,119.58,119.78,117.52,"211,600"
03-Dec-24,119.79,119.99,119.58,119.89,117.63,"170,800"
04-Dec-24,120.37,120.78,120.27,120.71,118.43,"253,900"
05-Dec-24,120.75,120.86,120.43,120.45,118.18,"183,000"
06-Dec-24,120.62,121.0,120.59,120.68,118.4,"211,100"
09-Dec-24,120.62,120.62,119.75,119.78,117.52,"195,800"
10-Dec-24,119.88,119.88,119.12,119.21,116.96,"168,100"
11-Dec-24,119.77,120.23,119.75,120.01,117.74,"167,000"
12-Dec-24,119.78,120.02,119.46,119.46,117.21,"628,400"
13-Dec-24,119.79,119.93,119.0,119.24,116.99,"145,800"
16-Dec-24,119.46,119.79,119.4,119.51,117.25,"160,900"
17-Dec-24,118.94,119.13,118.62,118.87,116.63,"198,200"
18-Dec-24,118.95,119.29,115.28,115.28,113.1,"217,200"
19-Dec-24,116.36,116.63,115.3,115.3,113.12,"298,400"
20-Dec-24,114.93,117.61,114.68,116.7,114.5,"205,300"
23-Dec-24,116.31,116.99,115.71,116.88,115.03,"199,900"
24-Dec-24,117.06,118.05,117.0,117.98,116.11,"154,300"
26-Dec-24,117.62,118.28,117.62,118.08,116.21,"144,800"
27-Dec-24,117.47,117.53,116.11,116.91,115.06,"193,100"
30-Dec-24,115.64,116.23,114.86,115.6,113.77,"645,100"
31-Dec-24,115.87,116.1,114.93,115.18,113.36,"284,100"
02-Jan-25,115.92,116.32,114.33,115.05,113.23,"272,900"
03-Jan-25,115.68,116.55,115.43,116.37,114.53,"218,100"
06-Jan-25,117.24,117.91,116.84,117.08,115.23,"212,100"
07-Jan-25,117.42,117.53,115.43,115.77,113.94,"192,500"
08-Jan-25,115.83,116.16,115.12,116.01,114.18,"168,300"
10-Jan-25,115.26,115.29,113.93,114.26,112.45,"297,300"
13-Jan-25,113.35,114.54,113.22,114.49,112.68,"222,100"
14-Jan-25,115.03,115.22,114.1,114.8,112.98,"196,800"
15-Jan-25,116.57,117.05,116.24,116.78,114.93,"176,300"
16-Jan-25,117.08,117.2,116.54,116.72,114.87,"186,400"
17-Jan-25,117.93,118.03,117.51,117.63,115.77,"223,100"
21-Jan-25,118.16,118.8,118.0,118.77,116.89,"352,900"
22-Jan-25,119.32,119.73,119.25,119.44,117.55,"388,900"
23-Jan-25,119.3,120.06,119.22,120.01,118.11,"436,900"
24-Jan-25,120.08,120.21,119.49,119.75,117.86,"216,800"
27-Jan-25,117.28,118.28,117.27,118.23,116.36,"249,700"
28-Jan-25,118.44,119.45,118.0,119.17,117.29,"483,900"
29-Jan-25,118.93,119.11,118.25,118.69,116.81,"240,600"
30-Jan-25,119.19,119.67,118.63,119.23,117.34,"191,900"
31-Jan-25,119.77,120.16,118.44,118.55,116.68,"252,100"
03-Feb-25,116.67,118.31,116.37,117.85,115.99,"266,900"
04-Feb-25,117.71,118.54,117.71,118.35,116.48,"363,700"
05-Feb-25,118.31,119.1,118.04,119.06,117.18,"212,300"
06-Feb-25,119.41,119.53,118.75,119.38,117.49,"275,000"
07-Feb-25,119.68,119.84,118.38,118.46,116.59,"791,700"
10-Feb-25,119.09,119.33,118.85,119.2,117.31,"224,400"
11-Feb-25,118.67,119.25,118.67,119.12,117.24,"166,400"
12-Feb-25,117.91,118.87,117.91,118.62,116.74,"177,100"
13-Feb-25,118.97,120.01,118.88,120.01,118.11,"166,500"
14-Feb-25,120.05,120.28,119.89,119.97,118.07,"159,400"
18-Feb-25,120.23,120.28,119.72,120.28,118.38,"208,400"
19-Feb-25,119.9,120.46,119.75,120.45,118.55,"215,000"
20-Feb-25,120.09,120.17,119.17,119.81,117.92,"243,700"
21-Feb-25,119.8,119.86,117.67,117.84,115.98,"231,600"
24-Feb-25,118.11,118.28,117.12,117.32,115.46,"252,900"
25-Feb-25,117.23,117.44,116.07,116.93,115.08,"243,500"
26-Feb-25,117.22,118.02,116.55,116.99,115.14,"194,500"
27-Feb-25,117.5,117.58,115.15,115.21,113.39,"175,400"
28-Feb-25,115.25,117.07,114.79,116.99,115.14,"197,700"
03-Mar-25,117.25,117.63,114.26,114.98,113.16,"266,400"
04-Mar-25,113.99,115.12,112.58,113.48,111.69,"315,500"
05-Mar-25,113.46,115.0,112.78,114.63,112.82,"274,900"
06-Mar-25,113.2,114.15,112.16,112.61,110.83,"236,600"
07-Mar-25,112.24,113.41,111.12,113.13,111.34,"256,800"
10-Mar-25,111.66,111.99,109.33,110.27,108.53,"541,700"
11-Mar-25,109.98,110.54,108.54,109.21,107.48,"395,600"
12-Mar-25,110.38,110.65,108.74,109.63,107.9,"296,800"
13-Mar-25,109.5,109.55,107.67,108.02,106.31,"283,300"
14-Mar-25,108.97,110.48,108.97,110.37,108.62,"203,600"
17-Mar-25,110.24,111.77,110.24,111.24,109.48,"309,300"
18-Mar-25,110.79,110.87,109.84,110.24,108.5,"249,000"
19-Mar-25,110.43,112.08,110.25,111.38,109.62,"219,100"
20-Mar-25,110.63,112.09,110.63,111.09,109.33,"427,900"
21-Mar-25,110.15,111.15,109.93,110.97,109.22,"169,800"
24-Mar-25,112.3,113.29,112.3,113.14,111.35,"236,500"
25-Mar-25,113.02,113.22,112.64,113.08,111.62,"371,800"
26-Mar-25,112.91,113.15,111.5,111.86,110.42,"257,800"
27-Mar-25,111.46,112.19,111.08,111.53,110.09,"207,000"
28-Mar-25,111.14,111.44,109.2,109.38,107.97,"493,800"
31-Mar-25,108.17,110.35,107.73,110.08,108.66,"226,300"
01-Apr-25,109.67,110.81,109.06,110.52,109.1,"179,900"
02-Apr-25,109.32,111.79,109.32,111.34,109.91,"227,400"
03-Apr-25,107.26,107.84,105.69,105.86,104.5,"563,200"
04-Apr-25,103.0,103.36,99.57,99.62,98.34,"560,600"
07-Apr-25,96.33,102.92,94.88,99.25,97.97,"695,900"
08-Apr-25,102.66,103.13,96.24,97.68,96.42,"710,500"
09-Apr-25,97.1,107.14,96.98,106.8,105.42,"413,900"
10-Apr-25,104.46,104.65,100.39,103.25,101.92,"370,300"
11-Apr-25,102.94,105.44,102.2,104.94,103.59,"361,400"
14-Apr-25,106.84,106.85,105.1,105.99,104.62,"271,400"
15-Apr-25,105.96,106.81,105.57,105.69,104.33,"247,400"
16-Apr-25,104.57,105.2,102.41,103.39,102.06,"277,300"
17-Apr-25,103.78,104.65,103.27,103.76,102.42,"303,400"
21-Apr-25,102.74,102.84,100.36,101.35,100.04,"395,400"
22-Apr-25,102.58,104.41,102.46,104.01,102.67,"263,600"
23-Apr-25,106.66,107.67,105.31,105.51,104.15,"255,100"
24-Apr-25,105.74,107.8,105.53,107.65,106.26,"259,800"
25-Apr-25,107.58,108.43,107.13,108.29,106.89,"507,700"
28-Apr-25,108.47,108.89,107.38,108.48,107.08,"206,700"
29-Apr-25,107.94,109.32,107.94,109.12,107.71,"222,700"
30-Apr-25,107.7,109.54,106.68,109.24,107.83,"210,400"
01-May-25,110.39,111.03,109.87,109.89,108.47,"199,900"
02-May-25,111.1,111.86,110.79,111.6,110.16,"240,200"
05-May-25,110.7,111.64,110.69,111.08,109.65,"168,500"
06-May-25,110.05,111.08,109.9,110.27,108.85,"219,000"
07-May-25,110.45,111.3,109.95,110.82,109.39,"164,200"
08-May-25,111.75,112.64,111.06,111.62,110.18,"149,900"
09-May-25,111.84,112.04,111.13,111.39,109.95,"243,200"
12-May-25,114.87,115.09,113.94,115.09,113.61,"490,300"
13-May-25,115.26,116.3,115.15,115.87,114.38,"232,300"
14-May-25,116.01,116.21,115.52,115.86,114.37,"177,200"
15-May-25,115.35,116.47,115.35,116.34,114.84,"194,200"
16-May-25,116.64,117.24,116.25,117.24,115.73,"161,600"
19-May-25,115.92,117.48,115.9,117.38,115.87,"257,800"
20-May-25,116.96,117.2,116.35,116.91,115.4,"179,200"
21-May-25,116.01,116.62,114.6,114.83,113.35,"192,400"
22-May-25,114.62,115.46,114.46,114.82,113.34,"225,800"
23-May-25,113.27,114.47,113.27,114.06,112.59,"193,300"
27-May-25,115.28,116.26,115.07,116.22,114.72,"315,700"
28-May-25,116.24,116.5,115.52,115.63,114.14,"225,400"
29-May-25,116.72,116.72,115.23,115.97,114.48,"268,500"
30-May-25,115.67,116.24,114.8,116.0,114.51,"245,600"
02-Jun-25,115.71,116.58,114.98,116.58,115.08,"223,000"
03-Jun-25,116.65,117.47,116.45,117.41,115.9,"248,600"
04-Jun-25,117.59,117.74,117.26,117.35,115.84,"219,200"
05-Jun-25,117.6,117.98,116.59,116.98,115.47,"300,100"
06-Jun-25,117.95,118.33,117.64,118.09,116.57,"211,000"
09-Jun-25,118.27,118.33,117.93,117.96,116.44,"191,200"
10-Jun-25,117.98,118.54,117.77,118.5,116.97,"182,600"
11-Jun-25,118.66,118.8,117.73,118.05,116.53,"219,900"
12-Jun-25,117.75,118.49,117.66,118.49,116.96,"289,100"
13-Jun-25,117.31,117.99,116.67,116.87,115.36,"229,800"
16-Jun-25,117.59,118.47,117.59,118.13,116.61,"911,600"
17-Jun-25,117.76,117.99,117.08,117.24,115.73,"197,300"
18-Jun-25,117.42,117.92,117.01,117.2,115.69,"300,500"
20-Jun-25,117.76,118.01,116.73,117.08,115.57,"224,700"
23-Jun-25,117.08,118.36,116.62,118.31,116.79,"278,000"
24-Jun-25,118.82,119.4,118.59,119.19,117.98,"170,000"
25-Jun-25,119.43,119.5,118.9,119.23,118.02,"165,800"
26-Jun-25,119.49,120.11,119.38,120.01,118.8,"155,900"
27-Jun-25,120.33,121.1,120.02,120.74,119.52,"192,900"
30-Jun-25,121.15,121.65,120.82,121.38,120.15,"691,400"
01-Jul-25,121.13,121.7,121.07,121.46,120.23,"257,000"
02-Jul-25,121.29,121.86,121.18,121.83,120.6,"181,800"
03-Jul-25,122.17,123.02,122.17,122.89,121.65,"188,600"
07-Jul-25,122.47,122.67,121.52,122.09,120.86,"246,400"
08-Jul-25,122.23,122.25,121.69,121.86,120.63,"214,100"
09-Jul-25,122.26,122.62,121.96,122.56,121.32,"631,100"
10-Jul-25,122.66,123.11,122.37,122.86,121.62,"220,400"
11-Jul-25,122.27,122.48,122.0,122.22,120.98,"236,000"
14-Jul-25,122.24,122.64,122.01,122.53,121.29,"2,123,400"
15-Jul-25,123.09,123.09,121.78,121.78,120.55,"389,500"
16-Jul-25,122.11,122.34,120.99,122.25,121.01,"349,500"
17-Jul-25,122.28,123.17,122.28,123.04,121.8,"221,700"
18-Jul-25,123.45,123.45,122.86,123.09,121.85,"991,800"
21-Jul-25,123.3,123.78,123.12,123.23,121.98,"246,900"
22-Jul-25,123.26,123.6,122.9,123.44,122.19,"413,900"
23-Jul-25,123.93,124.46,123.7,124.44,123.18,"233,200"
24-Jul-25,124.57,124.88,124.47,124.47,123.21,"285,300"
25-Jul-25,124.65,125.14,124.61,125.03,123.77,"172,100"
28-Jul-25,125.05,125.19,124.7,124.97,123.71,"178,400"
29-Jul-25,125.25,125.31,124.39,124.58,123.32,"246,300"
30-Jul-25,124.77,125.08,123.87,124.37,123.11,"221,400"
31-Jul-25,125.51,125.64,123.93,124.09,122.84,"249,900"
01-Aug-25,122.9,122.9,121.6,122.15,120.91,"216,600"
04-Aug-25,122.91,124.1,122.91,124.06,122.81,"291,000"
05-Aug-25,124.15,124.31,123.28,123.41,122.16,"173,900"
06-Aug-25,123.61,124.52,123.49,124.35,123.09,"221,000"
07-Aug-25,125.04,125.11,123.56,124.15,122.89,"190,300"
08-Aug-25,124.53,125.15,124.53,125.04,123.78,"237,300"
11-Aug-25,125.05,125.29,124.44,124.64,123.38,"843,600"
12-Aug-25,125.07,126.06,124.9,126.04,124.77,"624,200"
13-Aug-25,126.39,126.64,126.17,126.6,125.32,"172,000"
14-Aug-25,126.09,126.64,126.09,126.5,125.22,"164,200"
15-Aug-25,126.74,126.74,126.03,126.17,124.89,"184,800"
18-Aug-25,126.06,126.24,125.92,126.16,124.88,"397,300"
19-Aug-25,126.07,126.32,125.31,125.49,124.22,"2,399,800"
20-Aug-25,125.37,125.39,124.24,125.23,123.96,"248,400"
21-Aug-25,124.75,125.16,124.4,124.75,123.49,"151,600"
22-Aug-25,125.1,126.96,125.08,126.68,125.4,"249,500"
25-Aug-25,126.38,126.64,126.12,126.12,124.84,"199,100"
26-Aug-25,126.16,126.7,126.03,126.66,125.38,"293,500"
27-Aug-25,126.51,127.08,126.51,126.98,125.7,"344,000"
28-Aug-25,127.05,127.53,126.82,127.41,126.12,"197,200"
29-Aug-25,127.13,127.22,126.39,126.77,125.49,"305,500"
02-Sep-25,125.2,125.93,124.85,125.93,124.66,"280,500"
03-Sep-25,126.26,126.56,125.9,126.49,125.21,"523,600"
04-Sep-25,126.71,127.67,126.57,127.61,126.32,"199,100"
05-Sep-25,128.13,128.28,126.6,127.29,126.0,"244,000"
08-Sep-25,127.68,127.93,127.49,127.78,126.49,"255,500"
09-Sep-25,127.78,128.04,127.37,127.92,126.63,"220,400"
10-Sep-25,128.49,128.49,127.68,127.98,126.69,"2,524,200"
11-Sep-25,128.46,129.45,128.34,129.33,128.02,"191,700"
12-Sep-25,129.28,129.56,129.12,129.19,127.88,"204,900"
15-Sep-25,129.5,129.83,129.5,129.73,128.42,"205,400"
16-Sep-25,129.82,129.82,129.19,129.39,128.08,"307,000"
17-Sep-25,129.45,129.91,128.37,129.31,128.0,"443,500"
18-Sep-25,129.84,130.39,129.59,129.92,128.61,"164,600"
19-Sep-25,130.3,130.44,129.75,130.33,129.01,"279,100"
22-Sep-25,130.02,130.99,130.01,130.92,129.6,"151,600"
23-Sep-25,130.8,130.95,129.99,130.21,128.89,"210,900"
24-Sep-25,130.07,130.08,129.13,129.37,128.38,"165,000"
25-Sep-25,128.65,128.95,128.13,128.73,127.74,"169,200"
26-Sep-25,129.05,129.66,128.83,129.62,128.62,"166,900"
29-Sep-25,130.18,130.23,129.7,130.03,129.03,"207,600"
30-Sep-25,129.95,130.36,129.47,130.28,129.28,"176,100"
01-Oct-25,129.7,130.51,129.61,130.31,129.31,"181,600"
02-Oct-25,130.72,130.74,130.1,130.61,129.61,"197,600"
03-Oct-25,130.71,131.3,130.48,130.66,129.66,"290,400"
06-Oct-25,130.96,131.09,130.4,130.75,129.74,"200,200"
07-Oct-25,130.93,131.05,129.99,130.31,129.31,"226,900"
08-Oct-25,130.5,130.97,130.29,130.88,129.87,"189,800"
09-Oct-25,131.09,131.09,130.21,130.52,129.52,"183,500"
10-Oct-25,130.64,130.97,127.06,127.15,126.17,"196,800"
13-Oct-25,128.53,129.19,128.33,128.92,127.93,"169,900"
14-Oct-25,127.76,129.56,127.27,128.92,127.93,"187,300"
15-Oct-25,129.86,130.45,128.25,129.33,128.34,"209,500"
16-Oct-25,129.62,129.83,127.67,128.28,127.29,"495,300"
17-Oct-25,127.95,129.32,127.9,129.09,128.1,"175,000"
20-Oct-25,129.6,130.61,129.6,130.42,129.42,"191,800"
21-Oct-25,130.51,130.91,130.23,130.56,129.56,"163,000"
22-Oct-25,130.63,130.63,129.09,129.87,128.87,"200,500"
23-Oct-25,129.92,130.73,129.89,130.48,129.48,"272,800"
24-Oct-25,131.32,131.73,131.32,131.43,130.42,"197,400"
27-Oct-25,132.59,132.94,132.4,132.88,131.86,"234,900"
28-Oct-25,133.11,133.43,132.74,133.03,132.01,"153,600"
29-Oct-25,133.4,133.43,132.18,132.85,131.83,"183,900"
30-Oct-25,131.96,132.61,131.5,131.5,130.49,"236,200"
31-Oct-25,132.55,132.59,131.58,132.01,130.99,"149,100"
03-Nov-25,132.77,132.77,131.56,132.39,131.37,"238,300"
04-Nov-25,131.0,131.76,130.81,130.93,129.92,"422,000"
05-Nov-25,130.86,131.95,130.71,131.23,130.22,"614,400"
06-Nov-25,131.03,131.2,129.48,129.78,128.78,"289,100"
07-Nov-25,129.19,130.15,128.21,130.15,129.15,"235,700"
10-Nov-25,131.3,132.16,130.81,131.96,130.95,"209,900"
11-Nov-25,131.68,132.32,131.52,132.16,131.14,"197,200"
12-Nov-25,132.61,132.62,131.95,132.24,131.22,"329,600"
13-Nov-25,131.61,131.8,129.85,130.03,129.03,"263,200"
14-Nov-25,128.78,130.69,128.49,130.04,129.04,"285,000"
17-Nov-25,129.6,130.22,127.94,128.63,127.64,"460,900"
18-Nov-25,127.87,128.61,126.86,127.71,126.73,"480,100"
19-Nov-25,127.83,128.88,127.4,128.06,127.08,"567,800"
20-Nov-25,130.0,130.5,126.16,126.22,125.25,"1,101,800"
21-Nov-25,126.68,128.72,126.12,127.68,126.7,"421,200"
24-Nov-25,128.28,129.64,128.1,129.43,128.43,"270,700"
25-Nov-25,129.4,131.01,128.81,130.75,129.74,"195,500"
26-Nov-25,131.26,132.05,131.17,131.63,130.62,"188,300"
28-Nov-25,131.8,132.36,131.8,132.36,131.34,"102,000"
01-Dec-25,131.43,132.39,131.42,131.85,130.84,"172,500"
02-Dec-25,132.19,132.48,131.67,132.01,130.99,"418,800"
03-Dec-25,131.83,132.48,131.72,132.22,131.2,"1,062,100"
04-Dec-25,132.59,132.61,132.01,132.5,131.48,"181,100"
05-Dec-25,132.71,133.33,132.7,132.91,131.89,"150,400"
08-Dec-25,133.1,133.1,132.23,132.54,131.52,"223,800"
09-Dec-25,132.4,132.85,132.34,132.39,131.37,"178,200"
10-Dec-25,132.29,133.53,132.09,133.24,132.22,"247,300"
11-Dec-25,132.81,133.86,132.6,133.86,132.83,"252,100"
12-Dec-25,133.73,133.84,131.97,132.41,131.39,"203,400"
15-Dec-25,133.05,133.09,131.99,132.16,131.14,"3,138,300"
16-Dec-25,131.95,132.26,131.1,131.82,130.81,"250,500"
17-Dec-25,131.97,132.03,130.53,130.53,129.53,"210,200"
18-Dec-25,131.63,132.31,131.21,131.48,130.47,"181,300"
19-Dec-25,131.87,132.69,131.87,132.56,131.54,"199,900"
22-Dec-25,133.25,133.56,133.09,133.47,132.44,"184,900"
23-Dec-25,132.88,133.63,132.88,133.62,132.93,"228,400"
24-Dec-25,133.52,134.17,133.52,134.04,133.35,"127,500"
26-Dec-25,134.08,134.27,133.88,134.04,133.35,"124,400"
29-Dec-25,133.55,133.83,133.24,133.62,132.93,"242,200"
30-Dec-25,133.5,133.73,133.33,133.42,132.73,"183,600"
31-Dec-25,133.38,133.38,132.34,132.37,131.69,"147,900"
02-Jan-26,133.03,133.1,131.9,132.49,131.8,"288,600"
05-Jan-26,133.02,133.73,133.02,133.38,132.69,"285,800"
06-Jan-26,133.43,134.39,133.34,134.34,133.65,"757,100"
07-Jan-26,134.31,134.66,133.83,133.84,133.15,"249,600"
08-Jan-26,133.76,134.01,133.46,133.79,133.1,"353,500"
09-Jan-26,134.0,134.79,133.73,134.58,133.88,"299,100"
12-Jan-26,133.97,134.87,133.97,134.75,134.05,"300,000"
13-Jan-26,134.8,134.87,134.01,134.46,133.76,"195,400"
14-Jan-26,133.87,133.93,133.01,133.71,133.02,"301,200"
15-Jan-26,134.51,134.74,133.95,134.07,133.38,"378,400"
16-Jan-26,134.33,134.35,133.64,133.82,133.13,"202,500"
20-Jan-26,131.78,132.41,130.92,131.07,130.39,"408,000"
21-Jan-26,131.45,133.1,131.22,132.43,131.75,"2,444,000"
22-Jan-26,133.28,133.52,132.8,133.13,132.44,"350,200"
23-Jan-26,132.99,133.44,132.82,133.21,132.52,"172,300"
26-Jan-26,133.5,134.12,133.5,133.93,133.24,"194,300"
27-Jan-26,134.17,134.46,134.03,134.33,133.64,"165,500"
28-Jan-26,134.53,134.66,133.95,134.23,133.54,"245,800"
29-Jan-26,134.39,134.46,132.27,133.85,133.16,"270,800"
30-Jan-26,133.5,133.79,132.47,133.33,132.64,"194,600"
02-Feb-26,132.93,134.34,132.93,134.08,133.39,"183,900"
03-Feb-26,134.06,134.23,131.78,132.75,132.06,"263,200"
04-Feb-26,132.99,133.15,131.49,132.25,131.57,"340,500"
05-Feb-26,131.32,131.71,130.42,130.72,130.04,"253,800"
06-Feb-26,131.47,133.46,131.44,133.25,132.56,"206,500"
09-Feb-26,133.04,134.18,132.86,133.85,133.16,"181,700"
10-Feb-26,133.99,134.33,133.39,133.45,132.76,"311,200"
11-Feb-26,134.22,134.29,132.88,133.29,132.6,"206,000"
12-Feb-26,133.6,133.77,130.95,131.08,130.4,"265,200"
13-Feb-26,131.11,132.05,130.31,131.17,130.49,"228,500"
17-Feb-26,130.97,131.81,130.13,131.4,130.72,"312,600"
18-Feb-26,131.68,132.8,131.54,132.29,131.61,"361,200"
19-Feb-26,131.74,132.22,131.32,131.9,131.22,"342,300"
20-Feb-26,131.47,132.97,131.47,132.81,132.12,"332,100"
23-Feb-26,132.52,132.93,130.99,131.35,130.67,"293,400"
24-Feb-26,131.27,132.56,131.09,132.46,131.78,"261,900"
25-Feb-26,132.87,133.58,132.87,133.46,132.77,"198,800"
26-Feb-26,133.53,133.57,132.12,133.01,132.32,"290,800"
27-Feb-26,131.73,132.36,131.55,132.26,131.58,"293,200"
02-Mar-26,130.77,132.73,130.77,132.31,131.63,"494,700"
03-Mar-26,130.13,131.69,129.1,131.23,130.55,"707,300"
04-Mar-26,131.44,132.41,131.11,132.05,131.37,"205,700"
05-Mar-26,131.43,132.15,130.21,131.27,130.59,"578,900"
06-Mar-26,129.71,130.17,129.0,129.54,128.87,"406,400"
09-Mar-26,128.35,130.86,127.55,130.57,129.89,"390,100"
10-Mar-26,130.47,131.48,129.78,130.17,129.5,"244,300"
11-Mar-26,130.18,130.58,129.36,129.93,129.26,"237,100"
12-Mar-26,128.94,129.05,127.9,127.94,127.28,"280,300"
13-Mar-26,128.42,128.98,126.96,127.08,126.42,"326,000"
16-Mar-26,128.23,128.94,128.07,128.41,127.75,"329,100"
17-Mar-26,128.98,129.54,128.74,128.89,128.22,"200,700"
18-Mar-26,128.36,128.63,126.93,126.95,126.29,"386,100"
19-Mar-26,126.15,127.32,125.76,126.73,126.07,"1,344,900"
20-Mar-26,126.48,126.48,124.27,124.96,124.31,"349,300"
23-Mar-26,126.82,127.74,126.06,126.31,125.66,"327,300"
24-Mar-26,125.52,126.54,125.14,125.89,125.24,"311,900"
25-Mar-26,126.62,126.99,125.75,126.3,125.99,"252,000"
26-Mar-26,125.31,126.01,124.1,124.19,123.88,"260,200"
27-Mar-26,123.65,123.65,121.82,122.03,121.73,"434,200"
30-Mar-26,123.05,123.21,121.12,121.63,121.33,"320,100"
31-Mar-26,122.97,125.31,122.77,125.13,124.82,"349,700"
01-Apr-26,125.76,126.72,125.63,126.1,125.79,"217,700"
02-Apr-26,124.47,126.75,124.2,126.27,125.96,"1,550,200"
06-Apr-26,126.25,127.05,126.25,126.94,126.63,"171,000"
07-Apr-26,126.54,126.91,125.48,126.88,126.57,"214,600"
08-Apr-26,130.17,130.25,129.28,130.03,129.71,"227,300"
09-Apr-26,129.81,130.88,129.58,130.67,130.35,"167,100"
10-Apr-26,130.95,130.99,130.24,130.35,130.03,"164,000"
13-Apr-26,129.96,131.78,129.88,131.78,131.45,"181,500"
14-Apr-26,132.16,133.31,132.14,133.31,132.98,"441,000"
15-Apr-26,133.51,134.34,133.31,134.3,133.97,"284,900"
16-Apr-26,134.44,134.79,134.09,134.58,134.25,"1,106,400"
17-Apr-26,135.55,136.79,135.55,136.32,135.98,"230,400"
20-Apr-26,136.01,136.38,135.74,136.2,135.86,"407,900"
21-Apr-26,136.56,136.82,135.2,135.44,135.11,"217,100"
22-Apr-26,136.31,136.49,136.02,136.44,136.1,"632,100"
23-Apr-26,136.11,136.51,134.54,135.83,135.49,"276,400"
24-Apr-26,136.09,136.62,135.67,136.52,136.18,"172,900"
27-Apr-26,136.24,136.9,136.24,136.79,136.45,"210,800"
28-Apr-26,136.22,136.35,135.71,136.08,135.74,"168,500"
29-Apr-26,136.02,136.1,135.42,135.98,135.64,"383,000"
30-Apr-26,136.36,137.28,135.68,137.03,136.69,"161,700"
01-May-26,137.68,138.27,137.5,137.52,137.18,"152,600"
04-May-26,137.35,137.83,136.48,137.04,136.7,"205,000"
05-May-26,137.69,138.32,137.69,138.08,137.74,"382,200"
06-May-26,138.88,139.84,138.73,139.75,139.4,"140,900"
07-May-26,139.88,140.03,138.87,139.08,138.74,"178,400"
08-May-26,139.6,139.98,139.6,139.86,139.51,"131,000"
11-May-26,139.55,140.27,139.45,139.99,139.64,"136,800"
12-May-26,139.55,139.92,138.65,139.79,139.44,"211,400"
13-May-26,139.81,140.79,139.35,140.55,140.2,"158,400"
14-May-26,140.89,141.91,140.89,141.67,141.32,"210,100"
15-May-26,140.59,140.79,139.85,140.0,139.65,"234,400"
18-May-26,140.22,140.52,139.16,140.05,139.7,"211,700"
19-May-26,139.34,139.82,138.8,139.11,138.77,"167,400"
20-May-26,139.45,140.71,139.17,140.59,140.24,"604,400"
21-May-26,139.99,141.26,139.82,140.9,140.55,"175,700"
22-May-26,141.52,142.17,141.42,141.57,141.22,"187,300"
26-May-26,142.34,142.8,142.11,142.48,142.13,"216,000"
27-May-26,142.49,142.7,142.23,142.52,142.17,"166,200"
28-May-26,142.39,143.44,142.26,143.34,142.99,"144,200"
29-May-26,143.5,143.95,143.37,143.55,143.2,"388,200"
01-Jun-26,143.29,144.4,143.29,143.99,143.63,"181,200"
02-Jun-26,143.97,144.46,143.84,144.19,143.83,"443,300"
03-Jun-26,143.86,143.99,143.16,143.23,142.88,"217,600"
04-Jun-26,142.99,144.09,142.94,143.89,143.53,"188,200"
05-Jun-26,142.94,143.13,140.07,140.37,140.02,"182,200"
08-Jun-26,141.36,141.73,140.49,140.51,140.16,"242,700"
09-Jun-26,141.33,142.03,137.67,140.37,140.02,"341,200"
10-Jun-26,139.66,140.53,138.12,138.14,137.8,"282,800"
11-Jun-26,138.75,140.78,138.0,140.4,140.05,"242,400"
12-Jun-26,140.86,141.54,139.91,141.1,140.75,"177,600"
15-Jun-26,142.92,143.64,142.81,143.22,142.87,"220,900"
16-Jun-26,143.32,143.46,142.44,142.52,142.17,"194,000"
17-Jun-26,142.54,142.77,140.25,140.57,140.22,"222,900"
18-Jun-26,142.2,142.2,141.49,141.89,141.54,"132,100"
22-Jun-26,141.9,142.54,141.23,141.47,141.12,"191,800"
23-Jun-26,139.5,140.63,139.44,139.75,139.4,"124,200"
24-Jun-26,139.56,140.83,139.24,139.52,139.52,"160,700"
25-Jun-26,140.42,140.48,139.09,139.32,139.32,"242,300"
26-Jun-26,138.61,139.94,138.5,139.31,139.31,"160,000"
29-Jun-26,140.13,141.02,139.52,140.9,140.9,"183,400"
30-Jun-26,140.98,142.08,140.87,141.89,141.89,"284,700"
01-Jul-26,141.51,142.58,141.2,141.85,141.85,"235,700"
02-Jul-26,142.18,142.91,140.85,141.83,141.83,"1,807,100"
06-Jul-26,142.32,143.0,142.27,142.75,142.75,"217,200"
07-Jul-26,142.68,142.93,142.0,142.34,142.34,"196,600"
08-Jul-26,141.66,141.99,140.82,141.87,141.87,"148,000"
09-Jul-26,142.11,143.15,142.06,143.06,143.06,"127,900"
10-Jul-26,143.1,143.8,142.55,143.73,143.73,"132,300"
13-Jul-26,143.25,143.65,142.59,142.81,142.81,"158,500"
14-Jul-26,143.05,143.45,142.68,143.11,143.11,"239,100"
15-Jul-26,143.45,143.8,142.87,143.58,143.58,"294,100"
16-Jul-26,143.31,143.73,142.66,143.16,143.16,"198,600"
17-Jul-26,141.52,142.56,141.5,141.82,141.82,"1,456,800"
20-Jul-26,142.44,142.66,141.47,141.52,141.52,"203,100"
21-Jul-26,142.36,142.66,141.83,142.55,142.55,"2,181,100"
22-Jul-26,142.37,142.83,142.21,142.37,142.37,"280,300"
23-Jul-26,140.83,141.37,140.26,140.72,140.72,"272,600"
24-Jul-26,140.67,141.95,140.67,141.09,141.09,"199,500"
27-Jul-26,142.16,142.43,140.88,141.38,141.38,"151,800"
28-Jul-26,141.49,142.34,141.13,142.08,142.08,"169,600"
29-Jul-26,141.79,142.59,140.12,140.23,140.23,"293,200"
30-Jul-26,141.23,142.04,140.69,141.98,141.98,"183,900"
31-Jul-26,142.29,143.12,141.14,142.8,142.8,"150,500"
03-Aug-26,143.23,144.89,143.23,144.66,144.66,"170,900"
04-Aug-26,145.08,147.56,145.08,147.11,147.11,"177,400"
05-Aug-26,148.05,148.23,146.85,146.91,146.91,"198,200"
06-Aug-26,146.96,147.24,146.46,146.65,146.65,"1,555,500"
07-Aug-26,147.45,147.96,147.19,147.87,147.87,"159,700"
10-Aug-26,147.71,148.13,147.57,147.74,147.74,"130,400"
11-Aug-26,148.1,148.16,147.15,147.26,147.26,"189,300"
12-Aug-26,148.05,148.05,147.47,147.72,147.72,"150,500"
13-Aug-26,148.15,148.93,148.15,148.71,148.71,"180,100"
14-Aug-26,148.8,148.91,148.32,148.53,148.53,"277,700"
17-Aug-26,148.36,148.41,147.73,147.75,147.75,"283,146"
