Date,Open,High,Low,Close,Adj Close,Volume
30-Apr-15,29.5,29.5,29.15,29.15,25.52,"3,1"
01-May-15,29.47,29.47,29.47,29.47,25.8,200
04-May-15,29.75,29.75,29.75,29.75,26.04,100
05-May-15,29.25,29.25,29.25,29.25,25.61,100
06-May-15,29.3,29.3,29.23,29.23,25.59,"2,000"
07-May-15,29.23,29.23,29.23,29.23,25.59,-
08-May-15,29.67,29.75,29.67,29.75,26.04,900
11-May-15,29.75,29.75,29.75,29.75,26.04,-
12-May-15,29.75,29.75,29.75,29.75,26.04,-
13-May-15,29.75,29.75,29.75,29.75,26.04,-
14-May-15,29.75,29.75,29.75,29.75,26.04,-
15-May-15,29.75,29.75,29.75,29.75,26.04,-
18-May-15,29.75,29.75,29.75,29.75,26.04,-
19-May-15,29.75,29.75,29.75,29.75,26.04,-
20-May-15,29.75,29.75,29.75,29.75,26.04,-
21-May-15,29.75,29.75,29.75,29.75,26.04,-
22-May-15,29.75,29.75,29.75,29.75,26.04,-
26-May-15,30.02,30.02,30.02,30.02,26.28,200
27-May-15,30.02,30.02,30.02,30.02,26.28,-
28-May-15,30.47,30.47,30.42,30.42,26.63,500
29-May-15,30.42,30.42,30.42,30.42,26.63,-
01-Jun-15,30.42,30.42,30.42,30.42,26.63,-
02-Jun-15,30.51,30.51,30.51,30.51,26.71,100
03-Jun-15,30.51,30.51,30.51,30.51,26.71,-
04-Jun-15,30.52,30.52,30.51,30.51,26.71,400
05-Jun-15,30.51,30.51,30.51,30.51,26.71,-
08-Jun-15,30.51,30.51,30.51,30.51,26.71,-
09-Jun-15,30.34,30.34,30.34,30.34,26.57,200
10-Jun-15,30.34,30.34,30.34,30.34,26.57,-
11-Jun-15,30.34,30.34,30.34,30.34,26.57,-
12-Jun-15,30.34,30.34,30.34,30.34,26.57,-
15-Jun-15,30.67,30.67,30.67,30.67,26.85,100
16-Jun-15,30.67,30.67,30.67,30.67,26.85,-
17-Jun-15,30.84,30.84,30.79,30.79,26.96,400
18-Jun-15,30.79,30.79,30.79,30.79,26.96,-
19-Jun-15,31.21,31.26,31.21,31.26,27.37,"4,100"
22-Jun-15,31.32,31.39,31.32,31.39,27.48,"1,400"
23-Jun-15,31.39,31.39,31.39,31.39,27.48,100
24-Jun-15,31.15,31.15,31.15,31.15,27.31,400
25-Jun-15,31.15,31.15,31.15,31.15,27.31,-
26-Jun-15,31.06,31.06,31.06,31.06,27.23,300
29-Jun-15,30.81,30.81,30.4,30.41,26.66,800
30-Jun-15,30.41,30.48,30.4,30.44,26.68,"1,400"
01-Jul-15,30.44,30.44,30.44,30.44,26.68,-
02-Jul-15,30.44,30.44,30.44,30.44,26.68,-
06-Jul-15,30.34,30.34,30.34,30.34,26.6,-
07-Jul-15,30.72,30.73,30.1,30.1,26.39,"1,100"
08-Jul-15,30.27,30.27,30.27,30.27,26.53,400
09-Jul-15,30.22,30.31,30.22,30.27,26.53,"1,000"
10-Jul-15,30.27,30.27,30.27,30.27,26.53,-
13-Jul-15,30.86,30.86,30.77,30.77,26.97,"1,600"
14-Jul-15,30.77,30.77,30.77,30.77,26.97,-
15-Jul-15,30.91,30.91,30.91,30.91,27.1,300
16-Jul-15,30.91,30.91,30.91,30.91,27.1,-
17-Jul-15,30.92,30.92,30.92,30.92,27.1,500
20-Jul-15,30.92,30.92,30.92,30.92,27.1,-
21-Jul-15,30.57,30.57,30.57,30.57,26.8,100
22-Jul-15,30.57,30.57,30.57,30.57,26.8,-
23-Jul-15,30.57,30.57,30.57,30.57,26.8,-
24-Jul-15,30.57,30.57,30.57,30.57,26.8,-
27-Jul-15,30.57,30.57,30.57,30.57,26.8,-
28-Jul-15,30.21,30.21,30.21,30.21,26.48,100
29-Jul-15,30.45,30.5,30.45,30.5,26.74,600
30-Jul-15,30.43,30.43,30.43,30.43,26.67,300
31-Jul-15,30.75,30.92,30.75,30.92,27.1,"1,200"
03-Aug-15,30.92,30.92,30.92,30.92,27.1,-
04-Aug-15,30.69,30.69,30.65,30.65,26.87,400
05-Aug-15,30.77,30.77,30.77,30.77,26.97,300
06-Aug-15,30.55,30.55,30.38,30.38,26.63,500
07-Aug-15,30.29,30.29,30.2,30.23,26.5,"1,200"
10-Aug-15,30.23,30.23,30.23,30.23,26.5,-
11-Aug-15,30.23,30.23,30.23,30.23,26.5,-
12-Aug-15,30.0,30.0,30.0,30.0,26.3,200
13-Aug-15,30.0,30.0,30.0,30.0,26.3,-
14-Aug-15,30.0,30.0,30.0,30.0,26.3,-
17-Aug-15,30.0,30.0,30.0,30.0,26.3,-
18-Aug-15,30.65,30.65,30.65,30.65,26.86,200
19-Aug-15,30.28,30.28,30.28,30.28,26.55,600
20-Aug-15,30.28,30.28,30.28,30.28,26.55,-
21-Aug-15,29.97,29.97,29.4,29.55,25.9,"3,300"
24-Aug-15,27.99,27.99,27.73,27.73,24.31,400
25-Aug-15,28.58,28.58,28.58,28.58,25.05,200
26-Aug-15,28.1,28.1,28.09,28.09,24.62,"1,100"
27-Aug-15,29.25,29.26,29.25,29.26,25.65,500
28-Aug-15,29.18,29.28,29.12,29.28,25.67,"1,300"
31-Aug-15,29.24,29.32,29.24,29.32,25.7,300
01-Sep-15,28.44,28.44,28.44,28.44,24.93,100
02-Sep-15,28.67,28.67,28.67,28.67,25.13,300
03-Sep-15,29.05,29.05,29.0,29.0,25.42,400
04-Sep-15,29.0,29.0,29.0,29.0,25.42,-
08-Sep-15,29.14,29.33,29.14,29.33,25.71,"1,300"
09-Sep-15,29.33,29.44,29.21,29.28,25.67,"1,500"
10-Sep-15,29.1,29.33,29.08,29.12,25.53,"3,000"
11-Sep-15,29.0,29.03,28.97,28.98,25.4,"9,900"
14-Sep-15,28.98,28.98,28.98,28.98,25.4,-
15-Sep-15,28.98,28.98,28.98,28.98,25.4,-
16-Sep-15,29.55,29.68,29.55,29.68,26.02,300
17-Sep-15,29.85,30.1,29.81,29.81,26.13,"2,100"
18-Sep-15,29.81,29.81,29.81,29.81,26.13,-
21-Sep-15,29.81,29.81,29.81,29.81,26.13,-
22-Sep-15,29.81,29.81,29.81,29.81,26.13,-
23-Sep-15,29.13,29.13,29.0,29.0,25.42,300
24-Sep-15,29.0,29.0,29.0,29.0,25.42,-
25-Sep-15,29.0,29.0,29.0,29.0,25.49,-
28-Sep-15,29.0,29.0,29.0,29.0,25.49,-
29-Sep-15,29.0,29.0,29.0,29.0,25.49,-
30-Sep-15,28.17,28.19,28.12,28.18,24.77,"2,300"
01-Oct-15,28.15,28.23,28.15,28.22,24.81,"2,200"
02-Oct-15,28.22,28.22,28.22,28.22,24.81,-
05-Oct-15,29.07,29.07,29.0,29.0,25.49,"3,400"
06-Oct-15,29.0,29.0,29.0,29.0,25.49,-
07-Oct-15,29.0,29.0,29.0,29.0,25.49,-
08-Oct-15,29.0,29.0,29.0,29.0,25.49,-
09-Oct-15,29.0,29.0,29.0,29.0,25.49,-
12-Oct-15,29.0,29.0,29.0,29.0,25.49,-
13-Oct-15,29.51,29.51,29.51,29.51,25.94,"1,900"
14-Oct-15,29.55,29.55,29.33,29.35,25.8,"22,000"
15-Oct-15,29.35,29.35,29.35,29.35,25.8,-
16-Oct-15,29.35,29.35,29.35,29.35,25.8,-
19-Oct-15,29.74,29.77,29.73,29.73,26.13,700
20-Oct-15,29.76,29.76,29.76,29.76,26.16,100
21-Oct-15,29.76,29.76,29.76,29.76,26.16,-
22-Oct-15,29.26,29.26,29.25,29.25,25.71,400
23-Oct-15,29.6,29.64,29.53,29.53,25.96,"3,100"
26-Oct-15,29.54,29.59,29.53,29.59,26.01,"2,700"
27-Oct-15,29.54,29.54,29.48,29.52,25.95,"1,000"
28-Oct-15,29.52,29.52,29.52,29.52,25.95,"1,800"
29-Oct-15,29.52,29.52,29.52,29.52,25.95,-
30-Oct-15,29.67,29.67,29.67,29.67,26.08,200
02-Nov-15,29.76,30.19,29.76,30.19,26.54,900
03-Nov-15,30.19,30.19,30.19,30.19,26.54,-
04-Nov-15,30.19,30.19,30.19,30.19,26.54,-
05-Nov-15,30.19,30.19,30.19,30.19,26.54,-
06-Nov-15,30.39,30.39,30.39,30.39,26.71,300
09-Nov-15,30.39,30.39,30.0,30.0,26.37,600
10-Nov-15,30.16,30.16,30.15,30.15,26.5,200
11-Nov-15,30.15,30.15,30.15,30.15,26.5,-
12-Nov-15,29.51,29.51,29.47,29.48,25.91,800
13-Nov-15,29.48,29.48,29.48,29.48,25.91,-
16-Nov-15,29.42,29.42,29.42,29.42,25.86,300
17-Nov-15,29.42,29.42,29.42,29.42,25.86,-
18-Nov-15,29.42,29.42,29.42,29.42,25.86,-
19-Nov-15,29.42,29.42,29.42,29.42,25.86,-
20-Nov-15,30.06,30.06,30.06,30.06,26.42,200
23-Nov-15,30.16,30.16,30.16,30.16,26.51,700
24-Nov-15,30.16,30.16,30.16,30.16,26.51,-
25-Nov-15,30.16,30.16,30.16,30.16,26.51,-
27-Nov-15,28.97,28.97,28.97,28.97,25.47,-
30-Nov-15,28.97,28.97,28.97,28.97,25.47,-
01-Dec-15,28.97,28.97,28.97,28.97,25.47,-
02-Dec-15,30.63,30.63,30.63,30.63,26.92,200
03-Dec-15,30.63,30.63,30.63,30.63,26.92,-
04-Dec-15,30.63,30.63,30.63,30.63,26.92,-
07-Dec-15,30.63,30.63,30.63,30.63,26.92,-
08-Dec-15,29.8,29.8,29.7,29.73,26.13,500
09-Dec-15,29.65,29.65,29.35,29.35,25.8,"1,000"
10-Dec-15,29.5,29.59,29.48,29.59,26.01,"1,500"
11-Dec-15,29.03,29.03,29.03,29.03,25.52,300
14-Dec-15,28.72,28.94,28.72,28.8,25.32,"7,500"
15-Dec-15,29.09,29.09,29.09,29.09,25.57,100
16-Dec-15,29.09,29.09,29.09,29.09,25.57,-
17-Dec-15,29.29,29.42,29.28,29.4,25.84,"1,100"
18-Dec-15,29.19,29.28,29.0,29.0,25.49,"1,600"
21-Dec-15,29.19,29.19,28.98,29.01,25.5,"2,300"
22-Dec-15,29.07,29.35,29.05,29.35,25.8,"1,400"
23-Dec-15,29.68,29.68,29.68,29.68,26.09,100
24-Dec-15,29.68,29.68,29.68,29.68,26.19,-
28-Dec-15,29.47,29.47,29.41,29.41,25.95,"1,800"
29-Dec-15,29.68,29.68,29.68,29.68,26.19,100
30-Dec-15,29.76,29.99,29.65,29.69,26.2,"88,400"
31-Dec-15,29.32,29.62,29.32,29.61,26.13,"40,900"
04-Jan-16,28.39,28.52,28.36,28.52,25.17,"1,200"
05-Jan-16,28.52,28.52,28.52,28.52,25.17,-
06-Jan-16,28.52,28.52,28.52,28.52,25.17,-
07-Jan-16,28.01,28.01,28.01,28.01,24.72,100
08-Jan-16,27.61,28.16,27.61,28.05,24.75,"6,800"
11-Jan-16,27.71,27.71,27.14,27.34,24.12,"3,400"
12-Jan-16,27.59,27.59,27.59,27.59,24.34,200
13-Jan-16,27.59,27.59,27.59,27.59,24.34,-
14-Jan-16,27.59,27.59,27.59,27.59,24.34,-
15-Jan-16,26.37,26.37,26.37,26.37,23.27,200
19-Jan-16,26.94,27.08,26.94,27.08,23.89,"3,000"
20-Jan-16,26.16,26.39,25.97,26.36,23.26,"10,900"
21-Jan-16,26.36,26.36,26.36,26.36,23.26,-
22-Jan-16,26.36,26.36,26.36,26.36,23.26,-
25-Jan-16,27.09,27.09,26.48,26.52,23.4,"5,100"
26-Jan-16,26.73,26.73,26.73,26.73,23.59,200
27-Jan-16,26.73,26.73,26.73,26.73,23.59,-
28-Jan-16,26.73,26.73,26.73,26.73,23.59,-
29-Jan-16,26.73,26.73,26.73,26.73,23.59,-
01-Feb-16,27.35,27.93,27.35,27.9,24.62,"4,200"
02-Feb-16,27.03,27.18,27.03,27.12,23.93,"2,600"
03-Feb-16,26.71,26.71,26.66,26.66,23.53,300
04-Feb-16,26.66,26.66,26.66,26.66,23.53,-
05-Feb-16,26.66,26.66,26.66,26.66,23.53,-
08-Feb-16,26.16,26.26,25.95,26.15,23.08,"1,300"
09-Feb-16,26.15,26.15,25.95,25.95,22.9,"1,000"
10-Feb-16,26.21,26.21,25.91,25.91,22.86,600
11-Feb-16,25.59,25.61,25.42,25.61,22.6,"33,900"
12-Feb-16,25.61,25.61,25.61,25.61,22.6,-
16-Feb-16,26.71,26.71,26.71,26.71,23.57,200
17-Feb-16,26.71,26.71,26.71,26.71,23.57,-
18-Feb-16,26.71,26.71,26.71,26.71,23.57,-
19-Feb-16,27.13,27.16,27.11,27.11,23.92,"2,700"
22-Feb-16,27.37,27.37,27.37,27.37,24.15,200
23-Feb-16,27.37,27.48,27.27,27.27,24.06,"1,900"
24-Feb-16,27.29,27.45,27.29,27.45,24.22,200
25-Feb-16,27.59,27.63,27.5,27.63,24.38,800
26-Feb-16,27.87,27.93,27.75,27.85,24.57,"70,700"
29-Feb-16,27.85,27.92,27.72,27.72,24.46,"2,200"
01-Mar-16,28.04,28.1,27.97,28.1,24.8,"1,800"
02-Mar-16,28.21,28.29,28.11,28.29,24.96,"1,400"
03-Mar-16,28.58,28.59,28.43,28.54,25.18,700
04-Mar-16,28.74,28.88,28.67,28.82,25.43,"11,200"
07-Mar-16,28.82,28.82,28.82,28.82,25.43,"5,100"
08-Mar-16,28.82,28.82,28.82,28.82,25.43,-
09-Mar-16,28.56,28.56,28.48,28.48,25.13,200
10-Mar-16,28.95,28.95,28.37,28.37,25.03,"1,200"
11-Mar-16,28.7,28.83,28.7,28.83,25.44,"1,000"
14-Mar-16,28.98,28.98,28.77,28.78,25.4,"2,100"
15-Mar-16,28.68,28.68,28.4,28.4,25.06,600
16-Mar-16,28.52,28.52,28.52,28.52,25.17,100
17-Mar-16,28.84,28.84,28.83,28.83,25.44,300
18-Mar-16,29.02,29.05,29.02,29.03,25.62,900
21-Mar-16,29.03,29.03,28.98,28.98,25.57,600
22-Mar-16,28.92,28.92,28.92,28.92,25.52,100
23-Mar-16,28.74,28.74,28.62,28.62,25.25,400
24-Mar-16,28.24,28.38,28.24,28.38,25.04,600
28-Mar-16,28.54,28.54,28.54,28.54,25.18,400
29-Mar-16,28.54,28.54,28.54,28.54,25.18,-
30-Mar-16,29.21,29.21,29.21,29.21,25.77,500
31-Mar-16,29.43,29.44,29.33,29.4,25.94,"1,500"
01-Apr-16,29.36,29.41,29.33,29.41,25.95,"1,100"
04-Apr-16,29.24,29.24,29.24,29.24,25.8,200
05-Apr-16,29.0,29.02,28.87,28.94,25.54,"1,400"
06-Apr-16,28.92,28.92,28.92,28.92,25.52,300
07-Apr-16,28.72,28.72,28.72,28.72,25.34,300
08-Apr-16,28.72,28.72,28.72,28.72,25.34,-
11-Apr-16,28.71,28.71,28.71,28.71,25.33,200
12-Apr-16,28.67,28.67,28.67,28.67,25.3,300
13-Apr-16,29.08,29.33,29.08,29.32,25.87,"1,300"
14-Apr-16,29.32,29.32,29.32,29.32,25.87,-
15-Apr-16,29.32,29.32,29.32,29.32,25.87,-
18-Apr-16,29.32,29.32,29.32,29.32,25.87,-
19-Apr-16,29.69,29.73,29.69,29.73,26.23,"1,000"
20-Apr-16,29.72,29.88,29.71,29.87,26.36,"6,400"
21-Apr-16,29.63,29.63,29.59,29.59,26.11,400
22-Apr-16,29.59,29.59,29.59,29.59,26.11,-
25-Apr-16,29.48,29.48,29.48,29.48,26.01,300
26-Apr-16,29.89,29.89,29.89,29.89,26.38,500
27-Apr-16,29.89,29.89,29.89,29.89,26.38,-
28-Apr-16,29.97,29.99,29.64,29.64,26.15,"1,500"
29-Apr-16,29.64,29.64,29.64,29.64,26.15,-
02-May-16,29.55,29.59,29.55,29.59,26.11,"1,000"
03-May-16,28.97,28.97,28.97,28.97,25.56,600
04-May-16,29.16,29.16,29.15,29.15,25.72,"19,100"
05-May-16,29.15,29.15,29.15,29.15,25.72,-
06-May-16,29.15,29.15,29.15,29.15,25.72,-
09-May-16,29.08,29.12,29.03,29.12,25.7,"21,300"
10-May-16,29.3,29.3,29.3,29.3,25.85,"1,400"
11-May-16,29.49,29.49,29.19,29.19,25.76,800
12-May-16,29.05,29.05,29.05,29.05,25.63,600
13-May-16,29.05,29.06,28.83,28.83,25.43,800
16-May-16,29.11,29.11,29.11,29.11,25.69,100
17-May-16,28.95,29.14,28.95,29.14,25.72,200
18-May-16,29.14,29.14,29.14,29.14,25.72,100
19-May-16,28.68,28.68,28.67,28.67,25.29,600
20-May-16,28.24,29.07,28.24,29.02,25.61,"1,400"
23-May-16,29.15,29.17,29.15,29.17,25.74,400
24-May-16,29.17,29.17,29.17,29.17,25.74,-
25-May-16,29.71,29.71,29.71,29.71,26.22,200
26-May-16,29.75,29.75,29.75,29.75,26.25,200
27-May-16,29.77,29.77,29.77,29.77,26.27,500
31-May-16,29.77,29.77,29.77,29.77,26.27,-
01-Jun-16,30.06,30.06,30.06,30.06,26.53,900
02-Jun-16,30.29,30.33,30.2,30.33,26.76,"1,300"
03-Jun-16,30.14,30.14,30.14,30.14,26.6,200
06-Jun-16,30.24,30.55,30.24,30.52,26.93,"269,800"
07-Jun-16,30.52,30.52,30.52,30.52,26.93,-
08-Jun-16,30.66,30.66,30.64,30.64,27.04,"1,500"
09-Jun-16,30.66,30.71,30.59,30.71,27.1,"4,300"
10-Jun-16,30.4,30.4,30.26,30.26,26.7,900
13-Jun-16,30.0,30.04,29.89,29.89,26.37,"1,100"
14-Jun-16,29.89,29.89,29.89,29.89,26.37,"1,300"
15-Jun-16,30.05,30.05,30.05,30.05,26.51,500
16-Jun-16,29.69,29.91,29.69,29.91,26.39,300
17-Jun-16,29.92,29.94,29.66,29.75,26.25,"1,800"
20-Jun-16,30.3,30.3,30.28,30.28,26.72,300
21-Jun-16,29.96,29.96,29.96,29.96,26.48,300
22-Jun-16,30.11,30.11,29.96,29.96,26.49,"1,000"
23-Jun-16,30.32,30.42,30.32,30.39,26.86,400
24-Jun-16,29.59,29.75,29.58,29.72,26.27,"2,300"
27-Jun-16,28.85,28.87,28.62,28.62,25.3,"1,100"
28-Jun-16,28.94,29.0,28.79,28.86,25.51,"6,400"
29-Jun-16,29.41,29.41,29.41,29.41,25.99,"1,200"
30-Jun-16,29.89,29.89,29.42,29.54,26.11,"1,300"
01-Jul-16,30.07,30.07,30.05,30.06,26.57,"1,700"
05-Jul-16,29.82,29.82,29.66,29.66,26.22,500
06-Jul-16,29.72,29.9,29.59,29.88,26.41,"2,100"
07-Jul-16,30.13,30.13,29.8,29.96,26.48,"2,200"
08-Jul-16,30.37,30.62,30.3,30.62,27.06,"4,000"
11-Jul-16,30.62,30.62,30.62,30.62,27.06,200
12-Jul-16,31.1,31.22,31.1,31.2,27.58,"1,200"
13-Jul-16,31.16,31.16,31.08,31.08,27.47,500
14-Jul-16,31.35,31.35,31.12,31.12,27.51,"2,200"
15-Jul-16,31.21,31.21,31.2,31.2,27.58,400
18-Jul-16,31.31,31.31,31.28,31.28,27.65,400
19-Jul-16,31.22,31.22,31.07,31.08,27.47,"23,700"
20-Jul-16,31.13,31.31,31.13,31.3,27.67,"1,200"
21-Jul-16,31.17,31.31,31.06,31.06,27.45,"3,200"
22-Jul-16,31.1,31.39,31.1,31.34,27.7,"1,400"
25-Jul-16,31.15,31.23,31.15,31.23,27.6,700
26-Jul-16,31.4,31.42,31.26,31.42,27.77,"2,700"
27-Jul-16,31.44,31.46,31.35,31.46,27.81,"1,600"
28-Jul-16,31.41,31.44,31.32,31.38,27.74,"2,200"
29-Jul-16,31.27,31.27,31.27,31.27,27.64,"1,100"
01-Aug-16,31.47,31.48,31.46,31.48,27.83,"6,900"
02-Aug-16,31.21,31.21,31.21,31.21,27.59,100
03-Aug-16,30.99,31.11,30.99,31.1,27.49,"5,100"
04-Aug-16,31.1,31.1,31.1,31.1,27.49,-
05-Aug-16,31.49,31.49,31.49,31.49,27.83,200
08-Aug-16,31.39,31.49,31.36,31.4,27.75,"4,200"
09-Aug-16,31.89,31.89,31.46,31.52,27.86,"3,100"
10-Aug-16,31.5,31.5,31.42,31.42,27.77,"1,200"
11-Aug-16,31.44,31.48,31.44,31.48,27.83,"1,000"
12-Aug-16,31.38,31.42,31.31,31.32,27.68,"4,400"
15-Aug-16,31.68,31.73,31.6,31.65,27.98,"8,400"
16-Aug-16,31.48,31.48,31.48,31.48,27.82,400
17-Aug-16,31.27,31.27,31.19,31.19,27.57,"1,700"
18-Aug-16,31.41,31.52,31.41,31.52,27.87,500
19-Aug-16,31.64,31.68,31.44,31.53,27.87,"2,000"
22-Aug-16,31.99,32.63,31.44,31.74,28.05,"1,900"
23-Aug-16,31.74,31.74,31.74,31.74,28.05,-
24-Aug-16,32.11,32.11,31.57,31.57,27.9,"5,500"
25-Aug-16,31.57,31.57,31.57,31.57,27.9,-
26-Aug-16,31.73,31.79,31.44,31.44,27.79,700
29-Aug-16,31.44,31.44,31.44,31.44,27.79,-
30-Aug-16,31.98,31.98,31.77,31.8,28.11,900
31-Aug-16,31.44,31.75,31.44,31.65,27.98,900
01-Sep-16,31.58,31.7,31.45,31.45,27.8,"1,000"
02-Sep-16,32.04,32.04,31.82,31.86,28.17,600
06-Sep-16,31.83,31.92,31.83,31.92,28.22,500
07-Sep-16,32.16,32.16,32.05,32.11,28.38,400
08-Sep-16,32.15,32.15,32.15,32.15,28.42,400
09-Sep-16,31.39,31.39,31.27,31.27,27.64,"1,100"
12-Sep-16,31.27,31.27,31.27,31.27,27.64,-
13-Sep-16,31.57,31.57,30.82,30.94,27.35,"3,000"
14-Sep-16,30.79,30.93,30.7,30.92,27.33,"7,600"
15-Sep-16,31.33,31.33,31.33,31.33,27.7,300
16-Sep-16,31.24,31.34,31.24,31.34,27.7,400
19-Sep-16,31.68,31.68,31.48,31.48,27.83,800
20-Sep-16,31.68,31.68,31.41,31.46,27.81,"1,100"
21-Sep-16,31.53,31.53,31.53,31.53,27.87,100
22-Sep-16,32.21,32.31,32.07,32.31,28.56,"1,700"
23-Sep-16,32.11,32.2,32.05,32.19,28.45,"1,000"
26-Sep-16,31.66,31.7,31.51,31.61,28.0,"1,300"
27-Sep-16,31.63,31.63,31.63,31.63,28.02,400
28-Sep-16,31.84,31.85,31.84,31.85,28.22,400
29-Sep-16,31.85,31.85,31.85,31.85,28.22,-
30-Sep-16,31.64,31.9,31.64,31.85,28.22,800
03-Oct-16,31.81,31.81,31.67,31.67,28.06,"1,000"
04-Oct-16,31.95,31.95,31.6,31.6,28.0,400
05-Oct-16,31.6,31.6,31.6,31.6,28.0,-
06-Oct-16,31.6,31.6,31.6,31.6,28.0,-
07-Oct-16,31.92,31.92,31.71,31.84,28.21,900
10-Oct-16,32.21,32.21,32.13,32.18,28.51,"2,000"
11-Oct-16,31.58,31.67,31.58,31.67,28.06,400
12-Oct-16,31.64,31.64,31.64,31.64,28.03,300
13-Oct-16,31.47,31.47,31.38,31.38,27.8,500
14-Oct-16,31.52,31.52,31.39,31.42,27.84,"1,700"
17-Oct-16,31.37,31.4,31.37,31.4,27.82,300
18-Oct-16,31.26,31.53,31.26,31.53,27.93,"1,200"
19-Oct-16,31.24,31.69,31.18,31.55,27.95,"3,100"
20-Oct-16,31.49,31.49,31.27,31.37,27.8,"3,500"
21-Oct-16,31.16,31.29,31.11,31.29,27.72,"1,500"
24-Oct-16,31.72,31.74,31.64,31.74,28.12,"1,900"
25-Oct-16,31.29,31.29,31.29,31.29,27.72,500
26-Oct-16,31.29,31.29,31.29,31.29,27.72,-
27-Oct-16,31.29,31.29,31.29,31.29,27.72,-
28-Oct-16,31.0,31.0,30.88,30.88,27.36,800
31-Oct-16,30.77,30.97,30.68,30.97,27.44,"1,300"
01-Nov-16,31.0,31.0,30.7,30.78,27.27,"1,500"
02-Nov-16,30.87,30.87,30.42,30.42,26.95,300
03-Nov-16,30.59,30.59,30.34,30.34,26.88,"1,700"
04-Nov-16,30.59,30.83,30.49,30.82,27.31,"2,900"
07-Nov-16,31.25,31.25,31.08,31.08,27.53,"2,200"
08-Nov-16,31.16,31.27,31.05,31.27,27.71,"2,400"
09-Nov-16,32.15,32.15,32.15,32.15,28.48,900
10-Nov-16,32.45,32.65,32.05,32.49,28.78,"5,900"
11-Nov-16,32.55,33.08,32.55,33.08,29.31,"7,800"
14-Nov-16,33.44,33.61,33.38,33.5,29.68,"7,900"
15-Nov-16,33.63,33.71,33.5,33.71,29.86,"2,100"
16-Nov-16,33.72,33.8,33.61,33.8,29.95,500
17-Nov-16,34.0,34.15,33.89,34.07,30.18,"1,400"
18-Nov-16,33.96,34.31,33.96,34.31,30.4,"123,800"
21-Nov-16,34.31,34.35,34.08,34.26,30.36,"7,300"
22-Nov-16,34.4,34.65,34.4,34.65,30.69,"1,800"
23-Nov-16,34.69,34.85,34.69,34.85,30.88,"2,300"
25-Nov-16,34.91,34.94,34.77,34.94,30.95,"1,600"
28-Nov-16,34.65,34.8,34.65,34.78,30.81,"1,400"
29-Nov-16,34.95,34.99,34.95,34.99,31.0,"1,500"
30-Nov-16,35.12,35.12,34.35,34.35,30.43,"32,800"
01-Dec-16,34.45,34.6,34.07,34.09,30.2,"3,300"
02-Dec-16,34.44,34.44,34.0,34.01,30.13,"4,500"
05-Dec-16,34.49,34.94,34.49,34.94,30.95,"15,800"
06-Dec-16,35.25,35.25,34.72,34.95,30.96,"27,300"
07-Dec-16,35.1,35.57,35.1,35.53,31.48,"19,000"
08-Dec-16,35.75,36.22,35.56,36.22,32.09,"12,500"
09-Dec-16,36.29,36.29,35.83,35.92,31.82,"5,100"
12-Dec-16,35.94,35.94,35.61,35.9,31.81,"1,900"
13-Dec-16,36.12,36.12,35.74,35.96,31.86,"3,700"
14-Dec-16,35.8,35.8,35.49,35.49,31.44,"7,700"
15-Dec-16,35.57,35.9,35.57,35.85,31.76,"5,000"
16-Dec-16,36.01,36.15,35.81,35.87,31.78,"4,200"
19-Dec-16,35.9,36.11,35.67,35.98,31.88,"2,500"
20-Dec-16,36.1,36.29,36.08,36.27,32.13,"2,400"
21-Dec-16,36.1,36.33,36.05,36.06,31.95,"5,500"
22-Dec-16,35.6,35.64,35.51,35.51,31.55,"2,200"
23-Dec-16,35.78,35.9,35.74,35.76,31.78,"1,400"
27-Dec-16,36.17,36.17,36.04,36.04,32.02,"4,000"
28-Dec-16,36.26,36.27,35.76,35.76,31.78,"3,600"
29-Dec-16,35.7,35.73,35.53,35.58,31.62,"4,900"
30-Dec-16,36.01,36.01,35.35,35.41,31.47,"13,800"
03-Jan-17,35.78,35.78,35.53,35.53,31.57,"1,300"
04-Jan-17,36.04,36.23,36.01,36.06,32.04,"13,600"
05-Jan-17,36.0,36.0,35.74,35.79,31.81,"43,000"
06-Jan-17,35.58,35.81,35.57,35.8,31.81,"4,700"
09-Jan-17,35.54,35.69,35.47,35.52,31.56,"29,300"
10-Jan-17,35.41,35.79,35.41,35.79,31.8,"2,000"
11-Jan-17,35.82,35.89,35.77,35.89,31.89,"4,000"
12-Jan-17,35.92,35.92,35.23,35.53,31.57,"7,100"
13-Jan-17,35.81,35.81,35.73,35.74,31.76,400
17-Jan-17,35.67,35.67,35.29,35.29,31.36,900
18-Jan-17,35.5,35.5,35.24,35.33,31.39,"5,800"
19-Jan-17,35.13,35.18,35.07,35.17,31.25,"17,300"
20-Jan-17,35.43,35.43,35.23,35.26,31.33,"34,600"
23-Jan-17,35.07,35.19,34.98,35.19,31.27,"6,200"
24-Jan-17,35.35,35.77,35.24,35.77,31.79,"7,300"
25-Jan-17,35.99,36.09,35.93,36.03,32.02,"4,400"
26-Jan-17,36.1,36.14,35.83,35.89,31.89,"103,600"
27-Jan-17,35.77,35.86,35.65,35.83,31.84,"5,100"
30-Jan-17,35.84,35.84,35.1,35.34,31.4,"11,100"
31-Jan-17,35.31,35.36,35.26,35.27,31.34,"1,400"
01-Feb-17,35.78,35.78,35.44,35.58,31.62,"1,300"
02-Feb-17,35.44,35.5,35.15,35.32,31.39,"4,300"
03-Feb-17,35.67,35.88,35.49,35.88,31.88,"19,500"
06-Feb-17,35.83,35.86,35.5,35.5,31.55,"31,400"
07-Feb-17,35.69,35.69,35.53,35.53,31.57,"1,500"
08-Feb-17,35.26,35.4,35.22,35.4,31.45,"3,100"
09-Feb-17,35.69,35.88,35.68,35.88,31.88,"4,900"
10-Feb-17,36.11,36.33,35.86,36.16,32.13,"35,400"
13-Feb-17,36.37,36.37,36.01,36.25,32.21,"4,200"
14-Feb-17,36.14,36.34,36.09,36.3,32.26,"4,600"
15-Feb-17,36.26,36.78,36.22,36.36,32.31,"20,000"
16-Feb-17,36.47,36.47,36.17,36.42,32.36,"3,200"
17-Feb-17,36.27,36.41,36.21,36.41,32.35,"16,900"
21-Feb-17,36.53,36.59,36.53,36.54,32.47,"2,200"
22-Feb-17,36.66,36.66,36.39,36.4,32.35,"6,300"
23-Feb-17,36.59,36.6,35.98,36.25,32.21,"49,200"
24-Feb-17,36.12,36.12,36.12,36.12,32.1,"1,200"
27-Feb-17,36.12,36.41,36.12,36.39,32.34,"2,400"
28-Feb-17,36.15,36.16,35.79,35.88,31.88,"2,100"
01-Mar-17,36.5,36.5,36.25,36.39,32.34,"17,700"
02-Mar-17,36.1,36.1,36.1,36.1,32.08,400
03-Mar-17,36.1,36.25,35.79,36.02,32.01,"13,800"
06-Mar-17,35.8,35.8,35.71,35.76,31.78,"1,700"
07-Mar-17,35.77,35.77,35.58,35.58,31.62,"1,100"
08-Mar-17,35.51,35.53,35.5,35.53,31.57,600
09-Mar-17,35.46,35.46,35.01,35.01,31.11,"55,200"
10-Mar-17,35.41,35.41,35.01,35.13,31.22,"4,300"
13-Mar-17,35.33,35.37,35.25,35.28,31.35,"2,800"
14-Mar-17,35.28,35.28,35.14,35.14,31.23,400
15-Mar-17,35.4,35.75,35.4,35.75,31.76,"1,100"
16-Mar-17,35.87,35.88,35.65,35.72,31.74,"8,700"
17-Mar-17,35.87,35.88,35.69,35.85,31.86,"2,800"
20-Mar-17,35.8,35.8,35.8,35.8,31.81,300
21-Mar-17,35.53,35.53,34.9,34.9,31.01,"3,100"
22-Mar-17,34.71,34.73,34.6,34.64,30.78,"2,500"
23-Mar-17,34.93,35.21,34.93,35.06,31.15,"3,300"
24-Mar-17,35.22,35.25,34.92,34.95,31.1,"15,400"
27-Mar-17,34.52,34.97,34.52,34.85,31.01,"1,900"
28-Mar-17,35.07,35.16,34.97,35.15,31.28,"2,500"
29-Mar-17,35.34,35.42,35.15,35.42,31.52,"1,100"
30-Mar-17,35.5,35.77,35.5,35.77,31.83,"18,200"
31-Mar-17,35.82,35.82,35.53,35.53,31.62,"7,500"
03-Apr-17,35.74,35.74,35.22,35.22,31.34,"2,500"
04-Apr-17,35.29,35.38,35.16,35.16,31.29,"4,500"
05-Apr-17,35.64,35.64,35.02,35.02,31.16,"1,800"
06-Apr-17,35.01,35.21,35.01,35.07,31.21,"6,900"
07-Apr-17,35.22,35.33,35.2,35.21,31.33,"3,200"
10-Apr-17,35.27,35.35,35.2,35.32,31.43,"5,900"
11-Apr-17,35.09,35.5,35.0,35.33,31.44,"1,200"
12-Apr-17,35.5,35.5,34.96,34.98,31.13,"2,800"
13-Apr-17,34.74,34.92,34.55,34.64,30.83,"1,700"
17-Apr-17,34.5,34.96,34.5,34.88,31.04,"16,700"
18-Apr-17,34.97,35.04,34.93,34.99,31.14,"1,400"
19-Apr-17,35.19,35.41,35.1,35.24,31.36,"2,700"
20-Apr-17,35.34,35.74,35.16,35.74,31.81,"25,000"
21-Apr-17,35.72,35.72,35.39,35.55,31.64,"1,800"
24-Apr-17,36.2,36.2,35.98,35.99,32.03,"1,100"
25-Apr-17,36.52,36.52,36.47,36.49,32.47,"3,100"
26-Apr-17,36.55,36.65,36.55,36.65,32.61,"1,500"
27-Apr-17,36.65,36.71,36.47,36.47,32.45,"9,900"
28-Apr-17,36.34,36.34,36.07,36.07,32.1,"3,500"
01-May-17,36.09,36.45,36.07,36.45,32.44,"31,700"
02-May-17,36.28,36.3,36.28,36.3,32.3,300
03-May-17,36.0,36.03,35.83,35.9,31.95,"5,100"
04-May-17,35.9,35.9,35.9,35.9,31.95,-
05-May-17,36.0,36.0,35.89,35.89,31.94,"2,200"
08-May-17,36.0,36.11,35.9,35.9,31.95,"3,200"
09-May-17,36.15,36.15,36.05,36.05,32.08,"1,800"
10-May-17,36.08,36.17,36.07,36.17,32.19,700
11-May-17,36.15,36.15,36.04,36.04,32.07,600
12-May-17,35.88,35.88,35.79,35.87,31.92,600
15-May-17,35.9,36.07,35.9,35.92,31.97,"2,000"
16-May-17,35.98,36.0,35.84,35.91,31.96,"1,900"
17-May-17,35.46,35.47,34.97,34.97,31.12,"3,200"
18-May-17,35.1,35.1,35.01,35.03,31.17,"1,600"
19-May-17,35.29,35.41,35.13,35.13,31.26,"4,400"
22-May-17,35.12,35.56,35.12,35.44,31.53,"17,000"
23-May-17,35.63,35.65,35.47,35.47,31.56,"2,100"
24-May-17,35.45,35.49,35.42,35.42,31.52,"1,400"
25-May-17,35.51,35.55,35.51,35.55,31.64,"1,400"
26-May-17,35.43,35.54,35.43,35.54,31.62,900
30-May-17,35.35,35.35,35.35,35.35,31.46,700
31-May-17,35.5,35.5,34.94,35.39,31.49,"8,500"
01-Jun-17,35.44,35.75,35.44,35.75,31.81,"4,600"
02-Jun-17,36.19,36.53,36.19,36.27,32.28,"6,700"
05-Jun-17,36.13,36.13,35.94,35.94,31.99,"1,400"
06-Jun-17,35.86,36.13,35.86,36.13,32.16,"1,500"
07-Jun-17,35.88,36.13,35.88,36.13,32.15,"8,200"
08-Jun-17,36.09,36.63,36.09,36.63,32.59,700
09-Jun-17,36.91,37.12,36.6,36.76,32.72,"21,900"
12-Jun-17,36.68,36.68,36.6,36.68,32.64,"1,100"
13-Jun-17,36.74,36.79,36.59,36.69,32.65,"4,500"
14-Jun-17,36.6,36.6,36.37,36.38,32.38,"2,600"
15-Jun-17,36.15,36.19,36.15,36.19,32.21,700
16-Jun-17,36.12,36.12,35.94,36.01,32.05,"2,200"
19-Jun-17,36.31,36.5,36.31,36.5,32.48,700
20-Jun-17,36.09,36.15,36.02,36.12,32.14,"2,700"
21-Jun-17,36.2,36.25,36.02,36.02,32.05,"1,600"
22-Jun-17,36.06,36.1,35.93,36.01,32.05,"23,000"
23-Jun-17,36.25,36.25,36.15,36.17,32.19,"4,400"
26-Jun-17,36.53,36.53,36.24,36.42,32.41,"2,900"
27-Jun-17,36.3,36.31,36.1,36.1,32.2,"2,000"
28-Jun-17,36.49,36.51,36.49,36.51,32.56,"1,000"
29-Jun-17,36.5,36.5,35.94,36.24,32.32,"8,100"
30-Jun-17,36.39,36.4,36.15,36.24,32.32,"11,900"
03-Jul-17,36.43,36.6,36.43,36.6,32.64,"1,100"
05-Jul-17,36.46,36.46,36.21,36.43,32.49,"1,500"
06-Jul-17,36.3,36.3,35.98,35.99,32.1,"3,800"
07-Jul-17,36.25,36.36,36.25,36.33,32.4,"1,400"
10-Jul-17,36.46,36.46,36.34,36.35,32.42,"2,600"
11-Jul-17,36.26,36.33,36.04,36.31,32.38,"3,600"
12-Jul-17,36.81,36.81,36.46,36.63,32.67,"1,900"
13-Jul-17,36.66,36.66,36.42,36.49,32.54,"1,000"
14-Jul-17,36.59,36.73,36.59,36.73,32.76,"1,500"
17-Jul-17,36.54,36.87,36.54,36.82,32.84,"6,500"
18-Jul-17,36.77,36.8,36.59,36.68,32.71,"4,900"
19-Jul-17,37.03,37.04,36.95,37.03,33.03,"2,800"
20-Jul-17,36.91,37.07,36.81,37.07,33.06,700
21-Jul-17,36.95,36.95,36.86,36.87,32.88,"2,000"
24-Jul-17,36.87,36.99,36.84,36.87,32.89,"70,600"
25-Jul-17,37.1,37.3,37.1,37.12,33.1,"12,100"
26-Jul-17,36.92,37.17,36.92,37.01,33.01,"2,100"
27-Jul-17,37.08,37.09,36.67,36.7,32.73,"3,700"
28-Jul-17,36.59,36.59,36.46,36.59,32.63,"3,000"
31-Jul-17,36.66,36.72,36.54,36.66,32.69,"15,300"
01-Aug-17,36.71,36.82,36.54,36.77,32.79,"10,500"
02-Aug-17,36.58,36.58,36.2,36.36,32.43,"2,200"
03-Aug-17,36.26,36.29,36.1,36.19,32.28,"3,600"
04-Aug-17,36.33,36.33,36.24,36.25,32.33,"1,800"
07-Aug-17,36.22,36.49,36.22,36.38,32.44,"11,900"
08-Aug-17,36.72,36.72,36.24,36.24,32.32,"73,300"
09-Aug-17,36.06,36.08,35.85,35.93,32.04,"4,100"
10-Aug-17,35.7,35.7,35.4,35.4,31.57,"8,100"
11-Aug-17,35.45,35.45,35.31,35.44,31.61,"21,400"
14-Aug-17,35.78,36.0,35.78,35.97,32.08,"5,900"
15-Aug-17,36.0,36.0,35.73,35.76,31.89,"9,800"
16-Aug-17,35.78,35.94,35.61,35.73,31.87,"6,700"
17-Aug-17,35.72,35.72,35.04,35.04,31.25,"2,400"
18-Aug-17,34.93,35.16,34.88,35.09,31.29,"18,800"
21-Aug-17,34.9,35.0,34.9,35.0,31.21,"1,900"
22-Aug-17,35.19,35.42,35.15,35.4,31.57,"6,900"
23-Aug-17,35.23,35.37,35.18,35.3,31.48,"3,200"
24-Aug-17,35.29,35.38,35.23,35.34,31.52,"2,500"
25-Aug-17,35.56,35.56,35.31,35.35,31.53,"2,600"
28-Aug-17,35.5,35.51,35.38,35.45,31.61,"7,200"
29-Aug-17,35.23,35.6,35.15,35.6,31.74,"10,700"
30-Aug-17,35.56,35.72,35.56,35.69,31.83,"1,200"
31-Aug-17,36.08,36.1,35.99,36.04,32.14,"7,100"
01-Sep-17,36.09,36.18,36.09,36.13,32.23,"1,600"
05-Sep-17,36.2,36.2,35.76,35.81,31.93,"7,100"
06-Sep-17,35.73,35.91,35.72,35.86,31.98,"2,200"
07-Sep-17,35.79,35.79,35.54,35.66,31.8,"1,300"
08-Sep-17,35.85,35.85,35.76,35.76,31.89,400
11-Sep-17,36.11,36.28,36.11,36.28,32.36,"2,500"
12-Sep-17,36.56,36.56,36.45,36.51,32.56,"2,900"
13-Sep-17,36.55,36.58,36.51,36.58,32.62,600
14-Sep-17,36.7,36.7,36.51,36.51,32.56,"3,200"
15-Sep-17,36.63,36.69,36.6,36.65,32.69,"1,700"
18-Sep-17,36.92,37.05,36.92,36.99,32.99,"3,000"
19-Sep-17,37.0,37.0,36.97,36.99,32.99,500
20-Sep-17,36.96,37.14,36.96,37.07,33.06,"3,000"
21-Sep-17,37.02,37.07,37.02,37.07,33.06,900
22-Sep-17,37.05,37.19,37.05,37.19,33.17,"1,000"
25-Sep-17,37.22,37.29,37.05,37.23,33.2,"3,200"
26-Sep-17,37.22,37.36,37.14,37.26,33.3,"3,000"
27-Sep-17,37.53,38.01,37.53,38.01,33.97,500
28-Sep-17,37.79,38.17,37.78,38.13,34.08,"2,500"
29-Sep-17,38.28,38.28,38.06,38.1,34.05,"18,600"
02-Oct-17,38.45,38.5,38.3,38.5,34.41,"10,900"
03-Oct-17,38.59,38.64,38.59,38.64,34.53,500
04-Oct-17,38.62,38.62,38.55,38.56,34.46,"1,000"
05-Oct-17,38.57,38.62,38.57,38.62,34.52,400
06-Oct-17,38.75,38.75,38.56,38.69,34.58,"1,000"
09-Oct-17,38.72,38.72,38.45,38.5,34.41,"36,800"
10-Oct-17,38.74,38.74,38.58,38.68,34.57,"45,800"
11-Oct-17,38.81,38.81,38.6,38.68,34.57,"3,100"
12-Oct-17,38.72,38.75,38.62,38.68,34.57,"5,500"
13-Oct-17,38.67,38.67,38.52,38.57,34.47,"4,800"
16-Oct-17,38.55,38.63,38.55,38.59,34.49,"4,500"
17-Oct-17,38.65,38.7,38.44,38.44,34.36,"14,800"
18-Oct-17,38.78,38.83,38.53,38.82,34.7,"161,300"
19-Oct-17,38.53,38.66,38.4,38.66,34.55,"3,800"
20-Oct-17,38.86,38.94,38.86,38.86,34.73,"1,800"
23-Oct-17,38.87,38.87,38.69,38.69,34.58,"93,000"
24-Oct-17,38.8,38.86,38.76,38.81,34.69,"9,100"
25-Oct-17,38.7,38.7,38.42,38.63,34.52,"4,100"
26-Oct-17,38.87,38.87,38.8,38.8,34.68,"1,100"
27-Oct-17,38.79,39.11,38.79,39.11,34.96,"3,800"
30-Oct-17,38.89,38.89,38.45,38.47,34.38,"5,500"
31-Oct-17,38.69,39.04,38.69,38.82,34.7,"13,700"
01-Nov-17,39.33,39.33,38.43,38.57,34.47,"9,000"
02-Nov-17,38.49,38.68,38.49,38.63,34.53,"5,600"
03-Nov-17,38.62,38.67,38.62,38.65,34.54,"1,500"
06-Nov-17,38.68,38.74,38.62,38.7,34.59,"13,300"
07-Nov-17,38.87,38.87,38.21,38.31,34.24,"54,400"
08-Nov-17,38.48,38.55,38.22,38.55,34.46,"1,200"
09-Nov-17,38.28,38.28,37.98,38.24,34.17,"1,300"
10-Nov-17,38.42,38.42,38.33,38.34,34.27,"7,800"
13-Nov-17,38.21,38.45,38.13,38.42,34.34,"15,200"
14-Nov-17,38.25,38.36,38.23,38.33,34.26,"10,200"
15-Nov-17,37.99,38.2,37.97,38.12,34.07,"19,500"
16-Nov-17,38.55,38.76,38.55,38.71,34.6,"1,700"
17-Nov-17,38.63,38.94,38.63,38.86,34.73,"10,600"
20-Nov-17,38.97,39.05,38.93,39.05,34.9,"8,500"
21-Nov-17,39.15,39.56,39.15,39.56,35.36,"5,700"
22-Nov-17,39.53,39.59,39.45,39.45,35.26,"3,300"
24-Nov-17,39.42,39.42,39.32,39.37,35.19,"3,200"
27-Nov-17,39.5,39.52,39.3,39.31,35.13,"13,300"
28-Nov-17,39.47,39.68,39.47,39.55,35.35,"1,700"
29-Nov-17,39.96,40.22,39.91,40.04,35.78,"17,600"
30-Nov-17,40.25,40.25,39.98,40.09,35.83,"53,300"
01-Dec-17,40.0,40.0,38.91,39.55,35.35,"12,000"
04-Dec-17,40.38,40.38,39.45,39.47,35.28,"48,000"
05-Dec-17,39.54,39.63,39.31,39.31,35.14,"5,100"
06-Dec-17,39.28,39.28,39.17,39.18,35.02,"4,900"
07-Dec-17,39.32,39.47,39.32,39.36,35.18,"5,000"
08-Dec-17,39.6,39.6,39.31,39.31,35.13,"3,600"
11-Dec-17,39.5,39.5,39.11,39.11,34.96,"72,100"
12-Dec-17,39.12,39.31,39.11,39.11,34.96,"10,700"
13-Dec-17,39.39,39.48,39.37,39.39,35.21,"35,700"
14-Dec-17,39.4,39.4,38.89,38.89,34.76,"27,400"
15-Dec-17,39.32,39.66,39.31,39.55,35.35,"7,000"
18-Dec-17,39.9,40.14,39.8,39.97,35.72,"26,200"
19-Dec-17,40.29,40.29,39.6,39.67,35.46,"9,400"
20-Dec-17,39.72,39.87,39.66,39.79,35.56,"17,000"
21-Dec-17,39.72,39.82,39.66,39.7,35.62,"4,700"
22-Dec-17,39.57,39.69,39.51,39.65,35.58,"17,900"
26-Dec-17,39.54,39.59,39.53,39.56,35.49,"3,500"
27-Dec-17,39.65,39.68,39.51,39.52,35.46,"7,400"
28-Dec-17,39.75,39.75,39.53,39.59,35.52,"13,000"
29-Dec-17,39.64,39.66,39.48,39.52,35.46,"4,600"
02-Jan-18,39.47,39.79,39.47,39.79,35.7,"20,100"
03-Jan-18,39.79,39.79,39.64,39.75,35.67,"5,400"
04-Jan-18,39.79,39.9,39.77,39.86,35.77,"13,900"
05-Jan-18,39.91,39.95,39.81,39.93,35.83,"6,100"
08-Jan-18,40.05,40.17,39.78,40.11,35.99,"10,800"
09-Jan-18,40.09,40.09,40.07,40.08,35.96,"3,400"
10-Jan-18,39.73,39.99,39.73,39.83,35.74,"7,700"
11-Jan-18,40.33,40.49,40.28,40.49,36.33,"14,800"
12-Jan-18,40.66,40.86,40.62,40.67,36.49,"14,100"
16-Jan-18,40.97,41.05,40.33,40.36,36.21,"14,800"
17-Jan-18,40.6,40.94,40.57,40.89,36.69,"8,300"
18-Jan-18,40.72,40.78,40.66,40.75,36.56,"12,200"
19-Jan-18,40.79,41.18,40.73,41.15,36.92,"7,000"
22-Jan-18,41.17,41.47,41.17,41.47,37.21,"23,800"
23-Jan-18,41.45,41.55,41.25,41.49,37.23,"24,700"
24-Jan-18,41.79,41.79,41.15,41.3,37.06,"18,800"
25-Jan-18,41.37,41.37,41.06,41.26,37.02,"20,700"
26-Jan-18,41.19,41.41,41.1,41.4,37.15,"8,300"
29-Jan-18,41.09,41.4,41.09,41.09,36.87,"12,000"
30-Jan-18,40.82,40.95,40.74,40.78,36.59,"17,900"
31-Jan-18,40.66,40.73,40.47,40.54,36.38,"13,400"
01-Feb-18,40.56,40.7,40.37,40.51,36.35,"10,600"
02-Feb-18,40.51,40.51,39.77,39.77,35.68,"4,400"
05-Feb-18,39.41,39.6,38.41,38.41,34.46,"17,800"
06-Feb-18,37.81,38.82,37.75,38.63,34.66,"15,700"
07-Feb-18,38.62,38.89,38.6,38.69,34.72,"22,800"
08-Feb-18,38.67,38.67,37.82,37.86,33.97,"9,000"
09-Feb-18,37.9,37.9,36.95,37.61,33.75,"230,300"
12-Feb-18,37.94,38.33,37.67,38.14,34.22,"16,300"
13-Feb-18,38.13,38.29,38.02,38.29,34.36,"4,500"
14-Feb-18,37.95,38.98,37.95,38.91,34.91,"24,500"
15-Feb-18,38.95,39.35,38.95,39.28,35.24,"7,200"
16-Feb-18,39.35,39.58,39.35,39.53,35.47,"8,000"
20-Feb-18,39.28,39.49,39.01,39.11,35.09,"9,900"
21-Feb-18,39.42,39.72,39.3,39.3,35.26,"7,900"
22-Feb-18,39.36,39.36,39.1,39.1,35.08,500
23-Feb-18,39.1,39.47,39.1,39.47,35.42,"5,000"
26-Feb-18,39.63,39.87,39.43,39.83,35.74,"222,100"
27-Feb-18,39.91,39.92,39.29,39.33,35.29,"17,000"
28-Feb-18,39.43,39.43,38.75,38.75,34.77,"9,200"
01-Mar-18,38.85,39.03,38.33,38.62,34.65,"7,800"
02-Mar-18,38.28,39.04,38.28,39.0,35.0,"4,700"
05-Mar-18,38.91,39.46,38.81,39.34,35.3,"18,200"
06-Mar-18,39.52,39.79,39.39,39.77,35.68,"58,200"
07-Mar-18,39.88,40.17,39.88,40.17,36.04,"3,000"
08-Mar-18,40.05,40.3,39.79,40.05,35.94,"38,400"
09-Mar-18,40.2,40.7,40.2,40.7,36.52,"42,200"
12-Mar-18,40.85,40.91,40.76,40.88,36.68,"14,900"
13-Mar-18,41.11,41.11,40.62,40.69,36.51,"8,500"
14-Mar-18,40.68,40.76,40.47,40.52,36.36,"6,700"
15-Mar-18,40.53,40.61,40.33,40.41,36.26,"2,200"
16-Mar-18,40.34,40.83,40.34,40.7,36.52,"11,700"
19-Mar-18,40.53,40.53,40.1,40.1,35.98,"8,600"
20-Mar-18,40.51,40.51,40.29,40.31,36.17,"2,200"
21-Mar-18,40.52,40.73,40.51,40.53,36.37,"7,100"
22-Mar-18,40.17,40.17,39.51,39.57,35.56,"6,500"
23-Mar-18,39.6,39.6,38.58,38.58,34.67,"17,300"
26-Mar-18,39.15,39.49,38.84,39.48,35.48,"33,900"
27-Mar-18,39.37,39.51,39.13,39.18,35.21,"3,800"
28-Mar-18,39.17,39.17,38.72,38.77,34.84,"19,100"
29-Mar-18,39.17,39.47,39.12,39.12,35.16,"6,900"
02-Apr-18,39.07,39.1,38.12,38.46,34.56,"15,900"
03-Apr-18,38.73,38.9,38.55,38.9,34.96,"5,800"
04-Apr-18,38.68,39.34,38.67,39.34,35.36,"22,900"
05-Apr-18,39.5,39.67,39.37,39.6,35.59,"8,800"
06-Apr-18,39.24,39.31,38.66,38.87,34.94,"11,000"
09-Apr-18,39.02,39.35,38.93,38.93,34.99,"16,200"
10-Apr-18,39.05,39.62,39.05,39.52,35.52,"13,000"
11-Apr-18,39.15,39.65,39.15,39.43,35.44,"7,300"
12-Apr-18,39.68,39.91,39.68,39.77,35.74,"14,100"
13-Apr-18,39.68,39.75,39.51,39.63,35.62,"16,000"
16-Apr-18,39.99,40.05,39.78,40.05,35.99,"12,500"
17-Apr-18,40.28,40.47,40.2,40.39,36.3,"23,400"
18-Apr-18,40.58,40.63,40.42,40.42,36.32,"5,500"
19-Apr-18,40.16,40.26,39.98,40.03,35.98,"31,100"
20-Apr-18,40.17,40.17,39.83,39.83,35.8,"24,500"
23-Apr-18,40.12,40.12,39.74,39.76,35.73,"19,700"
24-Apr-18,40.08,40.08,39.44,39.58,35.57,"14,600"
25-Apr-18,39.46,39.56,39.28,39.46,35.46,"13,300"
26-Apr-18,39.55,39.69,39.44,39.56,35.55,"28,200"
27-Apr-18,39.49,39.49,39.35,39.4,35.41,"6,900"
30-Apr-18,39.49,39.49,39.02,39.07,35.12,"41,700"
01-May-18,38.91,39.11,38.65,39.11,35.15,"16,000"
02-May-18,39.32,39.6,39.22,39.44,35.45,"5,700"
03-May-18,39.52,39.52,38.89,39.24,35.27,"7,600"
04-May-18,39.24,39.81,39.22,39.77,35.74,"2,800"
07-May-18,39.98,40.14,39.77,39.98,35.93,"21,900"
08-May-18,39.99,40.09,39.93,40.05,35.99,"13,300"
09-May-18,40.02,40.43,40.02,40.42,36.33,"26,900"
10-May-18,40.43,40.77,40.43,40.63,36.52,"8,800"
11-May-18,40.86,40.88,40.67,40.83,36.7,"15,000"
14-May-18,40.96,40.97,40.7,40.72,36.6,"28,900"
15-May-18,40.43,40.8,40.43,40.72,36.6,"12,200"
16-May-18,40.94,41.33,40.92,41.1,36.94,"16,100"
17-May-18,41.28,41.47,41.16,41.41,37.22,"11,900"
18-May-18,41.28,41.44,41.28,41.39,37.2,"17,900"
21-May-18,41.69,41.74,41.47,41.58,37.37,"26,900"
22-May-18,41.78,41.83,41.56,41.56,37.35,"29,500"
23-May-18,41.54,41.54,41.4,41.46,37.26,"3,300"
24-May-18,41.51,41.62,41.3,41.62,37.41,"6,200"
25-May-18,41.63,41.71,41.55,41.62,37.41,"6,700"
29-May-18,41.51,41.72,41.47,41.63,37.41,"15,800"
30-May-18,42.03,42.31,42.03,42.23,37.95,"30,400"
31-May-18,42.26,42.26,41.8,41.85,37.61,"10,600"
01-Jun-18,42.12,42.17,42.01,42.1,37.84,"66,800"
04-Jun-18,42.33,42.55,42.2,42.55,38.24,"133,600"
05-Jun-18,42.63,42.82,42.45,42.82,38.48,"33,700"
06-Jun-18,42.93,43.03,42.77,43.03,38.67,"11,300"
07-Jun-18,43.04,43.11,42.6,42.77,38.44,"33,000"
08-Jun-18,42.75,42.91,42.69,42.88,38.54,"458,600"
11-Jun-18,43.05,43.05,42.82,43.0,38.65,"25,600"
12-Jun-18,42.89,43.1,42.86,42.95,38.6,"22,500"
13-Jun-18,43.06,43.06,42.74,42.78,38.45,"15,800"
14-Jun-18,42.76,42.97,42.67,42.95,38.6,"22,000"
15-Jun-18,42.76,42.97,42.64,42.97,38.62,"24,400"
18-Jun-18,42.97,43.14,42.71,43.14,38.77,"116,800"
19-Jun-18,42.86,43.08,42.54,43.01,38.65,"27,500"
20-Jun-18,43.19,43.39,43.03,43.37,38.98,"24,600"
21-Jun-18,43.3,43.3,42.95,43.04,38.68,"27,400"
22-Jun-18,43.45,43.45,42.83,42.91,38.57,"11,700"
25-Jun-18,42.72,42.72,42.1,42.24,37.96,"23,300"
26-Jun-18,42.19,42.63,42.04,42.39,38.19,"88,700"
27-Jun-18,42.63,42.63,41.82,41.82,37.68,"35,000"
28-Jun-18,41.93,42.06,41.63,41.99,37.83,"51,100"
29-Jun-18,42.04,42.2,41.82,41.82,37.68,"12,200"
02-Jul-18,41.74,42.24,41.6,42.24,38.05,"30,900"
03-Jul-18,42.43,42.54,42.28,42.31,38.12,"93,500"
05-Jul-18,42.49,42.74,42.28,42.7,38.47,"52,000"
06-Jul-18,42.6,43.17,42.6,43.1,38.83,"33,300"
09-Jul-18,43.28,43.38,43.1,43.38,39.08,"20,300"
10-Jul-18,43.39,43.46,43.07,43.22,38.94,"22,700"
11-Jul-18,42.94,43.13,42.8,42.83,38.59,"36,100"
12-Jul-18,43.0,43.01,42.64,42.93,38.67,"28,600"
13-Jul-18,43.05,43.17,42.85,42.91,38.66,"94,500"
16-Jul-18,42.93,42.95,42.6,42.7,38.47,"28,100"
17-Jul-18,42.82,43.09,42.82,42.98,38.72,"17,200"
18-Jul-18,43.0,43.21,42.87,43.14,38.86,"31,900"
19-Jul-18,43.15,43.52,43.03,43.45,39.14,"18,600"
20-Jul-18,43.57,43.57,43.28,43.36,39.06,"21,400"
23-Jul-18,43.25,43.52,43.16,43.41,39.11,"15,200"
24-Jul-18,43.66,43.66,42.9,43.08,38.81,"34,800"
25-Jul-18,43.28,43.28,42.91,43.17,38.89,"18,900"
26-Jul-18,43.21,43.64,43.21,43.53,39.22,"21,000"
27-Jul-18,43.67,43.67,42.73,42.88,38.63,"22,300"
30-Jul-18,42.99,42.99,42.6,42.6,38.38,"19,100"
31-Jul-18,42.91,43.12,42.73,43.03,38.77,"23,500"
01-Aug-18,43.04,43.09,42.94,43.0,38.74,"137,900"
02-Aug-18,43.1,43.56,42.89,43.56,39.24,"268,000"
03-Aug-18,43.74,43.74,43.19,43.44,39.13,"22,100"
06-Aug-18,43.61,43.73,43.4,43.65,39.32,"16,000"
07-Aug-18,43.89,44.0,43.79,43.83,39.49,"19,400"
08-Aug-18,44.03,44.03,43.45,43.74,39.4,"17,000"
09-Aug-18,43.92,43.92,43.71,43.76,39.42,"26,600"
10-Aug-18,43.53,43.85,43.46,43.59,39.27,"13,900"
13-Aug-18,43.58,43.69,43.25,43.42,39.12,"29,800"
14-Aug-18,43.49,43.95,43.49,43.92,39.57,"10,000"
15-Aug-18,43.8,43.8,43.24,43.4,39.09,"20,700"
16-Aug-18,43.68,43.89,43.59,43.76,39.42,"22,600"
17-Aug-18,43.67,43.91,43.52,43.87,39.52,"23,100"
20-Aug-18,43.99,44.23,43.94,44.16,39.78,"30,900"
21-Aug-18,44.34,44.71,44.34,44.6,40.18,"17,700"
22-Aug-18,44.54,44.77,44.54,44.67,40.24,"14,700"
23-Aug-18,44.86,44.86,44.49,44.58,40.16,"102,800"
24-Aug-18,44.64,44.73,44.55,44.71,40.28,"24,100"
27-Aug-18,44.62,45.04,44.62,44.75,40.31,"25,400"
28-Aug-18,44.72,44.9,44.63,44.82,40.38,"26,800"
29-Aug-18,44.79,44.94,44.62,44.87,40.42,"42,400"
30-Aug-18,44.6,44.92,44.58,44.74,40.31,"11,800"
31-Aug-18,44.42,44.92,44.42,44.86,40.41,"22,200"
04-Sep-18,44.75,44.85,44.49,44.73,40.3,"15,500"
05-Sep-18,44.96,44.96,44.37,44.73,40.3,"14,400"
06-Sep-18,44.86,44.86,44.45,44.53,40.11,"28,300"
07-Sep-18,44.57,44.61,44.24,44.27,39.88,"30,900"
10-Sep-18,44.42,44.56,44.35,44.4,40.0,"16,600"
11-Sep-18,44.4,44.49,44.24,44.39,39.99,"14,400"
12-Sep-18,44.34,44.34,43.99,44.28,39.89,"36,700"
13-Sep-18,44.63,44.63,44.16,44.2,39.82,"22,400"
14-Sep-18,44.43,44.5,44.25,44.48,40.07,"18,400"
17-Sep-18,44.42,44.42,43.94,43.97,39.61,"14,300"
18-Sep-18,44.09,44.2,43.98,44.07,39.7,"24,000"
19-Sep-18,43.89,44.11,43.65,43.7,39.37,"29,200"
20-Sep-18,43.77,44.16,43.77,44.06,39.69,"15,100"
21-Sep-18,44.09,44.28,43.92,43.94,39.59,"53,100"
24-Sep-18,43.96,44.0,43.68,43.85,39.5,"25,300"
25-Sep-18,43.86,43.9,43.77,43.81,39.47,"12,500"
26-Sep-18,43.8,43.81,43.36,43.44,39.23,"36,400"
27-Sep-18,43.4,43.64,43.38,43.38,39.18,"9,300"
28-Sep-18,43.47,43.68,43.38,43.46,39.24,"16,900"
01-Oct-18,43.82,43.82,42.98,43.15,38.96,"20,000"
02-Oct-18,43.02,43.02,42.56,42.64,38.5,"40,400"
03-Oct-18,43.02,43.08,42.56,42.9,38.74,"113,300"
04-Oct-18,42.66,42.78,42.19,42.3,38.2,"48,300"
05-Oct-18,42.46,42.46,41.76,42.03,37.95,"23,900"
08-Oct-18,41.94,42.05,41.6,41.88,37.82,"28,900"
09-Oct-18,41.84,42.08,41.74,41.74,37.69,"16,300"
10-Oct-18,41.66,41.66,40.8,40.8,36.84,"29,700"
11-Oct-18,40.54,40.83,39.89,39.89,36.02,"53,600"
12-Oct-18,40.53,40.53,39.63,39.94,36.07,"24,400"
15-Oct-18,39.89,40.29,39.79,40.28,36.37,"13,600"
16-Oct-18,40.34,41.26,40.19,41.17,37.18,"30,900"
17-Oct-18,41.04,41.17,40.78,41.17,37.18,"36,200"
18-Oct-18,40.81,40.95,40.29,40.35,36.44,"17,600"
19-Oct-18,40.59,40.61,39.95,40.02,36.14,"19,400"
22-Oct-18,40.23,40.27,39.92,40.11,36.22,"25,600"
23-Oct-18,39.66,40.04,39.1,39.83,35.97,"37,900"
24-Oct-18,39.88,39.88,38.52,38.57,34.83,"24,100"
25-Oct-18,38.91,39.42,38.89,39.27,35.46,"19,600"
26-Oct-18,38.75,39.35,38.51,38.86,35.09,"29,900"
29-Oct-18,39.43,39.79,38.53,38.91,35.14,"73,200"
30-Oct-18,39.11,39.7,39.11,39.7,35.85,"30,600"
31-Oct-18,40.0,40.16,39.69,39.69,35.84,"22,800"
01-Nov-18,40.01,40.43,39.8,40.4,36.48,"22,100"
02-Nov-18,40.33,40.78,40.19,40.39,36.47,"28,200"
05-Nov-18,40.32,40.59,40.17,40.41,36.49,"18,900"
06-Nov-18,40.4,40.77,40.4,40.68,36.73,"22,600"
07-Nov-18,40.86,41.39,40.67,41.39,37.38,"222,800"
08-Nov-18,41.43,41.48,41.11,41.33,37.32,"293,100"
09-Nov-18,41.09,41.09,40.31,40.63,36.69,"255,600"
12-Nov-18,40.49,40.49,39.84,39.84,35.98,"129,700"
13-Nov-18,39.9,40.35,39.81,39.9,36.03,"10,800"
14-Nov-18,40.08,40.32,39.41,39.65,35.8,"7,700"
15-Nov-18,39.42,40.17,39.36,40.01,36.13,"25,700"
16-Nov-18,39.89,40.27,39.74,40.27,36.36,"17,600"
19-Nov-18,40.06,40.06,39.26,39.37,35.55,"43,600"
20-Nov-18,38.95,39.24,38.65,38.7,34.95,"40,000"
21-Nov-18,38.88,39.4,38.74,39.04,35.25,"40,200"
23-Nov-18,38.85,39.34,38.85,39.08,35.29,"31,800"
26-Nov-18,39.61,39.61,39.35,39.61,35.77,"12,700"
27-Nov-18,39.52,39.52,39.18,39.3,35.49,"20,300"
28-Nov-18,39.4,40.24,39.14,40.19,36.29,"12,300"
29-Nov-18,40.07,40.36,39.86,40.13,36.24,"60,800"
30-Nov-18,39.96,40.43,39.96,40.36,36.45,"44,400"
03-Dec-18,40.7,40.77,40.3,40.77,36.82,"20,000"
04-Dec-18,40.94,40.94,39.0,39.11,35.32,"147,000"
06-Dec-18,38.6,38.96,38.08,38.91,35.14,"38,500"
07-Dec-18,38.99,38.99,38.0,38.08,34.39,"81,100"
10-Dec-18,38.27,38.32,37.61,38.05,34.36,"60,000"
11-Dec-18,38.52,38.61,37.8,38.06,34.37,"45,200"
12-Dec-18,38.39,38.86,38.37,38.38,34.66,"594,700"
13-Dec-18,38.49,38.49,37.79,37.85,34.18,"20,300"
14-Dec-18,37.74,37.88,37.1,37.28,33.66,"24,100"
17-Dec-18,36.87,37.28,36.19,36.24,32.85,"208,300"
18-Dec-18,36.42,36.8,36.28,36.34,32.95,"56,200"
19-Dec-18,36.33,36.65,35.44,35.58,32.25,"64,000"
20-Dec-18,35.42,35.69,34.7,35.08,31.8,"138,100"
21-Dec-18,35.02,35.35,34.19,34.21,31.01,"267,500"
24-Dec-18,33.9,34.23,33.54,33.54,30.41,"93,300"
26-Dec-18,33.62,35.24,33.6,35.1,31.82,"260,100"
27-Dec-18,34.96,35.3,34.16,35.3,32.0,"170,800"
28-Dec-18,35.47,35.97,35.24,35.53,32.21,"135,200"
31-Dec-18,35.67,35.82,35.3,35.82,32.47,"157,900"
02-Jan-19,35.27,35.9,35.27,35.83,32.48,"26,800"
03-Jan-19,35.75,35.75,34.95,35.2,31.91,"53,000"
04-Jan-19,35.69,36.4,35.6,36.35,32.95,"28,000"
07-Jan-19,36.24,37.01,36.24,36.73,33.3,"29,900"
08-Jan-19,37.22,37.35,36.8,37.34,33.85,"27,100"
09-Jan-19,37.64,37.86,37.47,37.75,34.22,"68,400"
10-Jan-19,37.67,37.95,37.51,37.95,34.4,"32,400"
11-Jan-19,37.82,38.06,37.71,37.95,34.4,"392,500"
14-Jan-19,37.81,37.86,37.58,37.69,34.17,"21,200"
15-Jan-19,37.81,37.96,37.64,37.94,34.39,"33,100"
16-Jan-19,38.02,38.32,38.02,38.25,34.68,"21,800"
17-Jan-19,38.19,38.64,38.17,38.55,34.95,"58,700"
18-Jan-19,38.67,38.99,38.59,38.86,35.23,"17,800"
22-Jan-19,38.54,38.7,38.13,38.24,34.67,"29,800"
23-Jan-19,38.53,38.56,38.17,38.37,34.79,"29,600"
24-Jan-19,38.57,38.83,38.55,38.76,35.14,"25,100"
25-Jan-19,39.0,39.31,38.95,39.25,35.58,"20,800"
28-Jan-19,38.97,39.06,38.73,38.99,35.35,"47,400"
29-Jan-19,38.96,39.05,38.78,38.91,35.28,"21,500"
30-Jan-19,39.23,39.36,38.87,39.24,35.57,"32,300"
31-Jan-19,39.36,39.65,39.17,39.61,35.91,"37,200"
01-Feb-19,39.69,39.73,39.37,39.56,35.87,"96,800"
04-Feb-19,39.57,39.89,39.49,39.89,36.16,"15,900"
05-Feb-19,40.1,40.11,39.8,40.0,36.26,"41,100"
06-Feb-19,39.82,39.97,39.71,39.92,36.19,"66,700"
07-Feb-19,39.81,39.84,39.39,39.7,35.99,"24,100"
08-Feb-19,39.36,39.68,39.34,39.59,35.89,"17,800"
11-Feb-19,39.63,39.94,39.63,39.94,36.21,"75,100"
12-Feb-19,40.19,40.47,40.19,40.47,36.69,"61,300"
13-Feb-19,40.6,40.74,40.42,40.64,36.84,"40,900"
14-Feb-19,40.39,40.86,40.39,40.73,36.92,"34,100"
15-Feb-19,40.81,41.32,40.81,41.29,37.43,"52,600"
19-Feb-19,41.2,41.51,41.17,41.4,37.53,"37,000"
20-Feb-19,41.4,41.74,41.4,41.58,37.7,"29,900"
21-Feb-19,41.55,41.61,41.33,41.55,37.67,"40,000"
22-Feb-19,41.5,41.84,41.5,41.8,37.9,"44,100"
25-Feb-19,41.97,42.14,41.68,41.7,37.8,"520,600"
26-Feb-19,41.66,41.72,41.33,41.37,37.51,"34,100"
27-Feb-19,41.21,41.45,41.12,41.33,37.47,"72,800"
28-Feb-19,41.37,41.48,41.21,41.28,37.42,"9,600"
01-Mar-19,41.51,41.65,41.34,41.58,37.7,"20,500"
04-Mar-19,41.65,41.65,41.01,41.12,37.28,"25,100"
05-Mar-19,41.28,41.28,40.91,40.97,37.14,"18,500"
06-Mar-19,41.11,41.11,40.26,40.31,36.54,"18,700"
07-Mar-19,40.4,40.4,39.84,39.96,36.23,"56,600"
08-Mar-19,39.72,39.92,39.7,39.92,36.19,"38,700"
11-Mar-19,39.98,40.56,39.98,40.56,36.77,"30,900"
12-Mar-19,40.62,40.71,40.45,40.59,36.8,"34,100"
13-Mar-19,40.76,40.89,40.59,40.7,36.9,"41,400"
14-Mar-19,40.6,40.65,40.45,40.52,36.73,"9,300"
15-Mar-19,40.47,40.86,40.47,40.48,36.7,"32,400"
18-Mar-19,40.71,40.92,40.47,40.8,36.99,"40,200"
19-Mar-19,40.88,40.93,40.52,40.58,36.79,"32,200"
20-Mar-19,40.33,40.58,39.86,40.06,36.41,"41,900"
21-Mar-19,40.13,40.72,40.13,40.63,36.93,"21,300"
22-Mar-19,40.48,40.48,39.3,39.3,35.72,"20,400"
25-Mar-19,39.4,39.66,39.0,39.53,35.93,"26,100"
26-Mar-19,39.93,40.13,39.6,39.87,36.24,"24,900"
27-Mar-19,39.74,39.83,39.29,39.66,36.05,"34,600"
28-Mar-19,39.83,40.1,39.64,40.0,36.36,"29,200"
29-Mar-19,40.34,40.34,39.94,40.11,36.46,"28,200"
01-Apr-19,40.33,40.63,40.33,40.62,36.92,"24,100"
02-Apr-19,40.57,40.57,40.28,40.44,36.76,"29,100"
03-Apr-19,40.74,40.83,40.53,40.66,36.96,"28,200"
04-Apr-19,40.57,40.88,40.57,40.83,37.11,"32,200"
05-Apr-19,40.86,41.27,40.86,41.21,37.46,"33,200"
08-Apr-19,41.02,41.19,40.86,41.13,37.39,"54,000"
09-Apr-19,41.0,41.1,40.65,40.67,36.97,"67,300"
10-Apr-19,40.84,41.26,40.83,41.19,37.44,"123,400"
11-Apr-19,41.46,41.46,41.13,41.24,37.49,"210,600"
12-Apr-19,41.43,41.43,41.13,41.34,37.58,"37,300"
15-Apr-19,41.25,41.36,41.18,41.27,37.51,"14,800"
16-Apr-19,41.38,41.4,41.21,41.33,37.57,"51,300"
17-Apr-19,41.15,41.23,40.71,40.92,37.2,"15,200"
18-Apr-19,40.77,40.94,40.58,40.79,37.08,"51,300"
22-Apr-19,40.75,40.9,40.51,40.68,36.98,"70,000"
23-Apr-19,40.76,41.38,40.72,41.35,37.59,"27,800"
24-Apr-19,41.33,41.67,41.33,41.66,37.87,"45,400"
25-Apr-19,41.17,41.33,40.95,41.27,37.51,"20,000"
26-Apr-19,41.14,41.62,41.12,41.62,37.83,"15,900"
29-Apr-19,41.8,41.85,41.6,41.73,37.93,"15,900"
30-Apr-19,41.58,41.63,41.32,41.56,37.78,"211,700"
01-May-19,41.56,41.79,41.27,41.27,37.51,"25,700"
02-May-19,41.36,41.63,41.14,41.55,37.77,"20,100"
03-May-19,41.67,42.15,41.67,42.15,38.31,"23,100"
06-May-19,41.56,42.19,41.56,42.13,38.29,"29,700"
07-May-19,41.83,41.93,41.06,41.33,37.57,"17,800"
08-May-19,41.3,41.34,41.07,41.07,37.33,"14,600"
09-May-19,40.7,41.04,40.34,40.99,37.26,"44,800"
10-May-19,40.89,41.11,40.25,40.93,37.2,"38,100"
13-May-19,40.3,40.41,39.58,39.66,36.05,"148,400"
14-May-19,39.94,40.22,39.7,40.11,36.46,"33,600"
15-May-19,39.86,40.25,39.79,40.24,36.58,"12,200"
16-May-19,40.22,40.61,40.2,40.31,36.64,"28,500"
17-May-19,40.05,40.35,39.71,39.81,36.19,"19,700"
20-May-19,39.45,39.68,39.3,39.41,35.82,"60,100"
21-May-19,39.6,40.01,39.6,39.9,36.27,"28,800"
22-May-19,39.9,39.9,39.5,39.66,36.05,"26,300"
23-May-19,39.35,39.35,38.64,38.79,35.26,"43,200"
24-May-19,39.08,39.2,38.93,39.07,35.51,"12,000"
28-May-19,39.3,39.3,38.88,38.93,35.39,"29,300"
29-May-19,38.62,38.62,38.28,38.4,34.91,"33,100"
30-May-19,38.68,38.8,38.3,38.49,34.99,"39,900"
31-May-19,37.84,38.1,37.78,37.92,34.47,"57,100"
03-Jun-19,38.1,38.23,37.89,38.03,34.57,"33,700"
04-Jun-19,38.54,39.03,38.47,39.03,35.48,"14,800"
05-Jun-19,39.2,39.2,38.66,38.93,35.39,"47,600"
06-Jun-19,39.3,39.3,38.67,39.05,35.5,"31,000"
07-Jun-19,39.22,39.41,39.16,39.28,35.7,"21,600"
10-Jun-19,39.76,39.77,39.46,39.51,35.91,"21,400"
11-Jun-19,40.0,40.0,39.27,39.45,35.86,"23,800"
12-Jun-19,39.44,39.54,39.24,39.46,35.87,"16,800"
13-Jun-19,39.78,39.79,39.54,39.77,36.15,"56,300"
14-Jun-19,39.56,39.61,39.37,39.37,35.79,"18,300"
17-Jun-19,39.48,39.58,39.34,39.34,35.89,"38,500"
18-Jun-19,39.68,40.1,39.68,39.87,36.38,"21,400"
19-Jun-19,39.85,40.1,39.83,40.09,36.58,"26,400"
20-Jun-19,40.57,40.57,40.15,40.28,36.75,"228,900"
21-Jun-19,40.1,40.1,39.83,39.94,36.44,"52,400"
24-Jun-19,39.88,39.88,39.44,39.44,35.98,"36,900"
25-Jun-19,39.59,39.6,39.19,39.27,35.83,"31,800"
26-Jun-19,39.47,39.47,39.11,39.16,35.73,"84,700"
27-Jun-19,39.47,39.78,39.38,39.78,36.29,"15,600"
28-Jun-19,40.0,40.32,39.89,40.29,36.76,"31,000"
01-Jul-19,40.78,40.78,40.22,40.38,36.84,"43,500"
02-Jul-19,40.57,40.57,40.04,40.2,36.68,"50,500"
03-Jul-19,40.44,40.56,40.26,40.48,36.94,"20,600"
05-Jul-19,40.46,40.65,40.15,40.6,37.04,"22,200"
08-Jul-19,40.57,40.57,40.18,40.28,36.75,"31,400"
09-Jul-19,40.18,40.18,40.02,40.17,36.65,"13,400"
10-Jul-19,40.43,40.53,40.22,40.34,36.81,"46,900"
11-Jul-19,40.43,40.43,39.99,40.13,36.61,"18,200"
12-Jul-19,40.26,40.58,40.14,40.5,36.95,"72,000"
15-Jul-19,40.54,40.69,40.26,40.46,36.92,"24,900"
16-Jul-19,40.49,40.54,40.32,40.37,36.83,"73,500"
17-Jul-19,40.41,40.41,40.1,40.13,36.61,"22,500"
18-Jul-19,40.04,40.38,40.04,40.26,36.73,"34,200"
19-Jul-19,40.25,40.45,40.11,40.12,36.61,"22,200"
22-Jul-19,40.28,40.38,40.02,40.05,36.54,"28,400"
23-Jul-19,40.12,40.34,40.06,40.29,36.76,"28,200"
24-Jul-19,40.63,41.16,40.53,41.12,37.52,"27,300"
25-Jul-19,41.22,41.22,40.69,40.77,37.2,"23,300"
26-Jul-19,40.88,41.24,40.88,41.11,37.51,"22,400"
29-Jul-19,41.02,41.11,40.94,41.11,37.51,"21,300"
30-Jul-19,40.82,41.36,40.82,41.35,37.73,"28,500"
31-Jul-19,41.46,41.53,40.85,41.07,37.47,"19,600"
01-Aug-19,41.02,41.44,40.46,40.49,36.94,"24,300"
02-Aug-19,40.36,40.36,39.78,40.04,36.53,"35,100"
05-Aug-19,39.47,39.47,38.65,38.94,35.53,"34,000"
06-Aug-19,39.05,39.28,38.75,39.16,35.73,"25,400"
07-Aug-19,39.05,39.27,38.61,39.27,35.83,"28,200"
08-Aug-19,39.55,40.25,39.55,40.25,36.72,"28,600"
09-Aug-19,40.17,40.17,39.54,39.65,36.18,"17,400"
12-Aug-19,39.5,39.5,39.09,39.19,35.75,"20,100"
13-Aug-19,39.12,39.82,39.12,39.62,36.15,"35,900"
14-Aug-19,38.93,39.01,38.37,38.37,35.01,"25,800"
15-Aug-19,38.47,38.53,38.24,38.39,35.03,"21,900"
16-Aug-19,38.45,39.17,38.44,39.14,35.71,"21,700"
19-Aug-19,39.65,39.74,39.52,39.52,36.06,"41,500"
20-Aug-19,39.32,39.46,39.16,39.16,35.73,"16,900"
21-Aug-19,39.57,39.57,39.38,39.52,36.06,"13,600"
22-Aug-19,39.66,39.68,39.31,39.5,36.04,"18,400"
23-Aug-19,39.4,39.42,38.26,38.37,35.01,"43,900"
26-Aug-19,38.74,38.74,38.38,38.71,35.32,"32,600"
27-Aug-19,39.05,39.05,38.22,38.3,34.94,"37,400"
28-Aug-19,38.12,38.7,38.11,38.6,35.22,"31,800"
29-Aug-19,38.93,39.3,38.93,39.2,35.77,"28,200"
30-Aug-19,39.27,39.32,38.97,39.13,35.7,"30,800"
03-Sep-19,38.69,38.91,38.44,38.56,35.18,"34,700"
04-Sep-19,39.02,39.03,38.76,38.96,35.55,"37,900"
05-Sep-19,39.48,39.83,39.33,39.63,36.16,"36,600"
06-Sep-19,39.66,39.75,39.46,39.46,36.01,"7,000"
09-Sep-19,39.64,39.92,39.51,39.85,36.36,"24,400"
10-Sep-19,39.79,40.18,39.61,40.18,36.66,"31,600"
11-Sep-19,40.15,40.86,40.15,40.86,37.28,"18,100"
12-Sep-19,40.85,40.89,40.71,40.84,37.26,"24,700"
13-Sep-19,41.06,41.16,40.8,40.85,37.27,"34,400"
16-Sep-19,40.79,40.92,40.74,40.86,37.28,"15,200"
17-Sep-19,40.65,40.86,40.58,40.86,37.28,"41,000"
18-Sep-19,40.79,40.79,40.22,40.66,37.1,"16,800"
19-Sep-19,40.8,40.96,40.54,40.54,36.99,"115,200"
20-Sep-19,40.59,40.73,40.27,40.38,36.84,"31,900"
23-Sep-19,40.4,40.64,40.33,40.52,36.97,"54,300"
24-Sep-19,40.58,40.58,39.79,39.89,36.5,"41,700"
25-Sep-19,39.78,40.37,39.76,40.33,36.9,"79,600"
26-Sep-19,40.28,40.28,39.83,40.01,36.61,"29,400"
27-Sep-19,40.1,40.13,39.51,39.71,36.33,"28,600"
30-Sep-19,39.8,40.06,39.72,39.89,36.5,"142,200"
01-Oct-19,40.14,40.34,39.21,39.24,35.9,"102,800"
02-Oct-19,38.76,38.87,38.53,38.82,35.52,"59,600"
03-Oct-19,38.6,38.98,38.3,38.98,35.67,"410,300"
04-Oct-19,39.24,39.39,38.96,39.39,36.04,"17,800"
07-Oct-19,39.37,39.53,39.18,39.31,35.97,"71,900"
08-Oct-19,38.81,38.86,38.6,38.6,35.32,"30,600"
09-Oct-19,38.8,38.97,38.77,38.83,35.52,"115,900"
10-Oct-19,38.92,39.23,38.92,38.98,35.67,"34,800"
11-Oct-19,39.31,40.1,39.31,39.77,36.39,"57,700"
14-Oct-19,39.63,39.71,39.42,39.56,36.2,"135,300"
15-Oct-19,39.6,40.15,39.6,39.89,36.5,"39,600"
16-Oct-19,39.78,40.1,39.78,39.96,36.56,"23,200"
17-Oct-19,40.37,40.46,40.24,40.4,36.97,"38,800"
18-Oct-19,40.37,40.43,40.02,40.25,36.83,"26,600"
21-Oct-19,40.65,40.82,40.6,40.6,37.15,"20,200"
22-Oct-19,40.8,40.8,40.56,40.57,37.12,"52,200"
23-Oct-19,40.56,40.76,40.48,40.6,37.15,"27,000"
24-Oct-19,40.63,40.76,40.46,40.64,37.18,"28,000"
25-Oct-19,40.64,41.01,40.64,40.9,37.42,"18,700"
28-Oct-19,41.02,41.4,41.02,41.27,37.76,"35,200"
29-Oct-19,41.25,41.5,41.24,41.35,37.83,"37,000"
30-Oct-19,41.41,41.41,41.12,41.32,37.8,"27,400"
31-Oct-19,41.09,41.1,40.69,40.95,37.47,"40,700"
01-Nov-19,41.1,41.55,41.1,41.51,37.98,"37,900"
04-Nov-19,41.84,41.92,41.66,41.86,38.3,"35,600"
05-Nov-19,42.02,42.08,41.72,41.75,38.2,"41,900"
06-Nov-19,41.66,41.75,41.5,41.6,38.06,"47,600"
07-Nov-19,42.08,42.08,41.52,41.58,38.04,"20,500"
08-Nov-19,41.36,41.73,41.36,41.71,38.16,"16,600"
11-Nov-19,41.49,41.67,41.33,41.64,38.1,"73,100"
12-Nov-19,41.6,41.92,41.6,41.71,38.16,"30,500"
13-Nov-19,41.52,41.66,41.42,41.58,38.05,"32,000"
14-Nov-19,41.5,41.75,41.5,41.62,38.08,"21,600"
15-Nov-19,41.86,41.92,41.76,41.87,38.31,"12,200"
18-Nov-19,41.76,41.85,41.68,41.78,38.23,"52,600"
19-Nov-19,41.97,42.0,41.71,41.9,38.34,"26,600"
20-Nov-19,41.82,41.94,41.41,41.62,38.08,"27,700"
21-Nov-19,41.54,41.54,41.3,41.42,37.9,"47,700"
22-Nov-19,41.43,41.54,41.28,41.52,37.99,"34,300"
25-Nov-19,41.58,42.37,41.58,42.33,38.73,"44,300"
26-Nov-19,42.4,42.59,42.33,42.48,38.87,"20,400"
27-Nov-19,42.69,42.74,42.58,42.74,39.11,"28,400"
29-Nov-19,42.86,42.86,42.5,42.5,38.89,"6,200"
02-Dec-19,42.45,42.45,41.93,41.93,38.37,"18,200"
03-Dec-19,41.58,41.81,41.53,41.8,38.25,"30,200"
04-Dec-19,41.91,42.19,41.77,41.99,38.42,"61,700"
05-Dec-19,42.13,42.21,42.03,42.17,38.58,"38,800"
06-Dec-19,42.53,42.78,42.49,42.59,38.97,"31,000"
09-Dec-19,42.6,42.64,42.45,42.51,38.9,"25,100"
10-Dec-19,42.54,42.56,42.34,42.44,38.83,"24,600"
11-Dec-19,42.44,42.49,42.3,42.38,38.78,"37,800"
12-Dec-19,42.4,42.93,42.4,42.68,39.05,"53,000"
13-Dec-19,42.56,42.84,42.34,42.44,38.83,"33,600"
16-Dec-19,42.56,42.71,42.48,42.48,39.08,"35,300"
17-Dec-19,42.64,42.74,42.5,42.72,39.3,"27,800"
18-Dec-19,42.73,42.92,42.68,42.86,39.43,"43,800"
19-Dec-19,42.81,42.92,42.79,42.87,39.44,"37,500"
20-Dec-19,42.95,43.09,42.95,42.99,39.55,"46,600"
23-Dec-19,43.06,43.06,42.8,42.93,39.49,"33,100"
24-Dec-19,42.96,43.0,42.89,43.0,39.56,"42,100"
26-Dec-19,42.98,43.08,42.91,43.0,39.56,"27,500"
27-Dec-19,43.22,43.22,42.81,42.9,39.47,"22,000"
30-Dec-19,42.95,42.96,42.64,42.85,39.42,"51,500"
31-Dec-19,42.77,43.06,42.77,42.91,39.48,"45,000"
02-Jan-20,43.26,43.26,42.53,42.87,39.44,"31,600"
03-Jan-20,42.39,42.82,42.25,42.76,39.33,"31,300"
06-Jan-20,42.45,42.78,42.23,42.74,39.32,"29,900"
07-Jan-20,42.65,42.7,42.47,42.59,39.18,"24,400"
08-Jan-20,42.74,42.9,42.65,42.76,39.34,"21,700"
09-Jan-20,42.92,43.0,42.82,42.86,39.43,"24,400"
10-Jan-20,42.86,43.02,42.66,42.78,39.36,"74,900"
13-Jan-20,42.81,43.16,42.81,43.16,39.71,"24,800"
14-Jan-20,43.06,43.41,42.93,43.22,39.76,"43,000"
15-Jan-20,43.16,43.5,43.16,43.43,39.95,"26,100"
16-Jan-20,43.68,43.97,43.68,43.97,40.45,"267,800"
17-Jan-20,44.18,44.18,43.82,43.94,40.42,"54,900"
21-Jan-20,43.82,43.82,43.6,43.69,40.19,"303,900"
22-Jan-20,43.76,43.93,43.73,43.73,40.23,"27,200"
23-Jan-20,43.56,43.8,43.38,43.73,40.23,"44,400"
24-Jan-20,43.79,43.9,42.98,43.2,39.74,"64,800"
27-Jan-20,42.6,42.89,42.52,42.7,39.28,"66,400"
28-Jan-20,42.85,43.13,42.63,43.0,39.56,"37,400"
29-Jan-20,43.06,43.2,42.82,42.85,39.42,"45,600"
30-Jan-20,42.55,42.71,42.23,42.69,39.27,"53,300"
31-Jan-20,42.4,42.57,41.67,41.79,38.44,"28,000"
03-Feb-20,41.94,42.39,41.94,42.16,38.79,"41,200"
04-Feb-20,42.67,42.88,42.6,42.6,39.19,"38,800"
05-Feb-20,43.29,43.29,42.9,43.17,39.71,"32,600"
06-Feb-20,43.44,43.48,43.1,43.17,39.71,"22,500"
07-Feb-20,43.09,43.09,42.5,42.57,39.16,"25,600"
10-Feb-20,42.46,42.75,42.46,42.74,39.32,"46,400"
11-Feb-20,43.0,43.22,43.0,43.08,39.63,"20,600"
12-Feb-20,43.32,43.41,43.22,43.38,39.91,"17,200"
13-Feb-20,43.07,43.5,43.07,43.42,39.94,"29,200"
14-Feb-20,43.42,43.42,43.14,43.2,39.74,"26,800"
18-Feb-20,43.15,43.28,43.01,43.22,39.76,"39,600"
19-Feb-20,43.22,43.46,43.14,43.25,39.79,"25,500"
20-Feb-20,43.06,43.28,42.69,43.06,39.61,"220,400"
21-Feb-20,42.87,42.87,42.55,42.61,39.2,"35,800"
24-Feb-20,41.44,41.59,41.24,41.38,38.07,"32,100"
25-Feb-20,41.55,41.55,40.0,40.01,36.81,"40,900"
26-Feb-20,40.23,40.52,39.54,39.64,36.47,"71,800"
27-Feb-20,38.8,39.53,38.19,38.19,35.13,"66,100"
28-Feb-20,37.25,37.8,36.95,37.59,34.58,"90,100"
02-Mar-20,37.74,38.65,37.15,38.65,35.56,"165,200"
03-Mar-20,38.6,39.23,37.31,37.78,34.75,"89,900"
04-Mar-20,38.57,38.92,37.99,38.87,35.76,"48,900"
05-Mar-20,37.88,38.23,37.14,37.54,34.53,"82,000"
06-Mar-20,36.58,37.49,36.38,37.28,34.3,"142,900"
09-Mar-20,34.35,35.28,33.98,33.98,31.26,"250,300"
10-Mar-20,35.21,35.21,33.65,35.04,32.24,"101,400"
11-Mar-20,34.17,34.28,32.57,33.06,30.41,"142,000"
12-Mar-20,31.09,38.77,29.52,29.89,27.5,"263,200"
13-Mar-20,31.2,31.81,29.24,31.81,29.26,"255,500"
16-Mar-20,28.07,29.44,26.39,27.58,25.37,"238,200"
17-Mar-20,28.08,28.96,26.85,28.6,26.31,"161,300"
18-Mar-20,26.84,27.38,24.18,25.55,23.5,"201,100"
19-Mar-20,25.72,27.66,25.14,26.94,24.78,"621,600"
20-Mar-20,27.67,28.1,26.11,26.2,24.1,"124,600"
23-Mar-20,26.91,26.91,24.9,25.64,23.59,"224,800"
24-Mar-20,27.09,28.12,26.81,28.02,25.78,"253,600"
25-Mar-20,28.09,29.49,27.51,28.67,26.48,"279,100"
26-Mar-20,29.19,30.44,29.01,30.2,27.9,"619,900"
27-Mar-20,29.35,30.05,28.9,29.26,27.03,"321,600"
30-Mar-20,29.61,30.06,28.94,30.03,27.74,"219,600"
31-Mar-20,29.98,30.23,29.23,29.79,27.52,"97,800"
01-Apr-20,28.62,28.68,27.6,27.96,25.83,"347,300"
02-Apr-20,27.84,28.68,27.39,28.17,26.02,"98,600"
03-Apr-20,28.01,28.12,27.0,27.44,25.35,"70,000"
06-Apr-20,28.53,29.56,28.53,29.45,27.2,"155,600"
07-Apr-20,30.39,31.05,29.53,29.7,27.43,"120,200"
08-Apr-20,30.23,31.18,30.06,31.02,28.65,"78,700"
09-Apr-20,31.73,32.44,31.66,32.14,29.69,"87,400"
13-Apr-20,32.06,32.06,30.99,31.23,28.85,"1,156,900"
14-Apr-20,32.13,32.28,31.51,31.96,29.52,"172,700"
15-Apr-20,30.94,30.97,30.4,30.64,28.3,"245,700"
16-Apr-20,30.66,30.87,30.04,30.61,28.27,"262,900"
17-Apr-20,31.55,31.86,31.35,31.78,29.36,"232,300"
20-Apr-20,31.09,31.54,30.86,31.0,28.63,"127,700"
21-Apr-20,30.13,30.49,29.98,30.15,27.85,"66,600"
22-Apr-20,30.72,30.83,30.51,30.58,28.25,"92,100"
23-Apr-20,30.7,31.37,30.7,30.97,28.61,"106,700"
24-Apr-20,31.17,31.49,30.85,31.29,28.9,"103,600"
27-Apr-20,31.57,32.74,31.57,32.57,30.09,"211,100"
28-Apr-20,33.24,33.45,32.62,32.96,30.45,"129,400"
29-Apr-20,33.94,34.83,33.94,34.52,31.89,"216,700"
30-Apr-20,33.96,33.96,33.35,33.41,30.86,"154,900"
01-May-20,32.72,32.72,31.82,32.24,29.78,"112,000"
04-May-20,31.85,32.12,31.64,32.09,29.64,"90,800"
05-May-20,32.63,33.13,32.15,32.25,29.79,"41,400"
06-May-20,32.4,32.58,31.93,31.95,29.51,"200,100"
07-May-20,32.3,32.76,32.3,32.47,29.99,"98,200"
08-May-20,32.99,33.57,32.99,33.54,30.98,"51,200"
11-May-20,33.23,33.67,32.98,33.37,30.82,"94,600"
12-May-20,33.52,33.52,32.04,32.04,29.6,"46,500"
13-May-20,31.89,31.89,30.55,30.98,28.62,"75,800"
14-May-20,30.47,31.25,29.81,31.25,28.87,"47,100"
15-May-20,31.04,31.7,30.94,31.62,29.21,"59,300"
18-May-20,32.72,33.65,32.72,33.53,30.97,"218,300"
19-May-20,33.4,33.78,33.09,33.09,30.57,"78,700"
20-May-20,33.61,34.04,33.61,33.83,31.25,"39,000"
21-May-20,33.78,34.1,33.53,33.88,31.3,"57,400"
22-May-20,34.1,34.1,33.57,34.02,31.42,"66,100"
26-May-20,35.14,35.38,34.98,35.02,32.35,"86,000"
27-May-20,35.77,36.15,34.98,36.14,33.38,"57,200"
28-May-20,36.49,36.49,35.33,35.45,32.75,"71,100"
29-May-20,35.16,35.26,34.69,35.15,32.47,"70,100"
01-Jun-20,35.23,35.82,35.14,35.56,32.85,"63,500"
02-Jun-20,35.68,35.95,35.5,35.88,33.14,"97,800"
03-Jun-20,36.26,36.98,36.26,36.75,33.95,"95,900"
04-Jun-20,36.53,36.9,36.39,36.74,33.94,"134,500"
05-Jun-20,38.06,38.4,37.76,37.85,34.96,"70,900"
08-Jun-20,38.33,38.56,38.23,38.56,35.62,"1,625,000"
09-Jun-20,38.0,38.09,37.67,37.82,34.93,"64,300"
10-Jun-20,37.65,37.76,36.79,36.82,34.01,"213,100"
11-Jun-20,35.45,35.51,34.18,34.21,31.6,"182,200"
12-Jun-20,35.43,35.5,34.02,34.86,32.2,"152,400"
15-Jun-20,33.88,35.61,33.72,35.42,32.8,"66,300"
16-Jun-20,36.71,36.74,35.8,36.25,33.57,"58,700"
17-Jun-20,36.22,36.29,35.61,35.7,33.06,"59,100"
18-Jun-20,35.33,35.78,35.26,35.51,32.88,"60,500"
19-Jun-20,36.03,36.03,35.01,35.16,32.56,"69,800"
22-Jun-20,35.04,35.46,34.66,35.46,32.83,"94,800"
23-Jun-20,35.99,35.99,35.48,35.54,32.91,"77,300"
24-Jun-20,35.17,35.25,34.04,34.41,31.86,"64,500"
25-Jun-20,34.26,34.9,34.07,34.9,32.32,"86,100"
26-Jun-20,34.66,34.71,34.15,34.22,31.69,"39,200"
29-Jun-20,34.59,35.26,34.59,35.2,32.59,"86,100"
30-Jun-20,35.13,35.78,35.11,35.71,33.07,"393,200"
01-Jul-20,35.75,35.97,35.24,35.35,32.73,"122,700"
02-Jul-20,35.92,36.19,35.46,35.54,32.91,"84,400"
06-Jul-20,36.21,36.22,35.79,35.89,33.23,"52,900"
07-Jul-20,35.75,35.75,35.13,35.16,32.56,"83,100"
08-Jul-20,35.14,35.33,34.97,35.3,32.69,"41,100"
09-Jul-20,35.36,35.36,34.37,34.77,32.19,"55,200"
10-Jul-20,34.7,35.26,34.7,35.24,32.63,"74,800"
13-Jul-20,35.64,35.85,34.81,34.81,32.23,"32,300"
14-Jul-20,34.87,35.38,34.65,35.34,32.72,"32,900"
15-Jul-20,35.99,36.62,35.97,36.55,33.84,"39,400"
16-Jul-20,36.37,36.5,36.16,36.38,33.69,"35,000"
17-Jul-20,36.47,36.71,36.41,36.62,33.91,"131,200"
20-Jul-20,36.57,36.6,36.23,36.41,33.72,"41,700"
21-Jul-20,36.78,37.12,36.76,36.85,34.12,"40,000"
22-Jul-20,36.75,37.09,36.75,37.01,34.27,"25,600"
23-Jul-20,37.1,37.47,36.79,37.1,34.35,"69,200"
24-Jul-20,36.95,36.97,36.65,36.72,34.0,"40,300"
27-Jul-20,36.81,37.17,36.61,37.14,34.39,"41,000"
28-Jul-20,37.23,37.23,36.84,36.85,34.12,"24,800"
29-Jul-20,37.01,37.74,37.01,37.65,34.86,"49,500"
30-Jul-20,37.27,37.69,37.05,37.61,34.82,"45,200"
31-Jul-20,37.61,37.61,36.78,37.36,34.59,"35,400"
03-Aug-20,37.6,37.96,37.54,37.91,35.1,"52,400"
04-Aug-20,37.88,38.03,37.71,38.01,35.19,"201,100"
05-Aug-20,38.39,38.63,38.28,38.63,35.76,"61,000"
06-Aug-20,38.61,38.68,38.31,38.46,35.61,"37,100"
07-Aug-20,38.34,39.04,38.34,39.04,36.15,"50,000"
10-Aug-20,39.14,39.41,39.08,39.14,36.24,"38,700"
11-Aug-20,39.59,39.72,38.94,39.06,36.17,"55,000"
12-Aug-20,39.42,39.46,39.15,39.23,36.32,"75,200"
13-Aug-20,39.13,39.28,38.94,39.09,36.19,"71,800"
14-Aug-20,38.9,39.15,38.85,39.01,36.12,"51,000"
17-Aug-20,39.13,39.2,39.03,39.13,36.23,"63,600"
18-Aug-20,39.15,39.15,38.68,38.83,35.95,"62,300"
19-Aug-20,38.98,39.02,38.7,38.77,35.9,"53,300"
20-Aug-20,38.41,38.75,38.41,38.58,35.72,"59,400"
21-Aug-20,38.44,38.49,38.22,38.44,35.59,"36,000"
24-Aug-20,38.66,38.87,38.54,38.87,35.99,"54,600"
25-Aug-20,38.96,39.0,38.47,38.81,35.93,"30,500"
26-Aug-20,38.72,38.77,38.51,38.6,35.74,"45,900"
27-Aug-20,38.56,38.75,38.33,38.57,35.71,"49,800"
28-Aug-20,38.78,38.78,38.49,38.75,35.88,"41,400"
31-Aug-20,38.78,38.78,38.41,38.41,35.57,"63,400"
01-Sep-20,38.37,38.72,38.31,38.72,35.85,"34,700"
02-Sep-20,38.8,39.36,38.62,39.31,36.39,"32,400"
03-Sep-20,39.15,39.15,37.9,38.04,35.22,"31,600"
04-Sep-20,38.35,38.35,37.16,37.79,34.99,"48,300"
08-Sep-20,37.4,37.54,36.97,37.04,34.3,"41,100"
09-Sep-20,37.49,37.7,37.32,37.54,34.76,"59,700"
10-Sep-20,37.75,37.94,37.1,37.15,34.4,"53,400"
11-Sep-20,37.32,37.33,36.79,37.07,34.32,"35,800"
14-Sep-20,37.47,37.8,37.43,37.76,34.96,"46,800"
15-Sep-20,38.08,38.08,37.7,37.77,34.97,"36,900"
16-Sep-20,38.03,38.47,38.0,38.01,35.19,"39,200"
17-Sep-20,37.5,37.96,37.38,37.89,35.08,"40,200"
18-Sep-20,38.01,38.18,37.42,37.63,34.84,"36,200"
21-Sep-20,36.88,36.88,36.28,36.63,33.92,"35,500"
22-Sep-20,36.88,36.92,36.42,36.83,34.1,"52,400"
23-Sep-20,36.82,36.99,35.89,35.89,33.35,"37,600"
24-Sep-20,35.76,36.35,35.5,35.97,33.42,"49,300"
25-Sep-20,35.81,36.45,35.81,36.34,33.77,"53,800"
28-Sep-20,37.01,37.33,36.93,37.25,34.61,"59,800"
29-Sep-20,37.29,37.29,36.83,37.12,34.49,"48,600"
30-Sep-20,37.49,37.64,37.03,37.27,34.63,"42,700"
01-Oct-20,37.46,37.76,37.28,37.75,35.08,"65,700"
02-Oct-20,37.07,38.17,37.07,38.06,35.36,"34,900"
05-Oct-20,38.45,38.94,38.31,38.91,36.15,"47,500"
06-Oct-20,39.08,39.64,38.77,38.8,36.05,"420,500"
07-Oct-20,39.29,39.52,39.24,39.41,36.62,"48,500"
08-Oct-20,39.72,39.9,39.54,39.9,37.07,"109,500"
09-Oct-20,40.21,40.33,40.0,40.14,37.3,"844,700"
12-Oct-20,40.29,40.54,40.2,40.49,37.62,"39,500"
13-Oct-20,40.28,40.44,40.06,40.21,37.36,"37,400"
14-Oct-20,40.31,40.46,39.9,39.9,37.07,"37,300"
15-Oct-20,39.4,40.38,39.4,40.32,37.46,"43,200"
16-Oct-20,40.38,40.38,40.08,40.11,37.27,"133,800"
19-Oct-20,40.21,40.3,39.42,39.49,36.69,"86,600"
20-Oct-20,39.82,39.96,39.48,39.56,36.76,"69,100"
21-Oct-20,39.7,39.79,39.38,39.38,36.59,"22,000"
22-Oct-20,39.51,39.83,39.27,39.77,36.95,"35,500"
23-Oct-20,39.95,40.17,39.78,40.16,37.32,"46,000"
26-Oct-20,39.69,39.76,38.96,39.41,36.62,"37,900"
27-Oct-20,39.22,39.44,38.92,38.99,36.23,"28,700"
28-Oct-20,38.19,38.35,37.83,37.85,35.17,"32,800"
29-Oct-20,37.74,38.53,37.55,38.34,35.62,"53,800"
30-Oct-20,38.17,38.29,37.65,37.94,35.25,"34,900"
02-Nov-20,38.37,38.66,38.24,38.66,35.92,"47,800"
03-Nov-20,39.21,39.67,39.17,39.59,36.79,"24,200"
04-Nov-20,39.32,40.12,39.09,39.69,36.88,"40,300"
05-Nov-20,40.19,40.69,40.19,40.59,37.71,"112,500"
06-Nov-20,40.68,40.68,40.18,40.23,37.38,"90,300"
09-Nov-20,42.24,42.58,41.18,41.18,38.26,"61,400"
10-Nov-20,41.35,41.98,41.17,41.88,38.91,"54,100"
11-Nov-20,42.27,42.27,41.52,41.87,38.9,"68,800"
12-Nov-20,41.86,41.86,40.83,41.1,38.19,"50,000"
13-Nov-20,41.67,42.0,41.61,42.0,39.03,"40,300"
16-Nov-20,42.63,42.87,42.41,42.83,39.8,"52,000"
17-Nov-20,42.63,43.05,42.28,43.0,39.95,"46,400"
18-Nov-20,43.05,43.22,42.42,42.42,39.42,"75,900"
19-Nov-20,42.48,42.66,42.16,42.66,39.64,"37,500"
20-Nov-20,42.5,42.65,42.39,42.6,39.58,"79,800"
23-Nov-20,42.84,43.42,42.84,43.23,40.17,"30,500"
24-Nov-20,43.55,44.03,43.46,43.91,40.8,"33,900"
25-Nov-20,43.83,43.83,43.36,43.57,40.48,"69,500"
27-Nov-20,43.61,43.67,43.46,43.63,40.54,"22,100"
30-Nov-20,43.64,43.64,42.92,43.05,40.0,"25,700"
01-Dec-20,43.54,43.65,43.23,43.48,40.4,"70,200"
02-Dec-20,43.24,43.42,43.14,43.37,40.3,"50,000"
03-Dec-20,43.42,43.89,43.42,43.67,40.58,"30,300"
04-Dec-20,43.97,44.57,43.96,44.57,41.41,"35,500"
07-Dec-20,44.5,44.62,44.35,44.53,41.38,"61,900"
08-Dec-20,44.37,44.86,44.37,44.86,41.68,"59,200"
09-Dec-20,45.02,45.26,44.44,44.7,41.53,"66,500"
10-Dec-20,44.54,44.98,44.2,44.94,41.76,"277,000"
11-Dec-20,44.6,44.96,44.37,44.71,41.54,"42,900"
14-Dec-20,44.92,45.0,44.29,44.29,41.41,"108,400"
15-Dec-20,44.63,45.33,44.56,45.33,42.38,"52,900"
16-Dec-20,45.56,45.56,45.01,45.2,42.26,"84,700"
17-Dec-20,45.42,45.77,45.33,45.77,42.8,"64,800"
18-Dec-20,45.88,46.05,45.54,45.63,42.67,"44,800"
21-Dec-20,44.96,45.51,44.79,45.51,42.55,"66,400"
22-Dec-20,45.62,45.88,45.55,45.86,42.88,"37,100"
23-Dec-20,45.99,46.24,45.99,46.1,43.1,"43,200"
24-Dec-20,46.23,46.23,45.93,46.16,43.16,"22,100"
28-Dec-20,46.47,46.47,46.07,46.07,43.08,"44,100"
29-Dec-20,46.29,46.29,45.06,45.35,42.4,"39,800"
30-Dec-20,45.42,45.92,45.42,45.68,42.71,"61,900"
31-Dec-20,45.61,45.89,45.43,45.76,42.78,"39,500"
04-Jan-21,45.96,46.02,44.7,45.27,42.33,"84,300"
05-Jan-21,45.24,46.26,45.24,46.01,43.02,"73,000"
06-Jan-21,46.32,48.09,46.32,47.84,44.73,"45,200"
07-Jan-21,48.2,48.55,47.97,48.39,45.25,"41,400"
08-Jan-21,48.72,48.72,47.6,48.12,44.99,"26,300"
11-Jan-21,47.63,48.31,47.63,48.19,45.06,"74,400"
12-Jan-21,48.3,48.9,48.3,48.9,45.72,"87,600"
13-Jan-21,48.85,48.9,48.46,48.5,45.35,"41,900"
14-Jan-21,49.02,49.57,49.02,49.38,46.17,"411,300"
15-Jan-21,48.89,49.03,48.32,48.87,45.69,"1,221,400"
19-Jan-21,49.3,49.41,48.98,49.29,46.09,"94,500"
20-Jan-21,49.53,50.0,49.52,49.87,46.63,"74,400"
21-Jan-21,49.94,50.01,49.44,49.58,46.35,"45,700"
22-Jan-21,49.1,49.87,49.01,49.87,46.63,"39,400"
25-Jan-21,49.99,50.62,49.37,49.81,46.57,"48,000"
26-Jan-21,50.08,50.08,49.32,49.48,46.26,"66,100"
27-Jan-21,48.85,48.88,48.08,48.28,45.14,"68,400"
28-Jan-21,48.67,48.67,48.0,48.19,45.06,"64,600"
29-Jan-21,48.25,48.39,47.14,47.27,44.2,"175,900"
01-Feb-21,47.87,48.65,47.47,48.54,45.39,"50,800"
02-Feb-21,49.07,49.27,48.79,49.1,45.91,"43,100"
03-Feb-21,49.19,49.44,48.74,49.23,46.03,"74,800"
04-Feb-21,49.5,50.13,49.26,50.13,46.87,"46,100"
05-Feb-21,50.51,50.66,50.07,50.59,47.3,"48,500"
08-Feb-21,51.0,51.95,51.0,51.95,48.57,"65,200"
09-Feb-21,51.98,52.33,51.79,52.23,48.84,"41,400"
10-Feb-21,52.38,52.63,51.53,51.94,48.57,"67,200"
11-Feb-21,52.07,52.38,51.67,52.17,48.78,"38,600"
12-Feb-21,52.08,52.4,52.06,52.3,48.9,"32,300"
16-Feb-21,52.66,52.82,51.94,52.0,48.62,"39,400"
17-Feb-21,51.64,51.74,51.0,51.55,48.2,"27,500"
18-Feb-21,51.16,51.29,50.63,50.75,47.45,"43,600"
19-Feb-21,51.03,51.7,51.03,51.45,48.11,"34,000"
22-Feb-21,51.18,51.53,50.95,51.07,47.75,"51,500"
23-Feb-21,50.51,50.98,49.83,50.84,47.54,"56,400"
24-Feb-21,51.19,51.91,50.97,51.9,48.53,"82,800"
25-Feb-21,51.85,51.87,50.08,50.2,46.94,"40,800"
26-Feb-21,50.28,50.68,49.39,50.15,46.89,"53,300"
01-Mar-21,51.04,51.85,51.04,51.63,48.28,"40,000"
02-Mar-21,51.57,51.91,50.87,50.87,47.56,"60,000"
03-Mar-21,50.87,51.3,50.36,50.36,47.09,"51,900"
04-Mar-21,50.24,50.49,48.38,49.06,45.87,"38,700"
05-Mar-21,49.67,50.26,48.15,50.19,46.93,"91,400"
08-Mar-21,50.37,51.28,50.33,50.74,47.44,"44,300"
09-Mar-21,51.29,51.78,51.25,51.35,48.01,"50,800"
10-Mar-21,51.9,52.43,51.71,52.14,48.75,"98,400"
11-Mar-21,52.56,53.05,52.56,53.05,49.6,"30,200"
12-Mar-21,53.01,53.37,52.9,53.35,49.88,"74,000"
15-Mar-21,53.44,53.74,53.14,53.72,50.23,"46,200"
16-Mar-21,53.75,53.81,52.96,53.15,49.7,"44,200"
17-Mar-21,52.82,53.66,52.54,53.62,50.14,"24,600"
18-Mar-21,53.44,53.92,52.45,52.45,49.04,"44,600"
19-Mar-21,52.37,53.08,52.16,52.84,49.41,"51,100"
22-Mar-21,52.94,52.94,52.3,52.54,49.13,"42,600"
23-Mar-21,52.32,52.34,50.77,51.0,47.69,"64,600"
24-Mar-21,51.41,51.74,50.19,50.22,46.96,"807,000"
25-Mar-21,49.94,51.37,49.46,51.22,47.96,"76,700"
26-Mar-21,51.55,52.43,51.52,52.43,49.1,"56,400"
29-Mar-21,52.27,52.66,51.33,51.36,48.09,"60,700"
30-Mar-21,51.26,52.21,51.26,52.1,48.79,"43,800"
31-Mar-21,52.46,52.91,52.28,52.45,49.12,"49,500"
01-Apr-21,52.82,53.37,52.82,53.37,49.98,"63,100"
05-Apr-21,53.85,53.85,53.38,53.71,50.3,"53,700"
06-Apr-21,53.68,54.01,53.54,53.66,50.25,"46,700"
07-Apr-21,53.74,53.74,52.84,52.94,49.57,"92,800"
08-Apr-21,53.28,53.3,52.66,53.3,49.91,"36,800"
09-Apr-21,53.25,53.6,53.19,53.55,50.15,"37,900"
12-Apr-21,53.57,53.68,53.21,53.62,50.21,"71,600"
13-Apr-21,53.62,53.75,52.96,53.37,49.98,"28,700"
14-Apr-21,53.41,54.13,53.41,53.58,50.17,"36,100"
15-Apr-21,53.92,54.03,53.57,54.03,50.59,"212,600"
16-Apr-21,54.26,54.4,53.91,54.2,50.75,"105,700"
19-Apr-21,54.11,54.11,53.19,53.54,50.14,"83,500"
20-Apr-21,53.38,53.56,52.29,52.61,49.27,"84,600"
21-Apr-21,52.52,53.59,52.37,53.59,50.18,"55,100"
22-Apr-21,53.66,54.03,53.12,53.33,49.94,"35,900"
23-Apr-21,53.48,54.43,53.43,54.21,50.76,"30,900"
26-Apr-21,54.32,54.62,54.32,54.43,50.97,"37,300"
27-Apr-21,54.52,54.69,54.34,54.53,51.06,"29,800"
28-Apr-21,54.42,54.67,54.31,54.5,51.03,"27,300"
29-Apr-21,54.94,54.94,54.24,54.56,51.09,"48,500"
30-Apr-21,54.1,54.22,53.67,53.67,50.26,"17,300"
03-May-21,54.14,54.57,53.95,54.36,50.9,"45,800"
04-May-21,54.05,54.05,53.45,53.98,50.55,"53,400"
05-May-21,54.25,54.25,53.54,53.93,50.5,"39,800"
06-May-21,53.97,54.29,53.43,54.28,50.83,"58,200"
07-May-21,54.19,54.97,54.19,54.93,51.44,"27,700"
10-May-21,54.95,55.06,54.04,54.07,50.63,"70,300"
11-May-21,52.84,53.73,52.84,53.58,50.17,"34,400"
12-May-21,53.15,53.18,51.77,51.77,48.48,"43,600"
13-May-21,51.99,52.94,51.99,52.74,49.39,"77,000"
14-May-21,53.4,53.95,53.12,53.93,50.5,"55,900"
17-May-21,53.78,53.94,53.36,53.9,50.47,"27,100"
18-May-21,53.96,54.26,53.33,53.33,49.94,"44,100"
19-May-21,52.42,52.98,52.07,52.97,49.6,"41,700"
20-May-21,53.09,53.32,52.79,53.2,49.82,"46,200"
21-May-21,53.64,53.83,53.28,53.31,49.92,"38,000"
24-May-21,53.43,53.82,53.43,53.63,50.22,"56,900"
25-May-21,54.0,54.09,53.17,53.17,49.79,"151,700"
26-May-21,53.45,54.06,53.45,54.04,50.6,"53,200"
27-May-21,54.37,54.59,54.22,54.43,50.97,"85,000"
28-May-21,54.78,54.78,54.04,54.24,50.79,"43,200"
01-Jun-21,54.59,54.91,54.42,54.88,51.39,"86,400"
02-Jun-21,54.97,54.97,54.2,54.32,50.87,"45,600"
03-Jun-21,54.01,54.15,53.65,54.06,50.62,"22,700"
04-Jun-21,54.37,54.37,53.98,54.32,50.87,"32,100"
07-Jun-21,54.38,54.71,54.38,54.66,51.18,"32,500"
08-Jun-21,54.53,55.29,54.53,55.2,51.69,"27,000"
09-Jun-21,55.3,55.3,54.74,54.79,51.31,"29,400"
10-Jun-21,54.98,54.99,54.38,54.49,51.12,"25,500"
11-Jun-21,54.78,55.03,54.71,55.03,51.62,"28,100"
14-Jun-21,55.15,55.2,54.47,54.57,51.19,"37,700"
15-Jun-21,54.82,55.0,54.12,54.56,51.18,"34,600"
16-Jun-21,54.38,54.5,53.96,54.23,50.87,"33,900"
17-Jun-21,54.33,54.33,52.9,53.44,50.13,"104,200"
18-Jun-21,52.87,52.99,52.21,52.21,48.98,"36,500"
21-Jun-21,52.66,53.65,52.66,53.57,50.25,"101,800"
22-Jun-21,53.43,53.77,53.2,53.75,50.42,"33,800"
23-Jun-21,53.78,54.19,53.74,53.88,50.54,"103,900"
24-Jun-21,54.18,54.6,53.97,54.58,51.2,"25,700"
25-Jun-21,54.83,55.19,54.67,54.97,51.57,"25,100"
28-Jun-21,55.21,55.21,54.37,54.62,51.24,"35,800"
29-Jun-21,54.79,55.07,54.53,54.62,51.24,"33,400"
30-Jun-21,54.55,54.87,54.54,54.85,51.45,"53,400"
01-Jul-21,55.0,55.47,54.99,55.36,51.93,"36,400"
02-Jul-21,55.48,55.48,54.86,54.93,51.53,"28,900"
06-Jul-21,54.63,54.63,53.69,54.2,50.84,"34,800"
07-Jul-21,54.33,54.4,53.49,53.98,50.64,"52,800"
08-Jul-21,52.9,53.86,52.45,53.34,50.04,"38,000"
09-Jul-21,54.04,54.67,54.04,54.67,51.28,"28,900"
12-Jul-21,54.4,54.92,54.38,54.89,51.49,"31,000"
13-Jul-21,54.75,54.75,54.05,54.05,50.7,"44,600"
14-Jul-21,54.47,54.61,53.5,53.54,50.22,"112,400"
15-Jul-21,53.37,53.47,52.69,53.18,49.89,"27,200"
16-Jul-21,53.63,53.63,52.4,52.45,49.2,"33,800"
19-Jul-21,51.46,52.19,51.24,51.64,48.44,"66,400"
20-Jul-21,51.75,53.38,51.73,53.11,49.82,"58,000"
21-Jul-21,53.41,54.11,53.41,54.01,50.66,"52,800"
22-Jul-21,53.92,53.92,53.18,53.43,50.12,"34,300"
23-Jul-21,53.71,53.91,53.31,53.83,50.5,"47,900"
26-Jul-21,53.85,54.36,53.74,53.94,50.6,"49,900"
27-Jul-21,53.86,53.86,52.94,53.49,50.18,"85,600"
28-Jul-21,53.81,54.25,53.27,53.93,50.59,"38,900"
29-Jul-21,54.31,54.96,54.28,54.67,51.28,"48,600"
30-Jul-21,54.81,55.07,54.44,54.65,51.26,"37,200"
02-Aug-21,55.3,55.54,54.37,54.39,51.02,"57,900"
03-Aug-21,54.42,54.81,53.87,54.74,51.35,"26,800"
04-Aug-21,54.43,54.83,54.13,54.15,50.8,"43,400"
05-Aug-21,54.38,54.92,54.38,54.81,51.42,"24,500"
06-Aug-21,55.26,55.26,54.88,55.06,51.65,"20,900"
09-Aug-21,54.9,55.06,54.65,54.8,51.41,"18,300"
10-Aug-21,54.85,55.29,54.74,55.11,51.7,"25,900"
11-Aug-21,55.25,55.56,54.75,55.5,52.06,"26,700"
12-Aug-21,55.56,55.67,55.24,55.56,52.12,"55,800"
13-Aug-21,55.58,55.58,55.06,55.14,51.72,"49,600"
16-Aug-21,54.85,55.17,54.51,55.02,51.61,"46,000"
17-Aug-21,54.47,54.47,53.59,54.16,50.81,"46,500"
18-Aug-21,53.96,54.56,53.64,53.64,50.32,"46,100"
19-Aug-21,53.18,53.44,52.81,53.13,49.84,"33,500"
20-Aug-21,53.36,53.95,53.28,53.84,50.51,"45,500"
23-Aug-21,54.34,54.63,54.12,54.59,51.21,"28,400"
24-Aug-21,54.88,55.17,54.69,55.1,51.69,"46,500"
25-Aug-21,55.17,55.64,55.12,55.4,51.97,"30,900"
26-Aug-21,55.32,55.37,54.88,54.97,51.57,"47,300"
27-Aug-21,55.34,56.39,55.31,56.28,52.79,"40,800"
30-Aug-21,56.39,56.39,56.03,56.03,52.56,"205,600"
31-Aug-21,56.04,56.16,55.71,56.0,52.53,"50,400"
01-Sep-21,56.02,56.33,55.67,56.19,52.71,"36,400"
02-Sep-21,56.42,56.66,56.34,56.47,52.97,"55,000"
03-Sep-21,56.31,56.31,56.04,56.23,52.75,"41,400"
07-Sep-21,56.37,56.37,55.5,55.52,52.08,"23,700"
08-Sep-21,55.6,55.6,54.89,55.15,51.73,"90,700"
09-Sep-21,55.27,55.7,55.07,55.19,51.77,"50,500"
10-Sep-21,55.7,55.7,54.76,54.76,51.37,"48,600"
13-Sep-21,55.11,55.11,54.48,54.92,51.52,"62,500"
14-Sep-21,55.1,55.1,54.27,54.34,50.98,"51,300"
15-Sep-21,54.4,55.02,54.35,54.98,51.57,"45,900"
16-Sep-21,54.91,55.3,54.78,55.01,51.6,"34,600"
17-Sep-21,55.19,55.19,54.54,54.87,51.47,"22,900"
20-Sep-21,53.7,54.13,53.14,53.82,50.49,"67,000"
21-Sep-21,54.21,54.21,53.36,53.8,50.47,"23,600"
22-Sep-21,54.17,55.06,54.17,54.64,51.25,"50,800"
23-Sep-21,55.04,55.76,55.04,55.46,52.03,"20,300"
24-Sep-21,54.95,55.35,54.95,54.98,51.7,"45,700"
27-Sep-21,55.05,56.04,55.05,55.72,52.4,"46,300"
28-Sep-21,55.53,55.53,54.62,54.68,51.42,"83,300"
29-Sep-21,54.74,54.93,54.53,54.62,51.37,"46,500"
30-Sep-21,54.98,54.98,53.75,53.75,50.55,"24,900"
01-Oct-21,53.85,54.78,53.41,54.41,51.17,"32,700"
04-Oct-21,54.43,54.58,53.87,54.01,50.79,"32,900"
05-Oct-21,54.18,54.85,54.18,54.35,51.11,"26,500"
06-Oct-21,54.12,54.18,53.43,54.16,50.93,"25,100"
07-Oct-21,54.55,55.45,54.55,55.09,51.81,"39,700"
08-Oct-21,55.28,55.28,54.65,54.67,51.41,"37,300"
11-Oct-21,54.59,55.05,54.2,54.24,51.01,"26,800"
12-Oct-21,54.36,54.63,54.19,54.3,51.06,"44,400"
13-Oct-21,54.41,54.61,54.05,54.51,51.26,"28,900"
14-Oct-21,55.16,55.34,55.12,55.34,52.04,"91,200"
15-Oct-21,55.67,55.92,55.17,55.17,51.88,"35,300"
18-Oct-21,54.9,55.5,54.9,55.45,52.15,"28,000"
19-Oct-21,55.57,55.78,55.44,55.6,52.29,"78,100"
20-Oct-21,55.59,56.16,55.59,56.02,52.68,"28,100"
21-Oct-21,55.96,56.42,55.92,56.34,52.98,"36,800"
22-Oct-21,56.33,56.63,56.08,56.38,53.02,"95,900"
25-Oct-21,56.39,56.89,56.38,56.7,53.32,"95,400"
26-Oct-21,56.56,56.88,56.17,56.17,52.82,"37,600"
27-Oct-21,56.05,56.11,55.1,55.11,51.83,"76,800"
28-Oct-21,55.31,56.17,55.31,56.15,52.8,"23,300"
29-Oct-21,56.09,56.44,56.09,56.44,53.08,"29,700"
01-Nov-21,56.61,57.77,56.61,57.68,54.24,"30,000"
02-Nov-21,57.63,57.88,57.57,57.69,54.25,"43,600"
03-Nov-21,57.78,58.97,57.63,58.9,55.39,"33,800"
04-Nov-21,59.01,59.28,58.58,58.77,55.27,"25,100"
05-Nov-21,59.24,59.85,59.24,59.63,56.08,"38,100"
08-Nov-21,60.08,60.08,59.63,59.72,56.16,"40,600"
09-Nov-21,59.62,59.72,59.36,59.66,56.11,"44,000"
10-Nov-21,59.46,59.63,58.61,58.84,55.33,"40,400"
11-Nov-21,59.3,59.54,59.04,59.41,55.87,"51,600"
12-Nov-21,59.76,59.76,59.5,59.66,56.11,"26,200"
15-Nov-21,59.94,59.94,59.34,59.62,56.07,"36,700"
16-Nov-21,59.38,60.01,59.38,59.93,56.36,"73,500"
17-Nov-21,59.77,59.77,59.02,59.21,55.68,"37,200"
18-Nov-21,59.57,59.57,58.74,59.15,55.63,"74,100"
19-Nov-21,58.69,59.05,58.63,58.69,55.19,"56,600"
22-Nov-21,59.14,59.52,58.65,58.65,55.16,"37,900"
23-Nov-21,58.78,58.91,57.99,58.49,55.01,"36,300"
24-Nov-21,57.99,58.34,57.78,58.25,54.78,"30,200"
26-Nov-21,56.76,57.02,55.87,56.51,53.14,"31,700"
29-Nov-21,57.39,57.39,56.12,56.39,53.03,"26,900"
30-Nov-21,55.8,56.08,54.6,54.96,51.69,"42,400"
01-Dec-21,55.84,56.35,54.03,54.11,50.89,"48,400"
02-Dec-21,54.23,55.56,54.23,55.41,52.11,"42,000"
03-Dec-21,55.73,55.73,54.2,54.49,51.24,"49,400"
06-Dec-21,54.92,55.86,54.61,55.53,52.22,"61,800"
07-Dec-21,56.38,57.21,56.25,56.79,53.41,"66,100"
08-Dec-21,56.89,57.14,56.73,56.9,53.51,"50,900"
09-Dec-21,56.89,56.89,56.21,56.23,52.88,"28,900"
10-Dec-21,56.58,56.58,55.82,56.28,52.93,"38,900"
13-Dec-21,55.88,55.88,54.92,55.05,52.05,"44,100"
14-Dec-21,54.8,55.49,54.74,54.78,51.8,"59,900"
15-Dec-21,54.8,55.63,54.12,55.5,52.48,"83,000"
16-Dec-21,55.97,56.09,54.5,54.65,51.67,"34,500"
17-Dec-21,54.49,55.18,54.1,54.79,51.81,"29,000"
20-Dec-21,53.79,53.89,52.87,53.7,50.78,"88,500"
21-Dec-21,54.33,55.42,54.33,55.42,52.4,"141,000"
22-Dec-21,55.54,56.1,55.24,55.99,52.94,"57,700"
23-Dec-21,56.29,56.59,56.15,56.41,53.34,"38,500"
27-Dec-21,56.42,57.47,56.42,57.47,54.34,"54,200"
28-Dec-21,57.56,57.78,57.1,57.19,54.07,"33,800"
29-Dec-21,57.19,57.64,57.12,57.51,54.38,"83,100"
30-Dec-21,57.81,57.85,57.23,57.23,54.11,"75,600"
31-Dec-21,57.3,57.53,57.08,57.25,54.13,"38,100"
03-Jan-22,57.73,58.18,57.33,57.59,54.46,"44,100"
04-Jan-22,58.15,58.19,57.68,57.97,54.81,"34,300"
05-Jan-22,58.2,58.32,56.37,56.37,53.3,"73,100"
06-Jan-22,56.55,57.11,56.11,56.76,53.67,"77,700"
07-Jan-22,56.71,57.08,56.14,56.15,53.09,"56,700"
10-Jan-22,55.86,56.02,55.01,55.97,52.92,"61,100"
11-Jan-22,56.05,56.71,55.47,56.71,53.62,"50,300"
12-Jan-22,57.1,57.14,56.1,56.56,53.48,"40,200"
13-Jan-22,56.71,57.15,56.09,56.23,53.17,"45,900"
14-Jan-22,55.65,56.36,55.53,56.36,53.29,"53,700"
18-Jan-22,55.71,55.9,54.88,54.92,51.93,"58,800"
19-Jan-22,55.11,55.24,54.04,54.04,51.1,"49,000"
20-Jan-22,54.24,54.96,52.94,52.94,50.06,"151,400"
21-Jan-22,52.58,53.35,51.97,51.97,49.14,"54,000"
24-Jan-22,50.95,53.25,50.5,53.18,50.28,"94,100"
25-Jan-22,52.41,53.34,51.6,52.68,49.81,"43,500"
26-Jan-22,53.62,53.77,51.9,52.1,49.26,"54,100"
27-Jan-22,52.53,52.88,51.12,51.3,48.51,"195,600"
28-Jan-22,51.33,52.14,50.68,52.13,49.29,"1,627,900"
31-Jan-22,51.96,53.33,51.96,53.25,50.35,"74,200"
01-Feb-22,53.55,54.04,53.03,53.99,51.05,"44,800"
02-Feb-22,54.33,54.33,53.42,54.03,51.09,"57,300"
03-Feb-22,53.49,53.92,53.12,53.12,50.23,"201,300"
04-Feb-22,53.08,53.49,52.37,53.18,50.28,"30,500"
07-Feb-22,53.14,53.44,52.95,53.09,50.2,"27,400"
08-Feb-22,53.18,54.05,53.18,54.05,51.11,"37,200"
09-Feb-22,54.31,54.93,54.31,54.93,51.94,"29,700"
10-Feb-22,54.11,55.49,54.02,54.17,51.22,"70,200"
11-Feb-22,54.32,54.82,53.66,53.87,50.94,"41,900"
14-Feb-22,53.8,53.94,53.29,53.49,50.58,"40,000"
15-Feb-22,54.14,54.71,53.88,54.63,51.66,"34,300"
16-Feb-22,54.53,55.08,54.42,54.89,51.9,"50,900"
17-Feb-22,54.73,54.73,53.62,53.75,50.82,"191,400"
18-Feb-22,53.61,54.16,53.24,53.42,50.51,"113,700"
22-Feb-22,53.24,53.58,52.19,52.55,49.69,"139,100"
23-Feb-22,52.93,52.98,51.74,51.81,48.99,"51,800"
24-Feb-22,50.56,52.73,50.56,52.7,49.83,"135,800"
25-Feb-22,52.81,53.93,52.52,53.89,50.96,"165,000"
28-Feb-22,53.51,54.33,53.51,54.15,51.2,"93,200"
01-Mar-22,54.14,54.43,53.11,53.43,50.52,"50,600"
02-Mar-22,53.9,55.21,53.9,55.0,52.01,"50,200"
03-Mar-22,55.15,55.15,54.09,54.53,51.56,"43,600"
04-Mar-22,54.05,54.05,53.33,53.99,51.05,"50,700"
07-Mar-22,53.85,54.06,52.44,52.47,49.61,"31,200"
08-Mar-22,52.76,53.44,52.31,52.39,49.54,"39,300"
09-Mar-22,52.99,53.7,52.99,53.4,50.49,"100,800"
10-Mar-22,52.91,53.52,52.68,53.48,50.57,"55,400"
11-Mar-22,53.75,53.78,52.71,52.71,49.84,"36,500"
14-Mar-22,52.71,52.91,51.79,52.08,49.24,"51,200"
15-Mar-22,52.22,52.81,52.13,52.77,49.9,"144,300"
16-Mar-22,53.48,54.34,52.93,54.34,51.38,"34,100"
17-Mar-22,54.21,55.25,54.21,55.23,52.22,"41,700"
18-Mar-22,55.09,55.67,54.89,55.67,52.64,"39,900"
21-Mar-22,55.94,56.18,55.21,55.51,52.49,"47,700"
22-Mar-22,55.62,56.12,55.37,55.74,52.7,"51,700"
23-Mar-22,55.52,55.57,54.86,54.9,51.91,"29,000"
24-Mar-22,55.24,55.31,54.74,55.27,52.32,"32,000"
25-Mar-22,55.36,55.59,55.19,55.56,52.6,"27,800"
28-Mar-22,55.2,55.39,54.81,55.35,52.4,"46,300"
29-Mar-22,55.53,56.55,55.53,56.4,53.39,"29,700"
30-Mar-22,56.49,56.49,55.2,55.4,52.45,"32,700"
31-Mar-22,55.43,55.62,54.57,54.57,51.66,"20,200"
01-Apr-22,55.06,55.1,54.5,55.05,52.12,"28,400"
04-Apr-22,55.13,55.13,54.66,54.85,51.93,"122,800"
05-Apr-22,54.83,55.06,53.59,53.62,50.76,"28,000"
06-Apr-22,53.08,53.33,52.65,52.92,50.1,"28,000"
07-Apr-22,52.75,53.28,52.26,53.03,50.2,"188,900"
08-Apr-22,52.93,53.5,52.79,53.06,50.23,"31,800"
11-Apr-22,52.7,53.17,52.64,52.69,49.88,"28,200"
12-Apr-22,53.21,53.85,52.84,52.97,50.15,"28,100"
13-Apr-22,53.13,53.98,53.13,53.91,51.04,"45,900"
14-Apr-22,54.04,54.38,53.6,53.6,50.74,"43,400"
18-Apr-22,53.58,53.99,53.47,53.64,50.78,"34,100"
19-Apr-22,53.72,54.67,53.72,54.57,51.66,"28,400"
20-Apr-22,55.0,55.33,54.9,55.08,52.14,"45,200"
21-Apr-22,55.54,55.54,53.61,53.78,50.91,"39,500"
22-Apr-22,53.42,53.42,52.02,52.07,49.29,"45,600"
25-Apr-22,51.32,52.33,50.84,52.27,49.48,"48,400"
26-Apr-22,51.92,52.1,50.88,50.88,48.17,"34,500"
27-Apr-22,50.96,51.45,50.6,50.87,48.16,"47,100"
28-Apr-22,51.38,52.39,50.54,52.08,49.3,"38,200"
29-Apr-22,52.19,52.47,50.78,50.97,48.25,"38,600"
02-May-22,50.77,51.48,50.22,51.34,48.6,"111,600"
03-May-22,51.67,52.4,51.36,52.19,49.41,"45,000"
04-May-22,52.47,53.79,51.82,53.73,50.87,"62,300"
05-May-22,53.28,53.37,51.35,52.0,49.23,"27,500"
06-May-22,51.67,52.01,50.94,51.55,48.8,"49,100"
09-May-22,50.69,50.74,49.32,49.57,46.93,"48,600"
10-May-22,50.02,50.16,48.41,49.33,46.7,"66,800"
11-May-22,49.31,50.5,48.42,48.47,45.89,"170,800"
12-May-22,48.18,49.04,47.38,48.76,46.16,"209,200"
13-May-22,49.47,50.56,49.47,50.17,47.5,"115,400"
16-May-22,50.02,50.57,49.94,50.15,47.48,"109,600"
17-May-22,51.0,51.77,50.72,51.77,49.01,"122,800"
18-May-22,51.25,51.25,49.31,49.56,46.92,"97,500"
19-May-22,49.09,50.21,49.02,49.56,46.92,"176,700"
20-May-22,50.12,50.12,48.3,49.49,46.85,"50,000"
23-May-22,49.97,50.29,49.35,50.05,47.38,"43,800"
24-May-22,49.58,49.59,48.56,49.4,46.77,"46,000"
25-May-22,49.21,50.93,49.21,50.67,47.97,"59,300"
26-May-22,51.01,52.15,51.01,51.93,49.16,"47,600"
27-May-22,52.22,53.25,52.22,53.25,50.41,"28,000"
31-May-22,53.17,53.17,52.41,52.56,49.76,"52,000"
01-Jun-22,52.8,53.15,51.65,52.37,49.58,"28,100"
02-Jun-22,52.37,53.4,52.33,53.34,50.5,"50,800"
03-Jun-22,53.05,53.07,52.6,52.89,50.07,"41,800"
06-Jun-22,53.06,53.46,53.06,53.29,50.45,"80,600"
07-Jun-22,52.99,53.94,52.96,53.9,51.03,"54,000"
08-Jun-22,53.65,53.7,52.8,53.01,50.18,"70,000"
09-Jun-22,52.66,52.67,51.84,51.84,49.2,"38,500"
10-Jun-22,51.21,51.26,50.26,50.47,47.9,"58,300"
13-Jun-22,49.28,49.29,47.99,48.24,45.79,"62,300"
14-Jun-22,48.49,48.53,47.79,48.23,45.78,"186,500"
15-Jun-22,48.71,49.22,47.91,48.7,46.22,"94,100"
16-Jun-22,47.16,47.16,45.86,46.1,43.76,"88,600"
17-Jun-22,46.34,46.89,45.86,46.19,43.84,"78,200"
21-Jun-22,47.1,47.38,46.72,47.04,44.65,"84,200"
22-Jun-22,46.34,46.96,46.17,46.58,44.21,"63,000"
23-Jun-22,46.77,46.81,45.97,46.7,44.32,"106,000"
24-Jun-22,47.03,48.13,47.03,48.05,45.61,"204,200"
27-Jun-22,48.29,48.9,48.19,48.55,46.08,"57,000"
28-Jun-22,48.91,49.26,47.86,47.92,45.48,"74,200"
29-Jun-22,47.95,47.95,46.98,47.31,44.9,"71,500"
30-Jun-22,46.6,47.44,46.45,46.89,44.51,"43,800"
01-Jul-22,46.82,47.31,46.25,47.23,44.83,"37,700"
05-Jul-22,46.52,47.0,45.89,46.98,44.59,"145,900"
06-Jul-22,46.88,47.22,46.04,46.57,44.2,"253,400"
07-Jul-22,46.94,47.76,46.94,47.69,45.26,"69,300"
08-Jul-22,47.67,47.92,47.23,47.61,45.19,"115,000"
11-Jul-22,47.26,47.38,47.0,47.07,44.68,"41,700"
12-Jul-22,46.93,47.39,46.65,46.85,44.47,"35,900"
13-Jul-22,46.18,47.03,46.18,46.79,44.41,"53,900"
14-Jul-22,45.94,46.47,45.64,46.39,44.03,"46,200"
15-Jul-22,47.03,47.49,46.61,47.43,45.02,"71,300"
18-Jul-22,48.0,48.28,47.35,47.48,45.07,"59,300"
19-Jul-22,48.03,49.19,48.03,49.18,46.68,"54,500"
20-Jul-22,49.33,49.88,48.99,49.86,47.32,"112,800"
21-Jul-22,49.58,50.01,49.06,50.01,47.47,"155,600"
22-Jul-22,50.0,50.0,49.03,49.39,46.88,"391,500"
25-Jul-22,49.61,49.93,49.44,49.87,47.33,"85,100"
26-Jul-22,49.62,49.84,49.44,49.6,47.08,"65,100"
27-Jul-22,49.91,50.88,49.85,50.66,48.08,"51,700"
28-Jul-22,50.89,51.25,50.22,51.17,48.57,"50,000"
29-Jul-22,51.35,51.82,51.24,51.7,49.07,"31,700"
01-Aug-22,51.24,51.97,50.93,51.79,49.16,"53,500"
02-Aug-22,51.61,51.81,51.18,51.29,48.68,"90,600"
03-Aug-22,51.64,51.82,51.26,51.67,49.04,"90,700"
04-Aug-22,51.63,51.63,51.08,51.08,48.48,"43,700"
05-Aug-22,50.76,51.45,50.76,51.36,48.75,"36,800"
08-Aug-22,51.66,52.05,51.43,51.6,48.98,"45,800"
09-Aug-22,51.42,51.42,50.72,50.95,48.36,"96,500"
10-Aug-22,51.85,52.18,51.7,52.11,49.46,"32,500"
11-Aug-22,52.81,53.08,52.56,52.62,49.94,"74,100"
12-Aug-22,52.76,53.49,52.76,53.44,50.72,"36,400"
15-Aug-22,52.98,53.55,52.84,53.48,50.76,"60,100"
16-Aug-22,53.47,53.93,53.37,53.7,50.97,"51,300"
17-Aug-22,53.25,53.45,52.77,53.12,50.42,"25,500"
18-Aug-22,53.33,53.91,53.14,53.86,51.12,"28,600"
19-Aug-22,53.45,53.45,52.92,53.06,50.36,"24,100"
22-Aug-22,52.18,52.38,51.93,52.05,49.4,"46,900"
23-Aug-22,52.19,52.72,52.12,52.12,49.47,"60,300"
24-Aug-22,52.11,52.4,52.04,52.28,49.62,"28,100"
25-Aug-22,52.52,53.22,52.52,53.22,50.51,"108,100"
26-Aug-22,53.31,53.31,51.57,51.57,48.95,"40,800"
29-Aug-22,51.17,51.67,51.04,51.19,48.59,"33,000"
30-Aug-22,51.09,51.09,50.19,50.38,47.82,"60,700"
31-Aug-22,50.41,50.41,49.91,49.93,47.39,"34,200"
01-Sep-22,49.24,49.27,48.71,49.23,46.73,"33,500"
02-Sep-22,49.77,49.95,48.74,48.93,46.44,"69,800"
06-Sep-22,49.14,49.14,48.24,48.45,45.99,"100,500"
07-Sep-22,48.24,49.2,48.24,49.08,46.58,"61,700"
08-Sep-22,48.4,49.35,48.4,49.35,46.84,"26,500"
09-Sep-22,49.73,50.42,49.73,50.31,47.75,"48,100"
12-Sep-22,50.64,51.08,50.61,50.95,48.36,"78,300"
13-Sep-22,49.91,50.06,48.86,48.99,46.5,"35,000"
14-Sep-22,49.09,49.19,48.55,49.08,46.58,"49,800"
15-Sep-22,48.84,49.32,48.43,48.56,46.09,"65,700"
16-Sep-22,47.96,48.12,47.44,48.06,45.62,"53,300"
19-Sep-22,47.46,48.49,47.46,48.45,45.99,"31,500"
20-Sep-22,48.08,48.08,47.36,47.7,45.27,"58,200"
21-Sep-22,48.17,48.51,47.16,47.16,44.76,"62,100"
22-Sep-22,47.27,47.27,46.15,46.23,43.88,"65,400"
23-Sep-22,45.52,45.52,44.44,45.03,42.74,"264,600"
26-Sep-22,44.58,45.24,44.06,44.1,42.04,"124,900"
27-Sep-22,44.71,44.99,43.93,44.27,42.21,"116,400"
28-Sep-22,44.55,45.92,44.46,45.67,43.54,"98,900"
29-Sep-22,45.28,45.28,44.31,45.03,42.93,"56,900"
30-Sep-22,44.93,45.75,44.62,44.76,42.67,"64,800"
03-Oct-22,45.33,46.37,45.32,46.12,43.97,"41,600"
04-Oct-22,46.92,47.92,46.92,47.92,45.69,"99,000"
05-Oct-22,47.39,47.92,46.97,47.71,45.49,"64,500"
06-Oct-22,47.57,47.96,47.43,47.53,45.31,"35,400"
07-Oct-22,47.03,47.2,46.16,46.36,44.2,"32,900"
10-Oct-22,46.46,46.47,45.96,46.13,43.98,"224,100"
11-Oct-22,45.88,46.73,45.49,46.09,43.94,"40,000"
12-Oct-22,46.1,46.17,45.7,45.98,43.84,"47,800"
13-Oct-22,45.17,47.3,44.99,47.18,44.98,"59,700"
14-Oct-22,47.32,47.55,45.94,45.98,43.84,"40,000"
17-Oct-22,46.81,47.31,46.81,47.2,45.0,"51,800"
18-Oct-22,48.11,48.39,47.42,47.7,45.48,"32,800"
19-Oct-22,47.43,47.61,46.69,47.17,44.97,"126,200"
20-Oct-22,47.21,47.68,46.58,46.68,44.5,"40,500"
21-Oct-22,46.67,47.73,46.48,47.63,45.41,"60,100"
24-Oct-22,47.87,48.16,47.62,48.02,45.78,"107,200"
25-Oct-22,48.14,49.37,48.14,49.29,46.99,"31,300"
26-Oct-22,49.48,50.36,49.48,49.56,47.25,"55,800"
27-Oct-22,49.98,50.26,49.51,49.56,47.25,"35,000"
28-Oct-22,49.65,50.52,49.65,50.43,48.08,"41,000"
31-Oct-22,50.32,50.74,50.14,50.5,48.15,"40,200"
01-Nov-22,51.05,51.05,50.47,50.78,48.41,"70,700"
02-Nov-22,50.36,51.05,49.38,49.41,47.11,"115,400"
03-Nov-22,48.68,49.35,48.36,49.03,46.74,"52,500"
04-Nov-22,49.82,50.03,48.87,49.68,47.36,"84,800"
07-Nov-22,50.13,50.43,49.76,50.35,48.0,"48,500"
08-Nov-22,50.21,50.89,49.94,50.27,47.93,"45,800"
09-Nov-22,49.88,50.07,48.99,49.06,46.77,"68,800"
10-Nov-22,50.87,51.81,50.87,51.74,49.33,"30,000"
11-Nov-22,52.09,52.64,52.09,52.25,49.81,"36,200"
14-Nov-22,51.97,52.49,51.64,51.78,49.37,"71,300"
15-Nov-22,52.6,53.01,52.27,52.56,50.11,"45,400"
16-Nov-22,52.46,52.46,51.56,51.64,49.23,"37,900"
17-Nov-22,50.96,51.53,50.72,51.47,49.07,"62,100"
18-Nov-22,52.0,52.02,51.55,51.87,49.45,"34,900"
21-Nov-22,51.54,51.74,51.37,51.66,49.25,"91,900"
22-Nov-22,52.11,52.5,51.95,52.44,50.0,"49,400"
23-Nov-22,52.33,52.65,52.19,52.5,50.05,"40,300"
25-Nov-22,52.48,52.78,52.48,52.54,50.09,"21,100"
28-Nov-22,52.19,52.26,51.47,51.64,49.23,"34,400"
29-Nov-22,51.61,52.14,51.61,51.86,49.44,"59,500"
30-Nov-22,52.02,53.17,51.42,53.17,50.69,"87,200"
01-Dec-22,53.29,53.29,52.86,52.92,50.45,"44,100"
02-Dec-22,52.21,53.23,52.21,52.99,50.52,"64,600"
05-Dec-22,52.77,52.77,51.43,51.6,49.2,"39,900"
06-Dec-22,51.66,51.8,50.87,51.27,48.88,"52,500"
07-Dec-22,51.08,51.49,50.87,51.05,48.67,"73,600"
08-Dec-22,51.4,51.77,51.11,51.29,48.9,"127,500"
09-Dec-22,51.0,51.22,50.63,50.69,48.33,"161,300"
12-Dec-22,50.75,51.27,50.48,51.2,48.81,"75,600"
13-Dec-22,52.26,52.73,51.12,51.44,49.24,"152,000"
14-Dec-22,51.47,51.77,50.85,51.14,48.95,"84,500"
15-Dec-22,50.42,50.48,49.73,49.83,47.7,"111,700"
16-Dec-22,49.45,49.56,49.01,49.43,47.32,"86,900"
19-Dec-22,49.53,49.72,48.81,48.96,46.87,"51,100"
20-Dec-22,49.0,49.49,48.92,49.28,47.17,"92,400"
21-Dec-22,49.72,50.33,49.72,50.11,47.97,"53,800"
22-Dec-22,49.76,49.76,48.68,49.39,47.28,"125,100"
23-Dec-22,49.56,49.89,49.26,49.83,47.7,"73,500"
27-Dec-22,50.0,50.09,49.62,49.81,47.68,"38,000"
28-Dec-22,49.83,49.83,48.75,48.83,46.74,"86,300"
29-Dec-22,49.2,49.98,49.12,49.86,47.73,"53,900"
30-Dec-22,49.55,49.78,49.35,49.66,47.54,"77,800"
03-Jan-23,50.03,50.3,49.09,49.4,47.29,"77,800"
04-Jan-23,49.77,50.34,49.72,50.0,47.86,"98,100"
05-Jan-23,49.89,49.89,49.26,49.68,47.56,"66,800"
06-Jan-23,50.22,50.91,49.92,50.84,48.67,"39,300"
09-Jan-23,51.17,51.54,50.86,50.87,48.7,"43,600"
10-Jan-23,50.94,51.57,50.71,51.57,49.37,"42,900"
11-Jan-23,51.74,52.01,51.64,51.99,49.77,"61,800"
12-Jan-23,52.15,52.86,51.9,52.65,50.4,"840,000"
13-Jan-23,52.37,53.06,52.28,53.0,50.73,"145,100"
17-Jan-23,52.98,53.22,52.84,52.95,50.69,"192,500"
18-Jan-23,53.11,53.6,52.3,52.34,50.1,"131,000"
19-Jan-23,52.02,52.19,51.56,51.95,49.73,"124,100"
20-Jan-23,52.24,52.86,51.87,52.86,50.6,"32,200"
23-Jan-23,52.86,53.56,52.82,53.37,51.09,"63,700"
24-Jan-23,53.07,53.41,52.99,53.21,50.93,"57,500"
25-Jan-23,52.78,53.41,52.56,53.37,51.09,"54,700"
26-Jan-23,53.86,53.88,53.3,53.86,51.56,"70,000"
27-Jan-23,53.76,54.11,53.5,53.76,51.46,"30,900"
30-Jan-23,53.28,53.76,53.23,53.24,50.96,"49,800"
31-Jan-23,53.46,54.39,53.43,54.37,52.05,"65,700"
01-Feb-23,54.31,55.47,54.08,55.16,52.8,"55,300"
02-Feb-23,55.7,56.36,55.55,56.08,53.69,"56,400"
03-Feb-23,55.94,56.38,55.81,55.96,53.57,"59,100"
06-Feb-23,55.77,55.77,54.95,55.13,52.77,"65,500"
07-Feb-23,54.99,55.53,54.57,55.51,53.14,"43,000"
08-Feb-23,55.34,55.45,54.66,54.83,52.49,"36,800"
09-Feb-23,55.08,55.08,54.03,54.03,51.72,"35,700"
10-Feb-23,53.89,54.47,53.86,54.37,52.05,"43,200"
13-Feb-23,54.59,55.1,54.24,55.04,52.69,"94,900"
14-Feb-23,54.93,55.35,54.5,54.93,52.58,"70,900"
15-Feb-23,54.62,55.41,54.47,55.38,53.01,"87,000"
16-Feb-23,54.73,55.51,54.6,54.92,52.57,"96,300"
17-Feb-23,54.67,55.05,54.55,55.03,52.68,"87,400"
21-Feb-23,54.53,54.53,53.39,53.5,51.21,"74,500"
22-Feb-23,53.49,53.74,53.23,53.45,51.16,"36,500"
23-Feb-23,53.88,54.0,53.25,53.84,51.54,"56,100"
24-Feb-23,53.07,53.68,53.01,53.65,51.36,"100,300"
27-Feb-23,54.01,54.25,53.54,53.64,51.35,"42,000"
28-Feb-23,53.72,54.16,53.63,53.68,51.38,"52,500"
01-Mar-23,53.46,53.92,53.42,53.73,51.43,"44,400"
02-Mar-23,53.36,53.95,53.15,53.9,51.6,"40,600"
03-Mar-23,54.36,54.81,54.09,54.64,52.3,"25,100"
06-Mar-23,54.8,54.8,53.78,53.91,51.61,"41,500"
07-Mar-23,53.92,54.09,53.17,53.25,50.97,"30,300"
08-Mar-23,53.34,53.5,52.93,53.23,50.95,"71,400"
09-Mar-23,53.35,53.35,51.82,51.82,49.6,"43,100"
10-Mar-23,51.61,51.61,49.89,50.2,48.05,"77,000"
13-Mar-23,49.22,50.13,48.63,49.25,47.14,"48,900"
14-Mar-23,50.6,50.87,49.71,50.15,48.01,"88,700"
15-Mar-23,49.14,49.35,48.54,49.35,47.24,"90,300"
16-Mar-23,48.84,50.24,48.6,49.96,47.82,"51,700"
17-Mar-23,49.5,49.65,48.57,48.72,46.64,"83,100"
20-Mar-23,49.39,49.85,49.23,49.39,47.28,"119,900"
21-Mar-23,50.24,50.59,50.23,50.38,48.23,"48,500"
22-Mar-23,50.45,50.57,48.94,49.12,47.02,"52,300"
23-Mar-23,49.26,49.86,48.33,48.73,46.81,"230,300"
24-Mar-23,48.17,49.05,47.96,49.0,47.07,"54,300"
27-Mar-23,50.21,50.21,49.22,49.58,47.63,"63,900"
28-Mar-23,49.61,49.81,49.35,49.61,47.65,"69,900"
29-Mar-23,50.09,50.26,49.8,50.22,48.24,"113,500"
30-Mar-23,50.64,50.81,50.08,50.24,48.26,"53,500"
31-Mar-23,50.47,51.3,50.47,51.26,49.24,"59,600"
03-Apr-23,51.26,51.57,50.87,51.3,49.28,"41,300"
04-Apr-23,51.3,51.3,50.15,50.48,48.49,"49,500"
05-Apr-23,50.13,50.18,49.65,49.99,48.02,"29,700"
06-Apr-23,49.83,50.15,49.7,49.94,47.97,"67,500"
10-Apr-23,49.9,50.53,49.83,50.53,48.54,"34,200"
11-Apr-23,50.64,51.13,50.64,50.88,48.87,"1,486,600"
12-Apr-23,51.33,51.45,50.53,50.64,48.64,"42,200"
13-Apr-23,50.77,51.25,50.7,51.13,49.11,"47,100"
14-Apr-23,51.34,51.64,50.6,50.92,48.91,"51,600"
17-Apr-23,50.92,51.38,50.92,51.31,49.29,"56,700"
18-Apr-23,51.61,51.61,51.04,51.25,49.23,"50,700"
19-Apr-23,50.98,51.46,50.95,51.37,49.35,"39,200"
20-Apr-23,51.08,51.25,50.82,50.96,48.95,"600,700"
21-Apr-23,51.01,51.12,50.69,51.02,49.01,"117,900"
24-Apr-23,51.06,51.26,50.74,51.07,49.06,"34,600"
25-Apr-23,50.58,50.58,49.77,49.77,47.81,"36,100"
26-Apr-23,49.79,50.03,49.35,49.44,47.49,"36,700"
27-Apr-23,49.51,50.07,49.34,49.99,48.02,"70,800"
28-Apr-23,49.88,50.54,49.88,50.4,48.41,"38,900"
01-May-23,50.59,50.82,50.29,50.43,48.44,"27,700"
02-May-23,50.17,50.17,48.92,49.39,47.44,"38,300"
03-May-23,49.47,50.13,49.3,49.3,47.36,"19,100"
04-May-23,49.02,49.14,48.36,48.63,46.71,"69,600"
05-May-23,49.3,49.91,49.3,49.75,47.79,"33,500"
08-May-23,50.02,50.02,49.47,49.65,47.69,"69,000"
09-May-23,49.42,49.66,49.2,49.5,47.55,"63,900"
10-May-23,50.05,50.18,49.17,49.65,47.69,"53,400"
11-May-23,49.3,49.46,49.05,49.32,47.38,"79,100"
12-May-23,49.41,49.55,48.9,49.22,47.28,"54,900"
15-May-23,49.3,50.01,49.26,49.82,47.86,"67,100"
16-May-23,49.5,49.5,49.01,49.01,47.08,"42,300"
17-May-23,49.41,50.1,49.19,50.01,48.04,"188,100"
18-May-23,49.84,50.54,49.84,50.51,48.52,"250,900"
19-May-23,50.76,50.76,49.94,50.18,48.2,"180,900"
22-May-23,50.28,50.74,50.2,50.57,48.58,"236,500"
23-May-23,50.4,51.01,50.23,50.25,48.27,"50,900"
24-May-23,49.99,49.99,49.49,49.64,47.68,"49,000"
25-May-23,49.69,49.73,49.13,49.43,47.48,"47,400"
26-May-23,49.55,50.1,49.5,50.1,48.13,"85,000"
30-May-23,50.31,50.31,49.74,49.89,47.92,"162,100"
31-May-23,49.81,49.83,49.06,49.38,47.43,"258,800"
01-Jun-23,49.54,50.05,49.26,49.87,47.9,"116,900"
02-Jun-23,50.44,51.61,50.44,51.58,49.55,"71,400"
05-Jun-23,51.52,51.52,50.73,51.0,48.99,"46,400"
06-Jun-23,50.97,52.32,50.97,52.18,50.12,"70,700"
07-Jun-23,52.24,52.94,52.24,52.81,50.96,"62,300"
08-Jun-23,52.74,52.74,52.18,52.53,50.69,"52,000"
09-Jun-23,52.7,52.7,52.14,52.28,50.45,"53,100"
12-Jun-23,52.24,52.64,52.24,52.51,50.67,"128,000"
13-Jun-23,52.88,53.33,52.8,53.16,51.3,"106,500"
14-Jun-23,53.39,53.51,52.35,52.85,51.0,"57,000"
15-Jun-23,52.64,53.27,52.57,53.23,51.37,"36,300"
16-Jun-23,53.41,53.41,52.74,52.89,51.04,"76,200"
20-Jun-23,52.69,52.73,52.35,52.61,50.77,"44,600"
21-Jun-23,52.42,52.76,52.23,52.51,50.67,"46,200"
22-Jun-23,52.27,52.32,51.79,52.24,50.41,"87,900"
23-Jun-23,51.54,51.88,51.36,51.39,49.59,"32,200"
26-Jun-23,51.42,52.06,51.42,51.75,49.94,"41,600"
27-Jun-23,51.87,52.75,51.8,52.63,50.79,"56,100"
28-Jun-23,52.31,52.78,52.3,52.75,50.9,"67,000"
29-Jun-23,52.84,53.41,52.84,53.33,51.46,"32,200"
30-Jun-23,53.69,53.91,53.59,53.62,51.74,"28,800"
03-Jul-23,53.67,54.05,53.6,53.9,52.02,"16,200"
05-Jul-23,53.47,53.54,53.14,53.27,51.4,"1,927,100"
06-Jul-23,52.77,52.77,52.07,52.63,50.78,"46,600"
07-Jul-23,52.71,53.66,52.71,53.15,51.29,"36,400"
10-Jul-23,53.2,53.99,53.2,53.99,52.1,"39,700"
11-Jul-23,54.13,54.72,54.03,54.61,52.7,"33,700"
12-Jul-23,55.42,55.42,54.98,55.05,53.12,"48,300"
13-Jul-23,55.5,55.58,55.15,55.53,53.58,"63,700"
14-Jul-23,55.55,55.55,54.75,54.94,53.02,"75,400"
17-Jul-23,54.85,55.54,54.85,55.45,53.51,"37,200"
18-Jul-23,55.52,56.1,55.52,55.95,53.99,"37,600"
19-Jul-23,56.26,56.43,56.06,56.22,54.25,"48,000"
20-Jul-23,56.32,56.32,55.6,55.81,53.86,"67,000"
21-Jul-23,56.12,56.12,55.55,55.55,53.6,"38,000"
24-Jul-23,55.59,56.1,55.56,55.71,53.76,"110,800"
25-Jul-23,55.82,56.16,55.67,55.79,53.84,"64,600"
26-Jul-23,55.8,56.35,55.8,56.18,54.21,"30,600"
27-Jul-23,56.65,56.65,55.52,55.52,53.58,"26,000"
28-Jul-23,56.27,56.27,55.92,56.17,54.2,"28,400"
31-Jul-23,56.33,56.66,56.28,56.62,54.64,"25,400"
01-Aug-23,56.23,56.43,55.95,56.41,54.43,"26,800"
02-Aug-23,55.97,55.97,55.36,55.62,53.67,"35,600"
03-Aug-23,55.35,55.83,55.19,55.57,53.62,"22,400"
04-Aug-23,55.78,56.05,55.46,55.54,53.59,"42,800"
07-Aug-23,55.71,55.88,55.43,55.85,53.89,"18,100"
08-Aug-23,55.18,55.38,54.71,55.37,53.43,"32,400"
09-Aug-23,55.38,55.38,54.85,54.91,52.99,"37,900"
10-Aug-23,55.29,55.65,54.72,54.94,53.02,"41,300"
11-Aug-23,54.71,55.08,54.71,54.91,52.99,"18,000"
14-Aug-23,54.65,54.96,54.42,54.96,53.03,"23,300"
15-Aug-23,54.6,54.6,54.16,54.2,52.3,"28,200"
16-Aug-23,54.16,54.5,53.57,53.57,51.69,"23,100"
17-Aug-23,53.76,53.82,52.93,52.93,51.08,"32,600"
18-Aug-23,52.61,53.3,52.61,53.17,51.31,"20,000"
21-Aug-23,53.34,53.47,52.82,53.16,51.3,"39,200"
22-Aug-23,53.28,53.34,52.89,53.0,51.14,"55,000"
23-Aug-23,52.93,53.63,52.9,53.54,51.67,"105,500"
24-Aug-23,53.54,53.85,53.01,53.01,51.15,"90,100"
25-Aug-23,53.18,53.4,52.6,53.11,51.25,"19,500"
28-Aug-23,53.41,53.88,53.41,53.64,51.76,"18,900"
29-Aug-23,53.69,54.54,53.44,54.54,52.63,"21,100"
30-Aug-23,54.5,54.84,54.37,54.69,52.77,"25,700"
31-Aug-23,54.87,55.04,54.7,54.7,52.78,"19,700"
01-Sep-23,55.21,55.47,55.21,55.41,53.47,"41,100"
05-Sep-23,55.12,55.13,54.26,54.26,52.36,"20,400"
06-Sep-23,54.28,54.46,53.77,54.08,52.19,"29,000"
07-Sep-23,53.79,53.94,53.43,53.62,51.74,"18,000"
08-Sep-23,53.75,53.8,53.39,53.53,51.65,"35,100"
11-Sep-23,53.98,53.99,53.58,53.68,51.8,"29,000"
12-Sep-23,53.55,53.94,53.53,53.59,51.71,"45,800"
13-Sep-23,53.83,53.83,53.15,53.24,51.38,"17,100"
14-Sep-23,53.68,54.1,53.68,54.04,52.15,"20,700"
15-Sep-23,53.85,53.85,53.31,53.44,51.57,"23,900"
18-Sep-23,53.42,53.49,53.15,53.27,51.4,"27,600"
19-Sep-23,53.38,53.45,52.99,53.19,51.33,"25,200"
20-Sep-23,53.33,53.8,52.76,52.76,50.91,"17,800"
21-Sep-23,52.4,52.4,51.75,51.75,49.94,"29,700"
22-Sep-23,51.99,52.1,51.65,51.67,49.86,"22,300"
25-Sep-23,51.41,52.03,51.41,51.97,50.15,"21,200"
26-Sep-23,51.37,51.67,50.91,51.0,49.44,"25,100"
27-Sep-23,51.31,51.61,50.99,51.4,49.82,"26,100"
28-Sep-23,51.34,52.17,51.34,51.9,50.31,"31,000"
29-Sep-23,52.36,52.36,51.67,51.73,50.14,"23,700"
02-Oct-23,51.67,51.67,50.82,51.06,49.49,"38,100"
03-Oct-23,50.75,50.75,49.91,50.15,48.61,"41,200"
04-Oct-23,50.26,50.35,49.66,50.29,48.75,"33,900"
05-Oct-23,50.2,50.36,49.85,50.18,48.64,"19,100"
06-Oct-23,49.93,50.99,49.82,50.62,49.07,"33,600"
09-Oct-23,50.37,51.22,50.37,51.01,49.44,"22,100"
10-Oct-23,51.14,51.94,51.14,51.56,49.98,"19,400"
11-Oct-23,51.75,51.96,51.33,51.74,50.15,"19,900"
12-Oct-23,51.65,51.65,50.45,50.69,49.13,"18,800"
13-Oct-23,50.9,50.9,50.21,50.22,48.68,"28,000"
16-Oct-23,50.64,51.21,50.55,51.03,49.46,"22,800"
17-Oct-23,50.82,52.04,50.82,51.74,50.15,"72,600"
18-Oct-23,51.28,51.28,50.52,50.58,49.03,"27,400"
19-Oct-23,50.45,50.66,49.61,49.68,48.16,"43,100"
20-Oct-23,49.76,49.76,49.08,49.15,47.64,"70,100"
23-Oct-23,48.85,49.26,48.61,48.64,47.15,"87,200"
24-Oct-23,49.11,49.37,48.77,49.09,47.58,"15,200"
25-Oct-23,48.78,48.84,48.15,48.22,46.74,"66,300"
26-Oct-23,48.28,48.72,48.15,48.32,46.84,"26,600"
27-Oct-23,48.5,48.54,47.77,47.85,46.38,"163,000"
30-Oct-23,48.23,48.56,47.88,48.16,46.68,"65,600"
31-Oct-23,48.18,48.63,48.12,48.54,47.05,"57,700"
01-Nov-23,48.5,48.85,48.2,48.83,47.33,"28,200"
02-Nov-23,49.63,49.89,49.43,49.88,48.35,"35,400"
03-Nov-23,50.94,51.38,50.76,51.21,49.64,"19,600"
06-Nov-23,51.22,51.22,50.37,50.61,49.06,"34,000"
07-Nov-23,50.51,50.65,50.19,50.41,48.86,"48,500"
08-Nov-23,50.44,50.62,49.91,50.05,48.51,"47,700"
09-Nov-23,50.37,50.37,49.3,49.37,47.86,"31,800"
10-Nov-23,49.59,50.05,49.3,49.97,48.44,"28,300"
13-Nov-23,49.81,50.0,49.62,49.93,48.4,"28,800"
14-Nov-23,51.17,52.3,51.17,52.3,50.7,"29,700"
15-Nov-23,52.44,53.1,52.42,52.49,50.88,"62,900"
16-Nov-23,52.27,52.38,51.5,51.72,50.13,"34,400"
17-Nov-23,52.03,52.37,52.01,52.37,50.76,"29,900"
20-Nov-23,52.43,52.66,52.28,52.58,50.96,"31,100"
21-Nov-23,52.38,52.38,52.08,52.11,50.51,"32,500"
22-Nov-23,52.34,52.56,52.21,52.41,50.8,"23,000"
24-Nov-23,52.29,52.71,52.29,52.63,51.02,"16,100"
27-Nov-23,52.47,52.65,52.15,52.58,50.97,"26,900"
28-Nov-23,52.47,52.69,52.22,52.36,50.75,"44,600"
29-Nov-23,52.89,53.26,52.65,52.72,51.1,"26,700"
30-Nov-23,52.99,53.03,52.62,52.93,51.31,"38,000"
01-Dec-23,52.85,54.52,52.7,54.45,52.78,"25,200"
04-Dec-23,54.29,54.95,54.29,54.95,53.26,"43,900"
05-Dec-23,54.64,54.64,54.12,54.27,52.6,"33,400"
06-Dec-23,54.56,55.14,54.1,54.18,52.52,"92,300"
07-Dec-23,54.27,54.62,54.12,54.62,52.94,"34,900"
08-Dec-23,54.4,55.11,54.4,54.94,53.25,"27,000"
11-Dec-23,54.97,55.17,54.87,55.16,53.47,"103,900"
12-Dec-23,54.76,55.26,54.76,54.98,53.29,"47,900"
13-Dec-23,55.16,56.72,54.74,56.63,54.89,"29,900"
14-Dec-23,57.57,58.49,57.57,58.24,56.45,"46,000"
15-Dec-23,58.37,58.37,57.47,57.63,55.86,"75,000"
18-Dec-23,57.96,58.08,57.63,57.76,55.99,"42,000"
19-Dec-23,58.04,58.71,58.04,58.58,56.78,"112,200"
20-Dec-23,58.56,59.07,57.52,57.53,55.79,"71,900"
21-Dec-23,58.28,58.52,57.91,58.52,56.75,"55,000"
22-Dec-23,58.79,59.17,58.64,58.84,57.06,"32,400"
26-Dec-23,59.01,59.49,58.83,59.39,57.59,"41,000"
27-Dec-23,59.53,59.61,59.27,59.39,57.59,"66,900"
28-Dec-23,59.39,59.61,59.16,59.52,57.72,"48,000"
29-Dec-23,59.37,59.37,58.73,58.82,57.04,"55,000"
02-Jan-24,58.49,58.89,58.18,58.38,56.61,"54,400"
03-Jan-24,57.78,57.78,56.93,57.1,55.37,"60,700"
04-Jan-24,56.93,57.28,56.92,56.93,55.21,"22,300"
05-Jan-24,56.67,57.4,56.51,57.11,55.38,"36,100"
08-Jan-24,57.2,58.38,56.92,58.38,56.61,"70,200"
09-Jan-24,57.56,57.7,57.22,57.7,55.95,"49,000"
10-Jan-24,57.7,57.8,57.22,57.79,56.04,"32,000"
11-Jan-24,57.77,57.77,56.79,57.49,55.75,"28,400"
12-Jan-24,58.0,58.25,57.11,57.32,55.58,"22,400"
16-Jan-24,56.94,57.09,56.6,56.9,55.18,"64,800"
17-Jan-24,56.25,56.59,55.96,56.47,54.76,"35,600"
18-Jan-24,56.95,56.95,56.29,56.83,55.11,"29,000"
19-Jan-24,57.07,57.53,56.71,57.53,55.79,"36,300"
22-Jan-24,57.86,58.55,57.86,58.52,56.75,"47,400"
23-Jan-24,58.92,59.08,58.08,58.3,56.53,"41,400"
24-Jan-24,58.97,59.01,57.89,58.0,56.24,"79,400"
25-Jan-24,58.63,58.77,58.09,58.55,56.78,"40,200"
26-Jan-24,58.63,58.88,58.35,58.48,56.71,"101,200"
29-Jan-24,58.5,59.24,58.3,59.16,57.37,"86,100"
30-Jan-24,59.05,59.11,58.78,58.99,57.2,"156,800"
31-Jan-24,58.63,59.04,57.61,57.7,55.95,"64,900"
01-Feb-24,58.01,58.43,57.27,58.4,56.63,"56,600"
02-Feb-24,57.89,58.57,57.67,58.4,56.63,"32,700"
05-Feb-24,57.89,57.92,57.14,57.89,56.14,"175,400"
06-Feb-24,57.95,58.04,57.59,57.97,56.21,"55,500"
07-Feb-24,58.2,58.3,57.61,58.1,56.34,"107,500"
08-Feb-24,58.11,58.82,57.96,58.73,56.95,"64,100"
09-Feb-24,59.01,59.49,58.69,59.47,57.67,"176,400"
12-Feb-24,59.59,60.28,59.59,60.08,58.26,"41,200"
13-Feb-24,58.67,58.88,57.87,58.28,56.51,"59,000"
14-Feb-24,58.92,59.39,58.65,59.36,57.56,"51,600"
15-Feb-24,59.93,60.68,59.75,60.58,58.75,"38,700"
16-Feb-24,60.2,60.68,60.08,60.16,58.34,"43,600"
20-Feb-24,59.51,59.6,59.29,59.44,57.64,"33,100"
21-Feb-24,59.12,59.29,58.85,59.28,57.48,"40,600"
22-Feb-24,59.7,60.08,59.47,60.07,58.25,"40,000"
23-Feb-24,60.15,60.37,59.86,60.18,58.36,"53,100"
26-Feb-24,60.11,60.49,60.04,60.3,58.47,"28,700"
27-Feb-24,60.65,60.85,60.65,60.8,58.96,"32,200"
28-Feb-24,60.58,60.88,60.41,60.73,58.89,"44,500"
29-Feb-24,61.32,61.56,60.79,61.17,59.32,"39,300"
01-Mar-24,61.37,61.72,60.91,61.58,59.72,"70,200"
04-Mar-24,62.04,62.21,61.69,61.78,59.91,"32,100"
05-Mar-24,61.4,61.67,61.1,61.34,59.48,"37,300"
06-Mar-24,61.95,61.95,61.47,61.77,59.9,"36,400"
07-Mar-24,62.16,62.35,62.04,62.23,60.35,"54,100"
08-Mar-24,62.57,63.01,61.85,61.96,60.08,"59,800"
11-Mar-24,61.93,61.93,61.37,61.63,59.76,"53,600"
12-Mar-24,61.69,61.94,61.33,61.74,59.87,"67,100"
13-Mar-24,61.82,62.24,61.82,62.07,60.19,"40,300"
14-Mar-24,62.02,62.06,60.78,61.14,59.29,"53,900"
15-Mar-24,60.85,61.31,60.85,61.02,59.17,"33,500"
18-Mar-24,61.28,61.31,60.93,60.96,59.11,"35,300"
19-Mar-24,60.83,61.51,60.83,61.46,59.6,"267,600"
20-Mar-24,61.45,62.58,61.25,62.55,60.66,"60,200"
21-Mar-24,62.77,63.31,62.77,63.01,61.27,"87,300"
22-Mar-24,63.06,63.15,62.38,62.46,60.73,"37,800"
25-Mar-24,62.62,62.77,62.44,62.48,60.75,"75,400"
26-Mar-24,62.83,62.87,62.3,62.3,60.58,"108,700"
27-Mar-24,62.83,63.44,62.73,63.32,61.57,"447,100"
28-Mar-24,63.59,63.91,63.49,63.58,61.82,"60,800"
01-Apr-24,63.74,63.77,63.05,63.14,61.39,"28,900"
02-Apr-24,62.35,62.35,61.79,62.01,60.29,"83,500"
03-Apr-24,61.89,62.55,61.89,62.37,60.64,"83,400"
04-Apr-24,63.02,63.1,61.64,61.81,60.1,"40,800"
05-Apr-24,61.68,62.3,61.68,62.3,60.58,"46,700"
08-Apr-24,62.5,62.67,62.24,62.53,60.8,"80,100"
09-Apr-24,62.79,62.86,62.1,62.56,60.83,"46,300"
10-Apr-24,61.62,61.71,60.99,61.17,59.48,"61,700"
11-Apr-24,61.58,61.58,60.95,61.41,59.71,"170,300"
12-Apr-24,61.23,61.42,60.14,60.44,58.77,"38,000"
15-Apr-24,60.79,60.85,59.42,59.59,57.94,"35,000"
16-Apr-24,59.29,59.6,58.88,59.33,57.69,"31,900"
17-Apr-24,59.72,59.8,58.76,58.97,57.34,"33,500"
18-Apr-24,59.17,59.46,58.6,58.71,57.09,"162,000"
19-Apr-24,58.67,59.17,58.48,58.91,57.28,"22,000"
22-Apr-24,59.07,59.81,58.89,59.57,57.92,"30,900"
23-Apr-24,59.67,60.71,59.61,60.47,58.8,"40,700"
24-Apr-24,60.45,60.7,60.05,60.5,58.83,"28,700"
25-Apr-24,59.9,60.23,59.32,60.19,58.53,"32,000"
26-Apr-24,60.05,60.68,60.05,60.45,58.78,"52,400"
29-Apr-24,60.8,60.98,60.67,60.92,59.24,"49,100"
30-Apr-24,60.57,60.57,59.66,59.66,58.01,"91,600"
01-May-24,59.58,60.71,59.38,59.78,58.13,"46,100"
02-May-24,60.34,60.65,59.75,60.57,58.89,"26,000"
03-May-24,61.61,62.04,60.97,61.32,59.62,"27,000"
06-May-24,61.72,61.97,61.56,61.96,60.25,"51,200"
07-May-24,62.04,62.35,61.97,61.97,60.26,"31,900"
08-May-24,61.43,61.7,61.42,61.56,59.86,"49,000"
09-May-24,61.63,62.35,61.63,62.35,60.63,"67,800"
10-May-24,62.63,62.63,61.97,62.2,60.48,"22,600"
13-May-24,62.56,62.86,62.25,62.28,60.56,"41,900"
14-May-24,63.0,63.15,62.71,63.07,61.33,"72,700"
15-May-24,63.8,63.8,63.21,63.6,61.84,"96,900"
16-May-24,63.54,63.54,62.98,63.07,61.33,"57,000"
17-May-24,63.12,63.12,62.81,63.05,61.31,"49,800"
20-May-24,63.17,63.47,63.04,63.32,61.57,"26,200"
21-May-24,63.21,63.21,62.95,63.06,61.32,"415,600"
22-May-24,62.94,63.07,62.32,62.57,60.84,"47,000"
23-May-24,62.92,62.92,61.53,61.82,60.11,"74,000"
24-May-24,62.18,62.45,62.06,62.33,60.61,"32,800"
28-May-24,62.71,62.71,61.92,62.21,60.49,"56,000"
29-May-24,61.43,61.59,61.33,61.55,59.85,"63,000"
30-May-24,61.62,62.04,61.52,61.89,60.18,"372,300"
31-May-24,62.2,62.35,61.62,62.35,60.63,"38,500"
03-Jun-24,62.89,62.9,61.59,62.11,60.39,"74,300"
04-Jun-24,61.68,61.69,61.05,61.07,59.38,"48,100"
05-Jun-24,61.57,62.05,61.16,62.05,60.33,"38,400"
06-Jun-24,61.86,62.0,61.55,61.71,60.0,"23,200"
07-Jun-24,61.2,61.39,60.94,61.13,59.44,"47,300"
10-Jun-24,60.63,61.25,60.54,61.18,59.49,"27,900"
11-Jun-24,60.69,60.88,60.14,60.74,59.22,"872,200"
12-Jun-24,61.97,62.44,60.23,61.63,60.09,"43,400"
13-Jun-24,61.61,61.61,60.73,61.15,59.62,"28,200"
14-Jun-24,60.57,60.57,60.0,60.19,58.69,"70,500"
17-Jun-24,60.05,60.74,59.92,60.72,59.2,"38,800"
18-Jun-24,60.65,60.92,60.64,60.9,59.38,"41,800"
20-Jun-24,60.81,60.89,60.38,60.48,58.97,"48,500"
21-Jun-24,60.62,60.74,60.21,60.74,59.22,"35,500"
24-Jun-24,60.84,61.35,60.75,60.98,59.46,"68,900"
25-Jun-24,60.92,60.92,60.34,60.49,58.98,"72,100"
26-Jun-24,60.31,60.55,60.23,60.38,58.87,"39,700"
27-Jun-24,60.62,60.91,60.44,60.9,59.38,"110,000"
28-Jun-24,61.16,61.41,60.76,61.21,59.68,"28,600"
01-Jul-24,61.42,61.43,60.53,60.57,59.06,"64,900"
02-Jul-24,60.69,60.88,60.58,60.8,59.29,"92,900"
03-Jul-24,60.94,61.2,60.8,60.9,59.38,"49,000"
05-Jul-24,60.75,60.75,60.28,60.39,58.88,"15,300"
08-Jul-24,60.8,60.95,60.52,60.65,59.13,"32,200"
09-Jul-24,60.72,60.72,60.25,60.35,58.84,"63,400"
10-Jul-24,60.64,60.95,60.42,60.94,59.42,"93,600"
11-Jul-24,61.71,62.68,61.71,62.52,60.96,"72,800"
12-Jul-24,63.03,63.47,62.88,63.0,61.43,"39,600"
15-Jul-24,63.48,64.12,63.19,63.7,62.11,"243,700"
16-Jul-24,64.17,65.56,64.14,65.56,63.92,"103,600"
17-Jul-24,64.98,65.67,64.67,64.79,63.17,"392,500"
18-Jul-24,64.57,65.36,63.5,63.89,62.29,"192,600"
19-Jul-24,63.7,63.83,63.29,63.51,61.92,"103,800"
22-Jul-24,63.92,64.48,63.28,64.4,62.8,"44,000"
23-Jul-24,64.33,65.12,64.19,64.69,63.07,"75,100"
24-Jul-24,64.42,64.88,63.42,63.42,61.84,"60,400"
25-Jul-24,63.54,65.1,63.54,64.23,62.63,"148,900"
26-Jul-24,65.06,65.49,64.77,65.25,63.62,"70,400"
29-Jul-24,65.56,65.6,64.8,65.07,63.44,"59,200"
30-Jul-24,65.26,65.67,64.84,65.16,63.53,"163,600"
31-Jul-24,65.78,66.75,65.31,65.72,64.08,"57,600"
01-Aug-24,65.71,65.83,63.44,63.77,62.18,"73,100"
02-Aug-24,62.25,62.25,61.17,61.73,60.19,"49,800"
05-Aug-24,58.93,60.65,58.56,60.1,58.6,"69,100"
06-Aug-24,60.38,61.54,59.89,60.73,59.21,"39,000"
07-Aug-24,61.87,61.92,60.27,60.42,58.91,"222,100"
08-Aug-24,61.03,61.67,60.81,61.64,60.1,"120,800"
09-Aug-24,61.59,61.78,61.24,61.57,60.03,"40,600"
12-Aug-24,61.77,61.84,61.01,61.24,59.71,"122,200"
13-Aug-24,61.6,62.3,61.43,62.1,60.55,"61,800"
14-Aug-24,62.46,62.57,61.85,62.12,60.57,"32,800"
15-Aug-24,63.16,63.65,63.11,63.34,61.76,"55,200"
16-Aug-24,63.22,63.6,63.22,63.56,61.97,"42,200"
19-Aug-24,63.61,64.14,63.58,64.11,62.51,"25,000"
20-Aug-24,64.12,64.12,63.36,63.59,62.0,"28,300"
21-Aug-24,63.87,64.28,63.62,64.24,62.64,"21,100"
22-Aug-24,64.31,64.62,63.72,63.86,62.26,"22,100"
23-Aug-24,64.32,65.58,64.22,65.5,63.86,"40,100"
26-Aug-24,65.91,65.92,65.23,65.23,63.6,"309,100"
27-Aug-24,64.97,65.07,64.68,65.01,63.39,"78,400"
28-Aug-24,64.91,64.97,64.26,64.61,63.0,"27,800"
29-Aug-24,64.99,65.46,64.61,64.96,63.34,"64,900"
30-Aug-24,65.14,65.32,64.47,65.18,63.55,"40,700"
03-Sep-24,64.79,64.98,63.31,63.49,61.9,"53,700"
04-Sep-24,63.17,63.78,63.01,63.22,61.64,"53,200"
05-Sep-24,63.25,63.41,62.7,62.94,61.37,"42,700"
06-Sep-24,62.98,63.31,61.86,62.0,60.45,"34,900"
09-Sep-24,62.2,62.66,62.03,62.13,60.58,"62,600"
10-Sep-24,62.32,62.32,61.49,61.96,60.42,"47,900"
11-Sep-24,61.91,62.42,60.85,62.42,60.86,"34,500"
12-Sep-24,62.58,63.28,62.27,63.12,61.54,"58,600"
13-Sep-24,63.61,64.49,63.61,64.49,62.88,"29,500"
16-Sep-24,64.59,64.97,64.5,64.83,63.21,"34,700"
17-Sep-24,65.3,65.87,65.12,65.39,63.76,"45,800"
18-Sep-24,65.38,66.7,65.14,65.42,63.79,"30,800"
19-Sep-24,66.89,66.89,66.14,66.69,65.02,"20,700"
20-Sep-24,66.52,66.52,66.06,66.18,64.52,"33,000"
23-Sep-24,66.42,66.6,65.96,66.37,64.71,"96,800"
24-Sep-24,66.79,66.81,66.24,66.48,64.82,"85,900"
25-Sep-24,66.17,66.35,65.42,65.52,64.12,"86,000"
26-Sep-24,66.27,66.46,65.76,66.07,64.66,"79,500"
27-Sep-24,66.47,66.85,66.03,66.34,64.92,"140,800"
30-Sep-24,66.12,66.5,65.77,66.35,64.93,"41,000"
01-Oct-24,66.35,66.35,65.14,65.79,64.38,"549,100"
02-Oct-24,65.49,65.91,65.41,65.67,64.27,"63,800"
03-Oct-24,65.29,65.47,64.93,65.31,63.91,"38,300"
04-Oct-24,66.08,66.24,65.68,66.13,64.72,"51,900"
07-Oct-24,66.03,66.03,65.3,65.53,64.13,"76,800"
08-Oct-24,65.64,65.88,65.38,65.65,64.25,"50,700"
09-Oct-24,65.61,66.34,65.45,66.14,64.73,"152,700"
10-Oct-24,65.63,65.87,65.23,65.76,64.35,"67,600"
11-Oct-24,65.93,67.0,65.93,67.0,65.56,"24,000"
14-Oct-24,67.08,67.37,66.79,67.3,65.86,"20,000"
15-Oct-24,67.32,67.99,67.32,67.34,65.9,"50,500"
16-Oct-24,67.7,68.13,67.6,67.95,66.5,"29,000"
17-Oct-24,68.14,68.14,67.67,68.06,66.6,"23,700"
18-Oct-24,68.23,68.23,67.86,67.94,66.49,"42,800"
21-Oct-24,67.97,68.04,67.02,67.13,65.69,"33,300"
22-Oct-24,66.88,66.89,66.59,66.65,65.22,"35,200"
23-Oct-24,66.49,66.6,65.59,66.1,64.69,"27,400"
24-Oct-24,66.42,66.42,65.9,66.34,64.92,"41,800"
25-Oct-24,66.36,66.67,65.82,65.98,64.57,"24,400"
28-Oct-24,66.45,67.03,66.45,66.81,65.38,"46,500"
29-Oct-24,66.51,66.91,66.32,66.79,65.36,"92,700"
30-Oct-24,66.65,67.66,66.65,66.76,65.33,"26,100"
31-Oct-24,66.67,66.8,65.92,65.96,64.55,"36,200"
01-Nov-24,66.39,66.77,65.98,66.07,64.66,"45,300"
04-Nov-24,66.07,66.78,66.0,66.39,64.97,"35,700"
05-Nov-24,66.32,67.59,66.32,67.59,66.14,"28,400"
06-Nov-24,70.07,70.9,69.75,70.89,69.37,"62,100"
07-Nov-24,71.01,71.6,70.89,71.03,69.51,"48,100"
08-Nov-24,71.2,71.71,70.93,71.69,70.16,"114,500"
11-Nov-24,72.23,72.74,72.1,72.55,71.0,"130,300"
12-Nov-24,72.21,72.65,71.39,71.7,70.17,"137,300"
13-Nov-24,72.06,72.28,71.2,71.26,69.74,"48,200"
14-Nov-24,71.5,71.5,70.32,70.5,68.99,"144,900"
15-Nov-24,70.3,70.34,69.36,69.58,68.09,"93,400"
18-Nov-24,69.79,70.14,69.58,69.75,68.26,"59,300"
19-Nov-24,69.17,70.37,69.14,70.37,68.86,"131,700"
20-Nov-24,70.47,70.7,69.93,70.7,69.19,"44,400"
21-Nov-24,71.11,72.06,70.85,71.68,70.15,"78,400"
22-Nov-24,72.14,73.11,72.14,73.06,71.5,"91,400"
25-Nov-24,73.86,74.69,73.86,74.15,72.56,"157,300"
26-Nov-24,73.96,73.96,73.3,73.67,72.09,"148,100"
27-Nov-24,73.97,74.24,73.26,73.49,71.92,"42,300"
29-Nov-24,73.86,74.07,73.57,73.68,72.1,"11,000"
02-Dec-24,73.75,73.91,73.25,73.56,71.99,"57,100"
03-Dec-24,73.57,73.78,73.25,73.61,72.04,"73,900"
04-Dec-24,73.68,74.15,73.55,74.02,72.44,"133,500"
05-Dec-24,74.1,74.1,73.24,73.33,71.76,"117,400"
06-Dec-24,73.73,73.76,73.25,73.46,71.89,"33,900"
09-Dec-24,73.67,73.77,72.6,72.6,71.05,"80,700"
10-Dec-24,72.61,72.71,71.96,72.12,70.58,"415,200"
11-Dec-24,72.65,72.94,72.36,72.72,71.16,"136,600"
12-Dec-24,72.48,72.68,71.9,71.93,70.39,"167,500"
13-Dec-24,72.19,72.19,71.25,71.62,70.09,"55,400"
16-Dec-24,71.63,72.13,71.58,71.87,70.33,"88,100"
17-Dec-24,71.12,71.3,70.46,70.68,69.48,"108,800"
18-Dec-24,70.87,71.06,67.34,67.79,66.64,"117,300"
19-Dec-24,68.38,68.64,67.31,67.36,66.21,"83,900"
20-Dec-24,67.11,68.8,66.98,68.24,67.08,"111,500"
23-Dec-24,68.13,68.23,67.47,68.21,67.05,"152,500"
24-Dec-24,68.37,68.75,68.11,68.63,67.46,"39,900"
26-Dec-24,68.4,69.12,68.32,68.96,67.79,"43,100"
27-Dec-24,68.63,68.9,67.62,68.2,67.04,"92,800"
30-Dec-24,67.5,67.94,66.8,67.66,66.5,"100,800"
31-Dec-24,67.98,68.08,67.35,67.5,66.35,"83,400"
02-Jan-25,68.22,68.52,67.31,67.74,66.59,"145,400"
03-Jan-25,67.9,68.68,67.74,68.57,67.4,"186,700"
06-Jan-25,69.24,69.46,68.75,68.89,67.72,"205,400"
07-Jan-25,69.08,69.14,67.65,67.96,66.8,"232,800"
08-Jan-25,67.89,68.35,67.37,68.25,67.09,"107,900"
10-Jan-25,67.33,67.42,66.62,67.09,65.95,"233,000"
13-Jan-25,66.42,67.28,66.16,67.28,66.14,"272,700"
14-Jan-25,67.88,68.33,67.44,68.17,67.01,"169,100"
15-Jan-25,69.66,69.74,69.12,69.49,68.31,"146,000"
16-Jan-25,69.49,70.01,69.2,69.86,68.67,"162,300"
17-Jan-25,70.42,70.57,70.04,70.24,69.05,"79,500"
21-Jan-25,70.76,71.37,70.6,71.37,70.16,"95,000"
22-Jan-25,71.44,71.53,71.02,71.16,69.95,"115,300"
23-Jan-25,70.88,71.4,70.49,71.4,70.19,"179,000"
24-Jan-25,71.35,71.54,71.01,71.18,69.97,"107,500"
27-Jan-25,70.06,70.91,69.76,70.23,69.04,"62,400"
28-Jan-25,70.25,70.83,70.09,70.75,69.55,"87,000"
29-Jan-25,70.69,70.92,69.97,70.53,69.33,"156,700"
30-Jan-25,70.9,71.58,70.7,71.22,70.01,"75,400"
31-Jan-25,71.28,71.47,70.15,70.44,69.24,"111,400"
03-Feb-25,68.72,69.94,68.41,69.51,68.33,"101,100"
04-Feb-25,69.55,70.25,69.53,70.25,69.05,"346,500"
05-Feb-25,70.36,70.84,70.0,70.84,69.63,"78,300"
06-Feb-25,71.14,71.14,70.36,70.79,69.59,"98,200"
07-Feb-25,70.89,71.0,69.92,70.12,68.93,"208,100"
10-Feb-25,70.65,70.65,70.12,70.28,69.08,"208,100"
11-Feb-25,69.91,70.23,69.71,69.91,68.72,"156,000"
12-Feb-25,68.99,69.74,68.82,69.57,68.39,"168,400"
13-Feb-25,70.27,70.63,69.85,70.63,69.43,"232,200"
14-Feb-25,70.79,71.03,70.59,70.76,69.56,"190,000"
18-Feb-25,71.03,71.32,70.85,71.32,70.11,"291,500"
19-Feb-25,70.83,70.88,70.46,70.53,69.33,"125,800"
20-Feb-25,70.42,70.42,69.11,69.65,68.47,"113,000"
21-Feb-25,69.9,69.9,67.47,67.62,66.47,"108,900"
24-Feb-25,67.8,67.95,66.61,67.24,66.1,"313,200"
25-Feb-25,67.16,67.5,66.24,66.85,65.71,"205,200"
26-Feb-25,67.08,67.74,66.64,67.02,65.88,"172,300"
27-Feb-25,67.17,67.17,65.82,65.82,64.7,"181,700"
28-Feb-25,65.82,66.63,65.54,66.63,65.5,"264,100"
03-Mar-25,67.03,67.15,64.57,65.0,63.89,"201,800"
04-Mar-25,64.14,65.27,63.01,64.21,63.12,"384,700"
05-Mar-25,64.21,64.98,63.64,64.86,63.76,"382,500"
06-Mar-25,63.95,64.57,63.22,63.51,62.43,"315,100"
07-Mar-25,63.28,64.19,62.38,63.97,62.88,"436,500"
10-Mar-25,62.93,63.29,61.4,61.97,60.92,"244,000"
11-Mar-25,62.11,62.69,61.24,61.95,60.9,"876,100"
12-Mar-25,62.88,62.92,61.77,62.03,60.97,"458,500"
13-Mar-25,62.06,62.17,60.59,60.91,59.87,"376,100"
14-Mar-25,61.81,62.67,61.55,62.67,61.6,"694,700"
17-Mar-25,62.53,63.79,62.5,63.56,62.48,"893,600"
18-Mar-25,63.06,63.06,62.37,62.64,61.74,"276,800"
19-Mar-25,62.7,64.07,62.4,63.72,62.8,"188,400"
20-Mar-25,63.16,64.12,63.16,63.29,62.38,"181,900"
21-Mar-25,62.68,63.27,62.4,63.03,62.12,"352,800"
24-Mar-25,64.06,64.89,64.05,64.85,63.91,"361,700"
25-Mar-25,64.88,65.0,64.25,64.67,63.74,"97,800"
26-Mar-25,64.73,64.86,63.66,63.8,62.88,"93,500"
27-Mar-25,63.67,64.03,63.16,63.4,62.49,"149,700"
28-Mar-25,63.37,63.37,61.74,62.22,61.32,"112,300"
31-Mar-25,61.43,62.49,60.94,62.16,61.26,"329,900"
01-Apr-25,62.08,62.89,61.49,62.46,61.56,"187,900"
02-Apr-25,61.77,63.77,61.77,63.55,62.63,"191,100"
03-Apr-25,60.74,61.0,58.9,59.07,58.22,"179,800"
04-Apr-25,56.97,57.19,54.65,56.34,55.53,"312,800"
07-Apr-25,53.97,58.61,53.39,55.63,54.83,"484,700"
08-Apr-25,57.89,57.89,53.64,54.28,53.5,"1,316,800"
09-Apr-25,53.89,60.2,53.57,59.68,58.82,"639,700"
10-Apr-25,57.9,58.06,55.48,57.07,56.25,"237,400"
11-Apr-25,56.9,57.77,55.88,57.58,56.75,"534,400"
14-Apr-25,58.86,58.89,57.33,58.26,57.42,"818,000"
15-Apr-25,58.4,59.08,58.18,58.27,57.43,"534,500"
16-Apr-25,57.96,58.35,57.01,57.78,56.95,"111,900"
17-Apr-25,57.92,58.52,57.63,58.11,57.27,"187,100"
21-Apr-25,57.74,57.75,56.17,56.86,56.04,"270,300"
22-Apr-25,57.54,58.54,57.47,58.19,57.35,"592,800"
23-Apr-25,59.99,61.09,59.03,59.22,58.36,"313,500"
24-Apr-25,59.46,60.75,59.25,60.6,59.73,"643,300"
25-Apr-25,60.39,60.85,60.12,60.69,59.81,"255,500"
28-Apr-25,60.8,61.31,60.3,61.02,60.14,"294,800"
29-Apr-25,60.76,61.53,60.46,61.39,60.5,"175,400"
30-Apr-25,60.36,61.19,59.64,61.03,60.15,"231,000"
01-May-25,61.37,62.1,60.97,61.61,60.72,"278,000"
02-May-25,62.38,63.19,62.34,62.92,62.01,"322,900"
05-May-25,62.46,63.2,62.42,62.65,61.75,"124,300"
06-May-25,62.12,62.72,61.82,62.22,61.32,"97,200"
07-May-25,62.49,62.72,62.04,62.59,61.69,"176,300"
08-May-25,63.21,64.09,62.9,63.67,62.75,"202,500"
09-May-25,63.83,64.0,63.31,63.43,62.51,"173,000"
12-May-25,65.87,66.28,65.3,65.82,64.87,"186,900"
13-May-25,66.14,66.65,66.06,66.25,65.29,"271,800"
14-May-25,66.35,66.39,65.9,65.95,65.0,"66,600"
15-May-25,65.83,66.22,65.58,66.22,65.26,"64,800"
16-May-25,66.33,66.9,66.08,66.73,65.77,"86,400"
19-May-25,65.91,66.57,65.72,66.55,65.59,"101,000"
20-May-25,66.42,66.74,66.21,66.5,65.54,"78,500"
21-May-25,65.81,65.97,64.47,64.65,63.72,"156,400"
22-May-25,64.35,64.97,64.14,64.64,63.71,"77,400"
23-May-25,63.5,64.54,63.5,64.36,63.43,"108,100"
27-May-25,65.29,65.86,64.86,65.86,64.91,"84,100"
28-May-25,65.89,65.93,65.04,65.19,64.25,"87,000"
29-May-25,65.71,65.71,64.81,65.4,64.46,"65,600"
30-May-25,64.99,65.33,64.61,65.11,64.17,"26,500"
02-Jun-25,65.1,65.24,64.15,65.08,64.14,"98,200"
03-Jun-25,65.35,66.17,65.05,66.07,65.12,"66,100"
04-Jun-25,66.2,66.25,65.96,65.96,65.01,"233,100"
05-Jun-25,66.1,66.4,65.6,65.98,65.03,"92,900"
06-Jun-25,66.58,66.79,66.38,66.78,65.82,"50,500"
09-Jun-25,67.05,67.19,66.67,66.89,65.92,"47,300"
10-Jun-25,67.12,67.32,66.83,67.12,66.15,"84,600"
11-Jun-25,67.38,67.42,66.67,66.83,65.87,"135,100"
12-Jun-25,66.4,66.68,66.23,66.44,65.48,"86,900"
13-Jun-25,65.79,66.16,65.18,65.41,64.47,"99,100"
16-Jun-25,65.82,66.34,65.67,66.03,65.28,"68,500"
17-Jun-25,65.61,66.01,65.43,65.43,64.69,"94,600"
18-Jun-25,65.54,66.32,65.37,65.87,65.13,"61,100"
20-Jun-25,66.35,66.35,65.66,65.8,65.06,"99,200"
23-Jun-25,65.7,66.48,65.14,66.39,65.64,"109,900"
24-Jun-25,66.98,67.44,66.7,67.15,66.39,"103,100"
25-Jun-25,67.41,67.41,66.58,66.64,65.89,"78,300"
26-Jun-25,66.99,67.57,66.88,67.49,66.73,"58,100"
27-Jun-25,67.81,68.29,67.38,67.86,67.09,"84,200"
30-Jun-25,68.17,68.17,67.68,67.95,67.18,"55,500"
01-Jul-25,67.69,69.18,67.69,68.6,67.82,"344,700"
02-Jul-25,68.6,69.31,68.55,69.31,68.53,"70,200"
03-Jul-25,69.61,69.88,69.54,69.82,69.03,"43,000"
07-Jul-25,69.38,69.84,68.64,69.08,68.3,"83,000"
08-Jul-25,69.25,69.62,69.06,69.33,68.55,"188,400"
09-Jul-25,69.6,69.77,69.18,69.69,68.9,"188,300"
10-Jul-25,69.82,70.43,69.6,70.07,69.28,"78,400"
11-Jul-25,69.66,69.73,69.2,69.2,68.42,"198,700"
14-Jul-25,69.2,69.6,69.01,69.6,68.81,"77,200"
15-Jul-25,69.82,69.82,68.33,68.43,67.66,"88,500"
16-Jul-25,68.75,68.9,67.69,68.84,68.06,"53,200"
17-Jul-25,68.94,69.7,68.94,69.59,68.8,"175,300"
18-Jul-25,69.91,69.91,69.18,69.45,68.66,"101,300"
21-Jul-25,69.73,69.85,69.03,69.03,68.25,"90,400"
22-Jul-25,69.41,70.16,69.17,70.02,69.23,"152,300"
23-Jul-25,70.47,70.87,70.36,70.87,70.07,"90,200"
24-Jul-25,70.6,70.6,70.02,70.06,69.27,"107,000"
25-Jul-25,70.44,70.6,69.94,70.6,69.8,"103,300"
28-Jul-25,70.83,70.83,70.3,70.46,69.66,"137,000"
29-Jul-25,70.76,70.76,69.9,70.18,69.39,"90,900"
30-Jul-25,70.45,70.65,69.51,69.94,69.15,"77,700"
31-Jul-25,69.84,70.09,69.2,69.2,68.42,"70,700"
01-Aug-25,68.44,68.63,67.43,68.27,67.5,"80,600"
04-Aug-25,68.8,69.41,68.69,69.3,68.52,"92,700"
05-Aug-25,69.69,69.81,68.97,69.36,68.58,"51,500"
06-Aug-25,69.72,69.72,69.19,69.42,68.63,"64,500"
07-Aug-25,70.12,70.16,68.83,69.25,68.47,"64,700"
08-Aug-25,69.66,69.66,69.07,69.21,68.43,"47,500"
11-Aug-25,69.19,69.38,68.77,68.83,68.05,"91,000"
12-Aug-25,69.39,70.66,69.33,70.56,69.76,"144,300"
13-Aug-25,71.04,71.95,70.81,71.83,71.02,"329,400"
14-Aug-25,71.1,71.13,70.51,70.9,70.1,"88,700"
15-Aug-25,71.14,71.14,70.53,70.65,69.85,"92,900"
18-Aug-25,70.78,71.07,70.67,71.07,70.27,"55,000"
19-Aug-25,71.09,71.3,70.5,70.78,69.98,"93,100"
20-Aug-25,70.56,70.68,70.0,70.4,69.6,"111,400"
21-Aug-25,70.16,70.63,69.99,70.58,69.78,"69,800"
22-Aug-25,70.84,72.99,70.77,72.62,71.8,"52,800"
25-Aug-25,72.5,72.7,72.15,72.31,71.49,"177,500"
26-Aug-25,72.4,72.79,72.25,72.65,71.83,"157,200"
27-Aug-25,72.61,73.31,72.52,73.07,72.24,"489,500"
28-Aug-25,73.42,73.49,72.94,73.49,72.66,"1,049,100"
29-Aug-25,73.47,73.56,72.73,73.06,72.23,"147,200"
02-Sep-25,72.17,72.8,71.95,72.77,71.95,"106,700"
03-Sep-25,72.73,73.09,72.32,72.82,72.0,"138,100"
04-Sep-25,72.98,73.88,72.75,73.81,72.98,"269,500"
05-Sep-25,74.24,74.77,73.5,74.26,73.42,"89,500"
08-Sep-25,74.47,74.47,73.81,74.45,73.61,"101,300"
09-Sep-25,74.3,74.3,73.48,73.89,73.05,"212,900"
10-Sep-25,74.09,74.32,73.56,73.76,72.93,"117,700"
11-Sep-25,74.09,75.21,73.76,75.2,74.35,"243,200"
12-Sep-25,75.03,75.03,74.32,74.32,73.48,"115,000"
15-Sep-25,74.63,74.94,74.47,74.61,73.77,"237,700"
16-Sep-25,74.36,74.36,73.69,74.21,73.61,"111,700"
17-Sep-25,74.33,75.47,73.57,74.27,73.67,"236,200"
18-Sep-25,74.79,75.64,74.62,75.58,74.97,"508,300"
19-Sep-25,75.71,75.71,74.81,75.08,74.47,"151,800"
22-Sep-25,74.91,75.35,74.69,75.2,74.59,"778,800"
23-Sep-25,75.36,75.86,74.9,74.93,74.32,"117,200"
24-Sep-25,75.16,75.16,74.21,74.3,73.7,"147,300"
25-Sep-25,73.5,73.69,73.14,73.42,72.83,"115,900"
26-Sep-25,73.72,74.29,73.51,74.29,73.69,"150,800"
29-Sep-25,74.76,74.76,74.08,74.28,73.68,"77,100"
30-Sep-25,74.26,74.5,73.57,74.35,73.75,"100,200"
01-Oct-25,74.1,74.56,74.08,74.36,73.76,"112,700"
02-Oct-25,74.66,74.81,74.18,74.8,74.2,"170,600"
03-Oct-25,75.15,75.57,74.89,75.03,74.42,"84,000"
06-Oct-25,75.53,75.55,74.89,75.07,74.46,"150,600"
07-Oct-25,75.25,75.25,73.9,74.26,73.66,"182,200"
08-Oct-25,74.53,75.08,74.2,75.03,74.42,"181,200"
09-Oct-25,75.07,75.11,74.2,74.41,73.81,"265,900"
10-Oct-25,74.56,74.69,71.9,71.9,71.32,"198,900"
13-Oct-25,73.06,73.62,72.95,73.47,72.88,"92,200"
14-Oct-25,72.51,74.52,72.31,74.11,73.51,"343,900"
15-Oct-25,74.83,75.27,73.94,74.61,74.01,"407,700"
16-Oct-25,74.85,74.88,73.11,73.48,72.89,"321,700"
17-Oct-25,73.07,73.67,72.8,73.4,72.81,"126,000"
20-Oct-25,74.0,74.56,74.0,74.46,73.86,"109,900"
21-Oct-25,74.24,74.87,74.07,74.61,74.01,"121,500"
22-Oct-25,74.44,74.58,73.08,73.65,73.05,"99,600"
23-Oct-25,73.97,74.86,73.82,74.76,74.16,"170,300"
24-Oct-25,75.7,75.92,75.44,75.5,74.89,"145,600"
27-Oct-25,76.27,76.33,75.57,75.9,75.29,"291,000"
28-Oct-25,75.89,75.89,75.25,75.44,74.83,"107,900"
29-Oct-25,75.29,75.83,74.46,74.84,74.24,"105,300"
30-Oct-25,74.25,75.06,73.87,73.91,73.31,"122,800"
31-Oct-25,74.13,74.49,73.76,74.19,73.59,"135,500"
03-Nov-25,74.36,74.36,73.27,74.22,73.62,"113,500"
04-Nov-25,73.2,73.74,73.05,73.21,72.62,"123,000"
05-Nov-25,73.42,74.56,73.35,74.29,73.69,"114,900"
06-Nov-25,74.2,74.3,72.88,72.91,72.32,"179,500"
07-Nov-25,72.49,73.84,72.25,73.84,73.24,"76,800"
10-Nov-25,74.51,74.8,73.87,74.39,73.79,"426,300"
11-Nov-25,74.43,74.76,74.24,74.46,73.86,"68,000"
12-Nov-25,74.7,75.33,74.59,74.61,74.01,"62,000"
13-Nov-25,74.34,74.51,72.68,72.75,72.16,"80,800"
14-Nov-25,72.0,73.22,71.96,72.62,72.03,"128,300"
17-Nov-25,72.6,72.79,71.0,71.21,70.63,"167,700"
18-Nov-25,70.74,71.91,70.61,71.36,70.78,"175,400"
19-Nov-25,71.59,72.08,71.11,71.53,70.95,"132,200"
20-Nov-25,72.62,72.95,70.0,70.03,69.46,"220,000"
21-Nov-25,70.48,72.26,70.25,71.84,71.26,"282,200"
24-Nov-25,72.07,73.0,71.99,72.91,72.32,"256,700"
25-Nov-25,73.03,74.49,73.03,74.43,73.83,"290,500"
26-Nov-25,74.45,75.41,74.33,74.93,74.32,"122,800"
28-Nov-25,75.2,75.36,74.96,75.32,74.71,"28,300"
01-Dec-25,74.57,75.39,74.5,74.81,74.21,"414,600"
02-Dec-25,75.34,75.34,74.56,74.65,74.05,"396,300"
03-Dec-25,74.64,75.41,74.54,75.29,74.68,"94,600"
04-Dec-25,75.34,76.01,75.12,75.77,75.16,"132,800"
05-Dec-25,75.78,76.19,75.59,75.66,75.05,"187,200"
08-Dec-25,76.11,76.11,75.39,75.54,74.93,"143,100"
09-Dec-25,75.3,76.03,75.3,75.6,74.99,"125,600"
10-Dec-25,75.53,77.11,75.5,76.75,76.13,"95,600"
11-Dec-25,76.67,77.5,76.64,77.46,76.83,"137,900"
12-Dec-25,77.56,77.68,76.06,76.35,75.73,"131,700"
15-Dec-25,76.75,76.75,75.71,75.81,75.2,"159,900"
16-Dec-25,75.53,75.81,74.81,75.23,74.86,"102,400"
17-Dec-25,75.51,76.1,74.65,74.66,74.29,"183,900"
18-Dec-25,75.48,75.98,75.07,75.12,74.75,"175,600"
19-Dec-25,75.39,76.06,75.3,75.98,75.6,"144,300"
22-Dec-25,76.33,76.98,76.33,76.76,76.38,"215,300"
23-Dec-25,76.48,76.64,76.05,76.25,75.87,"141,800"
24-Dec-25,76.34,76.63,76.18,76.4,76.02,"102,200"
26-Dec-25,76.59,76.6,76.08,76.36,75.98,"64,900"
29-Dec-25,75.99,76.23,75.7,75.95,75.57,"85,600"
30-Dec-25,76.06,76.06,75.54,75.6,75.23,"137,900"
31-Dec-25,75.58,75.6,74.78,74.88,74.51,"111,200"
02-Jan-26,75.23,75.95,74.94,75.88,75.5,"253,900"
05-Jan-26,76.12,77.07,76.01,76.71,76.33,"735,400"
06-Jan-26,76.77,78.13,76.52,78.13,77.74,"773,700"
07-Jan-26,78.05,78.12,77.36,77.56,77.18,"211,900"
08-Jan-26,77.52,78.04,77.37,77.95,77.56,"204,100"
09-Jan-26,78.37,78.8,77.94,78.58,78.19,"245,800"
12-Jan-26,78.2,78.73,77.95,78.71,78.32,"192,800"
13-Jan-26,78.92,78.96,78.51,78.63,78.24,"262,700"
14-Jan-26,78.61,78.85,78.21,78.79,78.4,"275,500"
15-Jan-26,79.2,79.97,79.2,79.61,79.22,"291,800"
16-Jan-26,79.71,79.88,79.32,79.49,79.1,"310,500"
20-Jan-26,78.28,79.16,78.25,78.37,77.98,"252,500"
21-Jan-26,79.05,80.22,78.79,79.94,79.54,"549,600"
22-Jan-26,80.41,80.72,80.07,80.23,79.83,"181,400"
23-Jan-26,80.14,80.14,78.95,79.04,78.65,"162,000"
26-Jan-26,79.21,79.54,78.94,78.94,78.55,"123,800"
27-Jan-26,79.25,79.25,78.69,79.03,78.64,"173,500"
28-Jan-26,79.42,79.46,78.69,78.86,78.47,"512,300"
29-Jan-26,79.17,79.19,77.62,78.67,78.28,"2,504,900"
30-Jan-26,78.49,78.96,77.4,77.8,77.42,"114,400"
02-Feb-26,77.61,78.91,77.61,78.6,78.21,"337,200"
03-Feb-26,78.77,79.13,77.34,78.55,78.16,"407,000"
04-Feb-26,78.65,78.77,77.04,78.13,77.74,"257,100"
05-Feb-26,77.43,78.26,76.86,77.18,76.8,"196,500"
06-Feb-26,78.21,79.78,78.21,79.5,79.11,"243,700"
09-Feb-26,79.41,80.07,79.16,79.89,79.5,"173,300"
10-Feb-26,79.91,80.22,79.6,79.71,79.32,"110,600"
11-Feb-26,80.19,80.21,78.75,79.27,78.88,"179,300"
12-Feb-26,79.89,80.1,77.54,77.76,77.38,"230,200"
13-Feb-26,78.06,79.35,77.58,78.86,78.47,"184,500"
17-Feb-26,78.72,79.15,77.88,78.88,78.49,"136,300"
18-Feb-26,79.06,79.97,78.94,79.36,78.97,"182,600"
19-Feb-26,79.03,79.49,78.76,79.49,79.1,"145,400"
20-Feb-26,79.16,80.26,79.09,79.82,79.43,"1,647,900"
23-Feb-26,79.58,79.58,77.85,78.33,77.94,"223,100"
24-Feb-26,78.29,79.22,78.22,79.07,78.68,"239,700"
25-Feb-26,79.8,79.96,78.96,79.51,79.12,"457,700"
26-Feb-26,79.72,80.24,79.09,80.11,79.71,"146,500"
27-Feb-26,79.22,79.37,78.53,79.14,78.75,"168,800"
02-Mar-26,77.94,79.65,77.94,79.33,78.94,"162,200"
03-Mar-26,77.49,78.5,76.08,78.14,77.75,"249,700"
04-Mar-26,78.62,78.88,77.94,78.71,78.32,"113,800"
05-Mar-26,78.26,78.54,76.66,77.36,76.98,"246,000"
06-Mar-26,76.07,76.28,75.35,75.7,75.33,"812,200"
09-Mar-26,74.79,76.63,73.82,76.56,76.18,"322,500"
10-Mar-26,76.49,77.54,76.14,76.26,75.88,"105,800"
11-Mar-26,76.06,76.46,75.56,76.17,75.79,"160,400"
12-Mar-26,75.43,75.5,74.4,74.43,74.06,"243,900"
13-Mar-26,75.05,75.34,74.17,74.43,74.06,"211,900"
16-Mar-26,75.3,75.93,75.12,75.27,74.9,"191,300"
17-Mar-26,75.52,76.19,75.5,75.7,75.52,"249,800"
18-Mar-26,75.38,75.84,74.89,74.94,74.76,"187,900"
19-Mar-26,73.98,75.82,73.98,75.38,75.2,"256,800"
20-Mar-26,75.23,75.25,73.11,73.62,73.45,"167,500"
23-Mar-26,74.8,76.26,74.67,75.21,75.03,"200,100"
24-Mar-26,74.73,75.86,74.46,75.49,75.31,"121,000"
25-Mar-26,76.35,76.63,75.43,76.19,76.01,"137,600"
26-Mar-26,75.41,76.19,74.86,74.89,74.71,"211,800"
27-Mar-26,74.53,74.68,73.47,73.68,73.51,"180,900"
30-Mar-26,74.34,74.34,72.71,73.05,72.88,"125,800"
31-Mar-26,74.08,75.89,73.83,75.49,75.31,"196,000"
01-Apr-26,76.02,76.72,75.95,76.04,75.86,"190,000"
02-Apr-26,74.84,76.78,74.6,76.23,76.05,"145,900"
06-Apr-26,76.25,76.67,75.86,76.57,76.39,"129,200"
07-Apr-26,76.27,76.82,75.82,76.55,76.37,"116,300"
08-Apr-26,79.04,79.35,78.32,78.59,78.4,"163,400"
09-Apr-26,78.31,79.03,78.06,78.76,78.57,"233,300"
10-Apr-26,78.96,79.04,78.19,78.41,78.22,"133,300"
13-Apr-26,78.14,79.7,78.14,79.7,79.51,"107,400"
14-Apr-26,80.18,80.62,79.99,80.49,80.3,"114,200"
15-Apr-26,80.61,80.77,80.29,80.73,80.54,"96,600"
16-Apr-26,81.03,81.24,80.56,80.93,80.74,"125,300"
17-Apr-26,81.83,83.19,81.83,82.59,82.39,"137,900"
20-Apr-26,82.19,83.14,82.19,83.14,82.94,"119,700"
21-Apr-26,83.43,83.97,82.41,82.61,82.41,"209,800"
22-Apr-26,83.49,83.6,82.32,82.67,82.47,"98,500"
23-Apr-26,82.49,82.52,80.95,81.87,81.68,"376,600"
24-Apr-26,82.22,82.45,81.55,82.18,81.99,"107,700"
27-Apr-26,82.22,82.71,81.94,82.25,82.05,"150,500"
28-Apr-26,81.9,82.33,81.07,81.27,81.08,"126,900"
29-Apr-26,81.36,81.36,80.32,80.65,80.46,"268,200"
30-Apr-26,80.89,82.38,80.89,82.22,82.03,"259,200"
01-May-26,82.56,82.74,82.15,82.53,82.33,"308,200"
04-May-26,82.49,83.1,81.91,82.15,81.96,"216,200"
05-May-26,82.72,83.5,82.62,83.31,83.11,"127,800"
06-May-26,84.32,85.0,83.92,84.82,84.62,"116,400"
07-May-26,85.08,85.08,83.39,83.4,83.2,"197,300"
08-May-26,84.15,84.15,83.52,83.92,83.72,"78,600"
11-May-26,84.06,84.35,83.76,83.83,83.63,"176,800"
12-May-26,83.56,83.56,82.12,83.1,82.9,"161,400"
13-May-26,83.21,83.21,82.26,82.84,82.64,"181,700"
14-May-26,83.17,83.81,82.79,83.35,83.15,"111,900"
15-May-26,82.42,82.43,81.79,81.94,81.75,"157,200"
18-May-26,82.05,82.4,81.4,81.78,81.59,"80,600"
19-May-26,81.39,81.44,80.51,81.01,80.82,"148,400"
20-May-26,81.38,82.75,80.78,82.75,82.55,"121,200"
21-May-26,82.28,83.4,81.72,83.2,83.0,"128,700"
22-May-26,83.72,84.17,83.56,83.98,83.78,"193,200"
26-May-26,84.75,85.37,84.57,85.27,85.07,"152,000"
27-May-26,85.43,85.61,85.08,85.15,84.95,"273,600"
28-May-26,85.06,85.83,84.6,85.71,85.51,"134,500"
29-May-26,85.7,85.92,85.32,85.76,85.56,"835,900"
01-Jun-26,85.17,85.98,84.85,85.7,85.5,"111,100"
02-Jun-26,85.43,86.13,85.26,86.11,85.91,"116,700"
03-Jun-26,85.7,85.7,85.03,85.49,85.29,"119,200"
04-Jun-26,85.34,86.59,85.25,86.4,86.2,"167,000"
05-Jun-26,85.75,85.75,83.82,84.17,83.97,"117,200"
08-Jun-26,85.1,85.31,84.5,84.63,84.43,"80,800"
09-Jun-26,85.37,86.55,83.18,85.25,85.05,"166,100"
10-Jun-26,84.92,85.98,83.97,84.02,83.82,"119,200"
11-Jun-26,84.65,86.48,84.45,86.42,86.22,"529,200"
12-Jun-26,86.85,87.46,86.4,86.88,86.67,"101,300"
15-Jun-26,88.0,88.14,87.09,87.16,87.16,"238,500"
16-Jun-26,87.28,87.71,86.57,86.62,86.62,"106,000"
17-Jun-26,86.91,87.62,85.58,85.78,85.78,"153,200"
18-Jun-26,86.87,87.08,86.29,87.04,87.04,"116,400"
22-Jun-26,87.23,87.56,86.88,87.38,87.38,"117,700"
23-Jun-26,85.89,87.21,85.89,86.64,86.64,"102,600"
24-Jun-26,86.82,87.95,86.65,87.22,87.22,"128,300"
25-Jun-26,88.06,88.65,87.42,87.8,87.8,"116,100"
26-Jun-26,87.37,88.41,87.37,88.09,88.09,"111,800"
29-Jun-26,88.28,88.61,87.49,88.61,88.61,"225,900"
30-Jun-26,88.54,89.29,88.36,89.14,89.14,"157,800"
01-Jul-26,88.91,89.74,88.52,88.73,88.73,"411,800"
02-Jul-26,89.13,89.71,87.33,88.09,88.09,"246,900"
06-Jul-26,88.34,89.21,88.34,88.78,88.78,"202,300"
07-Jul-26,88.64,88.64,87.28,87.5,87.5,"133,400"
08-Jul-26,86.89,86.96,85.64,86.57,86.57,"138,400"
09-Jul-26,87.07,88.26,87.03,87.82,87.82,"155,900"
10-Jul-26,87.95,87.98,87.13,87.55,87.55,"162,200"
13-Jul-26,87.32,87.52,86.39,86.7,86.7,"390,700"
14-Jul-26,87.22,87.46,86.81,87.06,87.06,"109,900"
15-Jul-26,87.23,87.63,86.62,87.12,87.12,"139,200"
16-Jul-26,86.7,87.61,86.69,86.98,86.98,"158,100"
17-Jul-26,85.95,86.95,85.83,86.48,86.48,"116,700"
20-Jul-26,86.7,86.78,85.87,85.9,85.9,"104,000"
21-Jul-26,86.52,86.95,86.19,86.95,86.95,"97,900"
22-Jul-26,86.76,87.06,86.43,86.52,86.52,"140,600"
23-Jul-26,85.87,86.48,85.5,85.97,85.97,"109,300"
24-Jul-26,86.34,86.73,85.72,85.92,85.92,"160,200"
27-Jul-26,86.67,87.28,85.91,86.59,86.59,"124,800"
28-Jul-26,86.45,86.83,85.82,86.74,86.74,"103,100"
29-Jul-26,86.43,86.82,85.22,85.38,85.38,"129,100"
30-Jul-26,86.1,86.6,85.36,86.52,86.52,"234,500"
31-Jul-26,86.86,86.86,85.55,86.23,86.23,"135,100"
03-Aug-26,86.49,87.85,86.49,87.76,87.76,"223,300"
04-Aug-26,88.35,89.88,88.21,89.68,89.68,"127,200"
05-Aug-26,89.97,90.15,89.1,89.11,89.11,"104,900"
06-Aug-26,88.9,89.64,88.6,88.62,88.62,"116,300"
07-Aug-26,89.47,89.96,89.3,89.87,89.87,"91,500"
10-Aug-26,89.73,89.95,89.51,89.6,89.6,"83,800"
12-Aug-26,90.39,90.5,89.76,90.17,90.17,"139,700"
13-Aug-26,90.37,90.58,90.07,90.46,90.46,"133,900"
14-Aug-26,90.48,90.74,90.38,90.63,90.63,"119,300"
17-Aug-26,90.58,90.61,90.29,90.47,90.47,"120,438"
