Date,Open,High,Low,Close,Adj Close,Volume
16-Dec-08,41.55,41.55,41.55,41.55,11.11,-
17-Dec-08,41.59,41.59,41.59,41.59,11.12,-
18-Dec-08,41.4,41.4,41.4,41.4,11.07,-
19-Dec-08,41.75,41.75,41.75,41.75,11.17,-
22-Dec-08,41.56,41.56,41.56,41.56,11.12,-
23-Dec-08,41.28,41.28,41.28,41.28,11.04,-
24-Dec-08,41.31,41.31,41.31,41.31,11.05,-
26-Dec-08,41.54,41.54,41.54,41.54,11.11,-
29-Dec-08,41.52,41.52,41.52,41.52,11.11,-
30-Dec-08,42.51,42.51,42.51,42.51,11.37,-
31-Dec-08,42.81,42.81,42.81,42.81,11.45,-
02-Jan-09,43.42,43.42,43.42,43.42,11.61,-
05-Jan-09,42.9,42.9,42.9,42.9,11.47,-
06-Jan-09,42.48,42.48,42.48,42.48,11.36,-
07-Jan-09,42.1,42.1,42.1,42.1,11.26,-
08-Jan-09,42.5,42.5,42.5,42.5,11.37,-
09-Jan-09,42.14,42.14,42.14,42.14,11.27,-
12-Jan-09,41.6,41.6,41.6,41.6,11.13,-
13-Jan-09,41.84,41.84,41.84,41.84,11.19,-
14-Jan-09,41.18,41.18,41.18,41.18,11.01,-
15-Jan-09,41.5,41.5,41.5,41.5,11.1,-
16-Jan-09,41.72,41.72,41.72,41.72,11.16,-
20-Jan-09,40.59,40.59,40.59,40.59,10.86,-
21-Jan-09,41.55,41.55,41.55,41.55,11.11,-
22-Jan-09,41.7,41.7,41.7,41.7,11.15,-
23-Jan-09,41.78,41.78,41.78,41.78,11.18,-
26-Jan-09,41.95,41.95,41.95,41.95,11.22,-
27-Jan-09,42.7,42.7,42.7,42.7,11.42,-
28-Jan-09,42.98,42.98,42.98,42.98,11.5,-
29-Jan-09,42.26,42.26,42.26,42.26,11.3,-
30-Jan-09,41.83,41.83,41.83,41.83,11.19,-
02-Feb-09,42.2,42.2,42.2,42.2,11.29,-
03-Feb-09,43.1,43.1,43.1,43.1,11.53,-
04-Feb-09,42.59,42.59,42.59,42.59,11.39,-
05-Feb-09,42.92,42.92,42.92,42.92,11.48,-
06-Feb-09,43.32,43.32,43.32,43.32,11.59,-
09-Feb-09,43.38,43.38,43.38,43.38,11.6,-
10-Feb-09,42.17,42.17,42.17,42.17,11.28,-
11-Feb-09,42.66,42.66,42.66,42.66,11.41,-
12-Feb-09,42.84,42.84,42.84,42.84,11.46,-
13-Feb-09,42.49,42.49,42.49,42.49,11.36,-
17-Feb-09,41.62,41.62,41.62,41.62,11.13,-
18-Feb-09,41.38,41.38,41.38,41.38,11.07,-
19-Feb-09,41.2,41.2,41.2,41.2,11.02,-
20-Feb-09,40.9,40.9,40.9,40.9,10.94,-
23-Feb-09,39.71,39.71,39.71,39.71,10.62,-
24-Feb-09,40.26,40.26,40.26,40.26,10.77,-
25-Feb-09,39.29,39.29,39.29,39.29,10.51,-
26-Feb-09,37.48,37.48,37.48,37.48,10.02,-
27-Feb-09,36.66,36.66,36.66,36.66,9.81,-
02-Mar-09,35.09,35.09,35.09,35.09,9.39,-
03-Mar-09,34.91,34.91,34.91,34.91,9.34,-
04-Mar-09,35.65,35.65,35.65,35.65,9.54,-
05-Mar-09,34.71,34.71,34.71,34.71,9.28,-
06-Mar-09,35.06,35.06,35.06,35.06,9.38,-
09-Mar-09,35.03,35.03,35.03,35.03,9.37,-
10-Mar-09,36.31,36.31,36.31,36.31,9.71,-
11-Mar-09,35.71,35.71,35.71,35.71,9.55,-
12-Mar-09,37.2,37.2,37.2,37.2,9.95,-
13-Mar-09,38.24,38.24,38.24,38.24,10.23,-
16-Mar-09,37.78,37.78,37.78,37.78,10.11,-
17-Mar-09,38.54,38.54,38.54,38.54,10.31,-
18-Mar-09,38.89,38.89,38.89,38.89,10.4,-
19-Mar-09,38.28,38.28,38.28,38.28,10.24,-
20-Mar-09,38.18,38.18,38.18,38.18,10.22,-
23-Mar-09,39.61,39.61,39.61,39.61,10.6,-
24-Mar-09,39.18,39.18,39.18,39.18,10.49,-
25-Mar-09,39.6,39.6,39.6,39.6,10.6,-
26-Mar-09,40.05,40.05,40.05,40.05,10.72,-
27-Mar-09,39.45,39.45,39.45,39.45,10.56,-
30-Mar-09,39.05,39.05,39.05,39.05,10.45,-
31-Mar-09,39.37,39.37,39.37,39.37,10.54,-
01-Apr-09,39.44,39.44,39.44,39.44,10.56,-
02-Apr-09,39.79,39.79,39.79,39.79,10.65,-
03-Apr-09,38.97,38.97,38.97,38.97,10.43,-
06-Apr-09,38.98,38.98,38.98,38.98,10.43,-
07-Apr-09,38.84,38.84,38.84,38.84,10.4,-
08-Apr-09,39.06,39.06,39.06,39.06,10.45,-
09-Apr-09,39.37,39.37,39.37,39.37,10.54,-
13-Apr-09,39.52,39.52,39.52,39.52,10.58,-
14-Apr-09,39.33,39.33,39.33,39.33,10.53,-
15-Apr-09,39.76,39.76,39.76,39.76,10.64,-
16-Apr-09,39.99,39.99,39.99,39.99,10.7,-
17-Apr-09,39.98,39.98,39.98,39.98,10.7,-
20-Apr-09,39.32,39.32,39.32,39.32,10.52,-
21-Apr-09,39.02,39.02,39.02,39.02,10.44,-
22-Apr-09,38.48,38.48,38.48,38.48,10.3,-
23-Apr-09,38.57,38.57,38.57,38.57,10.32,-
24-Apr-09,38.82,38.82,38.82,38.82,10.39,-
27-Apr-09,39.22,39.22,39.22,39.22,10.5,-
28-Apr-09,39.34,39.34,39.34,39.34,10.53,-
29-Apr-09,39.83,39.83,39.83,39.83,10.66,-
30-Apr-09,39.6,39.6,39.6,39.6,10.6,-
01-May-09,39.57,39.57,39.57,39.57,10.59,-
04-May-09,40.23,40.23,40.23,40.23,10.77,-
05-May-09,40.42,40.42,40.42,40.42,10.82,-
06-May-09,40.49,40.49,40.49,40.49,10.84,-
07-May-09,41.14,41.14,41.14,41.14,11.01,-
08-May-09,41.77,41.77,41.77,41.77,11.18,-
11-May-09,41.54,41.54,41.54,41.54,11.12,-
12-May-09,41.9,41.9,41.9,41.9,11.21,-
13-May-09,41.92,41.92,41.92,41.92,11.22,-
14-May-09,42.11,42.11,42.11,42.11,11.27,-
15-May-09,41.55,41.55,41.55,41.55,11.12,-
18-May-09,42.13,42.13,42.13,42.13,11.28,-
19-May-09,41.97,41.97,41.97,41.97,11.23,-
20-May-09,42.38,42.38,42.38,42.38,11.34,-
21-May-09,41.93,41.93,41.93,41.93,11.22,-
22-May-09,41.86,41.86,41.86,41.86,11.2,-
26-May-09,42.57,42.57,42.57,42.57,11.39,-
27-May-09,42.15,42.15,42.15,42.15,11.28,-
28-May-09,42.23,42.23,42.23,42.23,11.3,-
29-May-09,42.83,42.83,42.83,42.83,11.46,-
01-Jun-09,43.24,43.24,43.24,43.24,11.57,-
02-Jun-09,43.43,43.43,43.43,43.43,11.62,-
03-Jun-09,42.93,42.93,42.93,42.93,11.49,-
04-Jun-09,42.64,42.64,42.64,42.64,11.41,-
05-Jun-09,42.38,42.38,42.38,42.38,11.34,-
08-Jun-09,42.05,42.05,42.05,42.05,11.25,-
09-Jun-09,42.02,42.02,42.02,42.02,11.25,-
10-Jun-09,41.86,41.86,41.86,41.86,11.2,-
11-Jun-09,42.27,42.27,42.27,42.27,11.31,-
12-Jun-09,42.57,42.57,42.57,42.57,11.39,-
15-Jun-09,41.5,41.5,41.5,41.5,11.11,-
16-Jun-09,41.57,41.57,41.57,41.57,11.13,-
17-Jun-09,42.28,42.28,42.28,42.28,11.32,-
18-Jun-09,43.11,43.11,43.11,43.11,11.54,-
19-Jun-09,43.39,43.39,43.39,43.39,11.61,-
22-Jun-09,42.43,42.43,42.43,42.43,11.36,-
23-Jun-09,42.59,42.59,42.59,42.59,11.4,-
24-Jun-09,42.76,42.76,42.76,42.76,11.44,-
25-Jun-09,43.68,43.68,43.68,43.68,11.69,-
26-Jun-09,43.62,43.62,43.62,43.62,11.67,-
29-Jun-09,43.82,43.82,43.82,43.82,11.73,-
30-Jun-09,43.55,43.55,43.55,43.55,11.66,-
01-Jul-09,43.79,43.79,43.79,43.79,11.72,-
02-Jul-09,42.72,42.72,42.72,42.72,11.43,-
06-Jul-09,43.08,43.08,43.08,43.08,11.53,-
07-Jul-09,43.02,43.02,43.02,43.02,11.51,-
08-Jul-09,43.21,43.21,43.21,43.21,11.57,-
09-Jul-09,42.9,42.9,42.9,42.9,11.48,-
10-Jul-09,42.56,42.56,42.56,42.56,11.39,-
13-Jul-09,43.01,43.01,43.01,43.01,11.51,-
14-Jul-09,42.98,42.98,42.98,42.98,11.5,-
15-Jul-09,43.41,43.41,43.41,43.41,11.62,-
16-Jul-09,43.77,43.77,43.77,43.77,11.71,-
17-Jul-09,43.66,43.66,43.66,43.66,11.69,-
20-Jul-09,43.99,43.99,43.99,43.99,11.77,-
21-Jul-09,44.51,44.51,44.51,44.51,11.91,-
22-Jul-09,44.3,44.3,44.3,44.3,11.86,-
23-Jul-09,44.95,44.95,44.95,44.95,12.03,-
24-Jul-09,45.5,45.5,45.5,45.5,12.18,-
27-Jul-09,45.55,45.55,45.55,45.55,12.19,-
28-Jul-09,45.74,45.74,45.74,45.74,12.24,-
29-Jul-09,45.8,45.8,45.8,45.8,12.26,-
30-Jul-09,45.82,45.82,45.82,45.82,12.26,-
31-Jul-09,45.85,45.85,45.85,45.85,12.27,-
03-Aug-09,46.17,46.17,46.17,46.17,12.36,-
04-Aug-09,46.29,46.29,46.29,46.29,12.39,-
05-Aug-09,45.87,45.87,45.87,45.87,12.28,-
06-Aug-09,45.47,45.47,45.47,45.47,12.17,-
07-Aug-09,45.82,45.82,45.82,45.82,12.26,-
10-Aug-09,46.05,46.05,46.05,46.05,12.33,-
11-Aug-09,45.94,45.94,45.94,45.94,12.3,-
12-Aug-09,46.17,46.17,46.17,46.17,12.36,-
13-Aug-09,46.44,46.44,46.44,46.44,12.43,-
14-Aug-09,46.27,46.27,46.27,46.27,12.38,-
17-Aug-09,46.16,46.16,46.16,46.16,12.35,-
18-Aug-09,46.2,46.2,46.2,46.2,12.37,-
19-Aug-09,46.68,46.68,46.68,46.68,12.49,-
20-Aug-09,46.92,46.92,46.92,46.92,12.56,-
21-Aug-09,47.46,47.46,47.46,47.46,12.7,-
24-Aug-09,47.58,47.58,47.58,47.58,12.73,-
25-Aug-09,47.78,47.78,47.78,47.78,12.79,-
26-Aug-09,47.74,47.74,47.74,47.74,12.78,-
27-Aug-09,48.02,48.02,48.02,48.02,12.85,-
28-Aug-09,47.66,47.66,47.66,47.66,12.76,-
31-Aug-09,47.57,47.57,47.57,47.57,12.73,-
01-Sep-09,46.97,46.97,46.97,46.97,12.57,-
02-Sep-09,47.08,47.08,47.08,47.08,12.6,-
03-Sep-09,46.96,46.96,46.96,46.96,12.57,-
04-Sep-09,47.41,47.41,47.41,47.41,12.69,-
08-Sep-09,47.42,47.42,47.42,47.42,12.69,-
09-Sep-09,47.8,47.8,47.8,47.8,12.79,-
10-Sep-09,48.25,48.25,48.25,48.25,12.91,-
11-Sep-09,48.35,48.35,48.35,48.35,12.94,-
14-Sep-09,48.6,48.6,48.6,48.6,13.01,-
15-Sep-09,48.31,48.31,48.31,48.31,12.93,-
16-Sep-09,48.63,48.63,48.63,48.63,13.02,-
17-Sep-09,48.55,48.55,48.55,48.55,12.99,-
18-Sep-09,48.56,48.56,48.56,48.56,13.0,-
21-Sep-09,48.74,48.74,48.74,48.74,13.05,-
22-Sep-09,48.74,48.74,48.74,48.74,13.05,-
23-Sep-09,48.24,48.24,48.24,48.24,12.91,-
24-Sep-09,47.9,47.9,47.9,47.9,12.82,-
25-Sep-09,47.81,47.81,47.81,47.81,12.8,-
28-Sep-09,48.47,48.47,48.47,48.47,12.97,-
29-Sep-09,48.56,48.56,48.56,48.56,13.0,-
30-Sep-09,48.48,48.48,48.48,48.48,12.98,-
01-Oct-09,47.76,47.76,47.76,47.76,12.78,-
02-Oct-09,47.58,47.58,47.58,47.58,12.73,-
05-Oct-09,47.89,47.89,47.89,47.89,12.82,-
06-Oct-09,48.18,48.18,48.18,48.18,12.9,-
07-Oct-09,48.27,48.27,48.27,48.27,12.92,-
08-Oct-09,48.35,48.35,48.35,48.35,12.94,-
09-Oct-09,48.67,48.67,48.67,48.67,13.03,-
12-Oct-09,48.87,48.87,48.87,48.87,13.08,-
13-Oct-09,48.47,48.47,48.47,48.47,12.97,-
14-Oct-09,49.21,49.21,49.21,49.21,13.17,-
15-Oct-09,49.41,49.41,49.41,49.41,13.22,-
16-Oct-09,49.07,49.07,49.07,49.07,13.13,-
19-Oct-09,49.63,49.63,49.63,49.63,13.28,-
20-Oct-09,49.28,49.28,49.28,49.28,13.19,-
21-Oct-09,48.7,48.7,48.7,48.7,13.03,-
22-Oct-09,48.99,48.99,48.99,48.99,13.11,-
23-Oct-09,48.45,48.45,48.45,48.45,12.97,-
26-Oct-09,48.07,48.07,48.07,48.07,12.87,-
27-Oct-09,48.2,48.2,48.2,48.2,12.9,-
28-Oct-09,47.7,47.7,47.7,47.7,12.77,-
29-Oct-09,48.16,48.16,48.16,48.16,12.89,-
30-Oct-09,47.56,47.56,47.56,47.56,12.73,-
02-Nov-09,47.72,47.72,47.72,47.72,12.77,-
03-Nov-09,47.77,47.77,47.77,47.77,12.79,-
04-Nov-09,48.4,48.4,48.4,48.4,12.95,-
05-Nov-09,48.93,48.93,48.93,48.93,13.1,-
06-Nov-09,49.07,49.07,49.07,49.07,13.13,-
09-Nov-09,49.78,49.78,49.78,49.78,13.32,-
10-Nov-09,49.88,49.88,49.88,49.88,13.35,-
11-Nov-09,49.97,49.97,49.97,49.97,13.37,-
12-Nov-09,49.56,49.56,49.56,49.56,13.26,-
13-Nov-09,49.7,49.7,49.7,49.7,13.3,-
16-Nov-09,50.23,50.23,50.23,50.23,13.44,-
17-Nov-09,50.15,50.15,50.15,50.15,13.42,-
18-Nov-09,50.2,50.2,50.2,50.2,13.44,-
19-Nov-09,49.91,49.91,49.91,49.91,13.36,-
20-Nov-09,50.08,50.08,50.08,50.08,13.4,-
23-Nov-09,50.6,50.6,50.6,50.6,13.54,-
24-Nov-09,50.87,50.87,50.87,50.87,13.62,-
25-Nov-09,51.27,51.27,51.27,51.27,13.72,-
27-Nov-09,50.73,50.73,50.73,50.73,13.58,-
30-Nov-09,50.63,50.63,50.63,50.63,13.55,-
01-Dec-09,51.33,51.33,51.33,51.33,13.74,-
02-Dec-09,51.36,51.36,51.36,51.36,13.75,-
03-Dec-09,51.02,51.02,51.02,51.02,13.66,-
04-Dec-09,51.02,51.02,51.02,51.02,13.66,-
07-Dec-09,51.01,51.01,51.01,51.01,13.65,-
08-Dec-09,50.84,50.84,50.84,50.84,13.61,-
09-Dec-09,51.0,51.0,51.0,51.0,13.65,-
10-Dec-09,51.43,51.43,51.43,51.43,13.77,-
11-Dec-09,51.44,51.44,51.44,51.44,13.77,-
14-Dec-09,51.81,51.81,51.81,51.81,13.87,-
15-Dec-09,51.82,51.82,51.82,51.82,13.87,-
16-Dec-09,52.02,52.02,52.02,52.02,13.92,-
17-Dec-09,51.46,51.46,51.46,51.46,13.77,-
18-Dec-09,51.57,51.57,51.57,51.57,13.8,-
21-Dec-09,51.95,51.95,51.95,51.95,13.9,-
22-Dec-09,52.21,52.21,52.21,52.21,13.97,-
23-Dec-09,52.22,52.22,52.22,52.22,13.98,-
24-Dec-09,52.28,52.28,52.28,52.28,13.99,-
28-Dec-09,52.44,52.44,52.44,52.44,14.04,-
29-Dec-09,52.4,52.4,52.4,52.4,14.02,-
30-Dec-09,51.21,51.21,51.21,51.21,13.99,-
31-Dec-09,50.73,50.73,50.73,50.73,13.86,-
04-Jan-10,51.48,51.48,51.48,51.48,14.06,-
05-Jan-10,51.26,51.26,51.26,51.26,14.0,-
06-Jan-10,51.33,51.33,51.33,51.33,14.02,-
07-Jan-10,51.48,51.48,51.48,51.48,14.06,-
08-Jan-10,51.56,51.56,51.56,51.56,14.09,-
11-Jan-10,51.85,51.85,51.85,51.85,14.16,-
12-Jan-10,51.52,51.52,51.52,51.52,14.07,-
13-Jan-10,52.14,52.14,52.14,52.14,14.24,-
14-Jan-10,52.6,52.6,52.6,52.6,14.37,-
15-Jan-10,52.32,52.32,52.32,52.32,14.29,-
19-Jan-10,53.24,53.24,53.24,53.24,14.54,-
20-Jan-10,53.01,53.01,53.01,53.01,14.48,-
21-Jan-10,52.15,52.15,52.15,52.15,14.25,-
22-Jan-10,51.54,51.54,51.54,51.54,14.08,-
25-Jan-10,51.52,51.52,51.52,51.52,14.07,-
26-Jan-10,51.5,51.5,51.5,51.5,14.07,-
27-Jan-10,51.55,51.55,51.55,51.55,14.08,-
28-Jan-10,51.13,51.13,51.13,51.13,13.97,-
29-Jan-10,50.67,50.67,50.67,50.67,13.84,-
01-Feb-10,51.0,51.0,51.0,51.0,13.93,-
02-Feb-10,51.82,51.82,51.82,51.82,14.16,-
03-Feb-10,51.39,51.39,51.39,51.39,14.04,-
04-Feb-10,50.29,50.29,50.29,50.29,13.74,-
05-Feb-10,49.93,49.93,49.93,49.93,13.64,-
08-Feb-10,49.89,49.89,49.89,49.89,13.63,-
09-Feb-10,50.21,50.21,50.21,50.21,13.72,-
10-Feb-10,49.88,49.88,49.88,49.88,13.63,-
11-Feb-10,50.22,50.22,50.22,50.22,13.72,-
12-Feb-10,50.13,50.13,50.13,50.13,13.69,-
16-Feb-10,50.48,50.48,50.48,50.48,13.79,-
17-Feb-10,50.73,50.73,50.73,50.73,13.86,-
18-Feb-10,50.91,50.91,50.91,50.91,13.91,-
19-Feb-10,50.8,50.8,50.8,50.8,13.88,-
22-Feb-10,50.89,50.89,50.89,50.89,13.9,-
23-Feb-10,50.37,50.37,50.37,50.37,13.76,-
24-Feb-10,50.78,50.78,50.78,50.78,13.87,-
25-Feb-10,50.74,50.74,50.74,50.74,13.86,-
26-Feb-10,50.97,50.97,50.97,50.97,13.92,-
01-Mar-10,51.6,51.6,51.6,51.6,14.1,-
02-Mar-10,51.83,51.83,51.83,51.83,14.16,-
03-Mar-10,51.73,51.73,51.73,51.73,14.13,-
04-Mar-10,51.5,51.5,51.5,51.5,14.07,-
05-Mar-10,51.98,51.98,51.98,51.98,14.2,-
08-Mar-10,51.77,51.77,51.77,51.77,14.14,-
09-Mar-10,51.64,51.64,51.64,51.64,14.11,-
10-Mar-10,51.75,51.75,51.75,51.75,14.14,-
11-Mar-10,51.98,51.98,51.98,51.98,14.2,-
12-Mar-10,51.87,51.87,51.87,51.87,14.17,-
15-Mar-10,52.01,52.01,52.01,52.01,14.21,-
16-Mar-10,52.34,52.34,52.34,52.34,14.3,-
17-Mar-10,52.37,52.37,52.37,52.37,14.31,-
18-Mar-10,52.66,52.66,52.66,52.66,14.39,-
19-Mar-10,52.69,52.69,52.69,52.69,14.39,-
22-Mar-10,52.44,52.44,52.44,52.44,14.47,-
23-Mar-10,52.54,52.54,52.54,52.54,14.5,-
24-Mar-10,51.93,51.93,51.93,51.93,14.33,-
25-Mar-10,51.73,51.73,51.73,51.73,14.28,-
26-Mar-10,51.59,51.59,51.59,51.59,14.24,-
29-Mar-10,51.92,51.92,51.92,51.92,14.33,-
30-Mar-10,51.93,51.93,51.93,51.93,14.33,-
31-Mar-10,51.7,51.7,51.7,51.7,14.27,-
01-Apr-10,52.01,52.01,52.01,52.01,14.36,-
05-Apr-10,51.88,51.88,51.88,51.88,14.32,-
06-Apr-10,51.79,51.79,51.79,51.79,14.29,-
07-Apr-10,51.69,51.69,51.69,51.69,14.27,-
08-Apr-10,51.33,51.33,51.33,51.33,14.17,-
09-Apr-10,51.58,51.58,51.58,51.58,14.24,-
12-Apr-10,51.56,51.56,51.56,51.56,14.23,-
13-Apr-10,51.49,51.49,51.49,51.49,14.21,-
14-Apr-10,51.33,51.33,51.33,51.33,14.17,-
15-Apr-10,51.32,51.32,51.32,51.32,14.16,-
16-Apr-10,50.98,50.98,50.98,50.98,14.07,-
19-Apr-10,51.19,51.19,51.19,51.19,14.13,-
20-Apr-10,51.28,51.28,51.28,51.28,14.15,-
21-Apr-10,50.75,50.75,50.75,50.75,14.01,-
22-Apr-10,50.31,50.31,50.31,50.31,13.89,-
23-Apr-10,50.62,50.62,50.62,50.62,13.97,-
26-Apr-10,50.22,50.22,50.22,50.22,13.86,-
27-Apr-10,49.53,49.53,49.53,49.53,13.67,-
28-Apr-10,49.67,49.67,49.67,49.67,13.71,-
29-Apr-10,50.3,50.3,50.3,50.3,13.88,-
30-Apr-10,49.78,49.78,49.78,49.78,13.74,-
03-May-10,49.88,49.88,49.88,49.88,13.77,-
04-May-10,49.41,49.41,49.41,49.41,13.64,-
05-May-10,49.37,49.37,49.37,49.37,13.63,-
06-May-10,48.43,48.43,48.43,48.43,13.37,-
07-May-10,47.81,47.81,47.81,47.81,13.2,-
10-May-10,48.9,48.9,48.9,48.9,13.5,-
11-May-10,48.92,48.92,48.92,48.92,13.5,-
12-May-10,49.4,49.4,49.4,49.4,13.64,-
13-May-10,48.96,48.96,48.96,48.96,13.51,-
14-May-10,48.35,48.35,48.35,48.35,13.35,-
17-May-10,48.46,48.46,48.46,48.46,13.38,-
18-May-10,48.24,48.24,48.24,48.24,13.31,-
19-May-10,48.27,48.27,48.27,48.27,13.32,-
20-May-10,47.01,47.01,47.01,47.01,12.98,-
21-May-10,47.04,47.04,47.04,47.04,12.98,-
24-May-10,46.81,46.81,46.81,46.81,12.92,-
25-May-10,46.66,46.66,46.66,46.66,12.88,-
26-May-10,46.51,46.51,46.51,46.51,12.84,-
27-May-10,47.41,47.41,47.41,47.41,13.09,-
28-May-10,47.22,47.22,47.22,47.22,13.03,-
01-Jun-10,46.87,46.87,46.87,46.87,12.94,-
02-Jun-10,47.82,47.82,47.82,47.82,13.2,-
03-Jun-10,48.05,48.05,48.05,48.05,13.26,-
04-Jun-10,46.9,46.9,46.9,46.9,12.95,-
07-Jun-10,46.57,46.57,46.57,46.57,12.85,-
08-Jun-10,46.67,46.67,46.67,46.67,12.88,-
09-Jun-10,46.6,46.6,46.6,46.6,12.86,-
10-Jun-10,47.46,47.46,47.46,47.46,13.1,-
11-Jun-10,47.73,47.73,47.73,47.73,13.17,-
14-Jun-10,47.91,47.91,47.91,47.91,13.22,-
15-Jun-10,48.71,48.71,48.71,48.71,13.44,-
16-Jun-10,48.73,48.73,48.73,48.73,13.45,-
17-Jun-10,48.87,48.87,48.87,48.87,13.49,-
18-Jun-10,48.69,48.69,48.69,48.69,13.44,-
21-Jun-10,48.53,48.53,48.53,48.53,13.39,-
22-Jun-10,48.12,48.12,48.12,48.12,13.28,-
23-Jun-10,48.08,48.08,48.08,48.08,13.27,-
24-Jun-10,47.83,47.83,47.83,47.83,13.2,-
25-Jun-10,47.98,47.98,47.98,47.98,13.24,-
28-Jun-10,47.96,47.96,47.96,47.96,13.24,-
29-Jun-10,47.21,47.21,47.21,47.21,13.03,-
30-Jun-10,47.03,47.03,47.03,47.03,12.98,-
01-Jul-10,46.76,46.76,46.76,46.76,12.91,-
02-Jul-10,46.76,46.76,46.76,46.76,12.91,-
06-Jul-10,47.0,47.0,47.0,47.0,12.97,-
07-Jul-10,47.8,47.8,47.8,47.8,13.19,-
08-Jul-10,48.13,48.13,48.13,48.13,13.28,-
09-Jul-10,48.25,48.25,48.25,48.25,13.32,-
12-Jul-10,48.08,48.08,48.08,48.08,13.27,-
13-Jul-10,48.47,48.47,48.47,48.47,13.38,-
14-Jul-10,48.63,48.63,48.63,48.63,13.42,-
15-Jul-10,48.87,48.87,48.87,48.87,13.49,-
16-Jul-10,47.74,47.74,47.74,47.74,13.18,-
19-Jul-10,47.93,47.93,47.93,47.93,13.23,-
20-Jul-10,47.96,47.96,47.96,47.96,13.24,-
21-Jul-10,47.33,47.33,47.33,47.33,13.06,-
22-Jul-10,47.76,47.76,47.76,47.76,13.18,-
23-Jul-10,47.66,47.66,47.66,47.66,13.15,-
26-Jul-10,48.34,48.34,48.34,48.34,13.34,-
27-Jul-10,48.27,48.27,48.27,48.27,13.32,-
28-Jul-10,47.82,47.82,47.82,47.82,13.2,-
29-Jul-10,47.68,47.68,47.68,47.68,13.16,-
30-Jul-10,47.76,47.76,47.76,47.76,13.18,-
02-Aug-10,48.53,48.53,48.53,48.53,13.39,-
03-Aug-10,48.78,48.78,48.78,48.78,13.46,-
04-Aug-10,49.12,49.12,49.12,49.12,13.56,-
05-Aug-10,49.28,49.28,49.28,49.28,13.6,-
06-Aug-10,49.35,49.35,49.35,49.35,13.62,-
09-Aug-10,49.55,49.55,49.55,49.55,13.68,-
10-Aug-10,49.66,49.66,49.66,49.66,13.71,-
11-Aug-10,48.39,48.39,48.39,48.39,13.36,-
12-Aug-10,48.51,48.51,48.51,48.51,13.39,-
13-Aug-10,48.35,48.35,48.35,48.35,13.35,-
16-Aug-10,48.38,48.38,48.38,48.38,13.35,-
17-Aug-10,48.76,48.76,48.76,48.76,13.46,-
18-Aug-10,48.8,48.8,48.8,48.8,13.47,-
19-Aug-10,48.13,48.13,48.13,48.13,13.28,-
20-Aug-10,47.88,47.88,47.88,47.88,13.22,-
23-Aug-10,47.95,47.95,47.95,47.95,13.23,-
24-Aug-10,47.37,47.37,47.37,47.37,13.07,-
25-Aug-10,47.7,47.7,47.7,47.7,13.17,-
26-Aug-10,47.44,47.44,47.44,47.44,13.09,-
27-Aug-10,47.86,47.86,47.86,47.86,13.21,-
30-Aug-10,47.49,47.49,47.49,47.49,13.11,-
31-Aug-10,47.3,47.3,47.3,47.3,13.06,-
01-Sep-10,48.29,48.29,48.29,48.29,13.33,-
02-Sep-10,48.64,48.64,48.64,48.64,13.43,-
03-Sep-10,49.11,49.11,49.11,49.11,13.55,-
07-Sep-10,48.85,48.85,48.85,48.85,13.48,-
08-Sep-10,49.05,49.05,49.05,49.05,13.54,-
09-Sep-10,49.46,49.46,49.46,49.46,13.65,-
10-Sep-10,49.8,49.8,49.8,49.8,13.75,-
13-Sep-10,49.92,49.92,49.92,49.92,13.78,-
14-Sep-10,50.2,50.2,50.2,50.2,13.86,-
15-Sep-10,50.46,50.46,50.46,50.46,13.93,-
16-Sep-10,50.25,50.25,50.25,50.25,13.87,-
17-Sep-10,50.18,50.18,50.18,50.18,13.85,-
20-Sep-10,50.79,50.79,50.79,50.79,14.02,-
21-Sep-10,50.9,50.9,50.9,50.9,14.05,-
22-Sep-10,50.94,50.94,50.94,50.94,14.06,-
23-Sep-10,50.6,50.6,50.6,50.6,13.97,-
24-Sep-10,51.29,51.29,51.29,51.29,14.16,-
27-Sep-10,50.96,50.96,50.96,50.96,14.07,-
28-Sep-10,51.35,51.35,51.35,51.35,14.17,-
29-Sep-10,51.28,51.28,51.28,51.28,14.15,-
30-Sep-10,51.16,51.16,51.16,51.16,14.12,-
01-Oct-10,51.26,51.26,51.26,51.26,14.15,-
04-Oct-10,50.74,50.74,50.74,50.74,14.0,-
05-Oct-10,51.6,51.6,51.6,51.6,14.24,-
06-Oct-10,51.48,51.48,51.48,51.48,14.21,-
07-Oct-10,51.57,51.57,51.57,51.57,14.23,-
08-Oct-10,51.83,51.83,51.83,51.83,14.31,-
11-Oct-10,51.91,51.91,51.91,51.91,14.33,-
12-Oct-10,51.99,51.99,51.99,51.99,14.35,-
13-Oct-10,52.43,52.43,52.43,52.43,14.47,-
14-Oct-10,52.45,52.45,52.45,52.45,14.48,-
15-Oct-10,52.61,52.61,52.61,52.61,14.52,-
18-Oct-10,52.99,52.99,52.99,52.99,14.63,-
19-Oct-10,52.03,52.03,52.03,52.03,14.36,-
20-Oct-10,52.36,52.36,52.36,52.36,14.45,-
21-Oct-10,52.34,52.34,52.34,52.34,14.45,-
22-Oct-10,52.46,52.46,52.46,52.46,14.48,-
25-Oct-10,52.63,52.63,52.63,52.63,14.53,-
26-Oct-10,52.39,52.39,52.39,52.39,14.46,-
27-Oct-10,52.17,52.17,52.17,52.17,14.4,-
28-Oct-10,52.39,52.39,52.39,52.39,14.46,-
29-Oct-10,52.28,52.28,52.28,52.28,14.43,-
01-Nov-10,52.3,52.3,52.3,52.3,14.44,-
02-Nov-10,52.74,52.74,52.74,52.74,14.56,-
03-Nov-10,52.73,52.73,52.73,52.73,14.55,-
04-Nov-10,53.07,53.07,53.07,53.07,14.65,-
05-Nov-10,52.89,52.89,52.89,52.89,14.6,-
08-Nov-10,52.77,52.77,52.77,52.77,14.57,-
09-Nov-10,52.51,52.51,52.51,52.51,14.49,-
10-Nov-10,52.61,52.61,52.61,52.61,14.52,-
11-Nov-10,52.57,52.57,52.57,52.57,14.51,-
12-Nov-10,52.07,52.07,52.07,52.07,14.37,-
15-Nov-10,51.89,51.89,51.89,51.89,14.32,-
16-Nov-10,51.28,51.28,51.28,51.28,14.15,-
17-Nov-10,51.48,51.48,51.48,51.48,14.21,-
18-Nov-10,52.16,52.16,52.16,52.16,14.4,-
19-Nov-10,52.25,52.25,52.25,52.25,14.42,-
22-Nov-10,52.28,52.28,52.28,52.28,14.43,-
23-Nov-10,51.5,51.5,51.5,51.5,14.21,-
24-Nov-10,51.84,51.84,51.84,51.84,14.31,-
26-Nov-10,51.45,51.45,51.45,51.45,14.2,-
29-Nov-10,51.39,51.39,51.39,51.39,14.18,-
30-Nov-10,50.96,50.96,50.96,50.96,14.07,-
01-Dec-10,51.81,51.81,51.81,51.81,14.3,-
02-Dec-10,52.19,52.19,52.19,52.19,14.41,-
03-Dec-10,52.29,52.29,52.29,52.29,14.43,-
06-Dec-10,52.01,52.01,52.01,52.01,14.36,-
07-Dec-10,51.96,51.96,51.96,51.96,14.34,-
08-Dec-10,52.08,52.08,52.08,52.08,14.37,-
09-Dec-10,52.21,52.21,52.21,52.21,14.41,-
10-Dec-10,52.68,52.68,52.68,52.68,14.54,-
13-Dec-10,52.75,52.75,52.75,52.75,14.56,-
14-Dec-10,53.18,53.18,53.18,53.18,14.68,-
15-Dec-10,53.04,53.04,53.04,53.04,14.64,-
16-Dec-10,51.75,51.75,51.75,51.75,14.75,-
17-Dec-10,51.63,51.63,51.63,51.63,14.72,-
20-Dec-10,51.61,51.61,51.61,51.61,14.71,-
21-Dec-10,51.66,51.66,51.66,51.66,14.73,-
22-Dec-10,51.77,51.77,51.77,51.77,14.76,-
23-Dec-10,51.82,51.82,51.82,51.82,14.77,-
27-Dec-10,51.72,51.72,51.72,51.72,14.74,-
28-Dec-10,51.74,51.74,51.74,51.74,14.75,-
29-Dec-10,51.82,51.82,51.82,51.82,14.77,-
30-Dec-10,51.66,51.66,51.66,51.66,14.73,-
31-Dec-10,51.65,51.65,51.65,51.65,14.72,-
03-Jan-11,51.96,51.96,51.96,51.96,14.81,-
04-Jan-11,51.97,51.97,51.97,51.97,14.82,-
05-Jan-11,52.04,52.04,52.04,52.04,14.84,-
06-Jan-11,52.31,52.31,52.31,52.31,14.91,-
07-Jan-11,52.2,52.2,52.2,52.2,14.88,-
10-Jan-11,52.05,52.05,52.05,52.05,14.84,-
11-Jan-11,52.3,52.3,52.3,52.3,14.91,-
12-Jan-11,52.58,52.58,52.58,52.58,14.99,-
13-Jan-11,52.44,52.44,52.44,52.44,14.95,-
14-Jan-11,52.54,52.54,52.54,52.54,14.98,-
18-Jan-11,52.79,52.79,52.79,52.79,15.05,-
19-Jan-11,52.44,52.44,52.44,52.44,14.95,-
20-Jan-11,52.44,52.44,52.44,52.44,14.95,-
21-Jan-11,52.48,52.48,52.48,52.48,14.96,-
24-Jan-11,52.65,52.65,52.65,52.65,15.01,-
25-Jan-11,52.84,52.84,52.84,52.84,15.06,-
26-Jan-11,52.94,52.94,52.94,52.94,15.09,-
27-Jan-11,53.07,53.07,53.07,53.07,15.13,-
28-Jan-11,52.24,52.24,52.24,52.24,14.89,-
31-Jan-11,52.45,52.45,52.45,52.45,14.95,-
01-Feb-11,53.32,53.32,53.32,53.32,15.2,-
02-Feb-11,53.22,53.22,53.22,53.22,15.17,-
03-Feb-11,53.41,53.41,53.41,53.41,15.23,-
04-Feb-11,53.51,53.51,53.51,53.51,15.25,-
07-Feb-11,53.52,53.52,53.52,53.52,15.26,-
08-Feb-11,53.64,53.64,53.64,53.64,15.29,-
09-Feb-11,53.54,53.54,53.54,53.54,15.26,-
10-Feb-11,53.49,53.49,53.49,53.49,15.25,-
11-Feb-11,53.51,53.51,53.51,53.51,15.25,-
14-Feb-11,53.64,53.64,53.64,53.64,15.29,-
15-Feb-11,53.64,53.64,53.64,53.64,15.29,-
16-Feb-11,53.9,53.9,53.9,53.9,15.37,-
17-Feb-11,54.16,54.16,54.16,54.16,15.44,-
18-Feb-11,54.29,54.29,54.29,54.29,15.48,-
22-Feb-11,53.5,53.5,53.5,53.5,15.25,-
23-Feb-11,53.2,53.2,53.2,53.2,15.17,-
24-Feb-11,53.2,53.2,53.2,53.2,15.17,-
25-Feb-11,53.61,53.61,53.61,53.61,15.28,-
28-Feb-11,54.04,54.04,54.04,54.04,15.41,-
01-Mar-11,53.79,53.79,53.79,53.79,15.33,-
02-Mar-11,53.87,53.87,53.87,53.87,15.36,-
03-Mar-11,54.76,54.76,54.76,54.76,15.61,-
04-Mar-11,54.67,54.67,54.67,54.67,15.58,-
07-Mar-11,54.14,54.14,54.14,54.14,15.43,-
08-Mar-11,54.45,54.45,54.45,54.45,15.52,-
09-Mar-11,54.72,54.72,54.72,54.72,15.6,-
10-Mar-11,53.98,53.98,53.98,53.98,15.39,-
11-Mar-11,54.07,54.07,54.07,54.07,15.41,-
14-Mar-11,53.63,53.63,53.63,53.63,15.29,-
15-Mar-11,52.97,52.97,52.97,52.97,15.1,-
16-Mar-11,52.13,52.13,52.13,52.13,14.86,-
17-Mar-11,52.82,52.82,52.82,52.82,15.06,-
18-Mar-11,53.09,53.09,53.09,53.09,15.13,-
21-Mar-11,53.58,53.58,53.58,53.58,15.27,-
22-Mar-11,53.16,53.16,53.16,53.16,15.27,-
23-Mar-11,53.09,53.09,53.09,53.09,15.25,-
24-Mar-11,53.61,53.61,53.61,53.61,15.4,-
25-Mar-11,53.68,53.68,53.68,53.68,15.42,-
28-Mar-11,53.62,53.62,53.62,53.62,15.4,-
29-Mar-11,53.98,53.98,53.98,53.98,15.5,-
30-Mar-11,54.77,54.77,54.77,54.77,15.73,-
31-Mar-11,54.67,54.67,54.67,54.67,15.7,-
01-Apr-11,54.97,54.97,54.97,54.97,15.79,-
04-Apr-11,55.18,55.18,55.18,55.18,15.85,-
05-Apr-11,55.05,55.05,55.05,55.05,15.81,-
06-Apr-11,55.13,55.13,55.13,55.13,15.84,-
07-Apr-11,55.06,55.06,55.06,55.06,15.82,-
08-Apr-11,55.1,55.1,55.1,55.1,15.83,-
11-Apr-11,55.33,55.33,55.33,55.33,15.89,-
12-Apr-11,55.34,55.34,55.34,55.34,15.9,-
13-Apr-11,55.39,55.39,55.39,55.39,15.91,-
14-Apr-11,55.54,55.54,55.54,55.54,15.95,-
15-Apr-11,55.95,55.95,55.95,55.95,16.07,-
18-Apr-11,55.26,55.26,55.26,55.26,15.87,-
19-Apr-11,55.59,55.59,55.59,55.59,15.97,-
20-Apr-11,56.18,56.18,56.18,56.18,16.14,-
21-Apr-11,56.48,56.48,56.48,56.48,16.22,-
25-Apr-11,56.42,56.42,56.42,56.42,16.21,-
26-Apr-11,57.01,57.01,57.01,57.01,16.38,-
27-Apr-11,57.68,57.68,57.68,57.68,16.57,-
28-Apr-11,57.9,57.9,57.9,57.9,16.63,-
29-Apr-11,57.92,57.92,57.92,57.92,16.64,-
02-May-11,58.41,58.41,58.41,58.41,16.78,-
03-May-11,58.29,58.29,58.29,58.29,16.74,-
04-May-11,58.2,58.2,58.2,58.2,16.72,-
05-May-11,57.95,57.95,57.95,57.95,16.65,-
06-May-11,58.32,58.32,58.32,58.32,16.75,-
09-May-11,58.69,58.69,58.69,58.69,16.86,-
10-May-11,58.87,58.87,58.87,58.87,16.91,-
11-May-11,58.73,58.73,58.73,58.73,16.87,-
12-May-11,59.1,59.1,59.1,59.1,16.98,-
13-May-11,58.91,58.91,58.91,58.91,16.92,-
16-May-11,59.0,59.0,59.0,59.0,16.95,-
17-May-11,58.84,58.84,58.84,58.84,16.9,-
18-May-11,59.4,59.4,59.4,59.4,17.06,-
19-May-11,59.34,59.34,59.34,59.34,17.04,-
20-May-11,58.98,58.98,58.98,58.98,16.94,-
23-May-11,58.33,58.33,58.33,58.33,16.75,-
24-May-11,58.25,58.25,58.25,58.25,16.73,-
25-May-11,58.41,58.41,58.41,58.41,16.78,-
26-May-11,58.62,58.62,58.62,58.62,16.84,-
27-May-11,58.83,58.83,58.83,58.83,16.9,-
31-May-11,59.39,59.39,59.39,59.39,17.06,-
01-Jun-11,58.76,58.76,58.76,58.76,16.88,-
02-Jun-11,58.72,58.72,58.72,58.72,16.87,-
03-Jun-11,58.44,58.44,58.44,58.44,16.79,-
06-Jun-11,58.05,58.05,58.05,58.05,16.67,-
07-Jun-11,58.27,58.27,58.27,58.27,16.74,-
08-Jun-11,58.19,58.19,58.19,58.19,16.71,-
09-Jun-11,58.7,58.7,58.7,58.7,16.86,-
10-Jun-11,57.86,57.86,57.86,57.86,16.62,-
13-Jun-11,58.05,58.05,58.05,58.05,16.67,-
14-Jun-11,58.57,58.57,58.57,58.57,16.82,-
15-Jun-11,57.87,57.87,57.87,57.87,16.62,-
16-Jun-11,57.82,57.82,57.82,57.82,16.61,-
17-Jun-11,57.9,57.9,57.9,57.9,16.63,-
20-Jun-11,58.46,58.46,58.46,58.46,16.79,-
21-Jun-11,58.85,58.85,58.85,58.85,16.9,-
22-Jun-11,58.57,58.57,58.57,58.57,16.82,-
23-Jun-11,58.34,58.34,58.34,58.34,16.76,-
24-Jun-11,57.83,57.83,57.83,57.83,16.61,-
27-Jun-11,58.01,58.01,58.01,58.01,16.66,-
28-Jun-11,58.69,58.69,58.69,58.69,16.86,-
29-Jun-11,58.83,58.83,58.83,58.83,16.9,-
30-Jun-11,59.06,59.06,59.06,59.06,16.96,-
01-Jul-11,59.7,59.7,59.7,59.7,17.15,-
05-Jul-11,59.58,59.58,59.58,59.58,17.11,-
06-Jul-11,59.64,59.64,59.64,59.64,17.13,-
07-Jul-11,59.75,59.75,59.75,59.75,17.16,-
08-Jul-11,59.55,59.55,59.55,59.55,17.1,-
11-Jul-11,58.71,58.71,58.71,58.71,16.86,-
12-Jul-11,58.79,58.79,58.79,58.79,16.89,-
13-Jul-11,59.09,59.09,59.09,59.09,16.97,-
14-Jul-11,58.98,58.98,58.98,58.98,16.94,-
15-Jul-11,58.89,58.89,58.89,58.89,16.92,-
18-Jul-11,58.44,58.44,58.44,58.44,16.79,-
19-Jul-11,58.87,58.87,58.87,58.87,16.91,-
20-Jul-11,58.81,58.81,58.81,58.81,16.89,-
21-Jul-11,59.42,59.42,59.42,59.42,17.07,-
22-Jul-11,59.34,59.34,59.34,59.34,17.04,-
25-Jul-11,58.95,58.95,58.95,58.95,16.93,-
26-Jul-11,58.7,58.7,58.7,58.7,16.86,-
27-Jul-11,57.66,57.66,57.66,57.66,16.56,-
28-Jul-11,57.6,57.6,57.6,57.6,16.54,-
29-Jul-11,57.47,57.47,57.47,57.47,16.51,-
01-Aug-11,56.63,56.63,56.63,56.63,16.27,-
02-Aug-11,55.59,55.59,55.59,55.59,15.97,-
03-Aug-11,55.73,55.73,55.73,55.73,16.01,-
04-Aug-11,53.66,53.66,53.66,53.66,15.41,-
05-Aug-11,53.69,53.69,53.69,53.69,15.42,-
08-Aug-11,51.02,51.02,51.02,51.02,14.65,-
09-Aug-11,53.09,53.09,53.09,53.09,15.25,-
10-Aug-11,51.11,51.11,51.11,51.11,14.68,-
11-Aug-11,53.08,53.08,53.08,53.08,15.25,-
12-Aug-11,53.55,53.55,53.55,53.55,15.38,-
15-Aug-11,54.42,54.42,54.42,54.42,15.63,-
16-Aug-11,54.33,54.33,54.33,54.33,15.61,-
17-Aug-11,54.31,54.31,54.31,54.31,15.6,-
18-Aug-11,52.69,52.69,52.69,52.69,15.13,-
19-Aug-11,52.43,52.43,52.43,52.43,15.06,-
22-Aug-11,52.61,52.61,52.61,52.61,15.11,-
23-Aug-11,53.99,53.99,53.99,53.99,15.51,-
24-Aug-11,54.43,54.43,54.43,54.43,15.63,-
25-Aug-11,53.54,53.54,53.54,53.54,15.38,-
26-Aug-11,54.13,54.13,54.13,54.13,15.55,-
29-Aug-11,55.19,55.19,55.19,55.19,15.85,-
30-Aug-11,55.44,55.44,55.44,55.44,15.92,-
31-Aug-11,55.94,55.94,55.94,55.94,16.07,-
01-Sep-11,55.57,55.57,55.57,55.57,15.96,-
02-Sep-11,54.44,54.44,54.44,54.44,15.64,-
06-Sep-11,54.12,54.12,54.12,54.12,15.55,-
07-Sep-11,55.44,55.44,55.44,55.44,15.92,-
08-Sep-11,54.89,54.89,54.89,54.89,15.77,-
09-Sep-11,53.43,53.43,53.43,53.43,15.35,-
12-Sep-11,53.52,53.52,53.52,53.52,15.37,-
13-Sep-11,54.12,54.12,54.12,54.12,15.55,-
14-Sep-11,54.74,54.74,54.74,54.74,15.72,-
15-Sep-11,55.27,55.27,55.27,55.27,15.88,-
16-Sep-11,55.49,55.49,55.49,55.49,15.94,-
19-Sep-11,54.92,54.92,54.92,54.92,15.77,-
20-Sep-11,55.19,55.19,55.19,55.19,15.85,-
21-Sep-11,53.94,53.94,53.94,53.94,15.49,-
22-Sep-11,52.94,52.94,52.94,52.94,15.21,-
23-Sep-11,53.2,53.2,53.2,53.2,15.28,-
26-Sep-11,54.07,54.07,54.07,54.07,15.53,-
27-Sep-11,54.78,54.78,54.78,54.78,15.73,-
28-Sep-11,53.87,53.87,53.87,53.87,15.47,-
29-Sep-11,54.23,54.23,54.23,54.23,15.58,-
30-Sep-11,53.58,53.58,53.58,53.58,15.39,-
03-Oct-11,51.99,51.99,51.99,51.99,14.93,-
04-Oct-11,52.46,52.46,52.46,52.46,15.07,-
05-Oct-11,53.16,53.16,53.16,53.16,15.27,-
06-Oct-11,53.68,53.68,53.68,53.68,15.42,-
07-Oct-11,53.55,53.55,53.55,53.55,15.38,-
10-Oct-11,54.82,54.82,54.82,54.82,15.75,-
11-Oct-11,54.59,54.59,54.59,54.59,15.68,-
12-Oct-11,54.81,54.81,54.81,54.81,15.74,-
13-Oct-11,54.74,54.74,54.74,54.74,15.72,-
14-Oct-11,55.22,55.22,55.22,55.22,15.86,-
17-Oct-11,54.39,54.39,54.39,54.39,15.62,-
18-Oct-11,54.64,54.64,54.64,54.64,15.69,-
19-Oct-11,54.59,54.59,54.59,54.59,15.68,-
20-Oct-11,54.7,54.7,54.7,54.7,15.71,-
21-Oct-11,55.69,55.69,55.69,55.69,16.0,-
24-Oct-11,56.29,56.29,56.29,56.29,16.17,-
25-Oct-11,55.46,55.46,55.46,55.46,15.93,-
26-Oct-11,56.06,56.06,56.06,56.06,16.1,-
27-Oct-11,57.12,57.12,57.12,57.12,16.41,-
28-Oct-11,57.17,57.17,57.17,57.17,16.42,-
31-Oct-11,56.04,56.04,56.04,56.04,16.1,-
01-Nov-11,54.84,54.84,54.84,54.84,15.75,-
02-Nov-11,55.21,55.21,55.21,55.21,15.86,-
03-Nov-11,55.76,55.76,55.76,55.76,16.02,-
04-Nov-11,55.42,55.42,55.42,55.42,15.92,-
07-Nov-11,55.74,55.74,55.74,55.74,16.01,-
08-Nov-11,56.14,56.14,56.14,56.14,16.13,-
09-Nov-11,54.72,54.72,54.72,54.72,15.72,-
10-Nov-11,55.37,55.37,55.37,55.37,15.9,-
11-Nov-11,56.23,56.23,56.23,56.23,16.15,-
14-Nov-11,55.88,55.88,55.88,55.88,16.05,-
15-Nov-11,55.89,55.89,55.89,55.89,16.05,-
16-Nov-11,54.88,54.88,54.88,54.88,15.76,-
17-Nov-11,54.4,54.4,54.4,54.4,15.63,-
18-Nov-11,54.33,54.33,54.33,54.33,15.61,-
21-Nov-11,53.45,53.45,53.45,53.45,15.35,-
22-Nov-11,53.48,53.48,53.48,53.48,15.36,-
23-Nov-11,52.75,52.75,52.75,52.75,15.15,-
25-Nov-11,52.42,52.42,52.42,52.42,15.06,-
28-Nov-11,53.77,53.77,53.77,53.77,15.44,-
29-Nov-11,54.07,54.07,54.07,54.07,15.53,-
30-Nov-11,55.99,55.99,55.99,55.99,16.08,-
01-Dec-11,55.88,55.88,55.88,55.88,16.05,-
02-Dec-11,55.36,55.36,55.36,55.36,15.9,-
05-Dec-11,55.67,55.67,55.67,55.67,15.99,-
06-Dec-11,55.75,55.75,55.75,55.75,16.01,-
07-Dec-11,56.04,56.04,56.04,56.04,16.1,-
08-Dec-11,55.18,55.18,55.18,55.18,15.85,-
09-Dec-11,55.84,55.84,55.84,55.84,16.04,-
12-Dec-11,55.18,55.18,55.18,55.18,15.85,-
13-Dec-11,55.0,55.0,55.0,55.0,15.8,-
14-Dec-11,54.79,54.79,54.79,54.79,15.74,-
15-Dec-11,55.38,55.38,55.38,55.38,15.91,-
16-Dec-11,52.69,52.69,52.69,52.69,15.93,-
19-Dec-11,52.44,52.44,52.44,52.44,15.85,-
20-Dec-11,53.44,53.44,53.44,53.44,16.16,-
21-Dec-11,53.74,53.74,53.74,53.74,16.25,-
22-Dec-11,54.09,54.09,54.09,54.09,16.35,-
23-Dec-11,54.5,54.5,54.5,54.5,16.48,-
27-Dec-11,54.51,54.51,54.51,54.51,16.48,-
28-Dec-11,53.92,53.92,53.92,53.92,16.3,-
29-Dec-11,54.41,54.41,54.41,54.41,16.45,-
30-Dec-11,54.31,54.31,54.31,54.31,16.42,-
03-Jan-12,54.97,54.97,54.97,54.97,16.62,-
04-Jan-12,54.71,54.71,54.71,54.71,16.54,-
05-Jan-12,54.78,54.78,54.78,54.78,16.56,-
06-Jan-12,54.86,54.86,54.86,54.86,16.59,-
09-Jan-12,54.94,54.94,54.94,54.94,16.61,-
10-Jan-12,55.31,55.31,55.31,55.31,16.72,-
11-Jan-12,55.31,55.31,55.31,55.31,16.72,-
12-Jan-12,55.31,55.31,55.31,55.31,16.72,-
13-Jan-12,55.04,55.04,55.04,55.04,16.64,-
17-Jan-12,55.46,55.46,55.46,55.46,16.77,-
18-Jan-12,55.78,55.78,55.78,55.78,16.86,-
19-Jan-12,55.79,55.79,55.79,55.79,16.87,-
20-Jan-12,55.67,55.67,55.67,55.67,16.83,-
23-Jan-12,55.48,55.48,55.48,55.48,16.77,-
24-Jan-12,55.59,55.59,55.59,55.59,16.81,-
25-Jan-12,55.81,55.81,55.81,55.81,16.87,-
26-Jan-12,55.45,55.45,55.45,55.45,16.76,-
27-Jan-12,55.62,55.62,55.62,55.62,16.81,-
30-Jan-12,55.51,55.51,55.51,55.51,16.78,-
31-Jan-12,55.68,55.68,55.68,55.68,16.83,-
01-Feb-12,56.27,56.27,56.27,56.27,17.01,-
02-Feb-12,55.99,55.99,55.99,55.99,16.93,-
03-Feb-12,56.23,56.23,56.23,56.23,17.0,-
06-Feb-12,56.15,56.15,56.15,56.15,16.98,-
07-Feb-12,56.31,56.31,56.31,56.31,17.02,-
08-Feb-12,56.27,56.27,56.27,56.27,17.01,-
09-Feb-12,56.11,56.11,56.11,56.11,16.96,-
10-Feb-12,55.97,55.97,55.97,55.97,16.92,-
13-Feb-12,56.45,56.45,56.45,56.45,17.07,-
14-Feb-12,56.44,56.44,56.44,56.44,17.06,-
15-Feb-12,56.31,56.31,56.31,56.31,17.02,-
16-Feb-12,56.66,56.66,56.66,56.66,17.13,-
17-Feb-12,56.56,56.56,56.56,56.56,17.1,-
21-Feb-12,56.29,56.29,56.29,56.29,17.02,-
22-Feb-12,56.22,56.22,56.22,56.22,17.0,-
23-Feb-12,56.43,56.43,56.43,56.43,17.06,-
24-Feb-12,56.65,56.65,56.65,56.65,17.13,-
27-Feb-12,56.66,56.66,56.66,56.66,17.13,-
28-Feb-12,56.93,56.93,56.93,56.93,17.21,-
29-Feb-12,56.57,56.57,56.57,56.57,17.1,-
01-Mar-12,56.77,56.77,56.77,56.77,17.16,-
02-Mar-12,56.61,56.61,56.61,56.61,17.11,-
05-Mar-12,56.61,56.61,56.61,56.61,17.11,-
06-Mar-12,55.88,55.88,55.88,55.88,16.89,-
07-Mar-12,56.13,56.13,56.13,56.13,16.97,-
08-Mar-12,56.78,56.78,56.78,56.78,17.17,-
09-Mar-12,57.02,57.02,57.02,57.02,17.24,-
12-Mar-12,56.9,56.9,56.9,56.9,17.2,-
13-Mar-12,57.47,57.47,57.47,57.47,17.37,-
14-Mar-12,57.41,57.41,57.41,57.41,17.36,-
15-Mar-12,57.64,57.64,57.64,57.64,17.43,-
16-Mar-12,57.65,57.65,57.65,57.65,17.43,-
19-Mar-12,57.76,57.76,57.76,57.76,17.46,-
20-Mar-12,57.43,57.43,57.43,57.43,17.36,-
21-Mar-12,57.3,57.3,57.3,57.3,17.34,-
22-Mar-12,57.22,57.22,57.22,57.22,17.32,-
23-Mar-12,57.32,57.32,57.32,57.32,17.35,-
26-Mar-12,58.2,58.2,58.2,58.2,17.62,-
27-Mar-12,58.2,58.2,58.2,58.2,17.62,-
28-Mar-12,58.04,58.04,58.04,58.04,17.57,-
29-Mar-12,58.27,58.27,58.27,58.27,17.64,-
30-Mar-12,58.56,58.56,58.56,58.56,17.72,-
02-Apr-12,58.87,58.87,58.87,58.87,17.82,-
03-Apr-12,58.66,58.66,58.66,58.66,17.75,-
04-Apr-12,58.17,58.17,58.17,58.17,17.61,-
05-Apr-12,58.1,58.1,58.1,58.1,17.59,-
09-Apr-12,57.44,57.44,57.44,57.44,17.39,-
10-Apr-12,56.82,56.82,56.82,56.82,17.2,-
11-Apr-12,57.1,57.1,57.1,57.1,17.28,-
12-Apr-12,57.52,57.52,57.52,57.52,17.41,-
13-Apr-12,56.92,56.92,56.92,56.92,17.23,-
16-Apr-12,57.05,57.05,57.05,57.05,17.27,-
17-Apr-12,57.85,57.85,57.85,57.85,17.51,-
18-Apr-12,57.67,57.67,57.67,57.67,17.46,-
19-Apr-12,57.81,57.81,57.81,57.81,17.5,-
20-Apr-12,58.14,58.14,58.14,58.14,17.6,-
23-Apr-12,57.76,57.76,57.76,57.76,17.48,-
24-Apr-12,57.87,57.87,57.87,57.87,17.52,-
25-Apr-12,58.36,58.36,58.36,58.36,17.66,-
26-Apr-12,58.38,58.38,58.38,58.38,17.67,-
27-Apr-12,58.43,58.43,58.43,58.43,17.69,-
30-Apr-12,58.28,58.28,58.28,58.28,17.64,-
01-May-12,58.46,58.46,58.46,58.46,17.69,-
02-May-12,58.4,58.4,58.4,58.4,17.68,-
03-May-12,58.02,58.02,58.02,58.02,17.56,-
04-May-12,57.42,57.42,57.42,57.42,17.38,-
07-May-12,57.64,57.64,57.64,57.64,17.45,-
08-May-12,57.7,57.7,57.7,57.7,17.46,-
09-May-12,57.23,57.23,57.23,57.23,17.32,-
10-May-12,57.47,57.47,57.47,57.47,17.39,-
11-May-12,57.44,57.44,57.44,57.44,17.39,-
14-May-12,57.08,57.08,57.08,57.08,17.28,-
15-May-12,56.84,56.84,56.84,56.84,17.2,-
16-May-12,56.91,56.91,56.91,56.91,17.23,-
17-May-12,56.38,56.38,56.38,56.38,17.06,-
18-May-12,55.9,55.9,55.9,55.9,16.92,-
21-May-12,56.5,56.5,56.5,56.5,17.1,-
22-May-12,56.38,56.38,56.38,56.38,17.06,-
23-May-12,56.08,56.08,56.08,56.08,16.97,-
24-May-12,56.4,56.4,56.4,56.4,17.07,-
25-May-12,56.57,56.57,56.57,56.57,17.12,-
29-May-12,56.77,56.77,56.77,56.77,17.18,-
30-May-12,56.32,56.32,56.32,56.32,17.05,-
31-May-12,56.26,56.26,56.26,56.26,17.03,-
01-Jun-12,55.39,55.39,55.39,55.39,16.76,-
04-Jun-12,55.63,55.63,55.63,55.63,16.84,-
05-Jun-12,55.84,55.84,55.84,55.84,16.9,-
06-Jun-12,56.62,56.62,56.62,56.62,17.14,-
07-Jun-12,56.53,56.53,56.53,56.53,17.11,-
08-Jun-12,56.99,56.99,56.99,56.99,17.25,-
11-Jun-12,56.51,56.51,56.51,56.51,17.1,-
12-Jun-12,56.95,56.95,56.95,56.95,17.24,-
13-Jun-12,56.83,56.83,56.83,56.83,17.2,-
14-Jun-12,57.4,57.4,57.4,57.4,17.37,-
15-Jun-12,57.71,57.71,57.71,57.71,17.47,-
18-Jun-12,57.94,57.94,57.94,57.94,17.54,-
19-Jun-12,58.53,58.53,58.53,58.53,17.72,-
20-Jun-12,58.37,58.37,58.37,58.37,17.67,-
21-Jun-12,57.73,57.73,57.73,57.73,17.47,-
22-Jun-12,58.31,58.31,58.31,58.31,17.65,-
25-Jun-12,57.68,57.68,57.68,57.68,17.46,-
26-Jun-12,57.93,57.93,57.93,57.93,17.53,-
27-Jun-12,58.47,58.47,58.47,58.47,17.7,-
28-Jun-12,58.44,58.44,58.44,58.44,17.69,-
29-Jun-12,59.37,59.37,59.37,59.37,17.97,-
02-Jul-12,59.49,59.49,59.49,59.49,18.01,-
03-Jul-12,59.63,59.63,59.63,59.63,18.05,-
05-Jul-12,59.28,59.28,59.28,59.28,17.94,-
06-Jul-12,58.89,58.89,58.89,58.89,17.82,-
09-Jul-12,59.35,59.35,59.35,59.35,17.96,-
10-Jul-12,59.01,59.01,59.01,59.01,17.86,-
11-Jul-12,58.94,58.94,58.94,58.94,17.84,-
12-Jul-12,58.98,58.98,58.98,58.98,17.85,-
13-Jul-12,59.57,59.57,59.57,59.57,18.03,-
16-Jul-12,59.56,59.56,59.56,59.56,18.03,-
17-Jul-12,60.22,60.22,60.22,60.22,18.23,-
18-Jul-12,60.45,60.45,60.45,60.45,18.3,-
19-Jul-12,60.42,60.42,60.42,60.42,18.29,-
20-Jul-12,59.67,59.67,59.67,59.67,18.06,-
23-Jul-12,58.97,58.97,58.97,58.97,17.85,-
24-Jul-12,58.34,58.34,58.34,58.34,17.66,-
25-Jul-12,58.29,58.29,58.29,58.29,17.64,-
26-Jul-12,58.69,58.69,58.69,58.69,17.76,-
27-Jul-12,59.77,59.77,59.77,59.77,18.09,-
30-Jul-12,59.62,59.62,59.62,59.62,18.05,-
31-Jul-12,59.13,59.13,59.13,59.13,17.9,-
01-Aug-12,59.07,59.07,59.07,59.07,17.88,-
02-Aug-12,58.7,58.7,58.7,58.7,17.77,-
03-Aug-12,59.22,59.22,59.22,59.22,17.92,-
06-Aug-12,59.26,59.26,59.26,59.26,17.94,-
07-Aug-12,59.47,59.47,59.47,59.47,18.0,-
08-Aug-12,59.57,59.57,59.57,59.57,18.03,-
09-Aug-12,59.54,59.54,59.54,59.54,18.02,-
10-Aug-12,59.71,59.71,59.71,59.71,18.07,-
13-Aug-12,59.61,59.61,59.61,59.61,18.04,-
14-Aug-12,59.8,59.8,59.8,59.8,18.1,-
15-Aug-12,60.0,60.0,60.0,60.0,18.16,-
16-Aug-12,60.02,60.02,60.02,60.02,18.17,-
17-Aug-12,59.77,59.77,59.77,59.77,18.09,-
20-Aug-12,60.04,60.04,60.04,60.04,18.17,-
21-Aug-12,59.92,59.92,59.92,59.92,18.14,-
22-Aug-12,60.04,60.04,60.04,60.04,18.17,-
23-Aug-12,59.9,59.9,59.9,59.9,18.13,-
24-Aug-12,60.31,60.31,60.31,60.31,18.25,-
27-Aug-12,60.36,60.36,60.36,60.36,18.27,-
28-Aug-12,60.31,60.31,60.31,60.31,18.25,-
29-Aug-12,60.47,60.47,60.47,60.47,18.3,-
30-Aug-12,60.17,60.17,60.17,60.17,18.21,-
31-Aug-12,60.3,60.3,60.3,60.3,18.25,-
04-Sep-12,60.41,60.41,60.41,60.41,18.28,-
05-Sep-12,60.6,60.6,60.6,60.6,18.34,-
06-Sep-12,61.37,61.37,61.37,61.37,18.57,-
07-Sep-12,61.41,61.41,61.41,61.41,18.59,-
10-Sep-12,61.07,61.07,61.07,61.07,18.48,-
11-Sep-12,61.15,61.15,61.15,61.15,18.51,-
12-Sep-12,61.18,61.18,61.18,61.18,18.52,-
13-Sep-12,61.88,61.88,61.88,61.88,18.73,-
14-Sep-12,61.75,61.75,61.75,61.75,18.69,-
17-Sep-12,61.88,61.88,61.88,61.88,18.73,-
18-Sep-12,62.02,62.02,62.02,62.02,18.77,-
19-Sep-12,62.14,62.14,62.14,62.14,18.81,-
20-Sep-12,62.3,62.3,62.3,62.3,18.86,-
21-Sep-12,62.61,62.61,62.61,62.61,18.95,-
24-Sep-12,62.75,62.75,62.75,62.75,18.99,-
25-Sep-12,62.67,62.67,62.67,62.67,18.97,-
26-Sep-12,62.35,62.35,62.35,62.35,18.87,-
27-Sep-12,62.87,62.87,62.87,62.87,19.03,-
28-Sep-12,62.52,62.52,62.52,62.52,18.92,-
01-Oct-12,62.88,62.88,62.88,62.88,19.03,-
02-Oct-12,63.15,63.15,63.15,63.15,19.11,-
03-Oct-12,63.3,63.3,63.3,63.3,19.16,-
04-Oct-12,63.84,63.84,63.84,63.84,19.32,-
05-Oct-12,63.77,63.77,63.77,63.77,19.3,-
08-Oct-12,63.77,63.77,63.77,63.77,19.3,-
09-Oct-12,63.31,63.31,63.31,63.31,19.16,-
10-Oct-12,62.79,62.79,62.79,62.79,19.0,-
11-Oct-12,62.97,62.97,62.97,62.97,19.06,-
12-Oct-12,62.88,62.88,62.88,62.88,19.03,-
15-Oct-12,63.55,63.55,63.55,63.55,19.23,-
16-Oct-12,63.97,63.97,63.97,63.97,19.36,-
17-Oct-12,63.74,63.74,63.74,63.74,19.29,-
18-Oct-12,63.78,63.78,63.78,63.78,19.3,-
19-Oct-12,62.91,62.91,62.91,62.91,19.04,-
22-Oct-12,63.02,63.02,63.02,63.02,19.07,-
23-Oct-12,62.15,62.15,62.15,62.15,18.81,-
24-Oct-12,62.12,62.12,62.12,62.12,18.8,-
25-Oct-12,62.56,62.56,62.56,62.56,18.94,-
26-Oct-12,62.42,62.42,62.42,62.42,18.89,-
31-Oct-12,62.09,62.09,62.09,62.09,18.79,-
01-Nov-12,62.82,62.82,62.82,62.82,19.01,-
02-Nov-12,62.33,62.33,62.33,62.33,18.87,-
05-Nov-12,62.42,62.42,62.42,62.42,18.89,-
06-Nov-12,62.76,62.76,62.76,62.76,19.0,-
07-Nov-12,61.69,61.69,61.69,61.69,18.67,-
08-Nov-12,60.99,60.99,60.99,60.99,18.46,-
09-Nov-12,61.09,61.09,61.09,61.09,18.49,-
12-Nov-12,61.04,61.04,61.04,61.04,18.48,-
13-Nov-12,60.83,60.83,60.83,60.83,18.41,-
14-Nov-12,60.08,60.08,60.08,60.08,18.18,-
15-Nov-12,59.97,59.97,59.97,59.97,18.15,-
16-Nov-12,60.18,60.18,60.18,60.18,18.21,-
19-Nov-12,60.9,60.9,60.9,60.9,18.43,-
20-Nov-12,61.07,61.07,61.07,61.07,18.48,-
21-Nov-12,61.16,61.16,61.16,61.16,18.51,-
23-Nov-12,61.8,61.8,61.8,61.8,18.71,-
26-Nov-12,61.54,61.54,61.54,61.54,18.63,-
27-Nov-12,61.3,61.3,61.3,61.3,18.55,-
28-Nov-12,61.74,61.74,61.74,61.74,18.69,-
29-Nov-12,62.24,62.24,62.24,62.24,18.84,-
30-Nov-12,62.32,62.32,62.32,62.32,18.86,-
03-Dec-12,62.22,62.22,62.22,62.22,18.83,-
04-Dec-12,62.33,62.33,62.33,62.33,18.87,-
05-Dec-12,62.59,62.59,62.59,62.59,18.94,-
06-Dec-12,62.66,62.66,62.66,62.66,18.97,-
07-Dec-12,62.86,62.86,62.86,62.86,19.03,-
10-Dec-12,63.19,63.19,63.19,63.19,19.13,-
11-Dec-12,63.67,63.67,63.67,63.67,19.27,-
12-Dec-12,63.5,63.5,63.5,63.5,19.22,-
13-Dec-12,62.96,62.96,62.96,62.96,19.06,-
14-Dec-12,62.79,62.79,62.79,62.79,19.0,-
17-Dec-12,61.06,61.06,61.06,61.06,19.11,-
18-Dec-12,61.67,61.67,61.67,61.67,19.3,-
19-Dec-12,61.25,61.25,61.25,61.25,19.17,-
20-Dec-12,61.37,61.37,61.37,61.37,19.2,-
21-Dec-12,60.96,60.96,60.96,60.96,19.08,-
24-Dec-12,60.81,60.81,60.81,60.81,19.03,-
26-Dec-12,60.56,60.56,60.56,60.56,18.95,-
27-Dec-12,60.4,60.4,60.4,60.4,18.9,-
28-Dec-12,59.85,59.85,59.85,59.85,18.73,-
31-Dec-12,60.44,60.44,60.44,60.44,18.91,-
02-Jan-13,61.28,61.28,61.28,61.28,19.18,-
03-Jan-13,61.24,61.24,61.24,61.24,19.16,-
04-Jan-13,61.61,61.61,61.61,61.61,19.28,-
07-Jan-13,61.81,61.81,61.81,61.81,19.34,-
08-Jan-13,61.74,61.74,61.74,61.74,19.32,-
09-Jan-13,62.18,62.18,62.18,62.18,19.46,-
10-Jan-13,62.61,62.61,62.61,62.61,19.59,-
11-Jan-13,62.76,62.76,62.76,62.76,19.64,-
14-Jan-13,62.83,62.83,62.83,62.83,19.66,-
15-Jan-13,62.98,62.98,62.98,62.98,19.71,-
16-Jan-13,62.67,62.67,62.67,62.67,19.61,-
17-Jan-13,63.25,63.25,63.25,63.25,19.79,-
18-Jan-13,63.3,63.3,63.3,63.3,19.81,-
22-Jan-13,63.64,63.64,63.64,63.64,19.92,-
23-Jan-13,63.6,63.6,63.6,63.6,19.9,-
24-Jan-13,63.98,63.98,63.98,63.98,20.02,-
25-Jan-13,64.42,64.42,64.42,64.42,20.16,-
28-Jan-13,64.14,64.14,64.14,64.14,20.07,-
29-Jan-13,64.61,64.61,64.61,64.61,20.22,-
30-Jan-13,64.52,64.52,64.52,64.52,20.19,-
31-Jan-13,64.37,64.37,64.37,64.37,20.14,-
01-Feb-13,64.61,64.61,64.61,64.61,20.22,-
04-Feb-13,64.03,64.03,64.03,64.03,20.04,-
05-Feb-13,64.63,64.63,64.63,64.63,20.22,-
06-Feb-13,64.71,64.71,64.71,64.71,20.25,-
07-Feb-13,64.45,64.45,64.45,64.45,20.17,-
08-Feb-13,64.83,64.83,64.83,64.83,20.29,-
11-Feb-13,64.67,64.67,64.67,64.67,20.24,-
12-Feb-13,64.8,64.8,64.8,64.8,20.28,-
13-Feb-13,64.79,64.79,64.79,64.79,20.27,-
14-Feb-13,64.86,64.86,64.86,64.86,20.3,-
15-Feb-13,64.83,64.83,64.83,64.83,20.29,-
19-Feb-13,65.18,65.18,65.18,65.18,20.4,-
20-Feb-13,64.86,64.86,64.86,64.86,20.3,-
21-Feb-13,64.56,64.56,64.56,64.56,20.2,-
22-Feb-13,64.95,64.95,64.95,64.95,20.32,-
25-Feb-13,64.38,64.38,64.38,64.38,20.15,-
26-Feb-13,64.5,64.5,64.5,64.5,20.18,-
27-Feb-13,65.17,65.17,65.17,65.17,20.39,-
28-Feb-13,65.19,65.19,65.19,65.19,20.4,-
01-Mar-13,65.51,65.51,65.51,65.51,20.5,-
04-Mar-13,65.84,65.84,65.84,65.84,20.6,-
05-Mar-13,66.36,66.36,66.36,66.36,20.77,-
06-Mar-13,66.45,66.45,66.45,66.45,20.79,-
07-Mar-13,66.49,66.49,66.49,66.49,20.81,-
08-Mar-13,66.63,66.63,66.63,66.63,20.85,-
11-Mar-13,66.92,66.92,66.92,66.92,20.94,-
12-Mar-13,67.22,67.22,67.22,67.22,21.04,-
13-Mar-13,67.29,67.29,67.29,67.29,21.06,-
14-Mar-13,67.58,67.58,67.58,67.58,21.15,-
15-Mar-13,67.66,67.66,67.66,67.66,21.17,-
18-Mar-13,67.17,67.17,67.17,67.17,21.02,-
19-Mar-13,65.67,65.67,65.67,65.67,21.07,-
20-Mar-13,66.11,66.11,66.11,66.11,21.21,-
21-Mar-13,65.93,65.93,65.93,65.93,21.15,-
22-Mar-13,66.3,66.3,66.3,66.3,21.27,-
25-Mar-13,66.15,66.15,66.15,66.15,21.22,-
26-Mar-13,66.78,66.78,66.78,66.78,21.42,-
27-Mar-13,66.94,66.94,66.94,66.94,21.47,-
28-Mar-13,67.5,67.5,67.5,67.5,21.65,-
01-Apr-13,67.42,67.42,67.42,67.42,21.63,-
02-Apr-13,68.13,68.13,68.13,68.13,21.86,-
03-Apr-13,67.86,67.86,67.86,67.86,21.77,-
04-Apr-13,68.22,68.22,68.22,68.22,21.88,-
05-Apr-13,67.9,67.9,67.9,67.9,21.78,-
08-Apr-13,68.21,68.21,68.21,68.21,21.88,-
09-Apr-13,68.3,68.3,68.3,68.3,21.91,-
10-Apr-13,69.02,69.02,69.02,69.02,22.14,-
11-Apr-13,69.54,69.54,69.54,69.54,22.31,-
12-Apr-13,69.62,69.62,69.62,69.62,22.33,-
15-Apr-13,68.46,68.46,68.46,68.46,21.96,-
16-Apr-13,69.37,69.37,69.37,69.37,22.25,-
17-Apr-13,68.69,68.69,68.69,68.69,22.04,-
18-Apr-13,68.06,68.06,68.06,68.06,21.83,-
19-Apr-13,69.15,69.15,69.15,69.15,22.18,-
22-Apr-13,69.3,69.3,69.3,69.3,22.23,-
23-Apr-13,69.83,69.83,69.83,69.83,22.4,-
24-Apr-13,69.44,69.44,69.44,69.44,22.28,-
25-Apr-13,69.6,69.6,69.6,69.6,22.33,-
26-Apr-13,69.56,69.56,69.56,69.56,22.31,-
29-Apr-13,69.87,69.87,69.87,69.87,22.41,-
30-Apr-13,69.68,69.68,69.68,69.68,22.35,-
01-May-13,69.27,69.27,69.27,69.27,22.22,-
02-May-13,69.72,69.72,69.72,69.72,22.37,-
03-May-13,69.97,69.97,69.97,69.97,22.45,-
06-May-13,69.77,69.77,69.77,69.77,22.38,-
07-May-13,69.99,69.99,69.99,69.99,22.45,-
08-May-13,70.65,70.65,70.65,70.65,22.66,-
09-May-13,70.41,70.41,70.41,70.41,22.59,-
10-May-13,71.03,71.03,71.03,71.03,22.79,-
13-May-13,71.18,71.18,71.18,71.18,22.83,-
14-May-13,71.81,71.81,71.81,71.81,23.04,-
15-May-13,72.25,72.25,72.25,72.25,23.18,-
16-May-13,71.58,71.58,71.58,71.58,22.96,-
17-May-13,71.88,71.88,71.88,71.88,23.06,-
20-May-13,71.51,71.51,71.51,71.51,22.94,-
21-May-13,72.05,72.05,72.05,72.05,23.11,-
22-May-13,71.87,71.87,71.87,71.87,23.06,-
23-May-13,71.9,71.9,71.9,71.9,23.06,-
24-May-13,71.69,71.69,71.69,71.69,23.0,-
28-May-13,72.15,72.15,72.15,72.15,23.14,-
29-May-13,71.4,71.4,71.4,71.4,22.9,-
30-May-13,71.94,71.94,71.94,71.94,23.08,-
31-May-13,70.55,70.55,70.55,70.55,22.63,-
03-Jun-13,70.84,70.84,70.84,70.84,22.72,-
04-Jun-13,70.44,70.44,70.44,70.44,22.6,-
05-Jun-13,69.54,69.54,69.54,69.54,22.31,-
06-Jun-13,70.44,70.44,70.44,70.44,22.6,-
07-Jun-13,71.26,71.26,71.26,71.26,22.86,-
10-Jun-13,71.67,71.67,71.67,71.67,22.99,-
11-Jun-13,71.14,71.14,71.14,71.14,22.82,-
12-Jun-13,70.73,70.73,70.73,70.73,22.69,-
13-Jun-13,71.48,71.48,71.48,71.48,22.93,-
14-Jun-13,71.35,71.35,71.35,71.35,22.89,-
17-Jun-13,71.73,71.73,71.73,71.73,23.01,-
18-Jun-13,72.16,72.16,72.16,72.16,23.15,-
19-Jun-13,71.29,71.29,71.29,71.29,22.87,-
20-Jun-13,69.4,69.4,69.4,69.4,22.26,-
21-Jun-13,70.06,70.06,70.06,70.06,22.47,-
24-Jun-13,69.53,69.53,69.53,69.53,22.3,-
25-Jun-13,69.6,69.6,69.6,69.6,22.33,-
26-Jun-13,70.48,70.48,70.48,70.48,22.61,-
27-Jun-13,71.14,71.14,71.14,71.14,22.82,-
28-Jun-13,70.87,70.87,70.87,70.87,22.73,-
01-Jul-13,71.44,71.44,71.44,71.44,22.92,-
02-Jul-13,71.14,71.14,71.14,71.14,22.82,-
03-Jul-13,71.05,71.05,71.05,71.05,22.79,-
05-Jul-13,71.72,71.72,71.72,71.72,23.01,-
08-Jul-13,72.08,72.08,72.08,72.08,23.12,-
09-Jul-13,72.45,72.45,72.45,72.45,23.24,-
10-Jul-13,72.96,72.96,72.96,72.96,23.4,-
11-Jul-13,73.93,73.93,73.93,73.93,23.72,-
12-Jul-13,74.26,74.26,74.26,74.26,23.82,-
15-Jul-13,74.27,74.27,74.27,74.27,23.83,-
16-Jul-13,73.88,73.88,73.88,73.88,23.7,-
17-Jul-13,73.92,73.92,73.92,73.92,23.71,-
18-Jul-13,74.4,74.4,74.4,74.4,23.87,-
19-Jul-13,74.87,74.87,74.87,74.87,24.02,-
22-Jul-13,75.25,75.25,75.25,75.25,24.14,-
23-Jul-13,75.09,75.09,75.09,75.09,24.09,-
24-Jul-13,75.0,75.0,75.0,75.0,24.06,-
25-Jul-13,75.37,75.37,75.37,75.37,24.18,-
26-Jul-13,75.39,75.39,75.39,75.39,24.18,-
29-Jul-13,74.97,74.97,74.97,74.97,24.05,-
30-Jul-13,74.86,74.86,74.86,74.86,24.01,-
31-Jul-13,74.86,74.86,74.86,74.86,24.01,-
01-Aug-13,75.56,75.56,75.56,75.56,24.24,-
02-Aug-13,75.68,75.68,75.68,75.68,24.28,-
05-Aug-13,75.72,75.72,75.72,75.72,24.29,-
06-Aug-13,75.51,75.51,75.51,75.51,24.22,-
07-Aug-13,75.44,75.44,75.44,75.44,24.2,-
08-Aug-13,75.65,75.65,75.65,75.65,24.27,-
09-Aug-13,75.57,75.57,75.57,75.57,24.24,-
12-Aug-13,75.34,75.34,75.34,75.34,24.17,-
13-Aug-13,75.54,75.54,75.54,75.54,24.23,-
14-Aug-13,75.21,75.21,75.21,75.21,24.13,-
15-Aug-13,74.2,74.2,74.2,74.2,23.8,-
16-Aug-13,73.96,73.96,73.96,73.96,23.73,-
19-Aug-13,73.89,73.89,73.89,73.89,23.7,-
20-Aug-13,74.17,74.17,74.17,74.17,23.79,-
21-Aug-13,73.82,73.82,73.82,73.82,23.68,-
22-Aug-13,74.41,74.41,74.41,74.41,23.87,-
23-Aug-13,74.6,74.6,74.6,74.6,23.93,-
26-Aug-13,74.81,74.81,74.81,74.81,24.0,-
27-Aug-13,73.55,73.55,73.55,73.55,23.59,-
28-Aug-13,73.56,73.56,73.56,73.56,23.6,-
29-Aug-13,73.67,73.67,73.67,73.67,23.63,-
30-Aug-13,73.3,73.3,73.3,73.3,23.51,-
03-Sep-13,73.9,73.9,73.9,73.9,23.71,-
04-Sep-13,74.61,74.61,74.61,74.61,23.93,-
05-Sep-13,74.72,74.72,74.72,74.72,23.97,-
06-Sep-13,74.66,74.66,74.66,74.66,23.95,-
09-Sep-13,75.26,75.26,75.26,75.26,24.14,-
10-Sep-13,75.75,75.75,75.75,75.75,24.3,-
11-Sep-13,76.21,76.21,76.21,76.21,24.45,-
12-Sep-13,76.19,76.19,76.19,76.19,24.44,-
13-Sep-13,76.39,76.39,76.39,76.39,24.51,-
16-Sep-13,77.04,77.04,77.04,77.04,24.71,-
17-Sep-13,77.02,77.02,77.02,77.02,24.71,-
18-Sep-13,77.58,77.58,77.58,77.58,24.89,-
19-Sep-13,77.11,77.11,77.11,77.11,24.74,-
20-Sep-13,76.94,76.94,76.94,76.94,24.68,-
23-Sep-13,76.58,76.58,76.58,76.58,24.57,-
24-Sep-13,76.34,76.34,76.34,76.34,24.49,-
25-Sep-13,75.98,75.98,75.98,75.98,24.37,-
26-Sep-13,76.27,76.27,76.27,76.27,24.47,-
27-Sep-13,76.32,76.32,76.32,76.32,24.48,-
30-Sep-13,76.23,76.23,76.23,76.23,24.45,-
01-Oct-13,77.19,77.19,77.19,77.19,24.76,-
02-Oct-13,77.01,77.01,77.01,77.01,24.7,-
03-Oct-13,76.49,76.49,76.49,76.49,24.54,-
04-Oct-13,77.02,77.02,77.02,77.02,24.71,-
07-Oct-13,76.18,76.18,76.18,76.18,24.44,-
08-Oct-13,75.36,75.36,75.36,75.36,24.17,-
09-Oct-13,75.25,75.25,75.25,75.25,24.14,-
10-Oct-13,76.82,76.82,76.82,76.82,24.64,-
11-Oct-13,77.22,77.22,77.22,77.22,24.77,-
14-Oct-13,77.55,77.55,77.55,77.55,24.88,-
15-Oct-13,77.09,77.09,77.09,77.09,24.73,-
16-Oct-13,78.4,78.4,78.4,78.4,25.15,-
17-Oct-13,78.84,78.84,78.84,78.84,25.29,-
18-Oct-13,78.53,78.53,78.53,78.53,25.19,-
21-Oct-13,78.26,78.26,78.26,78.26,25.1,-
22-Oct-13,79.02,79.02,79.02,79.02,25.35,-
23-Oct-13,78.87,78.87,78.87,78.87,25.3,-
24-Oct-13,79.08,79.08,79.08,79.08,25.37,-
25-Oct-13,79.27,79.27,79.27,79.27,25.43,-
28-Oct-13,79.36,79.36,79.36,79.36,25.46,-
29-Oct-13,79.82,79.82,79.82,79.82,25.61,-
30-Oct-13,79.18,79.18,79.18,79.18,25.4,-
31-Oct-13,79.16,79.16,79.16,79.16,25.39,-
01-Nov-13,79.43,79.43,79.43,79.43,25.48,-
04-Nov-13,79.7,79.7,79.7,79.7,25.57,-
05-Nov-13,79.43,79.43,79.43,79.43,25.48,-
06-Nov-13,79.48,79.48,79.48,79.48,25.5,-
07-Nov-13,78.57,78.57,78.57,78.57,25.2,-
08-Nov-13,79.63,79.63,79.63,79.63,25.54,-
11-Nov-13,79.96,79.96,79.96,79.96,25.65,-
12-Nov-13,79.99,79.99,79.99,79.99,25.66,-
13-Nov-13,80.52,80.52,80.52,80.52,25.83,-
14-Nov-13,81.13,81.13,81.13,81.13,26.03,-
15-Nov-13,81.59,81.59,81.59,81.59,26.17,-
18-Nov-13,81.2,81.2,81.2,81.2,26.05,-
19-Nov-13,81.16,81.16,81.16,81.16,26.04,-
20-Nov-13,81.27,81.27,81.27,81.27,26.07,-
21-Nov-13,81.84,81.84,81.84,81.84,26.25,-
22-Nov-13,82.56,82.56,82.56,82.56,26.48,-
25-Nov-13,82.7,82.7,82.7,82.7,26.53,-
26-Nov-13,82.65,82.65,82.65,82.65,26.51,-
27-Nov-13,82.73,82.73,82.73,82.73,26.54,-
29-Nov-13,82.8,82.8,82.8,82.8,26.56,-
02-Dec-13,83.22,83.22,83.22,83.22,26.7,-
03-Dec-13,82.71,82.71,82.71,82.71,26.53,-
04-Dec-13,82.21,82.21,82.21,82.21,26.37,-
05-Dec-13,81.9,81.9,81.9,81.9,26.27,-
06-Dec-13,82.79,82.79,82.79,82.79,26.56,-
09-Dec-13,82.8,82.8,82.8,82.8,26.56,-
10-Dec-13,82.43,82.43,82.43,82.43,26.44,-
11-Dec-13,81.39,81.39,81.39,81.39,26.11,-
12-Dec-13,81.13,81.13,81.13,81.13,26.03,-
13-Dec-13,81.11,81.11,81.11,81.11,26.02,-
16-Dec-13,81.26,81.26,81.26,81.26,26.07,-
17-Dec-13,75.8,75.8,75.8,75.8,26.01,-
18-Dec-13,77.29,77.29,77.29,77.29,26.52,-
19-Dec-13,77.27,77.27,77.27,77.27,26.52,-
20-Dec-13,77.82,77.82,77.82,77.82,26.71,-
23-Dec-13,78.19,78.19,78.19,78.19,26.83,-
24-Dec-13,78.22,78.22,78.22,78.22,26.84,-
26-Dec-13,78.62,78.62,78.62,78.62,26.98,-
27-Dec-13,78.67,78.67,78.67,78.67,27.0,-
30-Dec-13,78.89,78.89,78.89,78.89,27.07,-
31-Dec-13,78.95,78.95,78.95,78.95,27.09,-
02-Jan-14,78.33,78.33,78.33,78.33,26.88,-
03-Jan-14,78.56,78.56,78.56,78.56,26.96,-
06-Jan-14,78.4,78.4,78.4,78.4,26.91,-
07-Jan-14,79.09,79.09,79.09,79.09,27.14,-
08-Jan-14,80.24,80.24,80.24,80.24,27.54,-
09-Jan-14,80.9,80.9,80.9,80.9,27.76,-
10-Jan-14,81.38,81.38,81.38,81.38,27.93,-
13-Jan-14,81.06,81.06,81.06,81.06,27.82,-
14-Jan-14,81.91,81.91,81.91,81.91,28.11,-
15-Jan-14,81.75,81.75,81.75,81.75,28.06,-
16-Jan-14,81.97,81.97,81.97,81.97,28.13,-
17-Jan-14,81.77,81.77,81.77,81.77,28.06,-
21-Jan-14,82.26,82.26,82.26,82.26,28.23,-
22-Jan-14,82.37,82.37,82.37,82.37,28.27,-
23-Jan-14,82.12,82.12,82.12,82.12,28.18,-
24-Jan-14,80.32,80.32,80.32,80.32,27.56,-
27-Jan-14,79.87,79.87,79.87,79.87,27.41,-
28-Jan-14,80.67,80.67,80.67,80.67,27.68,-
29-Jan-14,80.1,80.1,80.1,80.1,27.49,-
30-Jan-14,81.44,81.44,81.44,81.44,27.95,-
31-Jan-14,80.84,80.84,80.84,80.84,27.74,-
03-Feb-14,79.24,79.24,79.24,79.24,27.19,-
04-Feb-14,79.71,79.71,79.71,79.71,27.36,-
05-Feb-14,79.59,79.59,79.59,79.59,27.31,-
06-Feb-14,79.75,79.75,79.75,79.75,27.37,-
07-Feb-14,81.03,81.03,81.03,81.03,27.81,-
10-Feb-14,81.43,81.43,81.43,81.43,27.95,-
11-Feb-14,82.34,82.34,82.34,82.34,28.26,-
12-Feb-14,82.35,82.35,82.35,82.35,28.26,-
13-Feb-14,83.04,83.04,83.04,83.04,28.5,-
14-Feb-14,83.37,83.37,83.37,83.37,28.61,-
18-Feb-14,85.34,85.34,85.34,85.34,29.29,-
19-Feb-14,85.22,85.22,85.22,85.22,29.25,-
20-Feb-14,86.17,86.17,86.17,86.17,29.57,-
21-Feb-14,86.39,86.39,86.39,86.39,29.65,-
24-Feb-14,87.23,87.23,87.23,87.23,29.94,-
25-Feb-14,87.12,87.12,87.12,87.12,29.9,-
26-Feb-14,87.26,87.26,87.26,87.26,29.95,-
27-Feb-14,87.73,87.73,87.73,87.73,30.11,-
28-Feb-14,87.68,87.68,87.68,87.68,30.09,-
03-Mar-14,86.76,86.76,86.76,86.76,29.77,-
04-Mar-14,88.43,88.43,88.43,88.43,30.35,-
05-Mar-14,88.17,88.17,88.17,88.17,30.26,-
06-Mar-14,87.62,87.62,87.62,87.62,30.07,-
07-Mar-14,87.39,87.39,87.39,87.39,29.99,-
10-Mar-14,87.33,87.33,87.33,87.33,29.97,-
11-Mar-14,87.1,87.1,87.1,87.1,29.89,-
12-Mar-14,87.21,87.21,87.21,87.21,29.93,-
13-Mar-14,86.02,86.02,86.02,86.02,29.52,-
14-Mar-14,85.87,85.87,85.87,85.87,29.47,-
17-Mar-14,86.39,86.39,86.39,86.39,29.65,-
18-Mar-14,87.32,87.32,87.32,87.32,29.97,-
19-Mar-14,87.22,87.22,87.22,87.22,29.93,-
20-Mar-14,87.09,87.09,87.09,87.09,29.89,-
21-Mar-14,82.1,82.1,82.1,82.1,29.38,-
24-Mar-14,81.09,81.09,81.09,81.09,29.02,-
25-Mar-14,81.42,81.42,81.42,81.42,29.14,-
26-Mar-14,81.23,81.23,81.23,81.23,29.07,-
27-Mar-14,81.24,81.24,81.24,81.24,29.07,-
28-Mar-14,81.26,81.26,81.26,81.26,29.08,-
31-Mar-14,82.36,82.36,82.36,82.36,29.47,-
01-Apr-14,82.62,82.62,82.62,82.62,29.57,-
02-Apr-14,82.68,82.68,82.68,82.68,29.59,-
03-Apr-14,82.21,82.21,82.21,82.21,29.42,-
04-Apr-14,80.92,80.92,80.92,80.92,28.96,-
07-Apr-14,80.12,80.12,80.12,80.12,28.67,-
08-Apr-14,79.68,79.68,79.68,79.68,28.51,-
09-Apr-14,81.4,81.4,81.4,81.4,29.13,-
10-Apr-14,79.08,79.08,79.08,79.08,28.3,-
11-Apr-14,77.99,77.99,77.99,77.99,27.91,-
14-Apr-14,78.38,78.38,78.38,78.38,28.05,-
15-Apr-14,78.77,78.77,78.77,78.77,28.19,-
16-Apr-14,79.43,79.43,79.43,79.43,28.42,-
17-Apr-14,79.29,79.29,79.29,79.29,28.37,-
21-Apr-14,80.04,80.04,80.04,80.04,28.64,-
22-Apr-14,80.73,80.73,80.73,80.73,28.89,-
23-Apr-14,80.36,80.36,80.36,80.36,28.76,-
24-Apr-14,80.41,80.41,80.41,80.41,28.77,-
25-Apr-14,79.69,79.69,79.69,79.69,28.52,-
28-Apr-14,79.94,79.94,79.94,79.94,28.61,-
29-Apr-14,80.42,80.42,80.42,80.42,28.78,-
30-Apr-14,80.79,80.79,80.79,80.79,28.91,-
01-May-14,81.45,81.45,81.45,81.45,29.15,-
02-May-14,81.05,81.05,81.05,81.05,29.0,-
05-May-14,81.6,81.6,81.6,81.6,29.2,-
06-May-14,80.94,80.94,80.94,80.94,28.96,-
07-May-14,80.97,80.97,80.97,80.97,28.98,-
08-May-14,80.46,80.46,80.46,80.46,28.79,-
09-May-14,80.88,80.88,80.88,80.88,28.94,-
12-May-14,82.06,82.06,82.06,82.06,29.37,-
13-May-14,82.28,82.28,82.28,82.28,29.44,-
14-May-14,82.2,82.2,82.2,82.2,29.42,-
15-May-14,81.56,81.56,81.56,81.56,29.19,-
16-May-14,81.7,81.7,81.7,81.7,29.24,-
19-May-14,81.82,81.82,81.82,81.82,29.28,-
20-May-14,81.31,81.31,81.31,81.31,29.1,-
21-May-14,82.03,82.03,82.03,82.03,29.35,-
22-May-14,82.61,82.61,82.61,82.61,29.56,-
23-May-14,83.0,83.0,83.0,83.0,29.7,-
27-May-14,83.46,83.46,83.46,83.46,29.87,-
28-May-14,83.13,83.13,83.13,83.13,29.75,-
29-May-14,83.77,83.77,83.77,83.77,29.98,-
30-May-14,83.78,83.78,83.78,83.78,29.98,-
02-Jun-14,83.96,83.96,83.96,83.96,30.05,-
03-Jun-14,84.11,84.11,84.11,84.11,30.1,-
04-Jun-14,84.27,84.27,84.27,84.27,30.16,-
05-Jun-14,84.32,84.32,84.32,84.32,30.17,-
06-Jun-14,84.52,84.52,84.52,84.52,30.25,-
09-Jun-14,84.43,84.43,84.43,84.43,30.21,-
10-Jun-14,84.46,84.46,84.46,84.46,30.22,-
11-Jun-14,84.63,84.63,84.63,84.63,30.28,-
12-Jun-14,84.1,84.1,84.1,84.1,30.1,-
13-Jun-14,84.11,84.11,84.11,84.11,30.1,-
16-Jun-14,84.27,84.27,84.27,84.27,30.16,-
17-Jun-14,84.52,84.52,84.52,84.52,30.25,-
18-Jun-14,85.27,85.27,85.27,85.27,30.51,-
19-Jun-14,85.51,85.51,85.51,85.51,30.6,-
20-Jun-14,86.06,86.06,86.06,86.06,30.8,-
23-Jun-14,85.86,85.86,85.86,85.86,30.73,-
24-Jun-14,86.29,86.29,86.29,86.29,30.88,-
25-Jun-14,86.82,86.82,86.82,86.82,31.07,-
26-Jun-14,86.8,86.8,86.8,86.8,31.06,-
27-Jun-14,86.61,86.61,86.61,86.61,30.99,-
30-Jun-14,86.63,86.63,86.63,86.63,31.0,-
01-Jul-14,87.6,87.6,87.6,87.6,31.35,-
02-Jul-14,87.91,87.91,87.91,87.91,31.46,-
03-Jul-14,88.27,88.27,88.27,88.27,31.59,-
07-Jul-14,87.36,87.36,87.36,87.36,31.26,-
08-Jul-14,86.59,86.59,86.59,86.59,30.99,-
09-Jul-14,86.96,86.96,86.96,86.96,31.12,-
10-Jul-14,86.73,86.73,86.73,86.73,31.04,-
11-Jul-14,87.0,87.0,87.0,87.0,31.13,-
14-Jul-14,87.48,87.48,87.48,87.48,31.3,-
15-Jul-14,86.98,86.98,86.98,86.98,31.13,-
16-Jul-14,86.98,86.98,86.98,86.98,31.13,-
17-Jul-14,86.12,86.12,86.12,86.12,30.82,-
18-Jul-14,87.3,87.3,87.3,87.3,31.24,-
21-Jul-14,87.05,87.05,87.05,87.05,31.15,-
22-Jul-14,87.65,87.65,87.65,87.65,31.37,-
23-Jul-14,88.09,88.09,88.09,88.09,31.52,-
24-Jul-14,87.93,87.93,87.93,87.93,31.47,-
25-Jul-14,87.71,87.71,87.71,87.71,31.39,-
28-Jul-14,87.65,87.65,87.65,87.65,31.37,-
29-Jul-14,87.62,87.62,87.62,87.62,31.35,-
30-Jul-14,88.05,88.05,88.05,88.05,31.51,-
31-Jul-14,86.49,86.49,86.49,86.49,30.95,-
01-Aug-14,86.46,86.46,86.46,86.46,30.94,-
04-Aug-14,87.03,87.03,87.03,87.03,31.14,-
05-Aug-14,86.42,86.42,86.42,86.42,30.93,-
06-Aug-14,85.97,85.97,85.97,85.97,30.76,-
07-Aug-14,84.97,84.97,84.97,84.97,30.41,-
08-Aug-14,85.52,85.52,85.52,85.52,30.6,-
11-Aug-14,85.63,85.63,85.63,85.63,30.64,-
12-Aug-14,85.58,85.58,85.58,85.58,30.62,-
13-Aug-14,86.44,86.44,86.44,86.44,30.93,-
14-Aug-14,87.47,87.47,87.47,87.47,31.3,-
15-Aug-14,87.5,87.5,87.5,87.5,31.31,-
18-Aug-14,88.27,88.27,88.27,88.27,31.59,-
19-Aug-14,88.85,88.85,88.85,88.85,31.79,-
20-Aug-14,88.81,88.81,88.81,88.81,31.78,-
21-Aug-14,88.81,88.81,88.81,88.81,31.78,-
22-Aug-14,88.78,88.78,88.78,88.78,31.77,-
25-Aug-14,89.22,89.22,89.22,89.22,31.93,-
26-Aug-14,89.72,89.72,89.72,89.72,32.11,-
27-Aug-14,89.68,89.68,89.68,89.68,32.09,-
28-Aug-14,89.7,89.7,89.7,89.7,32.1,-
29-Aug-14,90.06,90.06,90.06,90.06,32.23,-
02-Sep-14,90.01,90.01,90.01,90.01,32.21,-
03-Sep-14,90.12,90.12,90.12,90.12,32.25,-
04-Sep-14,89.64,89.64,89.64,89.64,32.08,-
05-Sep-14,90.17,90.17,90.17,90.17,32.27,-
08-Sep-14,90.32,90.32,90.32,90.32,32.32,-
09-Sep-14,89.95,89.95,89.95,89.95,32.19,-
10-Sep-14,90.36,90.36,90.36,90.36,32.34,-
11-Sep-14,90.39,90.39,90.39,90.39,32.35,-
12-Sep-14,89.86,89.86,89.86,89.86,32.16,-
15-Sep-14,89.65,89.65,89.65,89.65,32.08,-
16-Sep-14,90.58,90.58,90.58,90.58,32.41,-
17-Sep-14,90.62,90.62,90.62,90.62,32.43,-
18-Sep-14,91.23,91.23,91.23,91.23,32.65,-
19-Sep-14,91.46,91.46,91.46,91.46,32.73,-
22-Sep-14,90.98,90.98,90.98,90.98,32.56,-
23-Sep-14,90.37,90.37,90.37,90.37,32.34,-
24-Sep-14,91.58,91.58,91.58,91.58,32.77,-
25-Sep-14,90.33,90.33,90.33,90.33,32.32,-
26-Sep-14,90.58,90.58,90.58,90.58,32.41,-
29-Sep-14,90.61,90.61,90.61,90.61,32.42,-
30-Sep-14,89.77,89.77,89.77,89.77,32.21,-
01-Oct-14,88.85,88.85,88.85,88.85,31.88,-
02-Oct-14,88.65,88.65,88.65,88.65,31.81,-
03-Oct-14,90.16,90.16,90.16,90.16,32.35,-
06-Oct-14,90.04,90.04,90.04,90.04,32.31,-
07-Oct-14,88.68,88.68,88.68,88.68,31.82,-
08-Oct-14,90.23,90.23,90.23,90.23,32.38,-
09-Oct-14,88.65,88.65,88.65,88.65,31.81,-
10-Oct-14,88.03,88.03,88.03,88.03,31.59,-
13-Oct-14,86.68,86.68,86.68,86.68,31.1,-
14-Oct-14,86.4,86.4,86.4,86.4,31.0,-
15-Oct-14,85.63,85.63,85.63,85.63,30.73,-
16-Oct-14,85.91,85.91,85.91,85.91,30.83,-
17-Oct-14,87.0,87.0,87.0,87.0,31.22,-
20-Oct-14,87.98,87.98,87.98,87.98,31.57,-
21-Oct-14,89.88,89.88,89.88,89.88,32.25,-
22-Oct-14,89.57,89.57,89.57,89.57,32.14,-
23-Oct-14,90.81,90.81,90.81,90.81,32.59,-
24-Oct-14,91.86,91.86,91.86,91.86,32.96,-
27-Oct-14,91.98,91.98,91.98,91.98,33.01,-
28-Oct-14,92.52,92.52,92.52,92.52,33.2,-
29-Oct-14,92.19,92.19,92.19,92.19,33.08,-
30-Oct-14,93.71,93.71,93.71,93.71,33.63,-
31-Oct-14,94.41,94.41,94.41,94.41,33.88,-
03-Nov-14,94.66,94.66,94.66,94.66,33.97,-
04-Nov-14,94.53,94.53,94.53,94.53,33.92,-
05-Nov-14,94.46,94.46,94.46,94.46,33.9,-
06-Nov-14,94.97,94.97,94.97,94.97,34.08,-
07-Nov-14,93.96,93.96,93.96,93.96,33.72,-
10-Nov-14,94.72,94.72,94.72,94.72,33.99,-
11-Nov-14,95.25,95.25,95.25,95.25,34.18,-
12-Nov-14,95.15,95.15,95.15,95.15,34.14,-
13-Nov-14,95.24,95.24,95.24,95.24,34.18,-
14-Nov-14,94.6,94.6,94.6,94.6,33.95,-
17-Nov-14,94.95,94.95,94.95,94.95,34.07,-
18-Nov-14,96.62,96.62,96.62,96.62,34.67,-
19-Nov-14,96.22,96.22,96.22,96.22,34.53,-
20-Nov-14,95.75,95.75,95.75,95.75,34.36,-
21-Nov-14,95.99,95.99,95.99,95.99,34.44,-
24-Nov-14,96.75,96.75,96.75,96.75,34.72,-
25-Nov-14,96.56,96.56,96.56,96.56,34.65,-
26-Nov-14,97.22,97.22,97.22,97.22,34.89,-
28-Nov-14,97.67,97.67,97.67,97.67,35.05,-
01-Dec-14,97.37,97.37,97.37,97.37,34.94,-
02-Dec-14,97.94,97.94,97.94,97.94,35.14,-
03-Dec-14,98.38,98.38,98.38,98.38,35.3,-
04-Dec-14,98.21,98.21,98.21,98.21,35.24,-
05-Dec-14,98.71,98.71,98.71,98.71,35.42,-
08-Dec-14,99.02,99.02,99.02,99.02,35.53,-
09-Dec-14,98.68,98.68,98.68,98.68,35.41,-
10-Dec-14,97.28,97.28,97.28,97.28,34.91,-
11-Dec-14,97.91,97.91,97.91,97.91,35.13,-
12-Dec-14,96.55,96.55,96.55,96.55,34.65,-
15-Dec-14,95.6,95.6,95.6,95.6,34.3,-
16-Dec-14,94.81,94.81,94.81,94.81,34.02,-
17-Dec-14,96.44,96.44,96.44,96.44,34.61,-
18-Dec-14,98.77,98.77,98.77,98.77,35.44,-
19-Dec-14,98.92,98.92,98.92,98.92,35.5,-
22-Dec-14,90.98,90.98,90.98,90.98,35.46,-
23-Dec-14,89.54,89.54,89.54,89.54,34.9,-
24-Dec-14,89.77,89.77,89.77,89.77,34.99,-
26-Dec-14,90.34,90.34,90.34,90.34,35.21,-
29-Dec-14,90.35,90.35,90.35,90.35,35.22,-
30-Dec-14,90.01,90.01,90.01,90.01,35.09,-
31-Dec-14,89.3,89.3,89.3,89.3,34.81,-
02-Jan-15,89.51,89.51,89.51,89.51,34.89,-
05-Jan-15,88.96,88.96,88.96,88.96,34.68,-
06-Jan-15,88.44,88.44,88.44,88.44,34.47,-
07-Jan-15,89.97,89.97,89.97,89.97,35.07,-
08-Jan-15,91.9,91.9,91.9,91.9,35.82,-
09-Jan-15,91.36,91.36,91.36,91.36,35.61,-
12-Jan-15,91.31,91.31,91.31,91.31,35.59,-
13-Jan-15,91.52,91.52,91.52,91.52,35.67,-
14-Jan-15,91.33,91.33,91.33,91.33,35.6,-
15-Jan-15,90.9,90.9,90.9,90.9,35.43,-
16-Jan-15,92.24,92.24,92.24,92.24,35.95,-
20-Jan-15,92.38,92.38,92.38,92.38,36.01,-
21-Jan-15,92.55,92.55,92.55,92.55,36.08,-
22-Jan-15,93.37,93.37,93.37,93.37,36.4,-
23-Jan-15,93.03,93.03,93.03,93.03,36.26,-
26-Jan-15,93.65,93.65,93.65,93.65,36.5,-
27-Jan-15,93.26,93.26,93.26,93.26,36.35,-
28-Jan-15,92.1,92.1,92.1,92.1,35.9,-
29-Jan-15,92.61,92.61,92.61,92.61,36.1,-
30-Jan-15,91.18,91.18,91.18,91.18,35.54,-
02-Feb-15,91.57,91.57,91.57,91.57,35.69,-
03-Feb-15,91.62,91.62,91.62,91.62,35.71,-
04-Feb-15,91.13,91.13,91.13,91.13,35.52,-
05-Feb-15,92.46,92.46,92.46,92.46,36.04,-
06-Feb-15,91.87,91.87,91.87,91.87,35.81,-
09-Feb-15,90.98,90.98,90.98,90.98,35.46,-
10-Feb-15,92.21,92.21,92.21,92.21,35.94,-
11-Feb-15,92.3,92.3,92.3,92.3,35.98,-
12-Feb-15,92.97,92.97,92.97,92.97,36.24,-
13-Feb-15,93.37,93.37,93.37,93.37,36.4,-
17-Feb-15,93.72,93.72,93.72,93.72,36.53,-
18-Feb-15,94.03,94.03,94.03,94.03,36.65,-
19-Feb-15,94.36,94.36,94.36,94.36,36.78,-
20-Feb-15,95.35,95.35,95.35,95.35,37.17,-
23-Feb-15,95.88,95.88,95.88,95.88,37.37,-
24-Feb-15,95.75,95.75,95.75,95.75,37.32,-
25-Feb-15,95.85,95.85,95.85,95.85,37.36,-
26-Feb-15,95.96,95.96,95.96,95.96,37.4,-
27-Feb-15,95.56,95.56,95.56,95.56,37.25,-
02-Mar-15,96.39,96.39,96.39,96.39,37.57,-
03-Mar-15,95.87,95.87,95.87,95.87,37.37,-
04-Mar-15,96.29,96.29,96.29,96.29,37.53,-
05-Mar-15,97.1,97.1,97.1,97.1,37.85,-
06-Mar-15,95.57,95.57,95.57,95.57,37.25,-
09-Mar-15,95.89,95.89,95.89,95.89,37.38,-
10-Mar-15,94.71,94.71,94.71,94.71,36.92,-
11-Mar-15,95.2,95.2,95.2,95.2,37.11,-
12-Mar-15,96.7,96.7,96.7,96.7,37.69,-
13-Mar-15,96.46,96.46,96.46,96.46,37.6,-
16-Mar-15,98.29,98.29,98.29,98.29,38.31,-
17-Mar-15,98.3,98.3,98.3,98.3,38.32,-
18-Mar-15,99.82,99.82,99.82,99.82,38.91,-
19-Mar-15,100.27,100.27,100.27,100.27,39.08,-
20-Mar-15,100.79,100.79,100.79,100.79,39.29,-
23-Mar-15,100.74,100.74,100.74,100.74,39.27,-
24-Mar-15,100.21,100.21,100.21,100.21,39.06,-
25-Mar-15,98.32,98.32,98.32,98.32,38.32,-
26-Mar-15,95.09,95.09,95.09,95.09,38.12,-
27-Mar-15,95.95,95.95,95.95,95.95,38.46,-
30-Mar-15,96.75,96.75,96.75,96.75,38.78,-
31-Mar-15,95.21,95.21,95.21,95.21,38.17,-
01-Apr-15,94.52,94.52,94.52,94.52,37.89,-
02-Apr-15,94.69,94.69,94.69,94.69,37.96,-
06-Apr-15,95.1,95.1,95.1,95.1,38.12,-
07-Apr-15,95.15,95.15,95.15,95.15,38.14,-
08-Apr-15,96.23,96.23,96.23,96.23,38.57,-
09-Apr-15,96.81,96.81,96.81,96.81,38.81,-
10-Apr-15,97.34,97.34,97.34,97.34,39.02,-
13-Apr-15,97.08,97.08,97.08,97.08,38.92,-
14-Apr-15,97.46,97.46,97.46,97.46,39.07,-
15-Apr-15,97.37,97.37,97.37,97.37,39.03,-
16-Apr-15,97.58,97.58,97.58,97.58,39.12,-
17-Apr-15,96.88,96.88,96.88,96.88,38.84,-
20-Apr-15,97.26,97.26,97.26,97.26,38.99,-
21-Apr-15,98.21,98.21,98.21,98.21,39.37,-
22-Apr-15,98.29,98.29,98.29,98.29,39.4,-
23-Apr-15,98.59,98.59,98.59,98.59,39.52,-
24-Apr-15,98.32,98.32,98.32,98.32,39.41,-
27-Apr-15,96.75,96.75,96.75,96.75,38.78,-
28-Apr-15,96.73,96.73,96.73,96.73,38.77,-
29-Apr-15,95.96,95.96,95.96,95.96,38.47,-
30-Apr-15,94.69,94.69,94.69,94.69,37.96,-
01-May-15,95.82,95.82,95.82,95.82,38.41,-
04-May-15,96.31,96.31,96.31,96.31,38.61,-
05-May-15,95.05,95.05,95.05,95.05,38.1,-
06-May-15,95.02,95.02,95.02,95.02,38.09,-
07-May-15,95.26,95.26,95.26,95.26,38.19,-
08-May-15,96.8,96.8,96.8,96.8,38.8,-
11-May-15,96.82,96.82,96.82,96.82,38.81,-
12-May-15,96.59,96.59,96.59,96.59,38.72,-
13-May-15,96.75,96.75,96.75,96.75,38.78,-
14-May-15,97.91,97.91,97.91,97.91,39.25,-
15-May-15,98.15,98.15,98.15,98.15,39.34,-
18-May-15,98.61,98.61,98.61,98.61,39.53,-
19-May-15,98.95,98.95,98.95,98.95,39.66,-
20-May-15,99.09,99.09,99.09,99.09,39.72,-
21-May-15,99.15,99.15,99.15,99.15,39.75,-
22-May-15,98.89,98.89,98.89,98.89,39.64,-
26-May-15,97.88,97.88,97.88,97.88,39.24,-
27-May-15,98.99,98.99,98.99,98.99,39.68,-
28-May-15,99.26,99.26,99.26,99.26,39.79,-
29-May-15,99.2,99.2,99.2,99.2,39.77,-
01-Jun-15,99.56,99.56,99.56,99.56,39.91,-
02-Jun-15,99.06,99.06,99.06,99.06,39.71,-
03-Jun-15,99.26,99.26,99.26,99.26,39.79,-
04-Jun-15,98.58,98.58,98.58,98.58,39.52,-
05-Jun-15,98.65,98.65,98.65,98.65,39.54,-
08-Jun-15,98.15,98.15,98.15,98.15,39.34,-
09-Jun-15,97.98,97.98,97.98,97.98,39.28,-
10-Jun-15,99.06,99.06,99.06,99.06,39.71,-
11-Jun-15,99.57,99.57,99.57,99.57,39.91,-
12-Jun-15,98.46,98.46,98.46,98.46,39.47,-
15-Jun-15,98.41,98.41,98.41,98.41,39.45,-
16-Jun-15,98.86,98.86,98.86,98.86,39.63,-
17-Jun-15,98.95,98.95,98.95,98.95,39.66,-
18-Jun-15,100.05,100.05,100.05,100.05,40.11,-
19-Jun-15,99.95,99.95,99.95,99.95,40.07,-
22-Jun-15,100.75,100.75,100.75,100.75,40.39,-
23-Jun-15,100.98,100.98,100.98,100.98,40.48,-
24-Jun-15,99.82,99.82,99.82,99.82,40.01,-
25-Jun-15,100.6,100.6,100.6,100.6,40.33,-
26-Jun-15,100.49,100.49,100.49,100.49,40.28,-
29-Jun-15,98.34,98.34,98.34,98.34,39.42,-
30-Jun-15,98.84,98.84,98.84,98.84,39.62,-
01-Jul-15,99.62,99.62,99.62,99.62,39.93,-
02-Jul-15,99.67,99.67,99.67,99.67,39.95,-
06-Jul-15,99.56,99.56,99.56,99.56,39.91,-
07-Jul-15,99.99,99.99,99.99,99.99,40.08,-
08-Jul-15,98.3,98.3,98.3,98.3,39.4,-
09-Jul-15,98.98,98.98,98.98,98.98,39.68,-
10-Jul-15,100.7,100.7,100.7,100.7,40.37,-
13-Jul-15,101.57,101.57,101.57,101.57,40.72,-
14-Jul-15,102.59,102.59,102.59,102.59,41.12,-
15-Jul-15,102.41,102.41,102.41,102.41,41.05,-
16-Jul-15,102.79,102.79,102.79,102.79,41.2,-
17-Jul-15,102.76,102.76,102.76,102.76,41.19,-
20-Jul-15,102.84,102.84,102.84,102.84,41.22,-
21-Jul-15,102.23,102.23,102.23,102.23,40.98,-
22-Jul-15,102.33,102.33,102.33,102.33,41.02,-
23-Jul-15,101.94,101.94,101.94,101.94,40.86,-
24-Jul-15,100.09,100.09,100.09,100.09,40.12,-
27-Jul-15,99.46,99.46,99.46,99.46,39.87,-
28-Jul-15,100.83,100.83,100.83,100.83,40.42,-
29-Jul-15,101.07,101.07,101.07,101.07,40.51,-
30-Jul-15,100.71,100.71,100.71,100.71,40.37,-
31-Jul-15,101.39,101.39,101.39,101.39,40.64,-
03-Aug-15,101.53,101.53,101.53,101.53,40.7,-
04-Aug-15,101.79,101.79,101.79,101.79,40.8,-
05-Aug-15,102.67,102.67,102.67,102.67,41.16,-
06-Aug-15,100.64,100.64,100.64,100.64,40.34,-
07-Aug-15,99.97,99.97,99.97,99.97,40.07,-
10-Aug-15,100.78,100.78,100.78,100.78,40.4,-
11-Aug-15,99.89,99.89,99.89,99.89,40.04,-
12-Aug-15,99.94,99.94,99.94,99.94,40.06,-
13-Aug-15,99.98,99.98,99.98,99.98,40.08,-
14-Aug-15,100.17,100.17,100.17,100.17,40.15,-
17-Aug-15,101.4,101.4,101.4,101.4,40.65,-
18-Aug-15,101.38,101.38,101.38,101.38,40.64,-
19-Aug-15,100.91,100.91,100.91,100.91,40.45,-
20-Aug-15,98.46,98.46,98.46,98.46,39.47,-
21-Aug-15,95.92,95.92,95.92,95.92,38.45,-
24-Aug-15,92.51,92.51,92.51,92.51,37.08,-
25-Aug-15,91.72,91.72,91.72,91.72,36.77,-
26-Aug-15,95.12,95.12,95.12,95.12,38.13,-
27-Aug-15,96.85,96.85,96.85,96.85,38.82,-
28-Aug-15,96.93,96.93,96.93,96.93,38.86,-
31-Aug-15,95.5,95.5,95.5,95.5,38.28,-
01-Sep-15,92.94,92.94,92.94,92.94,37.26,-
02-Sep-15,94.92,94.92,94.92,94.92,38.05,-
03-Sep-15,94.48,94.48,94.48,94.48,37.87,-
04-Sep-15,93.47,93.47,93.47,93.47,37.47,-
08-Sep-15,95.73,95.73,95.73,95.73,38.37,-
09-Sep-15,94.81,94.81,94.81,94.81,38.01,-
10-Sep-15,95.53,95.53,95.53,95.53,38.29,-
11-Sep-15,96.35,96.35,96.35,96.35,38.62,-
14-Sep-15,96.01,96.01,96.01,96.01,38.49,-
15-Sep-15,97.21,97.21,97.21,97.21,38.97,-
16-Sep-15,97.61,97.61,97.61,97.61,39.13,-
17-Sep-15,98.33,98.33,98.33,98.33,39.42,-
18-Sep-15,96.95,96.95,96.95,96.95,38.86,-
21-Sep-15,95.84,95.84,95.84,95.84,38.42,-
22-Sep-15,94.78,94.78,94.78,94.78,37.99,-
23-Sep-15,94.56,94.56,94.56,94.56,37.91,-
24-Sep-15,93.67,93.67,93.67,93.67,37.55,-
25-Sep-15,91.6,91.6,91.6,91.6,36.72,-
28-Sep-15,87.94,87.94,87.94,87.94,35.25,-
29-Sep-15,87.9,87.9,87.9,87.9,35.24,-
30-Sep-15,90.05,90.05,90.05,90.05,36.1,-
01-Oct-15,90.73,90.73,90.73,90.73,36.37,-
02-Oct-15,92.58,92.58,92.58,92.58,37.11,-
05-Oct-15,92.83,92.83,92.83,92.83,37.21,-
06-Oct-15,90.65,90.65,90.65,90.65,36.34,-
07-Oct-15,90.95,90.95,90.95,90.95,36.46,-
08-Oct-15,91.0,91.0,91.0,91.0,36.48,-
09-Oct-15,91.78,91.78,91.78,91.78,36.79,-
12-Oct-15,92.05,92.05,92.05,92.05,36.9,-
13-Oct-15,91.08,91.08,91.08,91.08,36.51,-
14-Oct-15,91.03,91.03,91.03,91.03,36.49,-
15-Oct-15,92.75,92.75,92.75,92.75,37.18,-
16-Oct-15,93.37,93.37,93.37,93.37,37.43,-
19-Oct-15,93.62,93.62,93.62,93.62,37.53,-
20-Oct-15,92.15,92.15,92.15,92.15,36.94,-
21-Oct-15,91.11,91.11,91.11,91.11,36.52,-
22-Oct-15,90.13,90.13,90.13,90.13,36.13,-
23-Oct-15,92.09,92.09,92.09,92.09,36.92,-
26-Oct-15,92.41,92.41,92.41,92.41,37.04,-
27-Oct-15,94.11,94.11,94.11,94.11,37.72,-
28-Oct-15,95.4,95.4,95.4,95.4,38.24,-
29-Oct-15,95.73,95.73,95.73,95.73,38.37,-
30-Oct-15,95.31,95.31,95.31,95.31,38.21,-
02-Nov-15,96.78,96.78,96.78,96.78,38.8,-
03-Nov-15,96.64,96.64,96.64,96.64,38.74,-
04-Nov-15,96.06,96.06,96.06,96.06,38.51,-
05-Nov-15,96.18,96.18,96.18,96.18,38.55,-
06-Nov-15,95.42,95.42,95.42,95.42,38.25,-
09-Nov-15,95.03,95.03,95.03,95.03,38.09,-
10-Nov-15,95.78,95.78,95.78,95.78,38.39,-
11-Nov-15,94.99,94.99,94.99,94.99,38.08,-
12-Nov-15,93.44,93.44,93.44,93.44,37.46,-
13-Nov-15,93.8,93.8,93.8,93.8,37.6,-
16-Nov-15,95.06,95.06,95.06,95.06,38.11,-
17-Nov-15,95.67,95.67,95.67,95.67,38.35,-
18-Nov-15,97.47,97.47,97.47,97.47,39.07,-
19-Nov-15,95.99,95.99,95.99,95.99,38.48,-
20-Nov-15,96.84,96.84,96.84,96.84,38.82,-
23-Nov-15,96.71,96.71,96.71,96.71,38.77,-
24-Nov-15,97.04,97.04,97.04,97.04,38.9,-
25-Nov-15,97.59,97.59,97.59,97.59,39.12,-
27-Nov-15,97.87,97.87,97.87,97.87,39.23,-
30-Nov-15,96.62,96.62,96.62,96.62,38.73,-
01-Dec-15,98.3,98.3,98.3,98.3,39.4,-
02-Dec-15,97.56,97.56,97.56,97.56,39.11,-
03-Dec-15,95.78,95.78,95.78,95.78,38.39,-
04-Dec-15,97.57,97.57,97.57,97.57,39.11,-
07-Dec-15,96.77,96.77,96.77,96.77,38.79,-
08-Dec-15,96.86,96.86,96.86,96.86,38.83,-
09-Dec-15,95.81,95.81,95.81,95.81,38.41,-
10-Dec-15,96.43,96.43,96.43,96.43,38.65,-
11-Dec-15,95.14,95.14,95.14,95.14,38.14,-
14-Dec-15,95.38,95.38,95.38,95.38,38.23,-
15-Dec-15,96.43,96.43,96.43,96.43,38.65,-
16-Dec-15,97.85,97.85,97.85,97.85,39.22,-
17-Dec-15,96.99,96.99,96.99,96.99,38.88,-
18-Dec-15,95.97,95.97,95.97,95.97,38.47,-
21-Dec-15,96.71,96.71,96.71,96.71,38.77,-
22-Dec-15,97.07,97.07,97.07,97.07,38.91,-
23-Dec-15,98.1,98.1,98.1,98.1,39.32,-
24-Dec-15,93.0,93.0,93.0,93.0,39.25,-
28-Dec-15,93.03,93.03,93.03,93.03,39.26,-
29-Dec-15,94.28,94.28,94.28,94.28,39.79,-
30-Dec-15,93.77,93.77,93.77,93.77,39.57,-
31-Dec-15,92.94,92.94,92.94,92.94,39.22,-
04-Jan-16,91.19,91.19,91.19,91.19,38.48,-
05-Jan-16,91.71,91.71,91.71,91.71,38.7,-
06-Jan-16,90.84,90.84,90.84,90.84,38.34,-
07-Jan-16,89.11,89.11,89.11,89.11,37.61,-
08-Jan-16,87.8,87.8,87.8,87.8,37.05,-
11-Jan-16,86.71,86.71,86.71,86.71,36.59,-
12-Jan-16,87.39,87.39,87.39,87.39,36.88,-
13-Jan-16,85.09,85.09,85.09,85.09,35.91,-
14-Jan-16,86.91,86.91,86.91,86.91,36.68,-
15-Jan-16,85.28,85.28,85.28,85.28,35.99,-
19-Jan-16,85.33,85.33,85.33,85.33,36.01,-
20-Jan-16,85.36,85.36,85.36,85.36,36.02,-
21-Jan-16,84.71,84.71,84.71,84.71,35.75,-
22-Jan-16,86.5,86.5,86.5,86.5,36.51,-
25-Jan-16,85.65,85.65,85.65,85.65,36.15,-
26-Jan-16,86.07,86.07,86.07,86.07,36.32,-
27-Jan-16,84.82,84.82,84.82,84.82,35.8,-
28-Jan-16,82.92,82.92,82.92,82.92,34.99,-
29-Jan-16,84.64,84.64,84.64,84.64,35.72,-
01-Feb-16,84.8,84.8,84.8,84.8,35.79,-
02-Feb-16,83.73,83.73,83.73,83.73,35.34,-
03-Feb-16,83.89,83.89,83.89,83.89,35.4,-
04-Feb-16,83.26,83.26,83.26,83.26,35.14,-
05-Feb-16,81.83,81.83,81.83,81.83,34.53,-
08-Feb-16,80.16,80.16,80.16,80.16,33.83,-
09-Feb-16,80.42,80.42,80.42,80.42,33.94,-
10-Feb-16,81.06,81.06,81.06,81.06,34.21,-
11-Feb-16,79.3,79.3,79.3,79.3,33.47,-
12-Feb-16,80.39,80.39,80.39,80.39,33.93,-
16-Feb-16,82.07,82.07,82.07,82.07,34.64,-
17-Feb-16,83.42,83.42,83.42,83.42,35.21,-
18-Feb-16,82.61,82.61,82.61,82.61,34.86,-
19-Feb-16,82.77,82.77,82.77,82.77,34.93,-
22-Feb-16,83.91,83.91,83.91,83.91,35.41,-
23-Feb-16,83.12,83.12,83.12,83.12,35.08,-
24-Feb-16,83.34,83.34,83.34,83.34,35.17,-
25-Feb-16,84.23,84.23,84.23,84.23,35.55,-
26-Feb-16,84.18,84.18,84.18,84.18,35.53,-
29-Feb-16,82.97,82.97,82.97,82.97,35.02,-
01-Mar-16,84.8,84.8,84.8,84.8,35.79,-
02-Mar-16,85.24,85.24,85.24,85.24,35.97,-
03-Mar-16,84.92,84.92,84.92,84.92,35.84,-
04-Mar-16,84.64,84.64,84.64,84.64,35.72,-
07-Mar-16,85.25,85.25,85.25,85.25,35.98,-
08-Mar-16,84.15,84.15,84.15,84.15,35.51,-
09-Mar-16,84.25,84.25,84.25,84.25,35.56,-
10-Mar-16,84.22,84.22,84.22,84.22,35.54,-
11-Mar-16,85.89,85.89,85.89,85.89,36.25,-
14-Mar-16,85.51,85.51,85.51,85.51,36.09,-
15-Mar-16,83.92,83.92,83.92,83.92,35.42,-
16-Mar-16,81.6,81.6,81.6,81.6,35.3,-
17-Mar-16,80.78,80.78,80.78,80.78,34.94,-
18-Mar-16,81.58,81.58,81.58,81.58,35.29,-
21-Mar-16,81.9,81.9,81.9,81.9,35.43,-
22-Mar-16,82.72,82.72,82.72,82.72,35.78,-
23-Mar-16,82.05,82.05,82.05,82.05,35.49,-
24-Mar-16,82.07,82.07,82.07,82.07,35.5,-
28-Mar-16,81.84,81.84,81.84,81.84,35.4,-
29-Mar-16,82.85,82.85,82.85,82.85,35.84,-
30-Mar-16,82.71,82.71,82.71,82.71,35.78,-
31-Mar-16,82.66,82.66,82.66,82.66,35.76,-
01-Apr-16,83.41,83.41,83.41,83.41,36.08,-
04-Apr-16,84.31,84.31,84.31,84.31,36.47,-
05-Apr-16,82.75,82.75,82.75,82.75,35.8,-
06-Apr-16,85.2,85.2,85.2,85.2,36.86,-
07-Apr-16,84.54,84.54,84.54,84.54,36.57,-
08-Apr-16,84.32,84.32,84.32,84.32,36.48,-
11-Apr-16,83.63,83.63,83.63,83.63,36.18,-
12-Apr-16,84.16,84.16,84.16,84.16,36.41,-
13-Apr-16,85.05,85.05,85.05,85.05,36.79,-
14-Apr-16,85.15,85.15,85.15,85.15,36.84,-
15-Apr-16,85.03,85.03,85.03,85.03,36.78,-
18-Apr-16,85.85,85.85,85.85,85.85,37.14,-
19-Apr-16,86.02,86.02,86.02,86.02,37.21,-
20-Apr-16,86.45,86.45,86.45,86.45,37.4,-
21-Apr-16,86.9,86.9,86.9,86.9,37.59,-
22-Apr-16,87.14,87.14,87.14,87.14,37.7,-
25-Apr-16,86.64,86.64,86.64,86.64,37.48,-
26-Apr-16,86.25,86.25,86.25,86.25,37.31,-
27-Apr-16,86.16,86.16,86.16,86.16,37.27,-
28-Apr-16,85.73,85.73,85.73,85.73,37.09,-
29-Apr-16,84.85,84.85,84.85,84.85,36.71,-
02-May-16,85.45,85.45,85.45,85.45,36.96,-
03-May-16,84.65,84.65,84.65,84.65,36.62,-
04-May-16,83.59,83.59,83.59,83.59,36.16,-
05-May-16,83.87,83.87,83.87,83.87,36.28,-
06-May-16,83.3,83.3,83.3,83.3,36.03,-
09-May-16,84.52,84.52,84.52,84.52,36.56,-
10-May-16,85.37,85.37,85.37,85.37,36.93,-
11-May-16,84.26,84.26,84.26,84.26,36.45,-
12-May-16,83.57,83.57,83.57,83.57,36.15,-
13-May-16,83.81,83.81,83.81,83.81,36.26,-
16-May-16,85.07,85.07,85.07,85.07,36.8,-
17-May-16,84.5,84.5,84.5,84.5,36.55,-
18-May-16,84.81,84.81,84.81,84.81,36.69,-
19-May-16,84.08,84.08,84.08,84.08,36.37,-
20-May-16,85.01,85.01,85.01,85.01,36.77,-
23-May-16,84.74,84.74,84.74,84.74,36.66,-
24-May-16,85.82,85.82,85.82,85.82,37.12,-
25-May-16,86.28,86.28,86.28,86.28,37.32,-
26-May-16,86.46,86.46,86.46,86.46,37.4,-
27-May-16,86.9,86.9,86.9,86.9,37.59,-
31-May-16,87.17,87.17,87.17,87.17,37.71,-
01-Jun-16,87.52,87.52,87.52,87.52,37.86,-
02-Jun-16,88.6,88.6,88.6,88.6,38.33,-
03-Jun-16,88.19,88.19,88.19,88.19,38.15,-
06-Jun-16,88.85,88.85,88.85,88.85,38.44,-
07-Jun-16,88.46,88.46,88.46,88.46,38.27,-
08-Jun-16,88.94,88.94,88.94,88.94,38.47,-
09-Jun-16,88.24,88.24,88.24,88.24,38.17,-
10-Jun-16,87.02,87.02,87.02,87.02,37.64,-
13-Jun-16,86.41,86.41,86.41,86.41,37.38,-
14-Jun-16,86.18,86.18,86.18,86.18,37.28,-
15-Jun-16,85.85,85.85,85.85,85.85,37.14,-
16-Jun-16,85.93,85.93,85.93,85.93,37.17,-
17-Jun-16,85.05,85.05,85.05,85.05,36.79,-
20-Jun-16,85.67,85.67,85.67,85.67,37.06,-
21-Jun-16,85.57,85.57,85.57,85.57,37.02,-
22-Jun-16,85.88,85.88,85.88,85.88,37.15,-
23-Jun-16,87.13,87.13,87.13,87.13,37.69,-
24-Jun-16,84.04,84.04,84.04,84.04,36.35,-
27-Jun-16,82.82,82.82,82.82,82.82,35.83,-
28-Jun-16,84.83,84.83,84.83,84.83,36.7,-
29-Jun-16,86.56,86.56,86.56,86.56,37.45,-
30-Jun-16,87.15,87.15,87.15,87.15,37.7,-
01-Jul-16,87.75,87.75,87.75,87.75,37.96,-
05-Jul-16,87.33,87.33,87.33,87.33,37.78,-
06-Jul-16,88.25,88.25,88.25,88.25,38.18,-
07-Jul-16,88.3,88.3,88.3,88.3,38.2,-
08-Jul-16,89.18,89.18,89.18,89.18,38.58,-
11-Jul-16,89.19,89.19,89.19,89.19,38.58,-
12-Jul-16,89.51,89.51,89.51,89.51,38.72,-
13-Jul-16,89.37,89.37,89.37,89.37,38.66,-
14-Jul-16,89.72,89.72,89.72,89.72,38.81,-
15-Jul-16,89.5,89.5,89.5,89.5,38.72,-
18-Jul-16,89.6,89.6,89.6,89.6,38.76,-
19-Jul-16,89.22,89.22,89.22,89.22,38.6,-
20-Jul-16,90.45,90.45,90.45,90.45,39.13,-
21-Jul-16,90.44,90.44,90.44,90.44,39.12,-
22-Jul-16,90.89,90.89,90.89,90.89,39.32,-
25-Jul-16,90.69,90.69,90.69,90.69,39.23,-
26-Jul-16,90.9,90.9,90.9,90.9,39.32,-
27-Jul-16,91.44,91.44,91.44,91.44,39.56,-
28-Jul-16,91.36,91.36,91.36,91.36,39.52,-
29-Jul-16,91.67,91.67,91.67,91.67,39.66,-
01-Aug-16,92.05,92.05,92.05,92.05,39.82,-
02-Aug-16,91.85,91.85,91.85,91.85,39.73,-
03-Aug-16,91.98,91.98,91.98,91.98,39.79,-
04-Aug-16,91.87,91.87,91.87,91.87,39.74,-
05-Aug-16,91.59,91.59,91.59,91.59,39.62,-
08-Aug-16,90.53,90.53,90.53,90.53,39.16,-
09-Aug-16,90.83,90.83,90.83,90.83,39.29,-
10-Aug-16,90.27,90.27,90.27,90.27,39.05,-
11-Aug-16,90.71,90.71,90.71,90.71,39.24,-
12-Aug-16,90.64,90.64,90.64,90.64,39.21,-
15-Aug-16,90.91,90.91,90.91,90.91,39.33,-
16-Aug-16,90.14,90.14,90.14,90.14,38.99,-
17-Aug-16,89.85,89.85,89.85,89.85,38.87,-
18-Aug-16,89.8,89.8,89.8,89.8,38.85,-
19-Aug-16,89.42,89.42,89.42,89.42,38.68,-
22-Aug-16,90.03,90.03,90.03,90.03,38.95,-
23-Aug-16,90.16,90.16,90.16,90.16,39.0,-
24-Aug-16,88.64,88.64,88.64,88.64,38.34,-
25-Aug-16,87.75,87.75,87.75,87.75,37.96,-
26-Aug-16,87.75,87.75,87.75,87.75,37.96,-
29-Aug-16,87.98,87.98,87.98,87.98,38.06,-
30-Aug-16,87.62,87.62,87.62,87.62,37.9,-
31-Aug-16,87.19,87.19,87.19,87.19,37.72,-
01-Sep-16,87.22,87.22,87.22,87.22,37.73,-
02-Sep-16,87.53,87.53,87.53,87.53,37.86,-
06-Sep-16,88.09,88.09,88.09,88.09,38.11,-
07-Sep-16,88.19,88.19,88.19,88.19,38.15,-
08-Sep-16,88.39,88.39,88.39,88.39,38.24,-
09-Sep-16,86.46,86.46,86.46,86.46,37.4,-
12-Sep-16,88.02,88.02,88.02,88.02,38.08,-
13-Sep-16,86.85,86.85,86.85,86.85,37.57,-
14-Sep-16,86.69,86.69,86.69,86.69,37.5,-
15-Sep-16,87.63,87.63,87.63,87.63,37.91,-
16-Sep-16,87.88,87.88,87.88,87.88,38.02,-
19-Sep-16,87.69,87.69,87.69,87.69,37.93,-
20-Sep-16,87.91,87.91,87.91,87.91,38.03,-
21-Sep-16,88.83,88.83,88.83,88.83,38.43,-
22-Sep-16,89.61,89.61,89.61,89.61,38.76,-
23-Sep-16,89.2,89.2,89.2,89.2,38.59,-
26-Sep-16,88.24,88.24,88.24,88.24,38.17,-
27-Sep-16,88.99,88.99,88.99,88.99,38.5,-
28-Sep-16,89.05,89.05,89.05,89.05,38.52,-
29-Sep-16,87.23,87.23,87.23,87.23,37.73,-
30-Sep-16,87.78,87.78,87.78,87.78,37.97,-
03-Oct-16,87.72,87.72,87.72,87.72,37.95,-
04-Oct-16,87.57,87.57,87.57,87.57,37.88,-
05-Oct-16,87.81,87.81,87.81,87.81,37.99,-
06-Oct-16,86.81,86.81,86.81,86.81,37.55,-
07-Oct-16,87.0,87.0,87.0,87.0,37.64,-
10-Oct-16,87.17,87.17,87.17,87.17,37.71,-
11-Oct-16,85.11,85.11,85.11,85.11,36.82,-
12-Oct-16,84.37,84.37,84.37,84.37,36.5,-
13-Oct-16,84.58,84.58,84.58,84.58,36.59,-
14-Oct-16,83.71,83.71,83.71,83.71,36.21,-
17-Oct-16,83.36,83.36,83.36,83.36,36.06,-
18-Oct-16,84.91,84.91,84.91,84.91,36.73,-
19-Oct-16,84.56,84.56,84.56,84.56,36.58,-
20-Oct-16,85.06,85.06,85.06,85.06,36.8,-
21-Oct-16,84.51,84.51,84.51,84.51,36.56,-
24-Oct-16,84.22,84.22,84.22,84.22,36.43,-
25-Oct-16,83.82,83.82,83.82,83.82,36.26,-
26-Oct-16,83.13,83.13,83.13,83.13,35.96,-
27-Oct-16,82.92,82.92,82.92,82.92,35.87,-
28-Oct-16,81.51,81.51,81.51,81.51,35.26,-
31-Oct-16,81.06,81.06,81.06,81.06,35.07,-
01-Nov-16,80.9,80.9,80.9,80.9,35.0,-
02-Nov-16,80.39,80.39,80.39,80.39,34.78,-
03-Nov-16,79.28,79.28,79.28,79.28,34.3,-
04-Nov-16,79.83,79.83,79.83,79.83,34.53,-
07-Nov-16,81.94,81.94,81.94,81.94,35.45,-
08-Nov-16,82.04,82.04,82.04,82.04,35.49,-
09-Nov-16,84.74,84.74,84.74,84.74,36.66,-
10-Nov-16,85.71,85.71,85.71,85.71,37.08,-
11-Nov-16,84.91,84.91,84.91,84.91,36.73,-
14-Nov-16,85.02,85.02,85.02,85.02,36.78,-
15-Nov-16,85.11,85.11,85.11,85.11,36.82,-
16-Nov-16,84.54,84.54,84.54,84.54,36.57,-
17-Nov-16,85.13,85.13,85.13,85.13,36.83,-
18-Nov-16,83.92,83.92,83.92,83.92,36.3,-
21-Nov-16,84.42,84.42,84.42,84.42,36.52,-
22-Nov-16,83.43,83.43,83.43,83.43,36.09,-
23-Nov-16,83.45,83.45,83.45,83.45,36.1,-
25-Nov-16,83.59,83.59,83.59,83.59,36.16,-
28-Nov-16,82.81,82.81,82.81,82.81,35.82,-
29-Nov-16,83.09,83.09,83.09,83.09,35.94,-
30-Nov-16,82.29,82.29,82.29,82.29,35.6,-
01-Dec-16,81.37,81.37,81.37,81.37,35.2,-
02-Dec-16,81.6,81.6,81.6,81.6,35.3,-
05-Dec-16,81.49,81.49,81.49,81.49,35.25,-
06-Dec-16,81.68,81.68,81.68,81.68,35.33,-
07-Dec-16,80.82,80.82,80.82,80.82,34.96,-
08-Dec-16,81.01,81.01,81.01,81.01,35.04,-
09-Dec-16,82.03,82.03,82.03,82.03,35.49,-
12-Dec-16,82.08,82.08,82.08,82.08,35.51,-
13-Dec-16,82.85,82.85,82.85,82.85,35.84,-
14-Dec-16,82.25,82.25,82.25,82.25,35.58,-
15-Dec-16,82.91,82.91,82.91,82.91,35.87,-
16-Dec-16,83.09,83.09,83.09,83.09,35.94,-
19-Dec-16,82.66,82.66,82.66,82.66,35.76,-
20-Dec-16,82.64,82.64,82.64,82.64,35.75,-
21-Dec-16,82.19,82.19,82.19,82.19,35.55,-
22-Dec-16,82.13,82.13,82.13,82.13,35.53,-
23-Dec-16,78.3,78.3,78.3,78.3,35.91,-
27-Dec-16,78.54,78.54,78.54,78.54,36.02,-
28-Dec-16,77.94,77.94,77.94,77.94,35.74,-
29-Dec-16,78.07,78.07,78.07,78.07,35.8,-
30-Dec-16,77.93,77.93,77.93,77.93,35.74,-
03-Jan-17,79.04,79.04,79.04,79.04,36.25,-
04-Jan-17,79.79,79.79,79.79,79.79,36.59,-
05-Jan-17,80.41,80.41,80.41,80.41,36.87,-
06-Jan-17,80.46,80.46,80.46,80.46,36.9,-
09-Jan-17,81.04,81.04,81.04,81.04,37.16,-
10-Jan-17,81.55,81.55,81.55,81.55,37.4,-
11-Jan-17,80.66,80.66,80.66,80.66,36.99,-
12-Jan-17,80.72,80.72,80.72,80.72,37.02,-
13-Jan-17,80.96,80.96,80.96,80.96,37.13,-
17-Jan-17,80.57,80.57,80.57,80.57,36.95,-
18-Jan-17,80.47,80.47,80.47,80.47,36.9,-
19-Jan-17,79.95,79.95,79.95,79.95,36.66,-
20-Jan-17,79.46,79.46,79.46,79.46,36.44,-
23-Jan-17,79.19,79.19,79.19,79.19,36.31,-
24-Jan-17,78.79,78.79,78.79,78.79,36.13,-
25-Jan-17,79.55,79.55,79.55,79.55,36.48,-
26-Jan-17,78.84,78.84,78.84,78.84,36.15,-
27-Jan-17,79.3,79.3,79.3,79.3,36.36,-
30-Jan-17,78.91,78.91,78.91,78.91,36.19,-
31-Jan-17,80.09,80.09,80.09,80.09,36.73,-
01-Feb-17,80.93,80.93,80.93,80.93,37.11,-
02-Feb-17,81.25,81.25,81.25,81.25,37.26,-
03-Feb-17,81.7,81.7,81.7,81.7,37.47,-
06-Feb-17,81.93,81.93,81.93,81.93,37.57,-
07-Feb-17,81.79,81.79,81.79,81.79,37.51,-
08-Feb-17,82.18,82.18,82.18,82.18,37.69,-
09-Feb-17,82.67,82.67,82.67,82.67,37.91,-
10-Feb-17,82.71,82.71,82.71,82.71,37.93,-
13-Feb-17,83.3,83.3,83.3,83.3,38.2,-
14-Feb-17,84.01,84.01,84.01,84.01,38.52,-
15-Feb-17,84.79,84.79,84.79,84.79,38.88,-
16-Feb-17,84.54,84.54,84.54,84.54,38.77,-
17-Feb-17,84.6,84.6,84.6,84.6,38.8,-
21-Feb-17,84.89,84.89,84.89,84.89,38.93,-
22-Feb-17,84.76,84.76,84.76,84.76,38.87,-
23-Feb-17,85.1,85.1,85.1,85.1,39.02,-
24-Feb-17,85.43,85.43,85.43,85.43,39.18,-
27-Feb-17,86.02,86.02,86.02,86.02,39.45,-
28-Feb-17,85.86,85.86,85.86,85.86,39.37,-
01-Mar-17,86.63,86.63,86.63,86.63,39.73,-
02-Mar-17,86.55,86.55,86.55,86.55,39.69,-
03-Mar-17,87.03,87.03,87.03,87.03,39.91,-
06-Mar-17,86.51,86.51,86.51,86.51,39.67,-
07-Mar-17,85.77,85.77,85.77,85.77,39.33,-
08-Mar-17,86.01,86.01,86.01,86.01,39.44,-
09-Mar-17,86.47,86.47,86.47,86.47,39.65,-
10-Mar-17,86.9,86.9,86.9,86.9,39.85,-
13-Mar-17,86.79,86.79,86.79,86.79,39.8,-
14-Mar-17,86.48,86.48,86.48,86.48,39.66,-
15-Mar-17,87.56,87.56,87.56,87.56,40.15,-
16-Mar-17,86.89,86.89,86.89,86.89,39.85,-
17-Mar-17,86.49,86.49,86.49,86.49,39.66,-
20-Mar-17,86.42,86.42,86.42,86.42,39.63,-
21-Mar-17,85.39,85.39,85.39,85.39,39.16,-
22-Mar-17,85.61,85.61,85.61,85.61,39.26,-
23-Mar-17,85.49,85.49,85.49,85.49,39.2,-
24-Mar-17,85.81,85.81,85.81,85.81,39.35,-
27-Mar-17,86.51,86.51,86.51,86.51,39.67,-
28-Mar-17,84.2,84.2,84.2,84.2,39.7,-
29-Mar-17,84.53,84.53,84.53,84.53,39.85,-
30-Mar-17,84.2,84.2,84.2,84.2,39.7,-
31-Mar-17,83.83,83.83,83.83,83.83,39.52,-
03-Apr-17,83.9,83.9,83.9,83.9,39.55,-
04-Apr-17,84.12,84.12,84.12,84.12,39.66,-
05-Apr-17,83.6,83.6,83.6,83.6,39.41,-
06-Apr-17,83.67,83.67,83.67,83.67,39.45,-
07-Apr-17,83.84,83.84,83.84,83.84,39.53,-
10-Apr-17,83.61,83.61,83.61,83.61,39.42,-
11-Apr-17,83.63,83.63,83.63,83.63,39.43,-
12-Apr-17,83.57,83.57,83.57,83.57,39.4,-
13-Apr-17,83.38,83.38,83.38,83.38,39.31,-
17-Apr-17,83.25,83.25,83.25,83.25,39.25,-
18-Apr-17,82.57,82.57,82.57,82.57,38.93,-
19-Apr-17,82.79,82.79,82.79,82.79,39.03,-
20-Apr-17,83.28,83.28,83.28,83.28,39.26,-
21-Apr-17,82.94,82.94,82.94,82.94,39.1,-
24-Apr-17,83.69,83.69,83.69,83.69,39.46,-
25-Apr-17,83.98,83.98,83.98,83.98,39.59,-
26-Apr-17,84.17,84.17,84.17,84.17,39.68,-
27-Apr-17,84.61,84.61,84.61,84.61,39.89,-
28-Apr-17,84.87,84.87,84.87,84.87,40.01,-
01-May-17,85.15,85.15,85.15,85.15,40.14,-
02-May-17,85.42,85.42,85.42,85.42,40.27,-
03-May-17,85.03,85.03,85.03,85.03,40.09,-
04-May-17,85.64,85.64,85.64,85.64,40.37,-
05-May-17,85.6,85.6,85.6,85.6,40.36,-
08-May-17,85.07,85.07,85.07,85.07,40.11,-
09-May-17,85.35,85.35,85.35,85.35,40.24,-
10-May-17,85.3,85.3,85.3,85.3,40.21,-
11-May-17,85.42,85.42,85.42,85.42,40.27,-
12-May-17,85.78,85.78,85.78,85.78,40.44,-
15-May-17,86.21,86.21,86.21,86.21,40.64,-
16-May-17,86.24,86.24,86.24,86.24,40.66,-
17-May-17,85.24,85.24,85.24,85.24,40.19,-
18-May-17,85.72,85.72,85.72,85.72,40.41,-
19-May-17,86.06,86.06,86.06,86.06,40.57,-
22-May-17,86.14,86.14,86.14,86.14,40.61,-
23-May-17,86.33,86.33,86.33,86.33,40.7,-
24-May-17,86.47,86.47,86.47,86.47,40.77,-
25-May-17,86.76,86.76,86.76,86.76,40.9,-
26-May-17,86.41,86.41,86.41,86.41,40.74,-
30-May-17,86.15,86.15,86.15,86.15,40.62,-
31-May-17,86.49,86.49,86.49,86.49,40.78,-
01-Jun-17,87.79,87.79,87.79,87.79,41.39,-
02-Jun-17,88.34,88.34,88.34,88.34,41.65,-
05-Jun-17,87.74,87.74,87.74,87.74,41.36,-
06-Jun-17,87.3,87.3,87.3,87.3,41.16,-
07-Jun-17,87.44,87.44,87.44,87.44,41.22,-
08-Jun-17,87.54,87.54,87.54,87.54,41.27,-
09-Jun-17,87.52,87.52,87.52,87.52,41.26,-
12-Jun-17,87.27,87.27,87.27,87.27,41.14,-
13-Jun-17,87.51,87.51,87.51,87.51,41.26,-
14-Jun-17,87.9,87.9,87.9,87.9,41.44,-
15-Jun-17,87.63,87.63,87.63,87.63,41.31,-
16-Jun-17,87.6,87.6,87.6,87.6,41.3,-
19-Jun-17,88.67,88.67,88.67,88.67,41.8,-
20-Jun-17,88.93,88.93,88.93,88.93,41.93,-
21-Jun-17,90.14,90.14,90.14,90.14,42.5,-
22-Jun-17,91.16,91.16,91.16,91.16,42.98,-
23-Jun-17,90.99,90.99,90.99,90.99,42.9,-
26-Jun-17,90.85,90.85,90.85,90.85,42.83,-
27-Jun-17,89.82,89.82,89.82,89.82,42.35,-
28-Jun-17,90.3,90.3,90.3,90.3,42.57,-
29-Jun-17,89.51,89.51,89.51,89.51,42.2,-
30-Jun-17,89.32,89.32,89.32,89.32,42.11,-
03-Jul-17,89.33,89.33,89.33,89.33,42.11,-
05-Jul-17,89.79,89.79,89.79,89.79,42.33,-
06-Jul-17,88.63,88.63,88.63,88.63,41.78,-
07-Jul-17,89.15,89.15,89.15,89.15,42.03,-
10-Jul-17,88.81,88.81,88.81,88.81,41.87,-
11-Jul-17,88.84,88.84,88.84,88.84,41.88,-
12-Jul-17,89.49,89.49,89.49,89.49,42.19,-
13-Jul-17,89.48,89.48,89.48,89.48,42.19,-
14-Jul-17,90.02,90.02,90.02,90.02,42.44,-
17-Jul-17,89.66,89.66,89.66,89.66,42.27,-
18-Jul-17,89.55,89.55,89.55,89.55,42.22,-
19-Jul-17,90.49,90.49,90.49,90.49,42.66,-
20-Jul-17,91.29,91.29,91.29,91.29,43.04,-
21-Jul-17,91.45,91.45,91.45,91.45,43.11,-
24-Jul-17,91.59,91.59,91.59,91.59,43.18,-
25-Jul-17,91.01,91.01,91.01,91.01,42.91,-
26-Jul-17,91.04,91.04,91.04,91.04,42.92,-
27-Jul-17,89.4,89.4,89.4,89.4,42.15,-
28-Jul-17,89.99,89.99,89.99,89.99,42.43,-
31-Jul-17,89.89,89.89,89.89,89.89,42.38,-
01-Aug-17,89.47,89.47,89.47,89.47,42.18,-
02-Aug-17,89.29,89.29,89.29,89.29,42.1,-
03-Aug-17,88.84,88.84,88.84,88.84,41.88,-
04-Aug-17,88.4,88.4,88.4,88.4,41.68,-
07-Aug-17,88.43,88.43,88.43,88.43,41.69,-
08-Aug-17,88.04,88.04,88.04,88.04,41.51,-
09-Aug-17,87.84,87.84,87.84,87.84,41.41,-
10-Aug-17,86.52,86.52,86.52,86.52,40.79,-
11-Aug-17,86.87,86.87,86.87,86.87,40.95,-
14-Aug-17,87.25,87.25,87.25,87.25,41.13,-
15-Aug-17,87.32,87.32,87.32,87.32,41.17,-
16-Aug-17,87.34,87.34,87.34,87.34,41.18,-
17-Aug-17,86.33,86.33,86.33,86.33,40.7,-
18-Aug-17,86.05,86.05,86.05,86.05,40.57,-
21-Aug-17,86.29,86.29,86.29,86.29,40.68,-
22-Aug-17,87.1,87.1,87.1,87.1,41.06,-
23-Aug-17,86.75,86.75,86.75,86.75,40.9,-
24-Aug-17,87.04,87.04,87.04,87.04,41.03,-
25-Aug-17,86.97,86.97,86.97,86.97,41.0,-
28-Aug-17,87.42,87.42,87.42,87.42,41.21,-
29-Aug-17,87.39,87.39,87.39,87.39,41.2,-
30-Aug-17,87.97,87.97,87.97,87.97,41.47,-
31-Aug-17,89.4,89.4,89.4,89.4,42.15,-
01-Sep-17,89.47,89.47,89.47,89.47,42.18,-
05-Sep-17,89.01,89.01,89.01,89.01,41.96,-
06-Sep-17,89.18,89.18,89.18,89.18,42.04,-
07-Sep-17,89.86,89.86,89.86,89.86,42.36,-
08-Sep-17,90.32,90.32,90.32,90.32,42.58,-
11-Sep-17,90.8,90.8,90.8,90.8,42.81,-
12-Sep-17,90.82,90.82,90.82,90.82,42.82,-
13-Sep-17,90.36,90.36,90.36,90.36,42.6,-
14-Sep-17,90.13,90.13,90.13,90.13,42.49,-
15-Sep-17,89.84,89.84,89.84,89.84,42.35,-
18-Sep-17,89.56,89.56,89.56,89.56,42.22,-
19-Sep-17,88.87,88.87,88.87,88.87,41.9,-
20-Sep-17,89.48,89.48,89.48,89.48,42.19,-
21-Sep-17,89.05,89.05,89.05,89.05,41.98,-
22-Sep-17,89.36,89.36,89.36,89.36,42.13,-
25-Sep-17,89.49,89.49,89.49,89.49,42.19,-
26-Sep-17,89.2,89.2,89.2,89.2,42.05,-
27-Sep-17,89.36,89.36,89.36,89.36,42.13,-
28-Sep-17,89.54,89.54,89.54,89.54,42.21,-
29-Sep-17,90.2,90.2,90.2,90.2,42.52,-
02-Oct-17,91.1,91.1,91.1,91.1,42.95,-
03-Oct-17,91.09,91.09,91.09,91.09,42.94,-
04-Oct-17,91.41,91.41,91.41,91.41,43.1,-
05-Oct-17,91.46,91.46,91.46,91.46,43.12,-
06-Oct-17,91.47,91.47,91.47,91.47,43.12,-
09-Oct-17,90.82,90.82,90.82,90.82,42.82,-
10-Oct-17,91.01,91.01,91.01,91.01,42.91,-
11-Oct-17,90.98,90.98,90.98,90.98,42.89,-
12-Oct-17,90.8,90.8,90.8,90.8,42.81,-
13-Oct-17,90.76,90.76,90.76,90.76,42.79,-
16-Oct-17,90.37,90.37,90.37,90.37,42.6,-
17-Oct-17,90.98,90.98,90.98,90.98,42.89,-
18-Oct-17,90.68,90.68,90.68,90.68,42.75,-
19-Oct-17,91.08,91.08,91.08,91.08,42.94,-
20-Oct-17,91.34,91.34,91.34,91.34,43.06,-
23-Oct-17,90.99,90.99,90.99,90.99,42.9,-
24-Oct-17,90.54,90.54,90.54,90.54,42.68,-
25-Oct-17,90.1,90.1,90.1,90.1,42.48,-
26-Oct-17,89.38,89.38,89.38,89.38,42.14,-
27-Oct-17,89.13,89.13,89.13,89.13,42.02,-
30-Oct-17,88.69,88.69,88.69,88.69,41.81,-
31-Oct-17,88.68,88.68,88.68,88.68,41.81,-
01-Nov-17,88.69,88.69,88.69,88.69,41.81,-
02-Nov-17,88.3,88.3,88.3,88.3,41.63,-
03-Nov-17,88.98,88.98,88.98,88.98,41.95,-
06-Nov-17,88.87,88.87,88.87,88.87,41.9,-
07-Nov-17,88.8,88.8,88.8,88.8,41.86,-
08-Nov-17,88.9,88.9,88.9,88.9,41.91,-
09-Nov-17,88.61,88.61,88.61,88.61,41.77,-
10-Nov-17,88.17,88.17,88.17,88.17,41.57,-
13-Nov-17,88.13,88.13,88.13,88.13,41.55,-
14-Nov-17,87.84,87.84,87.84,87.84,41.41,-
15-Nov-17,87.68,87.68,87.68,87.68,41.34,-
16-Nov-17,88.8,88.8,88.8,88.8,41.86,-
17-Nov-17,88.61,88.61,88.61,88.61,41.77,-
20-Nov-17,87.97,87.97,87.97,87.97,41.47,-
21-Nov-17,88.88,88.88,88.88,88.88,41.9,-
22-Nov-17,89.22,89.22,89.22,89.22,42.06,-
24-Nov-17,89.29,89.29,89.29,89.29,42.1,-
27-Nov-17,89.15,89.15,89.15,89.15,42.03,-
28-Nov-17,89.57,89.57,89.57,89.57,42.23,-
29-Nov-17,89.86,89.86,89.86,89.86,42.36,-
30-Nov-17,90.53,90.53,90.53,90.53,42.68,-
01-Dec-17,90.42,90.42,90.42,90.42,42.63,-
04-Dec-17,89.32,89.32,89.32,89.32,42.11,-
05-Dec-17,88.98,88.98,88.98,88.98,41.95,-
06-Dec-17,88.55,88.55,88.55,88.55,41.75,-
07-Dec-17,88.85,88.85,88.85,88.85,41.89,-
08-Dec-17,90.08,90.08,90.08,90.08,42.47,-
11-Dec-17,90.41,90.41,90.41,90.41,42.62,-
12-Dec-17,90.52,90.52,90.52,90.52,42.68,-
13-Dec-17,90.88,90.88,90.88,90.88,42.85,-
14-Dec-17,90.22,90.22,90.22,90.22,42.53,-
15-Dec-17,91.06,91.06,91.06,91.06,42.93,-
18-Dec-17,91.14,91.14,91.14,91.14,42.97,-
19-Dec-17,90.91,90.91,90.91,90.91,42.86,-
20-Dec-17,86.52,86.52,86.52,86.52,42.68,-
21-Dec-17,86.82,86.82,86.82,86.82,42.83,-
22-Dec-17,86.41,86.41,86.41,86.41,42.62,-
26-Dec-17,86.61,86.61,86.61,86.61,42.72,-
27-Dec-17,86.85,86.85,86.85,86.85,42.84,-
28-Dec-17,87.07,87.07,87.07,87.07,42.95,-
29-Dec-17,86.68,86.68,86.68,86.68,42.76,-
02-Jan-18,87.88,87.88,87.88,87.88,43.35,-
03-Jan-18,88.34,88.34,88.34,88.34,43.58,-
04-Jan-18,88.53,88.53,88.53,88.53,43.67,-
05-Jan-18,89.19,89.19,89.19,89.19,43.99,-
08-Jan-18,88.86,88.86,88.86,88.86,43.83,-
09-Jan-18,89.44,89.44,89.44,89.44,44.12,-
10-Jan-18,89.35,89.35,89.35,89.35,44.07,-
11-Jan-18,89.96,89.96,89.96,89.96,44.37,-
12-Jan-18,90.51,90.51,90.51,90.51,44.65,-
16-Jan-18,89.98,89.98,89.98,89.98,44.38,-
17-Jan-18,90.55,90.55,90.55,90.55,44.67,-
18-Jan-18,90.51,90.51,90.51,90.51,44.65,-
19-Jan-18,91.0,91.0,91.0,91.0,44.89,-
22-Jan-18,92.0,92.0,92.0,92.0,45.38,-
23-Jan-18,92.27,92.27,92.27,92.27,45.51,-
24-Jan-18,92.51,92.51,92.51,92.51,45.63,-
25-Jan-18,93.0,93.0,93.0,93.0,45.87,-
26-Jan-18,94.02,94.02,94.02,94.02,46.38,-
29-Jan-18,93.62,93.62,93.62,93.62,46.18,-
30-Jan-18,92.2,92.2,92.2,92.2,45.48,-
31-Jan-18,91.08,91.08,91.08,91.08,44.93,-
01-Feb-18,91.08,91.08,91.08,91.08,44.93,-
02-Feb-18,89.79,89.79,89.79,89.79,44.29,-
05-Feb-18,86.14,86.14,86.14,86.14,42.49,-
06-Feb-18,86.78,86.78,86.78,86.78,42.81,-
07-Feb-18,86.75,86.75,86.75,86.75,42.79,-
08-Feb-18,84.61,84.61,84.61,84.61,41.74,-
09-Feb-18,85.08,85.08,85.08,85.08,41.97,-
12-Feb-18,86.03,86.03,86.03,86.03,42.44,-
13-Feb-18,85.79,85.79,85.79,85.79,42.32,-
14-Feb-18,87.2,87.2,87.2,87.2,43.01,-
15-Feb-18,88.11,88.11,88.11,88.11,43.46,-
16-Feb-18,88.57,88.57,88.57,88.57,43.69,-
20-Feb-18,87.43,87.43,87.43,87.43,43.13,-
21-Feb-18,86.85,86.85,86.85,86.85,42.84,-
22-Feb-18,86.86,86.86,86.86,86.86,42.85,-
23-Feb-18,88.03,88.03,88.03,88.03,43.42,-
26-Feb-18,89.01,89.01,89.01,89.01,43.91,-
27-Feb-18,88.14,88.14,88.14,88.14,43.48,-
28-Feb-18,86.91,86.91,86.91,86.91,42.87,-
01-Mar-18,85.97,85.97,85.97,85.97,42.41,-
02-Mar-18,86.69,86.69,86.69,86.69,42.76,-
05-Mar-18,87.85,87.85,87.85,87.85,43.33,-
06-Mar-18,87.83,87.83,87.83,87.83,43.32,-
07-Mar-18,88.2,88.2,88.2,88.2,43.51,-
08-Mar-18,88.6,88.6,88.6,88.6,43.7,-
09-Mar-18,89.61,89.61,89.61,89.61,44.2,-
12-Mar-18,89.8,89.8,89.8,89.8,44.3,-
13-Mar-18,89.69,89.69,89.69,89.69,44.24,-
14-Mar-18,89.37,89.37,89.37,89.37,44.08,-
15-Mar-18,89.25,89.25,89.25,89.25,44.02,-
16-Mar-18,89.61,89.61,89.61,89.61,44.2,-
19-Mar-18,88.55,88.55,88.55,88.55,43.68,-
20-Mar-18,88.23,88.23,88.23,88.23,43.52,-
21-Mar-18,88.29,88.29,88.29,88.29,43.55,-
22-Mar-18,86.84,86.84,86.84,86.84,42.84,-
23-Mar-18,85.22,85.22,85.22,85.22,42.04,-
26-Mar-18,86.8,86.8,86.8,86.8,42.82,-
27-Mar-18,86.02,86.02,86.02,86.02,42.43,-
28-Mar-18,86.7,86.7,86.7,86.7,42.77,-
29-Mar-18,84.7,84.7,84.7,84.7,42.85,-
02-Apr-18,82.56,82.56,82.56,82.56,41.77,-
03-Apr-18,83.63,83.63,83.63,83.63,42.31,-
04-Apr-18,84.42,84.42,84.42,84.42,42.71,-
05-Apr-18,84.43,84.43,84.43,84.43,42.72,-
06-Apr-18,82.57,82.57,82.57,82.57,41.77,-
09-Apr-18,83.28,83.28,83.28,83.28,42.13,-
10-Apr-18,84.35,84.35,84.35,84.35,42.68,-
11-Apr-18,83.55,83.55,83.55,83.55,42.27,-
12-Apr-18,84.06,84.06,84.06,84.06,42.53,-
13-Apr-18,83.66,83.66,83.66,83.66,42.33,-
16-Apr-18,83.97,83.97,83.97,83.97,42.48,-
17-Apr-18,84.5,84.5,84.5,84.5,42.75,-
18-Apr-18,84.5,84.5,84.5,84.5,42.75,-
19-Apr-18,83.63,83.63,83.63,83.63,42.31,-
20-Apr-18,83.16,83.16,83.16,83.16,42.07,-
23-Apr-18,83.18,83.18,83.18,83.18,42.08,-
24-Apr-18,82.57,82.57,82.57,82.57,41.77,-
25-Apr-18,82.92,82.92,82.92,82.92,41.95,-
26-Apr-18,83.34,83.34,83.34,83.34,42.16,-
27-Apr-18,83.79,83.79,83.79,83.79,42.39,-
30-Apr-18,82.72,82.72,82.72,82.72,41.85,-
01-May-18,82.77,82.77,82.77,82.77,41.88,-
02-May-18,82.11,82.11,82.11,82.11,41.54,-
03-May-18,81.38,81.38,81.38,81.38,41.17,-
04-May-18,81.89,81.89,81.89,81.89,41.43,-
07-May-18,82.09,82.09,82.09,82.09,41.53,-
08-May-18,81.73,81.73,81.73,81.73,41.35,-
09-May-18,82.09,82.09,82.09,82.09,41.53,-
10-May-18,83.11,83.11,83.11,83.11,42.05,-
11-May-18,84.22,84.22,84.22,84.22,42.61,-
14-May-18,84.72,84.72,84.72,84.72,42.86,-
15-May-18,83.88,83.88,83.88,83.88,42.44,-
16-May-18,84.58,84.58,84.58,84.58,42.79,-
17-May-18,84.99,84.99,84.99,84.99,43.0,-
18-May-18,85.05,85.05,85.05,85.05,43.03,-
21-May-18,84.94,84.94,84.94,84.94,42.97,-
22-May-18,84.73,84.73,84.73,84.73,42.87,-
23-May-18,84.84,84.84,84.84,84.84,42.92,-
24-May-18,84.79,84.79,84.79,84.79,42.9,-
25-May-18,84.99,84.99,84.99,84.99,43.0,-
29-May-18,83.98,83.98,83.98,83.98,42.49,-
30-May-18,84.93,84.93,84.93,84.93,42.97,-
31-May-18,84.52,84.52,84.52,84.52,42.76,-
01-Jun-18,85.23,85.23,85.23,85.23,43.12,-
04-Jun-18,84.84,84.84,84.84,84.84,42.92,-
05-Jun-18,84.85,84.85,84.85,84.85,42.93,-
06-Jun-18,85.75,85.75,85.75,85.75,43.38,-
07-Jun-18,85.74,85.74,85.74,85.74,43.38,-
08-Jun-18,86.3,86.3,86.3,86.3,43.66,-
11-Jun-18,86.72,86.72,86.72,86.72,43.87,-
12-Jun-18,86.86,86.86,86.86,86.86,43.95,-
13-Jun-18,86.7,86.7,86.7,86.7,43.86,-
14-Jun-18,87.13,87.13,87.13,87.13,44.08,-
15-Jun-18,87.45,87.45,87.45,87.45,44.24,-
18-Jun-18,86.58,86.58,86.58,86.58,43.8,-
19-Jun-18,86.59,86.59,86.59,86.59,43.81,-
20-Jun-18,87.29,87.29,87.29,87.29,44.16,-
21-Jun-18,86.49,86.49,86.49,86.49,43.76,-
22-Jun-18,87.04,87.04,87.04,87.04,44.04,-
25-Jun-18,85.91,85.91,85.91,85.91,43.46,-
26-Jun-18,85.56,85.56,85.56,85.56,43.29,-
27-Jun-18,84.7,84.7,84.7,84.7,42.85,-
28-Jun-18,84.61,84.61,84.61,84.61,42.81,-
29-Jun-18,85.15,85.15,85.15,85.15,43.08,-
02-Jul-18,85.13,85.13,85.13,85.13,43.07,-
03-Jul-18,85.24,85.24,85.24,85.24,43.13,-
05-Jul-18,86.03,86.03,86.03,86.03,43.53,-
06-Jul-18,87.7,87.7,87.7,87.7,44.37,-
09-Jul-18,88.65,88.65,88.65,88.65,44.85,-
10-Jul-18,88.46,88.46,88.46,88.46,44.75,-
11-Jul-18,87.78,87.78,87.78,87.78,44.41,-
12-Jul-18,89.1,89.1,89.1,89.1,45.08,-
13-Jul-18,89.44,89.44,89.44,89.44,45.25,-
16-Jul-18,88.94,88.94,88.94,88.94,45.0,-
17-Jul-18,89.22,89.22,89.22,89.22,45.14,-
18-Jul-18,89.52,89.52,89.52,89.52,45.29,-
19-Jul-18,89.26,89.26,89.26,89.26,45.16,-
20-Jul-18,89.25,89.25,89.25,89.25,45.15,-
23-Jul-18,89.3,89.3,89.3,89.3,45.18,-
24-Jul-18,89.85,89.85,89.85,89.85,45.46,-
25-Jul-18,91.12,91.12,91.12,91.12,46.1,-
26-Jul-18,90.71,90.71,90.71,90.71,45.89,-
27-Jul-18,90.37,90.37,90.37,90.37,45.72,-
30-Jul-18,90.49,90.49,90.49,90.49,45.78,-
31-Jul-18,90.79,90.79,90.79,90.79,45.93,-
01-Aug-18,91.02,91.02,91.02,91.02,46.05,-
02-Aug-18,91.31,91.31,91.31,91.31,46.2,-
03-Aug-18,91.56,91.56,91.56,91.56,46.32,-
06-Aug-18,91.43,91.43,91.43,91.43,46.26,-
07-Aug-18,91.85,91.85,91.85,91.85,46.47,-
08-Aug-18,91.87,91.87,91.87,91.87,46.48,-
09-Aug-18,91.68,91.68,91.68,91.68,46.38,-
10-Aug-18,91.31,91.31,91.31,91.31,46.2,-
13-Aug-18,91.18,91.18,91.18,91.18,46.13,-
14-Aug-18,91.81,91.81,91.81,91.81,46.45,-
15-Aug-18,91.54,91.54,91.54,91.54,46.31,-
16-Aug-18,92.23,92.23,92.23,92.23,46.66,-
17-Aug-18,92.65,92.65,92.65,92.65,46.87,-
20-Aug-18,93.11,93.11,93.11,93.11,47.11,-
21-Aug-18,93.43,93.43,93.43,93.43,47.27,-
22-Aug-18,93.46,93.46,93.46,93.46,47.28,-
23-Aug-18,93.01,93.01,93.01,93.01,47.06,-
24-Aug-18,93.45,93.45,93.45,93.45,47.28,-
27-Aug-18,94.29,94.29,94.29,94.29,47.7,-
28-Aug-18,94.53,94.53,94.53,94.53,47.83,-
29-Aug-18,95.22,95.22,95.22,95.22,48.18,-
30-Aug-18,95.16,95.16,95.16,95.16,48.14,-
31-Aug-18,95.21,95.21,95.21,95.21,48.17,-
04-Sep-18,94.58,94.58,94.58,94.58,47.85,-
05-Sep-18,94.5,94.5,94.5,94.5,47.81,-
06-Sep-18,94.08,94.08,94.08,94.08,47.6,-
07-Sep-18,94.03,94.03,94.03,94.03,47.57,-
10-Sep-18,93.73,93.73,93.73,93.73,47.42,-
11-Sep-18,93.79,93.79,93.79,93.79,47.45,-
12-Sep-18,94.03,94.03,94.03,94.03,47.57,-
13-Sep-18,94.75,94.75,94.75,94.75,47.94,-
14-Sep-18,94.4,94.4,94.4,94.4,47.76,-
17-Sep-18,93.92,93.92,93.92,93.92,47.52,-
18-Sep-18,94.67,94.67,94.67,94.67,47.9,-
19-Sep-18,94.55,94.55,94.55,94.55,47.84,-
20-Sep-18,95.46,95.46,95.46,95.46,48.3,-
21-Sep-18,95.3,95.3,95.3,95.3,48.22,-
24-Sep-18,95.11,95.11,95.11,95.11,48.12,-
25-Sep-18,95.33,95.33,95.33,95.33,48.23,-
26-Sep-18,95.67,95.67,95.67,95.67,48.4,-
27-Sep-18,96.13,96.13,96.13,96.13,48.64,-
28-Sep-18,96.29,96.29,96.29,96.29,48.72,-
01-Oct-18,96.49,96.49,96.49,96.49,48.82,-
02-Oct-18,96.65,96.65,96.65,96.65,48.9,-
03-Oct-18,96.71,96.71,96.71,96.71,48.93,-
04-Oct-18,95.63,95.63,95.63,95.63,48.38,-
05-Oct-18,95.43,95.43,95.43,95.43,48.28,-
08-Oct-18,95.13,95.13,95.13,95.13,48.13,-
09-Oct-18,95.13,95.13,95.13,95.13,48.13,-
10-Oct-18,93.11,93.11,93.11,93.11,47.11,-
11-Oct-18,90.8,90.8,90.8,90.8,45.94,-
12-Oct-18,91.76,91.76,91.76,91.76,46.42,-
15-Oct-18,91.57,91.57,91.57,91.57,46.33,-
16-Oct-18,93.98,93.98,93.98,93.98,47.55,-
17-Oct-18,94.14,94.14,94.14,94.14,47.63,-
18-Oct-18,92.94,92.94,92.94,92.94,47.02,-
19-Oct-18,92.45,92.45,92.45,92.45,46.77,-
22-Oct-18,91.41,91.41,91.41,91.41,46.25,-
23-Oct-18,90.96,90.96,90.96,90.96,46.02,-
24-Oct-18,87.74,87.74,87.74,87.74,44.39,-
25-Oct-18,88.6,88.6,88.6,88.6,44.83,-
26-Oct-18,87.85,87.85,87.85,87.85,44.45,-
29-Oct-18,87.62,87.62,87.62,87.62,44.33,-
30-Oct-18,88.27,88.27,88.27,88.27,44.66,-
31-Oct-18,88.82,88.82,88.82,88.82,44.94,-
01-Nov-18,90.27,90.27,90.27,90.27,45.67,-
02-Nov-18,89.55,89.55,89.55,89.55,45.31,-
05-Nov-18,90.39,90.39,90.39,90.39,45.73,-
06-Nov-18,90.93,90.93,90.93,90.93,46.0,-
07-Nov-18,92.83,92.83,92.83,92.83,46.97,-
08-Nov-18,93.09,93.09,93.09,93.09,47.1,-
09-Nov-18,92.59,92.59,92.59,92.59,46.84,-
12-Nov-18,91.22,91.22,91.22,91.22,46.15,-
13-Nov-18,90.97,90.97,90.97,90.97,46.02,-
14-Nov-18,90.05,90.05,90.05,90.05,45.56,-
15-Nov-18,90.9,90.9,90.9,90.9,45.99,-
16-Nov-18,91.61,91.61,91.61,91.61,46.35,-
19-Nov-18,90.53,90.53,90.53,90.53,45.8,-
20-Nov-18,89.59,89.59,89.59,89.59,45.33,-
21-Nov-18,89.72,89.72,89.72,89.72,45.39,-
23-Nov-18,89.94,89.94,89.94,89.94,45.5,-
26-Nov-18,90.73,90.73,90.73,90.73,45.9,-
27-Nov-18,90.88,90.88,90.88,90.88,45.98,-
28-Nov-18,92.6,92.6,92.6,92.6,46.85,-
29-Nov-18,92.84,92.84,92.84,92.84,46.97,-
30-Nov-18,93.63,93.63,93.63,93.63,47.37,-
03-Dec-18,94.42,94.42,94.42,94.42,47.77,-
04-Dec-18,92.19,92.19,92.19,92.19,46.64,-
06-Dec-18,91.68,91.68,91.68,91.68,46.38,-
07-Dec-18,89.8,89.8,89.8,89.8,45.43,-
10-Dec-18,89.78,89.78,89.78,89.78,45.42,-
11-Dec-18,89.85,89.85,89.85,89.85,45.46,-
12-Dec-18,91.15,91.15,91.15,91.15,46.12,-
13-Dec-18,90.94,90.94,90.94,90.94,46.01,-
14-Dec-18,88.95,88.95,88.95,88.95,45.0,-
17-Dec-18,87.3,87.3,87.3,87.3,44.17,-
18-Dec-18,81.21,81.21,81.21,81.21,43.72,-
19-Dec-18,79.94,79.94,79.94,79.94,43.03,-
20-Dec-18,78.92,78.92,78.92,78.92,42.48,-
21-Dec-18,77.38,77.38,77.38,77.38,41.65,-
24-Dec-18,76.18,76.18,76.18,76.18,41.01,-
26-Dec-18,79.1,79.1,79.1,79.1,42.58,-
27-Dec-18,79.29,79.29,79.29,79.29,42.68,-
28-Dec-18,79.41,79.41,79.41,79.41,42.75,-
31-Dec-18,80.34,80.34,80.34,80.34,43.25,-
02-Jan-19,79.8,79.8,79.8,79.8,42.96,-
03-Jan-19,78.29,78.29,78.29,78.29,42.14,-
04-Jan-19,80.8,80.8,80.8,80.8,43.5,-
07-Jan-19,81.55,81.55,81.55,81.55,43.9,-
08-Jan-19,82.28,82.28,82.28,82.28,44.29,-
09-Jan-19,82.85,82.85,82.85,82.85,44.6,-
10-Jan-19,83.33,83.33,83.33,83.33,44.86,-
11-Jan-19,83.33,83.33,83.33,83.33,44.86,-
14-Jan-19,82.54,82.54,82.54,82.54,44.43,-
15-Jan-19,84.0,84.0,84.0,84.0,45.22,-
16-Jan-19,83.98,83.98,83.98,83.98,45.21,-
17-Jan-19,84.73,84.73,84.73,84.73,45.61,-
18-Jan-19,85.52,85.52,85.52,85.52,46.04,-
22-Jan-19,84.76,84.76,84.76,84.76,45.63,-
23-Jan-19,84.82,84.82,84.82,84.82,45.66,-
24-Jan-19,84.26,84.26,84.26,84.26,45.36,-
25-Jan-19,84.83,84.83,84.83,84.83,45.67,-
28-Jan-19,84.05,84.05,84.05,84.05,45.25,-
29-Jan-19,84.0,84.0,84.0,84.0,45.22,-
30-Jan-19,85.01,85.01,85.01,85.01,45.76,-
31-Jan-19,85.76,85.76,85.76,85.76,46.17,-
01-Feb-19,86.15,86.15,86.15,86.15,46.38,-
04-Feb-19,86.34,86.34,86.34,86.34,46.48,-
05-Feb-19,86.32,86.32,86.32,86.32,46.47,-
06-Feb-19,86.29,86.29,86.29,86.29,46.45,-
07-Feb-19,85.25,85.25,85.25,85.25,45.89,-
08-Feb-19,85.11,85.11,85.11,85.11,45.82,-
11-Feb-19,85.22,85.22,85.22,85.22,45.88,-
12-Feb-19,86.49,86.49,86.49,86.49,46.56,-
13-Feb-19,86.51,86.51,86.51,86.51,46.57,-
14-Feb-19,87.1,87.1,87.1,87.1,46.89,-
15-Feb-19,88.3,88.3,88.3,88.3,47.53,-
19-Feb-19,88.12,88.12,88.12,88.12,47.44,-
20-Feb-19,88.05,88.05,88.05,88.05,47.4,-
21-Feb-19,87.23,87.23,87.23,87.23,46.96,-
22-Feb-19,87.93,87.93,87.93,87.93,47.33,-
25-Feb-19,88.28,88.28,88.28,88.28,47.52,-
26-Feb-19,88.32,88.32,88.32,88.32,47.54,-
27-Feb-19,87.99,87.99,87.99,87.99,47.37,-
28-Feb-19,87.71,87.71,87.71,87.71,47.22,-
01-Mar-19,88.87,88.87,88.87,88.87,47.84,-
04-Mar-19,88.0,88.0,88.0,88.0,47.37,-
05-Mar-19,88.27,88.27,88.27,88.27,47.52,-
06-Mar-19,86.82,86.82,86.82,86.82,46.74,-
07-Mar-19,86.08,86.08,86.08,86.08,46.34,-
08-Mar-19,85.89,85.89,85.89,85.89,46.24,-
11-Mar-19,86.8,86.8,86.8,86.8,46.73,-
12-Mar-19,87.24,87.24,87.24,87.24,46.96,-
13-Mar-19,88.27,88.27,88.27,88.27,47.52,-
14-Mar-19,87.99,87.99,87.99,87.99,47.37,-
15-Mar-19,88.61,88.61,88.61,88.61,47.7,-
18-Mar-19,88.62,88.62,88.62,88.62,47.71,-
19-Mar-19,88.96,88.96,88.96,88.96,47.89,-
20-Mar-19,88.66,88.66,88.66,88.66,47.73,-
21-Mar-19,88.58,88.58,88.58,88.58,47.68,-
22-Mar-19,86.39,86.39,86.39,86.39,46.5,-
25-Mar-19,85.75,85.75,85.75,85.75,46.16,-
26-Mar-19,86.58,86.58,86.58,86.58,46.61,-
27-Mar-19,86.0,86.0,86.0,86.0,46.29,-
28-Mar-19,86.21,86.21,86.21,86.21,46.41,-
29-Mar-19,82.95,82.95,82.95,82.95,46.68,-
01-Apr-19,83.15,83.15,83.15,83.15,46.8,-
02-Apr-19,82.83,82.83,82.83,82.83,46.62,-
03-Apr-19,82.64,82.64,82.64,82.64,46.51,-
04-Apr-19,82.51,82.51,82.51,82.51,46.44,-
05-Apr-19,83.04,83.04,83.04,83.04,46.73,-
08-Apr-19,82.9,82.9,82.9,82.9,46.66,-
09-Apr-19,82.54,82.54,82.54,82.54,46.45,-
10-Apr-19,82.49,82.49,82.49,82.49,46.42,-
11-Apr-19,81.38,81.38,81.38,81.38,45.8,-
12-Apr-19,80.5,80.5,80.5,80.5,45.3,-
15-Apr-19,80.63,80.63,80.63,80.63,45.38,-
16-Apr-19,79.39,79.39,79.39,79.39,44.68,-
17-Apr-19,77.17,77.17,77.17,77.17,43.43,-
18-Apr-19,77.05,77.05,77.05,77.05,43.36,-
22-Apr-19,77.18,77.18,77.18,77.18,43.44,-
23-Apr-19,78.45,78.45,78.45,78.45,44.15,-
24-Apr-19,78.18,78.18,78.18,78.18,44.0,-
25-Apr-19,78.98,78.98,78.98,78.98,44.45,-
26-Apr-19,79.62,79.62,79.62,79.62,44.81,-
29-Apr-19,79.75,79.75,79.75,79.75,44.88,-
30-Apr-19,79.84,79.84,79.84,79.84,44.93,-
01-May-19,79.4,79.4,79.4,79.4,44.69,-
02-May-19,79.67,79.67,79.67,79.67,44.84,-
03-May-19,80.37,80.37,80.37,80.37,45.23,-
06-May-19,80.71,80.71,80.71,80.71,45.42,-
07-May-19,78.8,78.8,78.8,78.8,44.35,-
08-May-19,78.99,78.99,78.99,78.99,44.46,-
09-May-19,79.01,79.01,79.01,79.01,44.47,-
10-May-19,78.9,78.9,78.9,78.9,44.4,-
13-May-19,77.0,77.0,77.0,77.0,43.34,-
14-May-19,77.51,77.51,77.51,77.51,43.62,-
15-May-19,77.47,77.47,77.47,77.47,43.6,-
16-May-19,78.16,78.16,78.16,78.16,43.99,-
17-May-19,78.02,78.02,78.02,78.02,43.91,-
20-May-19,77.8,77.8,77.8,77.8,43.79,-
21-May-19,78.69,78.69,78.69,78.69,44.29,-
22-May-19,79.1,79.1,79.1,79.1,44.52,-
23-May-19,78.76,78.76,78.76,78.76,44.33,-
24-May-19,79.11,79.11,79.11,79.11,44.52,-
28-May-19,77.96,77.96,77.96,77.96,43.88,-
29-May-19,77.17,77.17,77.17,77.17,43.43,-
30-May-19,77.23,77.23,77.23,77.23,43.46,-
31-May-19,76.7,76.7,76.7,76.7,43.17,-
03-Jun-19,77.28,77.28,77.28,77.28,43.49,-
04-Jun-19,78.44,78.44,78.44,78.44,44.15,-
05-Jun-19,78.57,78.57,78.57,78.57,44.22,-
06-Jun-19,78.52,78.52,78.52,78.52,44.19,-
07-Jun-19,79.37,79.37,79.37,79.37,44.67,-
10-Jun-19,79.32,79.32,79.32,79.32,44.64,-
11-Jun-19,79.08,79.08,79.08,79.08,44.51,-
12-Jun-19,79.21,79.21,79.21,79.21,44.58,-
13-Jun-19,79.24,79.24,79.24,79.24,44.6,-
14-Jun-19,78.78,78.78,78.78,78.78,44.34,-
17-Jun-19,79.33,79.33,79.33,79.33,44.65,-
18-Jun-19,80.22,80.22,80.22,80.22,45.15,-
19-Jun-19,81.21,81.21,81.21,81.21,45.7,-
20-Jun-19,81.61,81.61,81.61,81.61,45.93,-
21-Jun-19,81.7,81.7,81.7,81.7,45.98,-
24-Jun-19,80.99,80.99,80.99,80.99,45.58,-
25-Jun-19,81.85,81.85,81.85,81.85,46.06,-
26-Jun-19,80.97,80.97,80.97,80.97,45.57,-
27-Jun-19,81.63,81.63,81.63,81.63,45.94,-
28-Jun-19,82.15,82.15,82.15,82.15,46.23,-
01-Jul-19,82.58,82.58,82.58,82.58,46.48,-
02-Jul-19,82.95,82.95,82.95,82.95,46.68,-
03-Jul-19,83.57,83.57,83.57,83.57,47.03,-
05-Jul-19,82.79,82.79,82.79,82.79,46.59,-
08-Jul-19,82.11,82.11,82.11,82.11,46.21,-
09-Jul-19,82.4,82.4,82.4,82.4,46.37,-
10-Jul-19,82.65,82.65,82.65,82.65,46.51,-
11-Jul-19,82.53,82.53,82.53,82.53,46.45,-
12-Jul-19,82.11,82.11,82.11,82.11,46.21,-
15-Jul-19,82.3,82.3,82.3,82.3,46.32,-
16-Jul-19,81.93,81.93,81.93,81.93,46.11,-
17-Jul-19,82.02,82.02,82.02,82.02,46.16,-
18-Jul-19,82.55,82.55,82.55,82.55,46.46,-
19-Jul-19,81.9,81.9,81.9,81.9,46.09,-
22-Jul-19,81.95,81.95,81.95,81.95,46.12,-
23-Jul-19,82.3,82.3,82.3,82.3,46.32,-
24-Jul-19,82.22,82.22,82.22,82.22,46.27,-
25-Jul-19,81.89,81.89,81.89,81.89,46.09,-
26-Jul-19,82.7,82.7,82.7,82.7,46.54,-
29-Jul-19,83.16,83.16,83.16,83.16,46.8,-
30-Jul-19,83.0,83.0,83.0,83.0,46.71,-
31-Jul-19,82.34,82.34,82.34,82.34,46.34,-
01-Aug-19,82.62,82.62,82.62,82.62,46.5,-
02-Aug-19,82.33,82.33,82.33,82.33,46.33,-
05-Aug-19,80.45,80.45,80.45,80.45,45.28,-
06-Aug-19,81.13,81.13,81.13,81.13,45.66,-
07-Aug-19,81.33,81.33,81.33,81.33,45.77,-
08-Aug-19,82.6,82.6,82.6,82.6,46.49,-
09-Aug-19,82.32,82.32,82.32,82.32,46.33,-
12-Aug-19,81.43,81.43,81.43,81.43,45.83,-
13-Aug-19,82.24,82.24,82.24,82.24,46.28,-
14-Aug-19,80.17,80.17,80.17,80.17,45.12,-
15-Aug-19,80.22,80.22,80.22,80.22,45.15,-
16-Aug-19,81.32,81.32,81.32,81.32,45.77,-
19-Aug-19,82.04,82.04,82.04,82.04,46.17,-
20-Aug-19,81.52,81.52,81.52,81.52,45.88,-
21-Aug-19,82.12,82.12,82.12,82.12,46.22,-
22-Aug-19,81.56,81.56,81.56,81.56,45.9,-
23-Aug-19,80.1,80.1,80.1,80.1,45.08,-
26-Aug-19,80.71,80.71,80.71,80.71,45.42,-
27-Aug-19,80.06,80.06,80.06,80.06,45.06,-
28-Aug-19,80.59,80.59,80.59,80.59,45.36,-
29-Aug-19,81.23,81.23,81.23,81.23,45.72,-
30-Aug-19,81.37,81.37,81.37,81.37,45.79,-
03-Sep-19,81.01,81.01,81.01,81.01,45.59,-
04-Sep-19,81.03,81.03,81.03,81.03,45.6,-
05-Sep-19,81.54,81.54,81.54,81.54,45.89,-
06-Sep-19,81.63,81.63,81.63,81.63,45.94,-
09-Sep-19,81.15,81.15,81.15,81.15,45.67,-
10-Sep-19,81.32,81.32,81.32,81.32,45.77,-
11-Sep-19,82.08,82.08,82.08,82.08,46.19,-
12-Sep-19,81.83,81.83,81.83,81.83,46.05,-
13-Sep-19,81.84,81.84,81.84,81.84,46.06,-
16-Sep-19,81.82,81.82,81.82,81.82,46.05,-
17-Sep-19,81.94,81.94,81.94,81.94,46.12,-
18-Sep-19,81.82,81.82,81.82,81.82,46.05,-
19-Sep-19,82.36,82.36,82.36,82.36,46.35,-
20-Sep-19,82.93,82.93,82.93,82.93,46.67,-
23-Sep-19,82.29,82.29,82.29,82.29,46.31,-
24-Sep-19,81.65,81.65,81.65,81.65,45.95,-
25-Sep-19,81.34,81.34,81.34,81.34,45.78,-
26-Sep-19,80.81,80.81,80.81,80.81,45.48,-
27-Sep-19,80.4,80.4,80.4,80.4,45.25,-
30-Sep-19,80.9,80.9,80.9,80.9,45.53,-
01-Oct-19,79.77,79.77,79.77,79.77,44.89,-
02-Oct-19,78.38,78.38,78.38,78.38,44.11,-
03-Oct-19,79.12,79.12,79.12,79.12,44.53,-
04-Oct-19,80.07,80.07,80.07,80.07,45.06,-
07-Oct-19,79.93,79.93,79.93,79.93,44.98,-
08-Oct-19,78.64,78.64,78.64,78.64,44.26,-
09-Oct-19,79.28,79.28,79.28,79.28,44.62,-
10-Oct-19,79.51,79.51,79.51,79.51,44.75,-
11-Oct-19,80.23,80.23,80.23,80.23,45.15,-
14-Oct-19,80.09,80.09,80.09,80.09,45.07,-
15-Oct-19,81.51,81.51,81.51,81.51,45.87,-
16-Oct-19,81.34,81.34,81.34,81.34,45.78,-
17-Oct-19,82.15,82.15,82.15,82.15,46.23,-
18-Oct-19,82.15,82.15,82.15,82.15,46.23,-
21-Oct-19,82.22,82.22,82.22,82.22,46.27,-
22-Oct-19,82.78,82.78,82.78,82.78,46.59,-
23-Oct-19,83.44,83.44,83.44,83.44,46.96,-
24-Oct-19,83.87,83.87,83.87,83.87,47.2,-
25-Oct-19,84.58,84.58,84.58,84.58,47.6,-
28-Oct-19,85.37,85.37,85.37,85.37,48.05,-
29-Oct-19,86.1,86.1,86.1,86.1,48.46,-
30-Oct-19,86.73,86.73,86.73,86.73,48.81,-
31-Oct-19,86.39,86.39,86.39,86.39,48.62,-
01-Nov-19,86.79,86.79,86.79,86.79,48.84,-
04-Nov-19,86.77,86.77,86.77,86.77,48.83,-
05-Nov-19,85.99,85.99,85.99,85.99,48.39,-
06-Nov-19,86.11,86.11,86.11,86.11,48.46,-
07-Nov-19,86.32,86.32,86.32,86.32,48.58,-
08-Nov-19,87.18,87.18,87.18,87.18,49.06,-
11-Nov-19,86.83,86.83,86.83,86.83,48.87,-
12-Nov-19,87.26,87.26,87.26,87.26,49.11,-
13-Nov-19,87.39,87.39,87.39,87.39,49.18,-
14-Nov-19,87.05,87.05,87.05,87.05,48.99,-
15-Nov-19,88.68,88.68,88.68,88.68,49.91,-
18-Nov-19,88.85,88.85,88.85,88.85,50.0,-
19-Nov-19,89.52,89.52,89.52,89.52,50.38,-
20-Nov-19,89.71,89.71,89.71,89.71,50.49,-
21-Nov-19,89.96,89.96,89.96,89.96,50.63,-
22-Nov-19,90.18,90.18,90.18,90.18,50.75,-
25-Nov-19,91.78,91.78,91.78,91.78,51.65,-
26-Nov-19,91.56,91.56,91.56,91.56,51.53,-
27-Nov-19,92.06,92.06,92.06,92.06,51.81,-
29-Nov-19,91.8,91.8,91.8,91.8,51.66,-
02-Dec-19,91.44,91.44,91.44,91.44,51.46,-
03-Dec-19,91.36,91.36,91.36,91.36,51.42,-
04-Dec-19,92.01,92.01,92.01,92.01,51.78,-
05-Dec-19,92.05,92.05,92.05,92.05,51.81,-
06-Dec-19,92.71,92.71,92.71,92.71,52.18,-
09-Dec-19,92.19,92.19,92.19,92.19,51.88,-
10-Dec-19,92.54,92.54,92.54,92.54,52.08,-
11-Dec-19,92.39,92.39,92.39,92.39,52.0,-
12-Dec-19,93.02,93.02,93.02,93.02,52.35,-
13-Dec-19,93.05,93.05,93.05,93.05,52.37,-
16-Dec-19,93.91,93.91,93.91,93.91,52.85,-
17-Dec-19,87.01,87.01,87.01,87.01,52.71,-
18-Dec-19,87.0,87.0,87.0,87.0,52.71,-
19-Dec-19,87.54,87.54,87.54,87.54,53.03,-
20-Dec-19,87.89,87.89,87.89,87.89,53.25,-
23-Dec-19,88.16,88.16,88.16,88.16,53.41,-
24-Dec-19,88.28,88.28,88.28,88.28,53.48,-
26-Dec-19,88.25,88.25,88.25,88.25,53.46,-
27-Dec-19,88.21,88.21,88.21,88.21,53.44,-
30-Dec-19,87.54,87.54,87.54,87.54,53.03,-
31-Dec-19,87.8,87.8,87.8,87.8,53.19,-
02-Jan-20,87.85,87.85,87.85,87.85,53.22,-
03-Jan-20,87.03,87.03,87.03,87.03,52.72,-
06-Jan-20,87.47,87.47,87.47,87.47,52.99,-
07-Jan-20,87.41,87.41,87.41,87.41,52.95,-
08-Jan-20,87.9,87.9,87.9,87.9,53.25,-
09-Jan-20,88.37,88.37,88.37,88.37,53.54,-
10-Jan-20,88.57,88.57,88.57,88.57,53.66,-
13-Jan-20,88.19,88.19,88.19,88.19,53.43,-
14-Jan-20,89.03,89.03,89.03,89.03,53.94,-
15-Jan-20,89.72,89.72,89.72,89.72,54.35,-
16-Jan-20,90.13,90.13,90.13,90.13,54.6,-
17-Jan-20,90.15,90.15,90.15,90.15,54.61,-
21-Jan-20,90.07,90.07,90.07,90.07,54.57,-
22-Jan-20,90.24,90.24,90.24,90.24,54.67,-
23-Jan-20,90.02,90.02,90.02,90.02,54.54,-
24-Jan-20,88.74,88.74,88.74,88.74,53.76,-
27-Jan-20,87.64,87.64,87.64,87.64,53.09,-
28-Jan-20,88.27,88.27,88.27,88.27,53.48,-
29-Jan-20,87.99,87.99,87.99,87.99,53.31,-
30-Jan-20,87.38,87.38,87.38,87.38,52.94,-
31-Jan-20,86.26,86.26,86.26,86.26,52.26,-
03-Feb-20,87.19,87.19,87.19,87.19,52.82,-
04-Feb-20,88.82,88.82,88.82,88.82,53.81,-
05-Feb-20,90.89,90.89,90.89,90.89,55.06,-
06-Feb-20,91.16,91.16,91.16,91.16,55.23,-
07-Feb-20,90.47,90.47,90.47,90.47,54.81,-
10-Feb-20,90.99,90.99,90.99,90.99,55.12,-
11-Feb-20,91.41,91.41,91.41,91.41,55.38,-
12-Feb-20,91.61,91.61,91.61,91.61,55.5,-
13-Feb-20,91.07,91.07,91.07,91.07,55.17,-
14-Feb-20,90.74,90.74,90.74,90.74,54.97,-
18-Feb-20,90.58,90.58,90.58,90.58,54.88,-
19-Feb-20,91.11,91.11,91.11,91.11,55.2,-
20-Feb-20,90.78,90.78,90.78,90.78,55.0,-
21-Feb-20,90.79,90.79,90.79,90.79,55.0,-
24-Feb-20,87.46,87.46,87.46,87.46,52.99,-
25-Feb-20,85.39,85.39,85.39,85.39,51.73,-
26-Feb-20,85.25,85.25,85.25,85.25,51.65,-
27-Feb-20,82.46,82.46,82.46,82.46,49.96,-
28-Feb-20,81.62,81.62,81.62,81.62,49.45,-
02-Mar-20,84.46,84.46,84.46,84.46,51.17,-
03-Mar-20,82.8,82.8,82.8,82.8,50.16,-
04-Mar-20,86.97,86.97,86.97,86.97,52.69,-
05-Mar-20,85.38,85.38,85.38,85.38,51.73,-
06-Mar-20,84.38,84.38,84.38,84.38,51.12,-
09-Mar-20,80.22,80.22,80.22,80.22,48.6,-
10-Mar-20,82.47,82.47,82.47,82.47,49.96,-
11-Mar-20,79.33,79.33,79.33,79.33,48.06,-
12-Mar-20,73.16,73.16,73.16,73.16,44.32,-
13-Mar-20,77.34,77.34,77.34,77.34,46.85,-
16-Mar-20,70.01,70.01,70.01,70.01,42.41,-
17-Mar-20,73.5,73.5,73.5,73.5,44.53,-
18-Mar-20,70.4,70.4,70.4,70.4,42.65,-
19-Mar-20,70.9,70.9,70.9,70.9,42.95,-
20-Mar-20,68.79,68.79,68.79,68.79,41.67,-
23-Mar-20,66.72,66.72,66.72,66.72,40.42,-
24-Mar-20,70.84,70.84,70.84,70.84,42.92,-
25-Mar-20,72.22,72.22,72.22,72.22,43.75,-
26-Mar-20,76.44,76.44,76.44,76.44,46.31,-
27-Mar-20,73.22,73.22,73.22,73.22,45.62,-
30-Mar-20,76.02,76.02,76.02,76.02,47.36,-
31-Mar-20,75.98,75.98,75.98,75.98,47.34,-
01-Apr-20,73.19,73.19,73.19,73.19,45.6,-
02-Apr-20,74.61,74.61,74.61,74.61,46.48,-
03-Apr-20,74.04,74.04,74.04,74.04,46.13,-
06-Apr-20,77.72,77.72,77.72,77.72,48.42,-
07-Apr-20,77.05,77.05,77.05,77.05,48.0,-
08-Apr-20,79.75,79.75,79.75,79.75,49.69,-
09-Apr-20,80.64,80.64,80.64,80.64,50.24,-
13-Apr-20,80.32,80.32,80.32,80.32,50.04,-
14-Apr-20,82.86,82.86,82.86,82.86,51.62,-
15-Apr-20,82.18,82.18,82.18,82.18,51.2,-
16-Apr-20,83.71,83.71,83.71,83.71,52.15,-
17-Apr-20,85.65,85.65,85.65,85.65,53.36,-
20-Apr-20,85.28,85.28,85.28,85.28,53.13,-
21-Apr-20,83.09,83.09,83.09,83.09,51.77,-
22-Apr-20,84.02,84.02,84.02,84.02,52.35,-
23-Apr-20,84.06,84.06,84.06,84.06,52.37,-
24-Apr-20,85.45,85.45,85.45,85.45,53.24,-
27-Apr-20,86.27,86.27,86.27,86.27,53.75,-
28-Apr-20,84.99,84.99,84.99,84.99,52.95,-
29-Apr-20,85.19,85.19,85.19,85.19,53.08,-
30-Apr-20,84.63,84.63,84.63,84.63,52.73,-
01-May-20,82.99,82.99,82.99,82.99,51.7,-
04-May-20,83.58,83.58,83.58,83.58,52.07,-
05-May-20,85.25,85.25,85.25,85.25,53.11,-
06-May-20,84.75,84.75,84.75,84.75,52.8,-
07-May-20,84.96,84.96,84.96,84.96,52.93,-
08-May-20,85.46,85.46,85.46,85.46,53.24,-
11-May-20,86.49,86.49,86.49,86.49,53.88,-
12-May-20,85.58,85.58,85.58,85.58,53.32,-
13-May-20,85.01,85.01,85.01,85.01,52.96,-
14-May-20,85.26,85.26,85.26,85.26,53.12,-
15-May-20,85.63,85.63,85.63,85.63,53.35,-
18-May-20,86.95,86.95,86.95,86.95,54.17,-
19-May-20,85.93,85.93,85.93,85.93,53.54,-
20-May-20,86.85,86.85,86.85,86.85,54.11,-
21-May-20,86.28,86.28,86.28,86.28,53.75,-
22-May-20,86.45,86.45,86.45,86.45,53.86,-
26-May-20,86.59,86.59,86.59,86.59,53.95,-
27-May-20,87.15,87.15,87.15,87.15,54.3,-
28-May-20,88.36,88.36,88.36,88.36,55.05,-
29-May-20,89.57,89.57,89.57,89.57,55.8,-
01-Jun-20,89.07,89.07,89.07,89.07,55.49,-
02-Jun-20,89.38,89.38,89.38,89.38,55.69,-
03-Jun-20,89.11,89.11,89.11,89.11,55.52,-
04-Jun-20,88.11,88.11,88.11,88.11,54.89,-
05-Jun-20,89.07,89.07,89.07,89.07,55.49,-
08-Jun-20,89.5,89.5,89.5,89.5,55.76,-
09-Jun-20,88.81,88.81,88.81,88.81,55.33,-
10-Jun-20,88.71,88.71,88.71,88.71,55.27,-
11-Jun-20,84.51,84.51,84.51,84.51,52.65,-
12-Jun-20,84.91,84.91,84.91,84.91,52.9,-
15-Jun-20,85.62,85.62,85.62,85.62,53.34,-
16-Jun-20,87.66,87.66,87.66,87.66,54.61,-
17-Jun-20,87.97,87.97,87.97,87.97,54.81,-
18-Jun-20,87.62,87.62,87.62,87.62,54.59,-
19-Jun-20,88.53,88.53,88.53,88.53,55.16,-
22-Jun-20,88.93,88.93,88.93,88.93,55.41,-
23-Jun-20,89.4,89.4,89.4,89.4,55.7,-
24-Jun-20,87.02,87.02,87.02,87.02,54.22,-
25-Jun-20,88.26,88.26,88.26,88.26,54.99,-
26-Jun-20,86.93,86.93,86.93,86.93,54.16,-
29-Jun-20,87.47,87.47,87.47,87.47,54.5,-
30-Jun-20,88.27,88.27,88.27,88.27,54.99,-
01-Jul-20,88.58,88.58,88.58,88.58,55.19,-
02-Jul-20,89.12,89.12,89.12,89.12,55.52,-
06-Jul-20,90.13,90.13,90.13,90.13,56.15,-
07-Jul-20,89.53,89.53,89.53,89.53,55.78,-
08-Jul-20,89.87,89.87,89.87,89.87,55.99,-
09-Jul-20,89.21,89.21,89.21,89.21,55.58,-
10-Jul-20,88.93,88.93,88.93,88.93,55.41,-
13-Jul-20,88.76,88.76,88.76,88.76,55.3,-
14-Jul-20,90.21,90.21,90.21,90.21,56.2,-
15-Jul-20,91.79,91.79,91.79,91.79,57.19,-
16-Jul-20,91.04,91.04,91.04,91.04,56.72,-
17-Jul-20,92.59,92.59,92.59,92.59,57.69,-
20-Jul-20,92.88,92.88,92.88,92.88,57.87,-
21-Jul-20,92.53,92.53,92.53,92.53,57.65,-
22-Jul-20,93.12,93.12,93.12,93.12,58.02,-
23-Jul-20,92.6,92.6,92.6,92.6,57.69,-
24-Jul-20,91.56,91.56,91.56,91.56,57.04,-
27-Jul-20,92.56,92.56,92.56,92.56,57.67,-
28-Jul-20,92.49,92.49,92.49,92.49,57.62,-
29-Jul-20,93.41,93.41,93.41,93.41,58.2,-
30-Jul-20,92.9,92.9,92.9,92.9,57.88,-
31-Jul-20,91.53,91.53,91.53,91.53,57.02,-
03-Aug-20,92.64,92.64,92.64,92.64,57.72,-
04-Aug-20,92.27,92.27,92.27,92.27,57.49,-
05-Aug-20,92.55,92.55,92.55,92.55,57.66,-
06-Aug-20,92.31,92.31,92.31,92.31,57.51,-
07-Aug-20,92.62,92.62,92.62,92.62,57.7,-
10-Aug-20,92.14,92.14,92.14,92.14,57.41,-
11-Aug-20,92.09,92.09,92.09,92.09,57.37,-
12-Aug-20,93.14,93.14,93.14,93.14,58.03,-
13-Aug-20,93.26,93.26,93.26,93.26,58.1,-
14-Aug-20,93.0,93.0,93.0,93.0,57.94,-
17-Aug-20,93.68,93.68,93.68,93.68,58.36,-
18-Aug-20,93.53,93.53,93.53,93.53,58.27,-
19-Aug-20,93.11,93.11,93.11,93.11,58.01,-
20-Aug-20,92.91,92.91,92.91,92.91,57.88,-
21-Aug-20,92.57,92.57,92.57,92.57,57.67,-
24-Aug-20,92.43,92.43,92.43,92.43,57.59,-
25-Aug-20,92.82,92.82,92.82,92.82,57.83,-
26-Aug-20,92.55,92.55,92.55,92.55,57.66,-
27-Aug-20,92.86,92.86,92.86,92.86,57.85,-
28-Aug-20,92.88,92.88,92.88,92.88,57.87,-
31-Aug-20,93.3,93.3,93.3,93.3,58.13,-
01-Sep-20,92.49,92.49,92.49,92.49,57.62,-
02-Sep-20,93.89,93.89,93.89,93.89,58.5,-
03-Sep-20,91.59,91.59,91.59,91.59,57.06,-
04-Sep-20,90.94,90.94,90.94,90.94,56.66,-
08-Sep-20,89.95,89.95,89.95,89.95,56.04,-
09-Sep-20,91.09,91.09,91.09,91.09,56.75,-
10-Sep-20,89.85,89.85,89.85,89.85,55.98,-
11-Sep-20,90.39,90.39,90.39,90.39,56.31,-
14-Sep-20,91.9,91.9,91.9,91.9,57.26,-
15-Sep-20,92.27,92.27,92.27,92.27,57.49,-
16-Sep-20,92.36,92.36,92.36,92.36,57.54,-
17-Sep-20,92.53,92.53,92.53,92.53,57.65,-
18-Sep-20,92.2,92.2,92.2,92.2,57.44,-
21-Sep-20,90.47,90.47,90.47,90.47,56.36,-
22-Sep-20,90.35,90.35,90.35,90.35,56.29,-
23-Sep-20,89.59,89.59,89.59,89.59,55.82,-
24-Sep-20,88.85,88.85,88.85,88.85,55.36,-
25-Sep-20,90.26,90.26,90.26,90.26,56.23,-
28-Sep-20,91.0,91.0,91.0,91.0,56.69,-
29-Sep-20,90.99,90.99,90.99,90.99,56.69,-
30-Sep-20,91.91,91.91,91.91,91.91,57.26,-
01-Oct-20,91.95,91.95,91.95,91.95,57.29,-
02-Oct-20,91.18,91.18,91.18,91.18,56.81,-
05-Oct-20,93.07,93.07,93.07,93.07,57.98,-
06-Oct-20,91.97,91.97,91.97,91.97,57.3,-
07-Oct-20,93.15,93.15,93.15,93.15,58.03,-
08-Oct-20,94.06,94.06,94.06,94.06,58.6,-
09-Oct-20,94.81,94.81,94.81,94.81,59.07,-
12-Oct-20,95.31,95.31,95.31,95.31,59.38,-
13-Oct-20,94.55,94.55,94.55,94.55,58.91,-
14-Oct-20,93.91,93.91,93.91,93.91,58.51,-
15-Oct-20,92.79,92.79,92.79,92.79,57.81,-
16-Oct-20,93.44,93.44,93.44,93.44,58.21,-
19-Oct-20,92.24,92.24,92.24,92.24,57.47,-
20-Oct-20,92.29,92.29,92.29,92.29,57.5,-
21-Oct-20,91.64,91.64,91.64,91.64,57.09,-
22-Oct-20,92.17,92.17,92.17,92.17,57.42,-
23-Oct-20,92.4,92.4,92.4,92.4,57.57,-
26-Oct-20,91.52,91.52,91.52,91.52,57.02,-
27-Oct-20,90.84,90.84,90.84,90.84,56.6,-
28-Oct-20,88.28,88.28,88.28,88.28,55.0,-
29-Oct-20,87.95,87.95,87.95,87.95,54.79,-
30-Oct-20,87.47,87.47,87.47,87.47,54.5,-
02-Nov-20,88.8,88.8,88.8,88.8,55.32,-
03-Nov-20,90.41,90.41,90.41,90.41,56.33,-
04-Nov-20,94.97,94.97,94.97,94.97,59.17,-
05-Nov-20,95.73,95.73,95.73,95.73,59.64,-
06-Nov-20,95.04,95.04,95.04,95.04,59.21,-
09-Nov-20,94.41,94.41,94.41,94.41,58.82,-
10-Nov-20,94.63,94.63,94.63,94.63,58.96,-
11-Nov-20,94.92,94.92,94.92,94.92,59.14,-
12-Nov-20,94.41,94.41,94.41,94.41,58.82,-
13-Nov-20,95.59,95.59,95.59,95.59,59.55,-
16-Nov-20,95.26,95.26,95.26,95.26,59.35,-
17-Nov-20,94.61,94.61,94.61,94.61,58.94,-
18-Nov-20,93.13,93.13,93.13,93.13,58.02,-
19-Nov-20,93.33,93.33,93.33,93.33,58.15,-
20-Nov-20,93.25,93.25,93.25,93.25,58.1,-
23-Nov-20,92.92,92.92,92.92,92.92,57.89,-
24-Nov-20,93.21,93.21,93.21,93.21,58.07,-
25-Nov-20,92.87,92.87,92.87,92.87,57.86,-
27-Nov-20,93.95,93.95,93.95,93.95,58.53,-
30-Nov-20,93.85,93.85,93.85,93.85,58.47,-
01-Dec-20,94.49,94.49,94.49,94.49,58.87,-
02-Dec-20,94.81,94.81,94.81,94.81,59.07,-
03-Dec-20,94.44,94.44,94.44,94.44,58.84,-
04-Dec-20,95.25,95.25,95.25,95.25,59.34,-
07-Dec-20,94.88,94.88,94.88,94.88,59.11,-
08-Dec-20,95.22,95.22,95.22,95.22,59.32,-
09-Dec-20,94.64,94.64,94.64,94.64,58.96,-
10-Dec-20,94.92,94.92,94.92,94.92,59.14,-
11-Dec-20,94.6,94.6,94.6,94.6,58.94,-
14-Dec-20,94.18,94.18,94.18,94.18,58.68,-
15-Dec-20,95.12,95.12,95.12,95.12,59.26,-
16-Dec-20,95.14,95.14,95.14,95.14,59.27,-
17-Dec-20,95.92,95.92,95.92,95.92,59.76,-
18-Dec-20,90.63,90.63,90.63,90.63,59.69,-
21-Dec-20,89.85,89.85,89.85,89.85,59.18,-
22-Dec-20,89.64,89.64,89.64,89.64,59.04,-
23-Dec-20,89.93,89.93,89.93,89.93,59.23,-
24-Dec-20,89.92,89.92,89.92,89.92,59.23,-
28-Dec-20,90.05,90.05,90.05,90.05,59.31,-
29-Dec-20,90.49,90.49,90.49,90.49,59.6,-
30-Dec-20,90.5,90.5,90.5,90.5,59.61,-
31-Dec-20,90.95,90.95,90.95,90.95,59.9,-
04-Jan-21,90.64,90.64,90.64,90.64,59.7,-
05-Jan-21,90.91,90.91,90.91,90.91,59.88,-
06-Jan-21,91.61,91.61,91.61,91.61,60.34,-
07-Jan-21,92.74,92.74,92.74,92.74,61.08,-
08-Jan-21,93.46,93.46,93.46,93.46,61.56,-
11-Jan-21,94.18,94.18,94.18,94.18,62.03,-
12-Jan-21,93.81,93.81,93.81,93.81,61.79,-
13-Jan-21,94.03,94.03,94.03,94.03,61.93,-
14-Jan-21,93.98,93.98,93.98,93.98,61.9,-
15-Jan-21,94.11,94.11,94.11,94.11,61.99,-
19-Jan-21,94.89,94.89,94.89,94.89,62.5,-
20-Jan-21,95.23,95.23,95.23,95.23,62.72,-
21-Jan-21,95.01,95.01,95.01,95.01,62.58,-
22-Jan-21,95.13,95.13,95.13,95.13,62.66,-
25-Jan-21,96.02,96.02,96.02,96.02,63.24,-
26-Jan-21,95.24,95.24,95.24,95.24,62.73,-
27-Jan-21,92.31,92.31,92.31,92.31,60.8,-
28-Jan-21,92.87,92.87,92.87,92.87,61.17,-
29-Jan-21,92.17,92.17,92.17,92.17,60.71,-
01-Feb-21,92.75,92.75,92.75,92.75,61.09,-
02-Feb-21,92.88,92.88,92.88,92.88,61.18,-
03-Feb-21,92.53,92.53,92.53,92.53,60.94,-
04-Feb-21,92.89,92.89,92.89,92.89,61.18,-
05-Feb-21,93.19,93.19,93.19,93.19,61.38,-
08-Feb-21,93.61,93.61,93.61,93.61,61.66,-
09-Feb-21,93.88,93.88,93.88,93.88,61.83,-
10-Feb-21,93.68,93.68,93.68,93.68,61.7,-
11-Feb-21,93.72,93.72,93.72,93.72,61.73,-
12-Feb-21,93.98,93.98,93.98,93.98,61.9,-
16-Feb-21,93.02,93.02,93.02,93.02,61.27,-
17-Feb-21,93.01,93.01,93.01,93.01,61.26,-
18-Feb-21,92.3,92.3,92.3,92.3,60.79,-
19-Feb-21,91.92,91.92,91.92,91.92,60.54,-
22-Feb-21,90.98,90.98,90.98,90.98,59.92,-
23-Feb-21,90.77,90.77,90.77,90.77,59.79,-
24-Feb-21,91.13,91.13,91.13,91.13,60.02,-
25-Feb-21,90.14,90.14,90.14,90.14,59.37,-
26-Feb-21,89.3,89.3,89.3,89.3,58.82,-
01-Mar-21,90.37,90.37,90.37,90.37,59.52,-
02-Mar-21,90.0,90.0,90.0,90.0,59.28,-
03-Mar-21,88.75,88.75,88.75,88.75,58.46,-
04-Mar-21,87.48,87.48,87.48,87.48,57.62,-
05-Mar-21,89.03,89.03,89.03,89.03,58.64,-
08-Mar-21,88.78,88.78,88.78,88.78,58.48,-
09-Mar-21,89.62,89.62,89.62,89.62,59.03,-
10-Mar-21,89.74,89.74,89.74,89.74,59.11,-
11-Mar-21,90.38,90.38,90.38,90.38,59.53,-
12-Mar-21,90.53,90.53,90.53,90.53,59.63,-
15-Mar-21,90.8,90.8,90.8,90.8,59.81,-
16-Mar-21,90.79,90.79,90.79,90.79,59.8,-
17-Mar-21,90.8,90.8,90.8,90.8,59.81,-
18-Mar-21,90.19,90.19,90.19,90.19,59.4,-
19-Mar-21,90.58,90.58,90.58,90.58,59.66,-
22-Mar-21,91.27,91.27,91.27,91.27,60.12,-
23-Mar-21,89.7,89.7,89.7,89.7,59.08,-
24-Mar-21,88.99,88.99,88.99,88.99,58.61,-
25-Mar-21,89.8,89.8,89.8,89.8,59.15,-
26-Mar-21,89.68,89.68,89.68,89.68,60.01,-
29-Mar-21,89.66,89.66,89.66,89.66,59.99,-
30-Mar-21,89.08,89.08,89.08,89.08,59.61,-
31-Mar-21,89.3,89.3,89.3,89.3,59.75,-
01-Apr-21,89.36,89.36,89.36,89.36,59.79,-
05-Apr-21,89.97,89.97,89.97,89.97,60.2,-
06-Apr-21,89.37,89.37,89.37,89.37,59.8,-
07-Apr-21,88.78,88.78,88.78,88.78,59.41,-
08-Apr-21,88.9,88.9,88.9,88.9,59.49,-
09-Apr-21,89.64,89.64,89.64,89.64,59.98,-
12-Apr-21,89.17,89.17,89.17,89.17,59.67,-
13-Apr-21,89.62,89.62,89.62,89.62,59.97,-
14-Apr-21,90.01,90.01,90.01,90.01,60.23,-
15-Apr-21,91.57,91.57,91.57,91.57,61.27,-
16-Apr-21,92.08,92.08,92.08,92.08,61.61,-
19-Apr-21,92.13,92.13,92.13,92.13,61.65,-
20-Apr-21,92.24,92.24,92.24,92.24,61.72,-
21-Apr-21,93.31,93.31,93.31,93.31,62.44,-
22-Apr-21,93.16,93.16,93.16,93.16,62.34,-
23-Apr-21,93.62,93.62,93.62,93.62,62.64,-
26-Apr-21,93.66,93.66,93.66,93.66,62.67,-
27-Apr-21,92.82,92.82,92.82,92.82,62.11,-
28-Apr-21,92.79,92.79,92.79,92.79,62.09,-
29-Apr-21,92.43,92.43,92.43,92.43,61.85,-
30-Apr-21,92.38,92.38,92.38,92.38,61.81,-
03-May-21,93.07,93.07,93.07,93.07,62.28,-
04-May-21,92.44,92.44,92.44,92.44,61.85,-
05-May-21,92.56,92.56,92.56,92.56,61.93,-
06-May-21,92.87,92.87,92.87,92.87,62.14,-
07-May-21,93.54,93.54,93.54,93.54,62.59,-
10-May-21,93.57,93.57,93.57,93.57,62.61,-
11-May-21,92.78,92.78,92.78,92.78,62.08,-
12-May-21,92.05,92.05,92.05,92.05,61.59,-
13-May-21,92.77,92.77,92.77,92.77,62.07,-
14-May-21,93.45,93.45,93.45,93.45,62.53,-
17-May-21,93.49,93.49,93.49,93.49,62.56,-
18-May-21,93.52,93.52,93.52,93.52,62.58,-
19-May-21,93.29,93.29,93.29,93.29,62.42,-
20-May-21,94.46,94.46,94.46,94.46,63.21,-
21-May-21,94.56,94.56,94.56,94.56,63.27,-
24-May-21,94.51,94.51,94.51,94.51,63.24,-
25-May-21,94.37,94.37,94.37,94.37,63.15,-
26-May-21,94.19,94.19,94.19,94.19,63.03,-
27-May-21,94.42,94.42,94.42,94.42,63.18,-
28-May-21,94.69,94.69,94.69,94.69,63.36,-
01-Jun-21,94.04,94.04,94.04,94.04,62.92,-
02-Jun-21,93.66,93.66,93.66,93.66,62.67,-
03-Jun-21,94.01,94.01,94.01,94.01,62.9,-
04-Jun-21,94.52,94.52,94.52,94.52,63.25,-
07-Jun-21,95.92,95.92,95.92,95.92,64.18,-
08-Jun-21,96.41,96.41,96.41,96.41,64.51,-
09-Jun-21,98.0,98.0,98.0,98.0,65.57,-
10-Jun-21,99.41,99.41,99.41,99.41,66.52,-
11-Jun-21,98.87,98.87,98.87,98.87,66.16,-
14-Jun-21,98.94,98.94,98.94,98.94,66.2,-
15-Jun-21,98.89,98.89,98.89,98.89,66.17,-
16-Jun-21,98.42,98.42,98.42,98.42,65.86,-
17-Jun-21,98.82,98.82,98.82,98.82,66.12,-
18-Jun-21,98.19,98.19,98.19,98.19,65.7,-
21-Jun-21,99.15,99.15,99.15,99.15,66.34,-
22-Jun-21,99.32,99.32,99.32,99.32,66.46,-
23-Jun-21,98.5,98.5,98.5,98.5,65.91,-
24-Jun-21,99.12,99.12,99.12,99.12,66.32,-
25-Jun-21,99.71,99.71,99.71,99.71,66.72,-
28-Jun-21,99.51,99.51,99.51,99.51,66.58,-
29-Jun-21,99.24,99.24,99.24,99.24,66.4,-
30-Jun-21,98.86,98.86,98.86,98.86,66.15,-
01-Jul-21,99.7,99.7,99.7,99.7,66.71,-
02-Jul-21,100.17,100.17,100.17,100.17,67.03,-
06-Jul-21,99.48,99.48,99.48,99.48,66.56,-
07-Jul-21,99.8,99.8,99.8,99.8,66.78,-
08-Jul-21,99.4,99.4,99.4,99.4,66.51,-
09-Jul-21,100.07,100.07,100.07,100.07,66.96,-
12-Jul-21,100.28,100.28,100.28,100.28,67.1,-
13-Jul-21,99.89,99.89,99.89,99.89,66.84,-
14-Jul-21,99.5,99.5,99.5,99.5,66.58,-
15-Jul-21,98.59,98.59,98.59,98.59,65.97,-
16-Jul-21,98.3,98.3,98.3,98.3,65.78,-
19-Jul-21,97.49,97.49,97.49,97.49,65.23,-
20-Jul-21,98.88,98.88,98.88,98.88,66.16,-
21-Jul-21,99.02,99.02,99.02,99.02,66.26,-
22-Jul-21,99.35,99.35,99.35,99.35,66.48,-
23-Jul-21,99.96,99.96,99.96,99.96,66.89,-
26-Jul-21,98.97,98.97,98.97,98.97,66.22,-
27-Jul-21,99.02,99.02,99.02,99.02,66.26,-
28-Jul-21,99.94,99.94,99.94,99.94,66.87,-
29-Jul-21,99.94,99.94,99.94,99.94,66.87,-
30-Jul-21,99.55,99.55,99.55,99.55,66.61,-
02-Aug-21,100.19,100.19,100.19,100.19,67.04,-
03-Aug-21,101.21,101.21,101.21,101.21,67.72,-
04-Aug-21,100.71,100.71,100.71,100.71,67.39,-
05-Aug-21,100.95,100.95,100.95,100.95,67.55,-
06-Aug-21,100.42,100.42,100.42,100.42,67.19,-
09-Aug-21,100.4,100.4,100.4,100.4,67.18,-
10-Aug-21,100.39,100.39,100.39,100.39,67.17,-
11-Aug-21,99.81,99.81,99.81,99.81,66.79,-
12-Aug-21,100.3,100.3,100.3,100.3,67.11,-
13-Aug-21,100.97,100.97,100.97,100.97,67.56,-
16-Aug-21,101.59,101.59,101.59,101.59,67.98,-
17-Aug-21,102.61,102.61,102.61,102.61,68.66,-
18-Aug-21,101.53,101.53,101.53,101.53,67.94,-
19-Aug-21,101.85,101.85,101.85,101.85,68.15,-
20-Aug-21,102.43,102.43,102.43,102.43,68.54,-
23-Aug-21,102.87,102.87,102.87,102.87,68.83,-
24-Aug-21,102.86,102.86,102.86,102.86,68.83,-
25-Aug-21,102.61,102.61,102.61,102.61,68.66,-
26-Aug-21,102.11,102.11,102.11,102.11,68.32,-
27-Aug-21,102.32,102.32,102.32,102.32,68.47,-
30-Aug-21,102.66,102.66,102.66,102.66,68.69,-
31-Aug-21,102.64,102.64,102.64,102.64,68.68,-
01-Sep-21,103.05,103.05,103.05,103.05,68.95,-
02-Sep-21,103.95,103.95,103.95,103.95,69.56,-
03-Sep-21,103.99,103.99,103.99,103.99,69.58,-
07-Sep-21,103.11,103.11,103.11,103.11,68.99,-
08-Sep-21,102.36,102.36,102.36,102.36,68.49,-
09-Sep-21,101.2,101.2,101.2,101.2,67.72,-
10-Sep-21,100.04,100.04,100.04,100.04,66.94,-
13-Sep-21,99.92,99.92,99.92,99.92,66.86,-
14-Sep-21,99.58,99.58,99.58,99.58,66.63,-
15-Sep-21,99.98,99.98,99.98,99.98,66.9,-
16-Sep-21,99.93,99.93,99.93,99.93,66.87,-
17-Sep-21,100.2,100.2,100.2,100.2,67.05,-
20-Sep-21,99.56,99.56,99.56,99.56,66.62,-
21-Sep-21,100.09,100.09,100.09,100.09,66.97,-
22-Sep-21,99.85,99.85,99.85,99.85,66.81,-
23-Sep-21,100.59,100.59,100.59,100.59,67.31,-
24-Sep-21,100.13,100.13,100.13,100.13,67.0,-
27-Sep-21,99.46,99.46,99.46,99.46,66.55,-
28-Sep-21,97.72,97.72,97.72,97.72,65.39,-
29-Sep-21,98.2,98.2,98.2,98.2,65.71,-
30-Sep-21,97.65,97.65,97.65,97.65,65.34,-
01-Oct-21,97.68,97.68,97.68,97.68,65.36,-
04-Oct-21,96.36,96.36,96.36,96.36,64.48,-
05-Oct-21,96.58,96.58,96.58,96.58,64.62,-
06-Oct-21,96.45,96.45,96.45,96.45,64.54,-
07-Oct-21,97.53,97.53,97.53,97.53,65.26,-
08-Oct-21,97.24,97.24,97.24,97.24,65.07,-
11-Oct-21,96.59,96.59,96.59,96.59,64.63,-
12-Oct-21,96.35,96.35,96.35,96.35,64.47,-
13-Oct-21,96.49,96.49,96.49,96.49,64.56,-
14-Oct-21,97.72,97.72,97.72,97.72,65.39,-
15-Oct-21,98.19,98.19,98.19,98.19,65.7,-
18-Oct-21,97.21,97.21,97.21,97.21,65.05,-
19-Oct-21,98.36,98.36,98.36,98.36,65.82,-
20-Oct-21,99.55,99.55,99.55,99.55,66.61,-
21-Oct-21,99.93,99.93,99.93,99.93,66.87,-
22-Oct-21,100.21,100.21,100.21,100.21,67.05,-
25-Oct-21,100.11,100.11,100.11,100.11,66.99,-
26-Oct-21,100.48,100.48,100.48,100.48,67.23,-
27-Oct-21,99.41,99.41,99.41,99.41,66.52,-
28-Oct-21,99.87,99.87,99.87,99.87,66.83,-
29-Oct-21,100.45,100.45,100.45,100.45,67.21,-
01-Nov-21,100.74,100.74,100.74,100.74,67.41,-
02-Nov-21,101.1,101.1,101.1,101.1,67.65,-
03-Nov-21,102.19,102.19,102.19,102.19,68.38,-
04-Nov-21,102.14,102.14,102.14,102.14,68.34,-
05-Nov-21,101.96,101.96,101.96,101.96,68.22,-
08-Nov-21,102.14,102.14,102.14,102.14,68.34,-
09-Nov-21,101.41,101.41,101.41,101.41,67.86,-
10-Nov-21,100.95,100.95,100.95,100.95,67.55,-
11-Nov-21,100.93,100.93,100.93,100.93,67.54,-
12-Nov-21,100.83,100.83,100.83,100.83,67.47,-
15-Nov-21,100.21,100.21,100.21,100.21,67.05,-
16-Nov-21,100.13,100.13,100.13,100.13,67.0,-
17-Nov-21,100.1,100.1,100.1,100.1,66.98,-
18-Nov-21,99.42,99.42,99.42,99.42,66.52,-
19-Nov-21,98.67,98.67,98.67,98.67,66.02,-
22-Nov-21,97.99,97.99,97.99,97.99,65.57,-
23-Nov-21,97.95,97.95,97.95,97.95,65.54,-
24-Nov-21,98.0,98.0,98.0,98.0,65.57,-
26-Nov-21,97.11,97.11,97.11,97.11,64.98,-
29-Nov-21,96.61,96.61,96.61,96.61,64.64,-
30-Nov-21,95.19,95.19,95.19,95.19,63.69,-
01-Dec-21,94.98,94.98,94.98,94.98,63.55,-
02-Dec-21,95.59,95.59,95.59,95.59,63.96,-
03-Dec-21,95.04,95.04,95.04,95.04,63.59,-
06-Dec-21,95.24,95.24,95.24,95.24,63.73,-
07-Dec-21,96.55,96.55,96.55,96.55,64.6,-
08-Dec-21,97.68,97.68,97.68,97.68,65.36,-
09-Dec-21,97.23,97.23,97.23,97.23,65.06,-
10-Dec-21,97.19,97.19,97.19,97.19,65.03,-
13-Dec-21,98.11,98.11,98.11,98.11,65.65,-
14-Dec-21,97.79,97.79,97.79,97.79,65.43,-
15-Dec-21,99.87,99.87,99.87,99.87,66.83,-
16-Dec-21,100.53,100.53,100.53,100.53,67.27,-
17-Dec-21,100.43,100.43,100.43,100.43,67.2,-
20-Dec-21,100.21,100.21,100.21,100.21,67.05,-
21-Dec-21,101.09,101.09,101.09,101.09,67.64,-
22-Dec-21,102.09,102.09,102.09,102.09,68.31,-
23-Dec-21,102.24,102.24,102.24,102.24,68.41,-
27-Dec-21,102.52,102.52,102.52,102.52,68.6,-
28-Dec-21,102.42,102.42,102.42,102.42,68.53,-
29-Dec-21,96.25,96.25,96.25,96.25,68.84,-
30-Dec-21,96.19,96.19,96.19,96.19,68.8,-
31-Dec-21,95.83,95.83,95.83,95.83,68.54,-
03-Jan-22,95.5,95.5,95.5,95.5,68.31,-
04-Jan-22,94.19,94.19,94.19,94.19,67.37,-
05-Jan-22,92.82,92.82,92.82,92.82,66.39,-
06-Jan-22,91.65,91.65,91.65,91.65,65.55,-
07-Jan-22,91.18,91.18,91.18,91.18,65.22,-
10-Jan-22,91.75,91.75,91.75,91.75,65.62,-
11-Jan-22,92.9,92.9,92.9,92.9,66.45,-
12-Jan-22,92.32,92.32,92.32,92.32,66.03,-
13-Jan-22,91.15,91.15,91.15,91.15,65.19,-
14-Jan-22,91.29,91.29,91.29,91.29,65.29,-
18-Jan-22,89.88,89.88,89.88,89.88,64.29,-
19-Jan-22,89.52,89.52,89.52,89.52,64.03,-
20-Jan-22,89.32,89.32,89.32,89.32,63.89,-
21-Jan-22,88.31,88.31,88.31,88.31,63.16,-
24-Jan-22,87.93,87.93,87.93,87.93,62.89,-
25-Jan-22,87.18,87.18,87.18,87.18,62.35,-
26-Jan-22,86.49,86.49,86.49,86.49,61.86,-
27-Jan-22,86.18,86.18,86.18,86.18,61.64,-
28-Jan-22,87.93,87.93,87.93,87.93,62.89,-
31-Jan-22,88.77,88.77,88.77,88.77,63.49,-
01-Feb-22,89.24,89.24,89.24,89.24,63.83,-
02-Feb-22,89.87,89.87,89.87,89.87,64.28,-
03-Feb-22,89.2,89.2,89.2,89.2,63.8,-
04-Feb-22,89.17,89.17,89.17,89.17,63.78,-
07-Feb-22,89.57,89.57,89.57,89.57,64.06,-
08-Feb-22,89.75,89.75,89.75,89.75,64.19,-
09-Feb-22,90.75,90.75,90.75,90.75,64.91,-
10-Feb-22,89.39,89.39,89.39,89.39,63.94,-
11-Feb-22,88.35,88.35,88.35,88.35,63.19,-
14-Feb-22,87.53,87.53,87.53,87.53,62.6,-
15-Feb-22,89.21,89.21,89.21,89.21,63.81,-
16-Feb-22,89.54,89.54,89.54,89.54,64.04,-
17-Feb-22,87.96,87.96,87.96,87.96,62.91,-
18-Feb-22,87.28,87.28,87.28,87.28,62.43,-
22-Feb-22,87.13,87.13,87.13,87.13,62.32,-
23-Feb-22,86.64,86.64,86.64,86.64,61.97,-
24-Feb-22,87.13,87.13,87.13,87.13,62.32,-
25-Feb-22,89.43,89.43,89.43,89.43,63.96,-
28-Feb-22,88.81,88.81,88.81,88.81,63.52,-
01-Mar-22,88.48,88.48,88.48,88.48,63.28,-
02-Mar-22,89.42,89.42,89.42,89.42,63.96,-
03-Mar-22,88.95,88.95,88.95,88.95,63.62,-
04-Mar-22,88.76,88.76,88.76,88.76,63.48,-
07-Mar-22,87.08,87.08,87.08,87.08,62.28,-
08-Mar-22,86.15,86.15,86.15,86.15,61.62,-
09-Mar-22,88.08,88.08,88.08,88.08,63.0,-
10-Mar-22,88.09,88.09,88.09,88.09,63.01,-
11-Mar-22,87.22,87.22,87.22,87.22,62.38,-
14-Mar-22,87.2,87.2,87.2,87.2,62.37,-
15-Mar-22,88.59,88.59,88.59,88.59,63.36,-
16-Mar-22,90.33,90.33,90.33,90.33,64.61,-
17-Mar-22,91.85,91.85,91.85,91.85,65.69,-
18-Mar-22,92.53,92.53,92.53,92.53,66.18,-
21-Mar-22,92.17,92.17,92.17,92.17,65.92,-
22-Mar-22,92.32,92.32,92.32,92.32,66.03,-
23-Mar-22,91.15,91.15,91.15,91.15,65.19,-
24-Mar-22,92.31,92.31,92.31,92.31,66.02,-
25-Mar-22,92.44,92.44,92.44,92.44,66.12,-
28-Mar-22,89.56,89.56,89.56,89.56,66.4,-
29-Mar-22,90.39,90.39,90.39,90.39,67.02,-
30-Mar-22,90.45,90.45,90.45,90.45,67.06,-
31-Mar-22,89.61,89.61,89.61,89.61,66.44,-
01-Apr-22,90.61,90.61,90.61,90.61,67.18,-
04-Apr-22,90.49,90.49,90.49,90.49,67.09,-
05-Apr-22,90.47,90.47,90.47,90.47,67.08,-
06-Apr-22,91.57,91.57,91.57,91.57,67.89,-
07-Apr-22,93.22,93.22,93.22,93.22,69.12,-
08-Apr-22,93.67,93.67,93.67,93.67,69.45,-
11-Apr-22,92.18,92.18,92.18,92.18,68.34,-
12-Apr-22,91.19,91.19,91.19,91.19,67.61,-
13-Apr-22,92.21,92.21,92.21,92.21,68.37,-
14-Apr-22,91.88,91.88,91.88,91.88,68.12,-
18-Apr-22,90.5,90.5,90.5,90.5,67.1,-
19-Apr-22,91.05,91.05,91.05,91.05,67.51,-
20-Apr-22,91.84,91.84,91.84,91.84,68.09,-
21-Apr-22,90.48,90.48,90.48,90.48,67.08,-
22-Apr-22,87.45,87.45,87.45,87.45,64.84,-
25-Apr-22,87.92,87.92,87.92,87.92,65.19,-
26-Apr-22,85.81,85.81,85.81,85.81,63.62,-
27-Apr-22,86.09,86.09,86.09,86.09,63.83,-
28-Apr-22,87.05,87.05,87.05,87.05,64.54,-
29-Apr-22,85.54,85.54,85.54,85.54,63.42,-
02-May-22,85.12,85.12,85.12,85.12,63.11,-
03-May-22,85.57,85.57,85.57,85.57,63.44,-
04-May-22,86.91,86.91,86.91,86.91,64.44,-
05-May-22,84.93,84.93,84.93,84.93,62.97,-
06-May-22,83.92,83.92,83.92,83.92,62.22,-
09-May-22,80.9,80.9,80.9,80.9,59.98,-
10-May-22,81.76,81.76,81.76,81.76,60.62,-
11-May-22,80.73,80.73,80.73,80.73,59.86,-
12-May-22,81.51,81.51,81.51,81.51,60.43,-
13-May-22,82.94,82.94,82.94,82.94,61.49,-
16-May-22,83.61,83.61,83.61,83.61,61.99,-
17-May-22,84.92,84.92,84.92,84.92,62.96,-
18-May-22,82.82,82.82,82.82,82.82,61.4,-
19-May-22,83.33,83.33,83.33,83.33,61.78,-
20-May-22,84.47,84.47,84.47,84.47,62.63,-
23-May-22,85.17,85.17,85.17,85.17,63.15,-
24-May-22,85.05,85.05,85.05,85.05,63.06,-
25-May-22,85.18,85.18,85.18,85.18,63.15,-
26-May-22,85.75,85.75,85.75,85.75,63.58,-
27-May-22,87.14,87.14,87.14,87.14,64.61,-
31-May-22,85.6,85.6,85.6,85.6,63.47,-
01-Jun-22,84.3,84.3,84.3,84.3,62.5,-
02-Jun-22,84.92,84.92,84.92,84.92,62.96,-
03-Jun-22,84.34,84.34,84.34,84.34,62.53,-
06-Jun-22,84.18,84.18,84.18,84.18,62.41,-
07-Jun-22,85.38,85.38,85.38,85.38,63.3,-
08-Jun-22,85.31,85.31,85.31,85.31,63.25,-
09-Jun-22,83.29,83.29,83.29,83.29,61.75,-
10-Jun-22,81.63,81.63,81.63,81.63,60.52,-
13-Jun-22,78.91,78.91,78.91,78.91,58.51,-
14-Jun-22,78.07,78.07,78.07,78.07,57.88,-
15-Jun-22,79.22,79.22,79.22,79.22,58.74,-
16-Jun-22,77.97,77.97,77.97,77.97,57.81,-
17-Jun-22,78.59,78.59,78.59,78.59,58.27,-
21-Jun-22,80.57,80.57,80.57,80.57,59.74,-
22-Jun-22,81.59,81.59,81.59,81.59,60.49,-
23-Jun-22,83.47,83.47,83.47,83.47,61.89,-
24-Jun-22,85.18,85.18,85.18,85.18,63.15,-
27-Jun-22,85.42,85.42,85.42,85.42,63.33,-
28-Jun-22,84.11,84.11,84.11,84.11,62.36,-
29-Jun-22,84.82,84.82,84.82,84.82,62.89,-
30-Jun-22,84.63,84.63,84.63,84.63,62.75,-
01-Jul-22,85.54,85.54,85.54,85.54,63.42,-
05-Jul-22,85.6,85.6,85.6,85.6,63.47,-
06-Jul-22,86.27,86.27,86.27,86.27,63.96,-
07-Jul-22,86.94,86.94,86.94,86.94,64.46,-
08-Jul-22,87.13,87.13,87.13,87.13,64.6,-
11-Jul-22,86.6,86.6,86.6,86.6,64.21,-
12-Jul-22,85.78,85.78,85.78,85.78,63.6,-
13-Jul-22,85.09,85.09,85.09,85.09,63.09,-
14-Jul-22,84.6,84.6,84.6,84.6,62.72,-
15-Jul-22,86.51,86.51,86.51,86.51,64.14,-
18-Jul-22,85.06,85.06,85.06,85.06,63.07,-
19-Jul-22,86.91,86.91,86.91,86.91,64.44,-
20-Jul-22,85.99,85.99,85.99,85.99,63.76,-
21-Jul-22,87.21,87.21,87.21,87.21,64.66,-
22-Jul-22,86.54,86.54,86.54,86.54,64.16,-
25-Jul-22,86.77,86.77,86.77,86.77,64.33,-
26-Jul-22,87.07,87.07,87.07,87.07,64.56,-
27-Jul-22,87.91,87.91,87.91,87.91,65.18,-
28-Jul-22,88.24,88.24,88.24,88.24,65.42,-
29-Jul-22,87.88,87.88,87.88,87.88,65.16,-
01-Aug-22,87.03,87.03,87.03,87.03,64.53,-
02-Aug-22,86.49,86.49,86.49,86.49,64.13,-
03-Aug-22,87.85,87.85,87.85,87.85,65.13,-
04-Aug-22,88.14,88.14,88.14,88.14,65.35,-
05-Aug-22,88.25,88.25,88.25,88.25,65.43,-
08-Aug-22,88.76,88.76,88.76,88.76,65.81,-
09-Aug-22,88.31,88.31,88.31,88.31,65.48,-
10-Aug-22,89.48,89.48,89.48,89.48,66.34,-
11-Aug-22,88.68,88.68,88.68,88.68,65.75,-
12-Aug-22,89.9,89.9,89.9,89.9,66.65,-
15-Aug-22,90.62,90.62,90.62,90.62,67.19,-
16-Aug-22,90.01,90.01,90.01,90.01,66.74,-
17-Aug-22,89.31,89.31,89.31,89.31,66.22,-
18-Aug-22,88.8,88.8,88.8,88.8,65.84,-
19-Aug-22,88.69,88.69,88.69,88.69,65.76,-
22-Aug-22,87.82,87.82,87.82,87.82,65.11,-
23-Aug-22,86.68,86.68,86.68,86.68,64.27,-
24-Aug-22,87.23,87.23,87.23,87.23,64.67,-
25-Aug-22,88.06,88.06,88.06,88.06,65.29,-
26-Aug-22,85.55,85.55,85.55,85.55,63.43,-
29-Aug-22,84.94,84.94,84.94,84.94,62.98,-
30-Aug-22,84.26,84.26,84.26,84.26,62.47,-
31-Aug-22,83.78,83.78,83.78,83.78,62.12,-
01-Sep-22,84.67,84.67,84.67,84.67,62.78,-
02-Sep-22,83.56,83.56,83.56,83.56,61.95,-
06-Sep-22,83.12,83.12,83.12,83.12,61.63,-
07-Sep-22,84.61,84.61,84.61,84.61,62.73,-
08-Sep-22,86.63,86.63,86.63,86.63,64.23,-
09-Sep-22,87.52,87.52,87.52,87.52,64.89,-
12-Sep-22,87.97,87.97,87.97,87.97,65.22,-
13-Sep-22,85.04,85.04,85.04,85.04,63.05,-
14-Sep-22,84.92,84.92,84.92,84.92,62.96,-
15-Sep-22,85.28,85.28,85.28,85.28,63.23,-
16-Sep-22,84.85,84.85,84.85,84.85,62.91,-
19-Sep-22,84.37,84.37,84.37,84.37,62.55,-
20-Sep-22,83.48,83.48,83.48,83.48,61.89,-
21-Sep-22,81.76,81.76,81.76,81.76,60.62,-
22-Sep-22,81.65,81.65,81.65,81.65,60.54,-
23-Sep-22,80.7,80.7,80.7,80.7,59.83,-
26-Sep-22,79.64,79.64,79.64,79.64,59.05,-
27-Sep-22,79.92,79.92,79.92,79.92,59.25,-
28-Sep-22,83.04,83.04,83.04,83.04,61.57,-
29-Sep-22,82.61,82.61,82.61,82.61,61.25,-
30-Sep-22,81.84,81.84,81.84,81.84,60.68,-
03-Oct-22,83.24,83.24,83.24,83.24,61.72,-
04-Oct-22,85.18,85.18,85.18,85.18,63.15,-
05-Oct-22,85.07,85.07,85.07,85.07,63.07,-
06-Oct-22,84.28,84.28,84.28,84.28,62.49,-
07-Oct-22,82.67,82.67,82.67,82.67,61.29,-
10-Oct-22,81.74,81.74,81.74,81.74,60.6,-
11-Oct-22,81.98,81.98,81.98,81.98,60.78,-
12-Oct-22,81.75,81.75,81.75,81.75,60.61,-
13-Oct-22,83.25,83.25,83.25,83.25,61.72,-
14-Oct-22,82.56,82.56,82.56,82.56,61.21,-
17-Oct-22,84.04,84.04,84.04,84.04,62.31,-
18-Oct-22,84.49,84.49,84.49,84.49,62.64,-
19-Oct-22,83.02,83.02,83.02,83.02,61.55,-
20-Oct-22,82.38,82.38,82.38,82.38,61.08,-
21-Oct-22,84.06,84.06,84.06,84.06,62.32,-
24-Oct-22,84.94,84.94,84.94,84.94,62.98,-
25-Oct-22,86.08,86.08,86.08,86.08,63.82,-
26-Oct-22,87.44,87.44,87.44,87.44,64.83,-
27-Oct-22,86.57,86.57,86.57,86.57,64.19,-
28-Oct-22,88.26,88.26,88.26,88.26,65.44,-
31-Oct-22,88.13,88.13,88.13,88.13,65.34,-
01-Nov-22,88.31,88.31,88.31,88.31,65.48,-
02-Nov-22,87.17,87.17,87.17,87.17,64.63,-
03-Nov-22,86.86,86.86,86.86,86.86,64.4,-
04-Nov-22,87.28,87.28,87.28,87.28,64.71,-
07-Nov-22,87.58,87.58,87.58,87.58,64.93,-
08-Nov-22,88.13,88.13,88.13,88.13,65.34,-
09-Nov-22,87.15,87.15,87.15,87.15,64.62,-
10-Nov-22,90.31,90.31,90.31,90.31,66.96,-
11-Nov-22,89.39,89.39,89.39,89.39,66.28,-
14-Nov-22,89.09,89.09,89.09,89.09,66.05,-
15-Nov-22,89.42,89.42,89.42,89.42,66.3,-
16-Nov-22,89.13,89.13,89.13,89.13,66.08,-
17-Nov-22,89.0,89.0,89.0,89.0,65.99,-
18-Nov-22,90.11,90.11,90.11,90.11,66.81,-
21-Nov-22,89.66,89.66,89.66,89.66,66.48,-
22-Nov-22,90.8,90.8,90.8,90.8,67.32,-
23-Nov-22,91.24,91.24,91.24,91.24,67.65,-
25-Nov-22,91.74,91.74,91.74,91.74,68.02,-
28-Nov-22,91.11,91.11,91.11,91.11,67.55,-
29-Nov-22,90.64,90.64,90.64,90.64,67.2,-
30-Nov-22,93.28,93.28,93.28,93.28,69.16,-
01-Dec-22,93.72,93.72,93.72,93.72,69.49,-
02-Dec-22,94.05,94.05,94.05,94.05,69.73,-
05-Dec-22,92.81,92.81,92.81,92.81,68.81,-
06-Dec-22,91.89,91.89,91.89,91.89,68.13,-
07-Dec-22,92.69,92.69,92.69,92.69,68.72,-
08-Dec-22,93.47,93.47,93.47,93.47,69.3,-
09-Dec-22,92.39,92.39,92.39,92.39,68.5,-
12-Dec-22,93.29,93.29,93.29,93.29,69.17,-
13-Dec-22,93.81,93.81,93.81,93.81,69.55,-
14-Dec-22,94.23,94.23,94.23,94.23,69.86,-
15-Dec-22,92.39,92.39,92.39,92.39,68.5,-
16-Dec-22,91.52,91.52,91.52,91.52,67.86,-
19-Dec-22,90.74,90.74,90.74,90.74,67.28,-
20-Dec-22,91.12,91.12,91.12,91.12,67.56,-
21-Dec-22,92.1,92.1,92.1,92.1,68.29,-
22-Dec-22,91.88,91.88,91.88,91.88,68.12,-
23-Dec-22,91.59,91.59,91.59,91.59,67.91,-
27-Dec-22,90.9,90.9,90.9,90.9,67.4,-
28-Dec-22,88.71,88.71,88.71,88.71,67.0,-
29-Dec-22,90.06,90.06,90.06,90.06,68.02,-
30-Dec-22,89.84,89.84,89.84,89.84,67.85,-
03-Jan-23,89.6,89.6,89.6,89.6,67.67,-
04-Jan-23,89.3,89.3,89.3,89.3,67.45,-
05-Jan-23,88.32,88.32,88.32,88.32,66.71,-
06-Jan-23,89.36,89.36,89.36,89.36,67.49,-
09-Jan-23,88.45,88.45,88.45,88.45,66.8,-
10-Jan-23,89.32,89.32,89.32,89.32,67.46,-
11-Jan-23,89.71,89.71,89.71,89.71,67.76,-
12-Jan-23,90.21,90.21,90.21,90.21,68.13,-
13-Jan-23,90.82,90.82,90.82,90.82,68.6,-
17-Jan-23,90.5,90.5,90.5,90.5,68.35,-
18-Jan-23,89.7,89.7,89.7,89.7,67.75,-
19-Jan-23,89.68,89.68,89.68,89.68,67.73,-
20-Jan-23,90.22,90.22,90.22,90.22,68.14,-
23-Jan-23,90.42,90.42,90.42,90.42,68.29,-
24-Jan-23,89.92,89.92,89.92,89.92,67.92,-
25-Jan-23,90.2,90.2,90.2,90.2,68.13,-
26-Jan-23,90.12,90.12,90.12,90.12,68.07,-
27-Jan-23,89.58,89.58,89.58,89.58,67.66,-
30-Jan-23,88.77,88.77,88.77,88.77,67.05,-
31-Jan-23,89.64,89.64,89.64,89.64,67.7,-
01-Feb-23,90.09,90.09,90.09,90.09,68.04,-
02-Feb-23,89.52,89.52,89.52,89.52,67.61,-
03-Feb-23,89.11,89.11,89.11,89.11,67.3,-
06-Feb-23,88.46,88.46,88.46,88.46,66.81,-
07-Feb-23,89.11,89.11,89.11,89.11,67.3,-
08-Feb-23,88.81,88.81,88.81,88.81,67.08,-
09-Feb-23,88.62,88.62,88.62,88.62,66.93,-
10-Feb-23,89.04,89.04,89.04,89.04,67.25,-
13-Feb-23,89.83,89.83,89.83,89.83,67.85,-
14-Feb-23,89.62,89.62,89.62,89.62,67.69,-
15-Feb-23,89.17,89.17,89.17,89.17,67.35,-
16-Feb-23,88.42,88.42,88.42,88.42,66.78,-
17-Feb-23,89.27,89.27,89.27,89.27,67.42,-
21-Feb-23,87.81,87.81,87.81,87.81,66.32,-
22-Feb-23,87.8,87.8,87.8,87.8,66.31,-
23-Feb-23,87.86,87.86,87.86,87.86,66.36,-
24-Feb-23,86.57,86.57,86.57,86.57,65.39,-
27-Feb-23,86.56,86.56,86.56,86.56,65.38,-
28-Feb-23,85.93,85.93,85.93,85.93,64.9,-
01-Mar-23,86.06,86.06,86.06,86.06,65.0,-
02-Mar-23,86.43,86.43,86.43,86.43,65.28,-
03-Mar-23,87.66,87.66,87.66,87.66,66.21,-
06-Mar-23,87.28,87.28,87.28,87.28,65.92,-
07-Mar-23,86.06,86.06,86.06,86.06,65.0,-
08-Mar-23,85.72,85.72,85.72,85.72,64.74,-
09-Mar-23,85.11,85.11,85.11,85.11,64.28,-
10-Mar-23,84.26,84.26,84.26,84.26,63.64,-
13-Mar-23,85.38,85.38,85.38,85.38,64.49,-
14-Mar-23,86.34,86.34,86.34,86.34,65.21,-
15-Mar-23,85.88,85.88,85.88,85.88,64.86,-
16-Mar-23,86.98,86.98,86.98,86.98,65.69,-
17-Mar-23,86.21,86.21,86.21,86.21,65.11,-
20-Mar-23,86.99,86.99,86.99,86.99,65.7,-
21-Mar-23,87.44,87.44,87.44,87.44,66.04,-
22-Mar-23,86.5,86.5,86.5,86.5,65.33,-
23-Mar-23,86.6,86.6,86.6,86.6,65.41,-
24-Mar-23,87.35,87.35,87.35,87.35,65.97,-
27-Mar-23,88.13,88.13,88.13,88.13,66.56,-
28-Mar-23,84.88,84.88,84.88,84.88,66.25,-
29-Mar-23,85.24,85.24,85.24,85.24,66.53,-
30-Mar-23,85.64,85.64,85.64,85.64,66.84,-
31-Mar-23,86.42,86.42,86.42,86.42,67.45,-
03-Apr-23,87.22,87.22,87.22,87.22,68.08,-
04-Apr-23,87.31,87.31,87.31,87.31,68.15,-
05-Apr-23,88.23,88.23,88.23,88.23,68.87,-
06-Apr-23,88.87,88.87,88.87,88.87,69.37,-
10-Apr-23,88.76,88.76,88.76,88.76,69.28,-
11-Apr-23,89.0,89.0,89.0,89.0,69.47,-
12-Apr-23,89.31,89.31,89.31,89.31,69.71,-
13-Apr-23,90.73,90.73,90.73,90.73,70.82,-
14-Apr-23,90.14,90.14,90.14,90.14,70.36,-
17-Apr-23,90.17,90.17,90.17,90.17,70.38,-
18-Apr-23,90.02,90.02,90.02,90.02,70.26,-
19-Apr-23,89.82,89.82,89.82,89.82,70.11,-
20-Apr-23,89.39,89.39,89.39,89.39,69.77,-
21-Apr-23,90.29,90.29,90.29,90.29,70.47,-
24-Apr-23,90.58,90.58,90.58,90.58,70.7,-
25-Apr-23,89.78,89.78,89.78,89.78,70.08,-
26-Apr-23,88.63,88.63,88.63,88.63,69.18,-
27-Apr-23,89.43,89.43,89.43,89.43,69.8,-
28-Apr-23,89.97,89.97,89.97,89.97,70.22,-
01-May-23,90.57,90.57,90.57,90.57,70.69,-
02-May-23,90.18,90.18,90.18,90.18,70.39,-
03-May-23,90.88,90.88,90.88,90.88,70.93,-
04-May-23,90.58,90.58,90.58,90.58,70.7,-
05-May-23,91.52,91.52,91.52,91.52,71.43,-
08-May-23,91.49,91.49,91.49,91.49,71.41,-
09-May-23,91.03,91.03,91.03,91.03,71.05,-
10-May-23,91.14,91.14,91.14,91.14,71.14,-
11-May-23,90.86,90.86,90.86,90.86,70.92,-
12-May-23,90.69,90.69,90.69,90.69,70.79,-
15-May-23,91.12,91.12,91.12,91.12,71.12,-
16-May-23,90.25,90.25,90.25,90.25,70.44,-
17-May-23,90.25,90.25,90.25,90.25,70.44,-
18-May-23,89.77,89.77,89.77,89.77,70.07,-
19-May-23,90.38,90.38,90.38,90.38,70.54,-
22-May-23,90.6,90.6,90.6,90.6,70.72,-
23-May-23,89.69,89.69,89.69,89.69,70.01,-
24-May-23,88.76,88.76,88.76,88.76,69.28,-
25-May-23,87.71,87.71,87.71,87.71,68.46,-
26-May-23,87.8,87.8,87.8,87.8,68.53,-
30-May-23,86.92,86.92,86.92,86.92,67.84,-
31-May-23,87.51,87.51,87.51,87.51,68.3,-
01-Jun-23,88.58,88.58,88.58,88.58,69.14,-
02-Jun-23,89.72,89.72,89.72,89.72,70.03,-
05-Jun-23,90.11,90.11,90.11,90.11,70.33,-
06-Jun-23,89.8,89.8,89.8,89.8,70.09,-
07-Jun-23,89.15,89.15,89.15,89.15,69.58,-
08-Jun-23,90.03,90.03,90.03,90.03,70.27,-
09-Jun-23,90.46,90.46,90.46,90.46,70.61,-
12-Jun-23,90.97,90.97,90.97,90.97,71.0,-
13-Jun-23,91.31,91.31,91.31,91.31,71.27,-
14-Jun-23,90.07,90.07,90.07,90.07,70.3,-
15-Jun-23,91.0,91.0,91.0,91.0,71.03,-
16-Jun-23,90.76,90.76,90.76,90.76,70.84,-
20-Jun-23,90.36,90.36,90.36,90.36,70.53,-
21-Jun-23,90.36,90.36,90.36,90.36,70.53,-
22-Jun-23,90.59,90.59,90.59,90.59,70.71,-
23-Jun-23,89.89,89.89,89.89,89.89,70.16,-
26-Jun-23,89.21,89.21,89.21,89.21,69.63,-
27-Jun-23,89.03,89.03,89.03,89.03,69.49,-
28-Jun-23,89.03,89.03,89.03,89.03,69.49,-
29-Jun-23,89.2,89.2,89.2,89.2,69.62,-
30-Jun-23,90.1,90.1,90.1,90.1,70.33,-
03-Jul-23,88.76,88.76,88.76,88.76,69.28,-
05-Jul-23,88.72,88.72,88.72,88.72,69.25,-
06-Jul-23,87.76,87.76,87.76,87.76,68.5,-
07-Jul-23,86.85,86.85,86.85,86.85,67.79,-
10-Jul-23,87.64,87.64,87.64,87.64,68.41,-
11-Jul-23,87.4,87.4,87.4,87.4,68.22,-
12-Jul-23,87.34,87.34,87.34,87.34,68.17,-
13-Jul-23,87.72,87.72,87.72,87.72,68.47,-
14-Jul-23,88.54,88.54,88.54,88.54,69.11,-
17-Jul-23,88.39,88.39,88.39,88.39,68.99,-
18-Jul-23,89.07,89.07,89.07,89.07,69.52,-
19-Jul-23,89.65,89.65,89.65,89.65,69.97,-
20-Jul-23,90.09,90.09,90.09,90.09,70.32,-
21-Jul-23,90.94,90.94,90.94,90.94,70.98,-
24-Jul-23,90.34,90.34,90.34,90.34,70.51,-
25-Jul-23,90.25,90.25,90.25,90.25,70.44,-
26-Jul-23,90.13,90.13,90.13,90.13,70.35,-
27-Jul-23,89.41,89.41,89.41,89.41,69.79,-
28-Jul-23,90.18,90.18,90.18,90.18,70.39,-
31-Jul-23,90.06,90.06,90.06,90.06,70.29,-
01-Aug-23,89.46,89.46,89.46,89.46,69.83,-
02-Aug-23,89.0,89.0,89.0,89.0,69.47,-
03-Aug-23,88.51,88.51,88.51,88.51,69.08,-
04-Aug-23,88.18,88.18,88.18,88.18,68.83,-
07-Aug-23,88.59,88.59,88.59,88.59,69.15,-
08-Aug-23,89.27,89.27,89.27,89.27,69.68,-
09-Aug-23,89.4,89.4,89.4,89.4,69.78,-
10-Aug-23,89.43,89.43,89.43,89.43,69.8,-
11-Aug-23,89.87,89.87,89.87,89.87,70.15,-
14-Aug-23,90.21,90.21,90.21,90.21,70.41,-
15-Aug-23,89.68,89.68,89.68,89.68,70.0,-
16-Aug-23,88.93,88.93,88.93,88.93,69.41,-
17-Aug-23,88.42,88.42,88.42,88.42,69.01,-
18-Aug-23,88.42,88.42,88.42,88.42,69.01,-
21-Aug-23,89.12,89.12,89.12,89.12,69.56,-
22-Aug-23,88.81,88.81,88.81,88.81,69.32,-
23-Aug-23,89.43,89.43,89.43,89.43,69.8,-
24-Aug-23,88.48,88.48,88.48,88.48,69.06,-
25-Aug-23,89.03,89.03,89.03,89.03,69.49,-
28-Aug-23,89.46,89.46,89.46,89.46,69.83,-
29-Aug-23,90.25,90.25,90.25,90.25,70.44,-
30-Aug-23,90.14,90.14,90.14,90.14,70.36,-
31-Aug-23,89.41,89.41,89.41,89.41,69.79,-
01-Sep-23,89.77,89.77,89.77,89.77,70.07,-
05-Sep-23,88.91,88.91,88.91,88.91,69.4,-
06-Sep-23,88.55,88.55,88.55,88.55,69.12,-
07-Sep-23,88.82,88.82,88.82,88.82,69.33,-
08-Sep-23,88.63,88.63,88.63,88.63,69.18,-
11-Sep-23,88.94,88.94,88.94,88.94,69.42,-
12-Sep-23,88.91,88.91,88.91,88.91,69.4,-
13-Sep-23,88.7,88.7,88.7,88.7,69.23,-
14-Sep-23,88.97,88.97,88.97,88.97,69.44,-
15-Sep-23,88.52,88.52,88.52,88.52,69.09,-
18-Sep-23,87.94,87.94,87.94,87.94,68.64,-
19-Sep-23,87.91,87.91,87.91,87.91,68.62,-
20-Sep-23,87.85,87.85,87.85,87.85,68.57,-
21-Sep-23,86.78,86.78,86.78,86.78,67.73,-
22-Sep-23,86.6,86.6,86.6,86.6,67.59,-
25-Sep-23,86.94,86.94,86.94,86.94,67.86,-
26-Sep-23,86.16,86.16,86.16,86.16,67.25,-
27-Sep-23,85.99,85.99,85.99,85.99,67.12,-
28-Sep-23,86.45,86.45,86.45,86.45,67.48,-
29-Sep-23,85.96,85.96,85.96,85.96,67.09,-
02-Oct-23,85.55,85.55,85.55,85.55,66.77,-
03-Oct-23,84.61,84.61,84.61,84.61,66.04,-
04-Oct-23,84.91,84.91,84.91,84.91,66.27,-
05-Oct-23,85.79,85.79,85.79,85.79,66.96,-
06-Oct-23,86.66,86.66,86.66,86.66,67.64,-
09-Oct-23,86.73,86.73,86.73,86.73,67.7,-
10-Oct-23,87.43,87.43,87.43,87.43,68.24,-
11-Oct-23,87.28,87.28,87.28,87.28,68.12,-
12-Oct-23,86.45,86.45,86.45,86.45,67.48,-
13-Oct-23,86.7,86.7,86.7,86.7,67.67,-
16-Oct-23,87.46,87.46,87.46,87.46,68.26,-
17-Oct-23,87.36,87.36,87.36,87.36,68.19,-
18-Oct-23,85.9,85.9,85.9,85.9,67.05,-
19-Oct-23,84.66,84.66,84.66,84.66,66.08,-
20-Oct-23,84.68,84.68,84.68,84.68,66.09,-
23-Oct-23,84.04,84.04,84.04,84.04,65.6,-
24-Oct-23,84.41,84.41,84.41,84.41,65.88,-
25-Oct-23,83.46,83.46,83.46,83.46,65.14,-
26-Oct-23,82.73,82.73,82.73,82.73,64.57,-
27-Oct-23,81.51,81.51,81.51,81.51,63.62,-
30-Oct-23,81.9,81.9,81.9,81.9,63.93,-
31-Oct-23,82.34,82.34,82.34,82.34,64.27,-
01-Nov-23,82.74,82.74,82.74,82.74,64.58,-
02-Nov-23,83.7,83.7,83.7,83.7,65.33,-
03-Nov-23,84.41,84.41,84.41,84.41,65.88,-
06-Nov-23,84.6,84.6,84.6,84.6,66.03,-
07-Nov-23,84.83,84.83,84.83,84.83,66.21,-
08-Nov-23,84.61,84.61,84.61,84.61,66.04,-
09-Nov-23,83.29,83.29,83.29,83.29,65.01,-
10-Nov-23,83.29,83.29,83.29,83.29,65.01,-
13-Nov-23,83.88,83.88,83.88,83.88,65.47,-
14-Nov-23,85.07,85.07,85.07,85.07,66.4,-
15-Nov-23,84.9,84.9,84.9,84.9,66.27,-
16-Nov-23,84.86,84.86,84.86,84.86,66.24,-
17-Nov-23,85.17,85.17,85.17,85.17,66.48,-
20-Nov-23,85.62,85.62,85.62,85.62,66.83,-
21-Nov-23,85.84,85.84,85.84,85.84,67.0,-
22-Nov-23,86.26,86.26,86.26,86.26,67.33,-
24-Nov-23,86.84,86.84,86.84,86.84,67.78,-
27-Nov-23,86.16,86.16,86.16,86.16,67.25,-
28-Nov-23,85.59,85.59,85.59,85.59,66.81,-
29-Nov-23,85.89,85.89,85.89,85.89,67.04,-
30-Nov-23,87.08,87.08,87.08,87.08,67.97,-
01-Dec-23,87.74,87.74,87.74,87.74,68.48,-
04-Dec-23,87.96,87.96,87.96,87.96,68.66,-
05-Dec-23,87.55,87.55,87.55,87.55,68.34,-
06-Dec-23,87.78,87.78,87.78,87.78,68.51,-
07-Dec-23,87.83,87.83,87.83,87.83,68.55,-
08-Dec-23,87.81,87.81,87.81,87.81,68.54,-
11-Dec-23,88.07,88.07,88.07,88.07,68.74,-
12-Dec-23,88.55,88.55,88.55,88.55,69.12,-
13-Dec-23,90.35,90.35,90.35,90.35,70.52,-
14-Dec-23,90.2,90.2,90.2,90.2,70.4,-
15-Dec-23,89.11,89.11,89.11,89.11,69.55,-
18-Dec-23,89.31,89.31,89.31,89.31,69.71,-
19-Dec-23,89.94,89.94,89.94,89.94,70.2,-
20-Dec-23,88.19,88.19,88.19,88.19,68.83,-
21-Dec-23,89.23,89.23,89.23,89.23,69.65,-
22-Dec-23,90.14,90.14,90.14,90.14,70.36,-
26-Dec-23,90.65,90.65,90.65,90.65,70.75,-
27-Dec-23,88.12,88.12,88.12,88.12,71.55,-
28-Dec-23,88.23,88.23,88.23,88.23,71.64,-
29-Dec-23,88.17,88.17,88.17,88.17,71.59,-
02-Jan-24,89.31,89.31,89.31,89.31,72.52,-
03-Jan-24,88.98,88.98,88.98,88.98,72.25,-
04-Jan-24,89.54,89.54,89.54,89.54,72.71,-
05-Jan-24,89.29,89.29,89.29,89.29,72.5,-
08-Jan-24,90.67,90.67,90.67,90.67,73.62,-
09-Jan-24,90.75,90.75,90.75,90.75,73.69,-
10-Jan-24,91.01,91.01,91.01,91.01,73.9,-
11-Jan-24,90.76,90.76,90.76,90.76,73.7,-
12-Jan-24,90.56,90.56,90.56,90.56,73.54,-
16-Jan-24,89.73,89.73,89.73,89.73,72.86,-
17-Jan-24,89.12,89.12,89.12,89.12,72.37,-
18-Jan-24,88.7,88.7,88.7,88.7,72.02,-
19-Jan-24,88.56,88.56,88.56,88.56,71.91,-
22-Jan-24,89.22,89.22,89.22,89.22,72.45,-
23-Jan-24,89.24,89.24,89.24,89.24,72.46,-
24-Jan-24,88.53,88.53,88.53,88.53,71.89,-
25-Jan-24,88.1,88.1,88.1,88.1,71.54,-
26-Jan-24,88.41,88.41,88.41,88.41,71.79,-
29-Jan-24,89.22,89.22,89.22,89.22,72.45,-
30-Jan-24,89.18,89.18,89.18,89.18,72.41,-
31-Jan-24,88.79,88.79,88.79,88.79,72.1,-
01-Feb-24,90.16,90.16,90.16,90.16,73.21,-
02-Feb-24,89.51,89.51,89.51,89.51,72.68,-
05-Feb-24,89.51,89.51,89.51,89.51,72.68,-
06-Feb-24,90.52,90.52,90.52,90.52,73.5,-
07-Feb-24,90.69,90.69,90.69,90.69,73.64,-
08-Feb-24,90.66,90.66,90.66,90.66,73.62,-
09-Feb-24,90.75,90.75,90.75,90.75,73.69,-
12-Feb-24,90.88,90.88,90.88,90.88,73.79,-
13-Feb-24,89.53,89.53,89.53,89.53,72.7,-
14-Feb-24,90.55,90.55,90.55,90.55,73.53,-
15-Feb-24,91.14,91.14,91.14,91.14,74.01,-
16-Feb-24,91.72,91.72,91.72,91.72,74.48,-
20-Feb-24,91.46,91.46,91.46,91.46,74.27,-
21-Feb-24,91.43,91.43,91.43,91.43,74.24,-
22-Feb-24,92.44,92.44,92.44,92.44,75.06,-
23-Feb-24,92.77,92.77,92.77,92.77,75.33,-
26-Feb-24,92.88,92.88,92.88,92.88,75.42,-
27-Feb-24,93.08,93.08,93.08,93.08,75.58,-
28-Feb-24,92.24,92.24,92.24,92.24,74.9,-
29-Feb-24,91.2,91.2,91.2,91.2,74.05,-
01-Mar-24,92.33,92.33,92.33,92.33,74.97,-
04-Mar-24,92.01,92.01,92.01,92.01,74.71,-
05-Mar-24,91.23,91.23,91.23,91.23,74.08,-
06-Mar-24,91.78,91.78,91.78,91.78,74.53,-
07-Mar-24,92.5,92.5,92.5,92.5,75.11,-
08-Mar-24,92.46,92.46,92.46,92.46,75.08,-
11-Mar-24,92.6,92.6,92.6,92.6,75.19,-
12-Mar-24,92.61,92.61,92.61,92.61,75.2,-
13-Mar-24,92.19,92.19,92.19,92.19,74.86,-
14-Mar-24,91.46,91.46,91.46,91.46,74.27,-
15-Mar-24,91.12,91.12,91.12,91.12,73.99,-
18-Mar-24,91.13,91.13,91.13,91.13,74.0,-
19-Mar-24,91.62,91.62,91.62,91.62,74.4,-
20-Mar-24,91.52,91.52,91.52,91.52,74.31,-
21-Mar-24,91.77,91.77,91.77,91.77,74.52,-
22-Mar-24,91.52,91.52,91.52,91.52,74.31,-
25-Mar-24,91.32,91.32,91.32,91.32,74.15,-
26-Mar-24,91.65,91.65,91.65,91.65,74.42,-
27-Mar-24,90.26,90.26,90.26,90.26,75.44,-
28-Mar-24,90.05,90.05,90.05,90.05,75.26,-
01-Apr-24,89.28,89.28,89.28,89.28,74.62,-
02-Apr-24,87.61,87.61,87.61,87.61,73.22,-
03-Apr-24,87.78,87.78,87.78,87.78,73.37,-
04-Apr-24,87.12,87.12,87.12,87.12,72.81,-
05-Apr-24,87.69,87.69,87.69,87.69,73.29,-
08-Apr-24,87.59,87.59,87.59,87.59,73.21,-
09-Apr-24,87.98,87.98,87.98,87.98,73.53,-
10-Apr-24,86.98,86.98,86.98,86.98,72.7,-
11-Apr-24,86.9,86.9,86.9,86.9,72.63,-
12-Apr-24,85.69,85.69,85.69,85.69,71.62,-
15-Apr-24,85.36,85.36,85.36,85.36,71.34,-
16-Apr-24,85.31,85.31,85.31,85.31,71.3,-
17-Apr-24,85.0,85.0,85.0,85.0,71.04,-
18-Apr-24,84.82,84.82,84.82,84.82,70.89,-
19-Apr-24,85.05,85.05,85.05,85.05,71.08,-
22-Apr-24,85.66,85.66,85.66,85.66,71.59,-
23-Apr-24,86.76,86.76,86.76,86.76,72.51,-
24-Apr-24,86.7,86.7,86.7,86.7,72.46,-
25-Apr-24,86.67,86.67,86.67,86.67,72.44,-
26-Apr-24,87.01,87.01,87.01,87.01,72.72,-
29-Apr-24,87.39,87.39,87.39,87.39,73.04,-
30-Apr-24,87.44,87.44,87.44,87.44,73.08,-
01-May-24,88.0,88.0,88.0,88.0,73.55,-
02-May-24,88.42,88.42,88.42,88.42,73.9,-
03-May-24,88.56,88.56,88.56,88.56,74.02,-
06-May-24,89.0,89.0,89.0,89.0,74.39,-
07-May-24,89.53,89.53,89.53,89.53,74.83,-
08-May-24,89.17,89.17,89.17,89.17,74.53,-
09-May-24,89.74,89.74,89.74,89.74,75.0,-
10-May-24,89.79,89.79,89.79,89.79,75.05,-
13-May-24,89.8,89.8,89.8,89.8,75.05,-
14-May-24,90.17,90.17,90.17,90.17,75.36,-
15-May-24,91.53,91.53,91.53,91.53,76.5,-
16-May-24,91.26,91.26,91.26,91.26,76.27,-
17-May-24,91.2,91.2,91.2,91.2,76.22,-
20-May-24,91.36,91.36,91.36,91.36,76.36,-
21-May-24,91.56,91.56,91.56,91.56,76.52,-
22-May-24,91.74,91.74,91.74,91.74,76.68,-
23-May-24,90.8,90.8,90.8,90.8,75.89,-
24-May-24,90.66,90.66,90.66,90.66,75.77,-
28-May-24,89.75,89.75,89.75,89.75,75.01,-
29-May-24,88.85,88.85,88.85,88.85,74.26,-
30-May-24,89.19,89.19,89.19,89.19,74.54,-
31-May-24,90.29,90.29,90.29,90.29,75.46,-
03-Jun-24,90.97,90.97,90.97,90.97,76.03,-
04-Jun-24,91.36,91.36,91.36,91.36,76.36,-
05-Jun-24,92.32,92.32,92.32,92.32,77.16,-
06-Jun-24,92.39,92.39,92.39,92.39,77.22,-
07-Jun-24,91.97,91.97,91.97,91.97,76.87,-
10-Jun-24,92.27,92.27,92.27,92.27,77.12,-
11-Jun-24,91.97,91.97,91.97,91.97,76.87,-
12-Jun-24,92.27,92.27,92.27,92.27,77.12,-
13-Jun-24,92.12,92.12,92.12,92.12,76.99,-
14-Jun-24,91.58,91.58,91.58,91.58,76.54,-
17-Jun-24,91.09,91.09,91.09,91.09,76.13,-
18-Jun-24,91.0,91.0,91.0,91.0,76.06,-
20-Jun-24,91.12,91.12,91.12,91.12,76.16,-
21-Jun-24,91.67,91.67,91.67,91.67,76.62,-
24-Jun-24,93.05,93.05,93.05,93.05,77.77,-
25-Jun-24,93.39,93.39,93.39,93.39,78.05,-
26-Jun-24,93.0,93.0,93.0,93.0,77.73,-
27-Jun-24,93.18,93.18,93.18,93.18,77.88,-
28-Jun-24,92.81,92.81,92.81,92.81,77.57,-
01-Jul-24,92.35,92.35,92.35,92.35,77.18,-
02-Jul-24,92.25,92.25,92.25,92.25,77.1,-
03-Jul-24,91.79,91.79,91.79,91.79,76.72,-
05-Jul-24,92.66,92.66,92.66,92.66,77.44,-
08-Jul-24,92.98,92.98,92.98,92.98,77.71,-
09-Jul-24,93.32,93.32,93.32,93.32,78.0,-
10-Jul-24,94.24,94.24,94.24,94.24,78.76,-
11-Jul-24,95.1,95.1,95.1,95.1,79.48,-
12-Jul-24,95.81,95.81,95.81,95.81,80.08,-
15-Jul-24,95.4,95.4,95.4,95.4,79.73,-
16-Jul-24,96.53,96.53,96.53,96.53,80.68,-
17-Jul-24,96.02,96.02,96.02,96.02,80.25,-
18-Jul-24,93.85,93.85,93.85,93.85,78.44,-
19-Jul-24,94.26,94.26,94.26,94.26,78.78,-
22-Jul-24,95.04,95.04,95.04,95.04,79.43,-
23-Jul-24,95.16,95.16,95.16,95.16,79.53,-
24-Jul-24,95.43,95.43,95.43,95.43,79.76,-
25-Jul-24,94.79,94.79,94.79,94.79,79.22,-
26-Jul-24,95.14,95.14,95.14,95.14,79.52,-
29-Jul-24,95.43,95.43,95.43,95.43,79.76,-
30-Jul-24,95.27,95.27,95.27,95.27,79.63,-
31-Jul-24,95.47,95.47,95.47,95.47,79.79,-
01-Aug-24,96.03,96.03,96.03,96.03,80.26,-
02-Aug-24,95.26,95.26,95.26,95.26,79.62,-
05-Aug-24,92.74,92.74,92.74,92.74,77.51,-
06-Aug-24,93.14,93.14,93.14,93.14,77.85,-
07-Aug-24,92.43,92.43,92.43,92.43,77.25,-
08-Aug-24,94.56,94.56,94.56,94.56,79.03,-
09-Aug-24,95.3,95.3,95.3,95.3,79.65,-
12-Aug-24,95.02,95.02,95.02,95.02,79.42,-
13-Aug-24,96.37,96.37,96.37,96.37,80.54,-
14-Aug-24,96.5,96.5,96.5,96.5,80.65,-
15-Aug-24,97.41,97.41,97.41,97.41,81.41,-
16-Aug-24,97.51,97.51,97.51,97.51,81.5,-
19-Aug-24,98.32,98.32,98.32,98.32,82.17,-
20-Aug-24,98.72,98.72,98.72,98.72,82.51,-
21-Aug-24,99.2,99.2,99.2,99.2,82.91,-
22-Aug-24,99.12,99.12,99.12,99.12,82.84,-
23-Aug-24,99.87,99.87,99.87,99.87,83.47,-
26-Aug-24,99.47,99.47,99.47,99.47,83.14,-
27-Aug-24,99.9,99.9,99.9,99.9,83.5,-
28-Aug-24,99.8,99.8,99.8,99.8,83.41,-
29-Aug-24,100.19,100.19,100.19,100.19,83.74,-
30-Aug-24,100.47,100.47,100.47,100.47,83.97,-
03-Sep-24,99.41,99.41,99.41,99.41,83.09,-
04-Sep-24,99.19,99.19,99.19,99.19,82.9,-
05-Sep-24,98.13,98.13,98.13,98.13,82.02,-
06-Sep-24,97.46,97.46,97.46,97.46,81.46,-
09-Sep-24,97.86,97.86,97.86,97.86,81.79,-
10-Sep-24,97.68,97.68,97.68,97.68,81.64,-
11-Sep-24,97.93,97.93,97.93,97.93,81.85,-
12-Sep-24,97.95,97.95,97.95,97.95,81.87,-
13-Sep-24,98.34,98.34,98.34,98.34,82.19,-
16-Sep-24,98.96,98.96,98.96,98.96,82.71,-
17-Sep-24,97.82,97.82,97.82,97.82,81.76,-
18-Sep-24,97.74,97.74,97.74,97.74,81.69,-
19-Sep-24,98.38,98.38,98.38,98.38,82.22,-
20-Sep-24,97.63,97.63,97.63,97.63,81.6,-
23-Sep-24,96.97,96.97,96.97,96.97,81.05,-
24-Sep-24,96.8,96.8,96.8,96.8,80.9,-
25-Sep-24,96.2,96.2,96.2,96.2,80.4,-
26-Sep-24,96.44,96.44,96.44,96.44,80.6,-
27-Sep-24,96.04,96.04,96.04,96.04,80.27,-
30-Sep-24,96.2,96.2,96.2,96.2,80.4,-
01-Oct-24,95.64,95.64,95.64,95.64,79.93,-
02-Oct-24,95.28,95.28,95.28,95.28,79.63,-
03-Oct-24,94.32,94.32,94.32,94.32,78.83,-
04-Oct-24,94.42,94.42,94.42,94.42,78.91,-
07-Oct-24,93.88,93.88,93.88,93.88,78.46,-
08-Oct-24,94.34,94.34,94.34,94.34,78.85,-
09-Oct-24,95.05,95.05,95.05,95.05,79.44,-
10-Oct-24,94.99,94.99,94.99,94.99,79.39,-
11-Oct-24,95.95,95.95,95.95,95.95,80.19,-
14-Oct-24,96.45,96.45,96.45,96.45,80.61,-
15-Oct-24,95.21,95.21,95.21,95.21,79.58,-
16-Oct-24,95.68,95.68,95.68,95.68,79.97,-
17-Oct-24,95.2,95.2,95.2,95.2,79.57,-
18-Oct-24,95.63,95.63,95.63,95.63,79.93,-
21-Oct-24,94.57,94.57,94.57,94.57,79.04,-
22-Oct-24,94.14,94.14,94.14,94.14,78.68,-
23-Oct-24,93.45,93.45,93.45,93.45,78.1,-
24-Oct-24,93.04,93.04,93.04,93.04,77.76,-
25-Oct-24,92.74,92.74,92.74,92.74,77.51,-
28-Oct-24,93.08,93.08,93.08,93.08,77.8,-
29-Oct-24,92.78,92.78,92.78,92.78,77.54,-
30-Oct-24,92.06,92.06,92.06,92.06,76.94,-
31-Oct-24,90.95,90.95,90.95,90.95,76.01,-
01-Nov-24,91.42,91.42,91.42,91.42,76.41,-
04-Nov-24,91.05,91.05,91.05,91.05,76.1,-
05-Nov-24,91.35,91.35,91.35,91.35,76.35,-
06-Nov-24,90.96,90.96,90.96,90.96,76.02,-
07-Nov-24,91.53,91.53,91.53,91.53,76.5,-
08-Nov-24,92.08,92.08,92.08,92.08,76.96,-
11-Nov-24,92.11,92.11,92.11,92.11,76.98,-
12-Nov-24,90.66,90.66,90.66,90.66,75.77,-
13-Nov-24,90.12,90.12,90.12,90.12,75.32,-
14-Nov-24,88.76,88.76,88.76,88.76,74.18,-
15-Nov-24,86.25,86.25,86.25,86.25,72.09,-
18-Nov-24,85.81,85.81,85.81,85.81,71.72,-
19-Nov-24,85.91,85.91,85.91,85.91,71.8,-
20-Nov-24,86.89,86.89,86.89,86.89,72.62,-
21-Nov-24,87.25,87.25,87.25,87.25,72.92,-
22-Nov-24,87.68,87.68,87.68,87.68,73.28,-
25-Nov-24,88.83,88.83,88.83,88.83,74.24,-
26-Nov-24,89.27,89.27,89.27,89.27,74.61,-
27-Nov-24,90.01,90.01,90.01,90.01,75.23,-
29-Nov-24,90.41,90.41,90.41,90.41,75.56,-
02-Dec-24,90.48,90.48,90.48,90.48,75.62,-
03-Dec-24,90.45,90.45,90.45,90.45,75.6,-
04-Dec-24,90.66,90.66,90.66,90.66,75.77,-
05-Dec-24,89.65,89.65,89.65,89.65,74.93,-
06-Dec-24,89.5,89.5,89.5,89.5,74.8,-
09-Dec-24,89.64,89.64,89.64,89.64,74.92,-
10-Dec-24,88.91,88.91,88.91,88.91,74.31,-
11-Dec-24,88.37,88.37,88.37,88.37,73.86,-
12-Dec-24,87.3,87.3,87.3,87.3,72.96,-
13-Dec-24,87.01,87.01,87.01,87.01,72.72,-
16-Dec-24,86.73,86.73,86.73,86.73,72.49,-
17-Dec-24,86.66,86.66,86.66,86.66,72.43,-
18-Dec-24,84.99,84.99,84.99,84.99,71.03,-
19-Dec-24,84.34,84.34,84.34,84.34,70.49,-
20-Dec-24,76.76,76.76,76.76,76.76,70.4,-
23-Dec-24,77.67,77.67,77.67,77.67,71.23,-
24-Dec-24,77.76,77.76,77.76,77.76,71.31,-
26-Dec-24,77.94,77.94,77.94,77.94,71.48,-
27-Dec-24,77.64,77.64,77.64,77.64,71.2,-
30-Dec-24,76.76,76.76,76.76,76.76,70.4,-
31-Dec-24,76.89,76.89,76.89,76.89,70.52,-
02-Jan-25,77.03,77.03,77.03,77.03,70.64,-
03-Jan-25,77.73,77.73,77.73,77.73,71.29,-
06-Jan-25,77.76,77.76,77.76,77.76,71.31,-
07-Jan-25,78.15,78.15,78.15,78.15,71.67,-
08-Jan-25,78.53,78.53,78.53,78.53,72.02,-
10-Jan-25,77.86,77.86,77.86,77.86,71.4,-
13-Jan-25,78.4,78.4,78.4,78.4,71.9,-
14-Jan-25,77.22,77.22,77.22,77.22,70.82,-
15-Jan-25,77.77,77.77,77.77,77.77,71.32,-
16-Jan-25,77.65,77.65,77.65,77.65,71.21,-
17-Jan-25,76.97,76.97,76.97,76.97,70.59,-
21-Jan-25,78.62,78.62,78.62,78.62,72.1,-
22-Jan-25,78.68,78.68,78.68,78.68,72.16,-
23-Jan-25,79.69,79.69,79.69,79.69,73.08,-
24-Jan-25,80.14,80.14,80.14,80.14,73.5,-
27-Jan-25,81.34,81.34,81.34,81.34,74.6,-
28-Jan-25,81.11,81.11,81.11,81.11,74.39,-
29-Jan-25,80.63,80.63,80.63,80.63,73.94,-
30-Jan-25,81.7,81.7,81.7,81.7,74.93,-
31-Jan-25,81.01,81.01,81.01,81.01,74.29,-
03-Feb-25,80.74,80.74,80.74,80.74,74.05,-
04-Feb-25,80.48,80.48,80.48,80.48,73.81,-
05-Feb-25,81.49,81.49,81.49,81.49,74.73,-
06-Feb-25,80.92,80.92,80.92,80.92,74.21,-
07-Feb-25,80.34,80.34,80.34,80.34,73.68,-
10-Feb-25,80.08,80.08,80.08,80.08,73.44,-
11-Feb-25,79.58,79.58,79.58,79.58,72.98,-
12-Feb-25,79.43,79.43,79.43,79.43,72.84,-
13-Feb-25,79.83,79.83,79.83,79.83,73.21,-
14-Feb-25,78.94,78.94,78.94,78.94,72.4,-
18-Feb-25,79.18,79.18,79.18,79.18,72.62,-
19-Feb-25,79.84,79.84,79.84,79.84,73.22,-
20-Feb-25,80.07,80.07,80.07,80.07,73.43,-
21-Feb-25,79.73,79.73,79.73,79.73,73.12,-
24-Feb-25,79.9,79.9,79.9,79.9,73.28,-
25-Feb-25,80.38,80.38,80.38,80.38,73.72,-
26-Feb-25,79.9,79.9,79.9,79.9,73.28,-
27-Feb-25,79.47,79.47,79.47,79.47,72.88,-
28-Feb-25,80.08,80.08,80.08,80.08,73.44,-
03-Mar-25,79.91,79.91,79.91,79.91,73.28,-
04-Mar-25,79.85,79.85,79.85,79.85,73.23,-
05-Mar-25,81.09,81.09,81.09,81.09,74.37,-
06-Mar-25,80.49,80.49,80.49,80.49,73.82,-
07-Mar-25,80.13,80.13,80.13,80.13,73.49,-
10-Mar-25,78.09,78.09,78.09,78.09,71.62,-
11-Mar-25,77.64,77.64,77.64,77.64,71.2,-
12-Mar-25,77.7,77.7,77.7,77.7,71.26,-
13-Mar-25,77.31,77.31,77.31,77.31,70.9,-
14-Mar-25,78.08,78.08,78.08,78.08,71.61,-
17-Mar-25,79.41,79.41,79.41,79.41,72.83,-
18-Mar-25,79.09,79.09,79.09,79.09,72.53,-
19-Mar-25,79.35,79.35,79.35,79.35,72.77,-
20-Mar-25,79.39,79.39,79.39,79.39,72.81,-
21-Mar-25,79.16,79.16,79.16,79.16,72.6,-
24-Mar-25,79.7,79.7,79.7,79.7,73.09,-
25-Mar-25,78.75,78.75,78.75,78.75,72.22,-
26-Mar-25,77.98,77.98,77.98,77.98,71.51,-
27-Mar-25,78.03,78.03,78.03,78.03,71.56,-
28-Mar-25,76.32,76.32,76.32,76.32,71.35,-
31-Mar-25,75.9,75.9,75.9,75.9,70.95,-
01-Apr-25,74.85,74.85,74.85,74.85,69.97,-
02-Apr-25,75.22,75.22,75.22,75.22,70.32,-
03-Apr-25,74.86,74.86,74.86,74.86,69.98,-
04-Apr-25,70.82,70.82,70.82,70.82,66.2,-
07-Apr-25,70.06,70.06,70.06,70.06,65.49,-
08-Apr-25,69.42,69.42,69.42,69.42,64.9,-
09-Apr-25,72.11,72.11,72.11,72.11,67.41,-
10-Apr-25,70.19,70.19,70.19,70.19,65.62,-
11-Apr-25,71.56,71.56,71.56,71.56,66.9,-
14-Apr-25,72.69,72.69,72.69,72.69,67.95,-
15-Apr-25,72.37,72.37,72.37,72.37,67.65,-
16-Apr-25,71.63,71.63,71.63,71.63,66.96,-
17-Apr-25,71.51,71.51,71.51,71.51,66.85,-
21-Apr-25,70.46,70.46,70.46,70.46,65.87,-
22-Apr-25,71.66,71.66,71.66,71.66,66.99,-
23-Apr-25,72.23,72.23,72.23,72.23,67.52,-
24-Apr-25,73.49,73.49,73.49,73.49,68.7,-
25-Apr-25,73.92,73.92,73.92,73.92,69.1,-
28-Apr-25,74.21,74.21,74.21,74.21,69.37,-
29-Apr-25,74.87,74.87,74.87,74.87,69.99,-
30-Apr-25,75.66,75.66,75.66,75.66,70.73,-
01-May-25,73.86,73.86,73.86,73.86,69.05,-
02-May-25,75.27,75.27,75.27,75.27,70.36,-
05-May-25,75.16,75.16,75.16,75.16,70.26,-
06-May-25,72.67,72.67,72.67,72.67,67.93,-
07-May-25,72.67,72.67,72.67,72.67,67.93,-
08-May-25,71.65,71.65,71.65,71.65,66.98,-
09-May-25,70.92,70.92,70.92,70.92,66.3,-
12-May-25,72.36,72.36,72.36,72.36,67.64,-
13-May-25,70.41,70.41,70.41,70.41,65.82,-
14-May-25,69.01,69.01,69.01,69.01,64.51,-
15-May-25,69.94,69.94,69.94,69.94,65.38,-
16-May-25,71.28,71.28,71.28,71.28,66.63,-
19-May-25,72.18,72.18,72.18,72.18,67.48,-
20-May-25,72.68,72.68,72.68,72.68,67.94,-
21-May-25,71.3,71.3,71.3,71.3,66.65,-
22-May-25,71.02,71.02,71.02,71.02,66.39,-
23-May-25,70.89,70.89,70.89,70.89,66.27,-
27-May-25,71.58,71.58,71.58,71.58,66.92,-
28-May-25,71.05,71.05,71.05,71.05,66.42,-
29-May-25,71.78,71.78,71.78,71.78,67.1,-
30-May-25,72.39,72.39,72.39,72.39,67.67,-
02-Jun-25,72.87,72.87,72.87,72.87,68.12,-
03-Jun-25,72.63,72.63,72.63,72.63,67.9,-
04-Jun-25,73.01,73.01,73.01,73.01,68.25,-
05-Jun-25,72.87,72.87,72.87,72.87,68.12,-
06-Jun-25,73.55,73.55,73.55,73.55,68.76,-
09-Jun-25,73.47,73.47,73.47,73.47,68.68,-
10-Jun-25,74.33,74.33,74.33,74.33,69.49,-
11-Jun-25,74.2,74.2,74.2,74.2,69.36,-
12-Jun-25,74.91,74.91,74.91,74.91,70.03,-
13-Jun-25,74.33,74.33,74.33,74.33,69.49,-
16-Jun-25,73.63,73.63,73.63,73.63,68.83,-
17-Jun-25,72.36,72.36,72.36,72.36,67.64,-
18-Jun-25,72.34,72.34,72.34,72.34,67.63,-
20-Jun-25,71.79,71.79,71.79,71.79,67.11,-
23-Jun-25,72.13,72.13,72.13,72.13,67.43,-
24-Jun-25,72.13,72.13,72.13,72.13,67.43,-
25-Jun-25,72.85,72.85,72.85,72.85,68.1,-
26-Jun-25,73.01,73.01,73.01,73.01,68.25,-
27-Jun-25,73.13,73.13,73.13,73.13,68.36,-
30-Jun-25,73.32,73.32,73.32,73.32,68.54,-
01-Jul-25,73.91,73.91,73.91,73.91,69.09,-
02-Jul-25,73.37,73.37,73.37,73.37,68.59,-
03-Jul-25,73.17,73.17,73.17,73.17,68.4,-
07-Jul-25,72.6,72.6,72.6,72.6,67.87,-
08-Jul-25,72.88,72.88,72.88,72.88,68.13,-
09-Jul-25,73.66,73.66,73.66,73.66,68.86,-
10-Jul-25,74.04,74.04,74.04,74.04,69.21,-
11-Jul-25,73.34,73.34,73.34,73.34,68.56,-
14-Jul-25,73.58,73.58,73.58,73.58,68.78,-
15-Jul-25,72.1,72.1,72.1,72.1,67.4,-
16-Jul-25,72.85,72.85,72.85,72.85,68.1,-
17-Jul-25,72.16,72.16,72.16,72.16,67.46,-
18-Jul-25,71.55,71.55,71.55,71.55,66.89,-
21-Jul-25,71.22,71.22,71.22,71.22,66.58,-
22-Jul-25,72.24,72.24,72.24,72.24,67.53,-
23-Jul-25,74.01,74.01,74.01,74.01,69.19,-
24-Jul-25,73.82,73.82,73.82,73.82,69.01,-
25-Jul-25,74.15,74.15,74.15,74.15,69.32,-
28-Jul-25,73.48,73.48,73.48,73.48,68.69,-
29-Jul-25,72.79,72.79,72.79,72.79,68.05,-
30-Jul-25,72.81,72.81,72.81,72.81,68.07,-
31-Jul-25,71.34,71.34,71.34,71.34,66.69,-
01-Aug-25,71.91,71.91,71.91,71.91,67.22,-
04-Aug-25,72.81,72.81,72.81,72.81,68.07,-
05-Aug-25,72.3,72.3,72.3,72.3,67.59,-
06-Aug-25,71.34,71.34,71.34,71.34,66.69,-
07-Aug-25,70.42,70.42,70.42,70.42,65.83,-
08-Aug-25,70.59,70.59,70.59,70.59,65.99,-
11-Aug-25,70.53,70.53,70.53,70.53,65.93,-
12-Aug-25,71.33,71.33,71.33,71.33,66.68,-
13-Aug-25,72.74,72.74,72.74,72.74,68.0,-
14-Aug-25,73.11,73.11,73.11,73.11,68.35,-
15-Aug-25,74.14,74.14,74.14,74.14,69.31,-
18-Aug-25,74.14,74.14,74.14,74.14,69.31,-
19-Aug-25,74.54,74.54,74.54,74.54,69.68,-
20-Aug-25,74.86,74.86,74.86,74.86,69.98,-
21-Aug-25,74.76,74.76,74.76,74.76,69.89,-
22-Aug-25,75.38,75.38,75.38,75.38,70.47,-
25-Aug-25,74.28,74.28,74.28,74.28,69.44,-
26-Aug-25,74.99,74.99,74.99,74.99,70.1,-
27-Aug-25,75.03,75.03,75.03,75.03,70.14,-
28-Aug-25,74.92,74.92,74.92,74.92,70.04,-
29-Aug-25,75.04,75.04,75.04,75.04,70.15,-
02-Sep-25,75.76,75.76,75.76,75.76,70.82,-
03-Sep-25,75.99,75.99,75.99,75.99,71.04,-
04-Sep-25,76.24,76.24,76.24,76.24,71.27,-
05-Sep-25,76.74,76.74,76.74,76.74,71.74,-
08-Sep-25,76.95,76.95,76.95,76.95,71.94,-
09-Sep-25,77.38,77.38,77.38,77.38,72.34,-
10-Sep-25,76.5,76.5,76.5,76.5,71.51,-
11-Sep-25,77.54,77.54,77.54,77.54,72.49,-
12-Sep-25,76.63,76.63,76.63,76.63,71.64,-
15-Sep-25,75.89,75.89,75.89,75.89,70.94,-
16-Sep-25,75.99,75.99,75.99,75.99,71.04,-
17-Sep-25,75.81,75.81,75.81,75.81,70.87,-
18-Sep-25,76.23,76.23,76.23,76.23,71.26,-
19-Sep-25,75.76,75.76,75.76,75.76,70.82,-
22-Sep-25,76.15,76.15,76.15,76.15,71.19,-
23-Sep-25,75.98,75.98,75.98,75.98,71.03,-
24-Sep-25,75.75,75.75,75.75,75.75,70.81,-
25-Sep-25,74.38,74.38,74.38,74.38,69.53,-
26-Sep-25,75.1,75.1,75.1,75.1,70.21,-
29-Sep-25,75.87,75.87,75.87,75.87,70.93,-
30-Sep-25,77.77,77.77,77.77,77.77,72.7,-
01-Oct-25,80.38,80.38,80.38,80.38,75.14,-
02-Oct-25,80.46,80.46,80.46,80.46,75.22,-
03-Oct-25,81.37,81.37,81.37,81.37,76.07,-
06-Oct-25,81.28,81.28,81.28,81.28,75.98,-
07-Oct-25,81.3,81.3,81.3,81.3,76.0,-
08-Oct-25,81.49,81.49,81.49,81.49,76.18,-
09-Oct-25,81.64,81.64,81.64,81.64,76.32,-
10-Oct-25,80.45,80.45,80.45,80.45,75.21,-
13-Oct-25,80.42,80.42,80.42,80.42,75.18,-
14-Oct-25,80.46,80.46,80.46,80.46,75.22,-
15-Oct-25,80.81,80.81,80.81,80.81,75.54,-
16-Oct-25,80.62,80.62,80.62,80.62,75.37,-
17-Oct-25,80.95,80.95,80.95,80.95,75.67,-
20-Oct-25,81.7,81.7,81.7,81.7,76.38,-
21-Oct-25,81.55,81.55,81.55,81.55,76.24,-
22-Oct-25,81.66,81.66,81.66,81.66,76.34,-
23-Oct-25,81.88,81.88,81.88,81.88,76.54,-
24-Oct-25,81.75,81.75,81.75,81.75,76.42,-
27-Oct-25,82.51,82.51,82.51,82.51,77.13,-
28-Oct-25,81.9,81.9,81.9,81.9,76.56,-
29-Oct-25,81.31,81.31,81.31,81.31,76.01,-
30-Oct-25,81.66,81.66,81.66,81.66,76.34,-
31-Oct-25,81.77,81.77,81.77,81.77,76.44,-
03-Nov-25,81.43,81.43,81.43,81.43,76.12,-
04-Nov-25,81.49,81.49,81.49,81.49,76.18,-
05-Nov-25,81.62,81.62,81.62,81.62,76.3,-
06-Nov-25,82.11,82.11,82.11,82.11,76.76,-
07-Nov-25,82.26,82.26,82.26,82.26,76.9,-
10-Nov-25,83.15,83.15,83.15,83.15,77.73,-
11-Nov-25,84.99,84.99,84.99,84.99,79.45,-
12-Nov-25,85.84,85.84,85.84,85.84,80.25,-
13-Nov-25,85.6,85.6,85.6,85.6,80.02,-
14-Nov-25,85.76,85.76,85.76,85.76,80.17,-
17-Nov-25,85.71,85.71,85.71,85.71,80.12,-
18-Nov-25,86.1,86.1,86.1,86.1,80.49,-
19-Nov-25,85.85,85.85,85.85,85.85,80.26,-
20-Nov-25,85.37,85.37,85.37,85.37,79.81,-
21-Nov-25,87.03,87.03,87.03,87.03,81.36,-
24-Nov-25,87.58,87.58,87.58,87.58,81.87,-
25-Nov-25,89.54,89.54,89.54,89.54,83.7,-
26-Nov-25,89.69,89.69,89.69,89.69,83.85,-
28-Nov-25,89.34,89.34,89.34,89.34,83.52,-
01-Dec-25,87.86,87.86,87.86,87.86,82.13,-
02-Dec-25,87.64,87.64,87.64,87.64,81.93,-
03-Dec-25,88.2,88.2,88.2,88.2,82.45,-
04-Dec-25,88.0,88.0,88.0,88.0,82.27,-
05-Dec-25,87.72,87.72,87.72,87.72,82.0,-
08-Dec-25,87.32,87.32,87.32,87.32,81.63,-
09-Dec-25,86.24,86.24,86.24,86.24,80.62,-
10-Dec-25,87.35,87.35,87.35,87.35,81.66,-
11-Dec-25,87.77,87.77,87.77,87.77,82.05,-
12-Dec-25,87.88,87.88,87.88,87.88,82.15,-
15-Dec-25,88.59,88.59,88.59,88.59,82.82,-
16-Dec-25,87.75,87.75,87.75,87.75,82.03,-
17-Dec-25,87.31,87.31,87.31,87.31,81.62,-
18-Dec-25,87.4,87.4,87.4,87.4,81.7,-
19-Dec-25,86.04,86.04,86.04,86.04,82.59,-
22-Dec-25,86.63,86.63,86.63,86.63,83.15,-
23-Dec-25,86.72,86.72,86.72,86.72,83.24,-
24-Dec-25,86.97,86.97,86.97,86.97,83.48,-
26-Dec-25,87.09,87.09,87.09,87.09,83.59,-
29-Dec-25,86.78,86.78,86.78,86.78,83.3,-
30-Dec-25,86.57,86.57,86.57,86.57,83.1,-
31-Dec-25,86.25,86.25,86.25,86.25,82.79,-
02-Jan-26,86.53,86.53,86.53,86.53,83.06,-
05-Jan-26,86.37,86.37,86.37,86.37,82.9,-
06-Jan-26,87.99,87.99,87.99,87.99,84.46,-
07-Jan-26,88.96,88.96,88.96,88.96,85.39,-
08-Jan-26,88.19,88.19,88.19,88.19,84.65,-
09-Jan-26,88.13,88.13,88.13,88.13,84.59,-
12-Jan-26,87.92,87.92,87.92,87.92,84.39,-
13-Jan-26,87.69,87.69,87.69,87.69,84.17,-
14-Jan-26,88.39,88.39,88.39,88.39,84.84,-
15-Jan-26,87.68,87.68,87.68,87.68,84.16,-
16-Jan-26,86.88,86.88,86.88,86.88,83.39,-
20-Jan-26,86.67,86.67,86.67,86.67,83.19,-
21-Jan-26,88.02,88.02,88.02,88.02,84.49,-
22-Jan-26,88.27,88.27,88.27,88.27,84.73,-
23-Jan-26,87.92,87.92,87.92,87.92,84.39,-
26-Jan-26,88.25,88.25,88.25,88.25,84.71,-
27-Jan-26,87.25,87.25,87.25,87.25,83.75,-
28-Jan-26,86.12,86.12,86.12,86.12,82.66,-
29-Jan-26,86.11,86.11,86.11,86.11,82.65,-
30-Jan-26,86.29,86.29,86.29,86.29,82.83,-
02-Feb-26,87.12,87.12,87.12,87.12,83.62,-
03-Feb-26,86.45,86.45,86.45,86.45,82.98,-
04-Feb-26,86.9,86.9,86.9,86.9,83.41,-
05-Feb-26,85.78,85.78,85.78,85.78,82.34,-
06-Feb-26,87.35,87.35,87.35,87.35,83.84,-
09-Feb-26,86.9,86.9,86.9,86.9,83.41,-
10-Feb-26,86.65,86.65,86.65,86.65,83.17,-
11-Feb-26,87.3,87.3,87.3,87.3,83.8,-
12-Feb-26,86.79,86.79,86.79,86.79,83.31,-
13-Feb-26,87.66,87.66,87.66,87.66,84.14,-
17-Feb-26,88.01,88.01,88.01,88.01,84.48,-
18-Feb-26,88.29,88.29,88.29,88.29,84.75,-
19-Feb-26,88.17,88.17,88.17,88.17,84.63,-
20-Feb-26,87.94,87.94,87.94,87.94,84.41,-
23-Feb-26,88.53,88.53,88.53,88.53,84.98,-
24-Feb-26,88.22,88.22,88.22,88.22,84.68,-
25-Feb-26,88.29,88.29,88.29,88.29,84.75,-
26-Feb-26,87.81,87.81,87.81,87.81,84.29,-
27-Feb-26,89.0,89.0,89.0,89.0,85.43,-
02-Mar-26,87.78,87.78,87.78,87.78,84.26,-
03-Mar-26,86.54,86.54,86.54,86.54,83.07,-
04-Mar-26,87.01,87.01,87.01,87.01,83.52,-
05-Mar-26,85.33,85.33,85.33,85.33,81.9,-
06-Mar-26,84.67,84.67,84.67,84.67,81.27,-
09-Mar-26,85.96,85.96,85.96,85.96,82.51,-
10-Mar-26,85.63,85.63,85.63,85.63,82.19,-
11-Mar-26,85.18,85.18,85.18,85.18,81.76,-
12-Mar-26,83.52,83.52,83.52,83.52,80.17,-
13-Mar-26,83.01,83.01,83.01,83.01,79.68,-
16-Mar-26,83.84,83.84,83.84,83.84,80.47,-
17-Mar-26,83.57,83.57,83.57,83.57,80.22,-
18-Mar-26,82.19,82.19,82.19,82.19,78.89,-
19-Mar-26,82.06,82.06,82.06,82.06,78.77,-
20-Mar-26,81.04,81.04,81.04,81.04,77.79,-
23-Mar-26,81.32,81.32,81.32,81.32,78.06,-
24-Mar-26,81.26,81.26,81.26,81.26,78.0,-
25-Mar-26,82.52,82.52,82.52,82.52,79.21,-
26-Mar-26,81.94,81.94,81.94,81.94,78.65,-
27-Mar-26,80.82,80.82,80.82,80.82,77.58,-
30-Mar-26,77.91,77.91,77.91,77.91,77.91,-
31-Mar-26,80.29,80.29,80.29,80.29,80.29,-
01-Apr-26,81.23,81.23,81.23,81.23,81.23,-
02-Apr-26,81.1,81.1,81.1,81.1,81.1,-
06-Apr-26,81.01,81.01,81.01,81.01,81.01,-
07-Apr-26,81.34,81.34,81.34,81.34,81.34,-
08-Apr-26,82.86,82.86,82.86,82.86,82.86,-
09-Apr-26,82.71,82.71,82.71,82.71,82.71,-
10-Apr-26,81.78,81.78,81.78,81.78,81.78,-
13-Apr-26,82.49,82.49,82.49,82.49,82.49,-
14-Apr-26,82.86,82.86,82.86,82.86,82.86,-
15-Apr-26,82.49,82.49,82.49,82.49,82.49,-
16-Apr-26,81.79,81.79,81.79,81.79,81.79,-
17-Apr-26,83.1,83.1,83.1,83.1,83.1,-
20-Apr-26,82.41,82.41,82.41,82.41,82.41,-
21-Apr-26,81.09,81.09,81.09,81.09,81.09,-
22-Apr-26,81.49,81.49,81.49,81.49,81.49,-
23-Apr-26,81.31,81.31,81.31,81.31,81.31,-
24-Apr-26,80.19,80.19,80.19,80.19,80.19,-
27-Apr-26,79.6,79.6,79.6,79.6,79.6,-
28-Apr-26,79.57,79.57,79.57,79.57,79.57,-
29-Apr-26,78.86,78.86,78.86,78.86,78.86,-
30-Apr-26,80.31,80.31,80.31,80.31,80.31,-
01-May-26,79.95,79.95,79.95,79.95,79.95,-
04-May-26,80.05,80.05,80.05,80.05,80.05,-
05-May-26,80.07,80.07,80.07,80.07,80.07,-
06-May-26,80.51,80.51,80.51,80.51,80.51,-
07-May-26,79.76,79.76,79.76,79.76,79.76,-
08-May-26,79.42,79.42,79.42,79.42,79.42,-
11-May-26,79.15,79.15,79.15,79.15,79.15,-
12-May-26,80.36,80.36,80.36,80.36,80.36,-
13-May-26,80.79,80.79,80.79,80.79,80.79,-
14-May-26,80.61,80.61,80.61,80.61,80.61,-
15-May-26,79.51,79.51,79.51,79.51,79.51,-
18-May-26,79.55,79.55,79.55,79.55,79.55,-
19-May-26,80.12,80.12,80.12,80.12,80.12,-
20-May-26,80.58,80.58,80.58,80.58,80.58,-
21-May-26,81.08,81.08,81.08,81.08,81.08,-
22-May-26,81.59,81.59,81.59,81.59,81.59,-
26-May-26,81.14,81.14,81.14,81.14,81.14,-
27-May-26,81.11,81.11,81.11,81.11,81.11,-
28-May-26,81.8,81.8,81.8,81.8,81.8,-
29-May-26,81.44,81.44,81.44,81.44,81.44,-
01-Jun-26,80.18,80.18,80.18,80.18,80.18,-
02-Jun-26,78.94,78.94,78.94,78.94,78.94,-
03-Jun-26,79.35,79.35,79.35,79.35,79.35,-
04-Jun-26,81.56,81.56,81.56,81.56,81.56,-
05-Jun-26,81.7,81.7,81.7,81.7,81.7,-
08-Jun-26,81.4,81.4,81.4,81.4,81.4,-
09-Jun-26,82.58,82.58,82.58,82.58,82.58,-
10-Jun-26,81.55,81.55,81.55,81.55,81.55,-
11-Jun-26,82.58,82.58,82.58,82.58,82.58,-
12-Jun-26,82.53,82.53,82.53,82.53,82.53,-
15-Jun-26,82.22,82.22,82.22,82.22,82.22,-
16-Jun-26,82.11,82.11,82.11,82.11,82.11,-
17-Jun-26,81.69,81.69,81.69,81.69,81.69,-
18-Jun-26,81.28,81.28,81.28,81.28,81.28,-
22-Jun-26,82.04,82.04,82.04,82.04,82.04,-
23-Jun-26,83.03,83.03,83.03,83.03,83.03,-
24-Jun-26,83.78,83.78,83.78,83.78,83.78,-
25-Jun-26,84.92,84.92,84.92,84.92,84.92,-
26-Jun-26,86.78,86.78,86.78,86.78,86.78,-
29-Jun-26,87.27,87.27,87.27,87.27,87.27,-
30-Jun-26,86.5,86.5,86.5,86.5,86.5,-
01-Jul-26,86.49,86.49,86.49,86.49,86.49,-
02-Jul-26,89.01,89.01,89.01,89.01,89.01,-
06-Jul-26,88.2,88.2,88.2,88.2,88.2,-
07-Jul-26,89.59,89.59,89.59,89.59,89.59,-
08-Jul-26,88.45,88.45,88.45,88.45,88.45,-
09-Jul-26,88.11,88.11,88.11,88.11,88.11,-
10-Jul-26,87.05,87.05,87.05,87.05,87.05,-
13-Jul-26,86.57,86.57,86.57,86.57,86.57,-
14-Jul-26,85.21,85.21,85.21,85.21,85.21,-
15-Jul-26,85.38,85.38,85.38,85.38,85.38,-
16-Jul-26,86.35,86.35,86.35,86.35,86.35,-
17-Jul-26,85.95,85.95,85.95,85.95,85.95,-
20-Jul-26,84.89,84.89,84.89,84.89,84.89,-
21-Jul-26,85.78,85.78,85.78,85.78,85.78,-
22-Jul-26,85.09,85.09,85.09,85.09,85.09,-
23-Jul-26,85.87,85.87,85.87,85.87,85.87,-
24-Jul-26,86.22,86.22,86.22,86.22,86.22,-
27-Jul-26,86.69,86.69,86.69,86.69,86.69,-
28-Jul-26,88.09,88.09,88.09,88.09,88.09,-
29-Jul-26,87.6,87.6,87.6,87.6,87.6,-
30-Jul-26,86.49,86.49,86.49,86.49,86.49,-
31-Jul-26,85.65,85.65,85.65,85.65,85.65,-
03-Aug-26,85.39,85.39,85.39,85.39,85.39,-
04-Aug-26,85.71,85.71,85.71,85.71,85.71,-
05-Aug-26,86.69,86.69,86.69,86.69,86.69,-
06-Aug-26,86.94,86.94,86.94,86.94,86.94,-
07-Aug-26,87.85,87.85,87.85,87.85,87.85,-
10-Aug-26,88.96,88.96,88.96,88.96,88.96,-
11-Aug-26,88.61,88.61,88.61,88.61,88.61,-
12-Aug-26,88.77,88.77,88.77,88.77,88.77,-
13-Aug-26,88.36,88.36,88.36,88.36,88.36,-
14-Aug-26,88.02,88.02,88.02,88.02,88.02,-
17-Aug-26,88.29,88.29,88.29,88.29,88.29,-
