Date,Open,High,Low,Close,Adj Close,Volume
29-Mar-85,10,10.0,10.0,10.0,0.89,-
1-Apr-85,10,10.0,10.0,10.0,0.89,-
2-Apr-85,10.02,10.02,10.02,10.02,0.89,-
3-Apr-85,10,10.0,10.0,10.0,0.89,-
4-Apr-85,10,10.0,10.0,10.0,0.89,-
8-Apr-85,10,10.0,10.0,10.0,0.89,-
9-Apr-85,10.01,10.01,10.01,10.01,0.89,-
10-Apr-85,10.06,10.06,10.06,10.06,0.9,-
11-Apr-85,10.08,10.08,10.08,10.08,0.9,-
12-Apr-85,10.08,10.08,10.08,10.08,0.9,-
15-Apr-85,10.08,10.08,10.08,10.08,0.9,-
16-Apr-85,10.09,10.09,10.09,10.09,0.9,-
17-Apr-85,10.1,10.1,10.1,10.1,0.9,-
18-Apr-85,10.1,10.1,10.1,10.1,0.9,-
19-Apr-85,10.1,10.1,10.1,10.1,0.9,-
22-Apr-85,10.09,10.09,10.09,10.09,0.9,-
23-Apr-85,10.09,10.09,10.09,10.09,0.9,-
24-Apr-85,10.1,10.1,10.1,10.1,0.9,-
25-Apr-85,10.12,10.12,10.12,10.12,0.9,-
26-Apr-85,10.09,10.09,10.09,10.09,0.9,-
29-Apr-85,10.06,10.06,10.06,10.06,0.9,-
30-Apr-85,10.26,10.26,10.26,10.26,0.92,-
1-May-85,10.05,10.05,10.05,10.05,0.9,-
2-May-85,10.07,10.07,10.07,10.07,0.9,-
3-May-85,10.11,10.11,10.11,10.11,0.9,-
6-May-85,10.12,10.12,10.12,10.12,0.9,-
7-May-85,10.16,10.16,10.16,10.16,0.91,-
8-May-85,10.13,10.13,10.13,10.13,0.9,-
9-May-85,10.16,10.16,10.16,10.16,0.91,-
10-May-85,10.23,10.23,10.23,10.23,0.91,-
13-May-85,10.23,10.23,10.23,10.23,0.91,-
14-May-85,10.22,10.22,10.22,10.22,0.91,-
15-May-85,10.24,10.24,10.24,10.24,0.91,-
16-May-85,10.27,10.27,10.27,10.27,0.92,-
17-May-85,10.32,10.32,10.32,10.32,0.92,-
20-May-85,10.39,10.39,10.39,10.39,0.93,-
21-May-85,10.4,10.4,10.4,10.4,0.93,-
22-May-85,10.35,10.35,10.35,10.35,0.92,-
23-May-85,10.33,10.33,10.33,10.33,0.92,-
24-May-85,10.36,10.36,10.36,10.36,0.92,-
28-May-85,10.4,10.4,10.4,10.4,0.93,-
29-May-85,10.38,10.38,10.38,10.38,0.93,-
30-May-85,10.38,10.38,10.38,10.38,0.93,-
31-May-85,10.4,10.4,10.4,10.4,0.93,-
3-Jun-85,10.4,10.4,10.4,10.4,0.93,-
4-Jun-85,10.44,10.44,10.44,10.44,0.93,-
5-Jun-85,10.49,10.49,10.49,10.49,0.94,-
6-Jun-85,10.5,10.5,10.5,10.5,0.94,-
7-Jun-85,10.45,10.45,10.45,10.45,0.93,-
10-Jun-85,10.45,10.45,10.45,10.45,0.93,-
11-Jun-85,10.45,10.45,10.45,10.45,0.93,-
12-Jun-85,10.43,10.43,10.43,10.43,0.93,-
13-Jun-85,10.39,10.39,10.39,10.39,0.93,-
14-Jun-85,10.46,10.46,10.46,10.46,0.93,-
17-Jun-85,10.45,10.45,10.45,10.45,0.93,-
18-Jun-85,10.48,10.48,10.48,10.48,0.94,-
19-Jun-85,10.44,10.44,10.44,10.44,0.93,-
20-Jun-85,10.43,10.43,10.43,10.43,0.93,-
21-Jun-85,10.46,10.46,10.46,10.46,0.93,-
24-Jun-85,10.45,10.45,10.45,10.45,0.93,-
25-Jun-85,10.46,10.46,10.46,10.46,0.93,-
26-Jun-85,10.47,10.47,10.47,10.47,0.93,-
27-Jun-85,10.51,10.51,10.51,10.51,0.94,-
28-Jun-85,10.56,10.56,10.56,10.56,0.94,-
1-Jul-85,10.6,10.6,10.6,10.6,0.95,-
2-Jul-85,10.59,10.59,10.59,10.59,0.95,-
3-Jul-85,10.58,10.58,10.58,10.58,0.94,-
5-Jul-85,10.63,10.63,10.63,10.63,0.95,-
8-Jul-85,10.61,10.61,10.61,10.61,0.95,-
9-Jul-85,10.59,10.59,10.59,10.59,0.95,-
10-Jul-85,10.62,10.62,10.62,10.62,0.95,-
11-Jul-85,10.61,10.61,10.61,10.61,0.95,-
12-Jul-85,10.63,10.63,10.63,10.63,0.95,-
15-Jul-85,10.62,10.62,10.62,10.62,0.95,-
16-Jul-85,10.65,10.65,10.65,10.65,0.95,-
17-Jul-85,10.59,10.59,10.59,10.59,0.95,-
18-Jul-85,10.59,10.59,10.59,10.59,0.95,-
19-Jul-85,10.59,10.59,10.59,10.59,0.95,-
22-Jul-85,10.55,10.55,10.55,10.55,0.95,-
23-Jul-85,10.51,10.51,10.51,10.51,0.94,-
24-Jul-85,10.5,10.5,10.5,10.5,0.94,-
25-Jul-85,10.5,10.5,10.5,10.5,0.94,-
26-Jul-85,10.52,10.52,10.52,10.52,0.94,-
29-Jul-85,10.47,10.47,10.47,10.47,0.94,-
30-Jul-85,10.47,10.47,10.47,10.47,0.94,-
31-Jul-85,10.51,10.51,10.51,10.51,0.94,-
1-Aug-85,10.54,10.54,10.54,10.54,0.95,-
2-Aug-85,10.51,10.51,10.51,10.51,0.94,-
5-Aug-85,10.49,10.49,10.49,10.49,0.94,-
6-Aug-85,10.45,10.45,10.45,10.45,0.94,-
7-Aug-85,10.45,10.45,10.45,10.45,0.94,-
8-Aug-85,10.49,10.49,10.49,10.49,0.94,-
9-Aug-85,10.49,10.49,10.49,10.49,0.94,-
12-Aug-85,10.46,10.46,10.46,10.46,0.94,-
13-Aug-85,10.45,10.45,10.45,10.45,0.94,-
14-Aug-85,10.46,10.46,10.46,10.46,0.94,-
15-Aug-85,10.47,10.47,10.47,10.47,0.94,-
16-Aug-85,10.45,10.45,10.45,10.45,0.94,-
19-Aug-85,10.47,10.47,10.47,10.47,0.94,-
20-Aug-85,10.51,10.51,10.51,10.51,0.94,-
21-Aug-85,10.54,10.54,10.54,10.54,0.95,-
22-Aug-85,10.51,10.51,10.51,10.51,0.94,-
23-Aug-85,10.51,10.51,10.51,10.51,0.94,-
26-Aug-85,10.51,10.51,10.51,10.51,0.94,-
27-Aug-85,10.54,10.54,10.54,10.54,0.95,-
28-Aug-85,10.56,10.56,10.56,10.56,0.95,-
29-Aug-85,10.57,10.57,10.57,10.57,0.95,-
30-Aug-85,10.56,10.56,10.56,10.56,0.95,-
3-Sep-85,10.54,10.54,10.54,10.54,0.95,-
4-Sep-85,10.54,10.54,10.54,10.54,0.95,-
5-Sep-85,10.54,10.54,10.54,10.54,0.95,-
6-Sep-85,10.52,10.52,10.52,10.52,0.94,-
9-Sep-85,10.52,10.52,10.52,10.52,0.94,-
10-Sep-85,10.51,10.51,10.51,10.51,0.94,-
11-Sep-85,10.44,10.44,10.44,10.44,0.94,-
12-Sep-85,10.41,10.41,10.41,10.41,0.93,-
13-Sep-85,10.4,10.4,10.4,10.4,0.93,-
16-Sep-85,10.4,10.4,10.4,10.4,0.93,-
17-Sep-85,10.35,10.35,10.35,10.35,0.93,-
18-Sep-85,10.33,10.33,10.33,10.33,0.93,-
19-Sep-85,10.37,10.37,10.37,10.37,0.93,-
20-Sep-85,10.38,10.38,10.38,10.38,0.93,-
23-Sep-85,10.45,10.45,10.45,10.45,0.94,-
24-Sep-85,10.4,10.4,10.4,10.4,0.93,-
25-Sep-85,10.37,10.37,10.37,10.37,0.93,-
26-Sep-85,10.4,10.4,10.4,10.4,0.93,-
30-Sep-85,10.41,10.41,10.41,10.41,0.93,-
1-Oct-85,10.48,10.48,10.48,10.48,0.94,-
2-Oct-85,10.5,10.5,10.5,10.5,0.94,-
3-Oct-85,10.5,10.5,10.5,10.5,0.94,-
4-Oct-85,10.49,10.49,10.49,10.49,0.94,-
7-Oct-85,10.46,10.46,10.46,10.46,0.94,-
8-Oct-85,10.49,10.49,10.49,10.49,0.94,-
9-Oct-85,10.49,10.49,10.49,10.49,0.94,-
10-Oct-85,10.5,10.5,10.5,10.5,0.94,-
11-Oct-85,10.55,10.55,10.55,10.55,0.95,-
14-Oct-85,10.59,10.59,10.59,10.59,0.95,-
15-Oct-85,10.58,10.58,10.58,10.58,0.95,-
16-Oct-85,10.62,10.62,10.62,10.62,0.95,-
17-Oct-85,10.64,10.64,10.64,10.64,0.95,-
18-Oct-85,10.64,10.64,10.64,10.64,0.95,-
21-Oct-85,10.63,10.63,10.63,10.63,0.95,-
22-Oct-85,10.66,10.66,10.66,10.66,0.96,-
23-Oct-85,10.67,10.67,10.67,10.67,0.96,-
24-Oct-85,10.66,10.66,10.66,10.66,0.96,-
25-Oct-85,10.63,10.63,10.63,10.63,0.95,-
28-Oct-85,10.68,10.68,10.68,10.68,0.96,-
29-Oct-85,10.71,10.71,10.71,10.71,0.96,-
30-Oct-85,10.76,10.76,10.76,10.76,0.96,-
31-Oct-85,10.76,10.76,10.76,10.76,0.96,-
1-Nov-85,10.8,10.8,10.8,10.8,0.97,-
4-Nov-85,10.81,10.81,10.81,10.81,0.97,-
5-Nov-85,10.83,10.83,10.83,10.83,0.97,-
6-Nov-85,10.84,10.84,10.84,10.84,0.97,-
7-Nov-85,10.81,10.81,10.81,10.81,0.97,-
8-Nov-85,10.84,10.84,10.84,10.84,0.97,-
11-Nov-85,10.92,10.92,10.92,10.92,0.98,-
12-Nov-85,10.98,10.98,10.98,10.98,0.98,-
13-Nov-85,10.97,10.97,10.97,10.97,0.98,-
14-Nov-85,11.01,11.01,11.01,11.01,0.99,-
15-Nov-85,10.99,10.99,10.99,10.99,0.99,-
18-Nov-85,11.02,11.02,11.02,11.02,0.99,-
19-Nov-85,11.04,11.04,11.04,11.04,0.99,-
20-Nov-85,11.03,11.03,11.03,11.03,0.99,-
21-Nov-85,11.1,11.1,11.1,11.1,1.0,-
22-Nov-85,11.11,11.11,11.11,11.11,1.0,-
25-Nov-85,11.09,11.09,11.09,11.09,0.99,-
26-Nov-85,11.1,11.1,11.1,11.1,1.0,-
27-Nov-85,11.12,11.12,11.12,11.12,1.0,-
29-Nov-85,11.14,11.14,11.14,11.14,1.0,-
2-Dec-85,11.11,11.11,11.11,11.11,1.0,-
3-Dec-85,11.1,11.1,11.1,11.1,1.0,-
4-Dec-85,11.19,11.19,11.19,11.19,1.0,-
5-Dec-85,11.21,11.21,11.21,11.21,1.01,-
6-Dec-85,11.14,11.14,11.14,11.14,1.0,-
9-Dec-85,11.21,11.21,11.21,11.21,1.01,-
10-Dec-85,11.22,11.22,11.22,11.22,1.01,-
11-Dec-85,11.29,11.29,11.29,11.29,1.01,-
12-Dec-85,11.29,11.29,11.29,11.29,1.01,-
13-Dec-85,11.35,11.35,11.35,11.35,1.02,-
16-Dec-85,11.41,11.41,11.41,11.41,1.02,-
17-Dec-85,11.41,11.41,11.41,11.41,1.02,-
18-Dec-85,11.4,11.4,11.4,11.4,1.02,-
19-Dec-85,11.38,11.38,11.38,11.38,1.02,-
20-Dec-85,11.39,11.39,11.39,11.39,1.02,-
23-Dec-85,11.32,11.32,11.32,11.32,1.02,-
24-Dec-85,11.28,11.28,11.28,11.28,1.01,-
26-Dec-85,11.29,11.29,11.29,11.29,1.01,-
27-Dec-85,11.35,11.35,11.35,11.35,1.02,-
30-Dec-85,11.41,11.41,11.41,11.41,1.02,-
31-Dec-85,11.45,11.45,11.45,11.45,1.03,-
2-Jan-86,11.44,11.44,11.44,11.44,1.03,-
3-Jan-86,11.47,11.47,11.47,11.47,1.03,-
6-Jan-86,11.48,11.48,11.48,11.48,1.03,-
7-Jan-86,11.59,11.59,11.59,11.59,1.04,-
8-Jan-86,11.46,11.46,11.46,11.46,1.03,-
9-Jan-86,10.49,10.49,10.49,10.49,0.99,-
10-Jan-86,10.52,10.52,10.52,10.52,1.0,-
13-Jan-86,10.52,10.52,10.52,10.52,1.0,-
14-Jan-86,10.53,10.53,10.53,10.53,1.0,-
15-Jan-86,10.59,10.59,10.59,10.59,1.0,-
16-Jan-86,10.59,10.59,10.59,10.59,1.0,-
17-Jan-86,10.6,10.6,10.6,10.6,1.0,-
20-Jan-86,10.58,10.58,10.58,10.58,1.0,-
21-Jan-86,10.53,10.53,10.53,10.53,1.0,-
22-Jan-86,10.49,10.49,10.49,10.49,0.99,-
23-Jan-86,10.49,10.49,10.49,10.49,0.99,-
24-Jan-86,10.55,10.55,10.55,10.55,1.0,-
27-Jan-86,10.58,10.58,10.58,10.58,1.0,-
28-Jan-86,10.68,10.68,10.68,10.68,1.01,-
29-Jan-86,10.71,10.71,10.71,10.71,1.01,-
30-Jan-86,10.68,10.68,10.68,10.68,1.01,-
31-Jan-86,10.71,10.71,10.71,10.71,1.01,-
3-Feb-86,10.77,10.77,10.77,10.77,1.02,-
4-Feb-86,10.74,10.74,10.74,10.74,1.02,-
5-Feb-86,10.71,10.71,10.71,10.71,1.01,-
6-Feb-86,10.73,10.73,10.73,10.73,1.02,-
7-Feb-86,10.73,10.73,10.73,10.73,1.02,-
10-Feb-86,10.81,10.81,10.81,10.81,1.02,-
11-Feb-86,10.84,10.84,10.84,10.84,1.03,-
12-Feb-86,10.87,10.87,10.87,10.87,1.03,-
13-Feb-86,10.94,10.94,10.94,10.94,1.04,-
14-Feb-86,10.99,10.99,10.99,10.99,1.04,-
18-Feb-86,11.07,11.07,11.07,11.07,1.05,-
19-Feb-86,11.01,11.01,11.01,11.01,1.04,-
20-Feb-86,11.05,11.05,11.05,11.05,1.05,-
21-Feb-86,11.1,11.1,11.1,11.1,1.05,-
24-Feb-86,11.11,11.11,11.11,11.11,1.05,-
25-Feb-86,11.09,11.09,11.09,11.09,1.05,-
26-Feb-86,11.11,11.11,11.11,11.11,1.05,-
27-Feb-86,11.21,11.21,11.21,11.21,1.06,-
28-Feb-86,11.22,11.22,11.22,11.22,1.06,-
3-Mar-86,11.17,11.17,11.17,11.17,1.06,-
4-Mar-86,11.18,11.18,11.18,11.18,1.06,-
5-Mar-86,11.12,11.12,11.12,11.12,1.05,-
6-Mar-86,11.12,11.12,11.12,11.12,1.05,-
7-Mar-86,11.16,11.16,11.16,11.16,1.06,-
10-Mar-86,11.19,11.19,11.19,11.19,1.06,-
11-Mar-86,11.32,11.32,11.32,11.32,1.07,-
12-Mar-86,11.37,11.37,11.37,11.37,1.08,-
13-Mar-86,11.38,11.38,11.38,11.38,1.08,-
14-Mar-86,11.44,11.44,11.44,11.44,1.08,-
17-Mar-86,11.38,11.38,11.38,11.38,1.08,-
18-Mar-86,11.42,11.42,11.42,11.42,1.08,-
19-Mar-86,11.44,11.44,11.44,11.44,1.08,-
20-Mar-86,11.44,11.44,11.44,11.44,1.08,-
21-Mar-86,11.47,11.47,11.47,11.47,1.09,-
24-Mar-86,11.49,11.49,11.49,11.49,1.09,-
25-Mar-86,11.48,11.48,11.48,11.48,1.09,-
26-Mar-86,11.57,11.57,11.57,11.57,1.1,-
27-Mar-86,11.63,11.63,11.63,11.63,1.1,-
31-Mar-86,11.63,11.63,11.63,11.63,1.1,-
1-Apr-86,11.54,11.54,11.54,11.54,1.09,-
2-Apr-86,11.54,11.54,11.54,11.54,1.09,-
3-Apr-86,11.48,11.48,11.48,11.48,1.09,-
4-Apr-86,11.42,11.42,11.42,11.42,1.08,-
7-Apr-86,11.4,11.4,11.4,11.4,1.08,-
8-Apr-86,11.5,11.5,11.5,11.5,1.09,-
9-Apr-86,11.52,11.52,11.52,11.52,1.09,-
10-Apr-86,11.62,11.62,11.62,11.62,1.1,-
11-Apr-86,11.6,11.6,11.6,11.6,1.1,-
14-Apr-86,11.61,11.61,11.61,11.61,1.1,-
15-Apr-86,11.61,11.61,11.61,11.61,1.1,-
16-Apr-86,11.72,11.72,11.72,11.72,1.11,-
17-Apr-86,11.74,11.74,11.74,11.74,1.11,-
18-Apr-86,11.72,11.72,11.72,11.72,1.11,-
21-Apr-86,11.74,11.74,11.74,11.74,1.11,-
22-Apr-86,11.69,11.69,11.69,11.69,1.11,-
23-Apr-86,11.66,11.66,11.66,11.66,1.1,-
24-Apr-86,11.63,11.63,11.63,11.63,1.1,-
25-Apr-86,11.63,11.63,11.63,11.63,1.1,-
28-Apr-86,11.74,11.74,11.74,11.74,1.11,-
29-Apr-86,11.59,11.59,11.59,11.59,1.1,-
30-Apr-86,11.47,11.47,11.47,11.47,1.09,-
1-May-86,11.47,11.47,11.47,11.47,1.09,-
2-May-86,11.46,11.46,11.46,11.46,1.09,-
5-May-86,11.53,11.53,11.53,11.53,1.09,-
6-May-86,11.52,11.52,11.52,11.52,1.09,-
7-May-86,11.52,11.52,11.52,11.52,1.09,-
8-May-86,11.56,11.56,11.56,11.56,1.09,-
9-May-86,11.56,11.56,11.56,11.56,1.09,-
12-May-86,11.56,11.56,11.56,11.56,1.09,-
13-May-86,11.52,11.52,11.52,11.52,1.09,-
14-May-86,11.53,11.53,11.53,11.53,1.09,-
15-May-86,11.45,11.45,11.45,11.45,1.08,-
16-May-86,11.42,11.42,11.42,11.42,1.08,-
19-May-86,11.43,11.43,11.43,11.43,1.08,-
20-May-86,11.49,11.49,11.49,11.49,1.09,-
21-May-86,11.49,11.49,11.49,11.49,1.09,-
22-May-86,11.59,11.59,11.59,11.59,1.1,-
23-May-86,11.62,11.62,11.62,11.62,1.1,-
27-May-86,11.69,11.69,11.69,11.69,1.11,-
28-May-86,11.73,11.73,11.73,11.73,1.11,-
29-May-86,11.73,11.73,11.73,11.73,1.11,-
30-May-86,11.72,11.72,11.72,11.72,1.11,-
2-Jun-86,11.66,11.66,11.66,11.66,1.1,-
3-Jun-86,11.66,11.66,11.66,11.66,1.1,-
4-Jun-86,11.61,11.61,11.61,11.61,1.1,-
5-Jun-86,11.64,11.64,11.64,11.64,1.1,-
6-Jun-86,11.66,11.66,11.66,11.66,1.1,-
9-Jun-86,11.53,11.53,11.53,11.53,1.09,-
10-Jun-86,11.51,11.51,11.51,11.51,1.09,-
11-Jun-86,11.55,11.55,11.55,11.55,1.09,-
12-Jun-86,11.57,11.57,11.57,11.57,1.1,-
13-Jun-86,11.67,11.67,11.67,11.67,1.11,-
16-Jun-86,11.69,11.69,11.69,11.69,1.11,-
17-Jun-86,11.65,11.65,11.65,11.65,1.1,-
18-Jun-86,11.67,11.67,11.67,11.67,1.11,-
19-Jun-86,11.65,11.65,11.65,11.65,1.1,-
20-Jun-86,11.71,11.71,11.71,11.71,1.11,-
23-Jun-86,11.68,11.68,11.68,11.68,1.11,-
24-Jun-86,11.74,11.74,11.74,11.74,1.11,-
25-Jun-86,11.82,11.82,11.82,11.82,1.12,-
26-Jun-86,11.81,11.81,11.81,11.81,1.12,-
27-Jun-86,11.85,11.85,11.85,11.85,1.12,-
30-Jun-86,11.88,11.88,11.88,11.88,1.13,-
1-Jul-86,11.88,11.88,11.88,11.88,1.13,-
2-Jul-86,11.89,11.89,11.89,11.89,1.13,-
3-Jul-86,11.88,11.88,11.88,11.88,1.13,-
7-Jul-86,11.72,11.72,11.72,11.72,1.11,-
8-Jul-86,11.65,11.65,11.65,11.65,1.1,-
9-Jul-86,11.69,11.69,11.69,11.69,1.11,-
10-Jul-86,11.71,11.71,11.71,11.71,1.11,-
11-Jul-86,11.7,11.7,11.7,11.7,1.11,-
14-Jul-86,11.65,11.65,11.65,11.65,1.1,-
15-Jul-86,11.55,11.55,11.55,11.55,1.09,-
16-Jul-86,11.34,11.34,11.34,11.34,1.1,-
17-Jul-86,11.35,11.35,11.35,11.35,1.1,-
18-Jul-86,11.36,11.36,11.36,11.36,1.1,-
21-Jul-86,11.41,11.41,11.41,11.41,1.1,-
22-Jul-86,11.44,11.44,11.44,11.44,1.11,-
23-Jul-86,11.43,11.43,11.43,11.43,1.11,-
24-Jul-86,11.4,11.4,11.4,11.4,1.1,-
25-Jul-86,11.46,11.46,11.46,11.46,1.11,-
28-Jul-86,11.35,11.35,11.35,11.35,1.1,-
29-Jul-86,11.33,11.33,11.33,11.33,1.1,-
30-Jul-86,11.34,11.34,11.34,11.34,1.1,-
31-Jul-86,11.32,11.32,11.32,11.32,1.1,-
1-Aug-86,11.28,11.28,11.28,11.28,1.09,-
4-Aug-86,11.33,11.33,11.33,11.33,1.1,-
5-Aug-86,11.4,11.4,11.4,11.4,1.1,-
6-Aug-86,11.39,11.39,11.39,11.39,1.1,-
7-Aug-86,11.4,11.4,11.4,11.4,1.1,-
8-Aug-86,11.39,11.39,11.39,11.39,1.1,-
11-Aug-86,11.5,11.5,11.5,11.5,1.11,-
12-Aug-86,11.58,11.58,11.58,11.58,1.12,-
13-Aug-86,11.67,11.67,11.67,11.67,1.13,-
14-Aug-86,11.68,11.68,11.68,11.68,1.13,-
15-Aug-86,11.7,11.7,11.7,11.7,1.13,-
18-Aug-86,11.73,11.73,11.73,11.73,1.14,-
19-Aug-86,11.73,11.73,11.73,11.73,1.14,-
20-Aug-86,11.85,11.85,11.85,11.85,1.15,-
21-Aug-86,11.85,11.85,11.85,11.85,1.15,-
22-Aug-86,11.84,11.84,11.84,11.84,1.15,-
25-Aug-86,11.8,11.8,11.8,11.8,1.14,-
26-Aug-86,11.9,11.9,11.9,11.9,1.15,-
27-Aug-86,11.91,11.91,11.91,11.91,1.15,-
28-Aug-86,11.87,11.87,11.87,11.87,1.15,-
29-Aug-86,11.88,11.88,11.88,11.88,1.15,-
2-Sep-86,11.79,11.79,11.79,11.79,1.14,-
3-Sep-86,11.8,11.8,11.8,11.8,1.14,-
4-Sep-86,11.88,11.88,11.88,11.88,1.15,-
5-Sep-86,11.79,11.79,11.79,11.79,1.14,-
8-Sep-86,11.7,11.7,11.7,11.7,1.13,-
9-Sep-86,11.7,11.7,11.7,11.7,1.13,-
10-Sep-86,11.7,11.7,11.7,11.7,1.13,-
11-Sep-86,11.44,11.44,11.44,11.44,1.11,-
12-Sep-86,11.3,11.3,11.3,11.3,1.09,-
15-Sep-86,11.34,11.34,11.34,11.34,1.1,-
16-Sep-86,11.33,11.33,11.33,11.33,1.1,-
17-Sep-86,11.34,11.34,11.34,11.34,1.1,-
18-Sep-86,11.33,11.33,11.33,11.33,1.1,-
19-Sep-86,11.33,11.33,11.33,11.33,1.1,-
22-Sep-86,11.4,11.4,11.4,11.4,1.1,-
23-Sep-86,11.41,11.41,11.41,11.41,1.1,-
24-Sep-86,11.46,11.46,11.46,11.46,1.11,-
25-Sep-86,11.37,11.37,11.37,11.37,1.1,-
26-Sep-86,11.38,11.38,11.38,11.38,1.1,-
29-Sep-86,11.31,11.31,11.31,11.31,1.09,-
30-Sep-86,11.36,11.36,11.36,11.36,1.1,-
1-Oct-86,11.43,11.43,11.43,11.43,1.11,-
2-Oct-86,11.42,11.42,11.42,11.42,1.11,-
3-Oct-86,11.41,11.41,11.41,11.41,1.1,-
6-Oct-86,11.44,11.44,11.44,11.44,1.11,-
7-Oct-86,11.45,11.45,11.45,11.45,1.11,-
8-Oct-86,11.52,11.52,11.52,11.52,1.12,-
9-Oct-86,11.48,11.48,11.48,11.48,1.11,-
10-Oct-86,11.47,11.47,11.47,11.47,1.11,-
13-Oct-86,11.49,11.49,11.49,11.49,1.11,-
14-Oct-86,11.48,11.48,11.48,11.48,1.11,-
15-Oct-86,11.53,11.53,11.53,11.53,1.12,-
16-Oct-86,11.54,11.54,11.54,11.54,1.12,-
17-Oct-86,11.52,11.52,11.52,11.52,1.12,-
20-Oct-86,11.47,11.47,11.47,11.47,1.11,-
21-Oct-86,11.48,11.48,11.48,11.48,1.11,-
22-Oct-86,11.49,11.49,11.49,11.49,1.11,-
23-Oct-86,11.57,11.57,11.57,11.57,1.12,-
24-Oct-86,11.56,11.56,11.56,11.56,1.12,-
27-Oct-86,11.59,11.59,11.59,11.59,1.12,-
28-Oct-86,11.6,11.6,11.6,11.6,1.12,-
29-Oct-86,11.64,11.64,11.64,11.64,1.13,-
30-Oct-86,11.74,11.74,11.74,11.74,1.14,-
31-Oct-86,11.73,11.73,11.73,11.73,1.14,-
3-Nov-86,11.79,11.79,11.79,11.79,1.14,-
4-Nov-86,11.79,11.79,11.79,11.79,1.14,-
5-Nov-86,11.8,11.8,11.8,11.8,1.14,-
6-Nov-86,11.78,11.78,11.78,11.78,1.14,-
7-Nov-86,11.78,11.78,11.78,11.78,1.14,-
10-Nov-86,11.78,11.78,11.78,11.78,1.14,-
11-Nov-86,11.8,11.8,11.8,11.8,1.14,-
12-Nov-86,11.8,11.8,11.8,11.8,1.14,-
13-Nov-86,11.72,11.72,11.72,11.72,1.13,-
14-Nov-86,11.75,11.75,11.75,11.75,1.14,-
17-Nov-86,11.72,11.72,11.72,11.72,1.13,-
18-Nov-86,11.6,11.6,11.6,11.6,1.12,-
19-Nov-86,11.63,11.63,11.63,11.63,1.13,-
20-Nov-86,11.73,11.73,11.73,11.73,1.14,-
21-Nov-86,11.81,11.81,11.81,11.81,1.14,-
24-Nov-86,11.85,11.85,11.85,11.85,1.15,-
25-Nov-86,11.87,11.87,11.87,11.87,1.15,-
26-Nov-86,11.88,11.88,11.88,11.88,1.15,-
28-Nov-86,11.9,11.9,11.9,11.9,1.15,-
1-Dec-86,11.91,11.91,11.91,11.91,1.15,-
2-Dec-86,12.03,12.03,12.03,12.03,1.16,-
3-Dec-86,12.02,12.02,12.02,12.02,1.16,-
4-Dec-86,11.98,11.98,11.98,11.98,1.16,-
5-Dec-86,11.93,11.93,11.93,11.93,1.15,-
8-Dec-86,11.9,11.9,11.9,11.9,1.15,-
9-Dec-86,11.44,11.44,11.44,11.44,1.11,-
10-Dec-86,11.49,11.49,11.49,11.49,1.11,-
11-Dec-86,11.44,11.44,11.44,11.44,1.11,-
12-Dec-86,11.44,11.44,11.44,11.44,1.11,-
15-Dec-86,11.48,11.48,11.48,11.48,1.11,-
16-Dec-86,11.51,11.51,11.51,11.51,1.11,-
17-Dec-86,11.45,11.45,11.45,11.45,1.11,-
18-Dec-86,11.43,11.43,11.43,11.43,1.11,-
19-Dec-86,11.5,11.5,11.5,11.5,1.11,-
22-Dec-86,11.48,11.48,11.48,11.48,1.11,-
23-Dec-86,11.41,11.41,11.41,11.41,1.1,-
24-Dec-86,11.43,11.43,11.43,11.43,1.11,-
26-Dec-86,11.44,11.44,11.44,11.44,1.11,-
29-Dec-86,11.39,11.39,11.39,11.39,1.1,-
30-Dec-86,11.36,11.36,11.36,11.36,1.1,-
31-Dec-86,11.34,11.34,11.34,11.34,1.1,-
2-Jan-87,11.46,11.46,11.46,11.46,1.11,-
5-Jan-87,11.64,11.64,11.64,11.64,1.13,-
6-Jan-87,11.67,11.67,11.67,11.67,1.13,-
7-Jan-87,11.75,11.75,11.75,11.75,1.14,-
8-Jan-87,11.82,11.82,11.82,11.82,1.14,-
9-Jan-87,11.88,11.88,11.88,11.88,1.15,-
12-Jan-87,11.93,11.93,11.93,11.93,1.15,-
13-Jan-87,11.93,11.93,11.93,11.93,1.15,-
14-Jan-87,11.99,11.99,11.99,11.99,1.16,-
15-Jan-87,12.05,12.05,12.05,12.05,1.17,-
16-Jan-87,12.07,12.07,12.07,12.07,1.17,-
19-Jan-87,12.11,12.11,12.11,12.11,1.17,-
20-Jan-87,11.66,11.66,11.66,11.66,1.16,-
21-Jan-87,11.64,11.64,11.64,11.64,1.16,-
22-Jan-87,11.75,11.75,11.75,11.75,1.17,-
23-Jan-87,11.68,11.68,11.68,11.68,1.17,-
26-Jan-87,11.64,11.64,11.64,11.64,1.16,-
27-Jan-87,11.72,11.72,11.72,11.72,1.17,-
28-Jan-87,11.74,11.74,11.74,11.74,1.17,-
29-Jan-87,11.77,11.77,11.77,11.77,1.18,-
30-Jan-87,11.77,11.77,11.77,11.77,1.18,-
2-Feb-87,11.81,11.81,11.81,11.81,1.18,-
3-Feb-87,11.79,11.79,11.79,11.79,1.18,-
4-Feb-87,11.88,11.88,11.88,11.88,1.19,-
5-Feb-87,11.94,11.94,11.94,11.94,1.19,-
6-Feb-87,11.91,11.91,11.91,11.91,1.19,-
9-Feb-87,11.87,11.87,11.87,11.87,1.19,-
10-Feb-87,11.79,11.79,11.79,11.79,1.18,-
11-Feb-87,11.84,11.84,11.84,11.84,1.18,-
12-Feb-87,11.81,11.81,11.81,11.81,1.18,-
13-Feb-87,11.94,11.94,11.94,11.94,1.19,-
17-Feb-87,12,12.0,12.0,12.0,1.2,-
18-Feb-87,12.03,12.03,12.03,12.03,1.2,-
19-Feb-87,12.08,12.08,12.08,12.08,1.21,-
20-Feb-87,12.08,12.08,12.08,12.08,1.21,-
23-Feb-87,11.97,11.97,11.97,11.97,1.2,-
24-Feb-87,11.99,11.99,11.99,11.99,1.2,-
25-Feb-87,11.98,11.98,11.98,11.98,1.2,-
26-Feb-87,11.94,11.94,11.94,11.94,1.19,-
27-Feb-87,11.97,11.97,11.97,11.97,1.2,-
2-Mar-87,11.97,11.97,11.97,11.97,1.2,-
3-Mar-87,11.99,11.99,11.99,11.99,1.2,-
4-Mar-87,12.09,12.09,12.09,12.09,1.21,-
5-Mar-87,12.12,12.12,12.12,12.12,1.21,-
6-Mar-87,12.11,12.11,12.11,12.11,1.21,-
9-Mar-87,12.08,12.08,12.08,12.08,1.21,-
10-Mar-87,12.14,12.14,12.14,12.14,1.21,-
11-Mar-87,12.12,12.12,12.12,12.12,1.21,-
12-Mar-87,12.15,12.15,12.15,12.15,1.21,-
13-Mar-87,12.13,12.13,12.13,12.13,1.21,-
16-Mar-87,12.08,12.08,12.08,12.08,1.21,-
17-Mar-87,12.15,12.15,12.15,12.15,1.21,-
18-Mar-87,12.15,12.15,12.15,12.15,1.21,-
19-Mar-87,12.17,12.17,12.17,12.17,1.22,-
20-Mar-87,12.22,12.22,12.22,12.22,1.22,-
23-Mar-87,12.29,12.29,12.29,12.29,1.23,-
24-Mar-87,12.29,12.29,12.29,12.29,1.23,-
25-Mar-87,12.29,12.29,12.29,12.29,1.23,-
26-Mar-87,12.33,12.33,12.33,12.33,1.23,-
27-Mar-87,12.24,12.24,12.24,12.24,1.22,-
30-Mar-87,12.06,12.06,12.06,12.06,1.2,-
31-Mar-87,12.12,12.12,12.12,12.12,1.21,-
1-Apr-87,12.12,12.12,12.12,12.12,1.21,-
2-Apr-87,12.15,12.15,12.15,12.15,1.21,-
3-Apr-87,12.24,12.24,12.24,12.24,1.22,-
6-Apr-87,12.29,12.29,12.29,12.29,1.23,-
7-Apr-87,12.17,12.17,12.17,12.17,1.22,-
8-Apr-87,12.17,12.17,12.17,12.17,1.22,-
9-Apr-87,12.02,12.02,12.02,12.02,1.2,-
10-Apr-87,11.98,11.98,11.98,11.98,1.2,-
13-Apr-87,11.76,11.76,11.76,11.76,1.17,-
14-Apr-87,11.61,11.61,11.61,11.61,1.16,-
15-Apr-87,11.74,11.74,11.74,11.74,1.17,-
16-Apr-87,11.86,11.86,11.86,11.86,1.18,-
20-Apr-87,11.8,11.8,11.8,11.8,1.18,-
21-Apr-87,11.91,11.91,11.91,11.91,1.19,-
22-Apr-87,11.82,11.82,11.82,11.82,1.18,-
23-Apr-87,11.84,11.84,11.84,11.84,1.18,-
24-Apr-87,11.72,11.72,11.72,11.72,1.17,-
27-Apr-87,11.73,11.73,11.73,11.73,1.17,-
28-Apr-87,11.76,11.76,11.76,11.76,1.17,-
29-Apr-87,11.82,11.82,11.82,11.82,1.18,-
30-Apr-87,11.93,11.93,11.93,11.93,1.19,-
1-May-87,11.96,11.96,11.96,11.96,1.19,-
4-May-87,11.95,11.95,11.95,11.95,1.19,-
5-May-87,12.06,12.06,12.06,12.06,1.2,-
6-May-87,12.06,12.06,12.06,12.06,1.2,-
7-May-87,12.08,12.08,12.08,12.08,1.21,-
8-May-87,12.07,12.07,12.07,12.07,1.21,-
11-May-87,12.01,12.01,12.01,12.01,1.2,-
12-May-87,12.02,12.02,12.02,12.02,1.2,-
13-May-87,12.02,12.02,12.02,12.02,1.2,-
14-May-87,12.02,12.02,12.02,12.02,1.2,-
15-May-87,11.84,11.84,11.84,11.84,1.18,-
18-May-87,11.8,11.8,11.8,11.8,1.18,-
19-May-87,11.64,11.64,11.64,11.64,1.16,-
20-May-87,11.59,11.59,11.59,11.59,1.16,-
21-May-87,11.68,11.68,11.68,11.68,1.17,-
22-May-87,11.74,11.74,11.74,11.74,1.17,-
26-May-87,11.92,11.92,11.92,11.92,1.19,-
27-May-87,11.9,11.9,11.9,11.9,1.19,-
28-May-87,11.92,11.92,11.92,11.92,1.19,-
29-May-87,11.94,11.94,11.94,11.94,1.19,-
1-Jun-87,11.96,11.96,11.96,11.96,1.19,-
2-Jun-87,11.89,11.89,11.89,11.89,1.19,-
3-Jun-87,12.01,12.01,12.01,12.01,1.2,-
4-Jun-87,12.04,12.04,12.04,12.04,1.2,-
5-Jun-87,12.03,12.03,12.03,12.03,1.2,-
8-Jun-87,12.12,12.12,12.12,12.12,1.21,-
9-Jun-87,12.13,12.13,12.13,12.13,1.21,-
10-Jun-87,12.15,12.15,12.15,12.15,1.21,-
11-Jun-87,12.18,12.18,12.18,12.18,1.22,-
12-Jun-87,12.28,12.28,12.28,12.28,1.23,-
15-Jun-87,12.34,12.34,12.34,12.34,1.23,-
16-Jun-87,12.36,12.36,12.36,12.36,1.23,-
17-Jun-87,12.37,12.37,12.37,12.37,1.24,-
18-Jun-87,12.38,12.38,12.38,12.38,1.24,-
19-Jun-87,12.41,12.41,12.41,12.41,1.24,-
22-Jun-87,12.45,12.45,12.45,12.45,1.24,-
23-Jun-87,12.41,12.41,12.41,12.41,1.24,-
24-Jun-87,12.36,12.36,12.36,12.36,1.23,-
25-Jun-87,12.42,12.42,12.42,12.42,1.24,-
26-Jun-87,12.37,12.37,12.37,12.37,1.24,-
29-Jun-87,12.37,12.37,12.37,12.37,1.24,-
30-Jun-87,12.28,12.28,12.28,12.28,1.23,-
1-Jul-87,12.27,12.27,12.27,12.27,1.23,-
2-Jul-87,12.34,12.34,12.34,12.34,1.23,-
6-Jul-87,12.29,12.29,12.29,12.29,1.23,-
7-Jul-87,12.35,12.35,12.35,12.35,1.23,-
8-Jul-87,12.36,12.36,12.36,12.36,1.23,-
9-Jul-87,12.33,12.33,12.33,12.33,1.23,-
10-Jul-87,12.37,12.37,12.37,12.37,1.24,-
13-Jul-87,12.35,12.35,12.35,12.35,1.23,-
14-Jul-87,12.43,12.43,12.43,12.43,1.24,-
15-Jul-87,12.41,12.41,12.41,12.41,1.24,-
16-Jul-87,12.19,12.19,12.19,12.19,1.24,-
17-Jul-87,12.24,12.24,12.24,12.24,1.25,-
20-Jul-87,12.18,12.18,12.18,12.18,1.24,-
21-Jul-87,12.18,12.18,12.18,12.18,1.24,-
22-Jul-87,12.13,12.13,12.13,12.13,1.24,-
23-Jul-87,12.11,12.11,12.11,12.11,1.23,-
24-Jul-87,12.13,12.13,12.13,12.13,1.24,-
27-Jul-87,12.14,12.14,12.14,12.14,1.24,-
28-Jul-87,12.15,12.15,12.15,12.15,1.24,-
29-Jul-87,12.21,12.21,12.21,12.21,1.24,-
30-Jul-87,12.25,12.25,12.25,12.25,1.25,-
31-Jul-87,12.25,12.25,12.25,12.25,1.25,-
3-Aug-87,12.21,12.21,12.21,12.21,1.24,-
4-Aug-87,12.21,12.21,12.21,12.21,1.24,-
5-Aug-87,12.29,12.29,12.29,12.29,1.25,-
6-Aug-87,12.32,12.32,12.32,12.32,1.26,-
7-Aug-87,12.31,12.31,12.31,12.31,1.25,-
10-Aug-87,12.43,12.43,12.43,12.43,1.27,-
11-Aug-87,12.56,12.56,12.56,12.56,1.28,-
12-Aug-87,12.57,12.57,12.57,12.57,1.28,-
13-Aug-87,12.67,12.67,12.67,12.67,1.29,-
14-Aug-87,12.68,12.68,12.68,12.68,1.29,-
17-Aug-87,12.68,12.68,12.68,12.68,1.29,-
18-Aug-87,12.56,12.56,12.56,12.56,1.28,-
19-Aug-87,12.57,12.57,12.57,12.57,1.28,-
20-Aug-87,12.68,12.68,12.68,12.68,1.29,-
21-Aug-87,12.69,12.69,12.69,12.69,1.29,-
24-Aug-87,12.65,12.65,12.65,12.65,1.29,-
25-Aug-87,12.73,12.73,12.73,12.73,1.3,-
26-Aug-87,12.68,12.68,12.68,12.68,1.29,-
27-Aug-87,12.58,12.58,12.58,12.58,1.28,-
28-Aug-87,12.49,12.49,12.49,12.49,1.27,-
31-Aug-87,12.55,12.55,12.55,12.55,1.28,-
1-Sep-87,12.42,12.42,12.42,12.42,1.27,-
2-Sep-87,12.31,12.31,12.31,12.31,1.25,-
3-Sep-87,12.29,12.29,12.29,12.29,1.25,-
4-Sep-87,12.22,12.22,12.22,12.22,1.25,-
8-Sep-87,12.09,12.09,12.09,12.09,1.23,-
9-Sep-87,12.1,12.1,12.1,12.1,1.23,-
10-Sep-87,12.15,12.15,12.15,12.15,1.24,-
11-Sep-87,12.24,12.24,12.24,12.24,1.25,-
14-Sep-87,12.28,12.28,12.28,12.28,1.25,-
15-Sep-87,12.16,12.16,12.16,12.16,1.24,-
16-Sep-87,12.1,12.1,12.1,12.1,1.23,-
17-Sep-87,12.08,12.08,12.08,12.08,1.23,-
18-Sep-87,12.08,12.08,12.08,12.08,1.23,-
21-Sep-87,12.04,12.04,12.04,12.04,1.23,-
22-Sep-87,12.18,12.18,12.18,12.18,1.24,-
23-Sep-87,12.21,12.21,12.21,12.21,1.24,-
24-Sep-87,12.18,12.18,12.18,12.18,1.24,-
25-Sep-87,12.17,12.17,12.17,12.17,1.24,-
28-Sep-87,12.25,12.25,12.25,12.25,1.25,-
29-Sep-87,12.21,12.21,12.21,12.21,1.24,-
30-Sep-87,12.2,12.2,12.2,12.2,1.24,-
1-Oct-87,12.32,12.32,12.32,12.32,1.26,-
2-Oct-87,12.33,12.33,12.33,12.33,1.26,-
5-Oct-87,12.34,12.34,12.34,12.34,1.26,-
6-Oct-87,12.21,12.21,12.21,12.21,1.24,-
7-Oct-87,12.18,12.18,12.18,12.18,1.24,-
8-Oct-87,12.09,12.09,12.09,12.09,1.23,-
9-Oct-87,12.03,12.03,12.03,12.03,1.23,-
12-Oct-87,12,12.0,12.0,12.0,1.22,-
13-Oct-87,12.12,12.12,12.12,12.12,1.24,-
14-Oct-87,11.93,11.93,11.93,11.93,1.22,-
15-Oct-87,11.8,11.8,11.8,11.8,1.2,-
16-Oct-87,11.55,11.55,11.55,11.55,1.18,-
19-Oct-87,11.55,11.55,11.55,11.55,1.18,-
20-Oct-87,11.55,11.55,11.55,11.55,1.18,-
21-Oct-87,11.55,11.55,11.55,11.55,1.18,-
22-Oct-87,10.95,10.95,10.95,10.95,1.12,-
23-Oct-87,10.96,10.96,10.96,10.96,1.12,-
26-Oct-87,10.59,10.59,10.59,10.59,1.08,-
27-Oct-87,10.64,10.64,10.64,10.64,1.08,-
28-Oct-87,10.59,10.59,10.59,10.59,1.08,-
29-Oct-87,10.78,10.78,10.78,10.78,1.1,-
30-Oct-87,10.94,10.94,10.94,10.94,1.11,-
2-Nov-87,10.99,10.99,10.99,10.99,1.12,-
3-Nov-87,10.94,10.94,10.94,10.94,1.11,-
4-Nov-87,10.95,10.95,10.95,10.95,1.12,-
5-Nov-87,11.1,11.1,11.1,11.1,1.13,-
6-Nov-87,11.02,11.02,11.02,11.02,1.12,-
9-Nov-87,10.87,10.87,10.87,10.87,1.11,-
10-Nov-87,10.79,10.79,10.79,10.79,1.1,-
11-Nov-87,10.83,10.83,10.83,10.83,1.1,-
12-Nov-87,10.99,10.99,10.99,10.99,1.12,-
13-Nov-87,10.91,10.91,10.91,10.91,1.11,-
16-Nov-87,10.94,10.94,10.94,10.94,1.11,-
17-Nov-87,10.86,10.86,10.86,10.86,1.11,-
18-Nov-87,10.93,10.93,10.93,10.93,1.11,-
19-Nov-87,10.81,10.81,10.81,10.81,1.1,-
20-Nov-87,10.84,10.84,10.84,10.84,1.1,-
23-Nov-87,10.82,10.82,10.82,10.82,1.1,-
24-Nov-87,10.87,10.87,10.87,10.87,1.11,-
25-Nov-87,10.77,10.77,10.77,10.77,1.1,-
27-Nov-87,10.68,10.68,10.68,10.68,1.09,-
30-Nov-87,10.47,10.47,10.47,10.47,1.07,-
1-Dec-87,10.53,10.53,10.53,10.53,1.07,-
2-Dec-87,10.56,10.56,10.56,10.56,1.08,-
3-Dec-87,10.41,10.41,10.41,10.41,1.06,-
4-Dec-87,10.39,10.39,10.39,10.39,1.06,-
7-Dec-87,10.43,10.43,10.43,10.43,1.06,-
8-Dec-87,10.55,10.55,10.55,10.55,1.08,-
9-Dec-87,10.62,10.62,10.62,10.62,1.08,-
10-Dec-87,10.47,10.47,10.47,10.47,1.07,-
11-Dec-87,10.5,10.5,10.5,10.5,1.07,-
14-Dec-87,10.65,10.65,10.65,10.65,1.09,-
15-Dec-87,10.64,10.64,10.64,10.64,1.08,-
16-Dec-87,10.78,10.78,10.78,10.78,1.1,-
17-Dec-87,10.71,10.71,10.71,10.71,1.09,-
18-Dec-87,10.86,10.86,10.86,10.86,1.11,-
21-Dec-87,10.9,10.9,10.9,10.9,1.11,-
22-Dec-87,10.92,10.92,10.92,10.92,1.11,-
23-Dec-87,10.99,10.99,10.99,10.99,1.12,-
24-Dec-87,10.97,10.97,10.97,10.97,1.12,-
28-Dec-87,10.82,10.82,10.82,10.82,1.1,-
29-Dec-87,10.81,10.81,10.81,10.81,1.1,-
30-Dec-87,10,10.0,10.0,10.0,1.04,-
31-Dec-87,9.98,9.98,9.98,9.98,1.04,-
4-Jan-88,9.98,9.98,9.98,9.98,1.04,-
5-Jan-88,10.1,10.1,10.1,10.1,1.07,-
6-Jan-88,10.14,10.14,10.14,10.14,1.08,-
7-Jan-88,10.2,10.2,10.2,10.2,1.08,-
8-Jan-88,9.86,9.86,9.86,9.86,1.05,-
11-Jan-88,9.93,9.93,9.93,9.93,1.05,-
12-Jan-88,9.91,9.91,9.91,9.91,1.05,-
13-Jan-88,9.94,9.94,9.94,9.94,1.06,-
14-Jan-88,9.93,9.93,9.93,9.93,1.05,-
15-Jan-88,10.1,10.1,10.1,10.1,1.07,-
18-Jan-88,10.14,10.14,10.14,10.14,1.08,-
19-Jan-88,10.1,10.1,10.1,10.1,1.07,-
20-Jan-88,9.99,9.99,9.99,9.99,1.06,-
21-Jan-88,10.01,10.01,10.01,10.01,1.06,-
22-Jan-88,10.09,10.09,10.09,10.09,1.07,-
25-Jan-88,10.23,10.23,10.23,10.23,1.09,-
26-Jan-88,10.2,10.2,10.2,10.2,1.08,-
27-Jan-88,10.26,10.26,10.26,10.26,1.09,-
28-Jan-88,10.34,10.34,10.34,10.34,1.1,-
29-Jan-88,10.46,10.46,10.46,10.46,1.11,-
1-Feb-88,10.44,10.44,10.44,10.44,1.11,-
2-Feb-88,10.47,10.47,10.47,10.47,1.11,-
3-Feb-88,10.42,10.42,10.42,10.42,1.11,-
4-Feb-88,10.4,10.4,10.4,10.4,1.1,-
5-Feb-88,10.39,10.39,10.39,10.39,1.1,-
8-Feb-88,10.34,10.34,10.34,10.34,1.1,-
9-Feb-88,10.38,10.38,10.38,10.38,1.1,-
10-Feb-88,10.47,10.47,10.47,10.47,1.11,-
11-Feb-88,10.45,10.45,10.45,10.45,1.11,-
12-Feb-88,10.47,10.47,10.47,10.47,1.11,-
16-Feb-88,10.51,10.51,10.51,10.51,1.12,-
17-Feb-88,10.5,10.5,10.5,10.5,1.11,-
18-Feb-88,10.46,10.46,10.46,10.46,1.11,-
19-Feb-88,10.55,10.55,10.55,10.55,1.12,-
22-Feb-88,10.63,10.63,10.63,10.63,1.13,-
23-Feb-88,10.63,10.63,10.63,10.63,1.13,-
24-Feb-88,10.65,10.65,10.65,10.65,1.13,-
25-Feb-88,10.59,10.59,10.59,10.59,1.12,-
26-Feb-88,10.62,10.62,10.62,10.62,1.13,-
29-Feb-88,10.73,10.73,10.73,10.73,1.14,-
1-Mar-88,10.74,10.74,10.74,10.74,1.14,-
2-Mar-88,10.79,10.79,10.79,10.79,1.15,-
3-Mar-88,10.79,10.79,10.79,10.79,1.15,-
4-Mar-88,10.75,10.75,10.75,10.75,1.14,-
7-Mar-88,10.74,10.74,10.74,10.74,1.14,-
8-Mar-88,10.79,10.79,10.79,10.79,1.15,-
9-Mar-88,10.76,10.76,10.76,10.76,1.14,-
10-Mar-88,10.67,10.67,10.67,10.67,1.13,-
11-Mar-88,10.7,10.7,10.7,10.7,1.14,-
14-Mar-88,10.74,10.74,10.74,10.74,1.14,-
15-Mar-88,10.74,10.74,10.74,10.74,1.14,-
16-Mar-88,10.76,10.76,10.76,10.76,1.14,-
17-Mar-88,10.82,10.82,10.82,10.82,1.15,-
18-Mar-88,10.83,10.83,10.83,10.83,1.15,-
21-Mar-88,10.75,10.75,10.75,10.75,1.14,-
22-Mar-88,10.77,10.77,10.77,10.77,1.14,-
23-Mar-88,10.76,10.76,10.76,10.76,1.14,-
24-Mar-88,10.65,10.65,10.65,10.65,1.13,-
25-Mar-88,10.58,10.58,10.58,10.58,1.12,-
28-Mar-88,10.52,10.52,10.52,10.52,1.12,-
29-Mar-88,10.58,10.58,10.58,10.58,1.12,-
30-Mar-88,10.54,10.54,10.54,10.54,1.12,-
31-Mar-88,10.54,10.54,10.54,10.54,1.12,-
4-Apr-88,10.49,10.49,10.49,10.49,1.11,-
5-Apr-88,10.54,10.54,10.54,10.54,1.12,-
6-Apr-88,10.69,10.69,10.69,10.69,1.13,-
7-Apr-88,10.69,10.69,10.69,10.69,1.13,-
8-Apr-88,10.76,10.76,10.76,10.76,1.14,-
11-Apr-88,10.78,10.78,10.78,10.78,1.14,-
12-Apr-88,10.79,10.79,10.79,10.79,1.15,-
13-Apr-88,10.8,10.8,10.8,10.8,1.15,-
14-Apr-88,10.54,10.54,10.54,10.54,1.12,-
15-Apr-88,10.53,10.53,10.53,10.53,1.12,-
18-Apr-88,10.5,10.5,10.5,10.5,1.11,-
19-Apr-88,10.5,10.5,10.5,10.5,1.11,-
20-Apr-88,10.46,10.46,10.46,10.46,1.11,-
21-Apr-88,10.48,10.48,10.48,10.48,1.11,-
22-Apr-88,10.56,10.56,10.56,10.56,1.12,-
25-Apr-88,10.6,10.6,10.6,10.6,1.13,-
26-Apr-88,10.66,10.66,10.66,10.66,1.13,-
27-Apr-88,10.65,10.65,10.65,10.65,1.13,-
28-Apr-88,10.62,10.62,10.62,10.62,1.13,-
29-Apr-88,10.58,10.58,10.58,10.58,1.12,-
2-May-88,10.6,10.6,10.6,10.6,1.13,-
3-May-88,10.63,10.63,10.63,10.63,1.13,-
4-May-88,10.58,10.58,10.58,10.58,1.12,-
5-May-88,10.54,10.54,10.54,10.54,1.12,-
6-May-88,10.51,10.51,10.51,10.51,1.12,-
9-May-88,10.5,10.5,10.5,10.5,1.11,-
10-May-88,10.53,10.53,10.53,10.53,1.12,-
11-May-88,10.45,10.45,10.45,10.45,1.11,-
12-May-88,10.47,10.47,10.47,10.47,1.11,-
13-May-88,10.55,10.55,10.55,10.55,1.12,-
16-May-88,10.59,10.59,10.59,10.59,1.12,-
17-May-88,10.51,10.51,10.51,10.51,1.12,-
18-May-88,10.4,10.4,10.4,10.4,1.1,-
19-May-88,10.43,10.43,10.43,10.43,1.11,-
20-May-88,10.45,10.45,10.45,10.45,1.11,-
23-May-88,10.41,10.41,10.41,10.41,1.1,-
24-May-88,10.47,10.47,10.47,10.47,1.11,-
25-May-88,10.5,10.5,10.5,10.5,1.11,-
26-May-88,10.54,10.54,10.54,10.54,1.12,-
27-May-88,10.52,10.52,10.52,10.52,1.12,-
31-May-88,10.7,10.7,10.7,10.7,1.14,-
1-Jun-88,10.83,10.83,10.83,10.83,1.15,-
2-Jun-88,10.8,10.8,10.8,10.8,1.15,-
3-Jun-88,10.84,10.84,10.84,10.84,1.15,-
6-Jun-88,10.86,10.86,10.86,10.86,1.15,-
7-Jun-88,10.83,10.83,10.83,10.83,1.15,-
8-Jun-88,10.97,10.97,10.97,10.97,1.16,-
9-Jun-88,10.97,10.97,10.97,10.97,1.16,-
10-Jun-88,11.01,11.01,11.01,11.01,1.17,-
13-Jun-88,11.03,11.03,11.03,11.03,1.17,-
14-Jun-88,11.12,11.12,11.12,11.12,1.18,-
15-Jun-88,11.13,11.13,11.13,11.13,1.18,-
16-Jun-88,11.01,11.01,11.01,11.01,1.17,-
17-Jun-88,11.02,11.02,11.02,11.02,1.17,-
20-Jun-88,10.96,10.96,10.96,10.96,1.16,-
21-Jun-88,11.03,11.03,11.03,11.03,1.17,-
22-Jun-88,11.14,11.14,11.14,11.14,1.18,-
23-Jun-88,11.14,11.14,11.14,11.14,1.18,-
24-Jun-88,11.15,11.15,11.15,11.15,1.18,-
27-Jun-88,11.07,11.07,11.07,11.07,1.18,-
28-Jun-88,11.12,11.12,11.12,11.12,1.18,-
29-Jun-88,11.1,11.1,11.1,11.1,1.18,-
30-Jun-88,11.19,11.19,11.19,11.19,1.19,-
1-Jul-88,11.16,11.16,11.16,11.16,1.18,-
5-Jul-88,11.24,11.24,11.24,11.24,1.19,-
6-Jul-88,11.17,11.17,11.17,11.17,1.19,-
7-Jul-88,11.16,11.16,11.16,11.16,1.18,-
8-Jul-88,11.11,11.11,11.11,11.11,1.18,-
11-Jul-88,11.13,11.13,11.13,11.13,1.18,-
12-Jul-88,11.07,11.07,11.07,11.07,1.18,-
13-Jul-88,11.11,11.11,11.11,11.11,1.18,-
14-Jul-88,11.13,11.13,11.13,11.13,1.18,-
15-Jul-88,10.92,10.92,10.92,10.92,1.19,-
18-Jul-88,10.89,10.89,10.89,10.89,1.18,-
19-Jul-88,10.85,10.85,10.85,10.85,1.18,-
20-Jul-88,10.89,10.89,10.89,10.89,1.18,-
21-Jul-88,10.82,10.82,10.82,10.82,1.17,-
22-Jul-88,10.77,10.77,10.77,10.77,1.17,-
25-Jul-88,10.79,10.79,10.79,10.79,1.17,-
26-Jul-88,10.81,10.81,10.81,10.81,1.17,-
27-Jul-88,10.76,10.76,10.76,10.76,1.17,-
28-Jul-88,10.82,10.82,10.82,10.82,1.17,-
29-Jul-88,10.95,10.95,10.95,10.95,1.19,-
1-Aug-88,10.98,10.98,10.98,10.98,1.19,-
2-Aug-88,11,11.0,11.0,11.0,1.19,-
3-Aug-88,11.04,11.04,11.04,11.04,1.2,-
4-Aug-88,11.05,11.05,11.05,11.05,1.2,-
5-Aug-88,11.03,11.03,11.03,11.03,1.2,-
8-Aug-88,11.02,11.02,11.02,11.02,1.2,-
9-Aug-88,10.94,10.94,10.94,10.94,1.19,-
10-Aug-88,10.82,10.82,10.82,10.82,1.17,-
11-Aug-88,10.82,10.82,10.82,10.82,1.17,-
12-Aug-88,10.81,10.81,10.81,10.81,1.17,-
15-Aug-88,10.73,10.73,10.73,10.73,1.17,-
16-Aug-88,10.78,10.78,10.78,10.78,1.17,-
17-Aug-88,10.78,10.78,10.78,10.78,1.17,-
18-Aug-88,10.79,10.79,10.79,10.79,1.17,-
19-Aug-88,10.79,10.79,10.79,10.79,1.17,-
22-Aug-88,10.71,10.71,10.71,10.71,1.16,-
23-Aug-88,10.71,10.71,10.71,10.71,1.16,-
24-Aug-88,10.79,10.79,10.79,10.79,1.17,-
25-Aug-88,10.74,10.74,10.74,10.74,1.17,-
26-Aug-88,10.76,10.76,10.76,10.76,1.17,-
29-Aug-88,10.82,10.82,10.82,10.82,1.17,-
30-Aug-88,10.83,10.83,10.83,10.83,1.18,-
31-Aug-88,10.82,10.82,10.82,10.82,1.17,-
1-Sep-88,10.76,10.76,10.76,10.76,1.17,-
2-Sep-88,10.93,10.93,10.93,10.93,1.19,-
6-Sep-88,10.98,10.98,10.98,10.98,1.19,-
7-Sep-88,11.01,11.01,11.01,11.01,1.2,-
8-Sep-88,11.02,11.02,11.02,11.02,1.2,-
9-Sep-88,11.04,11.04,11.04,11.04,1.2,-
12-Sep-88,11.06,11.06,11.06,11.06,1.2,-
13-Sep-88,11.08,11.08,11.08,11.08,1.2,-
14-Sep-88,11.1,11.1,11.1,11.1,1.21,-
15-Sep-88,11.07,11.07,11.07,11.07,1.2,-
16-Sep-88,11.12,11.12,11.12,11.12,1.21,-
19-Sep-88,11.1,11.1,11.1,11.1,1.21,-
20-Sep-88,11.13,11.13,11.13,11.13,1.21,-
21-Sep-88,11.16,11.16,11.16,11.16,1.21,-
22-Sep-88,11.14,11.14,11.14,11.14,1.21,-
23-Sep-88,11.16,11.16,11.16,11.16,1.21,-
26-Sep-88,11.15,11.15,11.15,11.15,1.21,-
27-Sep-88,11.12,11.12,11.12,11.12,1.21,-
28-Sep-88,11.13,11.13,11.13,11.13,1.21,-
29-Sep-88,11.21,11.21,11.21,11.21,1.22,-
30-Sep-88,11.22,11.22,11.22,11.22,1.22,-
3-Oct-88,11.23,11.23,11.23,11.23,1.22,-
4-Oct-88,11.22,11.22,11.22,11.22,1.22,-
5-Oct-88,11.23,11.23,11.23,11.23,1.22,-
6-Oct-88,11.24,11.24,11.24,11.24,1.22,-
7-Oct-88,11.39,11.39,11.39,11.39,1.24,-
10-Oct-88,11.38,11.38,11.38,11.38,1.24,-
11-Oct-88,11.36,11.36,11.36,11.36,1.23,-
12-Oct-88,11.27,11.27,11.27,11.27,1.22,-
13-Oct-88,11.3,11.3,11.3,11.3,1.23,-
14-Oct-88,11.31,11.31,11.31,11.31,1.23,-
17-Oct-88,11.33,11.33,11.33,11.33,1.23,-
18-Oct-88,11.39,11.39,11.39,11.39,1.24,-
19-Oct-88,11.33,11.33,11.33,11.33,1.23,-
20-Oct-88,11.47,11.47,11.47,11.47,1.25,-
21-Oct-88,11.49,11.49,11.49,11.49,1.25,-
24-Oct-88,11.48,11.48,11.48,11.48,1.25,-
25-Oct-88,11.48,11.48,11.48,11.48,1.25,-
26-Oct-88,11.48,11.48,11.48,11.48,1.25,-
27-Oct-88,11.43,11.43,11.43,11.43,1.24,-
28-Oct-88,11.45,11.45,11.45,11.45,1.24,-
31-Oct-88,11.45,11.45,11.45,11.45,1.24,-
1-Nov-88,11.45,11.45,11.45,11.45,1.24,-
2-Nov-88,11.44,11.44,11.44,11.44,1.24,-
3-Nov-88,11.46,11.46,11.46,11.46,1.24,-
4-Nov-88,11.39,11.39,11.39,11.39,1.24,-
7-Nov-88,11.34,11.34,11.34,11.34,1.23,-
8-Nov-88,11.35,11.35,11.35,11.35,1.23,-
9-Nov-88,11.32,11.32,11.32,11.32,1.23,-
10-Nov-88,11.33,11.33,11.33,11.33,1.23,-
11-Nov-88,11.21,11.21,11.21,11.21,1.22,-
14-Nov-88,11.2,11.2,11.2,11.2,1.22,-
15-Nov-88,11.22,11.22,11.22,11.22,1.22,-
16-Nov-88,11.12,11.12,11.12,11.12,1.21,-
17-Nov-88,11.12,11.12,11.12,11.12,1.21,-
18-Nov-88,11.16,11.16,11.16,11.16,1.21,-
21-Nov-88,11.16,11.16,11.16,11.16,1.21,-
22-Nov-88,11.18,11.18,11.18,11.18,1.21,-
23-Nov-88,11.23,11.23,11.23,11.23,1.22,-
25-Nov-88,11.17,11.17,11.17,11.17,1.21,-
28-Nov-88,11.19,11.19,11.19,11.19,1.22,-
29-Nov-88,11.25,11.25,11.25,11.25,1.22,-
30-Nov-88,11.33,11.33,11.33,11.33,1.23,-
1-Dec-88,11.32,11.32,11.32,11.32,1.23,-
2-Dec-88,11.3,11.3,11.3,11.3,1.23,-
5-Dec-88,11.37,11.37,11.37,11.37,1.23,-
6-Dec-88,11.44,11.44,11.44,11.44,1.24,-
7-Dec-88,11.45,11.45,11.45,11.45,1.24,-
8-Dec-88,11.41,11.41,11.41,11.41,1.24,-
9-Dec-88,11.41,11.41,11.41,11.41,1.24,-
12-Dec-88,11.4,11.4,11.4,11.4,1.24,-
13-Dec-88,11.37,11.37,11.37,11.37,1.23,-
14-Dec-88,11.34,11.34,11.34,11.34,1.23,-
15-Dec-88,11.32,11.32,11.32,11.32,1.23,-
16-Dec-88,11.34,11.34,11.34,11.34,1.23,-
19-Dec-88,11.39,11.39,11.39,11.39,1.24,-
20-Dec-88,11.37,11.37,11.37,11.37,1.23,-
21-Dec-88,11.37,11.37,11.37,11.37,1.23,-
22-Dec-88,11.37,11.37,11.37,11.37,1.23,-
23-Dec-88,11.41,11.41,11.41,11.41,1.24,-
27-Dec-88,11.38,11.38,11.38,11.38,1.24,-
28-Dec-88,11.37,11.37,11.37,11.37,1.23,-
29-Dec-88,11.14,11.14,11.14,11.14,1.24,-
30-Dec-88,11.12,11.12,11.12,11.12,1.23,-
3-Jan-89,11.06,11.06,11.06,11.06,1.23,-
4-Jan-89,11.17,11.17,11.17,11.17,1.24,-
5-Jan-89,11.18,11.18,11.18,11.18,1.24,-
6-Jan-89,11.21,11.21,11.21,11.21,1.24,-
9-Jan-89,11.22,11.22,11.22,11.22,1.25,-
10-Jan-89,11.22,11.22,11.22,11.22,1.25,-
11-Jan-89,11.26,11.26,11.26,11.26,1.25,-
12-Jan-89,11.31,11.31,11.31,11.31,1.26,-
13-Jan-89,11.33,11.33,11.33,11.33,1.26,-
16-Jan-89,11.35,11.35,11.35,11.35,1.26,-
17-Jan-89,11.33,11.33,11.33,11.33,1.26,-
18-Jan-89,11.39,11.39,11.39,11.39,1.26,-
19-Jan-89,11.39,11.39,11.39,11.39,1.26,-
20-Jan-89,11.39,11.39,11.39,11.39,1.26,-
23-Jan-89,11.35,11.35,11.35,11.35,1.26,-
24-Jan-89,11.45,11.45,11.45,11.45,1.27,-
25-Jan-89,11.47,11.47,11.47,11.47,1.27,-
26-Jan-89,11.52,11.52,11.52,11.52,1.28,-
27-Jan-89,11.59,11.59,11.59,11.59,1.29,-
30-Jan-89,11.61,11.61,11.61,11.61,1.29,-
31-Jan-89,11.66,11.66,11.66,11.66,1.29,-
1-Feb-89,11.66,11.66,11.66,11.66,1.29,-
2-Feb-89,11.67,11.67,11.67,11.67,1.3,-
3-Feb-89,11.68,11.68,11.68,11.68,1.3,-
6-Feb-89,11.66,11.66,11.66,11.66,1.29,-
7-Feb-89,11.77,11.77,11.77,11.77,1.31,-
8-Feb-89,11.78,11.78,11.78,11.78,1.31,-
9-Feb-89,11.7,11.7,11.7,11.7,1.3,-
10-Feb-89,11.6,11.6,11.6,11.6,1.29,-
13-Feb-89,11.62,11.62,11.62,11.62,1.29,-
14-Feb-89,11.6,11.6,11.6,11.6,1.29,-
15-Feb-89,11.65,11.65,11.65,11.65,1.29,-
16-Feb-89,11.66,11.66,11.66,11.66,1.29,-
17-Feb-89,11.71,11.71,11.71,11.71,1.3,-
21-Feb-89,11.68,11.68,11.68,11.68,1.3,-
22-Feb-89,11.56,11.56,11.56,11.56,1.28,-
23-Feb-89,11.58,11.58,11.58,11.58,1.29,-
24-Feb-89,11.47,11.47,11.47,11.47,1.27,-
27-Feb-89,11.48,11.48,11.48,11.48,1.27,-
28-Feb-89,11.51,11.51,11.51,11.51,1.28,-
1-Mar-89,11.47,11.47,11.47,11.47,1.27,-
2-Mar-89,11.54,11.54,11.54,11.54,1.28,-
3-Mar-89,11.57,11.57,11.57,11.57,1.28,-
6-Mar-89,11.62,11.62,11.62,11.62,1.29,-
7-Mar-89,11.6,11.6,11.6,11.6,1.29,-
8-Mar-89,11.62,11.62,11.62,11.62,1.29,-
9-Mar-89,11.64,11.64,11.64,11.64,1.29,-
10-Mar-89,11.61,11.61,11.61,11.61,1.29,-
13-Mar-89,11.66,11.66,11.66,11.66,1.29,-
14-Mar-89,11.65,11.65,11.65,11.65,1.29,-
15-Mar-89,11.68,11.68,11.68,11.68,1.3,-
16-Mar-89,11.75,11.75,11.75,11.75,1.3,-
17-Mar-89,11.61,11.61,11.61,11.61,1.29,-
20-Mar-89,11.56,11.56,11.56,11.56,1.28,-
21-Mar-89,11.58,11.58,11.58,11.58,1.29,-
22-Mar-89,11.56,11.56,11.56,11.56,1.28,-
23-Mar-89,11.54,11.54,11.54,11.54,1.28,-
27-Mar-89,11.57,11.57,11.57,11.57,1.28,-
28-Mar-89,11.59,11.59,11.59,11.59,1.29,-
29-Mar-89,11.62,11.62,11.62,11.62,1.29,-
30-Mar-89,11.66,11.66,11.66,11.66,1.29,-
31-Mar-89,11.73,11.73,11.73,11.73,1.3,-
3-Apr-89,11.8,11.8,11.8,11.8,1.31,-
4-Apr-89,11.78,11.78,11.78,11.78,1.31,-
5-Apr-89,11.78,11.78,11.78,11.78,1.31,-
6-Apr-89,11.76,11.76,11.76,11.76,1.31,-
7-Apr-89,11.79,11.79,11.79,11.79,1.31,-
10-Apr-89,11.77,11.77,11.77,11.77,1.31,-
11-Apr-89,11.79,11.79,11.79,11.79,1.31,-
12-Apr-89,11.79,11.79,11.79,11.79,1.31,-
13-Apr-89,11.73,11.73,11.73,11.73,1.3,-
14-Apr-89,11.86,11.86,11.86,11.86,1.32,-
17-Apr-89,11.87,11.87,11.87,11.87,1.32,-
18-Apr-89,11.98,11.98,11.98,11.98,1.33,-
19-Apr-89,12,12.0,12.0,12.0,1.33,-
20-Apr-89,11.96,11.96,11.96,11.96,1.33,-
21-Apr-89,12.02,12.02,12.02,12.02,1.33,-
24-Apr-89,12.01,12.01,12.01,12.01,1.33,-
25-Apr-89,11.98,11.98,11.98,11.98,1.33,-
26-Apr-89,11.99,11.99,11.99,11.99,1.33,-
27-Apr-89,12.04,12.04,12.04,12.04,1.34,-
28-Apr-89,12.05,12.05,12.05,12.05,1.34,-
1-May-89,12.04,12.04,12.04,12.04,1.34,-
2-May-89,12.02,12.02,12.02,12.02,1.33,-
3-May-89,12.02,12.02,12.02,12.02,1.33,-
4-May-89,12,12.0,12.0,12.0,1.33,-
5-May-89,12.03,12.03,12.03,12.03,1.34,-
8-May-89,11.99,11.99,11.99,11.99,1.33,-
9-May-89,11.96,11.96,11.96,11.96,1.33,-
10-May-89,11.96,11.96,11.96,11.96,1.33,-
11-May-89,11.99,11.99,11.99,11.99,1.33,-
12-May-89,12.16,12.16,12.16,12.16,1.35,-
15-May-89,12.22,12.22,12.22,12.22,1.36,-
16-May-89,12.21,12.21,12.21,12.21,1.36,-
17-May-89,12.27,12.27,12.27,12.27,1.36,-
18-May-89,12.29,12.29,12.29,12.29,1.36,-
19-May-89,12.38,12.38,12.38,12.38,1.37,-
22-May-89,12.42,12.42,12.42,12.42,1.38,-
23-May-89,12.2,12.2,12.2,12.2,1.35,-
24-May-89,12.35,12.35,12.35,12.35,1.37,-
25-May-89,12.35,12.35,12.35,12.35,1.37,-
26-May-89,12.4,12.4,12.4,12.4,1.38,-
30-May-89,12.37,12.37,12.37,12.37,1.37,-
31-May-89,12.4,12.4,12.4,12.4,1.38,-
1-Jun-89,12.46,12.46,12.46,12.46,1.38,-
2-Jun-89,12.57,12.57,12.57,12.57,1.4,-
5-Jun-89,12.54,12.54,12.54,12.54,1.39,-
6-Jun-89,12.57,12.57,12.57,12.57,1.4,-
7-Jun-89,12.64,12.64,12.64,12.64,1.4,-
8-Jun-89,12.67,12.67,12.67,12.67,1.41,-
9-Jun-89,12.68,12.68,12.68,12.68,1.41,-
12-Jun-89,12.67,12.67,12.67,12.67,1.41,-
13-Jun-89,12.62,12.62,12.62,12.62,1.4,-
14-Jun-89,12.64,12.64,12.64,12.64,1.4,-
15-Jun-89,12.56,12.56,12.56,12.56,1.39,-
16-Jun-89,12.57,12.57,12.57,12.57,1.4,-
19-Jun-89,12.58,12.58,12.58,12.58,1.4,-
20-Jun-89,12.58,12.58,12.58,12.58,1.4,-
21-Jun-89,12.57,12.57,12.57,12.57,1.4,-
22-Jun-89,12.58,12.58,12.58,12.58,1.4,-
23-Jun-89,12.69,12.69,12.69,12.69,1.41,-
26-Jun-89,12.67,12.67,12.67,12.67,1.41,-
27-Jun-89,12.72,12.72,12.72,12.72,1.41,-
28-Jun-89,12.72,12.72,12.72,12.72,1.41,-
29-Jun-89,12.56,12.56,12.56,12.56,1.39,-
30-Jun-89,12.55,12.55,12.55,12.55,1.39,-
3-Jul-89,12.58,12.58,12.58,12.58,1.4,-
5-Jul-89,12.62,12.62,12.62,12.62,1.4,-
6-Jul-89,12.64,12.64,12.64,12.64,1.4,-
7-Jul-89,12.72,12.72,12.72,12.72,1.41,-
10-Jul-89,12.77,12.77,12.77,12.77,1.42,-
11-Jul-89,12.81,12.81,12.81,12.81,1.42,-
12-Jul-89,12.82,12.82,12.82,12.82,1.42,-
13-Jul-89,12.83,12.83,12.83,12.83,1.42,-
14-Jul-89,12.62,12.62,12.62,12.62,1.43,-
17-Jul-89,12.62,12.62,12.62,12.62,1.43,-
18-Jul-89,12.58,12.58,12.58,12.58,1.42,-
19-Jul-89,12.65,12.65,12.65,12.65,1.43,-
20-Jul-89,12.63,12.63,12.63,12.63,1.43,-
21-Jul-89,12.66,12.66,12.66,12.66,1.43,-
24-Jul-89,12.63,12.63,12.63,12.63,1.43,-
25-Jul-89,12.65,12.65,12.65,12.65,1.43,-
26-Jul-89,12.74,12.74,12.74,12.74,1.44,-
27-Jul-89,12.8,12.8,12.8,12.8,1.45,-
28-Jul-89,12.83,12.83,12.83,12.83,1.45,-
31-Jul-89,12.92,12.92,12.92,12.92,1.46,-
1-Aug-89,12.9,12.9,12.9,12.9,1.46,-
2-Aug-89,12.92,12.92,12.92,12.92,1.46,-
3-Aug-89,12.93,12.93,12.93,12.93,1.46,-
4-Aug-89,12.89,12.89,12.89,12.89,1.46,-
7-Aug-89,12.97,12.97,12.97,12.97,1.47,-
8-Aug-89,12.97,12.97,12.97,12.97,1.47,-
9-Aug-89,12.94,12.94,12.94,12.94,1.47,-
10-Aug-89,12.95,12.95,12.95,12.95,1.47,-
11-Aug-89,12.9,12.9,12.9,12.9,1.46,-
14-Aug-89,12.84,12.84,12.84,12.84,1.45,-
15-Aug-89,12.87,12.87,12.87,12.87,1.46,-
16-Aug-89,12.91,12.91,12.91,12.91,1.46,-
17-Aug-89,12.88,12.88,12.88,12.88,1.46,-
18-Aug-89,12.91,12.91,12.91,12.91,1.46,-
21-Aug-89,12.82,12.82,12.82,12.82,1.45,-
22-Aug-89,12.82,12.82,12.82,12.82,1.45,-
23-Aug-89,12.89,12.89,12.89,12.89,1.46,-
24-Aug-89,13.01,13.01,13.01,13.01,1.47,-
25-Aug-89,13.01,13.01,13.01,13.01,1.47,-
28-Aug-89,13.02,13.02,13.02,13.02,1.47,-
29-Aug-89,13,13.0,13.0,13.0,1.47,-
30-Aug-89,13.04,13.04,13.04,13.04,1.48,-
31-Aug-89,13.06,13.06,13.06,13.06,1.48,-
1-Sep-89,13.11,13.11,13.11,13.11,1.48,-
5-Sep-89,13.09,13.09,13.09,13.09,1.48,-
6-Sep-89,13.03,13.03,13.03,13.03,1.48,-
7-Sep-89,13.02,13.02,13.02,13.02,1.47,-
8-Sep-89,13.04,13.04,13.04,13.04,1.48,-
11-Sep-89,13.04,13.04,13.04,13.04,1.48,-
12-Sep-89,13.05,13.05,13.05,13.05,1.48,-
13-Sep-89,13,13.0,13.0,13.0,1.47,-
14-Sep-89,12.91,12.91,12.91,12.91,1.46,-
15-Sep-89,12.98,12.98,12.98,12.98,1.47,-
18-Sep-89,12.99,12.99,12.99,12.99,1.47,-
19-Sep-89,12.98,12.98,12.98,12.98,1.47,-
20-Sep-89,12.97,12.97,12.97,12.97,1.47,-
21-Sep-89,12.96,12.96,12.96,12.96,1.47,-
22-Sep-89,12.99,12.99,12.99,12.99,1.47,-
25-Sep-89,12.92,12.92,12.92,12.92,1.46,-
26-Sep-89,12.93,12.93,12.93,12.93,1.46,-
27-Sep-89,12.92,12.92,12.92,12.92,1.46,-
28-Sep-89,12.99,12.99,12.99,12.99,1.47,-
29-Sep-89,13.02,13.02,13.02,13.02,1.47,-
2-Oct-89,13.06,13.06,13.06,13.06,1.48,-
3-Oct-89,13.14,13.14,13.14,13.14,1.49,-
4-Oct-89,13.18,13.18,13.18,13.18,1.49,-
5-Oct-89,13.18,13.18,13.18,13.18,1.49,-
6-Oct-89,13.22,13.22,13.22,13.22,1.5,-
9-Oct-89,13.25,13.25,13.25,13.25,1.5,-
10-Oct-89,13.23,13.23,13.23,13.23,1.5,-
11-Oct-89,13.18,13.18,13.18,13.18,1.49,-
12-Oct-89,13.15,13.15,13.15,13.15,1.49,-
13-Oct-89,12.77,12.77,12.77,12.77,1.45,-
16-Oct-89,12.89,12.89,12.89,12.89,1.46,-
17-Oct-89,12.83,12.83,12.83,12.83,1.45,-
18-Oct-89,12.84,12.84,12.84,12.84,1.45,-
19-Oct-89,12.94,12.94,12.94,12.94,1.47,-
20-Oct-89,12.94,12.94,12.94,12.94,1.47,-
23-Oct-89,12.88,12.88,12.88,12.88,1.46,-
24-Oct-89,12.87,12.87,12.87,12.87,1.46,-
25-Oct-89,12.86,12.86,12.86,12.86,1.46,-
26-Oct-89,12.77,12.77,12.77,12.77,1.45,-
27-Oct-89,12.71,12.71,12.71,12.71,1.44,-
30-Oct-89,12.72,12.72,12.72,12.72,1.44,-
31-Oct-89,12.84,12.84,12.84,12.84,1.45,-
1-Nov-89,12.86,12.86,12.86,12.86,1.46,-
2-Nov-89,12.83,12.83,12.83,12.83,1.45,-
3-Nov-89,12.81,12.81,12.81,12.81,1.45,-
6-Nov-89,12.68,12.68,12.68,12.68,1.44,-
7-Nov-89,12.73,12.73,12.73,12.73,1.44,-
8-Nov-89,12.81,12.81,12.81,12.81,1.45,-
9-Nov-89,12.78,12.78,12.78,12.78,1.45,-
10-Nov-89,12.82,12.82,12.82,12.82,1.45,-
13-Nov-89,12.82,12.82,12.82,12.82,1.45,-
14-Nov-89,12.8,12.8,12.8,12.8,1.45,-
15-Nov-89,12.84,12.84,12.84,12.84,1.45,-
16-Nov-89,12.84,12.84,12.84,12.84,1.45,-
17-Nov-89,12.85,12.85,12.85,12.85,1.46,-
20-Nov-89,12.81,12.81,12.81,12.81,1.45,-
21-Nov-89,12.81,12.81,12.81,12.81,1.45,-
22-Nov-89,12.83,12.83,12.83,12.83,1.45,-
24-Nov-89,12.88,12.88,12.88,12.88,1.46,-
27-Nov-89,12.92,12.92,12.92,12.92,1.46,-
28-Nov-89,12.95,12.95,12.95,12.95,1.47,-
29-Nov-89,12.91,12.91,12.91,12.91,1.46,-
30-Nov-89,12.91,12.91,12.91,12.91,1.46,-
1-Dec-89,12.98,12.98,12.98,12.98,1.47,-
4-Dec-89,13.01,13.01,13.01,13.01,1.47,-
5-Dec-89,12.97,12.97,12.97,12.97,1.47,-
6-Dec-89,12.94,12.94,12.94,12.94,1.47,-
7-Dec-89,12.92,12.92,12.92,12.92,1.46,-
8-Dec-89,12.94,12.94,12.94,12.94,1.47,-
11-Dec-89,12.93,12.93,12.93,12.93,1.46,-
12-Dec-89,12.96,12.96,12.96,12.96,1.47,-
13-Dec-89,12.97,12.97,12.97,12.97,1.47,-
14-Dec-89,12.92,12.92,12.92,12.92,1.46,-
15-Dec-89,12.66,12.66,12.66,12.66,1.43,-
18-Dec-89,12.71,12.71,12.71,12.71,1.44,-
19-Dec-89,12.68,12.68,12.68,12.68,1.44,-
20-Dec-89,12.73,12.73,12.73,12.73,1.44,-
21-Dec-89,12.78,12.78,12.78,12.78,1.45,-
22-Dec-89,12.82,12.82,12.82,12.82,1.45,-
26-Dec-89,12.81,12.81,12.81,12.81,1.45,-
27-Dec-89,12.86,12.86,12.86,12.86,1.46,-
28-Dec-89,12,12.0,12.0,12.0,1.42,-
29-Dec-89,12.04,12.04,12.04,12.04,1.42,-
2-Jan-90,12.16,12.16,12.16,12.16,1.43,-
3-Jan-90,12.16,12.16,12.16,12.16,1.43,-
4-Jan-90,12.13,12.13,12.13,12.13,1.43,-
5-Jan-90,12.08,12.08,12.08,12.08,1.43,-
8-Jan-90,12.09,12.09,12.09,12.09,1.43,-
9-Jan-90,12,12.0,12.0,12.0,1.42,-
10-Jan-90,11.95,11.95,11.95,11.95,1.41,-
11-Jan-90,11.98,11.98,11.98,11.98,1.41,-
12-Jan-90,11.83,11.83,11.83,11.83,1.4,-
15-Jan-90,11.78,11.78,11.78,11.78,1.39,-
16-Jan-90,11.82,11.82,11.82,11.82,1.39,-
17-Jan-90,11.76,11.76,11.76,11.76,1.39,-
18-Jan-90,11.76,11.76,11.76,11.76,1.39,-
19-Jan-90,11.76,11.76,11.76,11.76,1.39,-
22-Jan-90,11.62,11.62,11.62,11.62,1.37,-
23-Jan-90,11.62,11.62,11.62,11.62,1.37,-
24-Jan-90,11.56,11.56,11.56,11.56,1.36,-
25-Jan-90,11.5,11.5,11.5,11.5,1.36,-
26-Jan-90,11.47,11.47,11.47,11.47,1.35,-
29-Jan-90,11.46,11.46,11.46,11.46,1.35,-
30-Jan-90,11.42,11.42,11.42,11.42,1.35,-
31-Jan-90,11.54,11.54,11.54,11.54,1.36,-
1-Feb-90,11.54,11.54,11.54,11.54,1.36,-
2-Feb-90,11.57,11.57,11.57,11.57,1.37,-
5-Feb-90,11.59,11.59,11.59,11.59,1.37,-
6-Feb-90,11.55,11.55,11.55,11.55,1.36,-
7-Feb-90,11.62,11.62,11.62,11.62,1.37,-
8-Feb-90,11.61,11.61,11.61,11.61,1.37,-
9-Feb-90,11.64,11.64,11.64,11.64,1.37,-
12-Feb-90,11.6,11.6,11.6,11.6,1.37,-
13-Feb-90,11.61,11.61,11.61,11.61,1.37,-
14-Feb-90,11.64,11.64,11.64,11.64,1.37,-
15-Feb-90,11.7,11.7,11.7,11.7,1.38,-
16-Feb-90,11.69,11.69,11.69,11.69,1.38,-
20-Feb-90,11.59,11.59,11.59,11.59,1.37,-
21-Feb-90,11.6,11.6,11.6,11.6,1.37,-
22-Feb-90,11.59,11.59,11.59,11.59,1.37,-
23-Feb-90,11.56,11.56,11.56,11.56,1.36,-
26-Feb-90,11.65,11.65,11.65,11.65,1.37,-
27-Feb-90,11.68,11.68,11.68,11.68,1.38,-
28-Feb-90,11.7,11.7,11.7,11.7,1.38,-
1-Mar-90,11.72,11.72,11.72,11.72,1.38,-
2-Mar-90,11.79,11.79,11.79,11.79,1.39,-
5-Mar-90,11.74,11.74,11.74,11.74,1.39,-
6-Mar-90,11.8,11.8,11.8,11.8,1.39,-
7-Mar-90,11.79,11.79,11.79,11.79,1.39,-
8-Mar-90,11.86,11.86,11.86,11.86,1.4,-
9-Mar-90,11.81,11.81,11.81,11.81,1.39,-
12-Mar-90,11.82,11.82,11.82,11.82,1.39,-
13-Mar-90,11.79,11.79,11.79,11.79,1.39,-
14-Mar-90,11.8,11.8,11.8,11.8,1.39,-
15-Mar-90,11.82,11.82,11.82,11.82,1.39,-
16-Mar-90,11.86,11.86,11.86,11.86,1.4,-
19-Mar-90,11.87,11.87,11.87,11.87,1.4,-
20-Mar-90,11.86,11.86,11.86,11.86,1.4,-
21-Mar-90,11.83,11.83,11.83,11.83,1.4,-
22-Mar-90,11.75,11.75,11.75,11.75,1.39,-
23-Mar-90,11.76,11.76,11.76,11.76,1.39,-
26-Mar-90,11.79,11.79,11.79,11.79,1.39,-
27-Mar-90,11.83,11.83,11.83,11.83,1.4,-
28-Mar-90,11.85,11.85,11.85,11.85,1.4,-
29-Mar-90,11.81,11.81,11.81,11.81,1.39,-
30-Mar-90,11.76,11.76,11.76,11.76,1.39,-
2-Apr-90,11.73,11.73,11.73,11.73,1.38,-
3-Apr-90,11.8,11.8,11.8,11.8,1.39,-
4-Apr-90,11.78,11.78,11.78,11.78,1.39,-
5-Apr-90,11.74,11.74,11.74,11.74,1.39,-
6-Apr-90,11.72,11.72,11.72,11.72,1.38,-
9-Apr-90,11.74,11.74,11.74,11.74,1.39,-
10-Apr-90,11.76,11.76,11.76,11.76,1.39,-
11-Apr-90,11.77,11.77,11.77,11.77,1.39,-
12-Apr-90,11.82,11.82,11.82,11.82,1.39,-
16-Apr-90,11.82,11.82,11.82,11.82,1.39,-
17-Apr-90,11.81,11.81,11.81,11.81,1.39,-
18-Apr-90,11.74,11.74,11.74,11.74,1.39,-
19-Apr-90,11.69,11.69,11.69,11.69,1.38,-
20-Apr-90,11.62,11.62,11.62,11.62,1.37,-
23-Apr-90,11.53,11.53,11.53,11.53,1.36,-
24-Apr-90,11.51,11.51,11.51,11.51,1.36,-
25-Apr-90,11.53,11.53,11.53,11.53,1.36,-
26-Apr-90,11.51,11.51,11.51,11.51,1.36,-
27-Apr-90,11.44,11.44,11.44,11.44,1.35,-
30-Apr-90,11.45,11.45,11.45,11.45,1.35,-
1-May-90,11.48,11.48,11.48,11.48,1.35,-
2-May-90,11.53,11.53,11.53,11.53,1.36,-
3-May-90,11.57,11.57,11.57,11.57,1.37,-
4-May-90,11.66,11.66,11.66,11.66,1.38,-
7-May-90,11.71,11.71,11.71,11.71,1.38,-
8-May-90,11.74,11.74,11.74,11.74,1.39,-
9-May-90,11.73,11.73,11.73,11.73,1.38,-
10-May-90,11.76,11.76,11.76,11.76,1.39,-
11-May-90,11.94,11.94,11.94,11.94,1.41,-
14-May-90,12.02,12.02,12.02,12.02,1.42,-
15-May-90,12.02,12.02,12.02,12.02,1.42,-
16-May-90,12.02,12.02,12.02,12.02,1.42,-
17-May-90,12.02,12.02,12.02,12.02,1.42,-
18-May-90,11.99,11.99,11.99,11.99,1.41,-
21-May-90,12.04,12.04,12.04,12.04,1.42,-
22-May-90,12.06,12.06,12.06,12.06,1.42,-
23-May-90,12.07,12.07,12.07,12.07,1.42,-
24-May-90,12.06,12.06,12.06,12.06,1.42,-
25-May-90,11.98,11.98,11.98,11.98,1.41,-
29-May-90,12.08,12.08,12.08,12.08,1.43,-
30-May-90,12.09,12.09,12.09,12.09,1.43,-
31-May-90,12.1,12.1,12.1,12.1,1.43,-
1-Jun-90,12.21,12.21,12.21,12.21,1.44,-
4-Jun-90,12.31,12.31,12.31,12.31,1.45,-
5-Jun-90,12.32,12.32,12.32,12.32,1.45,-
6-Jun-90,12.31,12.31,12.31,12.31,1.45,-
7-Jun-90,12.27,12.27,12.27,12.27,1.45,-
8-Jun-90,12.2,12.2,12.2,12.2,1.44,-
11-Jun-90,12.23,12.23,12.23,12.23,1.44,-
12-Jun-90,12.29,12.29,12.29,12.29,1.45,-
13-Jun-90,12.26,12.26,12.26,12.26,1.45,-
14-Jun-90,12.23,12.23,12.23,12.23,1.44,-
15-Jun-90,12.21,12.21,12.21,12.21,1.44,-
18-Jun-90,12.1,12.1,12.1,12.1,1.43,-
19-Jun-90,12.12,12.12,12.12,12.12,1.43,-
20-Jun-90,12.1,12.1,12.1,12.1,1.43,-
21-Jun-90,12.12,12.12,12.12,12.12,1.43,-
22-Jun-90,12.06,12.06,12.06,12.06,1.42,-
25-Jun-90,11.99,11.99,11.99,11.99,1.41,-
26-Jun-90,11.99,11.99,11.99,11.99,1.41,-
27-Jun-90,12.03,12.03,12.03,12.03,1.42,-
28-Jun-90,12.06,12.06,12.06,12.06,1.42,-
29-Jun-90,12.09,12.09,12.09,12.09,1.43,-
2-Jul-90,12.11,12.11,12.11,12.11,1.43,-
3-Jul-90,12.13,12.13,12.13,12.13,1.43,-
5-Jul-90,12.05,12.05,12.05,12.05,1.42,-
6-Jul-90,12.09,12.09,12.09,12.09,1.43,-
9-Jul-90,12.09,12.09,12.09,12.09,1.43,-
10-Jul-90,12.03,12.03,12.03,12.03,1.42,-
11-Jul-90,12.1,12.1,12.1,12.1,1.43,-
12-Jul-90,12.15,12.15,12.15,12.15,1.43,-
13-Jul-90,12.17,12.17,12.17,12.17,1.44,-
16-Jul-90,12.2,12.2,12.2,12.2,1.44,-
17-Jul-90,12.2,12.2,12.2,12.2,1.44,-
18-Jul-90,12.15,12.15,12.15,12.15,1.43,-
19-Jul-90,12.15,12.15,12.15,12.15,1.43,-
20-Jul-90,12.09,12.09,12.09,12.09,1.43,-
23-Jul-90,11.99,11.99,11.99,11.99,1.41,-
24-Jul-90,11.98,11.98,11.98,11.98,1.41,-
25-Jul-90,12.01,12.01,12.01,12.01,1.42,-
26-Jul-90,11.74,11.74,11.74,11.74,1.41,-
27-Jul-90,11.71,11.71,11.71,11.71,1.41,-
30-Jul-90,11.75,11.75,11.75,11.75,1.42,-
31-Jul-90,11.75,11.75,11.75,11.75,1.42,-
1-Aug-90,11.73,11.73,11.73,11.73,1.41,-
2-Aug-90,11.62,11.62,11.62,11.62,1.4,-
3-Aug-90,11.47,11.47,11.47,11.47,1.38,-
6-Aug-90,11.23,11.23,11.23,11.23,1.35,-
7-Aug-90,11.24,11.24,11.24,11.24,1.35,-
8-Aug-90,11.31,11.31,11.31,11.31,1.36,-
9-Aug-90,11.37,11.37,11.37,11.37,1.37,-
10-Aug-90,11.3,11.3,11.3,11.3,1.36,-
13-Aug-90,11.35,11.35,11.35,11.35,1.37,-
14-Aug-90,11.37,11.37,11.37,11.37,1.37,-
15-Aug-90,11.38,11.38,11.38,11.38,1.37,-
16-Aug-90,11.23,11.23,11.23,11.23,1.35,-
17-Aug-90,11.13,11.13,11.13,11.13,1.34,-
20-Aug-90,11.13,11.13,11.13,11.13,1.34,-
21-Aug-90,11.01,11.01,11.01,11.01,1.33,-
22-Aug-90,10.93,10.93,10.93,10.93,1.32,-
23-Aug-90,10.75,10.75,10.75,10.75,1.3,-
24-Aug-90,10.79,10.79,10.79,10.79,1.3,-
27-Aug-90,11,11.0,11.0,11.0,1.33,-
28-Aug-90,11.01,11.01,11.01,11.01,1.33,-
29-Aug-90,11.06,11.06,11.06,11.06,1.33,-
30-Aug-90,10.99,10.99,10.99,10.99,1.32,-
31-Aug-90,11.06,11.06,11.06,11.06,1.33,-
4-Sep-90,11.06,11.06,11.06,11.06,1.33,-
5-Sep-90,11.09,11.09,11.09,11.09,1.34,-
6-Sep-90,11.04,11.04,11.04,11.04,1.33,-
7-Sep-90,11.11,11.11,11.11,11.11,1.34,-
10-Sep-90,11.08,11.08,11.08,11.08,1.34,-
11-Sep-90,11.05,11.05,11.05,11.05,1.33,-
12-Sep-90,11.08,11.08,11.08,11.08,1.34,-
13-Sep-90,11.01,11.01,11.01,11.01,1.33,-
14-Sep-90,10.96,10.96,10.96,10.96,1.32,-
17-Sep-90,10.97,10.97,10.97,10.97,1.32,-
18-Sep-90,10.97,10.97,10.97,10.97,1.32,-
19-Sep-90,10.93,10.93,10.93,10.93,1.32,-
20-Sep-90,10.83,10.83,10.83,10.83,1.31,-
21-Sep-90,10.76,10.76,10.76,10.76,1.3,-
24-Sep-90,10.59,10.59,10.59,10.59,1.28,-
25-Sep-90,10.63,10.63,10.63,10.63,1.28,-
26-Sep-90,10.54,10.54,10.54,10.54,1.27,-
27-Sep-90,10.46,10.46,10.46,10.46,1.26,-
28-Sep-90,10.57,10.57,10.57,10.57,1.27,-
1-Oct-90,10.76,10.76,10.76,10.76,1.3,-
2-Oct-90,10.78,10.78,10.78,10.78,1.3,-
3-Oct-90,10.71,10.71,10.71,10.71,1.29,-
4-Oct-90,10.75,10.75,10.75,10.75,1.3,-
5-Oct-90,10.7,10.7,10.7,10.7,1.29,-
8-Oct-90,10.71,10.71,10.71,10.71,1.29,-
9-Oct-90,10.52,10.52,10.52,10.52,1.27,-
10-Oct-90,10.43,10.43,10.43,10.43,1.26,-
11-Oct-90,10.32,10.32,10.32,10.32,1.24,-
12-Oct-90,10.41,10.41,10.41,10.41,1.25,-
15-Oct-90,10.48,10.48,10.48,10.48,1.26,-
16-Oct-90,10.38,10.38,10.38,10.38,1.25,-
17-Oct-90,10.38,10.38,10.38,10.38,1.25,-
18-Oct-90,10.5,10.5,10.5,10.5,1.27,-
19-Oct-90,10.62,10.62,10.62,10.62,1.28,-
22-Oct-90,10.68,10.68,10.68,10.68,1.29,-
23-Oct-90,10.64,10.64,10.64,10.64,1.28,-
24-Oct-90,10.65,10.65,10.65,10.65,1.28,-
25-Oct-90,10.61,10.61,10.61,10.61,1.28,-
26-Oct-90,10.48,10.48,10.48,10.48,1.26,-
29-Oct-90,10.4,10.4,10.4,10.4,1.25,-
30-Oct-90,10.42,10.42,10.42,10.42,1.26,-
31-Oct-90,10.44,10.44,10.44,10.44,1.26,-
1-Nov-90,10.52,10.52,10.52,10.52,1.27,-
2-Nov-90,10.65,10.65,10.65,10.65,1.28,-
5-Nov-90,10.72,10.72,10.72,10.72,1.29,-
6-Nov-90,10.68,10.68,10.68,10.68,1.29,-
7-Nov-90,10.58,10.58,10.58,10.58,1.27,-
8-Nov-90,10.6,10.6,10.6,10.6,1.28,-
9-Nov-90,10.73,10.73,10.73,10.73,1.29,-
12-Nov-90,10.9,10.9,10.9,10.9,1.31,-
13-Nov-90,10.9,10.9,10.9,10.9,1.31,-
14-Nov-90,10.99,10.99,10.99,10.99,1.32,-
15-Nov-90,10.93,10.93,10.93,10.93,1.32,-
16-Nov-90,10.94,10.94,10.94,10.94,1.32,-
19-Nov-90,10.95,10.95,10.95,10.95,1.32,-
20-Nov-90,10.89,10.89,10.89,10.89,1.31,-
21-Nov-90,10.89,10.89,10.89,10.89,1.31,-
23-Nov-90,10.86,10.86,10.86,10.86,1.31,-
26-Nov-90,10.93,10.93,10.93,10.93,1.32,-
27-Nov-90,10.97,10.97,10.97,10.97,1.32,-
28-Nov-90,10.96,10.96,10.96,10.96,1.32,-
29-Nov-90,10.91,10.91,10.91,10.91,1.31,-
30-Nov-90,11.02,11.02,11.02,11.02,1.33,-
3-Dec-90,11.08,11.08,11.08,11.08,1.34,-
4-Dec-90,11.16,11.16,11.16,11.16,1.34,-
5-Dec-90,11.32,11.32,11.32,11.32,1.36,-
6-Dec-90,11.3,11.3,11.3,11.3,1.36,-
7-Dec-90,11.27,11.27,11.27,11.27,1.36,-
10-Dec-90,11.33,11.33,11.33,11.33,1.37,-
11-Dec-90,11.3,11.3,11.3,11.3,1.36,-
12-Dec-90,11.38,11.38,11.38,11.38,1.37,-
13-Dec-90,11.36,11.36,11.36,11.36,1.37,-
14-Dec-90,11.26,11.26,11.26,11.26,1.36,-
17-Dec-90,11.24,11.24,11.24,11.24,1.35,-
18-Dec-90,11.35,11.35,11.35,11.35,1.37,-
19-Dec-90,11.38,11.38,11.38,11.38,1.37,-
20-Dec-90,11.39,11.39,11.39,11.39,1.37,-
21-Dec-90,11.39,11.39,11.39,11.39,1.37,-
24-Dec-90,11.35,11.35,11.35,11.35,1.37,-
26-Dec-90,11.38,11.38,11.38,11.38,1.37,-
27-Dec-90,10.7,10.7,10.7,10.7,1.37,-
28-Dec-90,10.7,10.7,10.7,10.7,1.37,-
31-Dec-90,10.72,10.72,10.72,10.72,1.37,-
2-Jan-91,10.7,10.7,10.7,10.7,1.37,-
3-Jan-91,10.64,10.64,10.64,10.64,1.36,-
4-Jan-91,10.62,10.62,10.62,10.62,1.36,-
7-Jan-91,10.48,10.48,10.48,10.48,1.34,-
8-Jan-91,10.47,10.47,10.47,10.47,1.34,-
9-Jan-91,10.41,10.41,10.41,10.41,1.33,-
10-Jan-91,10.47,10.47,10.47,10.47,1.34,-
11-Jan-91,10.47,10.47,10.47,10.47,1.34,-
14-Jan-91,10.4,10.4,10.4,10.4,1.33,-
15-Jan-91,10.44,10.44,10.44,10.44,1.33,-
16-Jan-91,10.47,10.47,10.47,10.47,1.34,-
17-Jan-91,10.72,10.72,10.72,10.72,1.37,-
18-Jan-91,10.81,10.81,10.81,10.81,1.38,-
21-Jan-91,10.81,10.81,10.81,10.81,1.38,-
22-Jan-91,10.8,10.8,10.8,10.8,1.38,-
23-Jan-91,10.86,10.86,10.86,10.86,1.39,-
24-Jan-91,10.93,10.93,10.93,10.93,1.4,-
25-Jan-91,10.98,10.98,10.98,10.98,1.4,-
28-Jan-91,11,11.0,11.0,11.0,1.4,-
29-Jan-91,11.01,11.01,11.01,11.01,1.41,-
30-Jan-91,11.11,11.11,11.11,11.11,1.42,-
31-Jan-91,11.19,11.19,11.19,11.19,1.43,-
1-Feb-91,11.25,11.25,11.25,11.25,1.44,-
4-Feb-91,11.43,11.43,11.43,11.43,1.46,-
5-Feb-91,11.5,11.5,11.5,11.5,1.47,-
6-Feb-91,11.59,11.59,11.59,11.59,1.48,-
7-Feb-91,11.56,11.56,11.56,11.56,1.48,-
8-Feb-91,11.62,11.62,11.62,11.62,1.48,-
11-Feb-91,11.8,11.8,11.8,11.8,1.51,-
12-Feb-91,11.77,11.77,11.77,11.77,1.5,-
13-Feb-91,11.85,11.85,11.85,11.85,1.51,-
14-Feb-91,11.79,11.79,11.79,11.79,1.51,-
15-Feb-91,11.88,11.88,11.88,11.88,1.52,-
19-Feb-91,11.86,11.86,11.86,11.86,1.51,-
20-Feb-91,11.76,11.76,11.76,11.76,1.5,-
21-Feb-91,11.76,11.76,11.76,11.76,1.5,-
22-Feb-91,11.75,11.75,11.75,11.75,1.5,-
25-Feb-91,11.76,11.76,11.76,11.76,1.5,-
26-Feb-91,11.68,11.68,11.68,11.68,1.49,-
27-Feb-91,11.76,11.76,11.76,11.76,1.5,-
28-Feb-91,11.79,11.79,11.79,11.79,1.51,-
1-Mar-91,11.84,11.84,11.84,11.84,1.51,-
4-Mar-91,11.87,11.87,11.87,11.87,1.52,-
5-Mar-91,12,12.0,12.0,12.0,1.53,-
6-Mar-91,12.01,12.01,12.01,12.01,1.53,-
7-Mar-91,12,12.0,12.0,12.0,1.53,-
8-Mar-91,11.97,11.97,11.97,11.97,1.53,-
11-Mar-91,11.96,11.96,11.96,11.96,1.53,-
12-Mar-91,11.91,11.91,11.91,11.91,1.52,-
13-Mar-91,11.97,11.97,11.97,11.97,1.53,-
14-Mar-91,11.96,11.96,11.96,11.96,1.53,-
15-Mar-91,11.94,11.94,11.94,11.94,1.52,-
18-Mar-91,11.91,11.91,11.91,11.91,1.52,-
19-Mar-91,11.79,11.79,11.79,11.79,1.51,-
20-Mar-91,11.81,11.81,11.81,11.81,1.51,-
21-Mar-91,11.8,11.8,11.8,11.8,1.51,-
22-Mar-91,11.83,11.83,11.83,11.83,1.51,-
25-Mar-91,11.87,11.87,11.87,11.87,1.52,-
26-Mar-91,12,12.0,12.0,12.0,1.53,-
27-Mar-91,12.04,12.04,12.04,12.04,1.54,-
28-Mar-91,12.04,12.04,12.04,12.04,1.54,-
1-Apr-91,11.96,11.96,11.96,11.96,1.53,-
2-Apr-91,12.1,12.1,12.1,12.1,1.55,-
3-Apr-91,12.12,12.12,12.12,12.12,1.55,-
4-Apr-91,12.15,12.15,12.15,12.15,1.55,-
5-Apr-91,12.08,12.08,12.08,12.08,1.54,-
8-Apr-91,12.13,12.13,12.13,12.13,1.55,-
9-Apr-91,12.04,12.04,12.04,12.04,1.54,-
10-Apr-91,12.01,12.01,12.01,12.01,1.53,-
11-Apr-91,12.09,12.09,12.09,12.09,1.54,-
12-Apr-91,12.14,12.14,12.14,12.14,1.55,-
15-Apr-91,12.18,12.18,12.18,12.18,1.56,-
16-Apr-91,12.29,12.29,12.29,12.29,1.57,-
17-Apr-91,12.38,12.38,12.38,12.38,1.58,-
18-Apr-91,12.34,12.34,12.34,12.34,1.58,-
19-Apr-91,12.26,12.26,12.26,12.26,1.57,-
22-Apr-91,12.17,12.17,12.17,12.17,1.55,-
23-Apr-91,12.19,12.19,12.19,12.19,1.56,-
24-Apr-91,12.22,12.22,12.22,12.22,1.56,-
25-Apr-91,12.17,12.17,12.17,12.17,1.55,-
26-Apr-91,12.15,12.15,12.15,12.15,1.55,-
29-Apr-91,12.06,12.06,12.06,12.06,1.54,-
30-Apr-91,12.08,12.08,12.08,12.08,1.54,-
1-May-91,12.19,12.19,12.19,12.19,1.56,-
2-May-91,12.23,12.23,12.23,12.23,1.56,-
3-May-91,12.2,12.2,12.2,12.2,1.56,-
6-May-91,12.19,12.19,12.19,12.19,1.56,-
7-May-91,12.15,12.15,12.15,12.15,1.55,-
8-May-91,12.17,12.17,12.17,12.17,1.55,-
9-May-91,12.23,12.23,12.23,12.23,1.56,-
10-May-91,12.1,12.1,12.1,12.1,1.55,-
13-May-91,12.1,12.1,12.1,12.1,1.55,-
14-May-91,12.01,12.01,12.01,12.01,1.53,-
15-May-91,11.94,11.94,11.94,11.94,1.52,-
16-May-91,11.94,11.94,11.94,11.94,1.52,-
17-May-91,12.02,12.02,12.02,12.02,1.53,-
20-May-91,12.01,12.01,12.01,12.01,1.53,-
21-May-91,12.07,12.07,12.07,12.07,1.54,-
22-May-91,12.1,12.1,12.1,12.1,1.55,-
23-May-91,12.07,12.07,12.07,12.07,1.54,-
24-May-91,12.15,12.15,12.15,12.15,1.55,-
28-May-91,12.25,12.25,12.25,12.25,1.56,-
29-May-91,12.29,12.29,12.29,12.29,1.57,-
30-May-91,12.37,12.37,12.37,12.37,1.58,-
31-May-91,12.42,12.42,12.42,12.42,1.59,-
3-Jun-91,12.42,12.42,12.42,12.42,1.59,-
4-Jun-91,12.43,12.43,12.43,12.43,1.59,-
5-Jun-91,12.39,12.39,12.39,12.39,1.58,-
6-Jun-91,12.37,12.37,12.37,12.37,1.58,-
7-Jun-91,12.29,12.29,12.29,12.29,1.57,-
10-Jun-91,12.26,12.26,12.26,12.26,1.57,-
11-Jun-91,12.29,12.29,12.29,12.29,1.57,-
12-Jun-91,12.19,12.19,12.19,12.19,1.56,-
13-Jun-91,12.2,12.2,12.2,12.2,1.56,-
14-Jun-91,12.26,12.26,12.26,12.26,1.57,-
17-Jun-91,12.23,12.23,12.23,12.23,1.56,-
18-Jun-91,12.21,12.21,12.21,12.21,1.56,-
19-Jun-91,12.15,12.15,12.15,12.15,1.55,-
20-Jun-91,12.16,12.16,12.16,12.16,1.55,-
21-Jun-91,12.18,12.18,12.18,12.18,1.56,-
24-Jun-91,12.09,12.09,12.09,12.09,1.54,-
25-Jun-91,12.04,12.04,12.04,12.04,1.54,-
26-Jun-91,12.05,12.05,12.05,12.05,1.54,-
27-Jun-91,12.09,12.09,12.09,12.09,1.54,-
28-Jun-91,12.04,12.04,12.04,12.04,1.54,-
1-Jul-91,12.15,12.15,12.15,12.15,1.55,-
2-Jul-91,12.15,12.15,12.15,12.15,1.55,-
3-Jul-91,12.07,12.07,12.07,12.07,1.54,-
5-Jul-91,12.06,12.06,12.06,12.06,1.54,-
8-Jul-91,12.12,12.12,12.12,12.12,1.55,-
9-Jul-91,12.12,12.12,12.12,12.12,1.55,-
10-Jul-91,12.13,12.13,12.13,12.13,1.55,-
11-Jul-91,12.14,12.14,12.14,12.14,1.55,-
12-Jul-91,12.22,12.22,12.22,12.22,1.56,-
15-Jul-91,12.3,12.3,12.3,12.3,1.57,-
16-Jul-91,12.32,12.32,12.32,12.32,1.57,-
17-Jul-91,12.31,12.31,12.31,12.31,1.57,-
18-Jul-91,12.37,12.37,12.37,12.37,1.58,-
19-Jul-91,12.35,12.35,12.35,12.35,1.58,-
22-Jul-91,12.32,12.32,12.32,12.32,1.57,-
23-Jul-91,12.28,12.28,12.28,12.28,1.57,-
24-Jul-91,12.26,12.26,12.26,12.26,1.57,-
25-Jul-91,12.04,12.04,12.04,12.04,1.57,-
26-Jul-91,12.04,12.04,12.04,12.04,1.57,-
29-Jul-91,12.07,12.07,12.07,12.07,1.58,-
30-Jul-91,12.13,12.13,12.13,12.13,1.58,-
31-Jul-91,12.16,12.16,12.16,12.16,1.59,-
1-Aug-91,12.15,12.15,12.15,12.15,1.59,-
2-Aug-91,12.19,12.19,12.19,12.19,1.59,-
5-Aug-91,12.16,12.16,12.16,12.16,1.59,-
6-Aug-91,12.25,12.25,12.25,12.25,1.6,-
7-Aug-91,12.25,12.25,12.25,12.25,1.6,-
8-Aug-91,12.23,12.23,12.23,12.23,1.6,-
9-Aug-91,12.18,12.18,12.18,12.18,1.59,-
12-Aug-91,12.23,12.23,12.23,12.23,1.6,-
13-Aug-91,12.3,12.3,12.3,12.3,1.61,-
14-Aug-91,12.34,12.34,12.34,12.34,1.61,-
15-Aug-91,12.32,12.32,12.32,12.32,1.61,-
16-Aug-91,12.26,12.26,12.26,12.26,1.6,-
19-Aug-91,12.09,12.09,12.09,12.09,1.58,-
20-Aug-91,12.13,12.13,12.13,12.13,1.58,-
21-Aug-91,12.32,12.32,12.32,12.32,1.61,-
22-Aug-91,12.32,12.32,12.32,12.32,1.61,-
23-Aug-91,12.35,12.35,12.35,12.35,1.61,-
26-Aug-91,12.34,12.34,12.34,12.34,1.61,-
27-Aug-91,12.32,12.32,12.32,12.32,1.61,-
28-Aug-91,12.4,12.4,12.4,12.4,1.62,-
29-Aug-91,12.42,12.42,12.42,12.42,1.62,-
30-Aug-91,12.39,12.39,12.39,12.39,1.62,-
3-Sep-91,12.32,12.32,12.32,12.32,1.61,-
4-Sep-91,12.28,12.28,12.28,12.28,1.6,-
5-Sep-91,12.27,12.27,12.27,12.27,1.6,-
6-Sep-91,12.29,12.29,12.29,12.29,1.6,-
9-Sep-91,12.3,12.3,12.3,12.3,1.61,-
10-Sep-91,12.24,12.24,12.24,12.24,1.6,-
11-Sep-91,12.25,12.25,12.25,12.25,1.6,-
12-Sep-91,12.29,12.29,12.29,12.29,1.6,-
13-Sep-91,12.26,12.26,12.26,12.26,1.6,-
16-Sep-91,12.3,12.3,12.3,12.3,1.61,-
17-Sep-91,12.29,12.29,12.29,12.29,1.6,-
18-Sep-91,12.33,12.33,12.33,12.33,1.61,-
19-Sep-91,12.37,12.37,12.37,12.37,1.62,-
20-Sep-91,12.38,12.38,12.38,12.38,1.62,-
23-Sep-91,12.34,12.34,12.34,12.34,1.61,-
24-Sep-91,12.35,12.35,12.35,12.35,1.61,-
25-Sep-91,12.34,12.34,12.34,12.34,1.61,-
26-Sep-91,12.33,12.33,12.33,12.33,1.61,-
27-Sep-91,12.34,12.34,12.34,12.34,1.61,-
30-Sep-91,12.38,12.38,12.38,12.38,1.62,-
1-Oct-91,12.4,12.4,12.4,12.4,1.62,-
2-Oct-91,12.39,12.39,12.39,12.39,1.62,-
3-Oct-91,12.33,12.33,12.33,12.33,1.61,-
4-Oct-91,12.29,12.29,12.29,12.29,1.6,-
7-Oct-91,12.24,12.24,12.24,12.24,1.6,-
8-Oct-91,12.25,12.25,12.25,12.25,1.6,-
9-Oct-91,12.17,12.17,12.17,12.17,1.59,-
10-Oct-91,12.22,12.22,12.22,12.22,1.6,-
11-Oct-91,12.26,12.26,12.26,12.26,1.6,-
14-Oct-91,12.34,12.34,12.34,12.34,1.61,-
15-Oct-91,12.44,12.44,12.44,12.44,1.62,-
16-Oct-91,12.48,12.48,12.48,12.48,1.63,-
17-Oct-91,12.44,12.44,12.44,12.44,1.62,-
18-Oct-91,12.44,12.44,12.44,12.44,1.62,-
21-Oct-91,12.37,12.37,12.37,12.37,1.62,-
22-Oct-91,12.33,12.33,12.33,12.33,1.61,-
23-Oct-91,12.32,12.32,12.32,12.32,1.61,-
24-Oct-91,12.28,12.28,12.28,12.28,1.6,-
25-Oct-91,12.28,12.28,12.28,12.28,1.6,-
28-Oct-91,12.37,12.37,12.37,12.37,1.62,-
29-Oct-91,12.44,12.44,12.44,12.44,1.62,-
30-Oct-91,12.52,12.52,12.52,12.52,1.63,-
31-Oct-91,12.51,12.51,12.51,12.51,1.63,-
1-Nov-91,12.51,12.51,12.51,12.51,1.63,-
4-Nov-91,12.47,12.47,12.47,12.47,1.63,-
5-Nov-91,12.44,12.44,12.44,12.44,1.62,-
6-Nov-91,12.45,12.45,12.45,12.45,1.63,-
7-Nov-91,12.57,12.57,12.57,12.57,1.64,-
8-Nov-91,12.58,12.58,12.58,12.58,1.64,-
11-Nov-91,12.59,12.59,12.59,12.59,1.64,-
12-Nov-91,12.65,12.65,12.65,12.65,1.65,-
13-Nov-91,12.67,12.67,12.67,12.67,1.65,-
14-Nov-91,12.66,12.66,12.66,12.66,1.65,-
15-Nov-91,12.42,12.42,12.42,12.42,1.62,-
18-Nov-91,12.44,12.44,12.44,12.44,1.62,-
19-Nov-91,12.31,12.31,12.31,12.31,1.61,-
20-Nov-91,12.28,12.28,12.28,12.28,1.6,-
21-Nov-91,12.3,12.3,12.3,12.3,1.61,-
22-Nov-91,12.22,12.22,12.22,12.22,1.6,-
25-Nov-91,12.22,12.22,12.22,12.22,1.6,-
26-Nov-91,12.25,12.25,12.25,12.25,1.6,-
27-Nov-91,12.23,12.23,12.23,12.23,1.6,-
29-Nov-91,12.2,12.2,12.2,12.2,1.59,-
2-Dec-91,12.31,12.31,12.31,12.31,1.61,-
3-Dec-91,12.31,12.31,12.31,12.31,1.61,-
4-Dec-91,12.31,12.31,12.31,12.31,1.61,-
5-Dec-91,12.26,12.26,12.26,12.26,1.6,-
6-Dec-91,12.28,12.28,12.28,12.28,1.6,-
9-Dec-91,12.27,12.27,12.27,12.27,1.6,-
10-Dec-91,12.24,12.24,12.24,12.24,1.6,-
11-Dec-91,12.23,12.23,12.23,12.23,1.6,-
12-Dec-91,12.31,12.31,12.31,12.31,1.61,-
13-Dec-91,12.37,12.37,12.37,12.37,1.62,-
16-Dec-91,12.35,12.35,12.35,12.35,1.61,-
17-Dec-91,12.28,12.28,12.28,12.28,1.6,-
18-Dec-91,12.29,12.29,12.29,12.29,1.6,-
19-Dec-91,12.29,12.29,12.29,12.29,1.6,-
20-Dec-91,12.4,12.4,12.4,12.4,1.62,-
23-Dec-91,12.6,12.6,12.6,12.6,1.65,-
24-Dec-91,12.65,12.65,12.65,12.65,1.65,-
26-Dec-91,12.78,12.78,12.78,12.78,1.67,-
27-Dec-91,12.1,12.1,12.1,12.1,1.67,-
30-Dec-91,12.25,12.25,12.25,12.25,1.69,-
31-Dec-91,12.29,12.29,12.29,12.29,1.7,-
2-Jan-92,12.28,12.28,12.28,12.28,1.7,-
3-Jan-92,12.31,12.31,12.31,12.31,1.7,-
6-Jan-92,12.31,12.31,12.31,12.31,1.7,-
7-Jan-92,12.31,12.31,12.31,12.31,1.7,-
8-Jan-92,12.32,12.32,12.32,12.32,1.7,-
9-Jan-92,12.34,12.34,12.34,12.34,1.71,-
10-Jan-92,12.29,12.29,12.29,12.29,1.7,-
13-Jan-92,12.29,12.29,12.29,12.29,1.7,-
14-Jan-92,12.4,12.4,12.4,12.4,1.72,-
15-Jan-92,12.48,12.48,12.48,12.48,1.73,-
16-Jan-92,12.45,12.45,12.45,12.45,1.72,-
17-Jan-92,12.45,12.45,12.45,12.45,1.72,-
20-Jan-92,12.42,12.42,12.42,12.42,1.72,-
21-Jan-92,12.37,12.37,12.37,12.37,1.71,-
22-Jan-92,12.41,12.41,12.41,12.41,1.72,-
23-Jan-92,12.36,12.36,12.36,12.36,1.71,-
24-Jan-92,12.36,12.36,12.36,12.36,1.71,-
27-Jan-92,12.4,12.4,12.4,12.4,1.72,-
28-Jan-92,12.41,12.41,12.41,12.41,1.72,-
29-Jan-92,12.32,12.32,12.32,12.32,1.7,-
30-Jan-92,12.32,12.32,12.32,12.32,1.7,-
31-Jan-92,12.28,12.28,12.28,12.28,1.7,-
3-Feb-92,12.32,12.32,12.32,12.32,1.7,-
4-Feb-92,12.4,12.4,12.4,12.4,1.72,-
5-Feb-92,12.42,12.42,12.42,12.42,1.72,-
6-Feb-92,12.46,12.46,12.46,12.46,1.72,-
7-Feb-92,12.45,12.45,12.45,12.45,1.72,-
10-Feb-92,12.5,12.5,12.5,12.5,1.73,-
11-Feb-92,12.48,12.48,12.48,12.48,1.73,-
12-Feb-92,12.55,12.55,12.55,12.55,1.74,-
13-Feb-92,12.47,12.47,12.47,12.47,1.73,-
14-Feb-92,12.46,12.46,12.46,12.46,1.72,-
18-Feb-92,12.42,12.42,12.42,12.42,1.72,-
19-Feb-92,12.42,12.42,12.42,12.42,1.72,-
20-Feb-92,12.5,12.5,12.5,12.5,1.73,-
21-Feb-92,12.47,12.47,12.47,12.47,1.73,-
24-Feb-92,12.48,12.48,12.48,12.48,1.73,-
25-Feb-92,12.45,12.45,12.45,12.45,1.72,-
26-Feb-92,12.54,12.54,12.54,12.54,1.74,-
27-Feb-92,12.54,12.54,12.54,12.54,1.74,-
28-Feb-92,12.54,12.54,12.54,12.54,1.74,-
2-Mar-92,12.52,12.52,12.52,12.52,1.73,-
3-Mar-92,12.53,12.53,12.53,12.53,1.73,-
4-Mar-92,12.47,12.47,12.47,12.47,1.73,-
5-Mar-92,12.4,12.4,12.4,12.4,1.72,-
6-Mar-92,12.37,12.37,12.37,12.37,1.71,-
9-Mar-92,12.39,12.39,12.39,12.39,1.71,-
10-Mar-92,12.43,12.43,12.43,12.43,1.72,-
11-Mar-92,12.35,12.35,12.35,12.35,1.71,-
12-Mar-92,12.33,12.33,12.33,12.33,1.71,-
13-Mar-92,12.36,12.36,12.36,12.36,1.71,-
16-Mar-92,12.36,12.36,12.36,12.36,1.71,-
17-Mar-92,12.42,12.42,12.42,12.42,1.72,-
18-Mar-92,12.43,12.43,12.43,12.43,1.72,-
19-Mar-92,12.46,12.46,12.46,12.46,1.72,-
20-Mar-92,12.47,12.47,12.47,12.47,1.73,-
23-Mar-92,12.44,12.44,12.44,12.44,1.72,-
24-Mar-92,12.43,12.43,12.43,12.43,1.72,-
25-Mar-92,12.42,12.42,12.42,12.42,1.72,-
26-Mar-92,12.43,12.43,12.43,12.43,1.72,-
27-Mar-92,12.34,12.34,12.34,12.34,1.71,-
30-Mar-92,12.33,12.33,12.33,12.33,1.71,-
31-Mar-92,12.33,12.33,12.33,12.33,1.71,-
1-Apr-92,12.35,12.35,12.35,12.35,1.71,-
2-Apr-92,12.28,12.28,12.28,12.28,1.7,-
3-Apr-92,12.3,12.3,12.3,12.3,1.7,-
6-Apr-92,12.38,12.38,12.38,12.38,1.71,-
7-Apr-92,12.25,12.25,12.25,12.25,1.69,-
8-Apr-92,12.14,12.14,12.14,12.14,1.68,-
9-Apr-92,12.27,12.27,12.27,12.27,1.7,-
10-Apr-92,12.32,12.32,12.32,12.32,1.7,-
13-Apr-92,12.36,12.36,12.36,12.36,1.71,-
14-Apr-92,12.46,12.46,12.46,12.46,1.72,-
15-Apr-92,12.52,12.52,12.52,12.52,1.73,-
16-Apr-92,12.52,12.52,12.52,12.52,1.73,-
20-Apr-92,12.41,12.41,12.41,12.41,1.72,-
21-Apr-92,12.43,12.43,12.43,12.43,1.72,-
22-Apr-92,12.48,12.48,12.48,12.48,1.73,-
23-Apr-92,12.5,12.5,12.5,12.5,1.73,-
24-Apr-92,12.47,12.47,12.47,12.47,1.73,-
27-Apr-92,12.45,12.45,12.45,12.45,1.72,-
28-Apr-92,12.48,12.48,12.48,12.48,1.73,-
29-Apr-92,12.52,12.52,12.52,12.52,1.73,-
30-Apr-92,12.55,12.55,12.55,12.55,1.74,-
1-May-92,12.53,12.53,12.53,12.53,1.73,-
4-May-92,12.62,12.62,12.62,12.62,1.75,-
5-May-92,12.64,12.64,12.64,12.64,1.75,-
6-May-92,12.67,12.67,12.67,12.67,1.75,-
7-May-92,12.66,12.66,12.66,12.66,1.75,-
8-May-92,12.67,12.67,12.67,12.67,1.75,-
11-May-92,12.72,12.72,12.72,12.72,1.76,-
12-May-92,12.69,12.69,12.69,12.69,1.76,-
13-May-92,12.72,12.72,12.72,12.72,1.76,-
14-May-92,12.66,12.66,12.66,12.66,1.75,-
15-May-92,12.62,12.62,12.62,12.62,1.75,-
18-May-92,12.67,12.67,12.67,12.67,1.75,-
19-May-92,12.73,12.73,12.73,12.73,1.76,-
20-May-92,12.72,12.72,12.72,12.72,1.76,-
21-May-92,12.66,12.66,12.66,12.66,1.75,-
22-May-92,12.69,12.69,12.69,12.69,1.76,-
26-May-92,12.66,12.66,12.66,12.66,1.75,-
27-May-92,12.66,12.66,12.66,12.66,1.75,-
28-May-92,12.73,12.73,12.73,12.73,1.76,-
29-May-92,12.73,12.73,12.73,12.73,1.76,-
1-Jun-92,12.75,12.75,12.75,12.75,1.76,-
2-Jun-92,12.71,12.71,12.71,12.71,1.76,-
3-Jun-92,12.75,12.75,12.75,12.75,1.76,-
4-Jun-92,12.74,12.74,12.74,12.74,1.76,-
5-Jun-92,12.74,12.74,12.74,12.74,1.76,-
8-Jun-92,12.76,12.76,12.76,12.76,1.77,-
9-Jun-92,12.71,12.71,12.71,12.71,1.76,-
10-Jun-92,12.69,12.69,12.69,12.69,1.76,-
11-Jun-92,12.7,12.7,12.7,12.7,1.76,-
12-Jun-92,12.71,12.71,12.71,12.71,1.76,-
15-Jun-92,12.73,12.73,12.73,12.73,1.76,-
16-Jun-92,12.71,12.71,12.71,12.71,1.76,-
17-Jun-92,12.6,12.6,12.6,12.6,1.74,-
18-Jun-92,12.59,12.59,12.59,12.59,1.74,-
19-Jun-92,12.62,12.62,12.62,12.62,1.75,-
22-Jun-92,12.59,12.59,12.59,12.59,1.74,-
23-Jun-92,12.61,12.61,12.61,12.61,1.74,-
24-Jun-92,12.63,12.63,12.63,12.63,1.75,-
25-Jun-92,12.62,12.62,12.62,12.62,1.75,-
26-Jun-92,12.63,12.63,12.63,12.63,1.75,-
29-Jun-92,12.72,12.72,12.72,12.72,1.76,-
30-Jun-92,12.73,12.73,12.73,12.73,1.76,-
1-Jul-92,12.81,12.81,12.81,12.81,1.77,-
2-Jul-92,12.84,12.84,12.84,12.84,1.78,-
6-Jul-92,12.85,12.85,12.85,12.85,1.78,-
7-Jul-92,12.79,12.79,12.79,12.79,1.77,-
8-Jul-92,12.79,12.79,12.79,12.79,1.77,-
9-Jul-92,12.87,12.87,12.87,12.87,1.78,-
10-Jul-92,12.9,12.9,12.9,12.9,1.78,-
13-Jul-92,12.89,12.89,12.89,12.89,1.78,-
14-Jul-92,12.94,12.94,12.94,12.94,1.79,-
15-Jul-92,12.92,12.92,12.92,12.92,1.79,-
16-Jul-92,12.91,12.91,12.91,12.91,1.79,-
17-Jul-92,12.87,12.87,12.87,12.87,1.78,-
20-Jul-92,12.86,12.86,12.86,12.86,1.78,-
21-Jul-92,12.87,12.87,12.87,12.87,1.78,-
22-Jul-92,12.84,12.84,12.84,12.84,1.78,-
23-Jul-92,12.86,12.86,12.86,12.86,1.78,-
24-Jul-92,12.85,12.85,12.85,12.85,1.78,-
27-Jul-92,12.84,12.84,12.84,12.84,1.78,-
28-Jul-92,12.71,12.71,12.71,12.71,1.79,-
29-Jul-92,12.79,12.79,12.79,12.79,1.8,-
30-Jul-92,12.8,12.8,12.8,12.8,1.81,-
31-Jul-92,12.8,12.8,12.8,12.8,1.81,-
3-Aug-92,12.82,12.82,12.82,12.82,1.81,-
4-Aug-92,12.81,12.81,12.81,12.81,1.81,-
5-Aug-92,12.8,12.8,12.8,12.8,1.81,-
6-Aug-92,12.77,12.77,12.77,12.77,1.8,-
7-Aug-92,12.76,12.76,12.76,12.76,1.8,-
10-Aug-92,12.78,12.78,12.78,12.78,1.8,-
11-Aug-92,12.77,12.77,12.77,12.77,1.8,-
12-Aug-92,12.76,12.76,12.76,12.76,1.8,-
13-Aug-92,12.74,12.74,12.74,12.74,1.8,-
14-Aug-92,12.78,12.78,12.78,12.78,1.8,-
17-Aug-92,12.79,12.79,12.79,12.79,1.8,-
18-Aug-92,12.8,12.8,12.8,12.8,1.81,-
19-Aug-92,12.72,12.72,12.72,12.72,1.79,-
20-Aug-92,12.74,12.74,12.74,12.74,1.8,-
21-Aug-92,12.67,12.67,12.67,12.67,1.79,-
24-Aug-92,12.58,12.58,12.58,12.58,1.78,-
25-Aug-92,12.58,12.58,12.58,12.58,1.78,-
26-Aug-92,12.63,12.63,12.63,12.63,1.78,-
27-Aug-92,12.64,12.64,12.64,12.64,1.78,-
28-Aug-92,12.68,12.68,12.68,12.68,1.79,-
31-Aug-92,12.68,12.68,12.68,12.68,1.79,-
1-Sep-92,12.72,12.72,12.72,12.72,1.79,-
2-Sep-92,12.77,12.77,12.77,12.77,1.8,-
3-Sep-92,12.75,12.75,12.75,12.75,1.8,-
4-Sep-92,12.75,12.75,12.75,12.75,1.8,-
8-Sep-92,12.72,12.72,12.72,12.72,1.79,-
9-Sep-92,12.73,12.73,12.73,12.73,1.8,-
10-Sep-92,12.8,12.8,12.8,12.8,1.81,-
11-Sep-92,12.78,12.78,12.78,12.78,1.8,-
14-Sep-92,12.89,12.89,12.89,12.89,1.82,-
15-Sep-92,12.79,12.79,12.79,12.79,1.8,-
16-Sep-92,12.8,12.8,12.8,12.8,1.81,-
17-Sep-92,12.79,12.79,12.79,12.79,1.8,-
18-Sep-92,12.83,12.83,12.83,12.83,1.81,-
21-Sep-92,12.83,12.83,12.83,12.83,1.81,-
22-Sep-92,12.76,12.76,12.76,12.76,1.8,-
23-Sep-92,12.76,12.76,12.76,12.76,1.8,-
24-Sep-92,12.81,12.81,12.81,12.81,1.81,-
25-Sep-92,12.77,12.77,12.77,12.77,1.8,-
28-Sep-92,12.82,12.82,12.82,12.82,1.81,-
29-Sep-92,12.84,12.84,12.84,12.84,1.81,-
30-Sep-92,12.86,12.86,12.86,12.86,1.81,-
1-Oct-92,12.86,12.86,12.86,12.86,1.81,-
2-Oct-92,12.76,12.76,12.76,12.76,1.8,-
5-Oct-92,12.71,12.71,12.71,12.71,1.79,-
6-Oct-92,12.69,12.69,12.69,12.69,1.79,-
7-Oct-92,12.63,12.63,12.63,12.63,1.78,-
8-Oct-92,12.66,12.66,12.66,12.66,1.79,-
9-Oct-92,12.57,12.57,12.57,12.57,1.77,-
12-Oct-92,12.66,12.66,12.66,12.66,1.79,-
13-Oct-92,12.68,12.68,12.68,12.68,1.79,-
14-Oct-92,12.68,12.68,12.68,12.68,1.79,-
15-Oct-92,12.67,12.67,12.67,12.67,1.79,-
16-Oct-92,12.68,12.68,12.68,12.68,1.79,-
19-Oct-92,12.76,12.76,12.76,12.76,1.8,-
20-Oct-92,12.75,12.75,12.75,12.75,1.8,-
21-Oct-92,12.77,12.77,12.77,12.77,1.8,-
22-Oct-92,12.76,12.76,12.76,12.76,1.8,-
23-Oct-92,12.74,12.74,12.74,12.74,1.8,-
26-Oct-92,12.8,12.8,12.8,12.8,1.81,-
27-Oct-92,12.81,12.81,12.81,12.81,1.81,-
28-Oct-92,12.84,12.84,12.84,12.84,1.81,-
29-Oct-92,12.86,12.86,12.86,12.86,1.81,-
30-Oct-92,12.82,12.82,12.82,12.82,1.81,-
2-Nov-92,12.87,12.87,12.87,12.87,1.82,-
3-Nov-92,12.84,12.84,12.84,12.84,1.81,-
4-Nov-92,12.79,12.79,12.79,12.79,1.8,-
5-Nov-92,12.83,12.83,12.83,12.83,1.81,-
6-Nov-92,12.82,12.82,12.82,12.82,1.81,-
9-Nov-92,12.84,12.84,12.84,12.84,1.81,-
10-Nov-92,12.87,12.87,12.87,12.87,1.82,-
11-Nov-92,12.93,12.93,12.93,12.93,1.82,-
12-Nov-92,12.96,12.96,12.96,12.96,1.83,-
13-Nov-92,12.94,12.94,12.94,12.94,1.83,-
16-Nov-92,12.91,12.91,12.91,12.91,1.82,-
17-Nov-92,12.89,12.89,12.89,12.89,1.82,-
18-Nov-92,12.96,12.96,12.96,12.96,1.83,-
19-Nov-92,12.97,12.97,12.97,12.97,1.83,-
20-Nov-92,13,13.0,13.0,13.0,1.83,-
23-Nov-92,12.99,12.99,12.99,12.99,1.83,-
24-Nov-92,13.03,13.03,13.03,13.03,1.84,-
25-Nov-92,13.09,13.09,13.09,13.09,1.85,-
27-Nov-92,13.1,13.1,13.1,13.1,1.85,-
30-Nov-92,13.11,13.11,13.11,13.11,1.85,-
1-Dec-92,13.13,13.13,13.13,13.13,1.85,-
2-Dec-92,13.12,13.12,13.12,13.12,1.85,-
3-Dec-92,13.12,13.12,13.12,13.12,1.85,-
4-Dec-92,13.17,13.17,13.17,13.17,1.86,-
7-Dec-92,13.25,13.25,13.25,13.25,1.87,-
8-Dec-92,13.27,13.27,13.27,13.27,1.87,-
9-Dec-92,13.24,13.24,13.24,13.24,1.87,-
10-Dec-92,13.22,13.22,13.22,13.22,1.87,-
11-Dec-92,13.19,13.19,13.19,13.19,1.86,-
14-Dec-92,13.18,13.18,13.18,13.18,1.86,-
15-Dec-92,13.19,13.19,13.19,13.19,1.86,-
16-Dec-92,13.18,13.18,13.18,13.18,1.86,-
17-Dec-92,13.22,13.22,13.22,13.22,1.87,-
18-Dec-92,13.29,13.29,13.29,13.29,1.88,-
21-Dec-92,13.29,13.29,13.29,13.29,1.88,-
22-Dec-92,13.31,13.31,13.31,13.31,1.88,-
23-Dec-92,13.3,13.3,13.3,13.3,1.88,-
24-Dec-92,13.31,13.31,13.31,13.31,1.88,-
28-Dec-92,13.32,13.32,13.32,13.32,1.88,-
29-Dec-92,12.88,12.88,12.88,12.88,1.88,-
30-Dec-92,12.9,12.9,12.9,12.9,1.88,-
31-Dec-92,12.88,12.88,12.88,12.88,1.88,-
4-Jan-93,12.9,12.9,12.9,12.9,1.88,-
5-Jan-93,12.88,12.88,12.88,12.88,1.88,-
6-Jan-93,12.9,12.9,12.9,12.9,1.88,-
7-Jan-93,12.82,12.82,12.82,12.82,1.87,-
8-Jan-93,12.8,12.8,12.8,12.8,1.87,-
11-Jan-93,12.84,12.84,12.84,12.84,1.87,-
12-Jan-93,12.85,12.85,12.85,12.85,1.88,-
13-Jan-93,12.88,12.88,12.88,12.88,1.88,-
14-Jan-93,12.95,12.95,12.95,12.95,1.89,-
15-Jan-93,12.98,12.98,12.98,12.98,1.89,-
18-Jan-93,13,13.0,13.0,13.0,1.9,-
19-Jan-93,13.01,13.01,13.01,13.01,1.9,-
20-Jan-93,12.99,12.99,12.99,12.99,1.9,-
21-Jan-93,13.01,13.01,13.01,13.01,1.9,-
22-Jan-93,13.04,13.04,13.04,13.04,1.9,-
25-Jan-93,13.13,13.13,13.13,13.13,1.92,-
26-Jan-93,13.14,13.14,13.14,13.14,1.92,-
27-Jan-93,13.1,13.1,13.1,13.1,1.91,-
28-Jan-93,13.11,13.11,13.11,13.11,1.91,-
29-Jan-93,13.13,13.13,13.13,13.13,1.92,-
1-Feb-93,13.21,13.21,13.21,13.21,1.93,-
2-Feb-93,13.22,13.22,13.22,13.22,1.93,-
3-Feb-93,13.3,13.3,13.3,13.3,1.94,-
4-Feb-93,13.38,13.38,13.38,13.38,1.95,-
5-Feb-93,13.39,13.39,13.39,13.39,1.95,-
8-Feb-93,13.37,13.37,13.37,13.37,1.95,-
9-Feb-93,13.31,13.31,13.31,13.31,1.94,-
10-Feb-93,13.3,13.3,13.3,13.3,1.94,-
11-Feb-93,13.33,13.33,13.33,13.33,1.95,-
12-Feb-93,13.28,13.28,13.28,13.28,1.94,-
16-Feb-93,13.11,13.11,13.11,13.11,1.91,-
17-Feb-93,13.09,13.09,13.09,13.09,1.91,-
18-Feb-93,13.07,13.07,13.07,13.07,1.91,-
19-Feb-93,13.14,13.14,13.14,13.14,1.92,-
22-Feb-93,13.14,13.14,13.14,13.14,1.92,-
23-Feb-93,13.12,13.12,13.12,13.12,1.91,-
24-Feb-93,13.23,13.23,13.23,13.23,1.93,-
25-Feb-93,13.26,13.26,13.26,13.26,1.94,-
26-Feb-93,13.29,13.29,13.29,13.29,1.94,-
1-Mar-93,13.28,13.28,13.28,13.28,1.94,-
2-Mar-93,13.38,13.38,13.38,13.38,1.95,-
3-Mar-93,13.4,13.4,13.4,13.4,1.96,-
4-Mar-93,13.38,13.38,13.38,13.38,1.95,-
5-Mar-93,13.36,13.36,13.36,13.36,1.95,-
8-Mar-93,13.49,13.49,13.49,13.49,1.97,-
9-Mar-93,13.51,13.51,13.51,13.51,1.97,-
10-Mar-93,13.56,13.56,13.56,13.56,1.98,-
11-Mar-93,13.53,13.53,13.53,13.53,1.97,-
12-Mar-93,13.43,13.43,13.43,13.43,1.96,-
15-Mar-93,13.44,13.44,13.44,13.44,1.96,-
16-Mar-93,13.47,13.47,13.47,13.47,1.97,-
17-Mar-93,13.44,13.44,13.44,13.44,1.96,-
18-Mar-93,13.51,13.51,13.51,13.51,1.97,-
19-Mar-93,13.5,13.5,13.5,13.5,1.97,-
22-Mar-93,13.47,13.47,13.47,13.47,1.97,-
23-Mar-93,13.46,13.46,13.46,13.46,1.96,-
24-Mar-93,13.44,13.44,13.44,13.44,1.96,-
25-Mar-93,13.48,13.48,13.48,13.48,1.97,-
26-Mar-93,13.44,13.44,13.44,13.44,1.96,-
29-Mar-93,13.49,13.49,13.49,13.49,1.97,-
30-Mar-93,13.51,13.51,13.51,13.51,1.97,-
31-Mar-93,13.49,13.49,13.49,13.49,1.97,-
1-Apr-93,13.48,13.48,13.48,13.48,1.97,-
2-Apr-93,13.29,13.29,13.29,13.29,1.94,-
5-Apr-93,13.34,13.34,13.34,13.34,1.95,-
6-Apr-93,13.32,13.32,13.32,13.32,1.94,-
7-Apr-93,13.39,13.39,13.39,13.39,1.95,-
8-Apr-93,13.39,13.39,13.39,13.39,1.95,-
12-Apr-93,13.52,13.52,13.52,13.52,1.97,-
13-Apr-93,13.56,13.56,13.56,13.56,1.98,-
14-Apr-93,13.56,13.56,13.56,13.56,1.98,-
15-Apr-93,13.52,13.52,13.52,13.52,1.97,-
16-Apr-93,13.54,13.54,13.54,13.54,1.98,-
19-Apr-93,13.52,13.52,13.52,13.52,1.97,-
20-Apr-93,13.46,13.46,13.46,13.46,1.96,-
21-Apr-93,13.44,13.44,13.44,13.44,1.96,-
22-Apr-93,13.38,13.38,13.38,13.38,1.95,-
23-Apr-93,13.34,13.34,13.34,13.34,1.95,-
26-Apr-93,13.23,13.23,13.23,13.23,1.93,-
27-Apr-93,13.28,13.28,13.28,13.28,1.94,-
28-Apr-93,13.29,13.29,13.29,13.29,1.94,-
29-Apr-93,13.31,13.31,13.31,13.31,1.94,-
30-Apr-93,13.34,13.34,13.34,13.34,1.95,-
3-May-93,13.4,13.4,13.4,13.4,1.96,-
4-May-93,13.44,13.44,13.44,13.44,1.96,-
5-May-93,13.45,13.45,13.45,13.45,1.96,-
6-May-93,13.44,13.44,13.44,13.44,1.96,-
7-May-93,13.43,13.43,13.43,13.43,1.96,-
10-May-93,13.44,13.44,13.44,13.44,1.96,-
11-May-93,13.49,13.49,13.49,13.49,1.97,-
12-May-93,13.5,13.5,13.5,13.5,1.97,-
13-May-93,13.39,13.39,13.39,13.39,1.95,-
14-May-93,13.37,13.37,13.37,13.37,1.95,-
17-May-93,13.37,13.37,13.37,13.37,1.95,-
18-May-93,13.35,13.35,13.35,13.35,1.95,-
19-May-93,13.46,13.46,13.46,13.46,1.96,-
20-May-93,13.51,13.51,13.51,13.51,1.97,-
21-May-93,13.42,13.42,13.42,13.42,1.96,-
24-May-93,13.46,13.46,13.46,13.46,1.96,-
25-May-93,13.49,13.49,13.49,13.49,1.97,-
26-May-93,13.58,13.58,13.58,13.58,1.98,-
27-May-93,13.56,13.56,13.56,13.56,1.98,-
28-May-93,13.53,13.53,13.53,13.53,1.97,-
1-Jun-93,13.6,13.6,13.6,13.6,1.98,-
2-Jun-93,13.6,13.6,13.6,13.6,1.98,-
3-Jun-93,13.59,13.59,13.59,13.59,1.98,-
4-Jun-93,13.53,13.53,13.53,13.53,1.97,-
7-Jun-93,13.47,13.47,13.47,13.47,1.97,-
8-Jun-93,13.42,13.42,13.42,13.42,1.96,-
9-Jun-93,13.46,13.46,13.46,13.46,1.96,-
10-Jun-93,13.45,13.45,13.45,13.45,1.96,-
11-Jun-93,13.48,13.48,13.48,13.48,1.97,-
14-Jun-93,13.5,13.5,13.5,13.5,1.97,-
15-Jun-93,13.5,13.5,13.5,13.5,1.97,-
16-Jun-93,13.52,13.52,13.52,13.52,1.97,-
17-Jun-93,13.54,13.54,13.54,13.54,1.98,-
18-Jun-93,13.47,13.47,13.47,13.47,1.97,-
21-Jun-93,13.54,13.54,13.54,13.54,1.98,-
22-Jun-93,13.54,13.54,13.54,13.54,1.98,-
23-Jun-93,13.22,13.22,13.22,13.22,1.97,-
24-Jun-93,13.3,13.3,13.3,13.3,1.98,-
25-Jun-93,13.31,13.31,13.31,13.31,1.98,-
28-Jun-93,13.41,13.41,13.41,13.41,1.99,-
29-Jun-93,13.4,13.4,13.4,13.4,1.99,-
30-Jun-93,13.41,13.41,13.41,13.41,1.99,-
1-Jul-93,13.39,13.39,13.39,13.39,1.99,-
2-Jul-93,13.34,13.34,13.34,13.34,1.98,-
6-Jul-93,13.28,13.28,13.28,13.28,1.97,-
7-Jul-93,13.32,13.32,13.32,13.32,1.98,-
8-Jul-93,13.42,13.42,13.42,13.42,2.0,-
9-Jul-93,13.41,13.41,13.41,13.41,1.99,-
12-Jul-93,13.43,13.43,13.43,13.43,2.0,-
13-Jul-93,13.42,13.42,13.42,13.42,2.0,-
14-Jul-93,13.47,13.47,13.47,13.47,2.0,-
15-Jul-93,13.46,13.46,13.46,13.46,2.0,-
16-Jul-93,13.42,13.42,13.42,13.42,2.0,-
19-Jul-93,13.43,13.43,13.43,13.43,2.0,-
20-Jul-93,13.46,13.46,13.46,13.46,2.0,-
21-Jul-93,13.45,13.45,13.45,13.45,2.0,-
22-Jul-93,13.41,13.41,13.41,13.41,1.99,-
23-Jul-93,13.44,13.44,13.44,13.44,2.0,-
26-Jul-93,13.49,13.49,13.49,13.49,2.01,-
27-Jul-93,13.47,13.47,13.47,13.47,2.0,-
28-Jul-93,13.49,13.49,13.49,13.49,2.01,-
29-Jul-93,13.56,13.56,13.56,13.56,2.02,-
30-Jul-93,13.53,13.53,13.53,13.53,2.01,-
2-Aug-93,13.57,13.57,13.57,13.57,2.02,-
3-Aug-93,13.57,13.57,13.57,13.57,2.02,-
4-Aug-93,13.59,13.59,13.59,13.59,2.02,-
5-Aug-93,13.56,13.56,13.56,13.56,2.02,-
6-Aug-93,13.59,13.59,13.59,13.59,2.02,-
9-Aug-93,13.65,13.65,13.65,13.65,2.03,-
10-Aug-93,13.64,13.64,13.64,13.64,2.03,-
11-Aug-93,13.66,13.66,13.66,13.66,2.03,-
12-Aug-93,13.65,13.65,13.65,13.65,2.03,-
13-Aug-93,13.66,13.66,13.66,13.66,2.03,-
16-Aug-93,13.7,13.7,13.7,13.7,2.04,-
17-Aug-93,13.7,13.7,13.7,13.7,2.04,-
18-Aug-93,13.76,13.76,13.76,13.76,2.05,-
19-Aug-93,13.78,13.78,13.78,13.78,2.05,-
20-Aug-93,13.76,13.76,13.76,13.76,2.05,-
23-Aug-93,13.75,13.75,13.75,13.75,2.04,-
24-Aug-93,13.84,13.84,13.84,13.84,2.06,-
25-Aug-93,13.85,13.85,13.85,13.85,2.06,-
26-Aug-93,13.88,13.88,13.88,13.88,2.06,-
27-Aug-93,13.85,13.85,13.85,13.85,2.06,-
30-Aug-93,13.87,13.87,13.87,13.87,2.06,-
31-Aug-93,13.88,13.88,13.88,13.88,2.06,-
1-Sep-93,13.88,13.88,13.88,13.88,2.06,-
2-Sep-93,13.85,13.85,13.85,13.85,2.06,-
3-Sep-93,13.88,13.88,13.88,13.88,2.06,-
7-Sep-93,13.86,13.86,13.86,13.86,2.06,-
8-Sep-93,13.83,13.83,13.83,13.83,2.06,-
9-Sep-93,13.86,13.86,13.86,13.86,2.06,-
10-Sep-93,13.93,13.93,13.93,13.93,2.07,-
13-Sep-93,13.92,13.92,13.92,13.92,2.07,-
14-Sep-93,13.88,13.88,13.88,13.88,2.06,-
15-Sep-93,13.92,13.92,13.92,13.92,2.07,-
16-Sep-93,13.9,13.9,13.9,13.9,2.07,-
17-Sep-93,13.87,13.87,13.87,13.87,2.06,-
20-Sep-93,13.83,13.83,13.83,13.83,2.06,-
21-Sep-93,13.78,13.78,13.78,13.78,2.05,-
22-Sep-93,13.84,13.84,13.84,13.84,2.06,-
23-Sep-93,13.86,13.86,13.86,13.86,2.06,-
24-Sep-93,13.9,13.9,13.9,13.9,2.07,-
27-Sep-93,13.98,13.98,13.98,13.98,2.08,-
28-Sep-93,13.98,13.98,13.98,13.98,2.08,-
29-Sep-93,13.97,13.97,13.97,13.97,2.08,-
30-Sep-93,13.94,13.94,13.94,13.94,2.07,-
1-Oct-93,13.99,13.99,13.99,13.99,2.08,-
4-Oct-93,14,14.0,14.0,14.0,2.08,-
5-Oct-93,14,14.0,14.0,14.0,2.08,-
6-Oct-93,13.98,13.98,13.98,13.98,2.08,-
7-Oct-93,13.96,13.96,13.96,13.96,2.08,-
8-Oct-93,13.98,13.98,13.98,13.98,2.08,-
11-Oct-93,14.01,14.01,14.01,14.01,2.08,-
12-Oct-93,14.02,14.02,14.02,14.02,2.08,-
13-Oct-93,14.04,14.04,14.04,14.04,2.09,-
14-Oct-93,14.08,14.08,14.08,14.08,2.09,-
15-Oct-93,14.1,14.1,14.1,14.1,2.1,-
18-Oct-93,14.07,14.07,14.07,14.07,2.09,-
19-Oct-93,14,14.0,14.0,14.0,2.08,-
20-Oct-93,14,14.0,14.0,14.0,2.08,-
21-Oct-93,14,14.0,14.0,14.0,2.08,-
22-Oct-93,13.98,13.98,13.98,13.98,2.08,-
25-Oct-93,13.98,13.98,13.98,13.98,2.08,-
26-Oct-93,13.96,13.96,13.96,13.96,2.08,-
27-Oct-93,13.97,13.97,13.97,13.97,2.08,-
28-Oct-93,14.04,14.04,14.04,14.04,2.09,-
29-Oct-93,14.05,14.05,14.05,14.05,2.09,-
1-Nov-93,14.06,14.06,14.06,14.06,2.09,-
2-Nov-93,14.03,14.03,14.03,14.03,2.09,-
3-Nov-93,13.94,13.94,13.94,13.94,2.07,-
4-Nov-93,13.84,13.84,13.84,13.84,2.06,-
5-Nov-93,13.88,13.88,13.88,13.88,2.06,-
8-Nov-93,13.9,13.9,13.9,13.9,2.07,-
9-Nov-93,13.94,13.94,13.94,13.94,2.07,-
10-Nov-93,13.98,13.98,13.98,13.98,2.08,-
11-Nov-93,13.93,13.93,13.93,13.93,2.07,-
12-Nov-93,14,14.0,14.0,14.0,2.08,-
15-Nov-93,13.96,13.96,13.96,13.96,2.08,-
16-Nov-93,14,14.0,14.0,14.0,2.08,-
17-Nov-93,13.97,13.97,13.97,13.97,2.08,-
18-Nov-93,13.94,13.94,13.94,13.94,2.07,-
19-Nov-93,13.89,13.89,13.89,13.89,2.07,-
22-Nov-93,13.82,13.82,13.82,13.82,2.05,-
23-Nov-93,13.87,13.87,13.87,13.87,2.06,-
24-Nov-93,13.89,13.89,13.89,13.89,2.07,-
26-Nov-93,13.91,13.91,13.91,13.91,2.07,-
29-Nov-93,13.92,13.92,13.92,13.92,2.07,-
30-Nov-93,13.9,13.9,13.9,13.9,2.07,-
1-Dec-93,13.93,13.93,13.93,13.93,2.07,-
2-Dec-93,13.95,13.95,13.95,13.95,2.07,-
3-Dec-93,13.97,13.97,13.97,13.97,2.08,-
6-Dec-93,14.01,14.01,14.01,14.01,2.08,-
7-Dec-93,14.02,14.02,14.02,14.02,2.08,-
8-Dec-93,14.03,14.03,14.03,14.03,2.09,-
9-Dec-93,14,14.0,14.0,14.0,2.08,-
10-Dec-93,13.98,13.98,13.98,13.98,2.08,-
13-Dec-93,13.99,13.99,13.99,13.99,2.08,-
14-Dec-93,13.94,13.94,13.94,13.94,2.07,-
15-Dec-93,13.89,13.89,13.89,13.89,2.07,-
16-Dec-93,13.92,13.92,13.92,13.92,2.07,-
17-Dec-93,13.98,13.98,13.98,13.98,2.08,-
20-Dec-93,13.98,13.98,13.98,13.98,2.08,-
21-Dec-93,13.95,13.95,13.95,13.95,2.07,-
22-Dec-93,14.01,14.01,14.01,14.01,2.08,-
23-Dec-93,14.03,14.03,14.03,14.03,2.09,-
27-Dec-93,14.08,14.08,14.08,14.08,2.09,-
28-Dec-93,14.09,14.09,14.09,14.09,2.09,-
29-Dec-93,13.46,13.46,13.46,13.46,2.09,-
30-Dec-93,13.44,13.44,13.44,13.44,2.09,-
31-Dec-93,13.41,13.41,13.41,13.41,2.09,-
3-Jan-94,13.37,13.37,13.37,13.37,2.08,-
4-Jan-94,13.41,13.41,13.41,13.41,2.09,-
5-Jan-94,13.43,13.43,13.43,13.43,2.09,-
6-Jan-94,13.43,13.43,13.43,13.43,2.09,-
7-Jan-94,13.5,13.5,13.5,13.5,2.1,-
10-Jan-94,13.57,13.57,13.57,13.57,2.11,-
11-Jan-94,13.55,13.55,13.55,13.55,2.11,-
12-Jan-94,13.56,13.56,13.56,13.56,2.11,-
13-Jan-94,13.54,13.54,13.54,13.54,2.11,-
14-Jan-94,13.57,13.57,13.57,13.57,2.11,-
17-Jan-94,13.56,13.56,13.56,13.56,2.11,-
18-Jan-94,13.58,13.58,13.58,13.58,2.11,-
19-Jan-94,13.56,13.56,13.56,13.56,2.11,-
20-Jan-94,13.57,13.57,13.57,13.57,2.11,-
21-Jan-94,13.57,13.57,13.57,13.57,2.11,-
24-Jan-94,13.54,13.54,13.54,13.54,2.11,-
25-Jan-94,13.53,13.53,13.53,13.53,2.1,-
26-Jan-94,13.57,13.57,13.57,13.57,2.11,-
27-Jan-94,13.64,13.64,13.64,13.64,2.12,-
28-Jan-94,13.69,13.69,13.69,13.69,2.13,-
31-Jan-94,13.77,13.77,13.77,13.77,2.14,-
1-Feb-94,13.74,13.74,13.74,13.74,2.14,-
2-Feb-94,13.77,13.77,13.77,13.77,2.14,-
3-Feb-94,13.73,13.73,13.73,13.73,2.14,-
4-Feb-94,13.55,13.55,13.55,13.55,2.11,-
7-Feb-94,13.57,13.57,13.57,13.57,2.11,-
8-Feb-94,13.57,13.57,13.57,13.57,2.11,-
9-Feb-94,13.61,13.61,13.61,13.61,2.12,-
10-Feb-94,13.55,13.55,13.55,13.55,2.11,-
11-Feb-94,13.56,13.56,13.56,13.56,2.11,-
14-Feb-94,13.56,13.56,13.56,13.56,2.11,-
15-Feb-94,13.58,13.58,13.58,13.58,2.11,-
16-Feb-94,13.58,13.58,13.58,13.58,2.11,-
17-Feb-94,13.53,13.53,13.53,13.53,2.1,-
18-Feb-94,13.48,13.48,13.48,13.48,2.1,-
22-Feb-94,13.53,13.53,13.53,13.53,2.1,-
23-Feb-94,13.52,13.52,13.52,13.52,2.1,-
24-Feb-94,13.4,13.4,13.4,13.4,2.08,-
25-Feb-94,13.44,13.44,13.44,13.44,2.09,-
28-Feb-94,13.43,13.43,13.43,13.43,2.09,-
1-Mar-94,13.38,13.38,13.38,13.38,2.08,-
2-Mar-94,13.38,13.38,13.38,13.38,2.08,-
3-Mar-94,13.35,13.35,13.35,13.35,2.08,-
4-Mar-94,13.36,13.36,13.36,13.36,2.08,-
7-Mar-94,13.39,13.39,13.39,13.39,2.08,-
8-Mar-94,13.37,13.37,13.37,13.37,2.08,-
9-Mar-94,13.37,13.37,13.37,13.37,2.08,-
10-Mar-94,13.31,13.31,13.31,13.31,2.07,-
11-Mar-94,13.36,13.36,13.36,13.36,2.08,-
14-Mar-94,13.39,13.39,13.39,13.39,2.08,-
15-Mar-94,13.4,13.4,13.4,13.4,2.08,-
16-Mar-94,13.47,13.47,13.47,13.47,2.09,-
17-Mar-94,13.49,13.49,13.49,13.49,2.1,-
18-Mar-94,13.46,13.46,13.46,13.46,2.09,-
21-Mar-94,13.43,13.43,13.43,13.43,2.09,-
22-Mar-94,13.44,13.44,13.44,13.44,2.09,-
23-Mar-94,13.46,13.46,13.46,13.46,2.09,-
24-Mar-94,13.36,13.36,13.36,13.36,2.08,-
25-Mar-94,13.3,13.3,13.3,13.3,2.07,-
28-Mar-94,13.26,13.26,13.26,13.26,2.06,-
29-Mar-94,13.12,13.12,13.12,13.12,2.04,-
30-Mar-94,13.01,13.01,13.01,13.01,2.02,-
31-Mar-94,13,13.0,13.0,13.0,2.02,-
4-Apr-94,12.86,12.86,12.86,12.86,2.0,-
5-Apr-94,13.04,13.04,13.04,13.04,2.03,-
6-Apr-94,13.06,13.06,13.06,13.06,2.03,-
7-Apr-94,13.14,13.14,13.14,13.14,2.04,-
8-Apr-94,13.08,13.08,13.08,13.08,2.03,-
11-Apr-94,13.13,13.13,13.13,13.13,2.04,-
12-Apr-94,13.11,13.11,13.11,13.11,2.04,-
13-Apr-94,13.07,13.07,13.07,13.07,2.03,-
14-Apr-94,13.08,13.08,13.08,13.08,2.03,-
15-Apr-94,13.11,13.11,13.11,13.11,2.04,-
18-Apr-94,13.03,13.03,13.03,13.03,2.03,-
19-Apr-94,13.02,13.02,13.02,13.02,2.02,-
20-Apr-94,13,13.0,13.0,13.0,2.02,-
21-Apr-94,13.12,13.12,13.12,13.12,2.04,-
22-Apr-94,13.13,13.13,13.13,13.13,2.04,-
25-Apr-94,13.19,13.19,13.19,13.19,2.05,-
26-Apr-94,13.19,13.19,13.19,13.19,2.05,-
28-Apr-94,13.13,13.13,13.13,13.13,2.04,-
29-Apr-94,13.15,13.15,13.15,13.15,2.05,-
2-May-94,13.19,13.19,13.19,13.19,2.05,-
3-May-94,13.2,13.2,13.2,13.2,2.05,-
4-May-94,13.19,13.19,13.19,13.19,2.05,-
5-May-94,13.2,13.2,13.2,13.2,2.05,-
6-May-94,13.12,13.12,13.12,13.12,2.04,-
9-May-94,13,13.0,13.0,13.0,2.02,-
10-May-94,13.09,13.09,13.09,13.09,2.04,-
11-May-94,12.99,12.99,12.99,12.99,2.02,-
12-May-94,13.04,13.04,13.04,13.04,2.03,-
13-May-94,13.06,13.06,13.06,13.06,2.03,-
16-May-94,13.08,13.08,13.08,13.08,2.03,-
17-May-94,13.19,13.19,13.19,13.19,2.05,-
18-May-94,13.29,13.29,13.29,13.29,2.07,-
19-May-94,13.32,13.32,13.32,13.32,2.07,-
20-May-94,13.29,13.29,13.29,13.29,2.07,-
23-May-94,13.23,13.23,13.23,13.23,2.06,-
24-May-94,13.28,13.28,13.28,13.28,2.07,-
25-May-94,13.32,13.32,13.32,13.32,2.07,-
26-May-94,13.31,13.31,13.31,13.31,2.07,-
27-May-94,13.32,13.32,13.32,13.32,2.07,-
31-May-94,13.31,13.31,13.31,13.31,2.07,-
1-Jun-94,13.36,13.36,13.36,13.36,2.08,-
2-Jun-94,13.37,13.37,13.37,13.37,2.08,-
3-Jun-94,13.42,13.42,13.42,13.42,2.09,-
6-Jun-94,13.43,13.43,13.43,13.43,2.09,-
7-Jun-94,13.4,13.4,13.4,13.4,2.08,-
8-Jun-94,13.38,13.38,13.38,13.38,2.08,-
9-Jun-94,13.39,13.39,13.39,13.39,2.08,-
10-Jun-94,13.41,13.41,13.41,13.41,2.09,-
13-Jun-94,13.41,13.41,13.41,13.41,2.09,-
14-Jun-94,13.47,13.47,13.47,13.47,2.09,-
15-Jun-94,13.43,13.43,13.43,13.43,2.09,-
16-Jun-94,13.45,13.45,13.45,13.45,2.09,-
17-Jun-94,13.38,13.38,13.38,13.38,2.08,-
20-Jun-94,13.31,13.31,13.31,13.31,2.07,-
21-Jun-94,13.24,13.24,13.24,13.24,2.06,-
22-Jun-94,13.04,13.04,13.04,13.04,2.07,-
23-Jun-94,12.99,12.99,12.99,12.99,2.06,-
24-Jun-94,12.87,12.87,12.87,12.87,2.04,-
27-Jun-94,12.87,12.87,12.87,12.87,2.04,-
28-Jun-94,12.9,12.9,12.9,12.9,2.04,-
29-Jun-94,12.94,12.94,12.94,12.94,2.05,-
30-Jun-94,12.89,12.89,12.89,12.89,2.04,-
1-Jul-94,12.92,12.92,12.92,12.92,2.05,-
5-Jul-94,12.93,12.93,12.93,12.93,2.05,-
6-Jul-94,12.93,12.93,12.93,12.93,2.05,-
7-Jul-94,12.95,12.95,12.95,12.95,2.05,-
8-Jul-94,12.96,12.96,12.96,12.96,2.05,-
11-Jul-94,12.92,12.92,12.92,12.92,2.05,-
12-Jul-94,12.92,12.92,12.92,12.92,2.05,-
13-Jul-94,12.96,12.96,12.96,12.96,2.05,-
14-Jul-94,13.08,13.08,13.08,13.08,2.07,-
15-Jul-94,13.1,13.1,13.1,13.1,2.08,-
18-Jul-94,13.1,13.1,13.1,13.1,2.08,-
19-Jul-94,13.09,13.09,13.09,13.09,2.07,-
20-Jul-94,13.03,13.03,13.03,13.03,2.07,-
21-Jul-94,13.05,13.05,13.05,13.05,2.07,-
22-Jul-94,13.06,13.06,13.06,13.06,2.07,-
25-Jul-94,13.08,13.08,13.08,13.08,2.07,-
26-Jul-94,13.07,13.07,13.07,13.07,2.07,-
27-Jul-94,13.04,13.04,13.04,13.04,2.07,-
28-Jul-94,13.06,13.06,13.06,13.06,2.07,-
29-Jul-94,13.16,13.16,13.16,13.16,2.09,-
1-Aug-94,13.2,13.2,13.2,13.2,2.09,-
2-Aug-94,13.21,13.21,13.21,13.21,2.09,-
3-Aug-94,13.21,13.21,13.21,13.21,2.09,-
4-Aug-94,13.16,13.16,13.16,13.16,2.09,-
5-Aug-94,13.1,13.1,13.1,13.1,2.08,-
8-Aug-94,13.12,13.12,13.12,13.12,2.08,-
9-Aug-94,13.11,13.11,13.11,13.11,2.08,-
10-Aug-94,13.16,13.16,13.16,13.16,2.09,-
11-Aug-94,13.12,13.12,13.12,13.12,2.08,-
12-Aug-94,13.2,13.2,13.2,13.2,2.09,-
15-Aug-94,13.19,13.19,13.19,13.19,2.09,-
16-Aug-94,13.26,13.26,13.26,13.26,2.1,-
17-Aug-94,13.29,13.29,13.29,13.29,2.11,-
18-Aug-94,13.23,13.23,13.23,13.23,2.1,-
19-Aug-94,13.22,13.22,13.22,13.22,2.1,-
22-Aug-94,13.21,13.21,13.21,13.21,2.09,-
23-Aug-94,13.27,13.27,13.27,13.27,2.1,-
24-Aug-94,13.36,13.36,13.36,13.36,2.12,-
25-Aug-94,13.33,13.33,13.33,13.33,2.11,-
26-Aug-94,13.43,13.43,13.43,13.43,2.13,-
29-Aug-94,13.44,13.44,13.44,13.44,2.13,-
30-Aug-94,13.47,13.47,13.47,13.47,2.14,-
31-Aug-94,13.48,13.48,13.48,13.48,2.14,-
1-Sep-94,13.45,13.45,13.45,13.45,2.13,-
2-Sep-94,13.45,13.45,13.45,13.45,2.13,-
6-Sep-94,13.43,13.43,13.43,13.43,2.13,-
7-Sep-94,13.43,13.43,13.43,13.43,2.13,-
8-Sep-94,13.46,13.46,13.46,13.46,2.13,-
9-Sep-94,13.36,13.36,13.36,13.36,2.12,-
12-Sep-94,13.33,13.33,13.33,13.33,2.11,-
13-Sep-94,13.33,13.33,13.33,13.33,2.11,-
14-Sep-94,13.36,13.36,13.36,13.36,2.12,-
15-Sep-94,13.46,13.46,13.46,13.46,2.13,-
16-Sep-94,13.37,13.37,13.37,13.37,2.12,-
19-Sep-94,13.37,13.37,13.37,13.37,2.12,-
20-Sep-94,13.24,13.24,13.24,13.24,2.1,-
21-Sep-94,13.19,13.19,13.19,13.19,2.09,-
22-Sep-94,13.18,13.18,13.18,13.18,2.09,-
23-Sep-94,13.15,13.15,13.15,13.15,2.08,-
26-Sep-94,13.17,13.17,13.17,13.17,2.09,-
27-Sep-94,13.18,13.18,13.18,13.18,2.09,-
28-Sep-94,13.24,13.24,13.24,13.24,2.1,-
29-Sep-94,13.17,13.17,13.17,13.17,2.09,-
30-Sep-94,13.19,13.19,13.19,13.19,2.09,-
3-Oct-94,13.16,13.16,13.16,13.16,2.09,-
4-Oct-94,13.05,13.05,13.05,13.05,2.07,-
5-Oct-94,13.01,13.01,13.01,13.01,2.06,-
6-Oct-94,13.01,13.01,13.01,13.01,2.06,-
7-Oct-94,13.06,13.06,13.06,13.06,2.07,-
10-Oct-94,13.13,13.13,13.13,13.13,2.08,-
11-Oct-94,13.24,13.24,13.24,13.24,2.1,-
12-Oct-94,13.22,13.22,13.22,13.22,2.1,-
13-Oct-94,13.28,13.28,13.28,13.28,2.11,-
14-Oct-94,13.28,13.28,13.28,13.28,2.11,-
17-Oct-94,13.28,13.28,13.28,13.28,2.11,-
18-Oct-94,13.27,13.27,13.27,13.27,2.1,-
19-Oct-94,13.31,13.31,13.31,13.31,2.11,-
20-Oct-94,13.21,13.21,13.21,13.21,2.09,-
21-Oct-94,13.18,13.18,13.18,13.18,2.09,-
24-Oct-94,13.11,13.11,13.11,13.11,2.08,-
25-Oct-94,13.12,13.12,13.12,13.12,2.08,-
26-Oct-94,13.16,13.16,13.16,13.16,2.09,-
27-Oct-94,13.22,13.22,13.22,13.22,2.1,-
28-Oct-94,13.38,13.38,13.38,13.38,2.12,-
31-Oct-94,13.37,13.37,13.37,13.37,2.12,-
1-Nov-94,13.29,13.29,13.29,13.29,2.11,-
2-Nov-94,13.27,13.27,13.27,13.27,2.1,-
3-Nov-94,13.3,13.3,13.3,13.3,2.11,-
4-Nov-94,13.21,13.21,13.21,13.21,2.09,-
7-Nov-94,13.21,13.21,13.21,13.21,2.09,-
8-Nov-94,13.24,13.24,13.24,13.24,2.1,-
9-Nov-94,13.25,13.25,13.25,13.25,2.1,-
10-Nov-94,13.23,13.23,13.23,13.23,2.1,-
11-Nov-94,13.19,13.19,13.19,13.19,2.09,-
14-Nov-94,13.25,13.25,13.25,13.25,2.1,-
15-Nov-94,13.26,13.26,13.26,13.26,2.1,-
16-Nov-94,13.24,13.24,13.24,13.24,2.1,-
17-Nov-94,13.17,13.17,13.17,13.17,2.09,-
18-Nov-94,13.12,13.12,13.12,13.12,2.08,-
21-Nov-94,13.06,13.06,13.06,13.06,2.07,-
22-Nov-94,12.94,12.94,12.94,12.94,2.05,-
23-Nov-94,12.99,12.99,12.99,12.99,2.06,-
25-Nov-94,13.03,13.03,13.03,13.03,2.07,-
28-Nov-94,13.04,13.04,13.04,13.04,2.07,-
29-Nov-94,13.05,13.05,13.05,13.05,2.07,-
30-Nov-94,13.05,13.05,13.05,13.05,2.07,-
1-Dec-94,12.97,12.97,12.97,12.97,2.06,-
2-Dec-94,13.05,13.05,13.05,13.05,2.07,-
5-Dec-94,13.06,13.06,13.06,13.06,2.07,-
6-Dec-94,13.07,13.07,13.07,13.07,2.07,-
7-Dec-94,13.01,13.01,13.01,13.01,2.06,-
8-Dec-94,12.9,12.9,12.9,12.9,2.04,-
9-Dec-94,12.92,12.92,12.92,12.92,2.05,-
12-Dec-94,12.95,12.95,12.95,12.95,2.05,-
13-Dec-94,12.98,12.98,12.98,12.98,2.06,-
14-Dec-94,13.05,13.05,13.05,13.05,2.07,-
15-Dec-94,13.03,13.03,13.03,13.03,2.07,-
16-Dec-94,13.09,13.09,13.09,13.09,2.07,-
19-Dec-94,13.08,13.08,13.08,13.08,2.07,-
20-Dec-94,13.08,13.08,13.08,13.08,2.07,-
21-Dec-94,13.12,13.12,13.12,13.12,2.08,-
22-Dec-94,13.1,13.1,13.1,13.1,2.08,-
23-Dec-94,13.12,13.12,13.12,13.12,2.08,-
27-Dec-94,13.17,13.17,13.17,13.17,2.09,-
28-Dec-94,12.61,12.61,12.61,12.61,2.08,-
29-Dec-94,12.62,12.62,12.62,12.62,2.08,-
30-Dec-94,12.6,12.6,12.6,12.6,2.08,-
3-Jan-95,12.62,12.62,12.62,12.62,2.08,-
4-Jan-95,12.67,12.67,12.67,12.67,2.09,-
5-Jan-95,12.66,12.66,12.66,12.66,2.09,-
6-Jan-95,12.69,12.69,12.69,12.69,2.09,-
9-Jan-95,12.68,12.68,12.68,12.68,2.09,-
10-Jan-95,12.69,12.69,12.69,12.69,2.09,-
11-Jan-95,12.67,12.67,12.67,12.67,2.09,-
12-Jan-95,12.67,12.67,12.67,12.67,2.09,-
13-Jan-95,12.77,12.77,12.77,12.77,2.11,-
16-Jan-95,12.84,12.84,12.84,12.84,2.12,-
17-Jan-95,12.84,12.84,12.84,12.84,2.12,-
18-Jan-95,12.84,12.84,12.84,12.84,2.12,-
19-Jan-95,12.78,12.78,12.78,12.78,2.11,-
20-Jan-95,12.73,12.73,12.73,12.73,2.1,-
23-Jan-95,12.75,12.75,12.75,12.75,2.1,-
24-Jan-95,12.75,12.75,12.75,12.75,2.1,-
25-Jan-95,12.8,12.8,12.8,12.8,2.11,-
26-Jan-95,12.82,12.82,12.82,12.82,2.12,-
27-Jan-95,12.88,12.88,12.88,12.88,2.13,-
30-Jan-95,12.86,12.86,12.86,12.86,2.12,-
31-Jan-95,12.9,12.9,12.9,12.9,2.13,-
1-Feb-95,12.89,12.89,12.89,12.89,2.13,-
2-Feb-95,12.92,12.92,12.92,12.92,2.13,-
3-Feb-95,13.08,13.08,13.08,13.08,2.16,-
6-Feb-95,13.12,13.12,13.12,13.12,2.17,-
7-Feb-95,13.12,13.12,13.12,13.12,2.17,-
8-Feb-95,13.13,13.13,13.13,13.13,2.17,-
9-Feb-95,13.1,13.1,13.1,13.1,2.16,-
10-Feb-95,13.11,13.11,13.11,13.11,2.16,-
13-Feb-95,13.12,13.12,13.12,13.12,2.17,-
14-Feb-95,13.16,13.16,13.16,13.16,2.17,-
15-Feb-95,13.21,13.21,13.21,13.21,2.18,-
16-Feb-95,13.22,13.22,13.22,13.22,2.18,-
17-Feb-95,13.18,13.18,13.18,13.18,2.18,-
21-Feb-95,13.2,13.2,13.2,13.2,2.18,-
22-Feb-95,13.25,13.25,13.25,13.25,2.19,-
23-Feb-95,13.29,13.29,13.29,13.29,2.19,-
24-Feb-95,13.31,13.31,13.31,13.31,2.2,-
27-Feb-95,13.27,13.27,13.27,13.27,2.19,-
28-Feb-95,13.32,13.32,13.32,13.32,2.2,-
1-Mar-95,13.31,13.31,13.31,13.31,2.2,-
2-Mar-95,13.29,13.29,13.29,13.29,2.19,-
3-Mar-95,13.27,13.27,13.27,13.27,2.19,-
6-Mar-95,13.26,13.26,13.26,13.26,2.19,-
7-Mar-95,13.19,13.19,13.19,13.19,2.18,-
8-Mar-95,13.23,13.23,13.23,13.23,2.18,-
9-Mar-95,13.23,13.23,13.23,13.23,2.18,-
10-Mar-95,13.35,13.35,13.35,13.35,2.2,-
13-Mar-95,13.35,13.35,13.35,13.35,2.2,-
14-Mar-95,13.4,13.4,13.4,13.4,2.21,-
15-Mar-95,13.39,13.39,13.39,13.39,2.21,-
16-Mar-95,13.44,13.44,13.44,13.44,2.22,-
17-Mar-95,13.41,13.41,13.41,13.41,2.21,-
20-Mar-95,13.43,13.43,13.43,13.43,2.22,-
21-Mar-95,13.42,13.42,13.42,13.42,2.21,-
22-Mar-95,13.41,13.41,13.41,13.41,2.21,-
23-Mar-95,13.42,13.42,13.42,13.42,2.21,-
24-Mar-95,13.51,13.51,13.51,13.51,2.23,-
27-Mar-95,13.58,13.58,13.58,13.58,2.24,-
28-Mar-95,13.57,13.57,13.57,13.57,2.24,-
29-Mar-95,13.56,13.56,13.56,13.56,2.24,-
30-Mar-95,13.56,13.56,13.56,13.56,2.24,-
31-Mar-95,13.54,13.54,13.54,13.54,2.23,-
3-Apr-95,13.58,13.58,13.58,13.58,2.24,-
4-Apr-95,13.65,13.65,13.65,13.65,2.25,-
5-Apr-95,13.66,13.66,13.66,13.66,2.25,-
6-Apr-95,13.7,13.7,13.7,13.7,2.26,-
7-Apr-95,13.7,13.7,13.7,13.7,2.26,-
10-Apr-95,13.71,13.71,13.71,13.71,2.26,-
11-Apr-95,13.69,13.69,13.69,13.69,2.26,-
12-Apr-95,13.73,13.73,13.73,13.73,2.27,-
13-Apr-95,13.77,13.77,13.77,13.77,2.27,-
17-Apr-95,13.74,13.74,13.74,13.74,2.27,-
18-Apr-95,13.74,13.74,13.74,13.74,2.27,-
19-Apr-95,13.74,13.74,13.74,13.74,2.27,-
20-Apr-95,13.77,13.77,13.77,13.77,2.27,-
21-Apr-95,13.81,13.81,13.81,13.81,2.28,-
24-Apr-95,13.89,13.89,13.89,13.89,2.29,-
25-Apr-95,13.87,13.87,13.87,13.87,2.29,-
26-Apr-95,13.87,13.87,13.87,13.87,2.29,-
27-Apr-95,13.87,13.87,13.87,13.87,2.29,-
28-Apr-95,13.9,13.9,13.9,13.9,2.29,-
1-May-95,13.89,13.89,13.89,13.89,2.29,-
2-May-95,13.89,13.89,13.89,13.89,2.29,-
3-May-95,14,14.0,14.0,14.0,2.31,-
4-May-95,14.03,14.03,14.03,14.03,2.32,-
5-May-95,14.08,14.08,14.08,14.08,2.32,-
8-May-95,14.13,14.13,14.13,14.13,2.33,-
9-May-95,14.17,14.17,14.17,14.17,2.34,-
10-May-95,14.17,14.17,14.17,14.17,2.34,-
11-May-95,14.17,14.17,14.17,14.17,2.34,-
12-May-95,14.19,14.19,14.19,14.19,2.34,-
15-May-95,14.24,14.24,14.24,14.24,2.35,-
16-May-95,14.27,14.27,14.27,14.27,2.35,-
17-May-95,14.25,14.25,14.25,14.25,2.35,-
18-May-95,14.13,14.13,14.13,14.13,2.33,-
19-May-95,14.12,14.12,14.12,14.12,2.33,-
22-May-95,14.18,14.18,14.18,14.18,2.34,-
23-May-95,14.27,14.27,14.27,14.27,2.35,-
24-May-95,14.3,14.3,14.3,14.3,2.36,-
25-May-95,14.31,14.31,14.31,14.31,2.36,-
26-May-95,14.24,14.24,14.24,14.24,2.35,-
30-May-95,14.25,14.25,14.25,14.25,2.35,-
31-May-95,14.36,14.36,14.36,14.36,2.37,-
1-Jun-95,14.41,14.41,14.41,14.41,2.38,-
2-Jun-95,14.45,14.45,14.45,14.45,2.38,-
5-Jun-95,14.5,14.5,14.5,14.5,2.39,-
6-Jun-95,14.49,14.49,14.49,14.49,2.39,-
7-Jun-95,14.44,14.44,14.44,14.44,2.38,-
8-Jun-95,14.4,14.4,14.4,14.4,2.38,-
9-Jun-95,14.31,14.31,14.31,14.31,2.36,-
12-Jun-95,14.34,14.34,14.34,14.34,2.37,-
13-Jun-95,14.48,14.48,14.48,14.48,2.39,-
14-Jun-95,14.48,14.48,14.48,14.48,2.39,-
15-Jun-95,14.49,14.49,14.49,14.49,2.39,-
16-Jun-95,14.5,14.5,14.5,14.5,2.39,-
19-Jun-95,14.58,14.58,14.58,14.58,2.41,-
20-Jun-95,14.59,14.59,14.59,14.59,2.41,-
21-Jun-95,14.35,14.35,14.35,14.35,2.41,-
22-Jun-95,14.45,14.45,14.45,14.45,2.43,-
23-Jun-95,14.43,14.43,14.43,14.43,2.42,-
26-Jun-95,14.33,14.33,14.33,14.33,2.41,-
27-Jun-95,14.3,14.3,14.3,14.3,2.4,-
28-Jun-95,14.34,14.34,14.34,14.34,2.41,-
29-Jun-95,14.3,14.3,14.3,14.3,2.4,-
30-Jun-95,14.32,14.32,14.32,14.32,2.41,-
3-Jul-95,14.36,14.36,14.36,14.36,2.41,-
5-Jul-95,14.37,14.37,14.37,14.37,2.41,-
6-Jul-95,14.49,14.49,14.49,14.49,2.43,-
7-Jul-95,14.49,14.49,14.49,14.49,2.43,-
10-Jul-95,14.58,14.58,14.58,14.58,2.45,-
11-Jul-95,14.54,14.54,14.54,14.54,2.44,-
12-Jul-95,14.62,14.62,14.62,14.62,2.46,-
13-Jul-95,14.65,14.65,14.65,14.65,2.46,-
14-Jul-95,14.6,14.6,14.6,14.6,2.45,-
17-Jul-95,14.61,14.61,14.61,14.61,2.45,-
18-Jul-95,14.55,14.55,14.55,14.55,2.44,-
19-Jul-95,14.4,14.4,14.4,14.4,2.42,-
20-Jul-95,14.43,14.43,14.43,14.43,2.42,-
21-Jul-95,14.42,14.42,14.42,14.42,2.42,-
24-Jul-95,14.47,14.47,14.47,14.47,2.43,-
25-Jul-95,14.55,14.55,14.55,14.55,2.44,-
26-Jul-95,14.56,14.56,14.56,14.56,2.45,-
27-Jul-95,14.62,14.62,14.62,14.62,2.46,-
28-Jul-95,14.6,14.6,14.6,14.6,2.45,-
31-Jul-95,14.61,14.61,14.61,14.61,2.45,-
1-Aug-95,14.56,14.56,14.56,14.56,2.45,-
2-Aug-95,14.58,14.58,14.58,14.58,2.45,-
3-Aug-95,14.58,14.58,14.58,14.58,2.45,-
4-Aug-95,14.6,14.6,14.6,14.6,2.45,-
7-Aug-95,14.64,14.64,14.64,14.64,2.46,-
8-Aug-95,14.65,14.65,14.65,14.65,2.46,-
9-Aug-95,14.62,14.62,14.62,14.62,2.46,-
10-Aug-95,14.6,14.6,14.6,14.6,2.45,-
11-Aug-95,14.53,14.53,14.53,14.53,2.44,-
14-Aug-95,14.6,14.6,14.6,14.6,2.45,-
15-Aug-95,14.59,14.59,14.59,14.59,2.45,-
16-Aug-95,14.63,14.63,14.63,14.63,2.46,-
17-Aug-95,14.62,14.62,14.62,14.62,2.46,-
18-Aug-95,14.63,14.63,14.63,14.63,2.46,-
21-Aug-95,14.64,14.64,14.64,14.64,2.46,-
22-Aug-95,14.66,14.66,14.66,14.66,2.46,-
23-Aug-95,14.63,14.63,14.63,14.63,2.46,-
24-Aug-95,14.65,14.65,14.65,14.65,2.46,-
25-Aug-95,14.73,14.73,14.73,14.73,2.47,-
28-Aug-95,14.77,14.77,14.77,14.77,2.48,-
29-Aug-95,14.77,14.77,14.77,14.77,2.48,-
30-Aug-95,14.8,14.8,14.8,14.8,2.49,-
31-Aug-95,14.82,14.82,14.82,14.82,2.49,-
1-Sep-95,14.89,14.89,14.89,14.89,2.5,-
5-Sep-95,14.97,14.97,14.97,14.97,2.51,-
6-Sep-95,15,15.0,15.0,15.0,2.52,-
7-Sep-95,15,15.0,15.0,15.0,2.52,-
8-Sep-95,15.04,15.04,15.04,15.04,2.53,-
11-Sep-95,15.06,15.06,15.06,15.06,2.53,-
12-Sep-95,15.11,15.11,15.11,15.11,2.54,-
13-Sep-95,15.15,15.15,15.15,15.15,2.54,-
14-Sep-95,15.24,15.24,15.24,15.24,2.56,-
15-Sep-95,15.25,15.25,15.25,15.25,2.56,-
18-Sep-95,15.21,15.21,15.21,15.21,2.55,-
19-Sep-95,15.26,15.26,15.26,15.26,2.56,-
20-Sep-95,15.3,15.3,15.3,15.3,2.57,-
21-Sep-95,15.22,15.22,15.22,15.22,2.56,-
22-Sep-95,15.18,15.18,15.18,15.18,2.55,-
25-Sep-95,15.19,15.19,15.19,15.19,2.55,-
26-Sep-95,15.18,15.18,15.18,15.18,2.55,-
27-Sep-95,15.18,15.18,15.18,15.18,2.55,-
28-Sep-95,15.27,15.27,15.27,15.27,2.56,-
29-Sep-95,15.28,15.28,15.28,15.28,2.57,-
2-Oct-95,15.24,15.24,15.24,15.24,2.56,-
3-Oct-95,15.25,15.25,15.25,15.25,2.56,-
4-Oct-95,15.27,15.27,15.27,15.27,2.56,-
5-Oct-95,15.28,15.28,15.28,15.28,2.57,-
6-Oct-95,15.29,15.29,15.29,15.29,2.57,-
9-Oct-95,15.22,15.22,15.22,15.22,2.56,-
10-Oct-95,15.2,15.2,15.2,15.2,2.55,-
11-Oct-95,15.24,15.24,15.24,15.24,2.56,-
12-Oct-95,15.32,15.32,15.32,15.32,2.57,-
13-Oct-95,15.37,15.37,15.37,15.37,2.58,-
16-Oct-95,15.34,15.34,15.34,15.34,2.58,-
17-Oct-95,15.38,15.38,15.38,15.38,2.58,-
18-Oct-95,15.37,15.37,15.37,15.37,2.58,-
19-Oct-95,15.37,15.37,15.37,15.37,2.58,-
20-Oct-95,15.3,15.3,15.3,15.3,2.57,-
23-Oct-95,15.25,15.25,15.25,15.25,2.56,-
24-Oct-95,15.25,15.25,15.25,15.25,2.56,-
25-Oct-95,15.2,15.2,15.2,15.2,2.55,-
26-Oct-95,15.09,15.09,15.09,15.09,2.53,-
27-Oct-95,15.16,15.16,15.16,15.16,2.55,-
30-Oct-95,15.2,15.2,15.2,15.2,2.55,-
31-Oct-95,15.16,15.16,15.16,15.16,2.55,-
1-Nov-95,15.24,15.24,15.24,15.24,2.56,-
2-Nov-95,15.34,15.34,15.34,15.34,2.58,-
3-Nov-95,15.35,15.35,15.35,15.35,2.58,-
6-Nov-95,15.34,15.34,15.34,15.34,2.58,-
7-Nov-95,15.29,15.29,15.29,15.29,2.57,-
8-Nov-95,15.4,15.4,15.4,15.4,2.59,-
9-Nov-95,15.41,15.41,15.41,15.41,2.59,-
10-Nov-95,15.4,15.4,15.4,15.4,2.59,-
13-Nov-95,15.4,15.4,15.4,15.4,2.59,-
14-Nov-95,15.33,15.33,15.33,15.33,2.57,-
15-Nov-95,15.39,15.39,15.39,15.39,2.58,-
16-Nov-95,15.47,15.47,15.47,15.47,2.6,-
17-Nov-95,15.54,15.54,15.54,15.54,2.61,-
20-Nov-95,15.51,15.51,15.51,15.51,2.61,-
21-Nov-95,15.54,15.54,15.54,15.54,2.61,-
22-Nov-95,15.54,15.54,15.54,15.54,2.61,-
24-Nov-95,15.57,15.57,15.57,15.57,2.62,-
27-Nov-95,15.61,15.61,15.61,15.61,2.62,-
28-Nov-95,15.66,15.66,15.66,15.66,2.63,-
29-Nov-95,15.7,15.7,15.7,15.7,2.64,-
30-Nov-95,15.7,15.7,15.7,15.7,2.64,-
1-Dec-95,15.74,15.74,15.74,15.74,2.64,-
4-Dec-95,15.87,15.87,15.87,15.87,2.67,-
5-Dec-95,15.91,15.91,15.91,15.91,2.67,-
6-Dec-95,15.93,15.93,15.93,15.93,2.68,-
7-Dec-95,15.86,15.86,15.86,15.86,2.66,-
8-Dec-95,15.87,15.87,15.87,15.87,2.67,-
11-Dec-95,15.91,15.91,15.91,15.91,2.67,-
12-Dec-95,15.87,15.87,15.87,15.87,2.67,-
13-Dec-95,15.9,15.9,15.9,15.9,2.67,-
14-Dec-95,15.83,15.83,15.83,15.83,2.66,-
15-Dec-95,15.8,15.8,15.8,15.8,2.65,-
18-Dec-95,15.63,15.63,15.63,15.63,2.63,-
19-Dec-95,15.74,15.74,15.74,15.74,2.64,-
20-Dec-95,15.7,15.7,15.7,15.7,2.64,-
21-Dec-95,15.77,15.77,15.77,15.77,2.65,-
22-Dec-95,14.9,14.9,14.9,14.9,2.65,-
26-Dec-95,14.93,14.93,14.93,14.93,2.66,-
27-Dec-95,14.97,14.97,14.97,14.97,2.67,-
28-Dec-95,14.97,14.97,14.97,14.97,2.67,-
29-Dec-95,15.02,15.02,15.02,15.02,2.68,-
2-Jan-96,15.07,15.07,15.07,15.07,2.68,-
3-Jan-96,15.09,15.09,15.09,15.09,2.69,-
4-Jan-96,15.01,15.01,15.01,15.01,2.67,-
5-Jan-96,14.98,14.98,14.98,14.98,2.67,-
8-Jan-96,15,15.0,15.0,15.0,2.67,-
9-Jan-96,14.88,14.88,14.88,14.88,2.65,-
10-Jan-96,14.71,14.71,14.71,14.71,2.62,-
11-Jan-96,14.78,14.78,14.78,14.78,2.63,-
12-Jan-96,14.79,14.79,14.79,14.79,2.63,-
15-Jan-96,14.76,14.76,14.76,14.76,2.63,-
16-Jan-96,14.88,14.88,14.88,14.88,2.65,-
17-Jan-96,14.9,14.9,14.9,14.9,2.65,-
18-Jan-96,14.9,14.9,14.9,14.9,2.65,-
19-Jan-96,14.95,14.95,14.95,14.95,2.66,-
22-Jan-96,14.99,14.99,14.99,14.99,2.67,-
23-Jan-96,14.98,14.98,14.98,14.98,2.67,-
24-Jan-96,15.04,15.04,15.04,15.04,2.68,-
25-Jan-96,15.01,15.01,15.01,15.01,2.67,-
26-Jan-96,15.07,15.07,15.07,15.07,2.68,-
29-Jan-96,15.13,15.13,15.13,15.13,2.7,-
30-Jan-96,15.25,15.25,15.25,15.25,2.72,-
31-Jan-96,15.33,15.33,15.33,15.33,2.73,-
1-Feb-96,15.35,15.35,15.35,15.35,2.73,-
2-Feb-96,15.32,15.32,15.32,15.32,2.73,-
5-Feb-96,15.36,15.36,15.36,15.36,2.74,-
6-Feb-96,15.44,15.44,15.44,15.44,2.75,-
7-Feb-96,15.47,15.47,15.47,15.47,2.76,-
8-Feb-96,15.52,15.52,15.52,15.52,2.76,-
9-Feb-96,15.53,15.53,15.53,15.53,2.77,-
12-Feb-96,15.61,15.61,15.61,15.61,2.78,-
13-Feb-96,15.6,15.6,15.6,15.6,2.78,-
14-Feb-96,15.54,15.54,15.54,15.54,2.77,-
15-Feb-96,15.5,15.5,15.5,15.5,2.76,-
16-Feb-96,15.46,15.46,15.46,15.46,2.75,-
20-Feb-96,15.34,15.34,15.34,15.34,2.73,-
21-Feb-96,15.44,15.44,15.44,15.44,2.75,-
22-Feb-96,15.59,15.59,15.59,15.59,2.78,-
23-Feb-96,15.61,15.61,15.61,15.61,2.78,-
26-Feb-96,15.52,15.52,15.52,15.52,2.76,-
27-Feb-96,15.48,15.48,15.48,15.48,2.76,-
28-Feb-96,15.46,15.46,15.46,15.46,2.75,-
29-Feb-96,15.4,15.4,15.4,15.4,2.74,-
1-Mar-96,15.47,15.47,15.47,15.47,2.76,-
4-Mar-96,15.55,15.55,15.55,15.55,2.77,-
5-Mar-96,15.6,15.6,15.6,15.6,2.78,-
6-Mar-96,15.56,15.56,15.56,15.56,2.77,-
7-Mar-96,15.57,15.57,15.57,15.57,2.77,-
8-Mar-96,15.25,15.25,15.25,15.25,2.72,-
11-Mar-96,15.34,15.34,15.34,15.34,2.73,-
12-Mar-96,15.31,15.31,15.31,15.31,2.73,-
13-Mar-96,15.37,15.37,15.37,15.37,2.74,-
14-Mar-96,15.44,15.44,15.44,15.44,2.75,-
15-Mar-96,15.42,15.42,15.42,15.42,2.75,-
18-Mar-96,15.56,15.56,15.56,15.56,2.77,-
19-Mar-96,15.55,15.55,15.55,15.55,2.77,-
20-Mar-96,15.54,15.54,15.54,15.54,2.77,-
21-Mar-96,15.53,15.53,15.53,15.53,2.77,-
22-Mar-96,15.53,15.53,15.53,15.53,2.77,-
25-Mar-96,15.55,15.55,15.55,15.55,2.77,-
26-Mar-96,15.56,15.56,15.56,15.56,2.77,-
27-Mar-96,15.54,15.54,15.54,15.54,2.77,-
28-Mar-96,15.54,15.54,15.54,15.54,2.77,-
29-Mar-96,15.55,15.55,15.55,15.55,2.77,-
1-Apr-96,15.69,15.69,15.69,15.69,2.79,-
2-Apr-96,15.73,15.73,15.73,15.73,2.8,-
3-Apr-96,15.72,15.72,15.72,15.72,2.8,-
4-Apr-96,15.73,15.73,15.73,15.73,2.8,-
8-Apr-96,15.53,15.53,15.53,15.53,2.77,-
9-Apr-96,15.55,15.55,15.55,15.55,2.77,-
10-Apr-96,15.45,15.45,15.45,15.45,2.75,-
11-Apr-96,15.38,15.38,15.38,15.38,2.74,-
12-Apr-96,15.48,15.48,15.48,15.48,2.76,-
15-Apr-96,15.57,15.57,15.57,15.57,2.77,-
16-Apr-96,15.62,15.62,15.62,15.62,2.78,-
17-Apr-96,15.57,15.57,15.57,15.57,2.77,-
18-Apr-96,15.59,15.59,15.59,15.59,2.78,-
19-Apr-96,15.63,15.63,15.63,15.63,2.78,-
22-Apr-96,15.67,15.67,15.67,15.67,2.79,-
23-Apr-96,15.72,15.72,15.72,15.72,2.8,-
24-Apr-96,15.72,15.72,15.72,15.72,2.8,-
25-Apr-96,15.76,15.76,15.76,15.76,2.81,-
26-Apr-96,15.8,15.8,15.8,15.8,2.81,-
29-Apr-96,15.8,15.8,15.8,15.8,2.81,-
30-Apr-96,15.78,15.78,15.78,15.78,2.81,-
1-May-96,15.8,15.8,15.8,15.8,2.81,-
2-May-96,15.62,15.62,15.62,15.62,2.78,-
3-May-96,15.59,15.59,15.59,15.59,2.78,-
6-May-96,15.58,15.58,15.58,15.58,2.78,-
7-May-96,15.55,15.55,15.55,15.55,2.77,-
8-May-96,15.63,15.63,15.63,15.63,2.78,-
9-May-96,15.64,15.64,15.64,15.64,2.79,-
10-May-96,15.75,15.75,15.75,15.75,2.81,-
13-May-96,15.87,15.87,15.87,15.87,2.83,-
14-May-96,15.94,15.94,15.94,15.94,2.84,-
15-May-96,15.95,15.95,15.95,15.95,2.84,-
16-May-96,15.93,15.93,15.93,15.93,2.84,-
17-May-96,15.99,15.99,15.99,15.99,2.85,-
20-May-96,16.06,16.06,16.06,16.06,2.86,-
21-May-96,16.05,16.05,16.05,16.05,2.86,-
22-May-96,16.12,16.12,16.12,16.12,2.87,-
23-May-96,16.07,16.07,16.07,16.07,2.86,-
24-May-96,16.11,16.11,16.11,16.11,2.87,-
28-May-96,16.03,16.03,16.03,16.03,2.86,-
29-May-96,15.96,15.96,15.96,15.96,2.84,-
30-May-96,16,16.0,16.0,16.0,2.85,-
31-May-96,15.96,15.96,15.96,15.96,2.84,-
3-Jun-96,15.96,15.96,15.96,15.96,2.84,-
4-Jun-96,16.04,16.04,16.04,16.04,2.86,-
5-Jun-96,16.12,16.12,16.12,16.12,2.87,-
6-Jun-96,16.05,16.05,16.05,16.05,2.86,-
7-Jun-96,15.98,15.98,15.98,15.98,2.85,-
10-Jun-96,15.97,15.97,15.97,15.97,2.84,-
11-Jun-96,15.96,15.96,15.96,15.96,2.84,-
12-Jun-96,15.95,15.95,15.95,15.95,2.84,-
13-Jun-96,15.94,15.94,15.94,15.94,2.84,-
14-Jun-96,15.92,15.92,15.92,15.92,2.84,-
17-Jun-96,15.92,15.92,15.92,15.92,2.84,-
18-Jun-96,15.87,15.87,15.87,15.87,2.83,-
19-Jun-96,15.85,15.85,15.85,15.85,2.82,-
20-Jun-96,15.81,15.81,15.81,15.81,2.82,-
21-Jun-96,15.86,15.86,15.86,15.86,2.83,-
24-Jun-96,15.88,15.88,15.88,15.88,2.83,-
25-Jun-96,15.63,15.63,15.63,15.63,2.83,-
26-Jun-96,15.55,15.55,15.55,15.55,2.81,-
27-Jun-96,15.61,15.61,15.61,15.61,2.83,-
28-Jun-96,15.69,15.69,15.69,15.69,2.84,-
1-Jul-96,15.77,15.77,15.77,15.77,2.85,-
2-Jul-96,15.75,15.75,15.75,15.75,2.85,-
3-Jul-96,15.72,15.72,15.72,15.72,2.84,-
5-Jul-96,15.45,15.45,15.45,15.45,2.8,-
8-Jul-96,15.39,15.39,15.39,15.39,2.79,-
9-Jul-96,15.44,15.44,15.44,15.44,2.79,-
10-Jul-96,15.47,15.47,15.47,15.47,2.8,-
11-Jul-96,15.32,15.32,15.32,15.32,2.77,-
12-Jul-96,15.34,15.34,15.34,15.34,2.78,-
15-Jul-96,15.13,15.13,15.13,15.13,2.74,-
16-Jul-96,15.11,15.11,15.11,15.11,2.73,-
17-Jul-96,15.22,15.22,15.22,15.22,2.75,-
18-Jul-96,15.38,15.38,15.38,15.38,2.78,-
19-Jul-96,15.3,15.3,15.3,15.3,2.77,-
22-Jul-96,15.21,15.21,15.21,15.21,2.75,-
23-Jul-96,15.12,15.12,15.12,15.12,2.74,-
24-Jul-96,15.08,15.08,15.08,15.08,2.73,-
25-Jul-96,15.16,15.16,15.16,15.16,2.74,-
26-Jul-96,15.25,15.25,15.25,15.25,2.76,-
29-Jul-96,15.18,15.18,15.18,15.18,2.75,-
30-Jul-96,15.25,15.25,15.25,15.25,2.76,-
31-Jul-96,15.34,15.34,15.34,15.34,2.78,-
1-Aug-96,15.51,15.51,15.51,15.51,2.81,-
2-Aug-96,15.71,15.71,15.71,15.71,2.84,-
5-Aug-96,15.68,15.68,15.68,15.68,2.84,-
6-Aug-96,15.69,15.69,15.69,15.69,2.84,-
7-Aug-96,15.73,15.73,15.73,15.73,2.85,-
8-Aug-96,15.72,15.72,15.72,15.72,2.84,-
9-Aug-96,15.72,15.72,15.72,15.72,2.84,-
12-Aug-96,15.77,15.77,15.77,15.77,2.85,-
13-Aug-96,15.66,15.66,15.66,15.66,2.83,-
14-Aug-96,15.71,15.71,15.71,15.71,2.84,-
15-Aug-96,15.71,15.71,15.71,15.71,2.84,-
16-Aug-96,15.76,15.76,15.76,15.76,2.85,-
19-Aug-96,15.78,15.78,15.78,15.78,2.86,-
20-Aug-96,15.79,15.79,15.79,15.79,2.86,-
21-Aug-96,15.79,15.79,15.79,15.79,2.86,-
22-Aug-96,15.87,15.87,15.87,15.87,2.87,-
23-Aug-96,15.81,15.81,15.81,15.81,2.86,-
26-Aug-96,15.75,15.75,15.75,15.75,2.85,-
27-Aug-96,15.79,15.79,15.79,15.79,2.86,-
28-Aug-96,15.78,15.78,15.78,15.78,2.86,-
29-Aug-96,15.68,15.68,15.68,15.68,2.84,-
30-Aug-96,15.6,15.6,15.6,15.6,2.82,-
3-Sep-96,15.64,15.64,15.64,15.64,2.83,-
4-Sep-96,15.66,15.66,15.66,15.66,2.83,-
5-Sep-96,15.56,15.56,15.56,15.56,2.82,-
6-Sep-96,15.65,15.65,15.65,15.65,2.83,-
9-Sep-96,15.76,15.76,15.76,15.76,2.85,-
10-Sep-96,15.75,15.75,15.75,15.75,2.85,-
11-Sep-96,15.8,15.8,15.8,15.8,2.86,-
12-Sep-96,15.85,15.85,15.85,15.85,2.87,-
13-Sep-96,16,16.0,16.0,16.0,2.9,-
16-Sep-96,16.05,16.05,16.05,16.05,2.9,-
17-Sep-96,16.05,16.05,16.05,16.05,2.9,-
18-Sep-96,16.02,16.02,16.02,16.02,2.9,-
19-Sep-96,16.01,16.01,16.01,16.01,2.9,-
20-Sep-96,16.07,16.07,16.07,16.07,2.91,-
23-Sep-96,16.07,16.07,16.07,16.07,2.91,-
24-Sep-96,16.07,16.07,16.07,16.07,2.91,-
25-Sep-96,16.11,16.11,16.11,16.11,2.92,-
26-Sep-96,16.13,16.13,16.13,16.13,2.92,-
27-Sep-96,16.13,16.13,16.13,16.13,2.92,-
30-Sep-96,16.17,16.17,16.17,16.17,2.93,-
1-Oct-96,16.21,16.21,16.21,16.21,2.93,-
2-Oct-96,16.29,16.29,16.29,16.29,2.95,-
3-Oct-96,16.28,16.28,16.28,16.28,2.95,-
4-Oct-96,16.41,16.41,16.41,16.41,2.97,-
7-Oct-96,16.43,16.43,16.43,16.43,2.97,-
8-Oct-96,16.38,16.38,16.38,16.38,2.96,-
9-Oct-96,16.33,16.33,16.33,16.33,2.96,-
10-Oct-96,16.31,16.31,16.31,16.31,2.95,-
11-Oct-96,16.39,16.39,16.39,16.39,2.97,-
14-Oct-96,16.45,16.45,16.45,16.45,2.98,-
15-Oct-96,16.46,16.46,16.46,16.46,2.98,-
16-Oct-96,16.46,16.46,16.46,16.46,2.98,-
17-Oct-96,16.5,16.5,16.5,16.5,2.99,-
18-Oct-96,16.54,16.54,16.54,16.54,2.99,-
21-Oct-96,16.52,16.52,16.52,16.52,2.99,-
22-Oct-96,16.45,16.45,16.45,16.45,2.98,-
23-Oct-96,16.46,16.46,16.46,16.46,2.98,-
24-Oct-96,16.42,16.42,16.42,16.42,2.97,-
25-Oct-96,16.42,16.42,16.42,16.42,2.97,-
28-Oct-96,16.37,16.37,16.37,16.37,2.96,-
29-Oct-96,16.45,16.45,16.45,16.45,2.98,-
30-Oct-96,16.45,16.45,16.45,16.45,2.98,-
31-Oct-96,16.52,16.52,16.52,16.52,2.99,-
1-Nov-96,16.5,16.5,16.5,16.5,2.99,-
4-Nov-96,16.52,16.52,16.52,16.52,2.99,-
5-Nov-96,16.62,16.62,16.62,16.62,3.01,-
6-Nov-96,16.76,16.76,16.76,16.76,3.03,-
7-Nov-96,16.8,16.8,16.8,16.8,3.04,-
8-Nov-96,16.84,16.84,16.84,16.84,3.05,-
11-Nov-96,16.86,16.86,16.86,16.86,3.05,-
12-Nov-96,16.88,16.88,16.88,16.88,3.05,-
13-Nov-96,16.89,16.89,16.89,16.89,3.06,-
14-Nov-96,16.98,16.98,16.98,16.98,3.07,-
15-Nov-96,16.98,16.98,16.98,16.98,3.07,-
18-Nov-96,16.98,16.98,16.98,16.98,3.07,-
19-Nov-96,17.08,17.08,17.08,17.08,3.09,-
20-Nov-96,17.12,17.12,17.12,17.12,3.1,-
21-Nov-96,17.1,17.1,17.1,17.1,3.09,-
22-Nov-96,17.17,17.17,17.17,17.17,3.11,-
25-Nov-96,17.29,17.29,17.29,17.29,3.13,-
26-Nov-96,17.26,17.26,17.26,17.26,3.12,-
27-Nov-96,17.28,17.28,17.28,17.28,3.13,-
29-Nov-96,17.33,17.33,17.33,17.33,3.14,-
2-Dec-96,17.34,17.34,17.34,17.34,3.14,-
3-Dec-96,17.29,17.29,17.29,17.29,3.13,-
4-Dec-96,17.24,17.24,17.24,17.24,3.12,-
5-Dec-96,17.22,17.22,17.22,17.22,3.12,-
6-Dec-96,17.14,17.14,17.14,17.14,3.1,-
9-Dec-96,17.29,17.29,17.29,17.29,3.13,-
10-Dec-96,17.28,17.28,17.28,17.28,3.13,-
11-Dec-96,17.15,17.15,17.15,17.15,3.1,-
12-Dec-96,17.02,17.02,17.02,17.02,3.08,-
13-Dec-96,17.02,17.02,17.02,17.02,3.08,-
16-Dec-96,16.9,16.9,16.9,16.9,3.06,-
17-Dec-96,16.95,16.95,16.95,16.95,3.07,-
18-Dec-96,17.02,17.02,17.02,17.02,3.08,-
19-Dec-96,17.18,17.18,17.18,17.18,3.11,-
20-Dec-96,15.9,15.9,15.9,15.9,3.12,-
23-Dec-96,15.88,15.88,15.88,15.88,3.11,-
24-Dec-96,15.93,15.93,15.93,15.93,3.12,-
26-Dec-96,15.97,15.97,15.97,15.97,3.13,-
27-Dec-96,16.01,16.01,16.01,16.01,3.14,-
30-Dec-96,16.01,16.01,16.01,16.01,3.14,-
31-Dec-96,15.86,15.86,15.86,15.86,3.11,-
2-Jan-97,15.79,15.79,15.79,15.79,3.1,-
3-Jan-97,15.92,15.92,15.92,15.92,3.12,-
6-Jan-97,15.94,15.94,15.94,15.94,3.12,-
7-Jan-97,16,16.0,16.0,16.0,3.14,-
8-Jan-97,15.97,15.97,15.97,15.97,3.13,-
9-Jan-97,16.07,16.07,16.07,16.07,3.15,-
10-Jan-97,16.09,16.09,16.09,16.09,3.15,-
13-Jan-97,16.1,16.1,16.1,16.1,3.16,-
14-Jan-97,16.23,16.23,16.23,16.23,3.18,-
15-Jan-97,16.22,16.22,16.22,16.22,3.18,-
16-Jan-97,16.25,16.25,16.25,16.25,3.19,-
17-Jan-97,16.31,16.31,16.31,16.31,3.2,-
20-Jan-97,16.32,16.32,16.32,16.32,3.2,-
21-Jan-97,16.39,16.39,16.39,16.39,3.21,-
22-Jan-97,16.4,16.4,16.4,16.4,3.22,-
23-Jan-97,16.33,16.33,16.33,16.33,3.2,-
24-Jan-97,16.23,16.23,16.23,16.23,3.18,-
27-Jan-97,16.16,16.16,16.16,16.16,3.17,-
28-Jan-97,16.14,16.14,16.14,16.14,3.16,-
29-Jan-97,16.2,16.2,16.2,16.2,3.18,-
30-Jan-97,16.33,16.33,16.33,16.33,3.2,-
31-Jan-97,16.38,16.38,16.38,16.38,3.21,-
3-Feb-97,16.4,16.4,16.4,16.4,3.22,-
4-Feb-97,16.42,16.42,16.42,16.42,3.22,-
5-Feb-97,16.3,16.3,16.3,16.3,3.2,-
6-Feb-97,16.31,16.31,16.31,16.31,3.2,-
7-Feb-97,16.41,16.41,16.41,16.41,3.22,-
10-Feb-97,16.35,16.35,16.35,16.35,3.21,-
11-Feb-97,16.39,16.39,16.39,16.39,3.21,-
12-Feb-97,16.53,16.53,16.53,16.53,3.24,-
13-Feb-97,16.66,16.66,16.66,16.66,3.27,-
14-Feb-97,16.65,16.65,16.65,16.65,3.26,-
18-Feb-97,16.73,16.73,16.73,16.73,3.28,-
19-Feb-97,16.7,16.7,16.7,16.7,3.27,-
20-Feb-97,16.57,16.57,16.57,16.57,3.25,-
21-Feb-97,16.57,16.57,16.57,16.57,3.25,-
24-Feb-97,16.65,16.65,16.65,16.65,3.26,-
25-Feb-97,16.68,16.68,16.68,16.68,3.27,-
26-Feb-97,16.56,16.56,16.56,16.56,3.25,-
27-Feb-97,16.44,16.44,16.44,16.44,3.22,-
28-Feb-97,16.41,16.41,16.41,16.41,3.22,-
3-Mar-97,16.43,16.43,16.43,16.43,3.22,-
4-Mar-97,16.43,16.43,16.43,16.43,3.22,-
5-Mar-97,16.54,16.54,16.54,16.54,3.24,-
6-Mar-97,16.51,16.51,16.51,16.51,3.24,-
7-Mar-97,16.61,16.61,16.61,16.61,3.26,-
10-Mar-97,16.7,16.7,16.7,16.7,3.27,-
11-Mar-97,16.67,16.67,16.67,16.67,3.27,-
12-Mar-97,16.6,16.6,16.6,16.6,3.25,-
13-Mar-97,16.39,16.39,16.39,16.39,3.21,-
14-Mar-97,16.44,16.44,16.44,16.44,3.22,-
17-Mar-97,16.43,16.43,16.43,16.43,3.22,-
18-Mar-97,16.35,16.35,16.35,16.35,3.21,-
19-Mar-97,16.28,16.28,16.28,16.28,3.19,-
20-Mar-97,16.27,16.27,16.27,16.27,3.19,-
21-Mar-97,16.28,16.28,16.28,16.28,3.19,-
24-Mar-97,16.34,16.34,16.34,16.34,3.2,-
25-Mar-97,16.34,16.34,16.34,16.34,3.2,-
26-Mar-97,16.35,16.35,16.35,16.35,3.21,-
27-Mar-97,16.15,16.15,16.15,16.15,3.17,-
31-Mar-97,15.97,15.97,15.97,15.97,3.13,-
1-Apr-97,16,16.0,16.0,16.0,3.14,-
2-Apr-97,15.89,15.89,15.89,15.89,3.12,-
3-Apr-97,15.89,15.89,15.89,15.89,3.12,-
4-Apr-97,15.94,15.94,15.94,15.94,3.12,-
7-Apr-97,16.05,16.05,16.05,16.05,3.15,-
8-Apr-97,16.1,16.1,16.1,16.1,3.16,-
9-Apr-97,16.04,16.04,16.04,16.04,3.14,-
10-Apr-97,16,16.0,16.0,16.0,3.14,-
11-Apr-97,15.77,15.77,15.77,15.77,3.09,-
14-Apr-97,15.81,15.81,15.81,15.81,3.1,-
15-Apr-97,15.95,15.95,15.95,15.95,3.13,-
16-Apr-97,16.03,16.03,16.03,16.03,3.14,-
17-Apr-97,16.04,16.04,16.04,16.04,3.14,-
18-Apr-97,16.07,16.07,16.07,16.07,3.15,-
21-Apr-97,15.98,15.98,15.98,15.98,3.13,-
22-Apr-97,16.1,16.1,16.1,16.1,3.16,-
23-Apr-97,16.1,16.1,16.1,16.1,3.16,-
24-Apr-97,16.07,16.07,16.07,16.07,3.15,-
25-Apr-97,15.96,15.96,15.96,15.96,3.13,-
28-Apr-97,16.04,16.04,16.04,16.04,3.14,-
29-Apr-97,16.31,16.31,16.31,16.31,3.2,-
30-Apr-97,16.41,16.41,16.41,16.41,3.22,-
1-May-97,16.41,16.41,16.41,16.41,3.22,-
2-May-97,16.61,16.61,16.61,16.61,3.26,-
5-May-97,16.81,16.81,16.81,16.81,3.3,-
6-May-97,16.81,16.81,16.81,16.81,3.3,-
7-May-97,16.67,16.67,16.67,16.67,3.27,-
8-May-97,16.74,16.74,16.74,16.74,3.28,-
9-May-97,16.81,16.81,16.81,16.81,3.3,-
12-May-97,16.95,16.95,16.95,16.95,3.32,-
13-May-97,16.88,16.88,16.88,16.88,3.31,-
14-May-97,16.95,16.95,16.95,16.95,3.32,-
15-May-97,17,17.0,17.0,17.0,3.33,-
16-May-97,16.88,16.88,16.88,16.88,3.31,-
19-May-97,16.9,16.9,16.9,16.9,3.31,-
20-May-97,16.99,16.99,16.99,16.99,3.33,-
21-May-97,16.95,16.95,16.95,16.95,3.32,-
22-May-97,16.95,16.95,16.95,16.95,3.32,-
23-May-97,17.06,17.06,17.06,17.06,3.34,-
27-May-97,17.07,17.07,17.07,17.07,3.35,-
28-May-97,17.07,17.07,17.07,17.07,3.35,-
29-May-97,17.06,17.06,17.06,17.06,3.34,-
30-May-97,17.14,17.14,17.14,17.14,3.36,-
2-Jun-97,17.15,17.15,17.15,17.15,3.36,-
3-Jun-97,17.16,17.16,17.16,17.16,3.36,-
4-Jun-97,17.12,17.12,17.12,17.12,3.36,-
5-Jun-97,17.16,17.16,17.16,17.16,3.36,-
6-Jun-97,17.31,17.31,17.31,17.31,3.39,-
9-Jun-97,17.34,17.34,17.34,17.34,3.4,-
10-Jun-97,17.36,17.36,17.36,17.36,3.4,-
11-Jun-97,17.4,17.4,17.4,17.4,3.41,-
12-Jun-97,17.54,17.54,17.54,17.54,3.44,-
13-Jun-97,17.65,17.65,17.65,17.65,3.46,-
16-Jun-97,17.66,17.66,17.66,17.66,3.46,-
17-Jun-97,17.67,17.67,17.67,17.67,3.46,-
18-Jun-97,17.62,17.62,17.62,17.62,3.45,-
19-Jun-97,17.71,17.71,17.71,17.71,3.47,-
20-Jun-97,17.72,17.72,17.72,17.72,3.47,-
23-Jun-97,17.52,17.52,17.52,17.52,3.43,-
24-Jun-97,17.67,17.67,17.67,17.67,3.46,-
25-Jun-97,17.34,17.34,17.34,17.34,3.45,-
26-Jun-97,17.3,17.3,17.3,17.3,3.44,-
27-Jun-97,17.36,17.36,17.36,17.36,3.45,-
30-Jun-97,17.33,17.33,17.33,17.33,3.45,-
1-Jul-97,17.44,17.44,17.44,17.44,3.47,-
2-Jul-97,17.6,17.6,17.6,17.6,3.5,-
3-Jul-97,17.75,17.75,17.75,17.75,3.53,-
7-Jul-97,17.72,17.72,17.72,17.72,3.52,-
8-Jul-97,17.79,17.79,17.79,17.79,3.54,-
9-Jul-97,17.69,17.69,17.69,17.69,3.52,-
10-Jul-97,17.75,17.75,17.75,17.75,3.53,-
11-Jul-97,17.8,17.8,17.8,17.8,3.54,-
14-Jul-97,17.8,17.8,17.8,17.8,3.54,-
15-Jul-97,17.87,17.87,17.87,17.87,3.55,-
16-Jul-97,17.99,17.99,17.99,17.99,3.58,-
17-Jul-97,17.93,17.93,17.93,17.93,3.57,-
18-Jul-97,17.79,17.79,17.79,17.79,3.54,-
21-Jul-97,17.75,17.75,17.75,17.75,3.53,-
22-Jul-97,17.98,17.98,17.98,17.98,3.58,-
23-Jul-97,18.02,18.02,18.02,18.02,3.58,-
24-Jul-97,18.06,18.06,18.06,18.06,3.59,-
25-Jul-97,18.03,18.03,18.03,18.03,3.59,-
28-Jul-97,18.05,18.05,18.05,18.05,3.59,-
29-Jul-97,18.13,18.13,18.13,18.13,3.61,-
30-Jul-97,18.29,18.29,18.29,18.29,3.64,-
31-Jul-97,18.33,18.33,18.33,18.33,3.64,-
1-Aug-97,18.23,18.23,18.23,18.23,3.63,-
4-Aug-97,18.26,18.26,18.26,18.26,3.63,-
5-Aug-97,18.3,18.3,18.3,18.3,3.64,-
6-Aug-97,18.41,18.41,18.41,18.41,3.66,-
7-Aug-97,18.34,18.34,18.34,18.34,3.65,-
8-Aug-97,18.12,18.12,18.12,18.12,3.6,-
11-Aug-97,18.16,18.16,18.16,18.16,3.61,-
12-Aug-97,18.06,18.06,18.06,18.06,3.59,-
13-Aug-97,18.06,18.06,18.06,18.06,3.59,-
14-Aug-97,18.1,18.1,18.1,18.1,3.6,-
15-Aug-97,17.9,17.9,17.9,17.9,3.56,-
18-Aug-97,18.02,18.02,18.02,18.02,3.58,-
19-Aug-97,18.15,18.15,18.15,18.15,3.61,-
20-Aug-97,18.3,18.3,18.3,18.3,3.64,-
21-Aug-97,18.15,18.15,18.15,18.15,3.61,-
22-Aug-97,18.12,18.12,18.12,18.12,3.6,-
25-Aug-97,18.12,18.12,18.12,18.12,3.6,-
26-Aug-97,18.07,18.07,18.07,18.07,3.59,-
27-Aug-97,18.09,18.09,18.09,18.09,3.6,-
28-Aug-97,18.03,18.03,18.03,18.03,3.59,-
29-Aug-97,17.98,17.98,17.98,17.98,3.58,-
2-Sep-97,18.25,18.25,18.25,18.25,3.63,-
3-Sep-97,18.27,18.27,18.27,18.27,3.63,-
4-Sep-97,18.3,18.3,18.3,18.3,3.64,-
5-Sep-97,18.3,18.3,18.3,18.3,3.64,-
8-Sep-97,18.35,18.35,18.35,18.35,3.65,-
9-Sep-97,18.36,18.36,18.36,18.36,3.65,-
10-Sep-97,18.25,18.25,18.25,18.25,3.63,-
11-Sep-97,18.18,18.18,18.18,18.18,3.62,-
12-Sep-97,18.32,18.32,18.32,18.32,3.64,-
15-Sep-97,18.32,18.32,18.32,18.32,3.64,-
16-Sep-97,18.58,18.58,18.58,18.58,3.69,-
17-Sep-97,18.59,18.59,18.59,18.59,3.7,-
18-Sep-97,18.64,18.64,18.64,18.64,3.71,-
19-Sep-97,18.68,18.68,18.68,18.68,3.71,-
22-Sep-97,18.73,18.73,18.73,18.73,3.72,-
23-Sep-97,18.66,18.66,18.66,18.66,3.71,-
24-Sep-97,18.62,18.62,18.62,18.62,3.7,-
25-Sep-97,18.56,18.56,18.56,18.56,3.69,-
26-Sep-97,18.64,18.64,18.64,18.64,3.71,-
29-Sep-97,18.71,18.71,18.71,18.71,3.72,-
30-Sep-97,18.67,18.67,18.67,18.67,3.71,-
1-Oct-97,18.76,18.76,18.76,18.76,3.73,-
2-Oct-97,18.81,18.81,18.81,18.81,3.74,-
3-Oct-97,18.86,18.86,18.86,18.86,3.75,-
6-Oct-97,18.97,18.97,18.97,18.97,3.77,-
7-Oct-97,19.06,19.06,19.06,19.06,3.79,-
8-Oct-97,18.96,18.96,18.96,18.96,3.77,-
9-Oct-97,18.96,18.96,18.96,18.96,3.77,-
10-Oct-97,18.92,18.92,18.92,18.92,3.76,-
13-Oct-97,18.95,18.95,18.95,18.95,3.77,-
14-Oct-97,19,19.0,19.0,19.0,3.78,-
15-Oct-97,18.95,18.95,18.95,18.95,3.77,-
16-Oct-97,18.82,18.82,18.82,18.82,3.74,-
17-Oct-97,18.67,18.67,18.67,18.67,3.71,-
20-Oct-97,18.79,18.79,18.79,18.79,3.74,-
21-Oct-97,18.97,18.97,18.97,18.97,3.77,-
22-Oct-97,18.94,18.94,18.94,18.94,3.77,-
23-Oct-97,18.76,18.76,18.76,18.76,3.73,-
24-Oct-97,18.68,18.68,18.68,18.68,3.71,-
27-Oct-97,17.99,17.99,17.99,17.99,3.58,-
28-Oct-97,18.35,18.35,18.35,18.35,3.65,-
29-Oct-97,18.41,18.41,18.41,18.41,3.66,-
30-Oct-97,18.24,18.24,18.24,18.24,3.63,-
31-Oct-97,18.34,18.34,18.34,18.34,3.65,-
3-Nov-97,18.6,18.6,18.6,18.6,3.7,-
4-Nov-97,18.62,18.62,18.62,18.62,3.7,-
5-Nov-97,18.66,18.66,18.66,18.66,3.71,-
6-Nov-97,18.63,18.63,18.63,18.63,3.7,-
7-Nov-97,18.48,18.48,18.48,18.48,3.67,-
10-Nov-97,18.42,18.42,18.42,18.42,3.66,-
11-Nov-97,18.42,18.42,18.42,18.42,3.66,-
12-Nov-97,18.21,18.21,18.21,18.21,3.62,-
13-Nov-97,18.27,18.27,18.27,18.27,3.63,-
14-Nov-97,18.38,18.38,18.38,18.38,3.65,-
17-Nov-97,18.6,18.6,18.6,18.6,3.7,-
18-Nov-97,18.5,18.5,18.5,18.5,3.68,-
19-Nov-97,18.53,18.53,18.53,18.53,3.68,-
20-Nov-97,18.68,18.68,18.68,18.68,3.71,-
21-Nov-97,18.71,18.71,18.71,18.71,3.72,-
24-Nov-97,18.52,18.52,18.52,18.52,3.68,-
25-Nov-97,18.54,18.54,18.54,18.54,3.69,-
26-Nov-97,18.58,18.58,18.58,18.58,3.69,-
28-Nov-97,18.63,18.63,18.63,18.63,3.7,-
1-Dec-97,18.86,18.86,18.86,18.86,3.75,-
2-Dec-97,18.85,18.85,18.85,18.85,3.75,-
3-Dec-97,18.91,18.91,18.91,18.91,3.76,-
4-Dec-97,18.9,18.9,18.9,18.9,3.76,-
5-Dec-97,19,19.0,19.0,19.0,3.78,-
8-Dec-97,19,19.0,19.0,19.0,3.78,-
9-Dec-97,18.94,18.94,18.94,18.94,3.77,-
10-Dec-97,18.86,18.86,18.86,18.86,3.75,-
11-Dec-97,18.68,18.68,18.68,18.68,3.71,-
12-Dec-97,18.68,18.68,18.68,18.68,3.71,-
15-Dec-97,18.74,18.74,18.74,18.74,3.73,-
16-Dec-97,18.8,18.8,18.8,18.8,3.74,-
17-Dec-97,18.83,18.83,18.83,18.83,3.74,-
18-Dec-97,18.7,18.7,18.7,18.7,3.72,-
19-Dec-97,18.61,18.61,18.61,18.61,3.7,-
22-Dec-97,18.66,18.66,18.66,18.66,3.71,-
23-Dec-97,18.52,18.52,18.52,18.52,3.68,-
24-Dec-97,18.47,18.47,18.47,18.47,3.67,-
26-Dec-97,18.51,18.51,18.51,18.51,3.68,-
29-Dec-97,17.14,17.14,17.14,17.14,3.72,-
30-Dec-97,17.3,17.3,17.3,17.3,3.75,-
31-Dec-97,17.38,17.38,17.38,17.38,3.77,-
2-Jan-98,17.42,17.42,17.42,17.42,3.78,-
5-Jan-98,17.47,17.47,17.47,17.47,3.79,-
6-Jan-98,17.34,17.34,17.34,17.34,3.76,-
7-Jan-98,17.28,17.28,17.28,17.28,3.75,-
8-Jan-98,17.16,17.16,17.16,17.16,3.72,-
9-Jan-98,16.87,16.87,16.87,16.87,3.66,-
12-Jan-98,16.93,16.93,16.93,16.93,3.67,-
13-Jan-98,17.09,17.09,17.09,17.09,3.71,-
14-Jan-98,17.16,17.16,17.16,17.16,3.72,-
15-Jan-98,17.1,17.1,17.1,17.1,3.71,-
16-Jan-98,17.2,17.2,17.2,17.2,3.73,-
20-Jan-98,17.36,17.36,17.36,17.36,3.77,-
21-Jan-98,17.3,17.3,17.3,17.3,3.75,-
22-Jan-98,17.2,17.2,17.2,17.2,3.73,-
23-Jan-98,17.1,17.1,17.1,17.1,3.71,-
26-Jan-98,17.12,17.12,17.12,17.12,3.71,-
27-Jan-98,17.21,17.21,17.21,17.21,3.73,-
28-Jan-98,17.32,17.32,17.32,17.32,3.76,-
29-Jan-98,17.43,17.43,17.43,17.43,3.78,-
30-Jan-98,17.4,17.4,17.4,17.4,3.77,-
2-Feb-98,17.59,17.59,17.59,17.59,3.82,-
3-Feb-98,17.65,17.65,17.65,17.65,3.83,-
4-Feb-98,17.67,17.67,17.67,17.67,3.83,-
5-Feb-98,17.67,17.67,17.67,17.67,3.83,-
6-Feb-98,17.75,17.75,17.75,17.75,3.85,-
9-Feb-98,17.75,17.75,17.75,17.75,3.85,-
10-Feb-98,17.85,17.85,17.85,17.85,3.87,-
11-Feb-98,17.88,17.88,17.88,17.88,3.88,-
12-Feb-98,17.93,17.93,17.93,17.93,3.89,-
13-Feb-98,17.92,17.92,17.92,17.92,3.89,-
17-Feb-98,17.96,17.96,17.96,17.96,3.9,-
18-Feb-98,18.03,18.03,18.03,18.03,3.91,-
19-Feb-98,17.98,17.98,17.98,17.98,3.9,-
20-Feb-98,18,18.0,18.0,18.0,3.9,-
23-Feb-98,18,18.0,18.0,18.0,3.9,-
24-Feb-98,17.91,17.91,17.91,17.91,3.88,-
25-Feb-98,18.08,18.08,18.08,18.08,3.92,-
26-Feb-98,18.17,18.17,18.17,18.17,3.94,-
27-Feb-98,18.19,18.19,18.19,18.19,3.95,-
2-Mar-98,18.18,18.18,18.18,18.18,3.94,-
3-Mar-98,18.24,18.24,18.24,18.24,3.96,-
4-Mar-98,18.2,18.2,18.2,18.2,3.95,-
5-Mar-98,18.08,18.08,18.08,18.08,3.92,-
6-Mar-98,18.28,18.28,18.28,18.28,3.96,-
9-Mar-98,18.28,18.28,18.28,18.28,3.96,-
10-Mar-98,18.41,18.41,18.41,18.41,3.99,-
11-Mar-98,18.5,18.5,18.5,18.5,4.01,-
12-Mar-98,18.54,18.54,18.54,18.54,4.02,-
13-Mar-98,18.53,18.53,18.53,18.53,4.02,-
16-Mar-98,18.66,18.66,18.66,18.66,4.05,-
17-Mar-98,18.66,18.66,18.66,18.66,4.05,-
18-Mar-98,18.71,18.71,18.71,18.71,4.06,-
19-Mar-98,18.75,18.75,18.75,18.75,4.07,-
20-Mar-98,18.82,18.82,18.82,18.82,4.08,-
23-Mar-98,18.79,18.79,18.79,18.79,4.08,-
24-Mar-98,18.87,18.87,18.87,18.87,4.09,-
25-Mar-98,18.84,18.84,18.84,18.84,4.09,-
26-Mar-98,18.83,18.83,18.83,18.83,4.08,-
27-Mar-98,18.79,18.79,18.79,18.79,4.08,-
30-Mar-98,18.74,18.74,18.74,18.74,4.06,-
31-Mar-98,18.83,18.83,18.83,18.83,4.08,-
1-Apr-98,18.91,18.91,18.91,18.91,4.1,-
2-Apr-98,19.04,19.04,19.04,19.04,4.13,-
3-Apr-98,19.08,19.08,19.08,19.08,4.14,-
6-Apr-98,19.11,19.11,19.11,19.11,4.14,-
7-Apr-98,18.98,18.98,18.98,18.98,4.12,-
8-Apr-98,18.91,18.91,18.91,18.91,4.1,-
9-Apr-98,19.02,19.02,19.02,19.02,4.13,-
13-Apr-98,19.01,19.01,19.01,19.01,4.12,-
14-Apr-98,19.14,19.14,19.14,19.14,4.15,-
15-Apr-98,19.22,19.22,19.22,19.22,4.17,-
16-Apr-98,19.12,19.12,19.12,19.12,4.15,-
17-Apr-98,19.22,19.22,19.22,19.22,4.17,-
20-Apr-98,19.2,19.2,19.2,19.2,4.16,-
21-Apr-98,19.22,19.22,19.22,19.22,4.17,-
22-Apr-98,19.23,19.23,19.23,19.23,4.17,-
23-Apr-98,19.13,19.13,19.13,19.13,4.15,-
24-Apr-98,19.01,19.01,19.01,19.01,4.12,-
27-Apr-98,18.74,18.74,18.74,18.74,4.06,-
28-Apr-98,18.73,18.73,18.73,18.73,4.06,-
29-Apr-98,18.85,18.85,18.85,18.85,4.09,-
30-Apr-98,19.05,19.05,19.05,19.05,4.13,-
1-May-98,19.16,19.16,19.16,19.16,4.16,-
4-May-98,19.17,19.17,19.17,19.17,4.16,-
5-May-98,19.1,19.1,19.1,19.1,4.14,-
6-May-98,19.03,19.03,19.03,19.03,4.13,-
7-May-98,18.95,18.95,18.95,18.95,4.11,-
8-May-98,19.03,19.03,19.03,19.03,4.13,-
11-May-98,19.01,19.01,19.01,19.01,4.12,-
12-May-98,19.08,19.08,19.08,19.08,4.14,-
13-May-98,19.1,19.1,19.1,19.1,4.14,-
14-May-98,19.08,19.08,19.08,19.08,4.14,-
15-May-98,19.01,19.01,19.01,19.01,4.12,-
18-May-98,18.96,18.96,18.96,18.96,4.11,-
19-May-98,18.99,18.99,18.99,18.99,4.12,-
20-May-98,19.07,19.07,19.07,19.07,4.14,-
21-May-98,19.03,19.03,19.03,19.03,4.13,-
22-May-98,19,19.0,19.0,19.0,4.12,-
26-May-98,18.87,18.87,18.87,18.87,4.09,-
27-May-98,18.81,18.81,18.81,18.81,4.08,-
28-May-98,18.88,18.88,18.88,18.88,4.1,-
29-May-98,18.85,18.85,18.85,18.85,4.09,-
1-Jun-98,18.82,18.82,18.82,18.82,4.08,-
2-Jun-98,18.83,18.83,18.83,18.83,4.08,-
3-Jun-98,18.75,18.75,18.75,18.75,4.07,-
4-Jun-98,18.84,18.84,18.84,18.84,4.09,-
5-Jun-98,18.99,18.99,18.99,18.99,4.12,-
8-Jun-98,19.03,19.03,19.03,19.03,4.13,-
9-Jun-98,19.03,19.03,19.03,19.03,4.13,-
10-Jun-98,18.96,18.96,18.96,18.96,4.11,-
11-Jun-98,18.79,18.79,18.79,18.79,4.08,-
12-Jun-98,18.78,18.78,18.78,18.78,4.07,-
15-Jun-98,18.56,18.56,18.56,18.56,4.03,-
16-Jun-98,18.63,18.63,18.63,18.63,4.04,-
17-Jun-98,18.78,18.78,18.78,18.78,4.07,-
18-Jun-98,18.74,18.74,18.74,18.74,4.06,-
19-Jun-98,18.72,18.72,18.72,18.72,4.06,-
22-Jun-98,18.76,18.76,18.76,18.76,4.07,-
23-Jun-98,18.87,18.87,18.87,18.87,4.09,-
24-Jun-98,18.98,18.98,18.98,18.98,4.12,-
25-Jun-98,18.96,18.96,18.96,18.96,4.11,-
26-Jun-98,18.75,18.75,18.75,18.75,4.12,-
29-Jun-98,18.82,18.82,18.82,18.82,4.14,-
30-Jun-98,18.82,18.82,18.82,18.82,4.14,-
1-Jul-98,18.95,18.95,18.95,18.95,4.17,-
2-Jul-98,18.96,18.96,18.96,18.96,4.17,-
6-Jul-98,19.06,19.06,19.06,19.06,4.19,-
7-Jul-98,19.03,19.03,19.03,19.03,4.18,-
8-Jul-98,19.11,19.11,19.11,19.11,4.2,-
9-Jul-98,19.03,19.03,19.03,19.03,4.18,-
10-Jul-98,19.04,19.04,19.04,19.04,4.18,-
13-Jul-98,19.01,19.01,19.01,19.01,4.18,-
14-Jul-98,19.13,19.13,19.13,19.13,4.2,-
15-Jul-98,19.12,19.12,19.12,19.12,4.2,-
16-Jul-98,19.17,19.17,19.17,19.17,4.21,-
17-Jul-98,19.16,19.16,19.16,19.16,4.21,-
20-Jul-98,19.13,19.13,19.13,19.13,4.2,-
21-Jul-98,18.97,18.97,18.97,18.97,4.17,-
22-Jul-98,18.95,18.95,18.95,18.95,4.17,-
23-Jul-98,18.72,18.72,18.72,18.72,4.11,-
24-Jul-98,18.66,18.66,18.66,18.66,4.1,-
27-Jul-98,18.66,18.66,18.66,18.66,4.1,-
28-Jul-98,18.5,18.5,18.5,18.5,4.07,-
29-Jul-98,18.45,18.45,18.45,18.45,4.06,-
30-Jul-98,18.6,18.6,18.6,18.6,4.09,-
31-Jul-98,18.42,18.42,18.42,18.42,4.05,-
3-Aug-98,18.34,18.34,18.34,18.34,4.03,-
4-Aug-98,17.95,17.95,17.95,17.95,3.95,-
5-Aug-98,17.99,17.99,17.99,17.99,3.95,-
6-Aug-98,18.06,18.06,18.06,18.06,3.97,-
7-Aug-98,18.13,18.13,18.13,18.13,3.98,-
10-Aug-98,18.04,18.04,18.04,18.04,3.97,-
11-Aug-98,17.83,17.83,17.83,17.83,3.92,-
12-Aug-98,18.02,18.02,18.02,18.02,3.96,-
13-Aug-98,17.89,17.89,17.89,17.89,3.93,-
14-Aug-98,17.79,17.79,17.79,17.79,3.91,-
17-Aug-98,17.94,17.94,17.94,17.94,3.94,-
18-Aug-98,18.12,18.12,18.12,18.12,3.98,-
19-Aug-98,18.07,18.07,18.07,18.07,3.97,-
20-Aug-98,17.97,17.97,17.97,17.97,3.95,-
21-Aug-98,17.82,17.82,17.82,17.82,3.92,-
24-Aug-98,17.85,17.85,17.85,17.85,3.92,-
25-Aug-98,17.86,17.86,17.86,17.86,3.93,-
26-Aug-98,17.7,17.7,17.7,17.7,3.89,-
27-Aug-98,17.25,17.25,17.25,17.25,3.79,-
28-Aug-98,17.13,17.13,17.13,17.13,3.77,-
31-Aug-98,16.55,16.55,16.55,16.55,3.64,-
1-Sep-98,16.84,16.84,16.84,16.84,3.7,-
2-Sep-98,16.86,16.86,16.86,16.86,3.71,-
3-Sep-98,16.78,16.78,16.78,16.78,3.69,-
4-Sep-98,16.71,16.71,16.71,16.71,3.67,-
8-Sep-98,17.16,17.16,17.16,17.16,3.77,-
9-Sep-98,17.01,17.01,17.01,17.01,3.74,-
10-Sep-98,16.81,16.81,16.81,16.81,3.69,-
11-Sep-98,17.07,17.07,17.07,17.07,3.75,-
14-Sep-98,17.31,17.31,17.31,17.31,3.8,-
15-Sep-98,17.36,17.36,17.36,17.36,3.82,-
16-Sep-98,17.47,17.47,17.47,17.47,3.84,-
17-Sep-98,17.22,17.22,17.22,17.22,3.78,-
18-Sep-98,17.25,17.25,17.25,17.25,3.79,-
21-Sep-98,17.27,17.27,17.27,17.27,3.8,-
22-Sep-98,17.31,17.31,17.31,17.31,3.8,-
23-Sep-98,17.71,17.71,17.71,17.71,3.89,-
24-Sep-98,17.47,17.47,17.47,17.47,3.84,-
25-Sep-98,17.49,17.49,17.49,17.49,3.84,-
28-Sep-98,17.53,17.53,17.53,17.53,3.85,-
29-Sep-98,17.55,17.55,17.55,17.55,3.86,-
30-Sep-98,17.29,17.29,17.29,17.29,3.8,-
1-Oct-98,16.96,16.96,16.96,16.96,3.73,-
2-Oct-98,17.14,17.14,17.14,17.14,3.77,-
5-Oct-98,16.96,16.96,16.96,16.96,3.73,-
6-Oct-98,16.92,16.92,16.92,16.92,3.72,-
7-Oct-98,16.71,16.71,16.71,16.71,3.67,-
8-Oct-98,16.47,16.47,16.47,16.47,3.62,-
9-Oct-98,16.74,16.74,16.74,16.74,3.68,-
12-Oct-98,16.89,16.89,16.89,16.89,3.71,-
13-Oct-98,16.84,16.84,16.84,16.84,3.7,-
14-Oct-98,16.96,16.96,16.96,16.96,3.73,-
15-Oct-98,17.41,17.41,17.41,17.41,3.83,-
16-Oct-98,17.59,17.59,17.59,17.59,3.87,-
19-Oct-98,17.7,17.7,17.7,17.7,3.89,-
20-Oct-98,17.8,17.8,17.8,17.8,3.91,-
21-Oct-98,17.77,17.77,17.77,17.77,3.91,-
22-Oct-98,17.86,17.86,17.86,17.86,3.93,-
23-Oct-98,17.77,17.77,17.77,17.77,3.91,-
26-Oct-98,17.82,17.82,17.82,17.82,3.92,-
27-Oct-98,17.78,17.78,17.78,17.78,3.91,-
28-Oct-98,17.79,17.79,17.79,17.79,3.91,-
29-Oct-98,17.97,17.97,17.97,17.97,3.95,-
30-Oct-98,18.14,18.14,18.14,18.14,3.99,-
2-Nov-98,18.27,18.27,18.27,18.27,4.02,-
3-Nov-98,18.25,18.25,18.25,18.25,4.01,-
4-Nov-98,18.38,18.38,18.38,18.38,4.04,-
5-Nov-98,18.54,18.54,18.54,18.54,4.08,-
6-Nov-98,18.59,18.59,18.59,18.59,4.09,-
9-Nov-98,18.49,18.49,18.49,18.49,4.06,-
10-Nov-98,18.4,18.4,18.4,18.4,4.04,-
11-Nov-98,18.31,18.31,18.31,18.31,4.02,-
12-Nov-98,18.27,18.27,18.27,18.27,4.02,-
13-Nov-98,18.36,18.36,18.36,18.36,4.04,-
16-Nov-98,18.43,18.43,18.43,18.43,4.05,-
17-Nov-98,18.49,18.49,18.49,18.49,4.06,-
18-Nov-98,18.53,18.53,18.53,18.53,4.07,-
19-Nov-98,18.6,18.6,18.6,18.6,4.09,-
20-Nov-98,18.71,18.71,18.71,18.71,4.11,-
23-Nov-98,18.9,18.9,18.9,18.9,4.15,-
24-Nov-98,18.89,18.89,18.89,18.89,4.15,-
25-Nov-98,18.92,18.92,18.92,18.92,4.16,-
27-Nov-98,18.98,18.98,18.98,18.98,4.17,-
30-Nov-98,18.72,18.72,18.72,18.72,4.11,-
1-Dec-98,18.77,18.77,18.77,18.77,4.13,-
2-Dec-98,18.76,18.76,18.76,18.76,4.12,-
3-Dec-98,18.6,18.6,18.6,18.6,4.09,-
4-Dec-98,18.8,18.8,18.8,18.8,4.13,-
7-Dec-98,18.89,18.89,18.89,18.89,4.15,-
8-Dec-98,18.84,18.84,18.84,18.84,4.14,-
9-Dec-98,18.86,18.86,18.86,18.86,4.15,-
10-Dec-98,18.68,18.68,18.68,18.68,4.11,-
11-Dec-98,18.62,18.62,18.62,18.62,4.09,-
14-Dec-98,18.41,18.41,18.41,18.41,4.05,-
15-Dec-98,18.54,18.54,18.54,18.54,4.08,-
16-Dec-98,18.56,18.56,18.56,18.56,4.08,-
17-Dec-98,18.75,18.75,18.75,18.75,4.12,-
18-Dec-98,18.83,18.83,18.83,18.83,4.14,-
21-Dec-98,18.93,18.93,18.93,18.93,4.16,-
22-Dec-98,18.88,18.88,18.88,18.88,4.15,-
23-Dec-98,19.04,19.04,19.04,19.04,4.18,-
24-Dec-98,19.04,19.04,19.04,19.04,4.18,-
28-Dec-98,19.07,19.07,19.07,19.07,4.19,-
29-Dec-98,17.9,17.9,17.9,17.9,4.22,-
30-Dec-98,17.91,17.91,17.91,17.91,4.23,-
31-Dec-98,17.96,17.96,17.96,17.96,4.24,-
4-Jan-99,17.96,17.96,17.96,17.96,4.24,-
5-Jan-99,18.09,18.09,18.09,18.09,4.27,-
6-Jan-99,18.36,18.36,18.36,18.36,4.33,-
7-Jan-99,18.36,18.36,18.36,18.36,4.33,-
8-Jan-99,18.43,18.43,18.43,18.43,4.35,-
11-Jan-99,18.4,18.4,18.4,18.4,4.34,-
12-Jan-99,18.21,18.21,18.21,18.21,4.3,-
13-Jan-99,18.13,18.13,18.13,18.13,4.28,-
14-Jan-99,17.93,17.93,17.93,17.93,4.23,-
15-Jan-99,18.16,18.16,18.16,18.16,4.29,-
19-Jan-99,18.21,18.21,18.21,18.21,4.3,-
20-Jan-99,18.2,18.2,18.2,18.2,4.3,-
21-Jan-99,18.05,18.05,18.05,18.05,4.26,-
22-Jan-99,17.96,17.96,17.96,17.96,4.24,-
25-Jan-99,18,18.0,18.0,18.0,4.25,-
26-Jan-99,18.08,18.08,18.08,18.08,4.27,-
27-Jan-99,17.97,17.97,17.97,17.97,4.24,-
28-Jan-99,18.11,18.11,18.11,18.11,4.27,-
29-Jan-99,18.22,18.22,18.22,18.22,4.3,-
1-Feb-99,18.14,18.14,18.14,18.14,4.28,-
2-Feb-99,18.04,18.04,18.04,18.04,4.26,-
3-Feb-99,18.15,18.15,18.15,18.15,4.28,-
4-Feb-99,17.98,17.98,17.98,17.98,4.24,-
5-Feb-99,17.92,17.92,17.92,17.92,4.23,-
8-Feb-99,17.95,17.95,17.95,17.95,4.24,-
9-Feb-99,17.73,17.73,17.73,17.73,4.18,-
10-Feb-99,17.75,17.75,17.75,17.75,4.19,-
11-Feb-99,17.96,17.96,17.96,17.96,4.24,-
12-Feb-99,17.75,17.75,17.75,17.75,4.19,-
16-Feb-99,17.82,17.82,17.82,17.82,4.21,-
17-Feb-99,17.69,17.69,17.69,17.69,4.18,-
18-Feb-99,17.79,17.79,17.79,17.79,4.2,-
19-Feb-99,17.78,17.78,17.78,17.78,4.2,-
22-Feb-99,18.04,18.04,18.04,18.04,4.26,-
23-Feb-99,18.02,18.02,18.02,18.02,4.25,-
24-Feb-99,17.89,17.89,17.89,17.89,4.22,-
25-Feb-99,17.79,17.79,17.79,17.79,4.2,-
26-Feb-99,17.76,17.76,17.76,17.76,4.19,-
1-Mar-99,17.76,17.76,17.76,17.76,4.19,-
2-Mar-99,17.71,17.71,17.71,17.71,4.18,-
3-Mar-99,17.71,17.71,17.71,17.71,4.18,-
4-Mar-99,17.84,17.84,17.84,17.84,4.21,-
5-Mar-99,18.07,18.07,18.07,18.07,4.26,-
8-Mar-99,18.12,18.12,18.12,18.12,4.28,-
9-Mar-99,18.1,18.1,18.1,18.1,4.27,-
10-Mar-99,18.21,18.21,18.21,18.21,4.3,-
11-Mar-99,18.26,18.26,18.26,18.26,4.31,-
12-Mar-99,18.24,18.24,18.24,18.24,4.3,-
15-Mar-99,18.33,18.33,18.33,18.33,4.33,-
16-Mar-99,18.31,18.31,18.31,18.31,4.32,-
17-Mar-99,18.3,18.3,18.3,18.3,4.32,-
18-Mar-99,18.43,18.43,18.43,18.43,4.35,-
19-Mar-99,18.29,18.29,18.29,18.29,4.32,-
22-Mar-99,18.27,18.27,18.27,18.27,4.31,-
23-Mar-99,17.99,17.99,17.99,17.99,4.25,-
24-Mar-99,18.06,18.06,18.06,18.06,4.26,-
25-Mar-99,18.21,18.21,18.21,18.21,4.3,-
26-Mar-99,18.18,18.18,18.18,18.18,4.29,-
29-Mar-99,18.38,18.38,18.38,18.38,4.34,-
30-Mar-99,18.29,18.29,18.29,18.29,4.32,-
31-Mar-99,18.21,18.21,18.21,18.21,4.3,-
1-Apr-99,18.23,18.23,18.23,18.23,4.3,-
5-Apr-99,18.42,18.42,18.42,18.42,4.35,-
6-Apr-99,18.39,18.39,18.39,18.39,4.34,-
7-Apr-99,18.47,18.47,18.47,18.47,4.36,-
8-Apr-99,18.61,18.61,18.61,18.61,4.39,-
9-Apr-99,18.68,18.68,18.68,18.68,4.41,-
12-Apr-99,18.8,18.8,18.8,18.8,4.44,-
13-Apr-99,18.78,18.78,18.78,18.78,4.43,-
14-Apr-99,18.74,18.74,18.74,18.74,4.42,-
15-Apr-99,18.78,18.78,18.78,18.78,4.43,-
16-Apr-99,18.87,18.87,18.87,18.87,4.45,-
19-Apr-99,18.83,18.83,18.83,18.83,4.44,-
20-Apr-99,18.89,18.89,18.89,18.89,4.46,-
21-Apr-99,19.08,19.08,19.08,19.08,4.5,-
22-Apr-99,19.18,19.18,19.18,19.18,4.53,-
23-Apr-99,19.12,19.12,19.12,19.12,4.51,-
26-Apr-99,19.08,19.08,19.08,19.08,4.5,-
27-Apr-99,19.17,19.17,19.17,19.17,4.52,-
28-Apr-99,19.19,19.19,19.19,19.19,4.53,-
29-Apr-99,19.25,19.25,19.25,19.25,4.54,-
30-Apr-99,19.14,19.14,19.14,19.14,4.52,-
3-May-99,19.36,19.36,19.36,19.36,4.57,-
4-May-99,19.21,19.21,19.21,19.21,4.53,-
5-May-99,19.32,19.32,19.32,19.32,4.56,-
6-May-99,19.22,19.22,19.22,19.22,4.54,-
7-May-99,19.31,19.31,19.31,19.31,4.56,-
10-May-99,19.32,19.32,19.32,19.32,4.56,-
11-May-99,19.42,19.42,19.42,19.42,4.58,-
12-May-99,19.46,19.46,19.46,19.46,4.59,-
13-May-99,19.53,19.53,19.53,19.53,4.61,-
14-May-99,19.25,19.25,19.25,19.25,4.54,-
17-May-99,19.2,19.2,19.2,19.2,4.53,-
18-May-99,19.15,19.15,19.15,19.15,4.52,-
19-May-99,19.26,19.26,19.26,19.26,4.55,-
20-May-99,19.26,19.26,19.26,19.26,4.55,-
21-May-99,19.24,19.24,19.24,19.24,4.54,-
24-May-99,19.04,19.04,19.04,19.04,4.49,-
25-May-99,18.87,18.87,18.87,18.87,4.45,-
26-May-99,19,19.0,19.0,19.0,4.48,-
27-May-99,18.79,18.79,18.79,18.79,4.43,-
28-May-99,18.92,18.92,18.92,18.92,4.47,-
1-Jun-99,18.88,18.88,18.88,18.88,4.46,-
2-Jun-99,18.88,18.88,18.88,18.88,4.46,-
3-Jun-99,18.93,18.93,18.93,18.93,4.47,-
4-Jun-99,19.09,19.09,19.09,19.09,4.51,-
7-Jun-99,19.21,19.21,19.21,19.21,4.53,-
8-Jun-99,19.11,19.11,19.11,19.11,4.51,-
9-Jun-99,19.11,19.11,19.11,19.11,4.51,-
10-Jun-99,19.01,19.01,19.01,19.01,4.49,-
11-Jun-99,18.95,18.95,18.95,18.95,4.47,-
14-Jun-99,18.97,18.97,18.97,18.97,4.48,-
15-Jun-99,19.03,19.03,19.03,19.03,4.49,-
16-Jun-99,19.2,19.2,19.2,19.2,4.53,-
17-Jun-99,19.3,19.3,19.3,19.3,4.56,-
18-Jun-99,19.32,19.32,19.32,19.32,4.56,-
21-Jun-99,19.3,19.3,19.3,19.3,4.56,-
22-Jun-99,19.16,19.16,19.16,19.16,4.52,-
23-Jun-99,19.1,19.1,19.1,19.1,4.51,-
24-Jun-99,18.91,18.91,18.91,18.91,4.46,-
25-Jun-99,18.67,18.67,18.67,18.67,4.47,-
28-Jun-99,18.81,18.81,18.81,18.81,4.5,-
29-Jun-99,18.94,18.94,18.94,18.94,4.53,-
30-Jun-99,19.09,19.09,19.09,19.09,4.57,-
1-Jul-99,19.18,19.18,19.18,19.18,4.59,-
2-Jul-99,19.26,19.26,19.26,19.26,4.61,-
6-Jul-99,19.23,19.23,19.23,19.23,4.6,-
7-Jul-99,19.19,19.19,19.19,19.19,4.59,-
8-Jul-99,19.21,19.21,19.21,19.21,4.6,-
9-Jul-99,19.26,19.26,19.26,19.26,4.61,-
12-Jul-99,19.27,19.27,19.27,19.27,4.61,-
13-Jul-99,19.22,19.22,19.22,19.22,4.6,-
14-Jul-99,19.27,19.27,19.27,19.27,4.61,-
15-Jul-99,19.36,19.36,19.36,19.36,4.63,-
16-Jul-99,19.41,19.41,19.41,19.41,4.64,-
19-Jul-99,19.34,19.34,19.34,19.34,4.63,-
20-Jul-99,19.13,19.13,19.13,19.13,4.58,-
21-Jul-99,19.11,19.11,19.11,19.11,4.57,-
22-Jul-99,18.98,18.98,18.98,18.98,4.54,-
23-Jul-99,18.91,18.91,18.91,18.91,4.53,-
26-Jul-99,18.85,18.85,18.85,18.85,4.51,-
27-Jul-99,18.96,18.96,18.96,18.96,4.54,-
28-Jul-99,18.98,18.98,18.98,18.98,4.54,-
29-Jul-99,18.77,18.77,18.77,18.77,4.49,-
30-Jul-99,18.69,18.69,18.69,18.69,4.47,-
2-Aug-99,18.69,18.69,18.69,18.69,4.47,-
3-Aug-99,18.62,18.62,18.62,18.62,4.46,-
4-Aug-99,18.48,18.48,18.48,18.48,4.42,-
5-Aug-99,18.53,18.53,18.53,18.53,4.43,-
6-Aug-99,18.4,18.4,18.4,18.4,4.4,-
9-Aug-99,18.4,18.4,18.4,18.4,4.4,-
10-Aug-99,18.25,18.25,18.25,18.25,4.37,-
11-Aug-99,18.42,18.42,18.42,18.42,4.41,-
12-Aug-99,18.39,18.39,18.39,18.39,4.4,-
13-Aug-99,18.63,18.63,18.63,18.63,4.46,-
16-Aug-99,18.64,18.64,18.64,18.64,4.46,-
17-Aug-99,18.78,18.78,18.78,18.78,4.49,-
18-Aug-99,18.7,18.7,18.7,18.7,4.47,-
19-Aug-99,18.62,18.62,18.62,18.62,4.46,-
20-Aug-99,18.73,18.73,18.73,18.73,4.48,-
23-Aug-99,18.89,18.89,18.89,18.89,4.52,-
24-Aug-99,18.89,18.89,18.89,18.89,4.52,-
25-Aug-99,18.98,18.98,18.98,18.98,4.54,-
26-Aug-99,18.82,18.82,18.82,18.82,4.5,-
27-Aug-99,18.68,18.68,18.68,18.68,4.47,-
30-Aug-99,18.43,18.43,18.43,18.43,4.41,-
31-Aug-99,18.4,18.4,18.4,18.4,4.4,-
1-Sep-99,18.51,18.51,18.51,18.51,4.43,-
2-Sep-99,18.36,18.36,18.36,18.36,4.39,-
3-Sep-99,18.69,18.69,18.69,18.69,4.47,-
7-Sep-99,18.63,18.63,18.63,18.63,4.46,-
8-Sep-99,18.6,18.6,18.6,18.6,4.45,-
9-Sep-99,18.62,18.62,18.62,18.62,4.46,-
10-Sep-99,18.67,18.67,18.67,18.67,4.47,-
13-Sep-99,18.62,18.62,18.62,18.62,4.46,-
14-Sep-99,18.53,18.53,18.53,18.53,4.43,-
15-Sep-99,18.43,18.43,18.43,18.43,4.41,-
16-Sep-99,18.37,18.37,18.37,18.37,4.4,-
17-Sep-99,18.47,18.47,18.47,18.47,4.42,-
20-Sep-99,18.43,18.43,18.43,18.43,4.41,-
21-Sep-99,18.18,18.18,18.18,18.18,4.35,-
22-Sep-99,18.19,18.19,18.19,18.19,4.35,-
23-Sep-99,18.01,18.01,18.01,18.01,4.31,-
24-Sep-99,17.98,17.98,17.98,17.98,4.3,-
27-Sep-99,17.99,17.99,17.99,17.99,4.31,-
28-Sep-99,17.91,17.91,17.91,17.91,4.29,-
29-Sep-99,17.86,17.86,17.86,17.86,4.27,-
30-Sep-99,17.99,17.99,17.99,17.99,4.31,-
1-Oct-99,17.91,17.91,17.91,17.91,4.29,-
4-Oct-99,18.1,18.1,18.1,18.1,4.33,-
5-Oct-99,18.02,18.02,18.02,18.02,4.31,-
6-Oct-99,18.16,18.16,18.16,18.16,4.35,-
7-Oct-99,18.09,18.09,18.09,18.09,4.33,-
8-Oct-99,18.14,18.14,18.14,18.14,4.34,-
11-Oct-99,18.17,18.17,18.17,18.17,4.35,-
12-Oct-99,17.98,17.98,17.98,17.98,4.3,-
13-Oct-99,17.78,17.78,17.78,17.78,4.25,-
14-Oct-99,17.74,17.74,17.74,17.74,4.25,-
15-Oct-99,17.48,17.48,17.48,17.48,4.18,-
18-Oct-99,17.5,17.5,17.5,17.5,4.19,-
19-Oct-99,17.55,17.55,17.55,17.55,4.2,-
20-Oct-99,17.68,17.68,17.68,17.68,4.23,-
21-Oct-99,17.64,17.64,17.64,17.64,4.22,-
22-Oct-99,17.84,17.84,17.84,17.84,4.27,-
25-Oct-99,17.8,17.8,17.8,17.8,4.26,-
26-Oct-99,17.69,17.69,17.69,17.69,4.23,-
27-Oct-99,17.85,17.85,17.85,17.85,4.27,-
28-Oct-99,18.22,18.22,18.22,18.22,4.36,-
29-Oct-99,18.45,18.45,18.45,18.45,4.42,-
1-Nov-99,18.39,18.39,18.39,18.39,4.4,-
2-Nov-99,18.39,18.39,18.39,18.39,4.4,-
3-Nov-99,18.44,18.44,18.44,18.44,4.41,-
4-Nov-99,18.52,18.52,18.52,18.52,4.43,-
5-Nov-99,18.6,18.6,18.6,18.6,4.45,-
8-Nov-99,18.65,18.65,18.65,18.65,4.46,-
9-Nov-99,18.59,18.59,18.59,18.59,4.45,-
10-Nov-99,18.62,18.62,18.62,18.62,4.46,-
11-Nov-99,18.61,18.61,18.61,18.61,4.45,-
12-Nov-99,18.79,18.79,18.79,18.79,4.5,-
15-Nov-99,18.82,18.82,18.82,18.82,4.5,-
16-Nov-99,18.99,18.99,18.99,18.99,4.54,-
17-Nov-99,18.9,18.9,18.9,18.9,4.52,-
18-Nov-99,18.95,18.95,18.95,18.95,4.53,-
19-Nov-99,18.9,18.9,18.9,18.9,4.52,-
22-Nov-99,18.86,18.86,18.86,18.86,4.51,-
23-Nov-99,18.7,18.7,18.7,18.7,4.47,-
24-Nov-99,18.74,18.74,18.74,18.74,4.48,-
26-Nov-99,18.76,18.76,18.76,18.76,4.49,-
29-Nov-99,18.65,18.65,18.65,18.65,4.46,-
30-Nov-99,18.61,18.61,18.61,18.61,4.45,-
1-Dec-99,18.63,18.63,18.63,18.63,4.46,-
2-Dec-99,18.68,18.68,18.68,18.68,4.47,-
3-Dec-99,18.87,18.87,18.87,18.87,4.52,-
6-Dec-99,18.8,18.8,18.8,18.8,4.5,-
7-Dec-99,18.7,18.7,18.7,18.7,4.47,-
8-Dec-99,18.65,18.65,18.65,18.65,4.46,-
9-Dec-99,18.64,18.64,18.64,18.64,4.46,-
10-Dec-99,18.69,18.69,18.69,18.69,4.47,-
13-Dec-99,18.65,18.65,18.65,18.65,4.46,-
14-Dec-99,18.51,18.51,18.51,18.51,4.43,-
15-Dec-99,18.54,18.54,18.54,18.54,4.44,-
16-Dec-99,18.54,18.54,18.54,18.54,4.44,-
17-Dec-99,18.54,18.54,18.54,18.54,4.44,-
20-Dec-99,18.47,18.47,18.47,18.47,4.42,-
21-Dec-99,17.82,17.82,17.82,17.82,4.44,-
22-Dec-99,17.84,17.84,17.84,17.84,4.45,-
23-Dec-99,18.03,18.03,18.03,18.03,4.5,-
27-Dec-99,18,18.0,18.0,18.0,4.49,-
28-Dec-99,18.06,18.06,18.06,18.06,4.5,-
29-Dec-99,18.15,18.15,18.15,18.15,4.53,-
30-Dec-99,18.17,18.17,18.17,18.17,4.53,-
31-Dec-99,18.21,18.21,18.21,18.21,4.54,-
3-Jan-00,18.03,18.03,18.03,18.03,4.5,-
4-Jan-00,17.71,17.71,17.71,17.71,4.42,-
5-Jan-00,17.72,17.72,17.72,17.72,4.42,-
6-Jan-00,17.83,17.83,17.83,17.83,4.45,-
7-Jan-00,18.12,18.12,18.12,18.12,4.52,-
10-Jan-00,18.18,18.18,18.18,18.18,4.53,-
11-Jan-00,18.01,18.01,18.01,18.01,4.49,-
12-Jan-00,17.99,17.99,17.99,17.99,4.49,-
13-Jan-00,18.16,18.16,18.16,18.16,4.53,-
14-Jan-00,18.25,18.25,18.25,18.25,4.55,-
18-Jan-00,18.17,18.17,18.17,18.17,4.53,-
19-Jan-00,18.16,18.16,18.16,18.16,4.53,-
20-Jan-00,18.06,18.06,18.06,18.06,4.5,-
21-Jan-00,18.07,18.07,18.07,18.07,4.51,-
24-Jan-00,17.83,17.83,17.83,17.83,4.45,-
25-Jan-00,17.81,17.81,17.81,17.81,4.44,-
26-Jan-00,17.85,17.85,17.85,17.85,4.45,-
27-Jan-00,17.83,17.83,17.83,17.83,4.45,-
28-Jan-00,17.59,17.59,17.59,17.59,4.39,-
31-Jan-00,17.75,17.75,17.75,17.75,4.43,-
1-Feb-00,17.86,17.86,17.86,17.86,4.45,-
2-Feb-00,17.89,17.89,17.89,17.89,4.46,-
3-Feb-00,18.02,18.02,18.02,18.02,4.49,-
4-Feb-00,17.95,17.95,17.95,17.95,4.48,-
7-Feb-00,17.94,17.94,17.94,17.94,4.47,-
8-Feb-00,18.06,18.06,18.06,18.06,4.5,-
9-Feb-00,17.82,17.82,17.82,17.82,4.44,-
10-Feb-00,17.82,17.82,17.82,17.82,4.44,-
11-Feb-00,17.67,17.67,17.67,17.67,4.41,-
14-Feb-00,17.7,17.7,17.7,17.7,4.41,-
15-Feb-00,17.78,17.78,17.78,17.78,4.43,-
16-Feb-00,17.74,17.74,17.74,17.74,4.42,-
17-Feb-00,17.76,17.76,17.76,17.76,4.43,-
18-Feb-00,17.5,17.5,17.5,17.5,4.37,-
22-Feb-00,17.58,17.58,17.58,17.58,4.38,-
23-Feb-00,17.55,17.55,17.55,17.55,4.38,-
24-Feb-00,17.54,17.54,17.54,17.54,4.37,-
25-Feb-00,17.45,17.45,17.45,17.45,4.35,-
28-Feb-00,17.55,17.55,17.55,17.55,4.38,-
29-Feb-00,17.74,17.74,17.74,17.74,4.42,-
1-Mar-00,17.89,17.89,17.89,17.89,4.46,-
2-Mar-00,17.89,17.89,17.89,17.89,4.46,-
3-Mar-00,18.09,18.09,18.09,18.09,4.51,-
6-Mar-00,17.95,17.95,17.95,17.95,4.48,-
7-Mar-00,17.76,17.76,17.76,17.76,4.43,-
8-Mar-00,17.78,17.78,17.78,17.78,4.43,-
9-Mar-00,17.96,17.96,17.96,17.96,4.48,-
10-Mar-00,17.92,17.92,17.92,17.92,4.47,-
13-Mar-00,17.84,17.84,17.84,17.84,4.45,-
14-Mar-00,17.67,17.67,17.67,17.67,4.41,-
15-Mar-00,17.95,17.95,17.95,17.95,4.48,-
16-Mar-00,18.54,18.54,18.54,18.54,4.62,-
17-Mar-00,18.5,18.5,18.5,18.5,4.61,-
20-Mar-00,18.37,18.37,18.37,18.37,4.58,-
21-Mar-00,18.63,18.63,18.63,18.63,4.65,-
22-Mar-00,18.69,18.69,18.69,18.69,4.66,-
23-Mar-00,18.88,18.88,18.88,18.88,4.71,-
24-Mar-00,17.87,17.87,17.87,17.87,4.7,-
27-Mar-00,17.84,17.84,17.84,17.84,4.7,-
28-Mar-00,17.75,17.75,17.75,17.75,4.67,-
29-Mar-00,17.77,17.77,17.77,17.77,4.68,-
30-Mar-00,17.76,17.76,17.76,17.76,4.68,-
31-Mar-00,17.91,17.91,17.91,17.91,4.71,-
3-Apr-00,18.03,18.03,18.03,18.03,4.75,-
4-Apr-00,17.92,17.92,17.92,17.92,4.72,-
5-Apr-00,17.91,17.91,17.91,17.91,4.71,-
6-Apr-00,18.02,18.02,18.02,18.02,4.74,-
7-Apr-00,18.05,18.05,18.05,18.05,4.75,-
10-Apr-00,18,18.0,18.0,18.0,4.74,-
11-Apr-00,18.04,18.04,18.04,18.04,4.75,-
12-Apr-00,17.92,17.92,17.92,17.92,4.72,-
13-Apr-00,17.83,17.83,17.83,17.83,4.69,-
14-Apr-00,17.23,17.23,17.23,17.23,4.54,-
17-Apr-00,17.38,17.38,17.38,17.38,4.57,-
18-Apr-00,17.62,17.62,17.62,17.62,4.64,-
19-Apr-00,17.6,17.6,17.6,17.6,4.63,-
20-Apr-00,17.69,17.69,17.69,17.69,4.66,-
24-Apr-00,17.71,17.71,17.71,17.71,4.66,-
25-Apr-00,18,18.0,18.0,18.0,4.74,-
26-Apr-00,17.91,17.91,17.91,17.91,4.71,-
27-Apr-00,17.85,17.85,17.85,17.85,4.7,-
28-Apr-00,17.8,17.8,17.8,17.8,4.69,-
1-May-00,17.93,17.93,17.93,17.93,4.72,-
2-May-00,17.81,17.81,17.81,17.81,4.69,-
3-May-00,17.56,17.56,17.56,17.56,4.62,-
4-May-00,17.56,17.56,17.56,17.56,4.62,-
5-May-00,17.67,17.67,17.67,17.67,4.65,-
8-May-00,17.67,17.67,17.67,17.67,4.65,-
9-May-00,17.63,17.63,17.63,17.63,4.64,-
10-May-00,17.47,17.47,17.47,17.47,4.6,-
11-May-00,17.7,17.7,17.7,17.7,4.66,-
12-May-00,17.76,17.76,17.76,17.76,4.68,-
15-May-00,17.97,17.97,17.97,17.97,4.73,-
16-May-00,18.06,18.06,18.06,18.06,4.75,-
17-May-00,17.93,17.93,17.93,17.93,4.72,-
18-May-00,17.89,17.89,17.89,17.89,4.71,-
19-May-00,17.73,17.73,17.73,17.73,4.67,-
22-May-00,17.71,17.71,17.71,17.71,4.66,-
23-May-00,17.64,17.64,17.64,17.64,4.64,-
24-May-00,17.73,17.73,17.73,17.73,4.67,-
25-May-00,17.62,17.62,17.62,17.62,4.64,-
26-May-00,17.62,17.62,17.62,17.62,4.64,-
30-May-00,17.86,17.86,17.86,17.86,4.7,-
31-May-00,17.93,17.93,17.93,17.93,4.72,-
1-Jun-00,18.17,18.17,18.17,18.17,4.78,-
2-Jun-00,18.36,18.36,18.36,18.36,4.83,-
5-Jun-00,18.29,18.29,18.29,18.29,4.81,-
6-Jun-00,18.23,18.23,18.23,18.23,4.8,-
7-Jun-00,18.29,18.29,18.29,18.29,4.81,-
8-Jun-00,18.21,18.21,18.21,18.21,4.79,-
9-Jun-00,18.17,18.17,18.17,18.17,4.78,-
12-Jun-00,18.16,18.16,18.16,18.16,4.78,-
13-Jun-00,18.25,18.25,18.25,18.25,4.8,-
14-Jun-00,18.28,18.28,18.28,18.28,4.81,-
15-Jun-00,18.24,18.24,18.24,18.24,4.8,-
16-Jun-00,18.14,18.14,18.14,18.14,4.78,-
19-Jun-00,18.23,18.23,18.23,18.23,4.8,-
20-Jun-00,18.15,18.15,18.15,18.15,4.78,-
21-Jun-00,18.12,18.12,18.12,18.12,4.77,-
22-Jun-00,17.93,17.93,17.93,17.93,4.72,-
23-Jun-00,17.59,17.59,17.59,17.59,4.7,-
26-Jun-00,17.66,17.66,17.66,17.66,4.72,-
27-Jun-00,17.66,17.66,17.66,17.66,4.72,-
28-Jun-00,17.69,17.69,17.69,17.69,4.73,-
29-Jun-00,17.68,17.68,17.68,17.68,4.73,-
30-Jun-00,17.61,17.61,17.61,17.61,4.71,-
3-Jul-00,17.81,17.81,17.81,17.81,4.76,-
5-Jul-00,17.68,17.68,17.68,17.68,4.73,-
6-Jul-00,17.75,17.75,17.75,17.75,4.75,-
7-Jul-00,17.91,17.91,17.91,17.91,4.79,-
10-Jul-00,17.91,17.91,17.91,17.91,4.79,-
11-Jul-00,18.02,18.02,18.02,18.02,4.82,-
12-Jul-00,18.08,18.08,18.08,18.08,4.83,-
13-Jul-00,18.1,18.1,18.1,18.1,4.84,-
14-Jul-00,18.15,18.15,18.15,18.15,4.85,-
17-Jul-00,18.1,18.1,18.1,18.1,4.84,-
18-Jul-00,18.01,18.01,18.01,18.01,4.82,-
19-Jul-00,17.94,17.94,17.94,17.94,4.8,-
20-Jul-00,18.08,18.08,18.08,18.08,4.83,-
21-Jul-00,17.95,17.95,17.95,17.95,4.8,-
24-Jul-00,17.84,17.84,17.84,17.84,4.77,-
25-Jul-00,17.92,17.92,17.92,17.92,4.79,-
26-Jul-00,17.8,17.8,17.8,17.8,4.76,-
27-Jul-00,17.8,17.8,17.8,17.8,4.76,-
28-Jul-00,17.64,17.64,17.64,17.64,4.72,-
31-Jul-00,17.73,17.73,17.73,17.73,4.74,-
1-Aug-00,17.82,17.82,17.82,17.82,4.77,-
2-Aug-00,17.87,17.87,17.87,17.87,4.78,-
3-Aug-00,17.96,17.96,17.96,17.96,4.8,-
4-Aug-00,18.08,18.08,18.08,18.08,4.83,-
7-Aug-00,18.21,18.21,18.21,18.21,4.87,-
8-Aug-00,18.26,18.26,18.26,18.26,4.88,-
9-Aug-00,18.23,18.23,18.23,18.23,4.87,-
10-Aug-00,18.18,18.18,18.18,18.18,4.86,-
11-Aug-00,18.27,18.27,18.27,18.27,4.89,-
14-Aug-00,18.41,18.41,18.41,18.41,4.92,-
15-Aug-00,18.35,18.35,18.35,18.35,4.91,-
16-Aug-00,18.36,18.36,18.36,18.36,4.91,-
17-Aug-00,18.46,18.46,18.46,18.46,4.94,-
18-Aug-00,18.42,18.42,18.42,18.42,4.93,-
21-Aug-00,18.44,18.44,18.44,18.44,4.93,-
22-Aug-00,18.48,18.48,18.48,18.48,4.94,-
23-Aug-00,18.53,18.53,18.53,18.53,4.96,-
24-Aug-00,18.55,18.55,18.55,18.55,4.96,-
25-Aug-00,18.55,18.55,18.55,18.55,4.96,-
28-Aug-00,18.58,18.58,18.58,18.58,4.97,-
29-Aug-00,18.54,18.54,18.54,18.54,4.96,-
30-Aug-00,18.52,18.52,18.52,18.52,4.95,-
31-Aug-00,18.65,18.65,18.65,18.65,4.99,-
1-Sep-00,18.73,18.73,18.73,18.73,5.01,-
5-Sep-00,18.7,18.7,18.7,18.7,5.0,-
6-Sep-00,18.71,18.71,18.71,18.71,5.0,-
7-Sep-00,18.71,18.71,18.71,18.71,5.0,-
8-Sep-00,18.68,18.68,18.68,18.68,5.0,-
11-Sep-00,18.71,18.71,18.71,18.71,5.0,-
12-Sep-00,18.67,18.67,18.67,18.67,4.99,-
13-Sep-00,18.68,18.68,18.68,18.68,5.0,-
14-Sep-00,18.67,18.67,18.67,18.67,4.99,-
15-Sep-00,18.59,18.59,18.59,18.59,4.97,-
18-Sep-00,18.4,18.4,18.4,18.4,4.92,-
19-Sep-00,18.44,18.44,18.44,18.44,4.93,-
20-Sep-00,18.32,18.32,18.32,18.32,4.9,-
21-Sep-00,18.27,18.27,18.27,18.27,4.89,-
22-Sep-00,18.35,18.35,18.35,18.35,4.91,-
25-Sep-00,18.31,18.31,18.31,18.31,4.9,-
26-Sep-00,18.29,18.29,18.29,18.29,4.89,-
27-Sep-00,18.32,18.32,18.32,18.32,4.9,-
28-Sep-00,18.58,18.58,18.58,18.58,4.97,-
29-Sep-00,18.51,18.51,18.51,18.51,4.95,-
2-Oct-00,18.54,18.54,18.54,18.54,4.96,-
3-Oct-00,18.48,18.48,18.48,18.48,4.94,-
4-Oct-00,18.46,18.46,18.46,18.46,4.94,-
5-Oct-00,18.45,18.45,18.45,18.45,4.93,-
6-Oct-00,18.26,18.26,18.26,18.26,4.88,-
9-Oct-00,18.25,18.25,18.25,18.25,4.88,-
10-Oct-00,18.17,18.17,18.17,18.17,4.86,-
11-Oct-00,18.03,18.03,18.03,18.03,4.82,-
12-Oct-00,17.81,17.81,17.81,17.81,4.76,-
13-Oct-00,18.05,18.05,18.05,18.05,4.83,-
16-Oct-00,18.09,18.09,18.09,18.09,4.84,-
17-Oct-00,17.92,17.92,17.92,17.92,4.79,-
18-Oct-00,17.84,17.84,17.84,17.84,4.77,-
19-Oct-00,18.12,18.12,18.12,18.12,4.85,-
20-Oct-00,18.19,18.19,18.19,18.19,4.86,-
23-Oct-00,18.22,18.22,18.22,18.22,4.87,-
24-Oct-00,18.26,18.26,18.26,18.26,4.88,-
25-Oct-00,18.04,18.04,18.04,18.04,4.82,-
26-Oct-00,18.02,18.02,18.02,18.02,4.82,-
27-Oct-00,18.14,18.14,18.14,18.14,4.85,-
30-Oct-00,18.38,18.38,18.38,18.38,4.91,-
31-Oct-00,18.57,18.57,18.57,18.57,4.97,-
1-Nov-00,18.57,18.57,18.57,18.57,4.97,-
2-Nov-00,18.61,18.61,18.61,18.61,4.98,-
3-Nov-00,18.54,18.54,18.54,18.54,4.96,-
6-Nov-00,18.58,18.58,18.58,18.58,4.97,-
7-Nov-00,18.59,18.59,18.59,18.59,4.97,-
8-Nov-00,18.53,18.53,18.53,18.53,4.96,-
9-Nov-00,18.46,18.46,18.46,18.46,4.94,-
10-Nov-00,18.27,18.27,18.27,18.27,4.89,-
13-Nov-00,18.2,18.2,18.2,18.2,4.87,-
14-Nov-00,18.37,18.37,18.37,18.37,4.91,-
15-Nov-00,18.45,18.45,18.45,18.45,4.93,-
16-Nov-00,18.36,18.36,18.36,18.36,4.91,-
17-Nov-00,18.3,18.3,18.3,18.3,4.89,-
20-Nov-00,18.1,18.1,18.1,18.1,4.84,-
21-Nov-00,18.11,18.11,18.11,18.11,4.84,-
22-Nov-00,17.96,17.96,17.96,17.96,4.8,-
24-Nov-00,18.11,18.11,18.11,18.11,4.84,-
27-Nov-00,18.15,18.15,18.15,18.15,4.85,-
28-Nov-00,18.07,18.07,18.07,18.07,4.83,-
29-Nov-00,18.12,18.12,18.12,18.12,4.85,-
30-Nov-00,18.02,18.02,18.02,18.02,4.82,-
1-Dec-00,18.09,18.09,18.09,18.09,4.84,-
4-Dec-00,18.17,18.17,18.17,18.17,4.86,-
5-Dec-00,18.55,18.55,18.55,18.55,4.96,-
6-Dec-00,18.43,18.43,18.43,18.43,4.93,-
7-Dec-00,18.39,18.39,18.39,18.39,4.92,-
8-Dec-00,18.62,18.62,18.62,18.62,4.98,-
11-Dec-00,18.74,18.74,18.74,18.74,5.01,-
12-Dec-00,18.69,18.69,18.69,18.69,5.0,-
13-Dec-00,18.64,18.64,18.64,18.64,4.98,-
14-Dec-00,18.47,18.47,18.47,18.47,4.94,-
15-Dec-00,18.34,18.34,18.34,18.34,4.9,-
18-Dec-00,18.52,18.52,18.52,18.52,4.95,-
19-Dec-00,18.44,18.44,18.44,18.44,4.93,-
20-Dec-00,18.21,18.21,18.21,18.21,4.87,-
21-Dec-00,18.29,18.29,18.29,18.29,4.89,-
22-Dec-00,17.56,17.56,17.56,17.56,4.97,-
26-Dec-00,17.67,17.67,17.67,17.67,5.0,-
27-Dec-00,17.83,17.83,17.83,17.83,5.05,-
28-Dec-00,17.92,17.92,17.92,17.92,5.07,-
29-Dec-00,17.81,17.81,17.81,17.81,5.04,-
2-Jan-01,17.6,17.6,17.6,17.6,4.98,-
3-Jan-01,17.94,17.94,17.94,17.94,5.08,-
4-Jan-01,17.84,17.84,17.84,17.84,5.05,-
5-Jan-01,17.65,17.65,17.65,17.65,5.0,-
8-Jan-01,17.67,17.67,17.67,17.67,5.0,-
9-Jan-01,17.64,17.64,17.64,17.64,5.0,-
10-Jan-01,17.75,17.75,17.75,17.75,5.03,-
11-Jan-01,17.79,17.79,17.79,17.79,5.04,-
12-Jan-01,17.72,17.72,17.72,17.72,5.02,-
16-Jan-01,17.83,17.83,17.83,17.83,5.05,-
17-Jan-01,17.86,17.86,17.86,17.86,5.06,-
18-Jan-01,17.95,17.95,17.95,17.95,5.08,-
19-Jan-01,17.84,17.84,17.84,17.84,5.05,-
22-Jan-01,17.89,17.89,17.89,17.89,5.07,-
23-Jan-01,18.02,18.02,18.02,18.02,5.1,-
24-Jan-01,18.06,18.06,18.06,18.06,5.11,-
25-Jan-01,18.08,18.08,18.08,18.08,5.12,-
26-Jan-01,18.05,18.05,18.05,18.05,5.11,-
29-Jan-01,18.13,18.13,18.13,18.13,5.13,-
30-Jan-01,18.24,18.24,18.24,18.24,5.17,-
31-Jan-01,18.23,18.23,18.23,18.23,5.16,-
1-Feb-01,18.3,18.3,18.3,18.3,5.18,-
2-Feb-01,18.16,18.16,18.16,18.16,5.14,-
5-Feb-01,18.2,18.2,18.2,18.2,5.15,-
6-Feb-01,18.2,18.2,18.2,18.2,5.15,-
7-Feb-01,18.16,18.16,18.16,18.16,5.14,-
8-Feb-01,18.11,18.11,18.11,18.11,5.13,-
9-Feb-01,18.05,18.05,18.05,18.05,5.11,-
12-Feb-01,18.15,18.15,18.15,18.15,5.14,-
13-Feb-01,18.07,18.07,18.07,18.07,5.12,-
14-Feb-01,18.04,18.04,18.04,18.04,5.11,-
15-Feb-01,18.07,18.07,18.07,18.07,5.12,-
16-Feb-01,17.96,17.96,17.96,17.96,5.09,-
20-Feb-01,17.82,17.82,17.82,17.82,5.05,-
21-Feb-01,17.61,17.61,17.61,17.61,4.99,-
22-Feb-01,17.57,17.57,17.57,17.57,4.98,-
23-Feb-01,17.53,17.53,17.53,17.53,4.96,-
26-Feb-01,17.77,17.77,17.77,17.77,5.03,-
27-Feb-01,17.76,17.76,17.76,17.76,5.03,-
28-Feb-01,17.66,17.66,17.66,17.66,5.0,-
1-Mar-01,17.67,17.67,17.67,17.67,5.0,-
2-Mar-01,17.69,17.69,17.69,17.69,5.01,-
5-Mar-01,17.75,17.75,17.75,17.75,5.03,-
6-Mar-01,17.85,17.85,17.85,17.85,5.06,-
7-Mar-01,17.99,17.99,17.99,17.99,5.09,-
8-Mar-01,18.03,18.03,18.03,18.03,5.11,-
9-Mar-01,17.83,17.83,17.83,17.83,5.05,-
12-Mar-01,17.46,17.46,17.46,17.46,4.94,-
13-Mar-01,17.52,17.52,17.52,17.52,4.96,-
14-Mar-01,17.29,17.29,17.29,17.29,4.9,-
15-Mar-01,17.34,17.34,17.34,17.34,4.91,-
16-Mar-01,17.19,17.19,17.19,17.19,4.87,-
19-Mar-01,17.36,17.36,17.36,17.36,4.92,-
20-Mar-01,17.21,17.21,17.21,17.21,4.87,-
21-Mar-01,17.03,17.03,17.03,17.03,4.82,-
22-Mar-01,16.89,16.89,16.89,16.89,4.78,-
23-Mar-01,16.19,16.19,16.19,16.19,4.83,-
26-Mar-01,16.32,16.32,16.32,16.32,4.87,-
27-Mar-01,16.49,16.49,16.49,16.49,4.92,-
28-Mar-01,16.3,16.3,16.3,16.3,4.86,-
29-Mar-01,16.28,16.28,16.28,16.28,4.86,-
30-Mar-01,16.42,16.42,16.42,16.42,4.9,-
2-Apr-01,16.28,16.28,16.28,16.28,4.86,-
3-Apr-01,15.98,15.98,15.98,15.98,4.77,-
4-Apr-01,16,16.0,16.0,16.0,4.77,-
5-Apr-01,16.33,16.33,16.33,16.33,4.87,-
6-Apr-01,16.18,16.18,16.18,16.18,4.83,-
9-Apr-01,16.3,16.3,16.3,16.3,4.86,-
10-Apr-01,16.49,16.49,16.49,16.49,4.92,-
11-Apr-01,16.44,16.44,16.44,16.44,4.91,-
12-Apr-01,16.54,16.54,16.54,16.54,4.94,-
16-Apr-01,16.51,16.51,16.51,16.51,4.93,-
17-Apr-01,16.61,16.61,16.61,16.61,4.96,-
18-Apr-01,16.92,16.92,16.92,16.92,5.05,-
19-Apr-01,16.99,16.99,16.99,16.99,5.07,-
20-Apr-01,16.9,16.9,16.9,16.9,5.04,-
23-Apr-01,16.83,16.83,16.83,16.83,5.02,-
24-Apr-01,16.74,16.74,16.74,16.74,5.0,-
25-Apr-01,16.89,16.89,16.89,16.89,5.04,-
26-Apr-01,17.01,17.01,17.01,17.01,5.08,-
27-Apr-01,17.11,17.11,17.11,17.11,5.11,-
30-Apr-01,17.11,17.11,17.11,17.11,5.11,-
1-May-01,17.23,17.23,17.23,17.23,5.14,-
2-May-01,17.2,17.2,17.2,17.2,5.13,-
3-May-01,17.09,17.09,17.09,17.09,5.1,-
4-May-01,17.2,17.2,17.2,17.2,5.13,-
7-May-01,17.18,17.18,17.18,17.18,5.13,-
8-May-01,17.16,17.16,17.16,17.16,5.12,-
9-May-01,17.17,17.17,17.17,17.17,5.12,-
10-May-01,17.18,17.18,17.18,17.18,5.13,-
11-May-01,17.06,17.06,17.06,17.06,5.09,-
14-May-01,17.12,17.12,17.12,17.12,5.11,-
15-May-01,17.16,17.16,17.16,17.16,5.12,-
16-May-01,17.43,17.43,17.43,17.43,5.2,-
17-May-01,17.51,17.51,17.51,17.51,5.22,-
18-May-01,17.55,17.55,17.55,17.55,5.24,-
21-May-01,17.7,17.7,17.7,17.7,5.28,-
22-May-01,17.68,17.68,17.68,17.68,5.28,-
23-May-01,17.53,17.53,17.53,17.53,5.23,-
24-May-01,17.51,17.51,17.51,17.51,5.22,-
25-May-01,17.43,17.43,17.43,17.43,5.2,-
29-May-01,17.38,17.38,17.38,17.38,5.19,-
30-May-01,17.24,17.24,17.24,17.24,5.14,-
31-May-01,17.35,17.35,17.35,17.35,5.18,-
1-Jun-01,17.4,17.4,17.4,17.4,5.19,-
4-Jun-01,17.47,17.47,17.47,17.47,5.21,-
5-Jun-01,17.61,17.61,17.61,17.61,5.25,-
6-Jun-01,17.49,17.49,17.49,17.49,5.22,-
7-Jun-01,17.49,17.49,17.49,17.49,5.22,-
8-Jun-01,17.4,17.4,17.4,17.4,5.19,-
11-Jun-01,17.33,17.33,17.33,17.33,5.17,-
12-Jun-01,17.34,17.34,17.34,17.34,5.17,-
13-Jun-01,17.25,17.25,17.25,17.25,5.15,-
14-Jun-01,17.07,17.07,17.07,17.07,5.09,-
15-Jun-01,17.03,17.03,17.03,17.03,5.08,-
18-Jun-01,16.97,16.97,16.97,16.97,5.06,-
19-Jun-01,17,17.0,17.0,17.0,5.07,-
20-Jun-01,17.07,17.07,17.07,17.07,5.09,-
21-Jun-01,17.17,17.17,17.17,17.17,5.12,-
22-Jun-01,16.86,16.86,16.86,16.86,5.11,-
25-Jun-01,16.77,16.77,16.77,16.77,5.08,-
26-Jun-01,16.76,16.76,16.76,16.76,5.07,-
27-Jun-01,16.75,16.75,16.75,16.75,5.07,-
28-Jun-01,16.82,16.82,16.82,16.82,5.09,-
29-Jun-01,16.86,16.86,16.86,16.86,5.11,-
2-Jul-01,16.93,16.93,16.93,16.93,5.13,-
3-Jul-01,16.89,16.89,16.89,16.89,5.11,-
5-Jul-01,16.8,16.8,16.8,16.8,5.09,-
6-Jul-01,16.63,16.63,16.63,16.63,5.04,-
9-Jul-01,16.68,16.68,16.68,16.68,5.05,-
10-Jul-01,16.6,16.6,16.6,16.6,5.03,-
11-Jul-01,16.55,16.55,16.55,16.55,5.01,-
12-Jul-01,16.74,16.74,16.74,16.74,5.07,-
13-Jul-01,16.8,16.8,16.8,16.8,5.09,-
16-Jul-01,16.71,16.71,16.71,16.71,5.06,-
17-Jul-01,16.81,16.81,16.81,16.81,5.09,-
18-Jul-01,16.81,16.81,16.81,16.81,5.09,-
19-Jul-01,16.85,16.85,16.85,16.85,5.1,-
20-Jul-01,16.8,16.8,16.8,16.8,5.09,-
23-Jul-01,16.69,16.69,16.69,16.69,5.05,-
24-Jul-01,16.53,16.53,16.53,16.53,5.01,-
25-Jul-01,16.64,16.64,16.64,16.64,5.04,-
26-Jul-01,16.76,16.76,16.76,16.76,5.07,-
27-Jul-01,16.81,16.81,16.81,16.81,5.09,-
30-Jul-01,16.83,16.83,16.83,16.83,5.1,-
31-Jul-01,16.9,16.9,16.9,16.9,5.12,-
1-Aug-01,16.93,16.93,16.93,16.93,5.13,-
2-Aug-01,16.95,16.95,16.95,16.95,5.13,-
3-Aug-01,16.9,16.9,16.9,16.9,5.12,-
6-Aug-01,16.79,16.79,16.79,16.79,5.08,-
7-Aug-01,16.83,16.83,16.83,16.83,5.1,-
8-Aug-01,16.71,16.71,16.71,16.71,5.06,-
9-Aug-01,16.69,16.69,16.69,16.69,5.05,-
10-Aug-01,16.76,16.76,16.76,16.76,5.07,-
13-Aug-01,16.78,16.78,16.78,16.78,5.08,-
14-Aug-01,16.77,16.77,16.77,16.77,5.08,-
15-Aug-01,16.73,16.73,16.73,16.73,5.07,-
16-Aug-01,16.76,16.76,16.76,16.76,5.07,-
17-Aug-01,16.64,16.64,16.64,16.64,5.04,-
20-Aug-01,16.68,16.68,16.68,16.68,5.05,-
21-Aug-01,16.61,16.61,16.61,16.61,5.03,-
22-Aug-01,16.66,16.66,16.66,16.66,5.04,-
23-Aug-01,16.66,16.66,16.66,16.66,5.04,-
24-Aug-01,16.76,16.76,16.76,16.76,5.07,-
27-Aug-01,16.73,16.73,16.73,16.73,5.07,-
28-Aug-01,16.65,16.65,16.65,16.65,5.04,-
29-Aug-01,16.6,16.6,16.6,16.6,5.03,-
30-Aug-01,16.49,16.49,16.49,16.49,4.99,-
31-Aug-01,16.51,16.51,16.51,16.51,5.0,-
4-Sep-01,16.48,16.48,16.48,16.48,4.99,-
5-Sep-01,16.45,16.45,16.45,16.45,4.98,-
6-Sep-01,16.31,16.31,16.31,16.31,4.94,-
7-Sep-01,16.15,16.15,16.15,16.15,4.89,-
10-Sep-01,16.13,16.13,16.13,16.13,4.88,-
17-Sep-01,15.64,15.64,15.64,15.64,4.74,-
18-Sep-01,15.52,15.52,15.52,15.52,4.7,-
19-Sep-01,15.38,15.38,15.38,15.38,4.66,-
20-Sep-01,15.08,15.08,15.08,15.08,4.57,-
21-Sep-01,14.95,14.95,14.95,14.95,4.53,-
24-Sep-01,15.23,15.23,15.23,15.23,4.61,-
25-Sep-01,15.31,15.31,15.31,15.31,4.64,-
26-Sep-01,15.25,15.25,15.25,15.25,4.62,-
27-Sep-01,15.37,15.37,15.37,15.37,4.65,-
28-Sep-01,15.6,15.6,15.6,15.6,4.72,-
1-Oct-01,15.57,15.57,15.57,15.57,4.71,-
2-Oct-01,15.72,15.72,15.72,15.72,4.76,-
3-Oct-01,15.94,15.94,15.94,15.94,4.83,-
4-Oct-01,15.94,15.94,15.94,15.94,4.83,-
5-Oct-01,15.94,15.94,15.94,15.94,4.83,-
8-Oct-01,15.85,15.85,15.85,15.85,4.8,-
9-Oct-01,15.79,15.79,15.79,15.79,4.78,-
10-Oct-01,15.98,15.98,15.98,15.98,4.84,-
11-Oct-01,16.11,16.11,16.11,16.11,4.88,-
12-Oct-01,16.04,16.04,16.04,16.04,4.86,-
15-Oct-01,16.04,16.04,16.04,16.04,4.86,-
16-Oct-01,16.15,16.15,16.15,16.15,4.89,-
17-Oct-01,16,16.0,16.0,16.0,4.84,-
18-Oct-01,15.89,15.89,15.89,15.89,4.81,-
19-Oct-01,15.91,15.91,15.91,15.91,4.82,-
22-Oct-01,16.04,16.04,16.04,16.04,4.86,-
23-Oct-01,15.99,15.99,15.99,15.99,4.84,-
24-Oct-01,16.01,16.01,16.01,16.01,4.85,-
25-Oct-01,16.14,16.14,16.14,16.14,4.89,-
26-Oct-01,16.21,16.21,16.21,16.21,4.91,-
29-Oct-01,16.03,16.03,16.03,16.03,4.85,-
30-Oct-01,15.86,15.86,15.86,15.86,4.8,-
31-Oct-01,15.92,15.92,15.92,15.92,4.82,-
1-Nov-01,16.08,16.08,16.08,16.08,4.87,-
2-Nov-01,16.06,16.06,16.06,16.06,4.86,-
5-Nov-01,16.23,16.23,16.23,16.23,4.91,-
6-Nov-01,16.36,16.36,16.36,16.36,4.95,-
7-Nov-01,16.39,16.39,16.39,16.39,4.96,-
8-Nov-01,16.38,16.38,16.38,16.38,4.96,-
9-Nov-01,16.37,16.37,16.37,16.37,4.96,-
12-Nov-01,16.35,16.35,16.35,16.35,4.95,-
13-Nov-01,16.5,16.5,16.5,16.5,5.0,-
14-Nov-01,16.47,16.47,16.47,16.47,4.99,-
15-Nov-01,16.41,16.41,16.41,16.41,4.97,-
16-Nov-01,16.38,16.38,16.38,16.38,4.96,-
19-Nov-01,16.55,16.55,16.55,16.55,5.01,-
20-Nov-01,16.46,16.46,16.46,16.46,4.98,-
21-Nov-01,16.38,16.38,16.38,16.38,4.96,-
23-Nov-01,16.48,16.48,16.48,16.48,4.99,-
26-Nov-01,16.55,16.55,16.55,16.55,5.01,-
27-Nov-01,16.52,16.52,16.52,16.52,5.0,-
28-Nov-01,16.33,16.33,16.33,16.33,4.94,-
29-Nov-01,16.48,16.48,16.48,16.48,4.99,-
30-Nov-01,16.48,16.48,16.48,16.48,4.99,-
3-Dec-01,16.4,16.4,16.4,16.4,4.97,-
4-Dec-01,16.57,16.57,16.57,16.57,5.02,-
5-Dec-01,16.74,16.74,16.74,16.74,5.07,-
6-Dec-01,16.72,16.72,16.72,16.72,5.06,-
7-Dec-01,16.65,16.65,16.65,16.65,5.04,-
10-Dec-01,16.5,16.5,16.5,16.5,5.0,-
11-Dec-01,16.49,16.49,16.49,16.49,4.99,-
12-Dec-01,16.52,16.52,16.52,16.52,5.0,-
13-Dec-01,16.36,16.36,16.36,16.36,4.95,-
14-Dec-01,16.35,16.35,16.35,16.35,4.95,-
17-Dec-01,16.42,16.42,16.42,16.42,4.97,-
18-Dec-01,16.53,16.53,16.53,16.53,5.01,-
19-Dec-01,16.62,16.62,16.62,16.62,5.03,-
20-Dec-01,16.54,16.54,16.54,16.54,5.01,-
21-Dec-01,16.27,16.27,16.27,16.27,5.02,-
24-Dec-01,16.27,16.27,16.27,16.27,5.02,-
26-Dec-01,16.32,16.32,16.32,16.32,5.03,-
27-Dec-01,16.42,16.42,16.42,16.42,5.07,-
28-Dec-01,16.48,16.48,16.48,16.48,5.08,-
31-Dec-01,16.44,16.44,16.44,16.44,5.07,-
2-Jan-02,16.43,16.43,16.43,16.43,5.07,-
3-Jan-02,16.51,16.51,16.51,16.51,5.09,-
4-Jan-02,16.6,16.6,16.6,16.6,5.12,-
7-Jan-02,16.6,16.6,16.6,16.6,5.12,-
8-Jan-02,16.54,16.54,16.54,16.54,5.1,-
9-Jan-02,16.5,16.5,16.5,16.5,5.09,-
10-Jan-02,16.52,16.52,16.52,16.52,5.1,-
11-Jan-02,16.44,16.44,16.44,16.44,5.07,-
14-Jan-02,16.34,16.34,16.34,16.34,5.04,-
15-Jan-02,16.41,16.41,16.41,16.41,5.06,-
16-Jan-02,16.24,16.24,16.24,16.24,5.01,-
17-Jan-02,16.29,16.29,16.29,16.29,5.03,-
18-Jan-02,16.24,16.24,16.24,16.24,5.01,-
22-Jan-02,16.17,16.17,16.17,16.17,4.99,-
23-Jan-02,16.24,16.24,16.24,16.24,5.01,-
24-Jan-02,16.28,16.28,16.28,16.28,5.02,-
25-Jan-02,16.29,16.29,16.29,16.29,5.03,-
28-Jan-02,16.3,16.3,16.3,16.3,5.03,-
29-Jan-02,16.05,16.05,16.05,16.05,4.95,-
30-Jan-02,16.12,16.12,16.12,16.12,4.97,-
31-Jan-02,16.25,16.25,16.25,16.25,5.01,-
1-Feb-02,16.21,16.21,16.21,16.21,5.0,-
4-Feb-02,16,16.0,16.0,16.0,4.94,-
5-Feb-02,15.91,15.91,15.91,15.91,4.91,-
6-Feb-02,15.82,15.82,15.82,15.82,4.88,-
7-Feb-02,15.81,15.81,15.81,15.81,4.88,-
8-Feb-02,15.97,15.97,15.97,15.97,4.93,-
11-Feb-02,16.12,16.12,16.12,16.12,4.97,-
12-Feb-02,16.08,16.08,16.08,16.08,4.96,-
13-Feb-02,16.15,16.15,16.15,16.15,4.98,-
14-Feb-02,16.16,16.16,16.16,16.16,4.99,-
15-Feb-02,16.1,16.1,16.1,16.1,4.97,-
19-Feb-02,15.91,15.91,15.91,15.91,4.91,-
20-Feb-02,15.99,15.99,15.99,15.99,4.93,-
21-Feb-02,15.92,15.92,15.92,15.92,4.91,-
22-Feb-02,15.99,15.99,15.99,15.99,4.93,-
25-Feb-02,16.13,16.13,16.13,16.13,4.98,-
26-Feb-02,16.14,16.14,16.14,16.14,4.98,-
27-Feb-02,16.23,16.23,16.23,16.23,5.01,-
28-Feb-02,16.21,16.21,16.21,16.21,5.0,-
1-Mar-02,16.37,16.37,16.37,16.37,5.05,-
4-Mar-02,16.6,16.6,16.6,16.6,5.12,-
5-Mar-02,16.55,16.55,16.55,16.55,5.11,-
6-Mar-02,16.7,16.7,16.7,16.7,5.15,-
7-Mar-02,16.65,16.65,16.65,16.65,5.14,-
8-Mar-02,16.67,16.67,16.67,16.67,5.14,-
11-Mar-02,16.7,16.7,16.7,16.7,5.15,-
12-Mar-02,16.68,16.68,16.68,16.68,5.15,-
13-Mar-02,16.6,16.6,16.6,16.6,5.12,-
14-Mar-02,16.58,16.58,16.58,16.58,5.11,-
15-Mar-02,16.7,16.7,16.7,16.7,5.15,-
18-Mar-02,16.72,16.72,16.72,16.72,5.16,-
19-Mar-02,16.76,16.76,16.76,16.76,5.17,-
20-Mar-02,16.62,16.62,16.62,16.62,5.13,-
21-Mar-02,16.65,16.65,16.65,16.65,5.14,-
22-Mar-02,16.6,16.6,16.6,16.6,5.12,-
25-Mar-02,16.45,16.45,16.45,16.45,5.07,-
26-Mar-02,16.53,16.53,16.53,16.53,5.1,-
27-Mar-02,16.6,16.6,16.6,16.6,5.12,-
28-Mar-02,16.62,16.62,16.62,16.62,5.13,-
1-Apr-02,16.6,16.6,16.6,16.6,5.12,-
2-Apr-02,16.56,16.56,16.56,16.56,5.11,-
3-Apr-02,16.49,16.49,16.49,16.49,5.09,-
4-Apr-02,16.5,16.5,16.5,16.5,5.09,-
5-Apr-02,16.51,16.51,16.51,16.51,5.09,-
8-Apr-02,16.52,16.52,16.52,16.52,5.1,-
9-Apr-02,16.5,16.5,16.5,16.5,5.09,-
10-Apr-02,16.61,16.61,16.61,16.61,5.12,-
11-Apr-02,16.43,16.43,16.43,16.43,5.07,-
12-Apr-02,16.5,16.5,16.5,16.5,5.09,-
15-Apr-02,16.46,16.46,16.46,16.46,5.08,-
16-Apr-02,16.67,16.67,16.67,16.67,5.14,-
17-Apr-02,16.66,16.66,16.66,16.66,5.14,-
18-Apr-02,16.65,16.65,16.65,16.65,5.14,-
19-Apr-02,16.65,16.65,16.65,16.65,5.14,-
22-Apr-02,16.52,16.52,16.52,16.52,5.1,-
23-Apr-02,16.49,16.49,16.49,16.49,5.09,-
24-Apr-02,16.45,16.45,16.45,16.45,5.07,-
25-Apr-02,16.41,16.41,16.41,16.41,5.06,-
26-Apr-02,16.31,16.31,16.31,16.31,5.03,-
29-Apr-02,16.21,16.21,16.21,16.21,5.0,-
30-Apr-02,16.32,16.32,16.32,16.32,5.03,-
1-May-02,16.41,16.41,16.41,16.41,5.06,-
2-May-02,16.41,16.41,16.41,16.41,5.06,-
3-May-02,16.39,16.39,16.39,16.39,5.06,-
6-May-02,16.22,16.22,16.22,16.22,5.0,-
7-May-02,16.17,16.17,16.17,16.17,4.99,-
8-May-02,16.4,16.4,16.4,16.4,5.06,-
9-May-02,16.3,16.3,16.3,16.3,5.03,-
10-May-02,16.18,16.18,16.18,16.18,4.99,-
13-May-02,16.27,16.27,16.27,16.27,5.02,-
14-May-02,16.43,16.43,16.43,16.43,5.07,-
15-May-02,16.42,16.42,16.42,16.42,5.07,-
16-May-02,16.45,16.45,16.45,16.45,5.07,-
17-May-02,16.49,16.49,16.49,16.49,5.09,-
20-May-02,16.43,16.43,16.43,16.43,5.07,-
21-May-02,16.36,16.36,16.36,16.36,5.05,-
22-May-02,16.42,16.42,16.42,16.42,5.07,-
23-May-02,16.51,16.51,16.51,16.51,5.09,-
24-May-02,16.42,16.42,16.42,16.42,5.07,-
28-May-02,16.36,16.36,16.36,16.36,5.05,-
29-May-02,16.31,16.31,16.31,16.31,5.03,-
30-May-02,16.29,16.29,16.29,16.29,5.03,-
31-May-02,16.32,16.32,16.32,16.32,5.03,-
3-Jun-02,16.08,16.08,16.08,16.08,4.96,-
4-Jun-02,16.03,16.03,16.03,16.03,4.95,-
5-Jun-02,16.06,16.06,16.06,16.06,4.95,-
6-Jun-02,15.91,15.91,15.91,15.91,4.91,-
7-Jun-02,15.88,15.88,15.88,15.88,4.9,-
10-Jun-02,15.91,15.91,15.91,15.91,4.91,-
11-Jun-02,15.8,15.8,15.8,15.8,4.87,-
12-Jun-02,15.81,15.81,15.81,15.81,4.88,-
13-Jun-02,15.75,15.75,15.75,15.75,4.86,-
14-Jun-02,15.74,15.74,15.74,15.74,4.86,-
17-Jun-02,15.96,15.96,15.96,15.96,4.92,-
18-Jun-02,15.98,15.98,15.98,15.98,4.93,-
19-Jun-02,15.88,15.88,15.88,15.88,4.9,-
20-Jun-02,15.73,15.73,15.73,15.73,4.85,-
21-Jun-02,15.42,15.42,15.42,15.42,4.82,-
24-Jun-02,15.37,15.37,15.37,15.37,4.81,-
25-Jun-02,15.26,15.26,15.26,15.26,4.77,-
26-Jun-02,15.2,15.2,15.2,15.2,4.75,-
27-Jun-02,15.28,15.28,15.28,15.28,4.78,-
28-Jun-02,15.38,15.38,15.38,15.38,4.81,-
1-Jul-02,15.22,15.22,15.22,15.22,4.76,-
2-Jul-02,15.01,15.01,15.01,15.01,4.69,-
3-Jul-02,15,15.0,15.0,15.0,4.69,-
5-Jul-02,15.28,15.28,15.28,15.28,4.78,-
8-Jul-02,15.22,15.22,15.22,15.22,4.76,-
9-Jul-02,15.08,15.08,15.08,15.08,4.72,-
10-Jul-02,14.82,14.82,14.82,14.82,4.63,-
11-Jul-02,14.81,14.81,14.81,14.81,4.63,-
12-Jul-02,14.74,14.74,14.74,14.74,4.61,-
15-Jul-02,14.7,14.7,14.7,14.7,4.6,-
16-Jul-02,14.52,14.52,14.52,14.52,4.54,-
17-Jul-02,14.6,14.6,14.6,14.6,4.56,-
18-Jul-02,14.46,14.46,14.46,14.46,4.52,-
19-Jul-02,14.21,14.21,14.21,14.21,4.44,-
22-Jul-02,13.95,13.95,13.95,13.95,4.36,-
23-Jul-02,13.67,13.67,13.67,13.67,4.27,-
24-Jul-02,14,14.0,14.0,14.0,4.38,-
25-Jul-02,13.97,13.97,13.97,13.97,4.37,-
26-Jul-02,14.05,14.05,14.05,14.05,4.39,-
29-Jul-02,14.44,14.44,14.44,14.44,4.51,-
30-Jul-02,14.47,14.47,14.47,14.47,4.52,-
31-Jul-02,14.53,14.53,14.53,14.53,4.54,-
1-Aug-02,14.35,14.35,14.35,14.35,4.49,-
2-Aug-02,14.21,14.21,14.21,14.21,4.44,-
5-Aug-02,13.95,13.95,13.95,13.95,4.36,-
6-Aug-02,14.15,14.15,14.15,14.15,4.42,-
7-Aug-02,14.3,14.3,14.3,14.3,4.47,-
8-Aug-02,14.51,14.51,14.51,14.51,4.54,-
9-Aug-02,14.58,14.58,14.58,14.58,4.56,-
12-Aug-02,14.55,14.55,14.55,14.55,4.55,-
13-Aug-02,14.43,14.43,14.43,14.43,4.51,-
14-Aug-02,14.7,14.7,14.7,14.7,4.6,-
15-Aug-02,14.76,14.76,14.76,14.76,4.61,-
16-Aug-02,14.73,14.73,14.73,14.73,4.61,-
19-Aug-02,14.91,14.91,14.91,14.91,4.66,-
20-Aug-02,14.86,14.86,14.86,14.86,4.65,-
21-Aug-02,14.99,14.99,14.99,14.99,4.69,-
22-Aug-02,15.08,15.08,15.08,15.08,4.72,-
23-Aug-02,14.92,14.92,14.92,14.92,4.66,-
26-Aug-02,15,15.0,15.0,15.0,4.69,-
27-Aug-02,14.9,14.9,14.9,14.9,4.66,-
28-Aug-02,14.75,14.75,14.75,14.75,4.61,-
29-Aug-02,14.76,14.76,14.76,14.76,4.61,-
30-Aug-02,14.78,14.78,14.78,14.78,4.62,-
3-Sep-02,14.5,14.5,14.5,14.5,4.53,-
4-Sep-02,14.62,14.62,14.62,14.62,4.57,-
5-Sep-02,14.51,14.51,14.51,14.51,4.54,-
6-Sep-02,14.6,14.6,14.6,14.6,4.56,-
9-Sep-02,14.66,14.66,14.66,14.66,4.58,-
10-Sep-02,14.73,14.73,14.73,14.73,4.61,-
11-Sep-02,14.74,14.74,14.74,14.74,4.61,-
12-Sep-02,14.59,14.59,14.59,14.59,4.56,-
13-Sep-02,14.6,14.6,14.6,14.6,4.56,-
16-Sep-02,14.59,14.59,14.59,14.59,4.56,-
17-Sep-02,14.45,14.45,14.45,14.45,4.52,-
18-Sep-02,14.39,14.39,14.39,14.39,4.5,-
19-Sep-02,14.18,14.18,14.18,14.18,4.43,-
20-Sep-02,14.17,14.17,14.17,14.17,4.43,-
23-Sep-02,14.06,14.06,14.06,14.06,4.4,-
24-Sep-02,13.91,13.91,13.91,13.91,4.35,-
25-Sep-02,14.03,14.03,14.03,14.03,4.39,-
26-Sep-02,14.19,14.19,14.19,14.19,4.44,-
27-Sep-02,14.01,14.01,14.01,14.01,4.38,-
30-Sep-02,13.93,13.93,13.93,13.93,4.36,-
1-Oct-02,14.16,14.16,14.16,14.16,4.43,-
2-Oct-02,13.98,13.98,13.98,13.98,4.37,-
3-Oct-02,13.87,13.87,13.87,13.87,4.34,-
4-Oct-02,13.68,13.68,13.68,13.68,4.28,-
7-Oct-02,13.52,13.52,13.52,13.52,4.23,-
8-Oct-02,13.58,13.58,13.58,13.58,4.25,-
9-Oct-02,13.36,13.36,13.36,13.36,4.18,-
10-Oct-02,13.57,13.57,13.57,13.57,4.24,-
11-Oct-02,13.86,13.86,13.86,13.86,4.33,-
14-Oct-02,13.89,13.89,13.89,13.89,4.34,-
15-Oct-02,14.23,14.23,14.23,14.23,4.45,-
16-Oct-02,14.05,14.05,14.05,14.05,4.39,-
17-Oct-02,14.22,14.22,14.22,14.22,4.45,-
18-Oct-02,14.25,14.25,14.25,14.25,4.46,-
21-Oct-02,14.38,14.38,14.38,14.38,4.5,-
22-Oct-02,14.29,14.29,14.29,14.29,4.47,-
23-Oct-02,14.33,14.33,14.33,14.33,4.48,-
24-Oct-02,14.29,14.29,14.29,14.29,4.47,-
25-Oct-02,14.41,14.41,14.41,14.41,4.51,-
28-Oct-02,14.39,14.39,14.39,14.39,4.5,-
29-Oct-02,14.31,14.31,14.31,14.31,4.47,-
30-Oct-02,14.41,14.41,14.41,14.41,4.51,-
31-Oct-02,14.41,14.41,14.41,14.41,4.51,-
1-Nov-02,14.52,14.52,14.52,14.52,4.54,-
4-Nov-02,14.63,14.63,14.63,14.63,4.57,-
5-Nov-02,14.68,14.68,14.68,14.68,4.59,-
6-Nov-02,14.77,14.77,14.77,14.77,4.62,-
7-Nov-02,14.63,14.63,14.63,14.63,4.57,-
8-Nov-02,14.56,14.56,14.56,14.56,4.55,-
11-Nov-02,14.39,14.39,14.39,14.39,4.5,-
12-Nov-02,14.46,14.46,14.46,14.46,4.52,-
13-Nov-02,14.43,14.43,14.43,14.43,4.51,-
14-Nov-02,14.59,14.59,14.59,14.59,4.56,-
15-Nov-02,14.66,14.66,14.66,14.66,4.58,-
18-Nov-02,14.63,14.63,14.63,14.63,4.57,-
19-Nov-02,14.6,14.6,14.6,14.6,4.56,-
20-Nov-02,14.69,14.69,14.69,14.69,4.59,-
21-Nov-02,14.89,14.89,14.89,14.89,4.66,-
22-Nov-02,14.89,14.89,14.89,14.89,4.66,-
25-Nov-02,14.9,14.9,14.9,14.9,4.66,-
26-Nov-02,14.74,14.74,14.74,14.74,4.61,-
27-Nov-02,14.94,14.94,14.94,14.94,4.67,-
29-Nov-02,14.94,14.94,14.94,14.94,4.67,-
2-Dec-02,14.97,14.97,14.97,14.97,4.68,-
3-Dec-02,14.84,14.84,14.84,14.84,4.64,-
4-Dec-02,14.8,14.8,14.8,14.8,4.63,-
5-Dec-02,14.72,14.72,14.72,14.72,4.6,-
6-Dec-02,14.78,14.78,14.78,14.78,4.62,-
9-Dec-02,14.61,14.61,14.61,14.61,4.57,-
10-Dec-02,14.71,14.71,14.71,14.71,4.6,-
11-Dec-02,14.75,14.75,14.75,14.75,4.61,-
12-Dec-02,14.72,14.72,14.72,14.72,4.6,-
13-Dec-02,14.6,14.6,14.6,14.6,4.56,-
16-Dec-02,14.77,14.77,14.77,14.77,4.62,-
17-Dec-02,14.72,14.72,14.72,14.72,4.6,-
18-Dec-02,14.61,14.61,14.61,14.61,4.57,-
19-Dec-02,14.58,14.58,14.58,14.58,4.56,-
20-Dec-02,14.38,14.38,14.38,14.38,4.58,-
23-Dec-02,14.42,14.42,14.42,14.42,4.59,-
24-Dec-02,14.4,14.4,14.4,14.4,4.59,-
26-Dec-02,14.42,14.42,14.42,14.42,4.59,-
27-Dec-02,14.27,14.27,14.27,14.27,4.55,-
30-Dec-02,14.32,14.32,14.32,14.32,4.56,-
31-Dec-02,14.35,14.35,14.35,14.35,4.57,-
2-Jan-03,14.56,14.56,14.56,14.56,4.64,-
3-Jan-03,14.58,14.58,14.58,14.58,4.64,-
6-Jan-03,14.74,14.74,14.74,14.74,4.7,-
7-Jan-03,14.68,14.68,14.68,14.68,4.68,-
8-Jan-03,14.57,14.57,14.57,14.57,4.64,-
9-Jan-03,14.69,14.69,14.69,14.69,4.68,-
10-Jan-03,14.71,14.71,14.71,14.71,4.69,-
13-Jan-03,14.72,14.72,14.72,14.72,4.69,-
14-Jan-03,14.77,14.77,14.77,14.77,4.71,-
15-Jan-03,14.67,14.67,14.67,14.67,4.67,-
16-Jan-03,14.66,14.66,14.66,14.66,4.67,-
17-Jan-03,14.58,14.58,14.58,14.58,4.64,-
21-Jan-03,14.44,14.44,14.44,14.44,4.6,-
22-Jan-03,14.36,14.36,14.36,14.36,4.57,-
23-Jan-03,14.42,14.42,14.42,14.42,4.59,-
24-Jan-03,14.24,14.24,14.24,14.24,4.54,-
27-Jan-03,14.06,14.06,14.06,14.06,4.48,-
28-Jan-03,14.15,14.15,14.15,14.15,4.51,-
29-Jan-03,14.18,14.18,14.18,14.18,4.52,-
30-Jan-03,14.07,14.07,14.07,14.07,4.48,-
31-Jan-03,14.17,14.17,14.17,14.17,4.51,-
3-Feb-03,14.21,14.21,14.21,14.21,4.53,-
4-Feb-03,14.11,14.11,14.11,14.11,4.49,-
5-Feb-03,14.08,14.08,14.08,14.08,4.49,-
6-Feb-03,14.02,14.02,14.02,14.02,4.47,-
7-Feb-03,13.94,13.94,13.94,13.94,4.44,-
10-Feb-03,13.95,13.95,13.95,13.95,4.44,-
11-Feb-03,13.92,13.92,13.92,13.92,4.43,-
12-Feb-03,13.83,13.83,13.83,13.83,4.41,-
13-Feb-03,13.81,13.81,13.81,13.81,4.4,-
14-Feb-03,13.93,13.93,13.93,13.93,4.44,-
18-Feb-03,14.1,14.1,14.1,14.1,4.49,-
19-Feb-03,14.05,14.05,14.05,14.05,4.48,-
20-Feb-03,14.01,14.01,14.01,14.01,4.46,-
21-Feb-03,14.09,14.09,14.09,14.09,4.49,-
24-Feb-03,13.96,13.96,13.96,13.96,4.45,-
25-Feb-03,13.97,13.97,13.97,13.97,4.45,-
26-Feb-03,13.9,13.9,13.9,13.9,4.43,-
27-Feb-03,13.98,13.98,13.98,13.98,4.45,-
28-Feb-03,14.05,14.05,14.05,14.05,4.48,-
3-Mar-03,14.04,14.04,14.04,14.04,4.47,-
4-Mar-03,13.92,13.92,13.92,13.92,4.43,-
5-Mar-03,13.97,13.97,13.97,13.97,4.45,-
6-Mar-03,13.88,13.88,13.88,13.88,4.42,-
7-Mar-03,13.93,13.93,13.93,13.93,4.44,-
10-Mar-03,13.75,13.75,13.75,13.75,4.38,-
11-Mar-03,13.68,13.68,13.68,13.68,4.36,-
12-Mar-03,13.66,13.66,13.66,13.66,4.35,-
13-Mar-03,13.87,13.87,13.87,13.87,4.42,-
14-Mar-03,13.9,13.9,13.9,13.9,4.43,-
17-Mar-03,14.14,14.14,14.14,14.14,4.5,-
18-Mar-03,14.16,14.16,14.16,14.16,4.51,-
19-Mar-03,14.22,14.22,14.22,14.22,4.53,-
20-Mar-03,14.25,14.25,14.25,14.25,4.54,-
21-Mar-03,14.43,14.43,14.43,14.43,4.6,-
24-Mar-03,14.18,14.18,14.18,14.18,4.52,-
25-Mar-03,14.28,14.28,14.28,14.28,4.55,-
26-Mar-03,14.25,14.25,14.25,14.25,4.54,-
27-Mar-03,14.23,14.23,14.23,14.23,4.53,-
28-Mar-03,14.21,14.21,14.21,14.21,4.53,-
31-Mar-03,14.09,14.09,14.09,14.09,4.49,-
1-Apr-03,14.17,14.17,14.17,14.17,4.51,-
2-Apr-03,14.35,14.35,14.35,14.35,4.57,-
3-Apr-03,14.32,14.32,14.32,14.32,4.56,-
4-Apr-03,14.34,14.34,14.34,14.34,4.57,-
7-Apr-03,14.39,14.39,14.39,14.39,4.58,-
8-Apr-03,14.38,14.38,14.38,14.38,4.58,-
9-Apr-03,14.3,14.3,14.3,14.3,4.56,-
10-Apr-03,14.31,14.31,14.31,14.31,4.56,-
11-Apr-03,14.28,14.28,14.28,14.28,4.55,-
14-Apr-03,14.42,14.42,14.42,14.42,4.59,-
15-Apr-03,14.52,14.52,14.52,14.52,4.63,-
16-Apr-03,14.44,14.44,14.44,14.44,4.6,-
17-Apr-03,14.57,14.57,14.57,14.57,4.64,-
21-Apr-03,14.56,14.56,14.56,14.56,4.64,-
22-Apr-03,14.73,14.73,14.73,14.73,4.69,-
23-Apr-03,14.81,14.81,14.81,14.81,4.72,-
24-Apr-03,14.77,14.77,14.77,14.77,4.71,-
25-Apr-03,14.65,14.65,14.65,14.65,4.67,-
28-Apr-03,14.8,14.8,14.8,14.8,4.71,-
29-Apr-03,14.84,14.84,14.84,14.84,4.73,-
30-Apr-03,14.91,14.91,14.91,14.91,4.75,-
1-May-03,14.91,14.91,14.91,14.91,4.75,-
2-May-03,15.02,15.02,15.02,15.02,4.78,-
5-May-03,15.05,15.05,15.05,15.05,4.79,-
6-May-03,15.16,15.16,15.16,15.16,4.83,-
7-May-03,15.14,15.14,15.14,15.14,4.82,-
8-May-03,15.04,15.04,15.04,15.04,4.79,-
9-May-03,15.16,15.16,15.16,15.16,4.83,-
12-May-03,15.28,15.28,15.28,15.28,4.87,-
13-May-03,15.27,15.27,15.27,15.27,4.86,-
14-May-03,15.28,15.28,15.28,15.28,4.87,-
15-May-03,15.34,15.34,15.34,15.34,4.89,-
16-May-03,15.36,15.36,15.36,15.36,4.89,-
19-May-03,15.14,15.14,15.14,15.14,4.82,-
20-May-03,15.16,15.16,15.16,15.16,4.83,-
21-May-03,15.19,15.19,15.19,15.19,4.84,-
22-May-03,15.3,15.3,15.3,15.3,4.87,-
23-May-03,15.36,15.36,15.36,15.36,4.89,-
27-May-03,15.49,15.49,15.49,15.49,4.93,-
28-May-03,15.52,15.52,15.52,15.52,4.94,-
29-May-03,15.54,15.54,15.54,15.54,4.95,-
30-May-03,15.65,15.65,15.65,15.65,4.99,-
2-Jun-03,15.71,15.71,15.71,15.71,5.0,-
3-Jun-03,15.74,15.74,15.74,15.74,5.01,-
4-Jun-03,15.89,15.89,15.89,15.89,5.06,-
5-Jun-03,15.96,15.96,15.96,15.96,5.08,-
6-Jun-03,15.95,15.95,15.95,15.95,5.08,-
9-Jun-03,15.85,15.85,15.85,15.85,5.05,-
10-Jun-03,15.93,15.93,15.93,15.93,5.07,-
11-Jun-03,16.08,16.08,16.08,16.08,5.12,-
12-Jun-03,16.1,16.1,16.1,16.1,5.13,-
13-Jun-03,16.03,16.03,16.03,16.03,5.11,-
16-Jun-03,16.21,16.21,16.21,16.21,5.16,-
17-Jun-03,16.23,16.23,16.23,16.23,5.17,-
18-Jun-03,16.18,16.18,16.18,16.18,5.15,-
19-Jun-03,16.03,16.03,16.03,16.03,5.11,-
20-Jun-03,15.87,15.87,15.87,15.87,5.1,-
23-Jun-03,15.73,15.73,15.73,15.73,5.06,-
24-Jun-03,15.72,15.72,15.72,15.72,5.06,-
25-Jun-03,15.68,15.68,15.68,15.68,5.04,-
26-Jun-03,15.71,15.71,15.71,15.71,5.05,-
27-Jun-03,15.66,15.66,15.66,15.66,5.04,-
30-Jun-03,15.65,15.65,15.65,15.65,5.03,-
1-Jul-03,15.69,15.69,15.69,15.69,5.05,-
2-Jul-03,15.83,15.83,15.83,15.83,5.09,-
3-Jul-03,15.77,15.77,15.77,15.77,5.07,-
7-Jul-03,15.94,15.94,15.94,15.94,5.13,-
8-Jul-03,15.98,15.98,15.98,15.98,5.14,-
9-Jul-03,15.96,15.96,15.96,15.96,5.13,-
10-Jul-03,15.83,15.83,15.83,15.83,5.09,-
11-Jul-03,15.91,15.91,15.91,15.91,5.12,-
14-Jul-03,15.98,15.98,15.98,15.98,5.14,-
15-Jul-03,15.88,15.88,15.88,15.88,5.11,-
16-Jul-03,15.8,15.8,15.8,15.8,5.08,-
17-Jul-03,15.67,15.67,15.67,15.67,5.04,-
18-Jul-03,15.76,15.76,15.76,15.76,5.07,-
21-Jul-03,15.61,15.61,15.61,15.61,5.02,-
22-Jul-03,15.7,15.7,15.7,15.7,5.05,-
23-Jul-03,15.74,15.74,15.74,15.74,5.06,-
24-Jul-03,15.71,15.71,15.71,15.71,5.05,-
25-Jul-03,15.82,15.82,15.82,15.82,5.09,-
28-Jul-03,15.81,15.81,15.81,15.81,5.08,-
29-Jul-03,15.74,15.74,15.74,15.74,5.06,-
30-Jul-03,15.7,15.7,15.7,15.7,5.05,-
31-Jul-03,15.65,15.65,15.65,15.65,5.03,-
1-Aug-03,15.57,15.57,15.57,15.57,5.01,-
4-Aug-03,15.58,15.58,15.58,15.58,5.01,-
5-Aug-03,15.43,15.43,15.43,15.43,4.96,-
6-Aug-03,15.45,15.45,15.45,15.45,4.97,-
7-Aug-03,15.51,15.51,15.51,15.51,4.99,-
8-Aug-03,15.54,15.54,15.54,15.54,5.0,-
11-Aug-03,15.57,15.57,15.57,15.57,5.01,-
12-Aug-03,15.66,15.66,15.66,15.66,5.04,-
13-Aug-03,15.59,15.59,15.59,15.59,5.01,-
14-Aug-03,15.65,15.65,15.65,15.65,5.03,-
15-Aug-03,15.67,15.67,15.67,15.67,5.04,-
18-Aug-03,15.77,15.77,15.77,15.77,5.07,-
19-Aug-03,15.85,15.85,15.85,15.85,5.1,-
20-Aug-03,15.83,15.83,15.83,15.83,5.09,-
21-Aug-03,15.86,15.86,15.86,15.86,5.1,-
22-Aug-03,15.79,15.79,15.79,15.79,5.08,-
25-Aug-03,15.75,15.75,15.75,15.75,5.06,-
26-Aug-03,15.77,15.77,15.77,15.77,5.07,-
27-Aug-03,15.78,15.78,15.78,15.78,5.07,-
28-Aug-03,15.89,15.89,15.89,15.89,5.11,-
29-Aug-03,15.95,15.95,15.95,15.95,5.13,-
2-Sep-03,16.04,16.04,16.04,16.04,5.16,-
3-Sep-03,16.1,16.1,16.1,16.1,5.18,-
4-Sep-03,16.14,16.14,16.14,16.14,5.19,-
5-Sep-03,16.15,16.15,16.15,16.15,5.19,-
8-Sep-03,16.24,16.24,16.24,16.24,5.22,-
9-Sep-03,16.18,16.18,16.18,16.18,5.2,-
10-Sep-03,16.06,16.06,16.06,16.06,5.16,-
11-Sep-03,16.1,16.1,16.1,16.1,5.18,-
12-Sep-03,16.15,16.15,16.15,16.15,5.19,-
15-Sep-03,16.12,16.12,16.12,16.12,5.18,-
16-Sep-03,16.25,16.25,16.25,16.25,5.23,-
17-Sep-03,16.28,16.28,16.28,16.28,5.24,-
18-Sep-03,16.4,16.4,16.4,16.4,5.27,-
19-Sep-03,16.39,16.39,16.39,16.39,5.27,-
22-Sep-03,16.25,16.25,16.25,16.25,5.23,-
23-Sep-03,16.32,16.32,16.32,16.32,5.25,-
24-Sep-03,16.19,16.19,16.19,16.19,5.21,-
25-Sep-03,16.11,16.11,16.11,16.11,5.18,-
26-Sep-03,16.05,16.05,16.05,16.05,5.16,-
29-Sep-03,16.12,16.12,16.12,16.12,5.18,-
30-Sep-03,16.08,16.08,16.08,16.08,5.17,-
1-Oct-03,16.28,16.28,16.28,16.28,5.24,-
2-Oct-03,16.31,16.31,16.31,16.31,5.24,-
3-Oct-03,16.39,16.39,16.39,16.39,5.27,-
6-Oct-03,16.44,16.44,16.44,16.44,5.29,-
7-Oct-03,16.46,16.46,16.46,16.46,5.29,-
8-Oct-03,16.43,16.43,16.43,16.43,5.28,-
9-Oct-03,16.49,16.49,16.49,16.49,5.3,-
10-Oct-03,16.53,16.53,16.53,16.53,5.32,-
13-Oct-03,16.61,16.61,16.61,16.61,5.34,-
14-Oct-03,16.62,16.62,16.62,16.62,5.34,-
15-Oct-03,16.59,16.59,16.59,16.59,5.33,-
16-Oct-03,16.61,16.61,16.61,16.61,5.34,-
17-Oct-03,16.52,16.52,16.52,16.52,5.31,-
20-Oct-03,16.57,16.57,16.57,16.57,5.33,-
21-Oct-03,16.61,16.61,16.61,16.61,5.34,-
22-Oct-03,16.49,16.49,16.49,16.49,5.3,-
23-Oct-03,16.45,16.45,16.45,16.45,5.29,-
24-Oct-03,16.46,16.46,16.46,16.46,5.29,-
27-Oct-03,16.5,16.5,16.5,16.5,5.31,-
28-Oct-03,16.65,16.65,16.65,16.65,5.35,-
29-Oct-03,16.68,16.68,16.68,16.68,5.36,-
30-Oct-03,16.66,16.66,16.66,16.66,5.36,-
31-Oct-03,16.67,16.67,16.67,16.67,5.36,-
3-Nov-03,16.75,16.75,16.75,16.75,5.39,-
4-Nov-03,16.74,16.74,16.74,16.74,5.38,-
5-Nov-03,16.73,16.73,16.73,16.73,5.38,-
6-Nov-03,16.74,16.74,16.74,16.74,5.38,-
7-Nov-03,16.74,16.74,16.74,16.74,5.38,-
10-Nov-03,16.66,16.66,16.66,16.66,5.36,-
11-Nov-03,16.61,16.61,16.61,16.61,5.34,-
12-Nov-03,16.77,16.77,16.77,16.77,5.39,-
13-Nov-03,16.85,16.85,16.85,16.85,5.42,-
14-Nov-03,16.8,16.8,16.8,16.8,5.4,-
17-Nov-03,16.8,16.8,16.8,16.8,5.4,-
18-Nov-03,16.66,16.66,16.66,16.66,5.36,-
19-Nov-03,16.67,16.67,16.67,16.67,5.36,-
20-Nov-03,16.62,16.62,16.62,16.62,5.34,-
21-Nov-03,16.65,16.65,16.65,16.65,5.35,-
24-Nov-03,16.79,16.79,16.79,16.79,5.4,-
25-Nov-03,16.83,16.83,16.83,16.83,5.41,-
26-Nov-03,16.88,16.88,16.88,16.88,5.43,-
28-Nov-03,16.89,16.89,16.89,16.89,5.43,-
1-Dec-03,17.01,17.01,17.01,17.01,5.47,-
2-Dec-03,16.99,16.99,16.99,16.99,5.46,-
3-Dec-03,16.97,16.97,16.97,16.97,5.46,-
4-Dec-03,16.99,16.99,16.99,16.99,5.46,-
5-Dec-03,16.96,16.96,16.96,16.96,5.45,-
8-Dec-03,16.98,16.98,16.98,16.98,5.46,-
9-Dec-03,16.89,16.89,16.89,16.89,5.43,-
10-Dec-03,16.85,16.85,16.85,16.85,5.42,-
11-Dec-03,16.99,16.99,16.99,16.99,5.46,-
12-Dec-03,17.05,17.05,17.05,17.05,5.48,-
15-Dec-03,16.97,16.97,16.97,16.97,5.46,-
16-Dec-03,17.02,17.02,17.02,17.02,5.47,-
17-Dec-03,17.05,17.05,17.05,17.05,5.48,-
18-Dec-03,17.19,17.19,17.19,17.19,5.53,-
19-Dec-03,16.97,16.97,16.97,16.97,5.53,-
22-Dec-03,17,17.0,17.0,17.0,5.54,-
23-Dec-03,17.02,17.02,17.02,17.02,5.55,-
24-Dec-03,17.03,17.03,17.03,17.03,5.55,-
26-Dec-03,17.06,17.06,17.06,17.06,5.56,-
29-Dec-03,17.17,17.17,17.17,17.17,5.6,-
30-Dec-03,17.18,17.18,17.18,17.18,5.6,-
31-Dec-03,17.2,17.2,17.2,17.2,5.61,-
2-Jan-04,17.19,17.19,17.19,17.19,5.61,-
5-Jan-04,17.32,17.32,17.32,17.32,5.65,-
6-Jan-04,17.38,17.38,17.38,17.38,5.67,-
7-Jan-04,17.41,17.41,17.41,17.41,5.68,-
8-Jan-04,17.48,17.48,17.48,17.48,5.7,-
9-Jan-04,17.51,17.51,17.51,17.51,5.71,-
12-Jan-04,17.55,17.55,17.55,17.55,5.72,-
13-Jan-04,17.52,17.52,17.52,17.52,5.71,-
14-Jan-04,17.6,17.6,17.6,17.6,5.74,-
15-Jan-04,17.6,17.6,17.6,17.6,5.74,-
16-Jan-04,17.66,17.66,17.66,17.66,5.76,-
20-Jan-04,17.69,17.69,17.69,17.69,5.77,-
21-Jan-04,17.76,17.76,17.76,17.76,5.79,-
22-Jan-04,17.78,17.78,17.78,17.78,5.8,-
23-Jan-04,17.73,17.73,17.73,17.73,5.78,-
26-Jan-04,17.78,17.78,17.78,17.78,5.8,-
27-Jan-04,17.72,17.72,17.72,17.72,5.78,-
28-Jan-04,17.57,17.57,17.57,17.57,5.73,-
29-Jan-04,17.53,17.53,17.53,17.53,5.72,-
30-Jan-04,17.56,17.56,17.56,17.56,5.73,-
2-Feb-04,17.58,17.58,17.58,17.58,5.73,-
3-Feb-04,17.61,17.61,17.61,17.61,5.74,-
4-Feb-04,17.5,17.5,17.5,17.5,5.71,-
5-Feb-04,17.5,17.5,17.5,17.5,5.71,-
6-Feb-04,17.69,17.69,17.69,17.69,5.77,-
9-Feb-04,17.71,17.71,17.71,17.71,5.78,-
10-Feb-04,17.75,17.75,17.75,17.75,5.79,-
11-Feb-04,17.89,17.89,17.89,17.89,5.83,-
12-Feb-04,17.84,17.84,17.84,17.84,5.82,-
13-Feb-04,17.8,17.8,17.8,17.8,5.81,-
17-Feb-04,17.91,17.91,17.91,17.91,5.84,-
18-Feb-04,17.87,17.87,17.87,17.87,5.83,-
19-Feb-04,17.83,17.83,17.83,17.83,5.81,-
20-Feb-04,17.75,17.75,17.75,17.75,5.79,-
23-Feb-04,17.71,17.71,17.71,17.71,5.78,-
24-Feb-04,17.7,17.7,17.7,17.7,5.77,-
25-Feb-04,17.75,17.75,17.75,17.75,5.79,-
26-Feb-04,17.76,17.76,17.76,17.76,5.79,-
27-Feb-04,17.82,17.82,17.82,17.82,5.81,-
1-Mar-04,17.96,17.96,17.96,17.96,5.86,-
2-Mar-04,17.87,17.87,17.87,17.87,5.83,-
3-Mar-04,17.85,17.85,17.85,17.85,5.82,-
4-Mar-04,17.92,17.92,17.92,17.92,5.84,-
5-Mar-04,18.03,18.03,18.03,18.03,5.88,-
8-Mar-04,17.96,17.96,17.96,17.96,5.86,-
9-Mar-04,17.9,17.9,17.9,17.9,5.84,-
10-Mar-04,17.72,17.72,17.72,17.72,5.78,-
11-Mar-04,17.54,17.54,17.54,17.54,5.72,-
12-Mar-04,17.66,17.66,17.66,17.66,5.76,-
15-Mar-04,17.51,17.51,17.51,17.51,5.71,-
16-Mar-04,17.59,17.59,17.59,17.59,5.74,-
17-Mar-04,17.73,17.73,17.73,17.73,5.78,-
18-Mar-04,17.71,17.71,17.71,17.71,5.78,-
19-Mar-04,17.62,17.62,17.62,17.62,5.75,-
22-Mar-04,17.48,17.48,17.48,17.48,5.7,-
23-Mar-04,17.47,17.47,17.47,17.47,5.7,-
24-Mar-04,17.44,17.44,17.44,17.44,5.69,-
25-Mar-04,17.6,17.6,17.6,17.6,5.74,-
26-Mar-04,17.58,17.58,17.58,17.58,5.73,-
29-Mar-04,17.71,17.71,17.71,17.71,5.78,-
30-Mar-04,17.77,17.77,17.77,17.77,5.8,-
31-Mar-04,17.81,17.81,17.81,17.81,5.81,-
1-Apr-04,17.89,17.89,17.89,17.89,5.83,-
2-Apr-04,17.92,17.92,17.92,17.92,5.84,-
5-Apr-04,17.97,17.97,17.97,17.97,5.86,-
6-Apr-04,17.95,17.95,17.95,17.95,5.85,-
7-Apr-04,17.92,17.92,17.92,17.92,5.84,-
8-Apr-04,17.91,17.91,17.91,17.91,5.84,-
12-Apr-04,17.95,17.95,17.95,17.95,5.85,-
13-Apr-04,17.77,17.77,17.77,17.77,5.8,-
14-Apr-04,17.7,17.7,17.7,17.7,5.77,-
15-Apr-04,17.67,17.67,17.67,17.67,5.76,-
16-Apr-04,17.74,17.74,17.74,17.74,5.79,-
19-Apr-04,17.76,17.76,17.76,17.76,5.79,-
20-Apr-04,17.61,17.61,17.61,17.61,5.74,-
21-Apr-04,17.63,17.63,17.63,17.63,5.75,-
22-Apr-04,17.79,17.79,17.79,17.79,5.8,-
23-Apr-04,17.78,17.78,17.78,17.78,5.8,-
26-Apr-04,17.75,17.75,17.75,17.75,5.79,-
27-Apr-04,17.76,17.76,17.76,17.76,5.79,-
28-Apr-04,17.55,17.55,17.55,17.55,5.72,-
29-Apr-04,17.42,17.42,17.42,17.42,5.68,-
30-Apr-04,17.37,17.37,17.37,17.37,5.66,-
3-May-04,17.45,17.45,17.45,17.45,5.69,-
4-May-04,17.5,17.5,17.5,17.5,5.71,-
5-May-04,17.53,17.53,17.53,17.53,5.72,-
6-May-04,17.39,17.39,17.39,17.39,5.67,-
7-May-04,17.17,17.17,17.17,17.17,5.6,-
10-May-04,16.96,16.96,16.96,16.96,5.53,-
11-May-04,17.07,17.07,17.07,17.07,5.57,-
12-May-04,17.08,17.08,17.08,17.08,5.57,-
13-May-04,17.05,17.05,17.05,17.05,5.56,-
14-May-04,17.05,17.05,17.05,17.05,5.56,-
17-May-04,16.95,16.95,16.95,16.95,5.53,-
18-May-04,17.03,17.03,17.03,17.03,5.55,-
19-May-04,17.07,17.07,17.07,17.07,5.57,-
20-May-04,17.05,17.05,17.05,17.05,5.56,-
21-May-04,17.12,17.12,17.12,17.12,5.58,-
24-May-04,17.17,17.17,17.17,17.17,5.6,-
25-May-04,17.33,17.33,17.33,17.33,5.65,-
26-May-04,17.38,17.38,17.38,17.38,5.67,-
27-May-04,17.49,17.49,17.49,17.49,5.7,-
28-May-04,17.48,17.48,17.48,17.48,5.7,-
1-Jun-04,17.47,17.47,17.47,17.47,5.7,-
2-Jun-04,17.48,17.48,17.48,17.48,5.7,-
3-Jun-04,17.39,17.39,17.39,17.39,5.67,-
4-Jun-04,17.44,17.44,17.44,17.44,5.69,-
7-Jun-04,17.65,17.65,17.65,17.65,5.76,-
8-Jun-04,17.65,17.65,17.65,17.65,5.76,-
9-Jun-04,17.5,17.5,17.5,17.5,5.71,-
10-Jun-04,17.54,17.54,17.54,17.54,5.72,-
14-Jun-04,17.36,17.36,17.36,17.36,5.66,-
15-Jun-04,17.52,17.52,17.52,17.52,5.71,-
16-Jun-04,17.54,17.54,17.54,17.54,5.72,-
17-Jun-04,17.56,17.56,17.56,17.56,5.73,-
18-Jun-04,17.58,17.58,17.58,17.58,5.73,-
21-Jun-04,17.55,17.55,17.55,17.55,5.72,-
22-Jun-04,17.57,17.57,17.57,17.57,5.73,-
23-Jun-04,17.67,17.67,17.67,17.67,5.76,-
24-Jun-04,17.71,17.71,17.71,17.71,5.78,-
25-Jun-04,17.53,17.53,17.53,17.53,5.78,-
28-Jun-04,17.49,17.49,17.49,17.49,5.76,-
29-Jun-04,17.51,17.51,17.51,17.51,5.77,-
30-Jun-04,17.59,17.59,17.59,17.59,5.8,-
1-Jul-04,17.51,17.51,17.51,17.51,5.77,-
2-Jul-04,17.51,17.51,17.51,17.51,5.77,-
6-Jul-04,17.39,17.39,17.39,17.39,5.73,-
7-Jul-04,17.41,17.41,17.41,17.41,5.74,-
8-Jul-04,17.33,17.33,17.33,17.33,5.71,-
9-Jul-04,17.37,17.37,17.37,17.37,5.72,-
12-Jul-04,17.37,17.37,17.37,17.37,5.72,-
13-Jul-04,17.35,17.35,17.35,17.35,5.72,-
14-Jul-04,17.32,17.32,17.32,17.32,5.71,-
15-Jul-04,17.28,17.28,17.28,17.28,5.69,-
16-Jul-04,17.29,17.29,17.29,17.29,5.7,-
19-Jul-04,17.28,17.28,17.28,17.28,5.69,-
20-Jul-04,17.31,17.31,17.31,17.31,5.7,-
21-Jul-04,17.15,17.15,17.15,17.15,5.65,-
22-Jul-04,17.15,17.15,17.15,17.15,5.65,-
23-Jul-04,17.05,17.05,17.05,17.05,5.62,-
26-Jul-04,16.99,16.99,16.99,16.99,5.6,-
27-Jul-04,17.04,17.04,17.04,17.04,5.61,-
28-Jul-04,17.04,17.04,17.04,17.04,5.61,-
29-Jul-04,17.13,17.13,17.13,17.13,5.64,-
30-Jul-04,17.19,17.19,17.19,17.19,5.66,-
2-Aug-04,17.23,17.23,17.23,17.23,5.68,-
3-Aug-04,17.18,17.18,17.18,17.18,5.66,-
4-Aug-04,17.14,17.14,17.14,17.14,5.65,-
5-Aug-04,17.02,17.02,17.02,17.02,5.61,-
6-Aug-04,16.92,16.92,16.92,16.92,5.57,-
9-Aug-04,16.92,16.92,16.92,16.92,5.57,-
10-Aug-04,17.03,17.03,17.03,17.03,5.61,-
11-Aug-04,16.99,16.99,16.99,16.99,5.6,-
12-Aug-04,16.89,16.89,16.89,16.89,5.56,-
13-Aug-04,16.92,16.92,16.92,16.92,5.57,-
16-Aug-04,17.04,17.04,17.04,17.04,5.61,-
17-Aug-04,17.08,17.08,17.08,17.08,5.63,-
18-Aug-04,17.19,17.19,17.19,17.19,5.66,-
19-Aug-04,17.18,17.18,17.18,17.18,5.66,-
20-Aug-04,17.25,17.25,17.25,17.25,5.68,-
23-Aug-04,17.22,17.22,17.22,17.22,5.67,-
24-Aug-04,17.2,17.2,17.2,17.2,5.67,-
25-Aug-04,17.29,17.29,17.29,17.29,5.7,-
26-Aug-04,17.31,17.31,17.31,17.31,5.7,-
27-Aug-04,17.35,17.35,17.35,17.35,5.72,-
30-Aug-04,17.29,17.29,17.29,17.29,5.7,-
31-Aug-04,17.34,17.34,17.34,17.34,5.71,-
1-Sep-04,17.38,17.38,17.38,17.38,5.73,-
2-Sep-04,17.48,17.48,17.48,17.48,5.76,-
3-Sep-04,17.4,17.4,17.4,17.4,5.73,-
7-Sep-04,17.5,17.5,17.5,17.5,5.77,-
8-Sep-04,17.5,17.5,17.5,17.5,5.77,-
9-Sep-04,17.51,17.51,17.51,17.51,5.77,-
10-Sep-04,17.59,17.59,17.59,17.59,5.8,-
13-Sep-04,17.65,17.65,17.65,17.65,5.82,-
14-Sep-04,17.69,17.69,17.69,17.69,5.83,-
15-Sep-04,17.59,17.59,17.59,17.59,5.8,-
16-Sep-04,17.67,17.67,17.67,17.67,5.82,-
17-Sep-04,17.7,17.7,17.7,17.7,5.83,-
20-Sep-04,17.68,17.68,17.68,17.68,5.83,-
21-Sep-04,17.77,17.77,17.77,17.77,5.85,-
22-Sep-04,17.65,17.65,17.65,17.65,5.82,-
23-Sep-04,17.61,17.61,17.61,17.61,5.8,-
24-Sep-04,17.61,17.61,17.61,17.61,5.8,-
27-Sep-04,17.55,17.55,17.55,17.55,5.78,-
28-Sep-04,17.61,17.61,17.61,17.61,5.8,-
29-Sep-04,17.63,17.63,17.63,17.63,5.81,-
30-Sep-04,17.66,17.66,17.66,17.66,5.82,-
1-Oct-04,17.81,17.81,17.81,17.81,5.87,-
4-Oct-04,17.87,17.87,17.87,17.87,5.89,-
5-Oct-04,17.87,17.87,17.87,17.87,5.89,-
6-Oct-04,17.91,17.91,17.91,17.91,5.9,-
7-Oct-04,17.81,17.81,17.81,17.81,5.87,-
8-Oct-04,17.79,17.79,17.79,17.79,5.86,-
11-Oct-04,17.8,17.8,17.8,17.8,5.86,-
12-Oct-04,17.75,17.75,17.75,17.75,5.85,-
13-Oct-04,17.69,17.69,17.69,17.69,5.83,-
14-Oct-04,17.63,17.63,17.63,17.63,5.81,-
15-Oct-04,17.66,17.66,17.66,17.66,5.82,-
18-Oct-04,17.69,17.69,17.69,17.69,5.83,-
19-Oct-04,17.64,17.64,17.64,17.64,5.81,-
20-Oct-04,17.64,17.64,17.64,17.64,5.81,-
21-Oct-04,17.71,17.71,17.71,17.71,5.84,-
22-Oct-04,17.64,17.64,17.64,17.64,5.81,-
25-Oct-04,17.63,17.63,17.63,17.63,5.81,-
26-Oct-04,17.75,17.75,17.75,17.75,5.85,-
27-Oct-04,17.87,17.87,17.87,17.87,5.89,-
28-Oct-04,17.9,17.9,17.9,17.9,5.9,-
29-Oct-04,17.92,17.92,17.92,17.92,5.9,-
1-Nov-04,17.92,17.92,17.92,17.92,5.9,-
2-Nov-04,17.96,17.96,17.96,17.96,5.92,-
3-Nov-04,18.09,18.09,18.09,18.09,5.96,-
4-Nov-04,18.23,18.23,18.23,18.23,6.01,-
5-Nov-04,18.26,18.26,18.26,18.26,6.02,-
8-Nov-04,18.24,18.24,18.24,18.24,6.01,-
9-Nov-04,18.24,18.24,18.24,18.24,6.01,-
10-Nov-04,18.23,18.23,18.23,18.23,6.01,-
11-Nov-04,18.33,18.33,18.33,18.33,6.04,-
12-Nov-04,18.45,18.45,18.45,18.45,6.08,-
15-Nov-04,18.46,18.46,18.46,18.46,6.08,-
16-Nov-04,18.39,18.39,18.39,18.39,6.06,-
17-Nov-04,18.49,18.49,18.49,18.49,6.09,-
18-Nov-04,18.5,18.5,18.5,18.5,6.1,-
19-Nov-04,18.38,18.38,18.38,18.38,6.06,-
22-Nov-04,18.43,18.43,18.43,18.43,6.07,-
23-Nov-04,18.45,18.45,18.45,18.45,6.08,-
24-Nov-04,18.51,18.51,18.51,18.51,6.1,-
26-Nov-04,18.54,18.54,18.54,18.54,6.11,-
29-Nov-04,18.5,18.5,18.5,18.5,6.1,-
30-Nov-04,18.46,18.46,18.46,18.46,6.08,-
1-Dec-04,18.61,18.61,18.61,18.61,6.13,-
2-Dec-04,18.61,18.61,18.61,18.61,6.13,-
3-Dec-04,18.67,18.67,18.67,18.67,6.15,-
6-Dec-04,18.67,18.67,18.67,18.67,6.15,-
7-Dec-04,18.57,18.57,18.57,18.57,6.12,-
8-Dec-04,18.61,18.61,18.61,18.61,6.13,-
9-Dec-04,18.63,18.63,18.63,18.63,6.14,-
10-Dec-04,18.62,18.62,18.62,18.62,6.13,-
13-Dec-04,18.73,18.73,18.73,18.73,6.17,-
14-Dec-04,18.78,18.78,18.78,18.78,6.19,-
15-Dec-04,18.87,18.87,18.87,18.87,6.22,-
16-Dec-04,18.79,18.79,18.79,18.79,6.19,-
17-Dec-04,18.72,18.72,18.72,18.72,6.17,-
20-Dec-04,18.75,18.75,18.75,18.75,6.18,-
21-Dec-04,18.84,18.84,18.84,18.84,6.21,-
22-Dec-04,18.87,18.87,18.87,18.87,6.22,-
23-Dec-04,18.9,18.9,18.9,18.9,6.23,-
27-Dec-04,18.86,18.86,18.86,18.86,6.21,-
28-Dec-04,18.95,18.95,18.95,18.95,6.24,-
29-Dec-04,18.68,18.68,18.68,18.68,6.24,-
30-Dec-04,18.73,18.73,18.73,18.73,6.26,-
31-Dec-04,18.74,18.74,18.74,18.74,6.26,-
3-Jan-05,18.64,18.64,18.64,18.64,6.23,-
4-Jan-05,18.46,18.46,18.46,18.46,6.17,-
5-Jan-05,18.4,18.4,18.4,18.4,6.15,-
6-Jan-05,18.42,18.42,18.42,18.42,6.15,-
7-Jan-05,18.41,18.41,18.41,18.41,6.15,-
10-Jan-05,18.47,18.47,18.47,18.47,6.17,-
11-Jan-05,18.43,18.43,18.43,18.43,6.16,-
12-Jan-05,18.48,18.48,18.48,18.48,6.17,-
13-Jan-05,18.43,18.43,18.43,18.43,6.16,-
14-Jan-05,18.48,18.48,18.48,18.48,6.17,-
18-Jan-05,18.57,18.57,18.57,18.57,6.2,-
19-Jan-05,18.5,18.5,18.5,18.5,6.18,-
20-Jan-05,18.4,18.4,18.4,18.4,6.15,-
21-Jan-05,18.35,18.35,18.35,18.35,6.13,-
24-Jan-05,18.32,18.32,18.32,18.32,6.12,-
25-Jan-05,18.31,18.31,18.31,18.31,6.12,-
26-Jan-05,18.41,18.41,18.41,18.41,6.15,-
27-Jan-05,18.42,18.42,18.42,18.42,6.15,-
28-Jan-05,18.4,18.4,18.4,18.4,6.15,-
31-Jan-05,18.52,18.52,18.52,18.52,6.19,-
1-Feb-05,18.58,18.58,18.58,18.58,6.21,-
2-Feb-05,18.63,18.63,18.63,18.63,6.22,-
3-Feb-05,18.59,18.59,18.59,18.59,6.21,-
4-Feb-05,18.75,18.75,18.75,18.75,6.26,-
7-Feb-05,18.76,18.76,18.76,18.76,6.27,-
8-Feb-05,18.76,18.76,18.76,18.76,6.27,-
9-Feb-05,18.68,18.68,18.68,18.68,6.24,-
10-Feb-05,18.71,18.71,18.71,18.71,6.25,-
11-Feb-05,18.79,18.79,18.79,18.79,6.28,-
14-Feb-05,18.83,18.83,18.83,18.83,6.29,-
15-Feb-05,18.86,18.86,18.86,18.86,6.3,-
16-Feb-05,18.84,18.84,18.84,18.84,6.29,-
17-Feb-05,18.78,18.78,18.78,18.78,6.27,-
18-Feb-05,18.76,18.76,18.76,18.76,6.27,-
22-Feb-05,18.64,18.64,18.64,18.64,6.23,-
23-Feb-05,18.68,18.68,18.68,18.68,6.24,-
24-Feb-05,18.77,18.77,18.77,18.77,6.27,-
25-Feb-05,18.88,18.88,18.88,18.88,6.31,-
28-Feb-05,18.79,18.79,18.79,18.79,6.28,-
1-Mar-05,18.85,18.85,18.85,18.85,6.3,-
2-Mar-05,18.82,18.82,18.82,18.82,6.29,-
3-Mar-05,18.83,18.83,18.83,18.83,6.29,-
4-Mar-05,18.98,18.98,18.98,18.98,6.34,-
7-Mar-05,19.02,19.02,19.02,19.02,6.35,-
8-Mar-05,18.95,18.95,18.95,18.95,6.33,-
9-Mar-05,18.81,18.81,18.81,18.81,6.28,-
10-Mar-05,18.84,18.84,18.84,18.84,6.29,-
11-Mar-05,18.76,18.76,18.76,18.76,6.27,-
14-Mar-05,18.8,18.8,18.8,18.8,6.28,-
15-Mar-05,18.71,18.71,18.71,18.71,6.25,-
16-Mar-05,18.64,18.64,18.64,18.64,6.23,-
17-Mar-05,18.68,18.68,18.68,18.68,6.24,-
18-Mar-05,18.64,18.64,18.64,18.64,6.23,-
21-Mar-05,18.58,18.58,18.58,18.58,6.21,-
22-Mar-05,18.46,18.46,18.46,18.46,6.17,-
23-Mar-05,18.43,18.43,18.43,18.43,6.16,-
24-Mar-05,18.43,18.43,18.43,18.43,6.16,-
28-Mar-05,18.44,18.44,18.44,18.44,6.16,-
29-Mar-05,18.35,18.35,18.35,18.35,6.13,-
30-Mar-05,18.51,18.51,18.51,18.51,6.18,-
31-Mar-05,18.54,18.54,18.54,18.54,6.19,-
1-Apr-05,18.5,18.5,18.5,18.5,6.18,-
4-Apr-05,18.5,18.5,18.5,18.5,6.18,-
5-Apr-05,18.55,18.55,18.55,18.55,6.2,-
6-Apr-05,18.6,18.6,18.6,18.6,6.21,-
7-Apr-05,18.66,18.66,18.66,18.66,6.23,-
8-Apr-05,18.57,18.57,18.57,18.57,6.2,-
11-Apr-05,18.59,18.59,18.59,18.59,6.21,-
12-Apr-05,18.66,18.66,18.66,18.66,6.23,-
13-Apr-05,18.53,18.53,18.53,18.53,6.19,-
14-Apr-05,18.4,18.4,18.4,18.4,6.15,-
15-Apr-05,18.24,18.24,18.24,18.24,6.09,-
18-Apr-05,18.25,18.25,18.25,18.25,6.1,-
19-Apr-05,18.36,18.36,18.36,18.36,6.13,-
20-Apr-05,18.24,18.24,18.24,18.24,6.09,-
21-Apr-05,18.41,18.41,18.41,18.41,6.15,-
22-Apr-05,18.36,18.36,18.36,18.36,6.13,-
25-Apr-05,18.46,18.46,18.46,18.46,6.17,-
26-Apr-05,18.34,18.34,18.34,18.34,6.13,-
27-Apr-05,18.37,18.37,18.37,18.37,6.14,-
28-Apr-05,18.27,18.27,18.27,18.27,6.1,-
29-Apr-05,18.38,18.38,18.38,18.38,6.14,-
2-May-05,18.43,18.43,18.43,18.43,6.16,-
3-May-05,18.42,18.42,18.42,18.42,6.15,-
4-May-05,18.58,18.58,18.58,18.58,6.21,-
5-May-05,18.58,18.58,18.58,18.58,6.21,-
6-May-05,18.56,18.56,18.56,18.56,6.2,-
9-May-05,18.62,18.62,18.62,18.62,6.22,-
10-May-05,18.52,18.52,18.52,18.52,6.19,-
11-May-05,18.56,18.56,18.56,18.56,6.2,-
12-May-05,18.45,18.45,18.45,18.45,6.16,-
13-May-05,18.42,18.42,18.42,18.42,6.15,-
16-May-05,18.5,18.5,18.5,18.5,6.18,-
17-May-05,18.58,18.58,18.58,18.58,6.21,-
18-May-05,18.71,18.71,18.71,18.71,6.25,-
19-May-05,18.76,18.76,18.76,18.76,6.27,-
20-May-05,18.74,18.74,18.74,18.74,6.26,-
23-May-05,18.82,18.82,18.82,18.82,6.29,-
24-May-05,18.84,18.84,18.84,18.84,6.29,-
25-May-05,18.78,18.78,18.78,18.78,6.27,-
26-May-05,18.85,18.85,18.85,18.85,6.3,-
27-May-05,18.88,18.88,18.88,18.88,6.31,-
31-May-05,18.86,18.86,18.86,18.86,6.3,-
1-Jun-05,18.99,18.99,18.99,18.99,6.34,-
2-Jun-05,19.04,19.04,19.04,19.04,6.36,-
3-Jun-05,18.95,18.95,18.95,18.95,6.33,-
6-Jun-05,18.98,18.98,18.98,18.98,6.34,-
7-Jun-05,19,19.0,19.0,19.0,6.35,-
8-Jun-05,18.97,18.97,18.97,18.97,6.34,-
9-Jun-05,19.01,19.01,19.01,19.01,6.35,-
10-Jun-05,18.94,18.94,18.94,18.94,6.33,-
13-Jun-05,18.95,18.95,18.95,18.95,6.33,-
14-Jun-05,18.97,18.97,18.97,18.97,6.34,-
15-Jun-05,19.01,19.01,19.01,19.01,6.35,-
16-Jun-05,19.08,19.08,19.08,19.08,6.37,-
17-Jun-05,19.15,19.15,19.15,19.15,6.4,-
20-Jun-05,19.13,19.13,19.13,19.13,6.39,-
21-Jun-05,19.14,19.14,19.14,19.14,6.39,-
22-Jun-05,19.19,19.19,19.19,19.19,6.41,-
23-Jun-05,19.07,19.07,19.07,19.07,6.37,-
24-Jun-05,18.83,18.83,18.83,18.83,6.35,-
27-Jun-05,18.83,18.83,18.83,18.83,6.35,-
28-Jun-05,18.9,18.9,18.9,18.9,6.37,-
29-Jun-05,18.88,18.88,18.88,18.88,6.37,-
30-Jun-05,18.85,18.85,18.85,18.85,6.36,-
1-Jul-05,18.84,18.84,18.84,18.84,6.35,-
5-Jul-05,18.89,18.89,18.89,18.89,6.37,-
6-Jul-05,18.85,18.85,18.85,18.85,6.36,-
7-Jul-05,18.87,18.87,18.87,18.87,6.36,-
8-Jul-05,18.98,18.98,18.98,18.98,6.4,-
11-Jul-05,19.08,19.08,19.08,19.08,6.43,-
12-Jul-05,19.11,19.11,19.11,19.11,6.44,-
13-Jul-05,19.1,19.1,19.1,19.1,6.44,-
14-Jul-05,19.13,19.13,19.13,19.13,6.45,-
15-Jul-05,19.13,19.13,19.13,19.13,6.45,-
18-Jul-05,19.06,19.06,19.06,19.06,6.43,-
19-Jul-05,19.14,19.14,19.14,19.14,6.45,-
20-Jul-05,19.24,19.24,19.24,19.24,6.49,-
21-Jul-05,19.14,19.14,19.14,19.14,6.45,-
22-Jul-05,19.21,19.21,19.21,19.21,6.48,-
25-Jul-05,19.14,19.14,19.14,19.14,6.45,-
26-Jul-05,19.16,19.16,19.16,19.16,6.46,-
27-Jul-05,19.22,19.22,19.22,19.22,6.48,-
28-Jul-05,19.33,19.33,19.33,19.33,6.52,-
29-Jul-05,19.24,19.24,19.24,19.24,6.49,-
1-Aug-05,19.29,19.29,19.29,19.29,6.51,-
2-Aug-05,19.36,19.36,19.36,19.36,6.53,-
3-Aug-05,19.39,19.39,19.39,19.39,6.54,-
4-Aug-05,19.31,19.31,19.31,19.31,6.51,-
5-Aug-05,19.18,19.18,19.18,19.18,6.47,-
8-Aug-05,19.17,19.17,19.17,19.17,6.46,-
9-Aug-05,19.26,19.26,19.26,19.26,6.5,-
10-Aug-05,19.29,19.29,19.29,19.29,6.51,-
11-Aug-05,19.4,19.4,19.4,19.4,6.54,-
12-Aug-05,19.38,19.38,19.38,19.38,6.54,-
15-Aug-05,19.38,19.38,19.38,19.38,6.54,-
16-Aug-05,19.27,19.27,19.27,19.27,6.5,-
17-Aug-05,19.26,19.26,19.26,19.26,6.5,-
18-Aug-05,19.22,19.22,19.22,19.22,6.48,-
19-Aug-05,19.24,19.24,19.24,19.24,6.49,-
22-Aug-05,19.29,19.29,19.29,19.29,6.51,-
23-Aug-05,19.25,19.25,19.25,19.25,6.49,-
24-Aug-05,19.2,19.2,19.2,19.2,6.48,-
25-Aug-05,19.23,19.23,19.23,19.23,6.49,-
26-Aug-05,19.16,19.16,19.16,19.16,6.46,-
29-Aug-05,19.21,19.21,19.21,19.21,6.48,-
30-Aug-05,19.21,19.21,19.21,19.21,6.48,-
31-Aug-05,19.37,19.37,19.37,19.37,6.53,-
1-Sep-05,19.43,19.43,19.43,19.43,6.55,-
2-Sep-05,19.41,19.41,19.41,19.41,6.55,-
6-Sep-05,19.53,19.53,19.53,19.53,6.59,-
7-Sep-05,19.53,19.53,19.53,19.53,6.59,-
8-Sep-05,19.5,19.5,19.5,19.5,6.58,-
9-Sep-05,19.6,19.6,19.6,19.6,6.61,-
12-Sep-05,19.57,19.57,19.57,19.57,6.6,-
13-Sep-05,19.49,19.49,19.49,19.49,6.57,-
14-Sep-05,19.46,19.46,19.46,19.46,6.56,-
15-Sep-05,19.42,19.42,19.42,19.42,6.55,-
16-Sep-05,19.49,19.49,19.49,19.49,6.57,-
19-Sep-05,19.44,19.44,19.44,19.44,6.56,-
20-Sep-05,19.37,19.37,19.37,19.37,6.53,-
21-Sep-05,19.31,19.31,19.31,19.31,6.51,-
22-Sep-05,19.31,19.31,19.31,19.31,6.51,-
23-Sep-05,19.31,19.31,19.31,19.31,6.51,-
26-Sep-05,19.34,19.34,19.34,19.34,6.52,-
27-Sep-05,19.32,19.32,19.32,19.32,6.52,-
28-Sep-05,19.37,19.37,19.37,19.37,6.53,-
29-Sep-05,19.45,19.45,19.45,19.45,6.56,-
30-Sep-05,19.48,19.48,19.48,19.48,6.63,-
3-Oct-05,19.44,19.44,19.44,19.44,6.62,-
4-Oct-05,19.37,19.37,19.37,19.37,6.59,-
5-Oct-05,19.19,19.19,19.19,19.19,6.53,-
6-Oct-05,19.11,19.11,19.11,19.11,6.5,-
7-Oct-05,19.17,19.17,19.17,19.17,6.53,-
10-Oct-05,19.09,19.09,19.09,19.09,6.5,-
11-Oct-05,19.06,19.06,19.06,19.06,6.49,-
12-Oct-05,18.95,18.95,18.95,18.95,6.45,-
13-Oct-05,18.88,18.88,18.88,18.88,6.43,-
14-Oct-05,18.99,18.99,18.99,18.99,6.46,-
17-Oct-05,19.01,19.01,19.01,19.01,6.47,-
18-Oct-05,18.89,18.89,18.89,18.89,6.43,-
19-Oct-05,19.03,19.03,19.03,19.03,6.48,-
20-Oct-05,18.85,18.85,18.85,18.85,6.42,-
21-Oct-05,18.93,18.93,18.93,18.93,6.44,-
24-Oct-05,19.1,19.1,19.1,19.1,6.5,-
25-Oct-05,19.05,19.05,19.05,19.05,6.48,-
26-Oct-05,18.97,18.97,18.97,18.97,6.46,-
27-Oct-05,18.86,18.86,18.86,18.86,6.42,-
28-Oct-05,19.01,19.01,19.01,19.01,6.47,-
31-Oct-05,19.14,19.14,19.14,19.14,6.52,-
1-Nov-05,19.13,19.13,19.13,19.13,6.51,-
2-Nov-05,19.27,19.27,19.27,19.27,6.56,-
3-Nov-05,19.32,19.32,19.32,19.32,6.58,-
4-Nov-05,19.28,19.28,19.28,19.28,6.56,-
7-Nov-05,19.32,19.32,19.32,19.32,6.58,-
8-Nov-05,19.31,19.31,19.31,19.31,6.57,-
9-Nov-05,19.29,19.29,19.29,19.29,6.57,-
10-Nov-05,19.4,19.4,19.4,19.4,6.6,-
11-Nov-05,19.44,19.44,19.44,19.44,6.62,-
14-Nov-05,19.4,19.4,19.4,19.4,6.6,-
15-Nov-05,19.35,19.35,19.35,19.35,6.59,-
16-Nov-05,19.41,19.41,19.41,19.41,6.61,-
17-Nov-05,19.56,19.56,19.56,19.56,6.66,-
18-Nov-05,19.58,19.58,19.58,19.58,6.66,-
21-Nov-05,19.67,19.67,19.67,19.67,6.7,-
22-Nov-05,19.72,19.72,19.72,19.72,6.71,-
23-Nov-05,19.77,19.77,19.77,19.77,6.73,-
25-Nov-05,19.79,19.79,19.79,19.79,6.74,-
28-Nov-05,19.69,19.69,19.69,19.69,6.7,-
29-Nov-05,19.67,19.67,19.67,19.67,6.7,-
30-Nov-05,19.62,19.62,19.62,19.62,6.68,-
1-Dec-05,19.78,19.78,19.78,19.78,6.73,-
2-Dec-05,19.81,19.81,19.81,19.81,6.74,-
5-Dec-05,19.78,19.78,19.78,19.78,6.73,-
6-Dec-05,19.86,19.86,19.86,19.86,6.76,-
7-Dec-05,19.79,19.79,19.79,19.79,6.74,-
8-Dec-05,19.82,19.82,19.82,19.82,6.75,-
9-Dec-05,19.84,19.84,19.84,19.84,6.75,-
12-Dec-05,19.88,19.88,19.88,19.88,6.77,-
13-Dec-05,19.94,19.94,19.94,19.94,6.79,-
14-Dec-05,20.01,20.01,20.01,20.01,6.81,-
15-Dec-05,19.96,19.96,19.96,19.96,6.79,-
16-Dec-05,19.97,19.97,19.97,19.97,6.8,-
19-Dec-05,19.91,19.91,19.91,19.91,6.78,-
20-Dec-05,19.93,19.93,19.93,19.93,6.78,-
21-Dec-05,19.97,19.97,19.97,19.97,6.8,-
22-Dec-05,20.05,20.05,20.05,20.05,6.82,-
23-Dec-05,20.09,20.09,20.09,20.09,6.84,-
27-Dec-05,20,20.0,20.0,20.0,6.81,-
28-Dec-05,20.04,20.04,20.04,20.04,6.82,-
29-Dec-05,19.67,19.67,19.67,19.67,6.81,-
30-Dec-05,19.6,19.6,19.6,19.6,6.79,-
3-Jan-06,19.85,19.85,19.85,19.85,6.88,-
4-Jan-06,19.95,19.95,19.95,19.95,6.91,-
5-Jan-06,19.95,19.95,19.95,19.95,6.91,-
6-Jan-06,20.09,20.09,20.09,20.09,6.96,-
9-Jan-06,20.15,20.15,20.15,20.15,6.98,-
10-Jan-06,20.1,20.1,20.1,20.1,6.96,-
11-Jan-06,20.14,20.14,20.14,20.14,6.98,-
12-Jan-06,20.09,20.09,20.09,20.09,6.96,-
13-Jan-06,20.12,20.12,20.12,20.12,6.97,-
17-Jan-06,20.04,20.04,20.04,20.04,6.94,-
18-Jan-06,19.98,19.98,19.98,19.98,6.92,-
19-Jan-06,20.08,20.08,20.08,20.08,6.95,-
20-Jan-06,19.88,19.88,19.88,19.88,6.89,-
23-Jan-06,19.94,19.94,19.94,19.94,6.91,-
24-Jan-06,19.98,19.98,19.98,19.98,6.92,-
25-Jan-06,19.93,19.93,19.93,19.93,6.9,-
26-Jan-06,20.03,20.03,20.03,20.03,6.94,-
27-Jan-06,20.14,20.14,20.14,20.14,6.98,-
30-Jan-06,20.13,20.13,20.13,20.13,6.97,-
31-Jan-06,20.13,20.13,20.13,20.13,6.97,-
1-Feb-06,20.14,20.14,20.14,20.14,6.98,-
2-Feb-06,20.01,20.01,20.01,20.01,6.93,-
3-Feb-06,19.96,19.96,19.96,19.96,6.91,-
6-Feb-06,20,20.0,20.0,20.0,6.93,-
7-Feb-06,19.87,19.87,19.87,19.87,6.88,-
8-Feb-06,19.94,19.94,19.94,19.94,6.91,-
9-Feb-06,19.94,19.94,19.94,19.94,6.91,-
10-Feb-06,19.94,19.94,19.94,19.94,6.91,-
13-Feb-06,19.87,19.87,19.87,19.87,6.88,-
14-Feb-06,19.96,19.96,19.96,19.96,6.91,-
15-Feb-06,19.99,19.99,19.99,19.99,6.92,-
16-Feb-06,20.1,20.1,20.1,20.1,6.96,-
17-Feb-06,20.12,20.12,20.12,20.12,6.97,-
21-Feb-06,20.08,20.08,20.08,20.08,6.95,-
22-Feb-06,20.18,20.18,20.18,20.18,6.99,-
23-Feb-06,20.16,20.16,20.16,20.16,6.98,-
24-Feb-06,20.19,20.19,20.19,20.19,6.99,-
27-Feb-06,20.24,20.24,20.24,20.24,7.01,-
28-Feb-06,20.13,20.13,20.13,20.13,6.97,-
1-Mar-06,20.25,20.25,20.25,20.25,7.01,-
2-Mar-06,20.2,20.2,20.2,20.2,7.0,-
3-Mar-06,20.16,20.16,20.16,20.16,6.98,-
6-Mar-06,20.05,20.05,20.05,20.05,6.94,-
7-Mar-06,19.97,19.97,19.97,19.97,6.92,-
8-Mar-06,19.97,19.97,19.97,19.97,6.92,-
9-Mar-06,19.94,19.94,19.94,19.94,6.91,-
10-Mar-06,20.02,20.02,20.02,20.02,6.93,-
13-Mar-06,20.06,20.06,20.06,20.06,6.95,-
14-Mar-06,20.24,20.24,20.24,20.24,7.01,-
15-Mar-06,20.28,20.28,20.28,20.28,7.02,-
16-Mar-06,20.32,20.32,20.32,20.32,7.04,-
17-Mar-06,20.34,20.34,20.34,20.34,7.04,-
20-Mar-06,20.36,20.36,20.36,20.36,7.05,-
21-Mar-06,20.24,20.24,20.24,20.24,7.01,-
22-Mar-06,20.33,20.33,20.33,20.33,7.04,-
23-Mar-06,20.27,20.27,20.27,20.27,7.02,-
24-Mar-06,20.34,20.34,20.34,20.34,7.04,-
27-Mar-06,20.31,20.31,20.31,20.31,7.03,-
28-Mar-06,20.21,20.21,20.21,20.21,7.0,-
29-Mar-06,20.29,20.29,20.29,20.29,7.03,-
30-Mar-06,20.3,20.3,20.3,20.3,7.03,-
31-Mar-06,20.25,20.25,20.25,20.25,7.01,-
3-Apr-06,20.3,20.3,20.3,20.3,7.03,-
4-Apr-06,20.39,20.39,20.39,20.39,7.06,-
5-Apr-06,20.46,20.46,20.46,20.46,7.09,-
6-Apr-06,20.43,20.43,20.43,20.43,7.08,-
7-Apr-06,20.28,20.28,20.28,20.28,7.02,-
10-Apr-06,20.28,20.28,20.28,20.28,7.02,-
11-Apr-06,20.19,20.19,20.19,20.19,6.99,-
12-Apr-06,20.19,20.19,20.19,20.19,6.99,-
13-Apr-06,20.18,20.18,20.18,20.18,6.99,-
17-Apr-06,20.19,20.19,20.19,20.19,6.99,-
18-Apr-06,20.42,20.42,20.42,20.42,7.07,-
19-Apr-06,20.47,20.47,20.47,20.47,7.09,-
20-Apr-06,20.47,20.47,20.47,20.47,7.09,-
21-Apr-06,20.5,20.5,20.5,20.5,7.1,-
24-Apr-06,20.49,20.49,20.49,20.49,7.1,-
25-Apr-06,20.41,20.41,20.41,20.41,7.07,-
26-Apr-06,20.43,20.43,20.43,20.43,7.08,-
27-Apr-06,20.48,20.48,20.48,20.48,7.09,-
28-Apr-06,20.49,20.49,20.49,20.49,7.1,-
1-May-06,20.44,20.44,20.44,20.44,7.08,-
2-May-06,20.56,20.56,20.56,20.56,7.12,-
3-May-06,20.49,20.49,20.49,20.49,7.1,-
4-May-06,20.56,20.56,20.56,20.56,7.12,-
5-May-06,20.72,20.72,20.72,20.72,7.18,-
8-May-06,20.73,20.73,20.73,20.73,7.18,-
9-May-06,20.74,20.74,20.74,20.74,7.18,-
10-May-06,20.69,20.69,20.69,20.69,7.17,-
11-May-06,20.51,20.51,20.51,20.51,7.1,-
12-May-06,20.32,20.32,20.32,20.32,7.04,-
15-May-06,20.3,20.3,20.3,20.3,7.03,-
16-May-06,20.29,20.29,20.29,20.29,7.03,-
17-May-06,20.03,20.03,20.03,20.03,6.94,-
18-May-06,19.97,19.97,19.97,19.97,6.92,-
19-May-06,20.02,20.02,20.02,20.02,6.93,-
22-May-06,19.9,19.9,19.9,19.9,6.89,-
23-May-06,19.88,19.88,19.88,19.88,6.89,-
24-May-06,19.86,19.86,19.86,19.86,6.88,-
25-May-06,20,20.0,20.0,20.0,6.93,-
26-May-06,20.11,20.11,20.11,20.11,6.97,-
30-May-06,19.89,19.89,19.89,19.89,6.89,-
31-May-06,19.98,19.98,19.98,19.98,6.92,-
1-Jun-06,20.13,20.13,20.13,20.13,6.97,-
2-Jun-06,20.22,20.22,20.22,20.22,7.0,-
5-Jun-06,19.98,19.98,19.98,19.98,6.92,-
6-Jun-06,19.91,19.91,19.91,19.91,6.9,-
7-Jun-06,19.81,19.81,19.81,19.81,6.86,-
8-Jun-06,19.74,19.74,19.74,19.74,6.84,-
9-Jun-06,19.73,19.73,19.73,19.73,6.83,-
12-Jun-06,19.55,19.55,19.55,19.55,6.77,-
13-Jun-06,19.38,19.38,19.38,19.38,6.71,-
14-Jun-06,19.45,19.45,19.45,19.45,6.74,-
15-Jun-06,19.72,19.72,19.72,19.72,6.83,-
16-Jun-06,19.66,19.66,19.66,19.66,6.81,-
19-Jun-06,19.54,19.54,19.54,19.54,6.77,-
20-Jun-06,19.53,19.53,19.53,19.53,6.76,-
21-Jun-06,19.66,19.66,19.66,19.66,6.81,-
22-Jun-06,19.6,19.6,19.6,19.6,6.79,-
23-Jun-06,19.37,19.37,19.37,19.37,6.79,-
26-Jun-06,19.42,19.42,19.42,19.42,6.8,-
27-Jun-06,19.3,19.3,19.3,19.3,6.76,-
28-Jun-06,19.33,19.33,19.33,19.33,6.77,-
29-Jun-06,19.67,19.67,19.67,19.67,6.89,-
30-Jun-06,19.75,19.75,19.75,19.75,6.92,-
3-Jul-06,19.84,19.84,19.84,19.84,6.95,-
5-Jul-06,19.68,19.68,19.68,19.68,6.89,-
6-Jul-06,19.74,19.74,19.74,19.74,6.91,-
7-Jul-06,19.69,19.69,19.69,19.69,6.9,-
10-Jul-06,19.7,19.7,19.7,19.7,6.9,-
11-Jul-06,19.74,19.74,19.74,19.74,6.91,-
12-Jul-06,19.59,19.59,19.59,19.59,6.86,-
13-Jul-06,19.42,19.42,19.42,19.42,6.8,-
14-Jul-06,19.33,19.33,19.33,19.33,6.77,-
17-Jul-06,19.27,19.27,19.27,19.27,6.75,-
18-Jul-06,19.25,19.25,19.25,19.25,6.74,-
19-Jul-06,19.53,19.53,19.53,19.53,6.84,-
20-Jul-06,19.45,19.45,19.45,19.45,6.81,-
21-Jul-06,19.35,19.35,19.35,19.35,6.78,-
24-Jul-06,19.56,19.56,19.56,19.56,6.85,-
25-Jul-06,19.64,19.64,19.64,19.64,6.88,-
26-Jul-06,19.65,19.65,19.65,19.65,6.88,-
27-Jul-06,19.63,19.63,19.63,19.63,6.88,-
28-Jul-06,19.83,19.83,19.83,19.83,6.95,-
31-Jul-06,19.81,19.81,19.81,19.81,6.94,-
1-Aug-06,19.71,19.71,19.71,19.71,6.9,-
2-Aug-06,19.84,19.84,19.84,19.84,6.95,-
3-Aug-06,19.85,19.85,19.85,19.85,6.95,-
4-Aug-06,19.88,19.88,19.88,19.88,6.96,-
7-Aug-06,19.79,19.79,19.79,19.79,6.93,-
8-Aug-06,19.75,19.75,19.75,19.75,6.92,-
9-Aug-06,19.72,19.72,19.72,19.72,6.91,-
10-Aug-06,19.74,19.74,19.74,19.74,6.91,-
11-Aug-06,19.67,19.67,19.67,19.67,6.89,-
14-Aug-06,19.69,19.69,19.69,19.69,6.9,-
15-Aug-06,19.93,19.93,19.93,19.93,6.98,-
16-Aug-06,20.1,20.1,20.1,20.1,7.04,-
17-Aug-06,20.12,20.12,20.12,20.12,7.05,-
18-Aug-06,20.15,20.15,20.15,20.15,7.06,-
21-Aug-06,20.11,20.11,20.11,20.11,7.04,-
22-Aug-06,20.12,20.12,20.12,20.12,7.05,-
23-Aug-06,20.05,20.05,20.05,20.05,7.02,-
24-Aug-06,20.06,20.06,20.06,20.06,7.03,-
25-Aug-06,20.05,20.05,20.05,20.05,7.02,-
28-Aug-06,20.12,20.12,20.12,20.12,7.05,-
29-Aug-06,20.18,20.18,20.18,20.18,7.07,-
30-Aug-06,20.22,20.22,20.22,20.22,7.08,-
31-Aug-06,20.24,20.24,20.24,20.24,7.09,-
1-Sep-06,20.32,20.32,20.32,20.32,7.12,-
5-Sep-06,20.33,20.33,20.33,20.33,7.12,-
6-Sep-06,20.15,20.15,20.15,20.15,7.06,-
7-Sep-06,20.07,20.07,20.07,20.07,7.03,-
8-Sep-06,20.12,20.12,20.12,20.12,7.05,-
11-Sep-06,20.09,20.09,20.09,20.09,7.04,-
12-Sep-06,20.26,20.26,20.26,20.26,7.1,-
13-Sep-06,20.32,20.32,20.32,20.32,7.12,-
14-Sep-06,20.3,20.3,20.3,20.3,7.11,-
15-Sep-06,20.32,20.32,20.32,20.32,7.12,-
18-Sep-06,20.35,20.35,20.35,20.35,7.13,-
19-Sep-06,20.34,20.34,20.34,20.34,7.12,-
20-Sep-06,20.44,20.44,20.44,20.44,7.16,-
21-Sep-06,20.41,20.41,20.41,20.41,7.15,-
22-Sep-06,20.38,20.38,20.38,20.38,7.14,-
25-Sep-06,20.5,20.5,20.5,20.5,7.18,-
26-Sep-06,20.57,20.57,20.57,20.57,7.21,-
27-Sep-06,20.59,20.59,20.59,20.59,7.21,-
28-Sep-06,20.6,20.6,20.6,20.6,7.22,-
29-Sep-06,20.57,20.57,20.57,20.57,7.21,-
2-Oct-06,20.54,20.54,20.54,20.54,7.19,-
3-Oct-06,20.56,20.56,20.56,20.56,7.2,-
4-Oct-06,20.72,20.72,20.72,20.72,7.26,-
5-Oct-06,20.76,20.76,20.76,20.76,7.27,-
6-Oct-06,20.68,20.68,20.68,20.68,7.24,-
9-Oct-06,20.7,20.7,20.7,20.7,7.25,-
10-Oct-06,20.71,20.71,20.71,20.71,7.25,-
11-Oct-06,20.66,20.66,20.66,20.66,7.24,-
12-Oct-06,20.79,20.79,20.79,20.79,7.28,-
13-Oct-06,20.81,20.81,20.81,20.81,7.29,-
16-Oct-06,20.88,20.88,20.88,20.88,7.31,-
17-Oct-06,20.82,20.82,20.82,20.82,7.29,-
18-Oct-06,20.84,20.84,20.84,20.84,7.3,-
19-Oct-06,20.86,20.86,20.86,20.86,7.31,-
20-Oct-06,20.86,20.86,20.86,20.86,7.31,-
23-Oct-06,20.9,20.9,20.9,20.9,7.32,-
24-Oct-06,20.9,20.9,20.9,20.9,7.32,-
25-Oct-06,20.99,20.99,20.99,20.99,7.35,-
26-Oct-06,21.1,21.1,21.1,21.1,7.39,-
27-Oct-06,21,21.0,21.0,21.0,7.36,-
30-Oct-06,21.01,21.01,21.01,21.01,7.36,-
31-Oct-06,21.04,21.04,21.04,21.04,7.37,-
1-Nov-06,20.98,20.98,20.98,20.98,7.35,-
2-Nov-06,20.98,20.98,20.98,20.98,7.35,-
3-Nov-06,20.91,20.91,20.91,20.91,7.32,-
6-Nov-06,21.08,21.08,21.08,21.08,7.38,-
7-Nov-06,21.15,21.15,21.15,21.15,7.41,-
8-Nov-06,21.19,21.19,21.19,21.19,7.42,-
9-Nov-06,21.11,21.11,21.11,21.11,7.39,-
10-Nov-06,21.17,21.17,21.17,21.17,7.42,-
13-Nov-06,21.18,21.18,21.18,21.18,7.42,-
14-Nov-06,21.29,21.29,21.29,21.29,7.46,-
15-Nov-06,21.31,21.31,21.31,21.31,7.46,-
16-Nov-06,21.32,21.32,21.32,21.32,7.47,-
17-Nov-06,21.33,21.33,21.33,21.33,7.47,-
20-Nov-06,21.33,21.33,21.33,21.33,7.47,-
21-Nov-06,21.38,21.38,21.38,21.38,7.49,-
22-Nov-06,21.44,21.44,21.44,21.44,7.51,-
24-Nov-06,21.42,21.42,21.42,21.42,7.5,-
27-Nov-06,21.24,21.24,21.24,21.24,7.44,-
28-Nov-06,21.29,21.29,21.29,21.29,7.46,-
29-Nov-06,21.42,21.42,21.42,21.42,7.5,-
30-Nov-06,21.47,21.47,21.47,21.47,7.52,-
1-Dec-06,21.44,21.44,21.44,21.44,7.51,-
4-Dec-06,21.57,21.57,21.57,21.57,7.56,-
5-Dec-06,21.63,21.63,21.63,21.63,7.58,-
6-Dec-06,21.61,21.61,21.61,21.61,7.57,-
7-Dec-06,21.58,21.58,21.58,21.58,7.56,-
8-Dec-06,21.58,21.58,21.58,21.58,7.56,-
11-Dec-06,21.61,21.61,21.61,21.61,7.57,-
12-Dec-06,21.61,21.61,21.61,21.61,7.57,-
13-Dec-06,21.59,21.59,21.59,21.59,7.56,-
14-Dec-06,21.69,21.69,21.69,21.69,7.6,-
15-Dec-06,21.7,21.7,21.7,21.7,7.6,-
18-Dec-06,21.64,21.64,21.64,21.64,7.58,-
19-Dec-06,21.67,21.67,21.67,21.67,7.59,-
20-Dec-06,21.67,21.67,21.67,21.67,7.59,-
21-Dec-06,21.65,21.65,21.65,21.65,7.58,-
22-Dec-06,21.56,21.56,21.56,21.56,7.55,-
26-Dec-06,21.63,21.63,21.63,21.63,7.58,-
27-Dec-06,21.72,21.72,21.72,21.72,7.61,-
28-Dec-06,21,21.0,21.0,21.0,7.6,-
29-Dec-06,20.94,20.94,20.94,20.94,7.57,-
3-Jan-07,21,21.0,21.0,21.0,7.6,-
4-Jan-07,21.04,21.04,21.04,21.04,7.61,-
5-Jan-07,20.92,20.92,20.92,20.92,7.57,-
8-Jan-07,20.95,20.95,20.95,20.95,7.58,-
9-Jan-07,20.94,20.94,20.94,20.94,7.57,-
10-Jan-07,20.92,20.92,20.92,20.92,7.57,-
11-Jan-07,20.98,20.98,20.98,20.98,7.59,-
12-Jan-07,21.06,21.06,21.06,21.06,7.62,-
16-Jan-07,21.07,21.07,21.07,21.07,7.62,-
17-Jan-07,21.06,21.06,21.06,21.06,7.62,-
18-Jan-07,21,21.0,21.0,21.0,7.6,-
19-Jan-07,21.06,21.06,21.06,21.06,7.62,-
22-Jan-07,21,21.0,21.0,21.0,7.6,-
23-Jan-07,21.04,21.04,21.04,21.04,7.61,-
24-Jan-07,21.16,21.16,21.16,21.16,7.65,-
25-Jan-07,21,21.0,21.0,21.0,7.6,-
26-Jan-07,20.98,20.98,20.98,20.98,7.59,-
29-Jan-07,20.98,20.98,20.98,20.98,7.59,-
30-Jan-07,21.06,21.06,21.06,21.06,7.62,-
31-Jan-07,21.16,21.16,21.16,21.16,7.65,-
1-Feb-07,21.26,21.26,21.26,21.26,7.69,-
2-Feb-07,21.29,21.29,21.29,21.29,7.7,-
5-Feb-07,21.28,21.28,21.28,21.28,7.7,-
6-Feb-07,21.33,21.33,21.33,21.33,7.72,-
7-Feb-07,21.37,21.37,21.37,21.37,7.73,-
8-Feb-07,21.35,21.35,21.35,21.35,7.72,-
9-Feb-07,21.24,21.24,21.24,21.24,7.68,-
12-Feb-07,21.19,21.19,21.19,21.19,7.67,-
13-Feb-07,21.29,21.29,21.29,21.29,7.7,-
14-Feb-07,21.47,21.47,21.47,21.47,7.77,-
15-Feb-07,21.5,21.5,21.5,21.5,7.78,-
16-Feb-07,21.51,21.51,21.51,21.51,7.78,-
20-Feb-07,21.57,21.57,21.57,21.57,7.8,-
21-Feb-07,21.55,21.55,21.55,21.55,7.8,-
22-Feb-07,21.53,21.53,21.53,21.53,7.79,-
23-Feb-07,21.54,21.54,21.54,21.54,7.79,-
26-Feb-07,21.55,21.55,21.55,21.55,7.8,-
27-Feb-07,21.11,21.11,21.11,21.11,7.64,-
28-Feb-07,21.14,21.14,21.14,21.14,7.65,-
1-Mar-07,21.09,21.09,21.09,21.09,7.63,-
2-Mar-07,20.93,20.93,20.93,20.93,7.57,-
5-Mar-07,20.77,20.77,20.77,20.77,7.51,-
6-Mar-07,21.01,21.01,21.01,21.01,7.6,-
7-Mar-07,21,21.0,21.0,21.0,7.6,-
8-Mar-07,21.11,21.11,21.11,21.11,7.64,-
9-Mar-07,21.1,21.1,21.1,21.1,7.63,-
12-Mar-07,21.17,21.17,21.17,21.17,7.66,-
13-Mar-07,20.92,20.92,20.92,20.92,7.57,-
14-Mar-07,20.95,20.95,20.95,20.95,7.58,-
15-Mar-07,21.01,21.01,21.01,21.01,7.6,-
16-Mar-07,20.97,20.97,20.97,20.97,7.59,-
19-Mar-07,21.12,21.12,21.12,21.12,7.64,-
20-Mar-07,21.21,21.21,21.21,21.21,7.67,-
21-Mar-07,21.45,21.45,21.45,21.45,7.76,-
22-Mar-07,21.42,21.42,21.42,21.42,7.75,-
23-Mar-07,21.42,21.42,21.42,21.42,7.75,-
26-Mar-07,21.42,21.42,21.42,21.42,7.75,-
27-Mar-07,21.34,21.34,21.34,21.34,7.72,-
28-Mar-07,21.23,21.23,21.23,21.23,7.68,-
29-Mar-07,21.28,21.28,21.28,21.28,7.7,-
30-Mar-07,21.27,21.27,21.27,21.27,7.69,-
2-Apr-07,21.32,21.32,21.32,21.32,7.71,-
3-Apr-07,21.45,21.45,21.45,21.45,7.76,-
4-Apr-07,21.48,21.48,21.48,21.48,7.77,-
5-Apr-07,21.52,21.52,21.52,21.52,7.78,-
9-Apr-07,21.5,21.5,21.5,21.5,7.78,-
10-Apr-07,21.55,21.55,21.55,21.55,7.8,-
11-Apr-07,21.48,21.48,21.48,21.48,7.77,-
12-Apr-07,21.58,21.58,21.58,21.58,7.81,-
13-Apr-07,21.62,21.62,21.62,21.62,7.82,-
16-Apr-07,21.8,21.8,21.8,21.8,7.89,-
17-Apr-07,21.82,21.82,21.82,21.82,7.89,-
18-Apr-07,21.85,21.85,21.85,21.85,7.9,-
19-Apr-07,21.8,21.8,21.8,21.8,7.89,-
20-Apr-07,21.93,21.93,21.93,21.93,7.93,-
23-Apr-07,21.9,21.9,21.9,21.9,7.92,-
24-Apr-07,21.91,21.91,21.91,21.91,7.93,-
25-Apr-07,22.03,22.03,22.03,22.03,7.97,-
26-Apr-07,21.99,21.99,21.99,21.99,7.95,-
27-Apr-07,21.96,21.96,21.96,21.96,7.94,-
30-Apr-07,21.86,21.86,21.86,21.86,7.91,-
1-May-07,21.89,21.89,21.89,21.89,7.92,-
2-May-07,22.02,22.02,22.02,22.02,7.97,-
3-May-07,22.07,22.07,22.07,22.07,7.98,-
4-May-07,22.15,22.15,22.15,22.15,8.01,-
7-May-07,22.18,22.18,22.18,22.18,8.02,-
8-May-07,22.14,22.14,22.14,22.14,8.01,-
9-May-07,22.18,22.18,22.18,22.18,8.02,-
10-May-07,21.98,21.98,21.98,21.98,7.95,-
11-May-07,22.14,22.14,22.14,22.14,8.01,-
14-May-07,22.1,22.1,22.1,22.1,7.99,-
15-May-07,22.07,22.07,22.07,22.07,7.98,-
16-May-07,22.19,22.19,22.19,22.19,8.03,-
17-May-07,22.15,22.15,22.15,22.15,8.01,-
18-May-07,22.23,22.23,22.23,22.23,8.04,-
21-May-07,22.26,22.26,22.26,22.26,8.05,-
22-May-07,22.26,22.26,22.26,22.26,8.05,-
23-May-07,22.24,22.24,22.24,22.24,8.04,-
24-May-07,22.09,22.09,22.09,22.09,7.99,-
25-May-07,22.17,22.17,22.17,22.17,8.02,-
29-May-07,22.21,22.21,22.21,22.21,8.03,-
30-May-07,22.31,22.31,22.31,22.31,8.07,-
31-May-07,22.34,22.34,22.34,22.34,8.08,-
1-Jun-07,22.39,22.39,22.39,22.39,8.1,-
4-Jun-07,22.44,22.44,22.44,22.44,8.12,-
5-Jun-07,22.35,22.35,22.35,22.35,8.08,-
6-Jun-07,22.2,22.2,22.2,22.2,8.03,-
7-Jun-07,21.89,21.89,21.89,21.89,7.92,-
8-Jun-07,22.02,22.02,22.02,22.02,7.97,-
11-Jun-07,22.04,22.04,22.04,22.04,7.97,-
12-Jun-07,21.83,21.83,21.83,21.83,7.9,-
13-Jun-07,22.06,22.06,22.06,22.06,7.98,-
14-Jun-07,22.14,22.14,22.14,22.14,8.01,-
15-Jun-07,22.29,22.29,22.29,22.29,8.06,-
18-Jun-07,22.29,22.29,22.29,22.29,8.06,-
19-Jun-07,22.34,22.34,22.34,22.34,8.08,-
20-Jun-07,22.16,22.16,22.16,22.16,8.02,-
21-Jun-07,22.23,22.23,22.23,22.23,8.04,-
22-Jun-07,21.86,21.86,21.86,21.86,7.99,-
25-Jun-07,21.83,21.83,21.83,21.83,7.98,-
26-Jun-07,21.77,21.77,21.77,21.77,7.96,-
27-Jun-07,21.89,21.89,21.89,21.89,8.0,-
28-Jun-07,21.89,21.89,21.89,21.89,8.0,-
29-Jun-07,21.94,21.94,21.94,21.94,8.02,-
2-Jul-07,22.12,22.12,22.12,22.12,8.09,-
3-Jul-07,22.16,22.16,22.16,22.16,8.1,-
5-Jul-07,22.13,22.13,22.13,22.13,8.09,-
6-Jul-07,22.17,22.17,22.17,22.17,8.11,-
9-Jul-07,22.22,22.22,22.22,22.22,8.13,-
10-Jul-07,22.1,22.1,22.1,22.1,8.08,-
11-Jul-07,22.15,22.15,22.15,22.15,8.1,-
12-Jul-07,22.38,22.38,22.38,22.38,8.18,-
13-Jul-07,22.42,22.42,22.42,22.42,8.2,-
16-Jul-07,22.41,22.41,22.41,22.41,8.19,-
17-Jul-07,22.4,22.4,22.4,22.4,8.19,-
18-Jul-07,22.38,22.38,22.38,22.38,8.18,-
19-Jul-07,22.45,22.45,22.45,22.45,8.21,-
20-Jul-07,22.32,22.32,22.32,22.32,8.16,-
23-Jul-07,22.37,22.37,22.37,22.37,8.18,-
24-Jul-07,22.1,22.1,22.1,22.1,8.08,-
25-Jul-07,22.12,22.12,22.12,22.12,8.09,-
26-Jul-07,21.8,21.8,21.8,21.8,7.97,-
27-Jul-07,21.58,21.58,21.58,21.58,7.89,-
30-Jul-07,21.72,21.72,21.72,21.72,7.94,-
31-Jul-07,21.62,21.62,21.62,21.62,7.91,-
1-Aug-07,21.66,21.66,21.66,21.66,7.92,-
2-Aug-07,21.73,21.73,21.73,21.73,7.95,-
3-Aug-07,21.42,21.42,21.42,21.42,7.83,-
6-Aug-07,21.64,21.64,21.64,21.64,7.91,-
7-Aug-07,21.7,21.7,21.7,21.7,7.94,-
8-Aug-07,21.87,21.87,21.87,21.87,8.0,-
9-Aug-07,21.49,21.49,21.49,21.49,7.86,-
10-Aug-07,21.46,21.46,21.46,21.46,7.85,-
13-Aug-07,21.48,21.48,21.48,21.48,7.85,-
14-Aug-07,21.25,21.25,21.25,21.25,7.77,-
15-Aug-07,21.02,21.02,21.02,21.02,7.69,-
16-Aug-07,21.01,21.01,21.01,21.01,7.68,-
17-Aug-07,21.25,21.25,21.25,21.25,7.77,-
20-Aug-07,21.3,21.3,21.3,21.3,7.79,-
21-Aug-07,21.34,21.34,21.34,21.34,7.8,-
22-Aug-07,21.52,21.52,21.52,21.52,7.87,-
23-Aug-07,21.55,21.55,21.55,21.55,7.88,-
24-Aug-07,21.73,21.73,21.73,21.73,7.95,-
27-Aug-07,21.65,21.65,21.65,21.65,7.92,-
28-Aug-07,21.35,21.35,21.35,21.35,7.81,-
29-Aug-07,21.64,21.64,21.64,21.64,7.91,-
30-Aug-07,21.61,21.61,21.61,21.61,7.9,-
31-Aug-07,21.78,21.78,21.78,21.78,7.96,-
4-Sep-07,21.93,21.93,21.93,21.93,8.02,-
5-Sep-07,21.82,21.82,21.82,21.82,7.98,-
6-Sep-07,21.86,21.86,21.86,21.86,7.99,-
7-Sep-07,21.69,21.69,21.69,21.69,7.93,-
10-Sep-07,21.67,21.67,21.67,21.67,7.92,-
11-Sep-07,21.85,21.85,21.85,21.85,7.99,-
12-Sep-07,21.82,21.82,21.82,21.82,7.98,-
13-Sep-07,21.88,21.88,21.88,21.88,8.0,-
14-Sep-07,21.87,21.87,21.87,21.87,8.0,-
17-Sep-07,21.77,21.77,21.77,21.77,7.96,-
18-Sep-07,22.17,22.17,22.17,22.17,8.11,-
19-Sep-07,22.25,22.25,22.25,22.25,8.14,-
20-Sep-07,22.12,22.12,22.12,22.12,8.09,-
21-Sep-07,22.23,22.23,22.23,22.23,8.13,-
24-Sep-07,22.17,22.17,22.17,22.17,8.11,-
25-Sep-07,22.18,22.18,22.18,22.18,8.11,-
26-Sep-07,22.26,22.26,22.26,22.26,8.14,-
27-Sep-07,22.39,22.39,22.39,22.39,8.19,-
28-Sep-07,22.37,22.37,22.37,22.37,8.18,-
1-Oct-07,22.57,22.57,22.57,22.57,8.25,-
2-Oct-07,22.59,22.59,22.59,22.59,8.26,-
3-Oct-07,22.52,22.52,22.52,22.52,8.24,-
4-Oct-07,22.57,22.57,22.57,22.57,8.25,-
5-Oct-07,22.69,22.69,22.69,22.69,8.3,-
8-Oct-07,22.63,22.63,22.63,22.63,8.28,-
9-Oct-07,22.76,22.76,22.76,22.76,8.32,-
10-Oct-07,22.75,22.75,22.75,22.75,8.32,-
11-Oct-07,22.68,22.68,22.68,22.68,8.29,-
12-Oct-07,22.75,22.75,22.75,22.75,8.32,-
15-Oct-07,22.64,22.64,22.64,22.64,8.28,-
16-Oct-07,22.52,22.52,22.52,22.52,8.24,-
17-Oct-07,22.63,22.63,22.63,22.63,8.28,-
18-Oct-07,22.66,22.66,22.66,22.66,8.29,-
19-Oct-07,22.36,22.36,22.36,22.36,8.18,-
22-Oct-07,22.4,22.4,22.4,22.4,8.19,-
23-Oct-07,22.54,22.54,22.54,22.54,8.24,-
24-Oct-07,22.51,22.51,22.51,22.51,8.23,-
25-Oct-07,22.48,22.48,22.48,22.48,8.22,-
26-Oct-07,22.66,22.66,22.66,22.66,8.29,-
29-Oct-07,22.75,22.75,22.75,22.75,8.32,-
30-Oct-07,22.66,22.66,22.66,22.66,8.29,-
31-Oct-07,22.8,22.8,22.8,22.8,8.34,-
1-Nov-07,22.48,22.48,22.48,22.48,8.22,-
2-Nov-07,22.55,22.55,22.55,22.55,8.25,-
5-Nov-07,22.42,22.42,22.42,22.42,8.2,-
6-Nov-07,22.58,22.58,22.58,22.58,8.26,-
7-Nov-07,22.21,22.21,22.21,22.21,8.12,-
8-Nov-07,22.21,22.21,22.21,22.21,8.12,-
9-Nov-07,22.03,22.03,22.03,22.03,8.06,-
12-Nov-07,21.83,21.83,21.83,21.83,7.98,-
13-Nov-07,22.18,22.18,22.18,22.18,8.11,-
14-Nov-07,22.1,22.1,22.1,22.1,8.08,-
15-Nov-07,21.96,21.96,21.96,21.96,8.03,-
16-Nov-07,22.02,22.02,22.02,22.02,8.05,-
19-Nov-07,21.76,21.76,21.76,21.76,7.96,-
20-Nov-07,21.83,21.83,21.83,21.83,7.98,-
21-Nov-07,21.61,21.61,21.61,21.61,7.9,-
23-Nov-07,21.87,21.87,21.87,21.87,8.0,-
26-Nov-07,21.69,21.69,21.69,21.69,7.93,-
27-Nov-07,21.83,21.83,21.83,21.83,7.98,-
28-Nov-07,22.2,22.2,22.2,22.2,8.12,-
29-Nov-07,22.22,22.22,22.22,22.22,8.13,-
30-Nov-07,22.31,22.31,22.31,22.31,8.16,-
3-Dec-07,22.26,22.26,22.26,22.26,8.14,-
4-Dec-07,22.17,22.17,22.17,22.17,8.11,-
5-Dec-07,22.33,22.33,22.33,22.33,8.17,-
6-Dec-07,22.48,22.48,22.48,22.48,8.22,-
7-Dec-07,22.42,22.42,22.42,22.42,8.2,-
10-Dec-07,22.51,22.51,22.51,22.51,8.23,-
11-Dec-07,22.21,22.21,22.21,22.21,8.12,-
12-Dec-07,22.28,22.28,22.28,22.28,8.15,-
13-Dec-07,22.17,22.17,22.17,22.17,8.11,-
14-Dec-07,21.93,21.93,21.93,21.93,8.02,-
17-Dec-07,21.72,21.72,21.72,21.72,7.94,-
18-Dec-07,21.84,21.84,21.84,21.84,7.99,-
19-Dec-07,21.85,21.85,21.85,21.85,7.99,-
20-Dec-07,21.95,21.95,21.95,21.95,8.03,-
21-Dec-07,22.1,22.1,22.1,22.1,8.08,-
24-Dec-07,22.19,22.19,22.19,22.19,8.11,-
26-Dec-07,22.2,22.2,22.2,22.2,8.12,-
27-Dec-07,20.86,20.86,20.86,20.86,8.07,-
28-Dec-07,20.92,20.92,20.92,20.92,8.09,-
31-Dec-07,20.87,20.87,20.87,20.87,8.07,-
2-Jan-08,20.78,20.78,20.78,20.78,8.04,-
3-Jan-08,20.79,20.79,20.79,20.79,8.04,-
4-Jan-08,20.47,20.47,20.47,20.47,7.92,-
7-Jan-08,20.49,20.49,20.49,20.49,7.93,-
8-Jan-08,20.29,20.29,20.29,20.29,7.85,-
9-Jan-08,20.46,20.46,20.46,20.46,7.91,-
10-Jan-08,20.5,20.5,20.5,20.5,7.93,-
11-Jan-08,20.35,20.35,20.35,20.35,7.87,-
14-Jan-08,20.5,20.5,20.5,20.5,7.93,-
15-Jan-08,20.19,20.19,20.19,20.19,7.81,-
16-Jan-08,20.05,20.05,20.05,20.05,7.76,-
17-Jan-08,19.75,19.75,19.75,19.75,7.64,-
18-Jan-08,19.7,19.7,19.7,19.7,7.62,-
22-Jan-08,19.53,19.53,19.53,19.53,7.56,-
23-Jan-08,19.67,19.67,19.67,19.67,7.61,-
24-Jan-08,19.83,19.83,19.83,19.83,7.67,-
25-Jan-08,19.71,19.71,19.71,19.71,7.62,-
28-Jan-08,19.9,19.9,19.9,19.9,7.7,-
29-Jan-08,19.97,19.97,19.97,19.97,7.73,-
30-Jan-08,19.89,19.89,19.89,19.89,7.69,-
31-Jan-08,20.1,20.1,20.1,20.1,7.78,-
1-Feb-08,20.3,20.3,20.3,20.3,7.85,-
4-Feb-08,20.18,20.18,20.18,20.18,7.81,-
5-Feb-08,19.78,19.78,19.78,19.78,7.65,-
6-Feb-08,19.67,19.67,19.67,19.67,7.61,-
7-Feb-08,19.67,19.67,19.67,19.67,7.61,-
8-Feb-08,19.65,19.65,19.65,19.65,7.6,-
11-Feb-08,19.72,19.72,19.72,19.72,7.63,-
12-Feb-08,19.81,19.81,19.81,19.81,7.66,-
13-Feb-08,19.96,19.96,19.96,19.96,7.72,-
14-Feb-08,19.78,19.78,19.78,19.78,7.65,-
15-Feb-08,19.79,19.79,19.79,19.79,7.66,-
19-Feb-08,19.79,19.79,19.79,19.79,7.66,-
20-Feb-08,19.85,19.85,19.85,19.85,7.68,-
21-Feb-08,19.78,19.78,19.78,19.78,7.65,-
22-Feb-08,19.86,19.86,19.86,19.86,7.68,-
25-Feb-08,20,20.0,20.0,20.0,7.74,-
26-Feb-08,20.13,20.13,20.13,20.13,7.79,-
27-Feb-08,20.15,20.15,20.15,20.15,7.8,-
28-Feb-08,20.09,20.09,20.09,20.09,7.77,-
29-Feb-08,19.81,19.81,19.81,19.81,7.66,-
3-Mar-08,19.79,19.79,19.79,19.79,7.66,-
4-Mar-08,19.67,19.67,19.67,19.67,7.61,-
5-Mar-08,19.71,19.71,19.71,19.71,7.62,-
6-Mar-08,19.44,19.44,19.44,19.44,7.52,-
7-Mar-08,19.35,19.35,19.35,19.35,7.49,-
10-Mar-08,19.17,19.17,19.17,19.17,7.42,-
11-Mar-08,19.51,19.51,19.51,19.51,7.55,-
12-Mar-08,19.5,19.5,19.5,19.5,7.54,-
13-Mar-08,19.52,19.52,19.52,19.52,7.55,-
14-Mar-08,19.29,19.29,19.29,19.29,7.46,-
17-Mar-08,19.12,19.12,19.12,19.12,7.4,-
18-Mar-08,19.53,19.53,19.53,19.53,7.56,-
19-Mar-08,19.25,19.25,19.25,19.25,7.45,-
20-Mar-08,19.49,19.49,19.49,19.49,7.54,-
24-Mar-08,19.64,19.64,19.64,19.64,7.6,-
25-Mar-08,19.76,19.76,19.76,19.76,7.64,-
26-Mar-08,19.68,19.68,19.68,19.68,7.61,-
27-Mar-08,19.55,19.55,19.55,19.55,7.56,-
28-Mar-08,19.49,19.49,19.49,19.49,7.54,-
31-Mar-08,19.57,19.57,19.57,19.57,7.57,-
1-Apr-08,19.93,19.93,19.93,19.93,7.71,-
2-Apr-08,19.93,19.93,19.93,19.93,7.71,-
3-Apr-08,19.98,19.98,19.98,19.98,7.73,-
4-Apr-08,20.06,20.06,20.06,20.06,7.76,-
7-Apr-08,20.08,20.08,20.08,20.08,7.77,-
8-Apr-08,20.01,20.01,20.01,20.01,7.74,-
9-Apr-08,19.94,19.94,19.94,19.94,7.71,-
10-Apr-08,19.99,19.99,19.99,19.99,7.73,-
11-Apr-08,19.79,19.79,19.79,19.79,7.66,-
14-Apr-08,19.75,19.75,19.75,19.75,7.64,-
15-Apr-08,19.77,19.77,19.77,19.77,7.65,-
16-Apr-08,20.04,20.04,20.04,20.04,7.75,-
17-Apr-08,19.99,19.99,19.99,19.99,7.73,-
18-Apr-08,20.23,20.23,20.23,20.23,7.83,-
21-Apr-08,20.26,20.26,20.26,20.26,7.84,-
22-Apr-08,20.15,20.15,20.15,20.15,7.8,-
23-Apr-08,20.17,20.17,20.17,20.17,7.8,-
24-Apr-08,20.19,20.19,20.19,20.19,7.81,-
25-Apr-08,20.29,20.29,20.29,20.29,7.85,-
28-Apr-08,20.31,20.31,20.31,20.31,7.86,-
29-Apr-08,20.25,20.25,20.25,20.25,7.83,-
30-Apr-08,20.28,20.28,20.28,20.28,7.85,-
1-May-08,20.49,20.49,20.49,20.49,7.93,-
2-May-08,20.5,20.5,20.5,20.5,7.93,-
5-May-08,20.47,20.47,20.47,20.47,7.92,-
6-May-08,20.56,20.56,20.56,20.56,7.95,-
7-May-08,20.36,20.36,20.36,20.36,7.88,-
8-May-08,20.44,20.44,20.44,20.44,7.91,-
9-May-08,20.39,20.39,20.39,20.39,7.89,-
12-May-08,20.52,20.52,20.52,20.52,7.94,-
13-May-08,20.47,20.47,20.47,20.47,7.92,-
14-May-08,20.51,20.51,20.51,20.51,7.93,-
15-May-08,20.71,20.71,20.71,20.71,8.01,-
16-May-08,20.75,20.75,20.75,20.75,8.03,-
19-May-08,20.74,20.74,20.74,20.74,8.02,-
20-May-08,20.67,20.67,20.67,20.67,8.0,-
21-May-08,20.46,20.46,20.46,20.46,7.91,-
22-May-08,20.46,20.46,20.46,20.46,7.91,-
23-May-08,20.34,20.34,20.34,20.34,7.87,-
27-May-08,20.36,20.36,20.36,20.36,7.88,-
28-May-08,20.4,20.4,20.4,20.4,7.89,-
29-May-08,20.41,20.41,20.41,20.41,7.9,-
30-May-08,20.49,20.49,20.49,20.49,7.93,-
2-Jun-08,20.39,20.39,20.39,20.39,7.89,-
3-Jun-08,20.36,20.36,20.36,20.36,7.88,-
4-Jun-08,20.31,20.31,20.31,20.31,7.86,-
5-Jun-08,20.53,20.53,20.53,20.53,7.94,-
6-Jun-08,20.2,20.2,20.2,20.2,7.81,-
9-Jun-08,20.16,20.16,20.16,20.16,7.8,-
10-Jun-08,20.01,20.01,20.01,20.01,7.74,-
11-Jun-08,19.82,19.82,19.82,19.82,7.67,-
12-Jun-08,19.81,19.81,19.81,19.81,7.66,-
13-Jun-08,19.97,19.97,19.97,19.97,7.73,-
16-Jun-08,20.01,20.01,20.01,20.01,7.74,-
17-Jun-08,20,20.0,20.0,20.0,7.74,-
18-Jun-08,19.92,19.92,19.92,19.92,7.71,-
19-Jun-08,19.95,19.95,19.95,19.95,7.72,-
20-Jun-08,19.73,19.73,19.73,19.73,7.63,-
23-Jun-08,19.7,19.7,19.7,19.7,7.62,-
24-Jun-08,19.65,19.65,19.65,19.65,7.6,-
25-Jun-08,19.75,19.75,19.75,19.75,7.64,-
26-Jun-08,19.19,19.19,19.19,19.19,7.52,-
27-Jun-08,19.2,19.2,19.2,19.2,7.52,-
30-Jun-08,19.21,19.21,19.21,19.21,7.52,-
1-Jul-08,19.21,19.21,19.21,19.21,7.52,-
2-Jul-08,18.97,18.97,18.97,18.97,7.43,-
3-Jul-08,18.97,18.97,18.97,18.97,7.43,-
7-Jul-08,18.9,18.9,18.9,18.9,7.4,-
8-Jul-08,19.1,19.1,19.1,19.1,7.48,-
9-Jul-08,18.91,18.91,18.91,18.91,7.41,-
10-Jul-08,18.99,18.99,18.99,18.99,7.44,-
11-Jul-08,18.8,18.8,18.8,18.8,7.36,-
14-Jul-08,18.74,18.74,18.74,18.74,7.34,-
15-Jul-08,18.63,18.63,18.63,18.63,7.3,-
16-Jul-08,18.83,18.83,18.83,18.83,7.38,-
17-Jul-08,18.95,18.95,18.95,18.95,7.42,-
18-Jul-08,18.94,18.94,18.94,18.94,7.42,-
21-Jul-08,18.98,18.98,18.98,18.98,7.43,-
22-Jul-08,19.06,19.06,19.06,19.06,7.47,-
23-Jul-08,19.1,19.1,19.1,19.1,7.48,-
24-Jul-08,18.89,18.89,18.89,18.89,7.4,-
25-Jul-08,18.9,18.9,18.9,18.9,7.4,-
28-Jul-08,18.77,18.77,18.77,18.77,7.35,-
29-Jul-08,18.96,18.96,18.96,18.96,7.43,-
30-Jul-08,19.14,19.14,19.14,19.14,7.5,-
31-Jul-08,19.03,19.03,19.03,19.03,7.45,-
1-Aug-08,18.95,18.95,18.95,18.95,7.42,-
4-Aug-08,18.81,18.81,18.81,18.81,7.37,-
5-Aug-08,19.1,19.1,19.1,19.1,7.48,-
6-Aug-08,19.12,19.12,19.12,19.12,7.49,-
7-Aug-08,18.98,18.98,18.98,18.98,7.43,-
8-Aug-08,19.19,19.19,19.19,19.19,7.52,-
11-Aug-08,19.22,19.22,19.22,19.22,7.53,-
12-Aug-08,19.12,19.12,19.12,19.12,7.49,-
13-Aug-08,19.08,19.08,19.08,19.08,7.47,-
14-Aug-08,19.14,19.14,19.14,19.14,7.5,-
15-Aug-08,19.19,19.19,19.19,19.19,7.52,-
18-Aug-08,19.04,19.04,19.04,19.04,7.46,-
19-Aug-08,18.91,18.91,18.91,18.91,7.41,-
20-Aug-08,19.01,19.01,19.01,19.01,7.45,-
21-Aug-08,19.01,19.01,19.01,19.01,7.45,-
22-Aug-08,19.11,19.11,19.11,19.11,7.49,-
25-Aug-08,18.94,18.94,18.94,18.94,7.42,-
26-Aug-08,18.96,18.96,18.96,18.96,7.43,-
27-Aug-08,19.06,19.06,19.06,19.06,7.47,-
28-Aug-08,19.21,19.21,19.21,19.21,7.52,-
29-Aug-08,19.07,19.07,19.07,19.07,7.47,-
2-Sep-08,19,19.0,19.0,19.0,7.44,-
3-Sep-08,18.97,18.97,18.97,18.97,7.43,-
4-Sep-08,18.63,18.63,18.63,18.63,7.3,-
5-Sep-08,18.64,18.64,18.64,18.64,7.3,-
8-Sep-08,18.86,18.86,18.86,18.86,7.39,-
9-Sep-08,18.48,18.48,18.48,18.48,7.24,-
10-Sep-08,18.56,18.56,18.56,18.56,7.27,-
11-Sep-08,18.64,18.64,18.64,18.64,7.3,-
12-Sep-08,18.68,18.68,18.68,18.68,7.32,-
15-Sep-08,18.22,18.22,18.22,18.22,7.14,-
16-Sep-08,18.27,18.27,18.27,18.27,7.16,-
17-Sep-08,17.76,17.76,17.76,17.76,6.96,-
18-Sep-08,18.14,18.14,18.14,18.14,7.11,-
19-Sep-08,18.61,18.61,18.61,18.61,7.29,-
22-Sep-08,18.24,18.24,18.24,18.24,7.14,-
23-Sep-08,18.04,18.04,18.04,18.04,7.07,-
24-Sep-08,18.03,18.03,18.03,18.03,7.06,-
25-Sep-08,18.2,18.2,18.2,18.2,7.13,-
26-Sep-08,18.15,18.15,18.15,18.15,7.11,-
29-Sep-08,17.25,17.25,17.25,17.25,6.76,-
30-Sep-08,17.62,17.62,17.62,17.62,6.9,-
1-Oct-08,17.58,17.58,17.58,17.58,6.89,-
2-Oct-08,17.11,17.11,17.11,17.11,6.7,-
3-Oct-08,16.98,16.98,16.98,16.98,6.65,-
6-Oct-08,16.52,16.52,16.52,16.52,6.47,-
7-Oct-08,15.99,15.99,15.99,15.99,6.26,-
8-Oct-08,15.79,15.79,15.79,15.79,6.18,-
9-Oct-08,15.13,15.13,15.13,15.13,5.93,-
10-Oct-08,14.93,14.93,14.93,14.93,5.85,-
13-Oct-08,15.97,15.97,15.97,15.97,6.26,-
14-Oct-08,15.89,15.89,15.89,15.89,6.22,-
15-Oct-08,14.96,14.96,14.96,14.96,5.86,-
16-Oct-08,15.32,15.32,15.32,15.32,6.0,-
17-Oct-08,15.24,15.24,15.24,15.24,5.97,-
20-Oct-08,15.72,15.72,15.72,15.72,6.16,-
21-Oct-08,15.37,15.37,15.37,15.37,6.02,-
22-Oct-08,14.8,14.8,14.8,14.8,5.8,-
23-Oct-08,14.85,14.85,14.85,14.85,5.82,-
24-Oct-08,14.43,14.43,14.43,14.43,5.65,-
27-Oct-08,14.08,14.08,14.08,14.08,5.51,-
28-Oct-08,14.89,14.89,14.89,14.89,5.83,-
29-Oct-08,14.94,14.94,14.94,14.94,5.85,-
30-Oct-08,15.22,15.22,15.22,15.22,5.96,-
31-Oct-08,15.33,15.33,15.33,15.33,6.0,-
3-Nov-08,15.36,15.36,15.36,15.36,6.02,-
4-Nov-08,15.83,15.83,15.83,15.83,6.2,-
5-Nov-08,15.35,15.35,15.35,15.35,6.01,-
6-Nov-08,14.84,14.84,14.84,14.84,5.81,-
7-Nov-08,15.11,15.11,15.11,15.11,5.92,-
10-Nov-08,15.02,15.02,15.02,15.02,5.88,-
11-Nov-08,14.77,14.77,14.77,14.77,5.79,-
12-Nov-08,14.31,14.31,14.31,14.31,5.61,-
13-Nov-08,14.84,14.84,14.84,14.84,5.81,-
14-Nov-08,14.46,14.46,14.46,14.46,5.66,-
17-Nov-08,14.26,14.26,14.26,14.26,5.59,-
18-Nov-08,14.35,14.35,14.35,14.35,5.62,-
19-Nov-08,13.83,13.83,13.83,13.83,5.42,-
20-Nov-08,13.35,13.35,13.35,13.35,5.23,-
21-Nov-08,13.75,13.75,13.75,13.75,5.39,-
24-Nov-08,14.27,14.27,14.27,14.27,5.59,-
25-Nov-08,14.41,14.41,14.41,14.41,5.64,-
26-Nov-08,14.71,14.71,14.71,14.71,5.76,-
28-Nov-08,14.81,14.81,14.81,14.81,5.8,-
1-Dec-08,14.03,14.03,14.03,14.03,5.5,-
2-Dec-08,14.36,14.36,14.36,14.36,5.62,-
3-Dec-08,14.57,14.57,14.57,14.57,5.71,-
4-Dec-08,14.33,14.33,14.33,14.33,5.61,-
5-Dec-08,14.6,14.6,14.6,14.6,5.72,-
8-Dec-08,14.97,14.97,14.97,14.97,5.86,-
9-Dec-08,14.83,14.83,14.83,14.83,5.81,-
10-Dec-08,14.99,14.99,14.99,14.99,5.87,-
11-Dec-08,14.78,14.78,14.78,14.78,5.79,-
12-Dec-08,14.87,14.87,14.87,14.87,5.82,-
15-Dec-08,14.8,14.8,14.8,14.8,5.8,-
16-Dec-08,15.31,15.31,15.31,15.31,6.0,-
17-Dec-08,15.32,15.32,15.32,15.32,6.0,-
18-Dec-08,15.19,15.19,15.19,15.19,5.95,-
19-Dec-08,15.2,15.2,15.2,15.2,5.95,-
22-Dec-08,15.03,15.03,15.03,15.03,5.89,-
23-Dec-08,14.94,14.94,14.94,14.94,5.85,-
24-Dec-08,14.99,14.99,14.99,14.99,5.87,-
26-Dec-08,15.06,15.06,15.06,15.06,5.9,-
29-Dec-08,15.07,15.07,15.07,15.07,5.9,-
30-Dec-08,14.33,14.33,14.33,14.33,6.01,-
31-Dec-08,14.43,14.43,14.43,14.43,6.05,-
2-Jan-09,14.67,14.67,14.67,14.67,6.15,-
5-Jan-09,14.62,14.62,14.62,14.62,6.13,-
6-Jan-09,14.73,14.73,14.73,14.73,6.18,-
7-Jan-09,14.53,14.53,14.53,14.53,6.1,-
8-Jan-09,14.58,14.58,14.58,14.58,6.12,-
9-Jan-09,14.39,14.39,14.39,14.39,6.04,-
12-Jan-09,14.19,14.19,14.19,14.19,5.95,-
13-Jan-09,14.17,14.17,14.17,14.17,5.94,-
14-Jan-09,13.91,13.91,13.91,13.91,5.84,-
15-Jan-09,13.95,13.95,13.95,13.95,5.85,-
16-Jan-09,14.01,14.01,14.01,14.01,5.88,-
20-Jan-09,13.54,13.54,13.54,13.54,5.68,-
21-Jan-09,13.82,13.82,13.82,13.82,5.8,-
22-Jan-09,13.66,13.66,13.66,13.66,5.73,-
23-Jan-09,13.69,13.69,13.69,13.69,5.74,-
26-Jan-09,13.77,13.77,13.77,13.77,5.78,-
27-Jan-09,13.89,13.89,13.89,13.89,5.83,-
28-Jan-09,14.13,14.13,14.13,14.13,5.93,-
29-Jan-09,13.81,13.81,13.81,13.81,5.79,-
30-Jan-09,13.66,13.66,13.66,13.66,5.73,-
2-Feb-09,13.66,13.66,13.66,13.66,5.73,-
3-Feb-09,13.78,13.78,13.78,13.78,5.78,-
4-Feb-09,13.73,13.73,13.73,13.73,5.76,-
5-Feb-09,13.88,13.88,13.88,13.88,5.82,-
6-Feb-09,14.1,14.1,14.1,14.1,5.91,-
9-Feb-09,14.12,14.12,14.12,14.12,5.92,-
10-Feb-09,13.79,13.79,13.79,13.79,5.78,-
11-Feb-09,13.87,13.87,13.87,13.87,5.82,-
12-Feb-09,13.88,13.88,13.88,13.88,5.82,-
13-Feb-09,13.78,13.78,13.78,13.78,5.78,-
17-Feb-09,13.43,13.43,13.43,13.43,5.63,-
18-Feb-09,13.38,13.38,13.38,13.38,5.61,-
19-Feb-09,13.28,13.28,13.28,13.28,5.57,-
20-Feb-09,13.19,13.19,13.19,13.19,5.53,-
23-Feb-09,12.92,12.92,12.92,12.92,5.42,-
24-Feb-09,13.19,13.19,13.19,13.19,5.53,-
25-Feb-09,13.05,13.05,13.05,13.05,5.47,-
26-Feb-09,12.93,12.93,12.93,12.93,5.42,-
27-Feb-09,12.8,12.8,12.8,12.8,5.37,-
2-Mar-09,12.44,12.44,12.44,12.44,5.22,-
3-Mar-09,12.39,12.39,12.39,12.39,5.2,-
4-Mar-09,12.59,12.59,12.59,12.59,5.28,-
5-Mar-09,12.33,12.33,12.33,12.33,5.17,-
6-Mar-09,12.3,12.3,12.3,12.3,5.16,-
9-Mar-09,12.2,12.2,12.2,12.2,5.12,-
10-Mar-09,12.64,12.64,12.64,12.64,5.3,-
11-Mar-09,12.71,12.71,12.71,12.71,5.33,-
12-Mar-09,13,13.0,13.0,13.0,5.45,-
13-Mar-09,13.06,13.06,13.06,13.06,5.48,-
16-Mar-09,13.02,13.02,13.02,13.02,5.46,-
17-Mar-09,13.26,13.26,13.26,13.26,5.56,-
18-Mar-09,13.48,13.48,13.48,13.48,5.65,-
19-Mar-09,13.42,13.42,13.42,13.42,5.63,-
20-Mar-09,13.25,13.25,13.25,13.25,5.56,-
23-Mar-09,13.8,13.8,13.8,13.8,5.79,-
24-Mar-09,13.62,13.62,13.62,13.62,5.71,-
25-Mar-09,13.68,13.68,13.68,13.68,5.74,-
26-Mar-09,13.92,13.92,13.92,13.92,5.84,-
27-Mar-09,13.72,13.72,13.72,13.72,5.76,-
30-Mar-09,13.43,13.43,13.43,13.43,5.63,-
31-Mar-09,13.57,13.57,13.57,13.57,5.69,-
1-Apr-09,13.73,13.73,13.73,13.73,5.76,-
2-Apr-09,14.01,14.01,14.01,14.01,5.88,-
3-Apr-09,14.05,14.05,14.05,14.05,5.89,-
6-Apr-09,13.97,13.97,13.97,13.97,5.86,-
7-Apr-09,13.78,13.78,13.78,13.78,5.78,-
8-Apr-09,13.91,13.91,13.91,13.91,5.84,-
9-Apr-09,14.2,14.2,14.2,14.2,5.96,-
13-Apr-09,14.26,14.26,14.26,14.26,5.98,-
14-Apr-09,14.13,14.13,14.13,14.13,5.93,-
15-Apr-09,14.22,14.22,14.22,14.22,5.97,-
16-Apr-09,14.38,14.38,14.38,14.38,6.03,-
17-Apr-09,14.39,14.39,14.39,14.39,6.04,-
20-Apr-09,14.03,14.03,14.03,14.03,5.89,-
21-Apr-09,14.2,14.2,14.2,14.2,5.96,-
22-Apr-09,14.14,14.14,14.14,14.14,5.93,-
23-Apr-09,14.26,14.26,14.26,14.26,5.98,-
24-Apr-09,14.42,14.42,14.42,14.42,6.05,-
27-Apr-09,14.33,14.33,14.33,14.33,6.01,-
28-Apr-09,14.28,14.28,14.28,14.28,5.99,-
29-Apr-09,14.49,14.49,14.49,14.49,6.08,-
30-Apr-09,14.51,14.51,14.51,14.51,6.09,-
1-May-09,14.58,14.58,14.58,14.58,6.12,-
4-May-09,14.92,14.92,14.92,14.92,6.26,-
5-May-09,14.88,14.88,14.88,14.88,6.24,-
6-May-09,15.03,15.03,15.03,15.03,6.31,-
7-May-09,14.86,14.86,14.86,14.86,6.23,-
8-May-09,15.11,15.11,15.11,15.11,6.34,-
11-May-09,14.97,14.97,14.97,14.97,6.28,-
12-May-09,14.97,14.97,14.97,14.97,6.28,-
13-May-09,14.74,14.74,14.74,14.74,6.18,-
14-May-09,14.84,14.84,14.84,14.84,6.23,-
15-May-09,14.76,14.76,14.76,14.76,6.19,-
18-May-09,15.04,15.04,15.04,15.04,6.31,-
19-May-09,15.06,15.06,15.06,15.06,6.32,-
20-May-09,15.07,15.07,15.07,15.07,6.32,-
21-May-09,14.89,14.89,14.89,14.89,6.25,-
22-May-09,14.88,14.88,14.88,14.88,6.24,-
26-May-09,15.11,15.11,15.11,15.11,6.34,-
27-May-09,14.93,14.93,14.93,14.93,6.26,-
28-May-09,15.08,15.08,15.08,15.08,6.33,-
29-May-09,15.29,15.29,15.29,15.29,6.41,-
1-Jun-09,15.51,15.51,15.51,15.51,6.51,-
2-Jun-09,15.55,15.55,15.55,15.55,6.52,-
3-Jun-09,15.41,15.41,15.41,15.41,6.46,-
4-Jun-09,15.48,15.48,15.48,15.48,6.49,-
5-Jun-09,15.42,15.42,15.42,15.42,6.47,-
8-Jun-09,15.4,15.4,15.4,15.4,6.46,-
9-Jun-09,15.48,15.48,15.48,15.48,6.49,-
10-Jun-09,15.45,15.45,15.45,15.45,6.48,-
11-Jun-09,15.56,15.56,15.56,15.56,6.53,-
12-Jun-09,15.57,15.57,15.57,15.57,6.53,-
15-Jun-09,15.34,15.34,15.34,15.34,6.44,-
16-Jun-09,15.26,15.26,15.26,15.26,6.4,-
17-Jun-09,15.24,15.24,15.24,15.24,6.39,-
18-Jun-09,15.25,15.25,15.25,15.25,6.4,-
19-Jun-09,15.34,15.34,15.34,15.34,6.44,-
22-Jun-09,15.05,15.05,15.05,15.05,6.31,-
23-Jun-09,15.11,15.11,15.11,15.11,6.34,-
24-Jun-09,15.18,15.18,15.18,15.18,6.37,-
25-Jun-09,15.23,15.23,15.23,15.23,6.47,-
26-Jun-09,15.23,15.23,15.23,15.23,6.47,-
29-Jun-09,15.32,15.32,15.32,15.32,6.5,-
30-Jun-09,15.23,15.23,15.23,15.23,6.47,-
1-Jul-09,15.3,15.3,15.3,15.3,6.49,-
2-Jul-09,15.03,15.03,15.03,15.03,6.38,-
6-Jul-09,15.02,15.02,15.02,15.02,6.38,-
7-Jul-09,14.86,14.86,14.86,14.86,6.31,-
8-Jul-09,14.88,14.88,14.88,14.88,6.32,-
9-Jul-09,14.91,14.91,14.91,14.91,6.33,-
10-Jul-09,14.9,14.9,14.9,14.9,6.33,-
13-Jul-09,15.09,15.09,15.09,15.09,6.41,-
14-Jul-09,15.12,15.12,15.12,15.12,6.42,-
15-Jul-09,15.39,15.39,15.39,15.39,6.53,-
16-Jul-09,15.51,15.51,15.51,15.51,6.58,-
17-Jul-09,15.5,15.5,15.5,15.5,6.58,-
20-Jul-09,15.66,15.66,15.66,15.66,6.65,-
21-Jul-09,15.75,15.75,15.75,15.75,6.69,-
22-Jul-09,15.73,15.73,15.73,15.73,6.68,-
23-Jul-09,15.92,15.92,15.92,15.92,6.76,-
24-Jul-09,15.97,15.97,15.97,15.97,6.78,-
27-Jul-09,15.97,15.97,15.97,15.97,6.78,-
28-Jul-09,15.97,15.97,15.97,15.97,6.78,-
29-Jul-09,15.93,15.93,15.93,15.93,6.76,-
30-Jul-09,16.1,16.1,16.1,16.1,6.83,-
31-Jul-09,16.2,16.2,16.2,16.2,6.88,-
3-Aug-09,16.36,16.36,16.36,16.36,6.94,-
4-Aug-09,16.36,16.36,16.36,16.36,6.94,-
5-Aug-09,16.3,16.3,16.3,16.3,6.92,-
6-Aug-09,16.25,16.25,16.25,16.25,6.9,-
7-Aug-09,16.35,16.35,16.35,16.35,6.94,-
10-Aug-09,16.34,16.34,16.34,16.34,6.94,-
11-Aug-09,16.24,16.24,16.24,16.24,6.89,-
12-Aug-09,16.35,16.35,16.35,16.35,6.94,-
13-Aug-09,16.47,16.47,16.47,16.47,6.99,-
14-Aug-09,16.38,16.38,16.38,16.38,6.95,-
17-Aug-09,16.13,16.13,16.13,16.13,6.85,-
18-Aug-09,16.25,16.25,16.25,16.25,6.9,-
19-Aug-09,16.32,16.32,16.32,16.32,6.93,-
20-Aug-09,16.44,16.44,16.44,16.44,6.98,-
21-Aug-09,16.58,16.58,16.58,16.58,7.04,-
24-Aug-09,16.61,16.61,16.61,16.61,7.05,-
25-Aug-09,16.66,16.66,16.66,16.66,7.07,-
26-Aug-09,16.66,16.66,16.66,16.66,7.07,-
27-Aug-09,16.68,16.68,16.68,16.68,7.08,-
28-Aug-09,16.69,16.69,16.69,16.69,7.08,-
31-Aug-09,16.61,16.61,16.61,16.61,7.05,-
1-Sep-09,16.38,16.38,16.38,16.38,6.95,-
2-Sep-09,16.4,16.4,16.4,16.4,6.96,-
3-Sep-09,16.49,16.49,16.49,16.49,7.0,-
4-Sep-09,16.61,16.61,16.61,16.61,7.05,-
8-Sep-09,16.73,16.73,16.73,16.73,7.1,-
9-Sep-09,16.83,16.83,16.83,16.83,7.14,-
10-Sep-09,16.98,16.98,16.98,16.98,7.21,-
11-Sep-09,16.99,16.99,16.99,16.99,7.21,-
14-Sep-09,17.02,17.02,17.02,17.02,7.23,-
15-Sep-09,17.06,17.06,17.06,17.06,7.24,-
16-Sep-09,17.24,17.24,17.24,17.24,7.32,-
17-Sep-09,17.22,17.22,17.22,17.22,7.31,-
18-Sep-09,17.22,17.22,17.22,17.22,7.31,-
21-Sep-09,17.18,17.18,17.18,17.18,7.29,-
22-Sep-09,17.28,17.28,17.28,17.28,7.34,-
23-Sep-09,17.18,17.18,17.18,17.18,7.29,-
24-Sep-09,17.06,17.06,17.06,17.06,7.24,-
25-Sep-09,17.02,17.02,17.02,17.02,7.23,-
28-Sep-09,17.21,17.21,17.21,17.21,7.31,-
29-Sep-09,17.19,17.19,17.19,17.19,7.3,-
30-Sep-09,17.18,17.18,17.18,17.18,7.29,-
1-Oct-09,16.91,16.91,16.91,16.91,7.18,-
2-Oct-09,16.83,16.83,16.83,16.83,7.14,-
5-Oct-09,17,17.0,17.0,17.0,7.22,-
6-Oct-09,17.15,17.15,17.15,17.15,7.28,-
7-Oct-09,17.21,17.21,17.21,17.21,7.31,-
8-Oct-09,17.3,17.3,17.3,17.3,7.34,-
9-Oct-09,17.31,17.31,17.31,17.31,7.35,-
12-Oct-09,17.36,17.36,17.36,17.36,7.37,-
13-Oct-09,17.36,17.36,17.36,17.36,7.37,-
14-Oct-09,17.55,17.55,17.55,17.55,7.45,-
15-Oct-09,17.57,17.57,17.57,17.57,7.46,-
16-Oct-09,17.49,17.49,17.49,17.49,7.42,-
19-Oct-09,17.62,17.62,17.62,17.62,7.48,-
20-Oct-09,17.57,17.57,17.57,17.57,7.46,-
21-Oct-09,17.47,17.47,17.47,17.47,7.42,-
22-Oct-09,17.57,17.57,17.57,17.57,7.46,-
23-Oct-09,17.42,17.42,17.42,17.42,7.39,-
26-Oct-09,17.27,17.27,17.27,17.27,7.33,-
27-Oct-09,17.24,17.24,17.24,17.24,7.32,-
28-Oct-09,17,17.0,17.0,17.0,7.22,-
29-Oct-09,17.24,17.24,17.24,17.24,7.32,-
30-Oct-09,16.96,16.96,16.96,16.96,7.2,-
2-Nov-09,17.02,17.02,17.02,17.02,7.23,-
3-Nov-09,17.03,17.03,17.03,17.03,7.23,-
4-Nov-09,17.06,17.06,17.06,17.06,7.24,-
5-Nov-09,17.27,17.27,17.27,17.27,7.33,-
6-Nov-09,17.31,17.31,17.31,17.31,7.35,-
9-Nov-09,17.58,17.58,17.58,17.58,7.46,-
10-Nov-09,17.56,17.56,17.56,17.56,7.45,-
11-Nov-09,17.62,17.62,17.62,17.62,7.48,-
12-Nov-09,17.5,17.5,17.5,17.5,7.43,-
13-Nov-09,17.59,17.59,17.59,17.59,7.47,-
16-Nov-09,17.8,17.8,17.8,17.8,7.56,-
17-Nov-09,17.8,17.8,17.8,17.8,7.56,-
18-Nov-09,17.76,17.76,17.76,17.76,7.54,-
19-Nov-09,17.6,17.6,17.6,17.6,7.47,-
20-Nov-09,17.54,17.54,17.54,17.54,7.45,-
23-Nov-09,17.7,17.7,17.7,17.7,7.51,-
24-Nov-09,17.69,17.69,17.69,17.69,7.51,-
25-Nov-09,17.78,17.78,17.78,17.78,7.55,-
27-Nov-09,17.56,17.56,17.56,17.56,7.45,-
30-Nov-09,17.6,17.6,17.6,17.6,7.47,-
1-Dec-09,17.75,17.75,17.75,17.75,7.53,-
2-Dec-09,17.77,17.77,17.77,17.77,7.54,-
3-Dec-09,17.67,17.67,17.67,17.67,7.5,-
4-Dec-09,17.71,17.71,17.71,17.71,7.52,-
7-Dec-09,17.7,17.7,17.7,17.7,7.51,-
8-Dec-09,17.58,17.58,17.58,17.58,7.46,-
9-Dec-09,17.61,17.61,17.61,17.61,7.48,-
10-Dec-09,17.64,17.64,17.64,17.64,7.49,-
11-Dec-09,17.67,17.67,17.67,17.67,7.5,-
14-Dec-09,17.78,17.78,17.78,17.78,7.55,-
15-Dec-09,17.71,17.71,17.71,17.71,7.52,-
16-Dec-09,17.76,17.76,17.76,17.76,7.54,-
17-Dec-09,17.64,17.64,17.64,17.64,7.49,-
18-Dec-09,17.67,17.67,17.67,17.67,7.5,-
21-Dec-09,17.74,17.74,17.74,17.74,7.53,-
22-Dec-09,17.79,17.79,17.79,17.79,7.55,-
23-Dec-09,17.84,17.84,17.84,17.84,7.57,-
24-Dec-09,17.88,17.88,17.88,17.88,7.59,-
28-Dec-09,17.88,17.88,17.88,17.88,7.59,-
29-Dec-09,17.89,17.89,17.89,17.89,7.59,-
30-Dec-09,17.64,17.64,17.64,17.64,7.6,-
31-Dec-09,17.54,17.54,17.54,17.54,7.56,-
4-Jan-10,17.75,17.75,17.75,17.75,7.65,-
5-Jan-10,17.81,17.81,17.81,17.81,7.68,-
6-Jan-10,17.81,17.81,17.81,17.81,7.68,-
7-Jan-10,17.84,17.84,17.84,17.84,7.69,-
8-Jan-10,17.9,17.9,17.9,17.9,7.71,-
11-Jan-10,17.91,17.91,17.91,17.91,7.72,-
12-Jan-10,17.83,17.83,17.83,17.83,7.68,-
13-Jan-10,17.91,17.91,17.91,17.91,7.72,-
14-Jan-10,17.99,17.99,17.99,17.99,7.75,-
15-Jan-10,17.87,17.87,17.87,17.87,7.7,-
19-Jan-10,18,18.0,18.0,18.0,7.76,-
20-Jan-10,17.87,17.87,17.87,17.87,7.7,-
21-Jan-10,17.67,17.67,17.67,17.67,7.62,-
22-Jan-10,17.41,17.41,17.41,17.41,7.5,-
25-Jan-10,17.46,17.46,17.46,17.46,7.52,-
26-Jan-10,17.4,17.4,17.4,17.4,7.5,-
27-Jan-10,17.43,17.43,17.43,17.43,7.51,-
28-Jan-10,17.28,17.28,17.28,17.28,7.45,-
29-Jan-10,17.19,17.19,17.19,17.19,7.41,-
1-Feb-10,17.33,17.33,17.33,17.33,7.47,-
2-Feb-10,17.48,17.48,17.48,17.48,7.53,-
3-Feb-10,17.41,17.41,17.41,17.41,7.5,-
4-Feb-10,17.08,17.08,17.08,17.08,7.36,-
5-Feb-10,17.06,17.06,17.06,17.06,7.35,-
8-Feb-10,16.97,16.97,16.97,16.97,7.31,-
9-Feb-10,17.11,17.11,17.11,17.11,7.37,-
10-Feb-10,17.06,17.06,17.06,17.06,7.35,-
11-Feb-10,17.16,17.16,17.16,17.16,7.4,-
12-Feb-10,17.16,17.16,17.16,17.16,7.4,-
16-Feb-10,17.35,17.35,17.35,17.35,7.48,-
17-Feb-10,17.38,17.38,17.38,17.38,7.49,-
18-Feb-10,17.44,17.44,17.44,17.44,7.52,-
19-Feb-10,17.46,17.46,17.46,17.46,7.52,-
22-Feb-10,17.46,17.46,17.46,17.46,7.52,-
23-Feb-10,17.35,17.35,17.35,17.35,7.48,-
24-Feb-10,17.44,17.44,17.44,17.44,7.52,-
25-Feb-10,17.43,17.43,17.43,17.43,7.51,-
26-Feb-10,17.48,17.48,17.48,17.48,7.53,-
1-Mar-10,17.61,17.61,17.61,17.61,7.59,-
2-Mar-10,17.66,17.66,17.66,17.66,7.61,-
3-Mar-10,17.69,17.69,17.69,17.69,7.62,-
4-Mar-10,17.73,17.73,17.73,17.73,7.64,-
5-Mar-10,17.88,17.88,17.88,17.88,7.71,-
8-Mar-10,17.88,17.88,17.88,17.88,7.71,-
9-Mar-10,17.9,17.9,17.9,17.9,7.71,-
10-Mar-10,17.96,17.96,17.96,17.96,7.74,-
11-Mar-10,18,18.0,18.0,18.0,7.76,-
12-Mar-10,18.03,18.03,18.03,18.03,7.77,-
15-Mar-10,18.01,18.01,18.01,18.01,7.76,-
16-Mar-10,18.13,18.13,18.13,18.13,7.81,-
17-Mar-10,18.2,18.2,18.2,18.2,7.84,-
18-Mar-10,18.17,18.17,18.17,18.17,7.83,-
19-Mar-10,18.1,18.1,18.1,18.1,7.8,-
22-Mar-10,18.16,18.16,18.16,18.16,7.83,-
23-Mar-10,18.25,18.25,18.25,18.25,7.87,-
24-Mar-10,18.13,18.13,18.13,18.13,7.81,-
25-Mar-10,18.08,18.08,18.08,18.08,7.79,-
26-Mar-10,18.12,18.12,18.12,18.12,7.81,-
29-Mar-10,18.19,18.19,18.19,18.19,7.84,-
30-Mar-10,18.2,18.2,18.2,18.2,7.84,-
31-Mar-10,18.19,18.19,18.19,18.19,7.84,-
1-Apr-10,18.29,18.29,18.29,18.29,7.88,-
5-Apr-10,18.34,18.34,18.34,18.34,7.9,-
6-Apr-10,18.36,18.36,18.36,18.36,7.91,-
7-Apr-10,18.33,18.33,18.33,18.33,7.9,-
8-Apr-10,18.35,18.35,18.35,18.35,7.91,-
9-Apr-10,18.44,18.44,18.44,18.44,7.95,-
12-Apr-10,18.48,18.48,18.48,18.48,7.96,-
13-Apr-10,18.5,18.5,18.5,18.5,7.97,-
14-Apr-10,18.63,18.63,18.63,18.63,8.03,-
15-Apr-10,18.66,18.66,18.66,18.66,8.04,-
16-Apr-10,18.47,18.47,18.47,18.47,7.96,-
19-Apr-10,18.48,18.48,18.48,18.48,7.96,-
20-Apr-10,18.57,18.57,18.57,18.57,8.0,-
21-Apr-10,18.56,18.56,18.56,18.56,8.0,-
22-Apr-10,18.56,18.56,18.56,18.56,8.0,-
23-Apr-10,18.64,18.64,18.64,18.64,8.03,-
26-Apr-10,18.61,18.61,18.61,18.61,8.02,-
27-Apr-10,18.33,18.33,18.33,18.33,7.9,-
28-Apr-10,18.35,18.35,18.35,18.35,7.91,-
29-Apr-10,18.51,18.51,18.51,18.51,7.98,-
30-Apr-10,18.36,18.36,18.36,18.36,7.93,-
3-May-10,18.48,18.48,18.48,18.48,7.99,-
4-May-10,18.19,18.19,18.19,18.19,7.86,-
5-May-10,18.08,18.08,18.08,18.08,7.81,-
6-May-10,17.75,17.75,17.75,17.75,7.67,-
7-May-10,17.51,17.51,17.51,17.51,7.57,-
10-May-10,18,18.0,18.0,18.0,7.78,-
11-May-10,17.95,17.95,17.95,17.95,7.76,-
12-May-10,18.13,18.13,18.13,18.13,7.83,-
13-May-10,18,18.0,18.0,18.0,7.78,-
14-May-10,17.79,17.79,17.79,17.79,7.69,-
17-May-10,17.79,17.79,17.79,17.79,7.69,-
18-May-10,17.63,17.63,17.63,17.63,7.62,-
19-May-10,17.57,17.57,17.57,17.57,7.59,-
20-May-10,17.18,17.18,17.18,17.18,7.42,-
21-May-10,17.34,17.34,17.34,17.34,7.49,-
24-May-10,17.2,17.2,17.2,17.2,7.43,-
25-May-10,17.18,17.18,17.18,17.18,7.42,-
26-May-10,17.12,17.12,17.12,17.12,7.4,-
27-May-10,17.47,17.47,17.47,17.47,7.55,-
28-May-10,17.35,17.35,17.35,17.35,7.5,-
1-Jun-10,17.19,17.19,17.19,17.19,7.43,-
2-Jun-10,17.44,17.44,17.44,17.44,7.54,-
3-Jun-10,17.49,17.49,17.49,17.49,7.56,-
4-Jun-10,17.15,17.15,17.15,17.15,7.41,-
7-Jun-10,16.99,16.99,16.99,16.99,7.34,-
8-Jun-10,17.06,17.06,17.06,17.06,7.37,-
9-Jun-10,17.02,17.02,17.02,17.02,7.35,-
10-Jun-10,17.31,17.31,17.31,17.31,7.48,-
11-Jun-10,17.4,17.4,17.4,17.4,7.52,-
14-Jun-10,17.41,17.41,17.41,17.41,7.52,-
15-Jun-10,17.66,17.66,17.66,17.66,7.63,-
16-Jun-10,17.66,17.66,17.66,17.66,7.63,-
17-Jun-10,17.69,17.69,17.69,17.69,7.64,-
18-Jun-10,17.7,17.7,17.7,17.7,7.65,-
21-Jun-10,17.67,17.67,17.67,17.67,7.64,-
22-Jun-10,17.52,17.52,17.52,17.52,7.57,-
23-Jun-10,17.52,17.52,17.52,17.52,7.57,-
24-Jun-10,17.32,17.32,17.32,17.32,7.48,-
25-Jun-10,17.38,17.38,17.38,17.38,7.51,-
28-Jun-10,17.2,17.2,17.2,17.2,7.51,-
29-Jun-10,16.86,16.86,16.86,16.86,7.36,-
30-Jun-10,16.77,16.77,16.77,16.77,7.32,-
1-Jul-10,16.77,16.77,16.77,16.77,7.32,-
2-Jul-10,16.71,16.71,16.71,16.71,7.29,-
6-Jul-10,16.81,16.81,16.81,16.81,7.34,-
7-Jul-10,17.11,17.11,17.11,17.11,7.47,-
8-Jul-10,17.19,17.19,17.19,17.19,7.5,-
9-Jul-10,17.26,17.26,17.26,17.26,7.53,-
12-Jul-10,17.26,17.26,17.26,17.26,7.53,-
13-Jul-10,17.45,17.45,17.45,17.45,7.62,-
14-Jul-10,17.49,17.49,17.49,17.49,7.63,-
15-Jul-10,17.53,17.53,17.53,17.53,7.65,-
16-Jul-10,17.22,17.22,17.22,17.22,7.52,-
19-Jul-10,17.27,17.27,17.27,17.27,7.54,-
20-Jul-10,17.38,17.38,17.38,17.38,7.59,-
21-Jul-10,17.27,17.27,17.27,17.27,7.54,-
22-Jul-10,17.51,17.51,17.51,17.51,7.64,-
23-Jul-10,17.6,17.6,17.6,17.6,7.68,-
26-Jul-10,17.72,17.72,17.72,17.72,7.73,-
27-Jul-10,17.7,17.7,17.7,17.7,7.73,-
28-Jul-10,17.64,17.64,17.64,17.64,7.7,-
29-Jul-10,17.62,17.62,17.62,17.62,7.69,-
30-Jul-10,17.65,17.65,17.65,17.65,7.7,-
2-Aug-10,17.9,17.9,17.9,17.9,7.81,-
3-Aug-10,17.85,17.85,17.85,17.85,7.79,-
4-Aug-10,17.9,17.9,17.9,17.9,7.81,-
5-Aug-10,17.91,17.91,17.91,17.91,7.82,-
6-Aug-10,17.9,17.9,17.9,17.9,7.81,-
9-Aug-10,17.94,17.94,17.94,17.94,7.83,-
10-Aug-10,17.85,17.85,17.85,17.85,7.79,-
11-Aug-10,17.51,17.51,17.51,17.51,7.64,-
12-Aug-10,17.44,17.44,17.44,17.44,7.61,-
13-Aug-10,17.43,17.43,17.43,17.43,7.61,-
16-Aug-10,17.49,17.49,17.49,17.49,7.63,-
17-Aug-10,17.62,17.62,17.62,17.62,7.69,-
18-Aug-10,17.64,17.64,17.64,17.64,7.7,-
19-Aug-10,17.51,17.51,17.51,17.51,7.64,-
20-Aug-10,17.45,17.45,17.45,17.45,7.62,-
23-Aug-10,17.39,17.39,17.39,17.39,7.59,-
24-Aug-10,17.25,17.25,17.25,17.25,7.53,-
25-Aug-10,17.26,17.26,17.26,17.26,7.53,-
26-Aug-10,17.22,17.22,17.22,17.22,7.52,-
27-Aug-10,17.34,17.34,17.34,17.34,7.57,-
30-Aug-10,17.24,17.24,17.24,17.24,7.52,-
31-Aug-10,17.25,17.25,17.25,17.25,7.53,-
1-Sep-10,17.55,17.55,17.55,17.55,7.66,-
2-Sep-10,17.63,17.63,17.63,17.63,7.69,-
3-Sep-10,17.77,17.77,17.77,17.77,7.76,-
7-Sep-10,17.67,17.67,17.67,17.67,7.71,-
8-Sep-10,17.72,17.72,17.72,17.72,7.73,-
9-Sep-10,17.75,17.75,17.75,17.75,7.75,-
10-Sep-10,17.79,17.79,17.79,17.79,7.76,-
13-Sep-10,17.97,17.97,17.97,17.97,7.84,-
14-Sep-10,18.01,18.01,18.01,18.01,7.86,-
15-Sep-10,18.02,18.02,18.02,18.02,7.86,-
16-Sep-10,17.99,17.99,17.99,17.99,7.85,-
17-Sep-10,17.99,17.99,17.99,17.99,7.85,-
20-Sep-10,18.19,18.19,18.19,18.19,7.94,-
21-Sep-10,18.2,18.2,18.2,18.2,7.94,-
22-Sep-10,18.15,18.15,18.15,18.15,7.92,-
23-Sep-10,18.07,18.07,18.07,18.07,7.89,-
24-Sep-10,18.3,18.3,18.3,18.3,7.99,-
27-Sep-10,18.28,18.28,18.28,18.28,7.98,-
28-Sep-10,18.36,18.36,18.36,18.36,8.01,-
29-Sep-10,18.34,18.34,18.34,18.34,8.0,-
30-Sep-10,18.31,18.31,18.31,18.31,7.99,-
1-Oct-10,18.37,18.37,18.37,18.37,8.02,-
4-Oct-10,18.27,18.27,18.27,18.27,7.97,-
5-Oct-10,18.51,18.51,18.51,18.51,8.08,-
6-Oct-10,18.54,18.54,18.54,18.54,8.09,-
7-Oct-10,18.53,18.53,18.53,18.53,8.09,-
8-Oct-10,18.6,18.6,18.6,18.6,8.12,-
11-Oct-10,18.6,18.6,18.6,18.6,8.12,-
12-Oct-10,18.63,18.63,18.63,18.63,8.13,-
13-Oct-10,18.74,18.74,18.74,18.74,8.18,-
14-Oct-10,18.7,18.7,18.7,18.7,8.16,-
15-Oct-10,18.67,18.67,18.67,18.67,8.15,-
18-Oct-10,18.76,18.76,18.76,18.76,8.19,-
19-Oct-10,18.55,18.55,18.55,18.55,8.1,-
20-Oct-10,18.7,18.7,18.7,18.7,8.16,-
21-Oct-10,18.69,18.69,18.69,18.69,8.16,-
22-Oct-10,18.75,18.75,18.75,18.75,8.18,-
25-Oct-10,18.8,18.8,18.8,18.8,8.21,-
26-Oct-10,18.75,18.75,18.75,18.75,8.18,-
27-Oct-10,18.69,18.69,18.69,18.69,8.16,-
28-Oct-10,18.74,18.74,18.74,18.74,8.18,-
29-Oct-10,18.76,18.76,18.76,18.76,8.19,-
1-Nov-10,18.77,18.77,18.77,18.77,8.19,-
2-Nov-10,18.91,18.91,18.91,18.91,8.25,-
3-Nov-10,18.93,18.93,18.93,18.93,8.26,-
4-Nov-10,19.2,19.2,19.2,19.2,8.38,-
5-Nov-10,19.2,19.2,19.2,19.2,8.38,-
8-Nov-10,19.17,19.17,19.17,19.17,8.37,-
9-Nov-10,19.03,19.03,19.03,19.03,8.31,-
10-Nov-10,19.08,19.08,19.08,19.08,8.33,-
11-Nov-10,19.02,19.02,19.02,19.02,8.3,-
12-Nov-10,18.84,18.84,18.84,18.84,8.22,-
15-Nov-10,18.78,18.78,18.78,18.78,8.2,-
16-Nov-10,18.61,18.61,18.61,18.61,8.12,-
17-Nov-10,18.64,18.64,18.64,18.64,8.14,-
18-Nov-10,18.86,18.86,18.86,18.86,8.23,-
19-Nov-10,18.9,18.9,18.9,18.9,8.25,-
22-Nov-10,18.89,18.89,18.89,18.89,8.24,-
23-Nov-10,18.68,18.68,18.68,18.68,8.15,-
24-Nov-10,18.81,18.81,18.81,18.81,8.21,-
26-Nov-10,18.73,18.73,18.73,18.73,8.17,-
29-Nov-10,18.7,18.7,18.7,18.7,8.16,-
30-Nov-10,18.61,18.61,18.61,18.61,8.12,-
1-Dec-10,18.84,18.84,18.84,18.84,8.22,-
2-Dec-10,19.01,19.01,19.01,19.01,8.3,-
3-Dec-10,19.08,19.08,19.08,19.08,8.33,-
6-Dec-10,19.1,19.1,19.1,19.1,8.34,-
7-Dec-10,19.04,19.04,19.04,19.04,8.31,-
8-Dec-10,19.06,19.06,19.06,19.06,8.32,-
9-Dec-10,19.09,19.09,19.09,19.09,8.33,-
10-Dec-10,19.12,19.12,19.12,19.12,8.34,-
13-Dec-10,19.17,19.17,19.17,19.17,8.37,-
14-Dec-10,19.15,19.15,19.15,19.15,8.36,-
15-Dec-10,19.02,19.02,19.02,19.02,8.3,-
16-Dec-10,19.11,19.11,19.11,19.11,8.34,-
17-Dec-10,19.17,19.17,19.17,19.17,8.37,-
20-Dec-10,19.18,19.18,19.18,19.18,8.37,-
21-Dec-10,19.3,19.3,19.3,19.3,8.42,-
22-Dec-10,19.32,19.32,19.32,19.32,8.43,-
23-Dec-10,19.29,19.29,19.29,19.29,8.42,-
27-Dec-10,19.32,19.32,19.32,19.32,8.43,-
28-Dec-10,19.26,19.26,19.26,19.26,8.41,-
29-Dec-10,19.38,19.38,19.38,19.38,8.46,-
30-Dec-10,19.04,19.04,19.04,19.04,8.45,-
31-Dec-10,19.08,19.08,19.08,19.08,8.47,-
3-Jan-11,19.19,19.19,19.19,19.19,8.51,-
4-Jan-11,19.19,19.19,19.19,19.19,8.51,-
5-Jan-11,19.18,19.18,19.18,19.18,8.51,-
6-Jan-11,19.16,19.16,19.16,19.16,8.5,-
7-Jan-11,19.15,19.15,19.15,19.15,8.5,-
10-Jan-11,19.13,19.13,19.13,19.13,8.49,-
11-Jan-11,19.19,19.19,19.19,19.19,8.51,-
12-Jan-11,19.34,19.34,19.34,19.34,8.58,-
13-Jan-11,19.35,19.35,19.35,19.35,8.59,-
14-Jan-11,19.42,19.42,19.42,19.42,8.62,-
18-Jan-11,19.45,19.45,19.45,19.45,8.63,-
19-Jan-11,19.33,19.33,19.33,19.33,8.58,-
20-Jan-11,19.23,19.23,19.23,19.23,8.53,-
21-Jan-11,19.26,19.26,19.26,19.26,8.55,-
24-Jan-11,19.35,19.35,19.35,19.35,8.59,-
25-Jan-11,19.36,19.36,19.36,19.36,8.59,-
26-Jan-11,19.41,19.41,19.41,19.41,8.61,-
27-Jan-11,19.46,19.46,19.46,19.46,8.63,-
28-Jan-11,19.24,19.24,19.24,19.24,8.54,-
31-Jan-11,19.31,19.31,19.31,19.31,8.57,-
1-Feb-11,19.53,19.53,19.53,19.53,8.67,-
2-Feb-11,19.51,19.51,19.51,19.51,8.66,-
3-Feb-11,19.49,19.49,19.49,19.49,8.65,-
4-Feb-11,19.49,19.49,19.49,19.49,8.65,-
7-Feb-11,19.56,19.56,19.56,19.56,8.68,-
8-Feb-11,19.59,19.59,19.59,19.59,8.69,-
9-Feb-11,19.57,19.57,19.57,19.57,8.68,-
10-Feb-11,19.53,19.53,19.53,19.53,8.67,-
11-Feb-11,19.63,19.63,19.63,19.63,8.71,-
14-Feb-11,19.67,19.67,19.67,19.67,8.73,-
15-Feb-11,19.65,19.65,19.65,19.65,8.72,-
16-Feb-11,19.74,19.74,19.74,19.74,8.76,-
17-Feb-11,19.81,19.81,19.81,19.81,8.79,-
18-Feb-11,19.83,19.83,19.83,19.83,8.8,-
22-Feb-11,19.56,19.56,19.56,19.56,8.68,-
23-Feb-11,19.48,19.48,19.48,19.48,8.64,-
24-Feb-11,19.49,19.49,19.49,19.49,8.65,-
25-Feb-11,19.67,19.67,19.67,19.67,8.73,-
28-Feb-11,19.75,19.75,19.75,19.75,8.76,-
1-Mar-11,19.57,19.57,19.57,19.57,8.68,-
2-Mar-11,19.59,19.59,19.59,19.59,8.69,-
3-Mar-11,19.77,19.77,19.77,19.77,8.77,-
4-Mar-11,19.73,19.73,19.73,19.73,8.75,-
7-Mar-11,19.6,19.6,19.6,19.6,8.7,-
8-Mar-11,19.66,19.66,19.66,19.66,8.72,-
9-Mar-11,19.67,19.67,19.67,19.67,8.73,-
10-Mar-11,19.45,19.45,19.45,19.45,8.63,-
11-Mar-11,19.5,19.5,19.5,19.5,8.65,-
14-Mar-11,19.41,19.41,19.41,19.41,8.61,-
15-Mar-11,19.26,19.26,19.26,19.26,8.55,-
16-Mar-11,19.07,19.07,19.07,19.07,8.46,-
17-Mar-11,19.23,19.23,19.23,19.23,8.53,-
18-Mar-11,19.33,19.33,19.33,19.33,8.58,-
21-Mar-11,19.51,19.51,19.51,19.51,8.66,-
22-Mar-11,19.48,19.48,19.48,19.48,8.64,-
23-Mar-11,19.51,19.51,19.51,19.51,8.66,-
24-Mar-11,19.63,19.63,19.63,19.63,8.71,-
25-Mar-11,19.62,19.62,19.62,19.62,8.71,-
28-Mar-11,19.59,19.59,19.59,19.59,8.69,-
29-Mar-11,19.65,19.65,19.65,19.65,8.72,-
30-Mar-11,19.78,19.78,19.78,19.78,8.78,-
31-Mar-11,19.75,19.75,19.75,19.75,8.76,-
1-Apr-11,19.86,19.86,19.86,19.86,8.81,-
4-Apr-11,19.88,19.88,19.88,19.88,8.82,-
5-Apr-11,19.86,19.86,19.86,19.86,8.81,-
6-Apr-11,19.87,19.87,19.87,19.87,8.82,-
7-Apr-11,19.84,19.84,19.84,19.84,8.8,-
8-Apr-11,19.82,19.82,19.82,19.82,8.79,-
11-Apr-11,19.79,19.79,19.79,19.79,8.78,-
12-Apr-11,19.69,19.69,19.69,19.69,8.74,-
13-Apr-11,19.75,19.75,19.75,19.75,8.76,-
14-Apr-11,19.75,19.75,19.75,19.75,8.76,-
15-Apr-11,19.82,19.82,19.82,19.82,8.79,-
18-Apr-11,19.64,19.64,19.64,19.64,8.71,-
19-Apr-11,19.74,19.74,19.74,19.74,8.76,-
20-Apr-11,19.96,19.96,19.96,19.96,8.86,-
21-Apr-11,20.04,20.04,20.04,20.04,8.89,-
25-Apr-11,20.04,20.04,20.04,20.04,8.89,-
26-Apr-11,20.17,20.17,20.17,20.17,8.95,-
27-Apr-11,20.24,20.24,20.24,20.24,8.98,-
28-Apr-11,20.3,20.3,20.3,20.3,9.01,-
29-Apr-11,20.35,20.35,20.35,20.35,9.03,-
2-May-11,20.34,20.34,20.34,20.34,9.02,-
3-May-11,20.25,20.25,20.25,20.25,8.98,-
4-May-11,20.16,20.16,20.16,20.16,8.94,-
5-May-11,20.06,20.06,20.06,20.06,8.9,-
6-May-11,20.12,20.12,20.12,20.12,8.93,-
9-May-11,20.18,20.18,20.18,20.18,8.95,-
10-May-11,20.27,20.27,20.27,20.27,8.99,-
11-May-11,20.14,20.14,20.14,20.14,8.94,-
12-May-11,20.16,20.16,20.16,20.16,8.94,-
13-May-11,20.06,20.06,20.06,20.06,8.9,-
16-May-11,20,20.0,20.0,20.0,8.87,-
17-May-11,20.01,20.01,20.01,20.01,8.88,-
18-May-11,20.1,20.1,20.1,20.1,8.92,-
19-May-11,20.14,20.14,20.14,20.14,8.94,-
20-May-11,20.04,20.04,20.04,20.04,8.89,-
23-May-11,19.83,19.83,19.83,19.83,8.8,-
24-May-11,19.85,19.85,19.85,19.85,8.81,-
25-May-11,19.9,19.9,19.9,19.9,8.83,-
26-May-11,20.01,20.01,20.01,20.01,8.88,-
27-May-11,20.09,20.09,20.09,20.09,8.91,-
31-May-11,20.24,20.24,20.24,20.24,8.98,-
1-Jun-11,20.01,20.01,20.01,20.01,8.88,-
2-Jun-11,19.98,19.98,19.98,19.98,8.86,-
3-Jun-11,19.89,19.89,19.89,19.89,8.82,-
6-Jun-11,19.74,19.74,19.74,19.74,8.76,-
7-Jun-11,19.78,19.78,19.78,19.78,8.78,-
8-Jun-11,19.69,19.69,19.69,19.69,8.74,-
9-Jun-11,19.76,19.76,19.76,19.76,8.77,-
10-Jun-11,19.57,19.57,19.57,19.57,8.68,-
13-Jun-11,19.56,19.56,19.56,19.56,8.68,-
14-Jun-11,19.68,19.68,19.68,19.68,8.73,-
15-Jun-11,19.47,19.47,19.47,19.47,8.64,-
16-Jun-11,19.45,19.45,19.45,19.45,8.63,-
17-Jun-11,19.47,19.47,19.47,19.47,8.64,-
20-Jun-11,19.5,19.5,19.5,19.5,8.65,-
21-Jun-11,19.71,19.71,19.71,19.71,8.74,-
22-Jun-11,19.63,19.63,19.63,19.63,8.71,-
23-Jun-11,19.62,19.62,19.62,19.62,8.71,-
24-Jun-11,19.5,19.5,19.5,19.5,8.65,-
27-Jun-11,19.57,19.57,19.57,19.57,8.68,-
28-Jun-11,19.71,19.71,19.71,19.71,8.74,-
29-Jun-11,19.65,19.65,19.65,19.65,8.8,-
30-Jun-11,19.79,19.79,19.79,19.79,8.86,-
1-Jul-11,19.97,19.97,19.97,19.97,8.94,-
5-Jul-11,19.97,19.97,19.97,19.97,8.94,-
6-Jul-11,19.97,19.97,19.97,19.97,8.94,-
7-Jul-11,20.08,20.08,20.08,20.08,8.99,-
8-Jul-11,20.03,20.03,20.03,20.03,8.97,-
11-Jul-11,19.77,19.77,19.77,19.77,8.85,-
12-Jul-11,19.69,19.69,19.69,19.69,8.82,-
13-Jul-11,19.79,19.79,19.79,19.79,8.86,-
14-Jul-11,19.67,19.67,19.67,19.67,8.81,-
15-Jul-11,19.74,19.74,19.74,19.74,8.84,-
18-Jul-11,19.57,19.57,19.57,19.57,8.76,-
19-Jul-11,19.81,19.81,19.81,19.81,8.87,-
20-Jul-11,19.81,19.81,19.81,19.81,8.87,-
21-Jul-11,19.95,19.95,19.95,19.95,8.93,-
22-Jul-11,20,20.0,20.0,20.0,8.96,-
25-Jul-11,19.92,19.92,19.92,19.92,8.92,-
26-Jul-11,19.93,19.93,19.93,19.93,8.92,-
27-Jul-11,19.64,19.64,19.64,19.64,8.79,-
28-Jul-11,19.63,19.63,19.63,19.63,8.79,-
29-Jul-11,19.64,19.64,19.64,19.64,8.79,-
1-Aug-11,19.59,19.59,19.59,19.59,8.77,-
2-Aug-11,19.33,19.33,19.33,19.33,8.66,-
3-Aug-11,19.38,19.38,19.38,19.38,8.68,-
4-Aug-11,18.79,18.79,18.79,18.79,8.41,-
5-Aug-11,18.68,18.68,18.68,18.68,8.36,-
8-Aug-11,17.89,17.89,17.89,17.89,8.01,-
9-Aug-11,18.46,18.46,18.46,18.46,8.27,-
10-Aug-11,17.99,17.99,17.99,17.99,8.06,-
11-Aug-11,18.38,18.38,18.38,18.38,8.23,-
12-Aug-11,18.52,18.52,18.52,18.52,8.29,-
15-Aug-11,18.76,18.76,18.76,18.76,8.4,-
16-Aug-11,18.65,18.65,18.65,18.65,8.35,-
17-Aug-11,18.69,18.69,18.69,18.69,8.37,-
18-Aug-11,18.14,18.14,18.14,18.14,8.12,-
19-Aug-11,17.96,17.96,17.96,17.96,8.04,-
22-Aug-11,17.97,17.97,17.97,17.97,8.05,-
23-Aug-11,18.3,18.3,18.3,18.3,8.19,-
24-Aug-11,18.34,18.34,18.34,18.34,8.21,-
25-Aug-11,18.17,18.17,18.17,18.17,8.14,-
26-Aug-11,18.38,18.38,18.38,18.38,8.23,-
29-Aug-11,18.69,18.69,18.69,18.69,8.37,-
30-Aug-11,18.75,18.75,18.75,18.75,8.4,-
31-Aug-11,18.86,18.86,18.86,18.86,8.44,-
1-Sep-11,18.79,18.79,18.79,18.79,8.41,-
2-Sep-11,18.54,18.54,18.54,18.54,8.3,-
6-Sep-11,18.36,18.36,18.36,18.36,8.22,-
7-Sep-11,18.69,18.69,18.69,18.69,8.37,-
8-Sep-11,18.55,18.55,18.55,18.55,8.31,-
9-Sep-11,18.25,18.25,18.25,18.25,8.17,-
12-Sep-11,18.24,18.24,18.24,18.24,8.17,-
13-Sep-11,18.34,18.34,18.34,18.34,8.21,-
14-Sep-11,18.5,18.5,18.5,18.5,8.28,-
15-Sep-11,18.67,18.67,18.67,18.67,8.36,-
16-Sep-11,18.72,18.72,18.72,18.72,8.38,-
19-Sep-11,18.58,18.58,18.58,18.58,8.32,-
20-Sep-11,18.56,18.56,18.56,18.56,8.31,-
21-Sep-11,18.29,18.29,18.29,18.29,8.19,-
22-Sep-11,17.9,17.9,17.9,17.9,8.02,-
23-Sep-11,17.93,17.93,17.93,17.93,8.03,-
26-Sep-11,18.11,18.11,18.11,18.11,8.11,-
27-Sep-11,18.28,18.28,18.28,18.28,8.19,-
28-Sep-11,18.05,18.05,18.05,18.05,8.08,-
29-Sep-11,18.14,18.14,18.14,18.14,8.12,-
30-Sep-11,17.86,17.86,17.86,17.86,8.0,-
3-Oct-11,17.55,17.55,17.55,17.55,7.86,-
4-Oct-11,17.73,17.73,17.73,17.73,7.94,-
5-Oct-11,17.95,17.95,17.95,17.95,8.04,-
6-Oct-11,18.19,18.19,18.19,18.19,8.14,-
7-Oct-11,18.1,18.1,18.1,18.1,8.1,-
10-Oct-11,18.48,18.48,18.48,18.48,8.27,-
11-Oct-11,18.5,18.5,18.5,18.5,8.28,-
12-Oct-11,18.65,18.65,18.65,18.65,8.35,-
13-Oct-11,18.65,18.65,18.65,18.65,8.35,-
14-Oct-11,18.84,18.84,18.84,18.84,8.44,-
17-Oct-11,18.6,18.6,18.6,18.6,8.33,-
18-Oct-11,18.8,18.8,18.8,18.8,8.42,-
19-Oct-11,18.66,18.66,18.66,18.66,8.36,-
20-Oct-11,18.67,18.67,18.67,18.67,8.36,-
21-Oct-11,18.91,18.91,18.91,18.91,8.47,-
24-Oct-11,19.15,19.15,19.15,19.15,8.57,-
25-Oct-11,18.98,18.98,18.98,18.98,8.5,-
26-Oct-11,19.08,19.08,19.08,19.08,8.54,-
27-Oct-11,19.53,19.53,19.53,19.53,8.74,-
28-Oct-11,19.55,19.55,19.55,19.55,8.75,-
31-Oct-11,19.25,19.25,19.25,19.25,8.62,-
1-Nov-11,18.94,18.94,18.94,18.94,8.48,-
2-Nov-11,19.12,19.12,19.12,19.12,8.56,-
3-Nov-11,19.33,19.33,19.33,19.33,8.66,-
4-Nov-11,19.28,19.28,19.28,19.28,8.63,-
7-Nov-11,19.33,19.33,19.33,19.33,8.66,-
8-Nov-11,19.43,19.43,19.43,19.43,8.7,-
9-Nov-11,18.95,18.95,18.95,18.95,8.49,-
10-Nov-11,18.99,18.99,18.99,18.99,8.5,-
11-Nov-11,19.24,19.24,19.24,19.24,8.62,-
14-Nov-11,19.14,19.14,19.14,19.14,8.57,-
15-Nov-11,19.17,19.17,19.17,19.17,8.58,-
16-Nov-11,18.98,18.98,18.98,18.98,8.5,-
17-Nov-11,18.78,18.78,18.78,18.78,8.41,-
18-Nov-11,18.75,18.75,18.75,18.75,8.4,-
21-Nov-11,18.51,18.51,18.51,18.51,8.29,-
22-Nov-11,18.49,18.49,18.49,18.49,8.28,-
23-Nov-11,18.21,18.21,18.21,18.21,8.15,-
25-Nov-11,18.13,18.13,18.13,18.13,8.12,-
28-Nov-11,18.51,18.51,18.51,18.51,8.29,-
29-Nov-11,18.52,18.52,18.52,18.52,8.29,-
30-Nov-11,19.03,19.03,19.03,19.03,8.52,-
1-Dec-11,19.01,19.01,19.01,19.01,8.51,-
2-Dec-11,19.04,19.04,19.04,19.04,8.53,-
5-Dec-11,19.18,19.18,19.18,19.18,8.59,-
6-Dec-11,19.15,19.15,19.15,19.15,8.57,-
7-Dec-11,19.19,19.19,19.19,19.19,8.59,-
8-Dec-11,18.92,18.92,18.92,18.92,8.47,-
9-Dec-11,19.09,19.09,19.09,19.09,8.55,-
12-Dec-11,18.87,18.87,18.87,18.87,8.45,-
13-Dec-11,18.75,18.75,18.75,18.75,8.4,-
14-Dec-11,18.62,18.62,18.62,18.62,8.34,-
15-Dec-11,18.66,18.66,18.66,18.66,8.36,-
16-Dec-11,18.72,18.72,18.72,18.72,8.38,-
19-Dec-11,18.59,18.59,18.59,18.59,8.32,-
20-Dec-11,18.91,18.91,18.91,18.91,8.47,-
21-Dec-11,18.86,18.86,18.86,18.86,8.44,-
22-Dec-11,18.98,18.98,18.98,18.98,8.5,-
23-Dec-11,19.04,19.04,19.04,19.04,8.53,-
27-Dec-11,19.06,19.06,19.06,19.06,8.53,-
28-Dec-11,18.93,18.93,18.93,18.93,8.48,-
29-Dec-11,18.75,18.75,18.75,18.75,8.54,-
30-Dec-11,18.73,18.73,18.73,18.73,8.53,-
3-Jan-12,18.97,18.97,18.97,18.97,8.64,-
4-Jan-12,18.93,18.93,18.93,18.93,8.62,-
5-Jan-12,18.91,18.91,18.91,18.91,8.61,-
6-Jan-12,18.89,18.89,18.89,18.89,8.61,-
9-Jan-12,18.93,18.93,18.93,18.93,8.62,-
10-Jan-12,19.07,19.07,19.07,19.07,8.69,-
11-Jan-12,19.1,19.1,19.1,19.1,8.7,-
12-Jan-12,19.16,19.16,19.16,19.16,8.73,-
13-Jan-12,19.1,19.1,19.1,19.1,8.7,-
17-Jan-12,19.2,19.2,19.2,19.2,8.75,-
18-Jan-12,19.36,19.36,19.36,19.36,8.82,-
19-Jan-12,19.43,19.43,19.43,19.43,8.85,-
20-Jan-12,19.41,19.41,19.41,19.41,8.84,-
23-Jan-12,19.43,19.43,19.43,19.43,8.85,-
24-Jan-12,19.44,19.44,19.44,19.44,8.86,-
25-Jan-12,19.55,19.55,19.55,19.55,8.91,-
26-Jan-12,19.54,19.54,19.54,19.54,8.9,-
27-Jan-12,19.58,19.58,19.58,19.58,8.92,-
30-Jan-12,19.53,19.53,19.53,19.53,8.9,-
31-Jan-12,19.57,19.57,19.57,19.57,8.92,-
1-Feb-12,19.72,19.72,19.72,19.72,8.98,-
2-Feb-12,19.75,19.75,19.75,19.75,9.0,-
3-Feb-12,19.93,19.93,19.93,19.93,9.08,-
6-Feb-12,19.92,19.92,19.92,19.92,9.07,-
7-Feb-12,19.93,19.93,19.93,19.93,9.08,-
8-Feb-12,19.97,19.97,19.97,19.97,9.1,-
9-Feb-12,19.98,19.98,19.98,19.98,9.1,-
10-Feb-12,19.88,19.88,19.88,19.88,9.06,-
13-Feb-12,19.99,19.99,19.99,19.99,9.11,-
14-Feb-12,19.98,19.98,19.98,19.98,9.1,-
15-Feb-12,19.95,19.95,19.95,19.95,9.09,-
16-Feb-12,20.08,20.08,20.08,20.08,9.15,-
17-Feb-12,20.1,20.1,20.1,20.1,9.16,-
21-Feb-12,20.08,20.08,20.08,20.08,9.15,-
22-Feb-12,20.07,20.07,20.07,20.07,9.14,-
23-Feb-12,20.14,20.14,20.14,20.14,9.17,-
24-Feb-12,20.19,20.19,20.19,20.19,9.2,-
27-Feb-12,20.2,20.2,20.2,20.2,9.2,-
28-Feb-12,20.27,20.27,20.27,20.27,9.23,-
29-Feb-12,20.18,20.18,20.18,20.18,9.19,-
1-Mar-12,20.27,20.27,20.27,20.27,9.23,-
2-Mar-12,20.22,20.22,20.22,20.22,9.21,-
5-Mar-12,20.13,20.13,20.13,20.13,9.17,-
6-Mar-12,19.87,19.87,19.87,19.87,9.05,-
7-Mar-12,19.97,19.97,19.97,19.97,9.1,-
8-Mar-12,20.14,20.14,20.14,20.14,9.17,-
9-Mar-12,20.17,20.17,20.17,20.17,9.19,-
12-Mar-12,20.14,20.14,20.14,20.14,9.17,-
13-Mar-12,20.34,20.34,20.34,20.34,9.27,-
14-Mar-12,20.24,20.24,20.24,20.24,9.22,-
15-Mar-12,20.34,20.34,20.34,20.34,9.27,-
16-Mar-12,20.39,20.39,20.39,20.39,9.29,-
19-Mar-12,20.41,20.41,20.41,20.41,9.3,-
20-Mar-12,20.32,20.32,20.32,20.32,9.26,-
21-Mar-12,20.34,20.34,20.34,20.34,9.27,-
22-Mar-12,20.24,20.24,20.24,20.24,9.22,-
23-Mar-12,20.31,20.31,20.31,20.31,9.25,-
26-Mar-12,20.5,20.5,20.5,20.5,9.34,-
27-Mar-12,20.47,20.47,20.47,20.47,9.33,-
28-Mar-12,20.39,20.39,20.39,20.39,9.29,-
29-Mar-12,20.36,20.36,20.36,20.36,9.27,-
30-Mar-12,20.39,20.39,20.39,20.39,9.29,-
2-Apr-12,20.52,20.52,20.52,20.52,9.35,-
3-Apr-12,20.4,20.4,20.4,20.4,9.29,-
4-Apr-12,20.22,20.22,20.22,20.22,9.21,-
5-Apr-12,20.23,20.23,20.23,20.23,9.22,-
9-Apr-12,20.16,20.16,20.16,20.16,9.18,-
10-Apr-12,19.93,19.93,19.93,19.93,9.08,-
11-Apr-12,20.02,20.02,20.02,20.02,9.12,-
12-Apr-12,20.22,20.22,20.22,20.22,9.21,-
13-Apr-12,20.07,20.07,20.07,20.07,9.14,-
16-Apr-12,20.07,20.07,20.07,20.07,9.14,-
17-Apr-12,20.25,20.25,20.25,20.25,9.22,-
18-Apr-12,20.2,20.2,20.2,20.2,9.2,-
19-Apr-12,20.16,20.16,20.16,20.16,9.18,-
20-Apr-12,20.18,20.18,20.18,20.18,9.19,-
23-Apr-12,20.04,20.04,20.04,20.04,9.13,-
24-Apr-12,20.06,20.06,20.06,20.06,9.14,-
25-Apr-12,20.21,20.21,20.21,20.21,9.21,-
26-Apr-12,20.32,20.32,20.32,20.32,9.26,-
27-Apr-12,20.37,20.37,20.37,20.37,9.28,-
30-Apr-12,20.33,20.33,20.33,20.33,9.26,-
1-May-12,20.37,20.37,20.37,20.37,9.28,-
2-May-12,20.36,20.36,20.36,20.36,9.27,-
3-May-12,20.25,20.25,20.25,20.25,9.22,-
4-May-12,20.05,20.05,20.05,20.05,9.13,-
7-May-12,20.06,20.06,20.06,20.06,9.14,-
8-May-12,19.97,19.97,19.97,19.97,9.1,-
9-May-12,19.87,19.87,19.87,19.87,9.05,-
10-May-12,19.88,19.88,19.88,19.88,9.06,-
11-May-12,19.85,19.85,19.85,19.85,9.04,-
14-May-12,19.71,19.71,19.71,19.71,8.98,-
15-May-12,19.62,19.62,19.62,19.62,8.94,-
16-May-12,19.54,19.54,19.54,19.54,8.9,-
17-May-12,19.35,19.35,19.35,19.35,8.81,-
18-May-12,19.23,19.23,19.23,19.23,8.76,-
21-May-12,19.45,19.45,19.45,19.45,8.86,-
22-May-12,19.42,19.42,19.42,19.42,8.85,-
23-May-12,19.41,19.41,19.41,19.41,8.84,-
24-May-12,19.39,19.39,19.39,19.39,8.83,-
25-May-12,19.38,19.38,19.38,19.38,8.83,-
29-May-12,19.54,19.54,19.54,19.54,8.9,-
30-May-12,19.36,19.36,19.36,19.36,8.82,-
31-May-12,19.36,19.36,19.36,19.36,8.82,-
1-Jun-12,19.08,19.08,19.08,19.08,8.69,-
4-Jun-12,19.06,19.06,19.06,19.06,8.68,-
5-Jun-12,19.12,19.12,19.12,19.12,8.71,-
6-Jun-12,19.38,19.38,19.38,19.38,8.83,-
7-Jun-12,19.41,19.41,19.41,19.41,8.84,-
8-Jun-12,19.45,19.45,19.45,19.45,8.86,-
11-Jun-12,19.31,19.31,19.31,19.31,8.8,-
12-Jun-12,19.46,19.46,19.46,19.46,8.86,-
13-Jun-12,19.39,19.39,19.39,19.39,8.83,-
14-Jun-12,19.47,19.47,19.47,19.47,8.87,-
15-Jun-12,19.63,19.63,19.63,19.63,8.94,-
18-Jun-12,19.67,19.67,19.67,19.67,8.96,-
19-Jun-12,19.82,19.82,19.82,19.82,9.03,-
20-Jun-12,19.83,19.83,19.83,19.83,9.03,-
21-Jun-12,19.54,19.54,19.54,19.54,8.9,-
22-Jun-12,19.6,19.6,19.6,19.6,8.93,-
25-Jun-12,19.41,19.41,19.41,19.41,8.84,-
26-Jun-12,19.46,19.46,19.46,19.46,8.86,-
27-Jun-12,19.57,19.57,19.57,19.57,8.92,-
28-Jun-12,19.37,19.37,19.37,19.37,8.9,-
29-Jun-12,19.71,19.71,19.71,19.71,9.06,-
2-Jul-12,19.79,19.79,19.79,19.79,9.09,-
3-Jul-12,19.89,19.89,19.89,19.89,9.14,-
5-Jul-12,19.82,19.82,19.82,19.82,9.11,-
6-Jul-12,19.69,19.69,19.69,19.69,9.05,-
9-Jul-12,19.67,19.67,19.67,19.67,9.04,-
10-Jul-12,19.58,19.58,19.58,19.58,9.0,-
11-Jul-12,19.59,19.59,19.59,19.59,9.0,-
12-Jul-12,19.51,19.51,19.51,19.51,8.96,-
13-Jul-12,19.7,19.7,19.7,19.7,9.05,-
16-Jul-12,19.7,19.7,19.7,19.7,9.05,-
17-Jul-12,19.76,19.76,19.76,19.76,9.08,-
18-Jul-12,19.87,19.87,19.87,19.87,9.13,-
19-Jul-12,19.94,19.94,19.94,19.94,9.16,-
20-Jul-12,19.81,19.81,19.81,19.81,9.1,-
23-Jul-12,19.65,19.65,19.65,19.65,9.03,-
24-Jul-12,19.55,19.55,19.55,19.55,8.98,-
25-Jul-12,19.58,19.58,19.58,19.58,9.0,-
26-Jul-12,19.81,19.81,19.81,19.81,9.1,-
27-Jul-12,20.03,20.03,20.03,20.03,9.2,-
30-Jul-12,20.05,20.05,20.05,20.05,9.21,-
31-Jul-12,19.98,19.98,19.98,19.98,9.18,-
1-Aug-12,19.93,19.93,19.93,19.93,9.16,-
2-Aug-12,19.84,19.84,19.84,19.84,9.12,-
3-Aug-12,20.09,20.09,20.09,20.09,9.23,-
6-Aug-12,20.16,20.16,20.16,20.16,9.26,-
7-Aug-12,20.22,20.22,20.22,20.22,9.29,-
8-Aug-12,20.22,20.22,20.22,20.22,9.29,-
9-Aug-12,20.24,20.24,20.24,20.24,9.3,-
10-Aug-12,20.27,20.27,20.27,20.27,9.31,-
13-Aug-12,20.24,20.24,20.24,20.24,9.3,-
14-Aug-12,20.21,20.21,20.21,20.21,9.29,-
15-Aug-12,20.19,20.19,20.19,20.19,9.28,-
16-Aug-12,20.29,20.29,20.29,20.29,9.32,-
17-Aug-12,20.32,20.32,20.32,20.32,9.34,-
20-Aug-12,20.31,20.31,20.31,20.31,9.33,-
21-Aug-12,20.32,20.32,20.32,20.32,9.34,-
22-Aug-12,20.35,20.35,20.35,20.35,9.35,-
23-Aug-12,20.26,20.26,20.26,20.26,9.31,-
24-Aug-12,20.31,20.31,20.31,20.31,9.33,-
27-Aug-12,20.3,20.3,20.3,20.3,9.33,-
28-Aug-12,20.3,20.3,20.3,20.3,9.33,-
29-Aug-12,20.3,20.3,20.3,20.3,9.33,-
30-Aug-12,20.19,20.19,20.19,20.19,9.28,-
31-Aug-12,20.31,20.31,20.31,20.31,9.33,-
4-Sep-12,20.28,20.28,20.28,20.28,9.32,-
5-Sep-12,20.26,20.26,20.26,20.26,9.31,-
6-Sep-12,20.51,20.51,20.51,20.51,9.42,-
7-Sep-12,20.6,20.6,20.6,20.6,9.47,-
10-Sep-12,20.52,20.52,20.52,20.52,9.43,-
11-Sep-12,20.58,20.58,20.58,20.58,9.46,-
12-Sep-12,20.61,20.61,20.61,20.61,9.47,-
13-Sep-12,20.81,20.81,20.81,20.81,9.56,-
14-Sep-12,20.89,20.89,20.89,20.89,9.6,-
17-Sep-12,20.85,20.85,20.85,20.85,9.58,-
18-Sep-12,20.83,20.83,20.83,20.83,9.57,-
19-Sep-12,20.86,20.86,20.86,20.86,9.58,-
20-Sep-12,20.83,20.83,20.83,20.83,9.57,-
21-Sep-12,20.85,20.85,20.85,20.85,9.58,-
24-Sep-12,20.82,20.82,20.82,20.82,9.57,-
25-Sep-12,20.71,20.71,20.71,20.71,9.52,-
26-Sep-12,20.63,20.63,20.63,20.63,9.48,-
27-Sep-12,20.75,20.75,20.75,20.75,9.53,-
28-Sep-12,20.66,20.66,20.66,20.66,9.49,-
1-Oct-12,20.73,20.73,20.73,20.73,9.53,-
2-Oct-12,20.76,20.76,20.76,20.76,9.54,-
3-Oct-12,20.77,20.77,20.77,20.77,9.54,-
4-Oct-12,20.86,20.86,20.86,20.86,9.58,-
5-Oct-12,20.85,20.85,20.85,20.85,9.58,-
8-Oct-12,20.8,20.8,20.8,20.8,9.56,-
9-Oct-12,20.65,20.65,20.65,20.65,9.49,-
10-Oct-12,20.6,20.6,20.6,20.6,9.47,-
11-Oct-12,20.67,20.67,20.67,20.67,9.5,-
12-Oct-12,20.64,20.64,20.64,20.64,9.48,-
15-Oct-12,20.75,20.75,20.75,20.75,9.53,-
16-Oct-12,20.88,20.88,20.88,20.88,9.59,-
17-Oct-12,20.93,20.93,20.93,20.93,9.62,-
18-Oct-12,20.89,20.89,20.89,20.89,9.6,-
19-Oct-12,20.73,20.73,20.73,20.73,9.53,-
22-Oct-12,20.74,20.74,20.74,20.74,9.53,-
23-Oct-12,20.58,20.58,20.58,20.58,9.46,-
24-Oct-12,20.54,20.54,20.54,20.54,9.44,-
25-Oct-12,20.58,20.58,20.58,20.58,9.46,-
26-Oct-12,20.59,20.59,20.59,20.59,9.46,-
31-Oct-12,20.62,20.62,20.62,20.62,9.47,-
1-Nov-12,20.78,20.78,20.78,20.78,9.55,-
2-Nov-12,20.66,20.66,20.66,20.66,9.49,-
5-Nov-12,20.7,20.7,20.7,20.7,9.51,-
6-Nov-12,20.78,20.78,20.78,20.78,9.55,-
7-Nov-12,20.54,20.54,20.54,20.54,9.44,-
8-Nov-12,20.42,20.42,20.42,20.42,9.38,-
9-Nov-12,20.43,20.43,20.43,20.43,9.39,-
12-Nov-12,20.44,20.44,20.44,20.44,9.39,-
13-Nov-12,20.39,20.39,20.39,20.39,9.37,-
14-Nov-12,20.22,20.22,20.22,20.22,9.29,-
15-Nov-12,20.2,20.2,20.2,20.2,9.28,-
16-Nov-12,20.25,20.25,20.25,20.25,9.3,-
19-Nov-12,20.49,20.49,20.49,20.49,9.41,-
20-Nov-12,20.49,20.49,20.49,20.49,9.41,-
21-Nov-12,20.52,20.52,20.52,20.52,9.43,-
23-Nov-12,20.72,20.72,20.72,20.72,9.52,-
26-Nov-12,20.69,20.69,20.69,20.69,9.51,-
27-Nov-12,20.64,20.64,20.64,20.64,9.48,-
28-Nov-12,20.74,20.74,20.74,20.74,9.53,-
29-Nov-12,20.83,20.83,20.83,20.83,9.57,-
30-Nov-12,20.83,20.83,20.83,20.83,9.57,-
3-Dec-12,20.79,20.79,20.79,20.79,9.55,-
4-Dec-12,20.82,20.82,20.82,20.82,9.57,-
5-Dec-12,20.86,20.86,20.86,20.86,9.58,-
6-Dec-12,20.9,20.9,20.9,20.9,9.6,-
7-Dec-12,20.92,20.92,20.92,20.92,9.61,-
10-Dec-12,20.95,20.95,20.95,20.95,9.63,-
11-Dec-12,21.02,21.02,21.02,21.02,9.66,-
12-Dec-12,21.01,21.01,21.01,21.01,9.65,-
13-Dec-12,20.94,20.94,20.94,20.94,9.62,-
14-Dec-12,20.95,20.95,20.95,20.95,9.63,-
17-Dec-12,21.05,21.05,21.05,21.05,9.67,-
18-Dec-12,21.18,21.18,21.18,21.18,9.73,-
19-Dec-12,21.15,21.15,21.15,21.15,9.72,-
20-Dec-12,21.23,21.23,21.23,21.23,9.75,-
21-Dec-12,21.13,21.13,21.13,21.13,9.71,-
24-Dec-12,21.09,21.09,21.09,21.09,9.69,-
26-Dec-12,21.06,21.06,21.06,21.06,9.68,-
27-Dec-12,21.08,21.08,21.08,21.08,9.69,-
28-Dec-12,20.64,20.64,20.64,20.64,9.63,-
31-Dec-12,20.8,20.8,20.8,20.8,9.71,-
2-Jan-13,21.1,21.1,21.1,21.1,9.85,-
3-Jan-13,21.02,21.02,21.02,21.02,9.81,-
4-Jan-13,21.11,21.11,21.11,21.11,9.85,-
7-Jan-13,21.08,21.08,21.08,21.08,9.84,-
8-Jan-13,21.05,21.05,21.05,21.05,9.82,-
9-Jan-13,21.11,21.11,21.11,21.11,9.85,-
10-Jan-13,21.21,21.21,21.21,21.21,9.9,-
11-Jan-13,21.23,21.23,21.23,21.23,9.91,-
14-Jan-13,21.23,21.23,21.23,21.23,9.91,-
15-Jan-13,21.24,21.24,21.24,21.24,9.91,-
16-Jan-13,21.23,21.23,21.23,21.23,9.91,-
17-Jan-13,21.3,21.3,21.3,21.3,9.94,-
18-Jan-13,21.33,21.33,21.33,21.33,9.96,-
22-Jan-13,21.38,21.38,21.38,21.38,9.98,-
23-Jan-13,21.39,21.39,21.39,21.39,9.98,-
24-Jan-13,21.42,21.42,21.42,21.42,10.0,-
25-Jan-13,21.49,21.49,21.49,21.49,10.03,-
28-Jan-13,21.44,21.44,21.44,21.44,10.01,-
29-Jan-13,21.48,21.48,21.48,21.48,10.03,-
30-Jan-13,21.43,21.43,21.43,21.43,10.0,-
31-Jan-13,21.43,21.43,21.43,21.43,10.0,-
1-Feb-13,21.54,21.54,21.54,21.54,10.05,-
4-Feb-13,21.39,21.39,21.39,21.39,9.98,-
5-Feb-13,21.49,21.49,21.49,21.49,10.03,-
6-Feb-13,21.51,21.51,21.51,21.51,10.04,-
7-Feb-13,21.45,21.45,21.45,21.45,10.01,-
8-Feb-13,21.54,21.54,21.54,21.54,10.05,-
11-Feb-13,21.51,21.51,21.51,21.51,10.04,-
12-Feb-13,21.55,21.55,21.55,21.55,10.06,-
13-Feb-13,21.57,21.57,21.57,21.57,10.07,-
14-Feb-13,21.58,21.58,21.58,21.58,10.07,-
15-Feb-13,21.56,21.56,21.56,21.56,10.06,-
19-Feb-13,21.65,21.65,21.65,21.65,10.1,-
20-Feb-13,21.46,21.46,21.46,21.46,10.02,-
21-Feb-13,21.35,21.35,21.35,21.35,9.96,-
22-Feb-13,21.49,21.49,21.49,21.49,10.03,-
25-Feb-13,21.29,21.29,21.29,21.29,9.94,-
26-Feb-13,21.34,21.34,21.34,21.34,9.96,-
27-Feb-13,21.51,21.51,21.51,21.51,10.04,-
28-Feb-13,21.5,21.5,21.5,21.5,10.03,-
1-Mar-13,21.54,21.54,21.54,21.54,10.05,-
4-Mar-13,21.58,21.58,21.58,21.58,10.07,-
5-Mar-13,21.72,21.72,21.72,21.72,10.14,-
6-Mar-13,21.72,21.72,21.72,21.72,10.14,-
7-Mar-13,21.74,21.74,21.74,21.74,10.15,-
8-Mar-13,21.77,21.77,21.77,21.77,10.16,-
11-Mar-13,21.82,21.82,21.82,21.82,10.18,-
12-Mar-13,21.8,21.8,21.8,21.8,10.17,-
13-Mar-13,21.81,21.81,21.81,21.81,10.18,-
14-Mar-13,21.89,21.89,21.89,21.89,10.22,-
15-Mar-13,21.89,21.89,21.89,21.89,10.22,-
18-Mar-13,21.8,21.8,21.8,21.8,10.17,-
19-Mar-13,21.76,21.76,21.76,21.76,10.16,-
20-Mar-13,21.84,21.84,21.84,21.84,10.19,-
21-Mar-13,21.72,21.72,21.72,21.72,10.14,-
22-Mar-13,21.79,21.79,21.79,21.79,10.17,-
25-Mar-13,21.72,21.72,21.72,21.72,10.14,-
26-Mar-13,21.82,21.82,21.82,21.82,10.18,-
27-Mar-13,21.82,21.82,21.82,21.82,10.18,-
28-Mar-13,21.9,21.9,21.9,21.9,10.22,-
1-Apr-13,21.82,21.82,21.82,21.82,10.18,-
2-Apr-13,21.87,21.87,21.87,21.87,10.21,-
3-Apr-13,21.75,21.75,21.75,21.75,10.15,-
4-Apr-13,21.82,21.82,21.82,21.82,10.18,-
5-Apr-13,21.79,21.79,21.79,21.79,10.17,-
8-Apr-13,21.86,21.86,21.86,21.86,10.2,-
9-Apr-13,21.91,21.91,21.91,21.91,10.23,-
10-Apr-13,22.07,22.07,22.07,22.07,10.3,-
11-Apr-13,22.13,22.13,22.13,22.13,10.33,-
12-Apr-13,22.12,22.12,22.12,22.12,10.32,-
15-Apr-13,21.81,21.81,21.81,21.81,10.18,-
16-Apr-13,21.99,21.99,21.99,21.99,10.26,-
17-Apr-13,21.76,21.76,21.76,21.76,10.16,-
18-Apr-13,21.67,21.67,21.67,21.67,10.11,-
19-Apr-13,21.81,21.81,21.81,21.81,10.18,-
22-Apr-13,21.87,21.87,21.87,21.87,10.21,-
23-Apr-13,22.03,22.03,22.03,22.03,10.28,-
24-Apr-13,22.09,22.09,22.09,22.09,10.31,-
25-Apr-13,22.17,22.17,22.17,22.17,10.35,-
26-Apr-13,22.16,22.16,22.16,22.16,10.34,-
29-Apr-13,22.27,22.27,22.27,22.27,10.39,-
30-Apr-13,22.32,22.32,22.32,22.32,10.42,-
1-May-13,22.22,22.22,22.22,22.22,10.37,-
2-May-13,22.33,22.33,22.33,22.33,10.42,-
3-May-13,22.43,22.43,22.43,22.43,10.47,-
6-May-13,22.44,22.44,22.44,22.44,10.47,-
7-May-13,22.51,22.51,22.51,22.51,10.51,-
8-May-13,22.62,22.62,22.62,22.62,10.56,-
9-May-13,22.54,22.54,22.54,22.54,10.52,-
10-May-13,22.58,22.58,22.58,22.58,10.54,-
13-May-13,22.56,22.56,22.56,22.56,10.53,-
14-May-13,22.67,22.67,22.67,22.67,10.58,-
15-May-13,22.75,22.75,22.75,22.75,10.62,-
16-May-13,22.71,22.71,22.71,22.71,10.6,-
17-May-13,22.8,22.8,22.8,22.8,10.64,-
20-May-13,22.82,22.82,22.82,22.82,10.65,-
21-May-13,22.87,22.87,22.87,22.87,10.67,-
22-May-13,22.7,22.7,22.7,22.7,10.59,-
23-May-13,22.64,22.64,22.64,22.64,10.57,-
24-May-13,22.61,22.61,22.61,22.61,10.55,-
28-May-13,22.62,22.62,22.62,22.62,10.56,-
29-May-13,22.56,22.56,22.56,22.56,10.53,-
30-May-13,22.64,22.64,22.64,22.64,10.57,-
31-May-13,22.4,22.4,22.4,22.4,10.45,-
3-Jun-13,22.46,22.46,22.46,22.46,10.48,-
4-Jun-13,22.38,22.38,22.38,22.38,10.45,-
5-Jun-13,22.2,22.2,22.2,22.2,10.36,-
6-Jun-13,22.31,22.31,22.31,22.31,10.41,-
7-Jun-13,22.42,22.42,22.42,22.42,10.46,-
10-Jun-13,22.42,22.42,22.42,22.42,10.46,-
11-Jun-13,22.26,22.26,22.26,22.26,10.39,-
12-Jun-13,22.14,22.14,22.14,22.14,10.33,-
13-Jun-13,22.36,22.36,22.36,22.36,10.44,-
14-Jun-13,22.27,22.27,22.27,22.27,10.39,-
17-Jun-13,22.38,22.38,22.38,22.38,10.45,-
18-Jun-13,22.48,22.48,22.48,22.48,10.49,-
19-Jun-13,22.23,22.23,22.23,22.23,10.38,-
20-Jun-13,21.78,21.78,21.78,21.78,10.17,-
21-Jun-13,21.7,21.7,21.7,21.7,10.13,-
24-Jun-13,21.49,21.49,21.49,21.49,10.03,-
25-Jun-13,21.6,21.6,21.6,21.6,10.08,-
26-Jun-13,21.77,21.77,21.77,21.77,10.16,-
27-Jun-13,21.79,21.79,21.79,21.79,10.24,-
28-Jun-13,21.77,21.77,21.77,21.77,10.23,-
1-Jul-13,21.9,21.9,21.9,21.9,10.29,-
2-Jul-13,21.85,21.85,21.85,21.85,10.27,-
3-Jul-13,21.83,21.83,21.83,21.83,10.26,-
5-Jul-13,21.84,21.84,21.84,21.84,10.26,-
8-Jul-13,21.95,21.95,21.95,21.95,10.32,-
9-Jul-13,22.06,22.06,22.06,22.06,10.37,-
10-Jul-13,22.07,22.07,22.07,22.07,10.37,-
11-Jul-13,22.37,22.37,22.37,22.37,10.51,-
12-Jul-13,22.39,22.39,22.39,22.39,10.52,-
15-Jul-13,22.46,22.46,22.46,22.46,10.56,-
16-Jul-13,22.43,22.43,22.43,22.43,10.54,-
17-Jul-13,22.49,22.49,22.49,22.49,10.57,-
18-Jul-13,22.54,22.54,22.54,22.54,10.59,-
19-Jul-13,22.59,22.59,22.59,22.59,10.62,-
22-Jul-13,22.64,22.64,22.64,22.64,10.64,-
23-Jul-13,22.62,22.62,22.62,22.62,10.63,-
24-Jul-13,22.54,22.54,22.54,22.54,10.59,-
25-Jul-13,22.61,22.61,22.61,22.61,10.63,-
26-Jul-13,22.59,22.59,22.59,22.59,10.62,-
29-Jul-13,22.51,22.51,22.51,22.51,10.58,-
30-Jul-13,22.52,22.52,22.52,22.52,10.58,-
31-Jul-13,22.55,22.55,22.55,22.55,10.6,-
1-Aug-13,22.7,22.7,22.7,22.7,10.67,-
2-Aug-13,22.79,22.79,22.79,22.79,10.71,-
5-Aug-13,22.77,22.77,22.77,22.77,10.7,-
6-Aug-13,22.69,22.69,22.69,22.69,10.66,-
7-Aug-13,22.65,22.65,22.65,22.65,10.64,-
8-Aug-13,22.74,22.74,22.74,22.74,10.69,-
9-Aug-13,22.73,22.73,22.73,22.73,10.68,-
12-Aug-13,22.71,22.71,22.71,22.71,10.67,-
13-Aug-13,22.71,22.71,22.71,22.71,10.67,-
14-Aug-13,22.67,22.67,22.67,22.67,10.65,-
15-Aug-13,22.46,22.46,22.46,22.46,10.56,-
16-Aug-13,22.42,22.42,22.42,22.42,10.54,-
19-Aug-13,22.29,22.29,22.29,22.29,10.48,-
20-Aug-13,22.36,22.36,22.36,22.36,10.51,-
21-Aug-13,22.21,22.21,22.21,22.21,10.44,-
22-Aug-13,22.36,22.36,22.36,22.36,10.51,-
23-Aug-13,22.47,22.47,22.47,22.47,10.56,-
26-Aug-13,22.45,22.45,22.45,22.45,10.55,-
27-Aug-13,22.22,22.22,22.22,22.22,10.44,-
28-Aug-13,22.22,22.22,22.22,22.22,10.44,-
29-Aug-13,22.29,22.29,22.29,22.29,10.48,-
30-Aug-13,22.2,22.2,22.2,22.2,10.43,-
3-Sep-13,22.29,22.29,22.29,22.29,10.48,-
4-Sep-13,22.37,22.37,22.37,22.37,10.51,-
5-Sep-13,22.35,22.35,22.35,22.35,10.5,-
6-Sep-13,22.41,22.41,22.41,22.41,10.53,-
9-Sep-13,22.59,22.59,22.59,22.59,10.62,-
10-Sep-13,22.72,22.72,22.72,22.72,10.68,-
11-Sep-13,22.81,22.81,22.81,22.81,10.72,-
12-Sep-13,22.74,22.74,22.74,22.74,10.69,-
13-Sep-13,22.79,22.79,22.79,22.79,10.71,-
16-Sep-13,22.88,22.88,22.88,22.88,10.75,-
17-Sep-13,22.95,22.95,22.95,22.95,10.79,-
18-Sep-13,23.23,23.23,23.23,23.23,10.92,-
19-Sep-13,23.19,23.19,23.19,23.19,10.9,-
20-Sep-13,23.11,23.11,23.11,23.11,10.86,-
23-Sep-13,23.06,23.06,23.06,23.06,10.84,-
24-Sep-13,23.08,23.08,23.08,23.08,10.85,-
25-Sep-13,23.08,23.08,23.08,23.08,10.85,-
26-Sep-13,23.1,23.1,23.1,23.1,10.86,-
27-Sep-13,23.07,23.07,23.07,23.07,10.84,-
30-Sep-13,22.99,22.99,22.99,22.99,10.8,-
1-Oct-13,23.12,23.12,23.12,23.12,10.87,-
2-Oct-13,23.12,23.12,23.12,23.12,10.87,-
3-Oct-13,23.02,23.02,23.02,23.02,10.82,-
4-Oct-13,23.09,23.09,23.09,23.09,10.85,-
7-Oct-13,22.98,22.98,22.98,22.98,10.8,-
8-Oct-13,22.78,22.78,22.78,22.78,10.71,-
9-Oct-13,22.76,22.76,22.76,22.76,10.7,-
10-Oct-13,23.05,23.05,23.05,23.05,10.83,-
11-Oct-13,23.16,23.16,23.16,23.16,10.88,-
14-Oct-13,23.21,23.21,23.21,23.21,10.91,-
15-Oct-13,23.12,23.12,23.12,23.12,10.87,-
16-Oct-13,23.32,23.32,23.32,23.32,10.96,-
17-Oct-13,23.48,23.48,23.48,23.48,11.03,-
18-Oct-13,23.61,23.61,23.61,23.61,11.1,-
21-Oct-13,23.61,23.61,23.61,23.61,11.1,-
22-Oct-13,23.73,23.73,23.73,23.73,11.15,-
23-Oct-13,23.63,23.63,23.63,23.63,11.11,-
24-Oct-13,23.7,23.7,23.7,23.7,11.14,-
25-Oct-13,23.73,23.73,23.73,23.73,11.15,-
28-Oct-13,23.73,23.73,23.73,23.73,11.15,-
29-Oct-13,23.8,23.8,23.8,23.8,11.19,-
30-Oct-13,23.72,23.72,23.72,23.72,11.15,-
31-Oct-13,23.66,23.66,23.66,23.66,11.12,-
1-Nov-13,23.63,23.63,23.63,23.63,11.11,-
4-Nov-13,23.69,23.69,23.69,23.69,11.13,-
5-Nov-13,23.59,23.59,23.59,23.59,11.09,-
6-Nov-13,23.66,23.66,23.66,23.66,11.12,-
7-Nov-13,23.46,23.46,23.46,23.46,11.03,-
8-Nov-13,23.55,23.55,23.55,23.55,11.07,-
11-Nov-13,23.58,23.58,23.58,23.58,11.08,-
12-Nov-13,23.54,23.54,23.54,23.54,11.06,-
13-Nov-13,23.66,23.66,23.66,23.66,11.12,-
14-Nov-13,23.78,23.78,23.78,23.78,11.18,-
15-Nov-13,23.88,23.88,23.88,23.88,11.22,-
18-Nov-13,23.87,23.87,23.87,23.87,11.22,-
19-Nov-13,23.81,23.81,23.81,23.81,11.19,-
20-Nov-13,23.7,23.7,23.7,23.7,11.14,-
21-Nov-13,23.83,23.83,23.83,23.83,11.2,-
22-Nov-13,23.94,23.94,23.94,23.94,11.25,-
25-Nov-13,23.93,23.93,23.93,23.93,11.25,-
26-Nov-13,23.95,23.95,23.95,23.95,11.26,-
27-Nov-13,24,24.0,24.0,24.0,11.28,-
29-Nov-13,24.01,24.01,24.01,24.01,11.28,-
2-Dec-13,23.93,23.93,23.93,23.93,11.25,-
3-Dec-13,23.84,23.84,23.84,23.84,11.2,-
4-Dec-13,23.78,23.78,23.78,23.78,11.18,-
5-Dec-13,23.72,23.72,23.72,23.72,11.15,-
6-Dec-13,23.88,23.88,23.88,23.88,11.22,-
9-Dec-13,23.92,23.92,23.92,23.92,11.24,-
10-Dec-13,23.91,23.91,23.91,23.91,11.24,-
11-Dec-13,23.71,23.71,23.71,23.71,11.14,-
12-Dec-13,23.63,23.63,23.63,23.63,11.11,-
13-Dec-13,23.66,23.66,23.66,23.66,11.12,-
16-Dec-13,23.76,23.76,23.76,23.76,11.17,-
17-Dec-13,23.74,23.74,23.74,23.74,11.16,-
18-Dec-13,23.95,23.95,23.95,23.95,11.26,-
19-Dec-13,23.93,23.93,23.93,23.93,11.25,-
20-Dec-13,24.08,24.08,24.08,24.08,11.32,-
23-Dec-13,24.16,24.16,24.16,24.16,11.35,-
24-Dec-13,24.15,24.15,24.15,24.15,11.35,-
26-Dec-13,23.78,23.78,23.78,23.78,11.38,-
27-Dec-13,23.8,23.8,23.8,23.8,11.39,-
30-Dec-13,23.85,23.85,23.85,23.85,11.42,-
31-Dec-13,23.89,23.89,23.89,23.89,11.44,-
2-Jan-14,23.75,23.75,23.75,23.75,11.37,-
3-Jan-14,23.75,23.75,23.75,23.75,11.37,-
6-Jan-14,23.74,23.74,23.74,23.74,11.37,-
7-Jan-14,23.84,23.84,23.84,23.84,11.41,-
8-Jan-14,23.85,23.85,23.85,23.85,11.42,-
9-Jan-14,23.86,23.86,23.86,23.86,11.42,-
10-Jan-14,23.99,23.99,23.99,23.99,11.49,-
13-Jan-14,23.83,23.83,23.83,23.83,11.41,-
14-Jan-14,23.97,23.97,23.97,23.97,11.48,-
15-Jan-14,24.03,24.03,24.03,24.03,11.5,-
16-Jan-14,24.04,24.04,24.04,24.04,11.51,-
17-Jan-14,24,24.0,24.0,24.0,11.49,-
21-Jan-14,24.05,24.05,24.05,24.05,11.51,-
22-Jan-14,24.08,24.08,24.08,24.08,11.53,-
23-Jan-14,23.98,23.98,23.98,23.98,11.48,-
24-Jan-14,23.63,23.63,23.63,23.63,11.31,-
27-Jan-14,23.5,23.5,23.5,23.5,11.25,-
28-Jan-14,23.64,23.64,23.64,23.64,11.32,-
29-Jan-14,23.53,23.53,23.53,23.53,11.26,-
30-Jan-14,23.66,23.66,23.66,23.66,11.33,-
31-Jan-14,23.56,23.56,23.56,23.56,11.28,-
3-Feb-14,23.27,23.27,23.27,23.27,11.14,-
4-Feb-14,23.34,23.34,23.34,23.34,11.17,-
5-Feb-14,23.31,23.31,23.31,23.31,11.16,-
6-Feb-14,23.53,23.53,23.53,23.53,11.26,-
7-Feb-14,23.73,23.73,23.73,23.73,11.36,-
10-Feb-14,23.75,23.75,23.75,23.75,11.37,-
11-Feb-14,23.89,23.89,23.89,23.89,11.44,-
12-Feb-14,23.9,23.9,23.9,23.9,11.44,-
13-Feb-14,24,24.0,24.0,24.0,11.49,-
14-Feb-14,24.06,24.06,24.06,24.06,11.52,-
18-Feb-14,24.14,24.14,24.14,24.14,11.56,-
19-Feb-14,24.04,24.04,24.04,24.04,11.51,-
20-Feb-14,24.12,24.12,24.12,24.12,11.55,-
21-Feb-14,24.14,24.14,24.14,24.14,11.56,-
24-Feb-14,24.25,24.25,24.25,24.25,11.61,-
25-Feb-14,24.26,24.26,24.26,24.26,11.61,-
26-Feb-14,24.28,24.28,24.28,24.28,11.62,-
27-Feb-14,24.38,24.38,24.38,24.38,11.67,-
28-Feb-14,24.41,24.41,24.41,24.41,11.69,-
3-Mar-14,24.23,24.23,24.23,24.23,11.6,-
4-Mar-14,24.44,24.44,24.44,24.44,11.7,-
5-Mar-14,24.45,24.45,24.45,24.45,11.71,-
6-Mar-14,24.48,24.48,24.48,24.48,11.72,-
7-Mar-14,24.42,24.42,24.42,24.42,11.69,-
10-Mar-14,24.38,24.38,24.38,24.38,11.67,-
11-Mar-14,24.29,24.29,24.29,24.29,11.63,-
12-Mar-14,24.3,24.3,24.3,24.3,11.63,-
13-Mar-14,24.12,24.12,24.12,24.12,11.55,-
14-Mar-14,24.08,24.08,24.08,24.08,11.53,-
17-Mar-14,24.21,24.21,24.21,24.21,11.59,-
18-Mar-14,24.36,24.36,24.36,24.36,11.66,-
19-Mar-14,24.21,24.21,24.21,24.21,11.59,-
20-Mar-14,24.25,24.25,24.25,24.25,11.61,-
21-Mar-14,24.22,24.22,24.22,24.22,11.6,-
24-Mar-14,24.18,24.18,24.18,24.18,11.58,-
25-Mar-14,24.24,24.24,24.24,24.24,11.6,-
26-Mar-14,24.18,24.18,24.18,24.18,11.58,-
27-Mar-14,24.19,24.19,24.19,24.19,11.58,-
28-Mar-14,24.26,24.26,24.26,24.26,11.61,-
31-Mar-14,24.41,24.41,24.41,24.41,11.69,-
1-Apr-14,24.52,24.52,24.52,24.52,11.74,-
2-Apr-14,24.54,24.54,24.54,24.54,11.75,-
3-Apr-14,24.51,24.51,24.51,24.51,11.73,-
4-Apr-14,24.35,24.35,24.35,24.35,11.66,-
7-Apr-14,24.21,24.21,24.21,24.21,11.59,-
8-Apr-14,24.27,24.27,24.27,24.27,11.62,-
9-Apr-14,24.46,24.46,24.46,24.46,11.71,-
10-Apr-14,24.16,24.16,24.16,24.16,11.57,-
11-Apr-14,24.01,24.01,24.01,24.01,11.49,-
14-Apr-14,24.12,24.12,24.12,24.12,11.55,-
15-Apr-14,24.17,24.17,24.17,24.17,11.57,-
16-Apr-14,24.33,24.33,24.33,24.33,11.65,-
17-Apr-14,24.32,24.32,24.32,24.32,11.64,-
21-Apr-14,24.38,24.38,24.38,24.38,11.67,-
22-Apr-14,24.48,24.48,24.48,24.48,11.72,-
23-Apr-14,24.46,24.46,24.46,24.46,11.71,-
24-Apr-14,24.47,24.47,24.47,24.47,11.71,-
25-Apr-14,24.32,24.32,24.32,24.32,11.64,-
28-Apr-14,24.31,24.31,24.31,24.31,11.64,-
29-Apr-14,24.4,24.4,24.4,24.4,11.68,-
30-Apr-14,24.47,24.47,24.47,24.47,11.71,-
1-May-14,24.53,24.53,24.53,24.53,11.74,-
2-May-14,24.54,24.54,24.54,24.54,11.75,-
5-May-14,24.53,24.53,24.53,24.53,11.74,-
6-May-14,24.44,24.44,24.44,24.44,11.7,-
7-May-14,24.48,24.48,24.48,24.48,11.72,-
8-May-14,24.44,24.44,24.44,24.44,11.7,-
9-May-14,24.45,24.45,24.45,24.45,11.71,-
12-May-14,24.61,24.61,24.61,24.61,11.78,-
13-May-14,24.63,24.63,24.63,24.63,11.79,-
14-May-14,24.6,24.6,24.6,24.6,11.78,-
15-May-14,24.51,24.51,24.51,24.51,11.73,-
16-May-14,24.55,24.55,24.55,24.55,11.75,-
19-May-14,24.58,24.58,24.58,24.58,11.77,-
20-May-14,24.48,24.48,24.48,24.48,11.72,-
21-May-14,24.61,24.61,24.61,24.61,11.78,-
22-May-14,24.65,24.65,24.65,24.65,11.8,-
23-May-14,24.74,24.74,24.74,24.74,11.84,-
27-May-14,24.86,24.86,24.86,24.86,11.9,-
28-May-14,24.87,24.87,24.87,24.87,11.91,-
29-May-14,24.93,24.93,24.93,24.93,11.94,-
30-May-14,24.93,24.93,24.93,24.93,11.94,-
2-Jun-14,24.93,24.93,24.93,24.93,11.94,-
3-Jun-14,24.89,24.89,24.89,24.89,11.92,-
4-Jun-14,24.92,24.92,24.92,24.92,11.93,-
5-Jun-14,25.03,25.03,25.03,25.03,11.98,-
6-Jun-14,25.11,25.11,25.11,25.11,12.02,-
9-Jun-14,25.12,25.12,25.12,25.12,12.03,-
10-Jun-14,25.12,25.12,25.12,25.12,12.03,-
11-Jun-14,25.07,25.07,25.07,25.07,12.0,-
12-Jun-14,25.02,25.02,25.02,25.02,11.98,-
13-Jun-14,25.06,25.06,25.06,25.06,12.0,-
16-Jun-14,25.08,25.08,25.08,25.08,12.01,-
17-Jun-14,25.08,25.08,25.08,25.08,12.01,-
18-Jun-14,25.23,25.23,25.23,25.23,12.08,-
19-Jun-14,25.23,25.23,25.23,25.23,12.08,-
20-Jun-14,25.28,25.28,25.28,25.28,12.1,-
23-Jun-14,25.08,25.08,25.08,25.08,12.1,-
24-Jun-14,25,25.0,25.0,25.0,12.06,-
25-Jun-14,25.06,25.06,25.06,25.06,12.09,-
26-Jun-14,25.06,25.06,25.06,25.06,12.09,-
27-Jun-14,25.1,25.1,25.1,25.1,12.11,-
30-Jun-14,25.11,25.11,25.11,25.11,12.11,-
1-Jul-14,25.22,25.22,25.22,25.22,12.16,-
2-Jul-14,25.19,25.19,25.19,25.19,12.15,-
3-Jul-14,25.26,25.26,25.26,25.26,12.18,-
7-Jul-14,25.17,25.17,25.17,25.17,12.14,-
8-Jul-14,25.07,25.07,25.07,25.07,12.09,-
9-Jul-14,25.13,25.13,25.13,25.13,12.12,-
10-Jul-14,25.02,25.02,25.02,25.02,12.07,-
11-Jul-14,25.06,25.06,25.06,25.06,12.09,-
14-Jul-14,25.13,25.13,25.13,25.13,12.12,-
15-Jul-14,25.07,25.07,25.07,25.07,12.09,-
16-Jul-14,25.16,25.16,25.16,25.16,12.14,-
17-Jul-14,24.99,24.99,24.99,24.99,12.05,-
18-Jul-14,25.13,25.13,25.13,25.13,12.12,-
21-Jul-14,25.11,25.11,25.11,25.11,12.11,-
22-Jul-14,25.21,25.21,25.21,25.21,12.16,-
23-Jul-14,25.24,25.24,25.24,25.24,12.17,-
24-Jul-14,25.22,25.22,25.22,25.22,12.16,-
25-Jul-14,25.18,25.18,25.18,25.18,12.14,-
28-Jul-14,25.15,25.15,25.15,25.15,12.13,-
29-Jul-14,25.1,25.1,25.1,25.1,12.11,-
30-Jul-14,25.08,25.08,25.08,25.08,12.1,-
31-Jul-14,24.78,24.78,24.78,24.78,11.95,-
1-Aug-14,24.74,24.74,24.74,24.74,11.93,-
4-Aug-14,24.84,24.84,24.84,24.84,11.98,-
5-Aug-14,24.71,24.71,24.71,24.71,11.92,-
6-Aug-14,24.67,24.67,24.67,24.67,11.9,-
7-Aug-14,24.59,24.59,24.59,24.59,11.86,-
8-Aug-14,24.72,24.72,24.72,24.72,11.92,-
11-Aug-14,24.78,24.78,24.78,24.78,11.95,-
12-Aug-14,24.74,24.74,24.74,24.74,11.93,-
13-Aug-14,24.87,24.87,24.87,24.87,12.0,-
14-Aug-14,24.96,24.96,24.96,24.96,12.04,-
15-Aug-14,24.99,24.99,24.99,24.99,12.05,-
18-Aug-14,25.09,25.09,25.09,25.09,12.1,-
19-Aug-14,25.16,25.16,25.16,25.16,12.14,-
20-Aug-14,25.16,25.16,25.16,25.16,12.14,-
21-Aug-14,25.23,25.23,25.23,25.23,12.17,-
22-Aug-14,25.21,25.21,25.21,25.21,12.16,-
25-Aug-14,25.31,25.31,25.31,25.31,12.21,-
26-Aug-14,25.34,25.34,25.34,25.34,12.22,-
27-Aug-14,25.37,25.37,25.37,25.37,12.24,-
28-Aug-14,25.34,25.34,25.34,25.34,12.22,-
29-Aug-14,25.38,25.38,25.38,25.38,12.24,-
2-Sep-14,25.35,25.35,25.35,25.35,12.23,-
3-Sep-14,25.4,25.4,25.4,25.4,12.25,-
4-Sep-14,25.33,25.33,25.33,25.33,12.22,-
5-Sep-14,25.37,25.37,25.37,25.37,12.24,-
8-Sep-14,25.3,25.3,25.3,25.3,12.2,-
9-Sep-14,25.2,25.2,25.2,25.2,12.15,-
10-Sep-14,25.24,25.24,25.24,25.24,12.17,-
11-Sep-14,25.23,25.23,25.23,25.23,12.17,-
12-Sep-14,25.12,25.12,25.12,25.12,12.12,-
15-Sep-14,25.08,25.08,25.08,25.08,12.1,-
16-Sep-14,25.18,25.18,25.18,25.18,12.14,-
17-Sep-14,25.16,25.16,25.16,25.16,12.14,-
18-Sep-14,25.27,25.27,25.27,25.27,12.19,-
19-Sep-14,25.25,25.25,25.25,25.25,12.18,-
22-Sep-14,25.12,25.12,25.12,25.12,12.12,-
23-Sep-14,25.01,25.01,25.01,25.01,12.06,-
24-Sep-14,25.13,25.13,25.13,25.13,12.12,-
25-Sep-14,24.91,24.91,24.91,24.91,12.01,-
26-Sep-14,25.01,25.01,25.01,25.01,12.06,-
29-Sep-14,24.96,24.96,24.96,24.96,12.04,-
30-Sep-14,24.88,24.88,24.88,24.88,12.0,-
1-Oct-14,24.73,24.73,24.73,24.73,11.93,-
2-Oct-14,24.66,24.66,24.66,24.66,11.89,-
3-Oct-14,24.8,24.8,24.8,24.8,11.96,-
6-Oct-14,24.83,24.83,24.83,24.83,11.98,-
7-Oct-14,24.63,24.63,24.63,24.63,11.88,-
8-Oct-14,24.86,24.86,24.86,24.86,11.99,-
9-Oct-14,24.52,24.52,24.52,24.52,11.83,-
10-Oct-14,24.28,24.28,24.28,24.28,11.71,-
13-Oct-14,24.12,24.12,24.12,24.12,11.63,-
14-Oct-14,24.19,24.19,24.19,24.19,11.67,-
15-Oct-14,24.11,24.11,24.11,24.11,11.63,-
16-Oct-14,24.08,24.08,24.08,24.08,11.61,-
17-Oct-14,24.27,24.27,24.27,24.27,11.71,-
20-Oct-14,24.42,24.42,24.42,24.42,11.78,-
21-Oct-14,24.7,24.7,24.7,24.7,11.91,-
22-Oct-14,24.56,24.56,24.56,24.56,11.85,-
23-Oct-14,24.72,24.72,24.72,24.72,11.92,-
24-Oct-14,24.82,24.82,24.82,24.82,11.97,-
27-Oct-14,24.79,24.79,24.79,24.79,11.96,-
28-Oct-14,24.97,24.97,24.97,24.97,12.04,-
29-Oct-14,24.94,24.94,24.94,24.94,12.03,-
30-Oct-14,25.06,25.06,25.06,25.06,12.09,-
31-Oct-14,25.27,25.27,25.27,25.27,12.19,-
3-Nov-14,25.24,25.24,25.24,25.24,12.17,-
4-Nov-14,25.18,25.18,25.18,25.18,12.14,-
5-Nov-14,25.24,25.24,25.24,25.24,12.17,-
6-Nov-14,25.25,25.25,25.25,25.25,12.18,-
7-Nov-14,25.27,25.27,25.27,25.27,12.19,-
10-Nov-14,25.33,25.33,25.33,25.33,12.22,-
11-Nov-14,25.36,25.36,25.36,25.36,12.23,-
12-Nov-14,25.33,25.33,25.33,25.33,12.22,-
13-Nov-14,25.35,25.35,25.35,25.35,12.23,-
14-Nov-14,25.38,25.38,25.38,25.38,12.24,-
17-Nov-14,25.34,25.34,25.34,25.34,12.22,-
18-Nov-14,25.45,25.45,25.45,25.45,12.27,-
19-Nov-14,25.39,25.39,25.39,25.39,12.25,-
20-Nov-14,25.42,25.42,25.42,25.42,12.26,-
21-Nov-14,25.56,25.56,25.56,25.56,12.33,-
24-Nov-14,25.64,25.64,25.64,25.64,12.37,-
25-Nov-14,25.66,25.66,25.66,25.66,12.38,-
26-Nov-14,25.71,25.71,25.71,25.71,12.4,-
28-Nov-14,25.68,25.68,25.68,25.68,12.39,-
1-Dec-14,25.54,25.54,25.54,25.54,12.32,-
2-Dec-14,25.58,25.58,25.58,25.58,12.34,-
3-Dec-14,25.65,25.65,25.65,25.65,12.37,-
4-Dec-14,25.63,25.63,25.63,25.63,12.36,-
5-Dec-14,25.65,25.65,25.65,25.65,12.37,-
8-Dec-14,25.54,25.54,25.54,25.54,12.32,-
9-Dec-14,25.54,25.54,25.54,25.54,12.32,-
10-Dec-14,25.31,25.31,25.31,25.31,12.21,-
11-Dec-14,25.35,25.35,25.35,25.35,12.23,-
12-Dec-14,25.14,25.14,25.14,25.14,12.13,-
15-Dec-14,24.97,24.97,24.97,24.97,12.04,-
16-Dec-14,24.92,24.92,24.92,24.92,12.02,-
17-Dec-14,25.15,25.15,25.15,25.15,12.13,-
18-Dec-14,25.48,25.48,25.48,25.48,12.29,-
19-Dec-14,25.56,25.56,25.56,25.56,12.33,-
22-Dec-14,25.62,25.62,25.62,25.62,12.36,-
23-Dec-14,25.55,25.55,25.55,25.55,12.32,-
24-Dec-14,25.57,25.57,25.57,25.57,12.33,-
26-Dec-14,25.64,25.64,25.64,25.64,12.37,-
29-Dec-14,24.81,24.81,24.81,24.81,12.37,-
30-Dec-14,24.73,24.73,24.73,24.73,12.33,-
31-Dec-14,24.62,24.62,24.62,24.62,12.28,-
2-Jan-15,24.63,24.63,24.63,24.63,12.28,-
5-Jan-15,24.37,24.37,24.37,24.37,12.15,-
6-Jan-15,24.26,24.26,24.26,24.26,12.1,-
7-Jan-15,24.41,24.41,24.41,24.41,12.17,-
8-Jan-15,24.65,24.65,24.65,24.65,12.29,-
9-Jan-15,24.55,24.55,24.55,24.55,12.24,-
12-Jan-15,24.48,24.48,24.48,24.48,12.21,-
13-Jan-15,24.46,24.46,24.46,24.46,12.2,-
14-Jan-15,24.39,24.39,24.39,24.39,12.16,-
15-Jan-15,24.34,24.34,24.34,24.34,12.14,-
16-Jan-15,24.48,24.48,24.48,24.48,12.21,-
20-Jan-15,24.56,24.56,24.56,24.56,12.25,-
21-Jan-15,24.62,24.62,24.62,24.62,12.28,-
22-Jan-15,24.8,24.8,24.8,24.8,12.37,-
23-Jan-15,24.79,24.79,24.79,24.79,12.36,-
26-Jan-15,24.87,24.87,24.87,24.87,12.4,-
27-Jan-15,24.73,24.73,24.73,24.73,12.33,-
28-Jan-15,24.57,24.57,24.57,24.57,12.25,-
29-Jan-15,24.67,24.67,24.67,24.67,12.3,-
30-Jan-15,24.52,24.52,24.52,24.52,12.23,-
2-Feb-15,24.69,24.69,24.69,24.69,12.31,-
3-Feb-15,24.86,24.86,24.86,24.86,12.4,-
4-Feb-15,24.8,24.8,24.8,24.8,12.37,-
5-Feb-15,24.94,24.94,24.94,24.94,12.44,-
6-Feb-15,24.82,24.82,24.82,24.82,12.38,-
9-Feb-15,24.75,24.75,24.75,24.75,12.34,-
10-Feb-15,24.88,24.88,24.88,24.88,12.41,-
11-Feb-15,24.86,24.86,24.86,24.86,12.4,-
12-Feb-15,25.04,25.04,25.04,25.04,12.49,-
13-Feb-15,25.12,25.12,25.12,25.12,12.53,-
17-Feb-15,25.12,25.12,25.12,25.12,12.53,-
18-Feb-15,25.18,25.18,25.18,25.18,12.56,-
19-Feb-15,25.19,25.19,25.19,25.19,12.56,-
20-Feb-15,25.31,25.31,25.31,25.31,12.62,-
23-Feb-15,25.31,25.31,25.31,25.31,12.62,-
24-Feb-15,25.42,25.42,25.42,25.42,12.68,-
25-Feb-15,25.43,25.43,25.43,25.43,12.68,-
26-Feb-15,25.37,25.37,25.37,25.37,12.65,-
27-Feb-15,25.37,25.37,25.37,25.37,12.65,-
2-Mar-15,25.41,25.41,25.41,25.41,12.67,-
3-Mar-15,25.31,25.31,25.31,25.31,12.62,-
4-Mar-15,25.27,25.27,25.27,25.27,12.6,-
5-Mar-15,25.3,25.3,25.3,25.3,12.62,-
6-Mar-15,25.03,25.03,25.03,25.03,12.48,-
9-Mar-15,25.09,25.09,25.09,25.09,12.51,-
10-Mar-15,24.83,24.83,24.83,24.83,12.38,-
11-Mar-15,24.87,24.87,24.87,24.87,12.4,-
12-Mar-15,25.04,25.04,25.04,25.04,12.49,-
13-Mar-15,24.95,24.95,24.95,24.95,12.44,-
16-Mar-15,25.17,25.17,25.17,25.17,12.55,-
17-Mar-15,25.16,25.16,25.16,25.16,12.55,-
18-Mar-15,25.44,25.44,25.44,25.44,12.69,-
19-Mar-15,25.34,25.34,25.34,25.34,12.64,-
20-Mar-15,25.57,25.57,25.57,25.57,12.75,-
23-Mar-15,25.56,25.56,25.56,25.56,12.75,-
24-Mar-15,25.52,25.52,25.52,25.52,12.73,-
25-Mar-15,25.26,25.26,25.26,25.26,12.6,-
26-Mar-15,25.15,25.15,25.15,25.15,12.54,-
27-Mar-15,25.25,25.25,25.25,25.25,12.59,-
30-Mar-15,25.39,25.39,25.39,25.39,12.66,-
31-Mar-15,25.26,25.26,25.26,25.26,12.6,-
1-Apr-15,25.29,25.29,25.29,25.29,12.61,-
2-Apr-15,25.34,25.34,25.34,25.34,12.64,-
6-Apr-15,25.45,25.45,25.45,25.45,12.69,-
7-Apr-15,25.45,25.45,25.45,25.45,12.69,-
8-Apr-15,25.54,25.54,25.54,25.54,12.74,-
9-Apr-15,25.58,25.58,25.58,25.58,12.76,-
10-Apr-15,25.64,25.64,25.64,25.64,12.79,-
13-Apr-15,25.59,25.59,25.59,25.59,12.76,-
14-Apr-15,25.65,25.65,25.65,25.65,12.79,-
15-Apr-15,25.74,25.74,25.74,25.74,12.84,-
16-Apr-15,25.74,25.74,25.74,25.74,12.84,-
17-Apr-15,25.56,25.56,25.56,25.56,12.75,-
20-Apr-15,25.64,25.64,25.64,25.64,12.79,-
21-Apr-15,25.67,25.67,25.67,25.67,12.8,-
22-Apr-15,25.7,25.7,25.7,25.7,12.82,-
23-Apr-15,25.77,25.77,25.77,25.77,12.85,-
24-Apr-15,25.82,25.82,25.82,25.82,12.88,-
27-Apr-15,25.79,25.79,25.79,25.79,12.86,-
28-Apr-15,25.76,25.76,25.76,25.76,12.85,-
29-Apr-15,25.64,25.64,25.64,25.64,12.79,-
30-Apr-15,25.47,25.47,25.47,25.47,12.7,-
1-May-15,25.58,25.58,25.58,25.58,12.76,-
4-May-15,25.58,25.58,25.58,25.58,12.76,-
5-May-15,25.38,25.38,25.38,25.38,12.66,-
6-May-15,25.31,25.31,25.31,25.31,12.62,-
7-May-15,25.38,25.38,25.38,25.38,12.66,-
8-May-15,25.65,25.65,25.65,25.65,12.79,-
11-May-15,25.52,25.52,25.52,25.52,12.73,-
12-May-15,25.47,25.47,25.47,25.47,12.7,-
13-May-15,25.48,25.48,25.48,25.48,12.71,-
14-May-15,25.66,25.66,25.66,25.66,12.8,-
15-May-15,25.73,25.73,25.73,25.73,12.83,-
18-May-15,25.72,25.72,25.72,25.72,12.83,-
19-May-15,25.66,25.66,25.66,25.66,12.8,-
20-May-15,25.66,25.66,25.66,25.66,12.8,-
21-May-15,25.76,25.76,25.76,25.76,12.85,-
22-May-15,25.7,25.7,25.7,25.7,12.82,-
26-May-15,25.53,25.53,25.53,25.53,12.73,-
27-May-15,25.7,25.7,25.7,25.7,12.82,-
28-May-15,25.67,25.67,25.67,25.67,12.8,-
29-May-15,25.56,25.56,25.56,25.56,12.75,-
1-Jun-15,25.54,25.54,25.54,25.54,12.74,-
2-Jun-15,25.51,25.51,25.51,25.51,12.72,-
3-Jun-15,25.54,25.54,25.54,25.54,12.74,-
4-Jun-15,25.43,25.43,25.43,25.43,12.68,-
5-Jun-15,25.36,25.36,25.36,25.36,12.65,-
8-Jun-15,25.25,25.25,25.25,25.25,12.59,-
9-Jun-15,25.21,25.21,25.21,25.21,12.57,-
10-Jun-15,25.42,25.42,25.42,25.42,12.68,-
11-Jun-15,25.51,25.51,25.51,25.51,12.72,-
12-Jun-15,25.4,25.4,25.4,25.4,12.67,-
15-Jun-15,25.31,25.31,25.31,25.31,12.62,-
16-Jun-15,25.39,25.39,25.39,25.39,12.66,-
17-Jun-15,25.39,25.39,25.39,25.39,12.66,-
18-Jun-15,25.51,25.51,25.51,25.51,12.72,-
19-Jun-15,25.5,25.5,25.5,25.5,12.72,-
22-Jun-15,25.62,25.62,25.62,25.62,12.78,-
23-Jun-15,25.62,25.62,25.62,25.62,12.78,-
24-Jun-15,25.52,25.52,25.52,25.52,12.73,-
25-Jun-15,25.31,25.31,25.31,25.31,12.71,-
26-Jun-15,25.23,25.23,25.23,25.23,12.67,-
29-Jun-15,24.92,24.92,24.92,24.92,12.52,-
30-Jun-15,24.95,24.95,24.95,24.95,12.53,-
1-Jul-15,24.99,24.99,24.99,24.99,12.55,-
2-Jul-15,25,25.0,25.0,25.0,12.56,-
6-Jul-15,24.91,24.91,24.91,24.91,12.51,-
7-Jul-15,24.95,24.95,24.95,24.95,12.53,-
8-Jul-15,24.68,24.68,24.68,24.68,12.4,-
9-Jul-15,24.73,24.73,24.73,24.73,12.42,-
10-Jul-15,24.94,24.94,24.94,24.94,12.53,-
13-Jul-15,25.08,25.08,25.08,25.08,12.6,-
14-Jul-15,25.18,25.18,25.18,25.18,12.65,-
15-Jul-15,25.16,25.16,25.16,25.16,12.64,-
16-Jul-15,25.29,25.29,25.29,25.29,12.7,-
17-Jul-15,25.31,25.31,25.31,25.31,12.71,-
20-Jul-15,25.29,25.29,25.29,25.29,12.7,-
21-Jul-15,25.26,25.26,25.26,25.26,12.69,-
22-Jul-15,25.22,25.22,25.22,25.22,12.67,-
23-Jul-15,25.19,25.19,25.19,25.19,12.65,-
24-Jul-15,24.98,24.98,24.98,24.98,12.55,-
27-Jul-15,24.87,24.87,24.87,24.87,12.49,-
28-Jul-15,25.01,25.01,25.01,25.01,12.56,-
29-Jul-15,25.1,25.1,25.1,25.1,12.61,-
30-Jul-15,25.14,25.14,25.14,25.14,12.63,-
31-Jul-15,25.18,25.18,25.18,25.18,12.65,-
3-Aug-15,25.17,25.17,25.17,25.17,12.64,-
4-Aug-15,25.11,25.11,25.11,25.11,12.61,-
5-Aug-15,25.16,25.16,25.16,25.16,12.64,-
6-Aug-15,25.06,25.06,25.06,25.06,12.59,-
7-Aug-15,25.05,25.05,25.05,25.05,12.58,-
10-Aug-15,25.21,25.21,25.21,25.21,12.66,-
11-Aug-15,25.08,25.08,25.08,25.08,12.6,-
12-Aug-15,25.01,25.01,25.01,25.01,12.56,-
13-Aug-15,24.98,24.98,24.98,24.98,12.55,-
14-Aug-15,25.01,25.01,25.01,25.01,12.56,-
17-Aug-15,25.08,25.08,25.08,25.08,12.6,-
18-Aug-15,25.01,25.01,25.01,25.01,12.56,-
19-Aug-15,24.91,24.91,24.91,24.91,12.51,-
20-Aug-15,24.58,24.58,24.58,24.58,12.35,-
21-Aug-15,24.15,24.15,24.15,24.15,12.13,-
24-Aug-15,23.6,23.6,23.6,23.6,11.85,-
25-Aug-15,23.48,23.48,23.48,23.48,11.79,-
26-Aug-15,23.86,23.86,23.86,23.86,11.98,-
27-Aug-15,24.21,24.21,24.21,24.21,12.16,-
28-Aug-15,24.23,24.23,24.23,24.23,12.17,-
31-Aug-15,24.1,24.1,24.1,24.1,12.1,-
1-Sep-15,23.68,23.68,23.68,23.68,11.89,-
2-Sep-15,23.91,23.91,23.91,23.91,12.01,-
3-Sep-15,23.96,23.96,23.96,23.96,12.03,-
4-Sep-15,23.73,23.73,23.73,23.73,11.92,-
8-Sep-15,24.06,24.06,24.06,24.06,12.08,-
9-Sep-15,23.96,23.96,23.96,23.96,12.03,-
10-Sep-15,23.99,23.99,23.99,23.99,12.05,-
11-Sep-15,24.05,24.05,24.05,24.05,12.08,-
14-Sep-15,23.96,23.96,23.96,23.96,12.03,-
15-Sep-15,24.07,24.07,24.07,24.07,12.09,-
16-Sep-15,24.23,24.23,24.23,24.23,12.17,-
17-Sep-15,24.28,24.28,24.28,24.28,12.19,-
18-Sep-15,24.04,24.04,24.04,24.04,12.07,-
21-Sep-15,24,24.0,24.0,24.0,12.05,-
22-Sep-15,23.79,23.79,23.79,23.79,11.95,-
23-Sep-15,23.73,23.73,23.73,23.73,11.92,-
24-Sep-15,23.66,23.66,23.66,23.66,11.88,-
25-Sep-15,23.64,23.64,23.64,23.64,11.87,-
28-Sep-15,23.3,23.3,23.3,23.3,11.7,-
29-Sep-15,23.31,23.31,23.31,23.31,11.71,-
30-Sep-15,23.59,23.59,23.59,23.59,11.85,-
1-Oct-15,23.63,23.63,23.63,23.63,11.87,-
2-Oct-15,23.9,23.9,23.9,23.9,12.0,-
5-Oct-15,24.14,24.14,24.14,24.14,12.12,-
6-Oct-15,24.12,24.12,24.12,24.12,12.11,-
7-Oct-15,24.27,24.27,24.27,24.27,12.19,-
8-Oct-15,24.37,24.37,24.37,24.37,12.24,-
9-Oct-15,24.42,24.42,24.42,24.42,12.27,-
12-Oct-15,24.45,24.45,24.45,24.45,12.28,-
13-Oct-15,24.3,24.3,24.3,24.3,12.2,-
14-Oct-15,24.28,24.28,24.28,24.28,12.19,-
15-Oct-15,24.52,24.52,24.52,24.52,12.32,-
16-Oct-15,24.56,24.56,24.56,24.56,12.34,-
19-Oct-15,24.54,24.54,24.54,24.54,12.33,-
20-Oct-15,24.48,24.48,24.48,24.48,12.3,-
21-Oct-15,24.42,24.42,24.42,24.42,12.27,-
22-Oct-15,24.63,24.63,24.63,24.63,12.37,-
23-Oct-15,24.8,24.8,24.8,24.8,12.46,-
26-Oct-15,24.79,24.79,24.79,24.79,12.45,-
27-Oct-15,24.73,24.73,24.73,24.73,12.42,-
28-Oct-15,24.89,24.89,24.89,24.89,12.5,-
29-Oct-15,24.77,24.77,24.77,24.77,12.44,-
30-Oct-15,24.76,24.76,24.76,24.76,12.44,-
2-Nov-15,24.94,24.94,24.94,24.94,12.53,-
3-Nov-15,24.95,24.95,24.95,24.95,12.53,-
4-Nov-15,24.93,24.93,24.93,24.93,12.52,-
5-Nov-15,24.9,24.9,24.9,24.9,12.51,-
6-Nov-15,24.85,24.85,24.85,24.85,12.48,-
9-Nov-15,24.68,24.68,24.68,24.68,12.4,-
10-Nov-15,24.7,24.7,24.7,24.7,12.41,-
11-Nov-15,24.66,24.66,24.66,24.66,12.39,-
12-Nov-15,24.45,24.45,24.45,24.45,12.28,-
13-Nov-15,24.3,24.3,24.3,24.3,12.2,-
16-Nov-15,24.49,24.49,24.49,24.49,12.3,-
17-Nov-15,24.51,24.51,24.51,24.51,12.31,-
18-Nov-15,24.72,24.72,24.72,24.72,12.42,-
19-Nov-15,24.75,24.75,24.75,24.75,12.43,-
20-Nov-15,24.79,24.79,24.79,24.79,12.45,-
23-Nov-15,24.77,24.77,24.77,24.77,12.44,-
24-Nov-15,24.77,24.77,24.77,24.77,12.44,-
25-Nov-15,24.81,24.81,24.81,24.81,12.46,-
27-Nov-15,24.82,24.82,24.82,24.82,12.47,-
30-Nov-15,24.79,24.79,24.79,24.79,12.45,-
1-Dec-15,25,25.0,25.0,25.0,12.56,-
2-Dec-15,24.85,24.85,24.85,24.85,12.48,-
3-Dec-15,24.58,24.58,24.58,24.58,12.35,-
4-Dec-15,24.83,24.83,24.83,24.83,12.47,-
7-Dec-15,24.74,24.74,24.74,24.74,12.43,-
8-Dec-15,24.59,24.59,24.59,24.59,12.35,-
9-Dec-15,24.48,24.48,24.48,24.48,12.3,-
10-Dec-15,24.5,24.5,24.5,24.5,12.31,-
11-Dec-15,24.23,24.23,24.23,24.23,12.17,-
14-Dec-15,24.18,24.18,24.18,24.18,12.14,-
15-Dec-15,24.34,24.34,24.34,24.34,12.22,-
16-Dec-15,24.56,24.56,24.56,24.56,12.34,-
17-Dec-15,24.39,24.39,24.39,24.39,12.25,-
18-Dec-15,24.18,24.18,24.18,24.18,12.14,-
21-Dec-15,24.28,24.28,24.28,24.28,12.19,-
22-Dec-15,24.38,24.38,24.38,24.38,12.25,-
23-Dec-15,24.57,24.57,24.57,24.57,12.34,-
24-Dec-15,24.56,24.56,24.56,24.56,12.34,-
28-Dec-15,24.52,24.52,24.52,24.52,12.32,-
29-Dec-15,23.51,23.51,23.51,23.51,12.38,-
30-Dec-15,23.4,23.4,23.4,23.4,12.32,-
31-Dec-15,23.29,23.29,23.29,23.29,12.26,-
4-Jan-16,23.05,23.05,23.05,23.05,12.14,-
5-Jan-16,23.05,23.05,23.05,23.05,12.14,-
6-Jan-16,22.86,22.86,22.86,22.86,12.04,-
7-Jan-16,22.53,22.53,22.53,22.53,11.86,-
8-Jan-16,22.37,22.37,22.37,22.37,11.78,-
11-Jan-16,22.32,22.32,22.32,22.32,11.75,-
12-Jan-16,22.46,22.46,22.46,22.46,11.83,-
13-Jan-16,22.15,22.15,22.15,22.15,11.66,-
14-Jan-16,22.31,22.31,22.31,22.31,11.75,-
15-Jan-16,21.97,21.97,21.97,21.97,11.57,-
19-Jan-16,21.97,21.97,21.97,21.97,11.57,-
20-Jan-16,21.79,21.79,21.79,21.79,11.47,-
21-Jan-16,21.83,21.83,21.83,21.83,11.49,-
22-Jan-16,22.17,22.17,22.17,22.17,11.67,-
25-Jan-16,21.97,21.97,21.97,21.97,11.57,-
26-Jan-16,22.15,22.15,22.15,22.15,11.66,-
27-Jan-16,22.04,22.04,22.04,22.04,11.6,-
28-Jan-16,22.05,22.05,22.05,22.05,11.61,-
29-Jan-16,22.42,22.42,22.42,22.42,11.8,-
1-Feb-16,22.4,22.4,22.4,22.4,11.79,-
2-Feb-16,22.1,22.1,22.1,22.1,11.64,-
3-Feb-16,22.11,22.11,22.11,22.11,11.64,-
4-Feb-16,22.17,22.17,22.17,22.17,11.67,-
5-Feb-16,21.89,21.89,21.89,21.89,11.53,-
8-Feb-16,21.64,21.64,21.64,21.64,11.39,-
9-Feb-16,21.58,21.58,21.58,21.58,11.36,-
10-Feb-16,21.62,21.62,21.62,21.62,11.38,-
11-Feb-16,21.42,21.42,21.42,21.42,11.28,-
12-Feb-16,21.65,21.65,21.65,21.65,11.4,-
16-Feb-16,21.91,21.91,21.91,21.91,11.54,-
17-Feb-16,22.18,22.18,22.18,22.18,11.68,-
18-Feb-16,22.13,22.13,22.13,22.13,11.65,-
19-Feb-16,22.13,22.13,22.13,22.13,11.65,-
22-Feb-16,22.34,22.34,22.34,22.34,11.76,-
23-Feb-16,22.14,22.14,22.14,22.14,11.66,-
24-Feb-16,22.17,22.17,22.17,22.17,11.67,-
25-Feb-16,22.36,22.36,22.36,22.36,11.77,-
26-Feb-16,22.36,22.36,22.36,22.36,11.77,-
29-Feb-16,22.29,22.29,22.29,22.29,11.74,-
1-Mar-16,22.62,22.62,22.62,22.62,11.91,-
2-Mar-16,22.72,22.72,22.72,22.72,11.96,-
3-Mar-16,22.84,22.84,22.84,22.84,12.03,-
4-Mar-16,22.89,22.89,22.89,22.89,12.05,-
7-Mar-16,22.9,22.9,22.9,22.9,12.06,-
8-Mar-16,22.73,22.73,22.73,22.73,11.97,-
9-Mar-16,22.79,22.79,22.79,22.79,12.0,-
10-Mar-16,22.78,22.78,22.78,22.78,11.99,-
11-Mar-16,23.07,23.07,23.07,23.07,12.15,-
14-Mar-16,23.07,23.07,23.07,23.07,12.15,-
15-Mar-16,22.97,22.97,22.97,22.97,12.09,-
16-Mar-16,23.09,23.09,23.09,23.09,12.16,-
17-Mar-16,23.22,23.22,23.22,23.22,12.23,-
18-Mar-16,23.32,23.32,23.32,23.32,12.28,-
21-Mar-16,23.31,23.31,23.31,23.31,12.27,-
22-Mar-16,23.3,23.3,23.3,23.3,12.27,-
23-Mar-16,23.18,23.18,23.18,23.18,12.2,-
24-Mar-16,23.13,23.13,23.13,23.13,12.18,-
28-Mar-16,23.15,23.15,23.15,23.15,12.19,-
29-Mar-16,23.36,23.36,23.36,23.36,12.3,-
30-Mar-16,23.43,23.43,23.43,23.43,12.34,-
31-Mar-16,23.42,23.42,23.42,23.42,12.33,-
1-Apr-16,23.45,23.45,23.45,23.45,12.35,-
4-Apr-16,23.42,23.42,23.42,23.42,12.33,-
5-Apr-16,23.25,23.25,23.25,23.25,12.24,-
6-Apr-16,23.43,23.43,23.43,23.43,12.34,-
7-Apr-16,23.28,23.28,23.28,23.28,12.26,-
8-Apr-16,23.37,23.37,23.37,23.37,12.3,-
11-Apr-16,23.36,23.36,23.36,23.36,12.3,-
12-Apr-16,23.49,23.49,23.49,23.49,12.37,-
13-Apr-16,23.74,23.74,23.74,23.74,12.5,-
14-Apr-16,23.74,23.74,23.74,23.74,12.5,-
15-Apr-16,23.74,23.74,23.74,23.74,12.5,-
18-Apr-16,23.84,23.84,23.84,23.84,12.55,-
19-Apr-16,23.93,23.93,23.93,23.93,12.6,-
20-Apr-16,23.94,23.94,23.94,23.94,12.6,-
21-Apr-16,23.89,23.89,23.89,23.89,12.58,-
22-Apr-16,23.9,23.9,23.9,23.9,12.58,-
25-Apr-16,23.83,23.83,23.83,23.83,12.55,-
26-Apr-16,23.87,23.87,23.87,23.87,12.57,-
27-Apr-16,23.93,23.93,23.93,23.93,12.6,-
28-Apr-16,23.79,23.79,23.79,23.79,12.53,-
29-Apr-16,23.7,23.7,23.7,23.7,12.48,-
2-May-16,23.77,23.77,23.77,23.77,12.52,-
3-May-16,23.59,23.59,23.59,23.59,12.42,-
4-May-16,23.45,23.45,23.45,23.45,12.35,-
5-May-16,23.45,23.45,23.45,23.45,12.35,-
6-May-16,23.47,23.47,23.47,23.47,12.36,-
9-May-16,23.47,23.47,23.47,23.47,12.36,-
10-May-16,23.67,23.67,23.67,23.67,12.46,-
11-May-16,23.56,23.56,23.56,23.56,12.4,-
12-May-16,23.51,23.51,23.51,23.51,12.38,-
13-May-16,23.42,23.42,23.42,23.42,12.33,-
16-May-16,23.56,23.56,23.56,23.56,12.4,-
17-May-16,23.45,23.45,23.45,23.45,12.35,-
18-May-16,23.45,23.45,23.45,23.45,12.35,-
19-May-16,23.36,23.36,23.36,23.36,12.3,-
20-May-16,23.49,23.49,23.49,23.49,12.37,-
23-May-16,23.46,23.46,23.46,23.46,12.35,-
24-May-16,23.68,23.68,23.68,23.68,12.47,-
25-May-16,23.79,23.79,23.79,23.79,12.53,-
26-May-16,23.81,23.81,23.81,23.81,12.54,-
27-May-16,23.87,23.87,23.87,23.87,12.57,-
31-May-16,23.87,23.87,23.87,23.87,12.57,-
1-Jun-16,23.89,23.89,23.89,23.89,12.58,-
2-Jun-16,23.97,23.97,23.97,23.97,12.62,-
3-Jun-16,23.97,23.97,23.97,23.97,12.62,-
6-Jun-16,24.06,24.06,24.06,24.06,12.67,-
7-Jun-16,24.11,24.11,24.11,24.11,12.69,-
8-Jun-16,24.18,24.18,24.18,24.18,12.73,-
9-Jun-16,24.1,24.1,24.1,24.1,12.69,-
10-Jun-16,23.84,23.84,23.84,23.84,12.55,-
13-Jun-16,23.68,23.68,23.68,23.68,12.47,-
14-Jun-16,23.57,23.57,23.57,23.57,12.41,-
15-Jun-16,23.61,23.61,23.61,23.61,12.43,-
16-Jun-16,23.63,23.63,23.63,23.63,12.44,-
17-Jun-16,23.62,23.62,23.62,23.62,12.44,-
20-Jun-16,23.62,23.62,23.62,23.62,12.53,-
21-Jun-16,23.66,23.66,23.66,23.66,12.55,-
22-Jun-16,23.65,23.65,23.65,23.65,12.54,-
23-Jun-16,23.91,23.91,23.91,23.91,12.68,-
24-Jun-16,23.17,23.17,23.17,23.17,12.29,-
27-Jun-16,22.88,22.88,22.88,22.88,12.13,-
28-Jun-16,23.2,23.2,23.2,23.2,12.3,-
29-Jun-16,23.47,23.47,23.47,23.47,12.45,-
30-Jun-16,23.68,23.68,23.68,23.68,12.56,-
1-Jul-16,23.76,23.76,23.76,23.76,12.6,-
5-Jul-16,23.61,23.61,23.61,23.61,12.52,-
6-Jul-16,23.65,23.65,23.65,23.65,12.54,-
7-Jul-16,23.67,23.67,23.67,23.67,12.55,-
8-Jul-16,23.92,23.92,23.92,23.92,12.69,-
11-Jul-16,24.01,24.01,24.01,24.01,12.73,-
12-Jul-16,24.16,24.16,24.16,24.16,12.81,-
13-Jul-16,24.17,24.17,24.17,24.17,12.82,-
14-Jul-16,24.25,24.25,24.25,24.25,12.86,-
15-Jul-16,24.18,24.18,24.18,24.18,12.82,-
18-Jul-16,24.24,24.24,24.24,24.24,12.86,-
19-Jul-16,24.2,24.2,24.2,24.2,12.83,-
20-Jul-16,24.3,24.3,24.3,24.3,12.89,-
21-Jul-16,24.27,24.27,24.27,24.27,12.87,-
22-Jul-16,24.32,24.32,24.32,24.32,12.9,-
25-Jul-16,24.28,24.28,24.28,24.28,12.88,-
26-Jul-16,24.35,24.35,24.35,24.35,12.91,-
27-Jul-16,24.39,24.39,24.39,24.39,12.93,-
28-Jul-16,24.4,24.4,24.4,24.4,12.94,-
29-Jul-16,24.49,24.49,24.49,24.49,12.99,-
1-Aug-16,24.43,24.43,24.43,24.43,12.96,-
2-Aug-16,24.29,24.29,24.29,24.29,12.88,-
3-Aug-16,24.33,24.33,24.33,24.33,12.9,-
4-Aug-16,24.39,24.39,24.39,24.39,12.93,-
5-Aug-16,24.5,24.5,24.5,24.5,12.99,-
8-Aug-16,24.5,24.5,24.5,24.5,12.99,-
9-Aug-16,24.57,24.57,24.57,24.57,13.03,-
10-Aug-16,24.55,24.55,24.55,24.55,13.02,-
11-Aug-16,24.63,24.63,24.63,24.63,13.06,-
12-Aug-16,24.65,24.65,24.65,24.65,13.07,-
15-Aug-16,24.72,24.72,24.72,24.72,13.11,-
16-Aug-16,24.66,24.66,24.66,24.66,13.08,-
17-Aug-16,24.67,24.67,24.67,24.67,13.08,-
18-Aug-16,24.74,24.74,24.74,24.74,13.12,-
19-Aug-16,24.69,24.69,24.69,24.69,13.09,-
22-Aug-16,24.7,24.7,24.7,24.7,13.1,-
23-Aug-16,24.77,24.77,24.77,24.77,13.14,-
24-Aug-16,24.67,24.67,24.67,24.67,13.08,-
25-Aug-16,24.63,24.63,24.63,24.63,13.06,-
26-Aug-16,24.6,24.6,24.6,24.6,13.05,-
29-Aug-16,24.69,24.69,24.69,24.69,13.09,-
30-Aug-16,24.68,24.68,24.68,24.68,13.09,-
31-Aug-16,24.64,24.64,24.64,24.64,13.07,-
1-Sep-16,24.68,24.68,24.68,24.68,13.09,-
2-Sep-16,24.76,24.76,24.76,24.76,13.13,-
6-Sep-16,24.87,24.87,24.87,24.87,13.19,-
7-Sep-16,24.89,24.89,24.89,24.89,13.2,-
8-Sep-16,24.83,24.83,24.83,24.83,13.17,-
9-Sep-16,24.43,24.43,24.43,24.43,12.96,-
12-Sep-16,24.61,24.61,24.61,24.61,13.05,-
13-Sep-16,24.33,24.33,24.33,24.33,12.9,-
14-Sep-16,24.32,24.32,24.32,24.32,12.9,-
15-Sep-16,24.48,24.48,24.48,24.48,12.98,-
16-Sep-16,24.39,24.39,24.39,24.39,12.93,-
19-Sep-16,24.42,24.42,24.42,24.42,12.95,-
20-Sep-16,24.43,24.43,24.43,24.43,12.96,-
21-Sep-16,24.67,24.67,24.67,24.67,13.08,-
22-Sep-16,24.83,24.83,24.83,24.83,13.17,-
23-Sep-16,24.73,24.73,24.73,24.73,13.12,-
26-Sep-16,24.6,24.6,24.6,24.6,13.05,-
27-Sep-16,24.71,24.71,24.71,24.71,13.1,-
28-Sep-16,24.81,24.81,24.81,24.81,13.16,-
29-Sep-16,24.67,24.67,24.67,24.67,13.08,-
30-Sep-16,24.77,24.77,24.77,24.77,13.14,-
3-Oct-16,24.75,24.75,24.75,24.75,13.13,-
4-Oct-16,24.69,24.69,24.69,24.69,13.09,-
5-Oct-16,24.77,24.77,24.77,24.77,13.14,-
6-Oct-16,24.74,24.74,24.74,24.74,13.12,-
7-Oct-16,24.68,24.68,24.68,24.68,13.09,-
10-Oct-16,24.72,24.72,24.72,24.72,13.11,-
11-Oct-16,24.48,24.48,24.48,24.48,12.98,-
12-Oct-16,24.46,24.46,24.46,24.46,12.97,-
13-Oct-16,24.4,24.4,24.4,24.4,12.94,-
14-Oct-16,24.38,24.38,24.38,24.38,12.93,-
17-Oct-16,24.34,24.34,24.34,24.34,12.91,-
18-Oct-16,24.48,24.48,24.48,24.48,12.98,-
19-Oct-16,24.55,24.55,24.55,24.55,13.02,-
20-Oct-16,24.55,24.55,24.55,24.55,13.02,-
21-Oct-16,24.54,24.54,24.54,24.54,13.01,-
24-Oct-16,24.58,24.58,24.58,24.58,13.04,-
25-Oct-16,24.5,24.5,24.5,24.5,12.99,-
26-Oct-16,24.44,24.44,24.44,24.44,12.96,-
27-Oct-16,24.36,24.36,24.36,24.36,12.92,-
28-Oct-16,24.32,24.32,24.32,24.32,12.9,-
31-Oct-16,24.32,24.32,24.32,24.32,12.9,-
1-Nov-16,24.22,24.22,24.22,24.22,12.84,-
2-Nov-16,24.1,24.1,24.1,24.1,12.78,-
3-Nov-16,24.02,24.02,24.02,24.02,12.74,-
4-Nov-16,24.01,24.01,24.01,24.01,12.73,-
7-Nov-16,24.3,24.3,24.3,24.3,12.89,-
8-Nov-16,24.32,24.32,24.32,24.32,12.9,-
9-Nov-16,24.38,24.38,24.38,24.38,12.93,-
10-Nov-16,24.37,24.37,24.37,24.37,12.92,-
11-Nov-16,24.3,24.3,24.3,24.3,12.89,-
14-Nov-16,24.25,24.25,24.25,24.25,12.86,-
15-Nov-16,24.37,24.37,24.37,24.37,12.92,-
16-Nov-16,24.35,24.35,24.35,24.35,12.91,-
17-Nov-16,24.41,24.41,24.41,24.41,12.95,-
18-Nov-16,24.32,24.32,24.32,24.32,12.9,-
21-Nov-16,24.44,24.44,24.44,24.44,12.96,-
22-Nov-16,24.47,24.47,24.47,24.47,12.98,-
23-Nov-16,24.45,24.45,24.45,24.45,12.97,-
25-Nov-16,24.49,24.49,24.49,24.49,12.99,-
28-Nov-16,24.43,24.43,24.43,24.43,12.96,-
29-Nov-16,24.47,24.47,24.47,24.47,12.98,-
30-Nov-16,24.42,24.42,24.42,24.42,12.95,-
1-Dec-16,24.29,24.29,24.29,24.29,12.88,-
2-Dec-16,24.31,24.31,24.31,24.31,12.89,-
5-Dec-16,24.45,24.45,24.45,24.45,12.97,-
6-Dec-16,24.52,24.52,24.52,24.52,13.0,-
7-Dec-16,24.74,24.74,24.74,24.74,13.12,-
8-Dec-16,24.74,24.74,24.74,24.74,13.12,-
9-Dec-16,24.77,24.77,24.77,24.77,13.14,-
12-Dec-16,24.71,24.71,24.71,24.71,13.1,-
13-Dec-16,24.83,24.83,24.83,24.83,13.17,-
14-Dec-16,24.61,24.61,24.61,24.61,13.05,-
15-Dec-16,24.65,24.65,24.65,24.65,13.07,-
16-Dec-16,24.61,24.61,24.61,24.61,13.05,-
19-Dec-16,24.66,24.66,24.66,24.66,13.08,-
20-Dec-16,24.7,24.7,24.7,24.7,13.1,-
21-Dec-16,24.69,24.69,24.69,24.69,13.09,-
22-Dec-16,24.63,24.63,24.63,24.63,13.06,-
23-Dec-16,24.68,24.68,24.68,24.68,13.09,-
27-Dec-16,24.71,24.71,24.71,24.71,13.1,-
28-Dec-16,23.67,23.67,23.67,23.67,13.06,-
29-Dec-16,23.7,23.7,23.7,23.7,13.08,-
30-Dec-16,23.68,23.68,23.68,23.68,13.07,-
3-Jan-17,23.82,23.82,23.82,23.82,13.14,-
4-Jan-17,23.96,23.96,23.96,23.96,13.22,-
5-Jan-17,24.05,24.05,24.05,24.05,13.27,-
6-Jan-17,24.05,24.05,24.05,24.05,13.27,-
9-Jan-17,24.04,24.04,24.04,24.04,13.26,-
10-Jan-17,24.09,24.09,24.09,24.09,13.29,-
11-Jan-17,24.15,24.15,24.15,24.15,13.32,-
12-Jan-17,24.12,24.12,24.12,24.12,13.31,-
13-Jan-17,24.16,24.16,24.16,24.16,13.33,-
17-Jan-17,24.1,24.1,24.1,24.1,13.3,-
18-Jan-17,24.08,24.08,24.08,24.08,13.29,-
19-Jan-17,24.02,24.02,24.02,24.02,13.25,-
20-Jan-17,24.06,24.06,24.06,24.06,13.28,-
23-Jan-17,24.08,24.08,24.08,24.08,13.29,-
24-Jan-17,24.17,24.17,24.17,24.17,13.34,-
25-Jan-17,24.28,24.28,24.28,24.28,13.4,-
26-Jan-17,24.27,24.27,24.27,24.27,13.39,-
27-Jan-17,24.27,24.27,24.27,24.27,13.39,-
30-Jan-17,24.16,24.16,24.16,24.16,13.33,-
31-Jan-17,24.18,24.18,24.18,24.18,13.34,-
1-Feb-17,24.2,24.2,24.2,24.2,13.35,-
2-Feb-17,24.2,24.2,24.2,24.2,13.35,-
3-Feb-17,24.31,24.31,24.31,24.31,13.41,-
6-Feb-17,24.3,24.3,24.3,24.3,13.41,-
7-Feb-17,24.3,24.3,24.3,24.3,13.41,-
8-Feb-17,24.36,24.36,24.36,24.36,13.44,-
9-Feb-17,24.42,24.42,24.42,24.42,13.47,-
10-Feb-17,24.47,24.47,24.47,24.47,13.5,-
13-Feb-17,24.54,24.54,24.54,24.54,13.54,-
14-Feb-17,24.56,24.56,24.56,24.56,13.55,-
15-Feb-17,24.63,24.63,24.63,24.63,13.59,-
16-Feb-17,24.63,24.63,24.63,24.63,13.59,-
17-Feb-17,24.65,24.65,24.65,24.65,13.6,-
21-Feb-17,24.74,24.74,24.74,24.74,13.65,-
22-Feb-17,24.73,24.73,24.73,24.73,13.64,-
23-Feb-17,24.73,24.73,24.73,24.73,13.64,-
24-Feb-17,24.74,24.74,24.74,24.74,13.65,-
27-Feb-17,24.75,24.75,24.75,24.75,13.66,-
28-Feb-17,24.69,24.69,24.69,24.69,13.62,-
1-Mar-17,24.85,24.85,24.85,24.85,13.71,-
2-Mar-17,24.73,24.73,24.73,24.73,13.64,-
3-Mar-17,24.78,24.78,24.78,24.78,13.67,-
6-Mar-17,24.71,24.71,24.71,24.71,13.63,-
7-Mar-17,24.64,24.64,24.64,24.64,13.6,-
8-Mar-17,24.6,24.6,24.6,24.6,13.57,-
9-Mar-17,24.58,24.58,24.58,24.58,13.56,-
10-Mar-17,24.67,24.67,24.67,24.67,13.61,-
13-Mar-17,24.69,24.69,24.69,24.69,13.62,-
14-Mar-17,24.63,24.63,24.63,24.63,13.59,-
15-Mar-17,24.84,24.84,24.84,24.84,13.71,-
16-Mar-17,24.87,24.87,24.87,24.87,13.72,-
17-Mar-17,24.88,24.88,24.88,24.88,13.73,-
20-Mar-17,24.88,24.88,24.88,24.88,13.73,-
21-Mar-17,24.71,24.71,24.71,24.71,13.63,-
22-Mar-17,24.75,24.75,24.75,24.75,13.66,-
23-Mar-17,24.74,24.74,24.74,24.74,13.65,-
24-Mar-17,24.77,24.77,24.77,24.77,13.67,-
27-Mar-17,24.8,24.8,24.8,24.8,13.68,-
28-Mar-17,24.88,24.88,24.88,24.88,13.73,-
29-Mar-17,24.93,24.93,24.93,24.93,13.76,-
30-Mar-17,24.92,24.92,24.92,24.92,13.75,-
31-Mar-17,24.9,24.9,24.9,24.9,13.74,-
3-Apr-17,24.9,24.9,24.9,24.9,13.74,-
4-Apr-17,24.89,24.89,24.89,24.89,13.73,-
5-Apr-17,24.84,24.84,24.84,24.84,13.71,-
6-Apr-17,24.88,24.88,24.88,24.88,13.73,-
7-Apr-17,24.85,24.85,24.85,24.85,13.71,-
10-Apr-17,24.87,24.87,24.87,24.87,13.72,-
11-Apr-17,24.9,24.9,24.9,24.9,13.74,-
12-Apr-17,24.86,24.86,24.86,24.86,13.72,-
13-Apr-17,24.78,24.78,24.78,24.78,13.67,-
17-Apr-17,24.9,24.9,24.9,24.9,13.74,-
18-Apr-17,24.88,24.88,24.88,24.88,13.73,-
19-Apr-17,24.84,24.84,24.84,24.84,13.71,-
20-Apr-17,24.96,24.96,24.96,24.96,13.77,-
21-Apr-17,24.93,24.93,24.93,24.93,13.76,-
24-Apr-17,25.16,25.16,25.16,25.16,13.88,-
25-Apr-17,25.24,25.24,25.24,25.24,13.93,-
26-Apr-17,25.26,25.26,25.26,25.26,13.94,-
27-Apr-17,25.3,25.3,25.3,25.3,13.96,-
28-Apr-17,25.26,25.26,25.26,25.26,13.94,-
1-May-17,25.29,25.29,25.29,25.29,13.95,-
2-May-17,25.36,25.36,25.36,25.36,13.99,-
3-May-17,25.33,25.33,25.33,25.33,13.98,-
4-May-17,25.35,25.35,25.35,25.35,13.99,-
5-May-17,25.46,25.46,25.46,25.46,14.05,-
8-May-17,25.42,25.42,25.42,25.42,14.03,-
9-May-17,25.45,25.45,25.45,25.45,14.04,-
10-May-17,25.49,25.49,25.49,25.49,14.06,-
11-May-17,25.46,25.46,25.46,25.46,14.05,-
12-May-17,25.5,25.5,25.5,25.5,14.07,-
15-May-17,25.59,25.59,25.59,25.59,14.12,-
16-May-17,25.64,25.64,25.64,25.64,14.15,-
17-May-17,25.39,25.39,25.39,25.39,14.01,-
18-May-17,25.42,25.42,25.42,25.42,14.03,-
19-May-17,25.57,25.57,25.57,25.57,14.11,-
22-May-17,25.65,25.65,25.65,25.65,14.15,-
23-May-17,25.63,25.63,25.63,25.63,14.14,-
24-May-17,25.69,25.69,25.69,25.69,14.17,-
25-May-17,25.75,25.75,25.75,25.75,14.21,-
26-May-17,25.76,25.76,25.76,25.76,14.21,-
30-May-17,25.74,25.74,25.74,25.74,14.2,-
31-May-17,25.74,25.74,25.74,25.74,14.2,-
1-Jun-17,25.88,25.88,25.88,25.88,14.28,-
2-Jun-17,26,26.0,26.0,26.0,14.35,-
5-Jun-17,25.96,25.96,25.96,25.96,14.32,-
6-Jun-17,25.93,25.93,25.93,25.93,14.31,-
7-Jun-17,25.94,25.94,25.94,25.94,14.31,-
8-Jun-17,25.97,25.97,25.97,25.97,14.33,-
9-Jun-17,25.91,25.91,25.91,25.91,14.3,-
12-Jun-17,25.86,25.86,25.86,25.86,14.27,-
13-Jun-17,25.96,25.96,25.96,25.96,14.32,-
14-Jun-17,25.96,25.96,25.96,25.96,14.32,-
15-Jun-17,25.87,25.87,25.87,25.87,14.27,-
16-Jun-17,25.91,25.91,25.91,25.91,14.3,-
19-Jun-17,26.07,26.07,26.07,26.07,14.38,-
20-Jun-17,25.97,25.97,25.97,25.97,14.33,-
21-Jun-17,26,26.0,26.0,26.0,14.35,-
22-Jun-17,26.03,26.03,26.03,26.03,14.36,-
23-Jun-17,26.08,26.08,26.08,26.08,14.39,-
26-Jun-17,26.09,26.09,26.09,26.09,14.4,-
27-Jun-17,25.78,25.78,25.78,25.78,14.32,-
28-Jun-17,25.93,25.93,25.93,25.93,14.4,-
29-Jun-17,25.76,25.76,25.76,25.76,14.31,-
30-Jun-17,25.76,25.76,25.76,25.76,14.31,-
3-Jul-17,25.75,25.75,25.75,25.75,14.3,-
5-Jul-17,25.79,25.79,25.79,25.79,14.33,-
6-Jul-17,25.63,25.63,25.63,25.63,14.24,-
7-Jul-17,25.71,25.71,25.71,25.71,14.28,-
10-Jul-17,25.76,25.76,25.76,25.76,14.31,-
11-Jul-17,25.78,25.78,25.78,25.78,14.32,-
12-Jul-17,25.96,25.96,25.96,25.96,14.42,-
13-Jul-17,25.99,25.99,25.99,25.99,14.44,-
14-Jul-17,26.09,26.09,26.09,26.09,14.49,-
17-Jul-17,26.09,26.09,26.09,26.09,14.49,-
18-Jul-17,26.13,26.13,26.13,26.13,14.52,-
19-Jul-17,26.22,26.22,26.22,26.22,14.57,-
20-Jul-17,26.23,26.23,26.23,26.23,14.57,-
21-Jul-17,26.22,26.22,26.22,26.22,14.57,-
24-Jul-17,26.22,26.22,26.22,26.22,14.57,-
25-Jul-17,26.22,26.22,26.22,26.22,14.57,-
26-Jul-17,26.27,26.27,26.27,26.27,14.59,-
27-Jul-17,26.19,26.19,26.19,26.19,14.55,-
28-Jul-17,26.22,26.22,26.22,26.22,14.57,-
31-Jul-17,26.2,26.2,26.2,26.2,14.55,-
1-Aug-17,26.29,26.29,26.29,26.29,14.6,-
2-Aug-17,26.25,26.25,26.25,26.25,14.58,-
3-Aug-17,26.25,26.25,26.25,26.25,14.58,-
4-Aug-17,26.25,26.25,26.25,26.25,14.58,-
7-Aug-17,26.29,26.29,26.29,26.29,14.6,-
8-Aug-17,26.24,26.24,26.24,26.24,14.58,-
9-Aug-17,26.21,26.21,26.21,26.21,14.56,-
10-Aug-17,25.95,25.95,25.95,25.95,14.42,-
11-Aug-17,25.96,25.96,25.96,25.96,14.42,-
14-Aug-17,26.11,26.11,26.11,26.11,14.5,-
15-Aug-17,26.09,26.09,26.09,26.09,14.49,-
16-Aug-17,26.16,26.16,26.16,26.16,14.53,-
17-Aug-17,25.95,25.95,25.95,25.95,14.42,-
18-Aug-17,25.93,25.93,25.93,25.93,14.4,-
21-Aug-17,25.95,25.95,25.95,25.95,14.42,-
22-Aug-17,26.1,26.1,26.1,26.1,14.5,-
23-Aug-17,26.09,26.09,26.09,26.09,14.49,-
24-Aug-17,26.07,26.07,26.07,26.07,14.48,-
25-Aug-17,26.11,26.11,26.11,26.11,14.5,-
28-Aug-17,26.12,26.12,26.12,26.12,14.51,-
29-Aug-17,26.13,26.13,26.13,26.13,14.52,-
30-Aug-17,26.2,26.2,26.2,26.2,14.55,-
31-Aug-17,26.34,26.34,26.34,26.34,14.63,-
1-Sep-17,26.35,26.35,26.35,26.35,14.64,-
5-Sep-17,26.27,26.27,26.27,26.27,14.59,-
6-Sep-17,26.3,26.3,26.3,26.3,14.61,-
7-Sep-17,26.38,26.38,26.38,26.38,14.65,-
8-Sep-17,26.36,26.36,26.36,26.36,14.64,-
11-Sep-17,26.5,26.5,26.5,26.5,14.72,-
12-Sep-17,26.57,26.57,26.57,26.57,14.76,-
13-Sep-17,26.56,26.56,26.56,26.56,14.75,-
14-Sep-17,26.57,26.57,26.57,26.57,14.76,-
15-Sep-17,26.6,26.6,26.6,26.6,14.78,-
18-Sep-17,26.64,26.64,26.64,26.64,14.8,-
19-Sep-17,26.66,26.66,26.66,26.66,14.81,-
20-Sep-17,26.67,26.67,26.67,26.67,14.82,-
21-Sep-17,26.64,26.64,26.64,26.64,14.8,-
22-Sep-17,26.69,26.69,26.69,26.69,14.83,-
25-Sep-17,26.62,26.62,26.62,26.62,14.79,-
26-Sep-17,26.6,26.6,26.6,26.6,14.78,-
27-Sep-17,26.66,26.66,26.66,26.66,14.81,-
28-Sep-17,26.68,26.68,26.68,26.68,14.82,-
29-Sep-17,26.78,26.78,26.78,26.78,14.88,-
2-Oct-17,26.84,26.84,26.84,26.84,14.91,-
3-Oct-17,26.91,26.91,26.91,26.91,14.95,-
4-Oct-17,26.92,26.92,26.92,26.92,14.95,-
5-Oct-17,26.97,26.97,26.97,26.97,14.98,-
6-Oct-17,26.94,26.94,26.94,26.94,14.97,-
9-Oct-17,26.93,26.93,26.93,26.93,14.96,-
10-Oct-17,27,27.0,27.0,27.0,15.0,-
11-Oct-17,27.04,27.04,27.04,27.04,15.02,-
12-Oct-17,27.03,27.03,27.03,27.03,15.02,-
13-Oct-17,27.08,27.08,27.08,27.08,15.04,-
16-Oct-17,27.08,27.08,27.08,27.08,15.04,-
17-Oct-17,27.07,27.07,27.07,27.07,15.04,-
18-Oct-17,27.07,27.07,27.07,27.07,15.04,-
19-Oct-17,27.06,27.06,27.06,27.06,15.03,-
20-Oct-17,27.1,27.1,27.1,27.1,15.05,-
23-Oct-17,27.04,27.04,27.04,27.04,15.02,-
24-Oct-17,27.07,27.07,27.07,27.07,15.04,-
25-Oct-17,26.96,26.96,26.96,26.96,14.98,-
26-Oct-17,26.94,26.94,26.94,26.94,14.97,-
27-Oct-17,27.07,27.07,27.07,27.07,15.04,-
30-Oct-17,27.08,27.08,27.08,27.08,15.04,-
31-Oct-17,27.15,27.15,27.15,27.15,15.08,-
1-Nov-17,27.18,27.18,27.18,27.18,15.1,-
2-Nov-17,27.19,27.19,27.19,27.19,15.1,-
3-Nov-17,27.25,27.25,27.25,27.25,15.14,-
6-Nov-17,27.32,27.32,27.32,27.32,15.18,-
7-Nov-17,27.27,27.27,27.27,27.27,15.15,-
8-Nov-17,27.28,27.28,27.28,27.28,15.15,-
9-Nov-17,27.18,27.18,27.18,27.18,15.1,-
10-Nov-17,27.11,27.11,27.11,27.11,15.06,-
13-Nov-17,27.1,27.1,27.1,27.1,15.05,-
14-Nov-17,27.07,27.07,27.07,27.07,15.04,-
15-Nov-17,27.03,27.03,27.03,27.03,15.02,-
16-Nov-17,27.19,27.19,27.19,27.19,15.1,-
17-Nov-17,27.21,27.21,27.21,27.21,15.12,-
20-Nov-17,27.24,27.24,27.24,27.24,15.13,-
21-Nov-17,27.4,27.4,27.4,27.4,15.22,-
22-Nov-17,27.43,27.43,27.43,27.43,15.24,-
24-Nov-17,27.49,27.49,27.49,27.49,15.27,-
27-Nov-17,27.43,27.43,27.43,27.43,15.24,-
28-Nov-17,27.57,27.57,27.57,27.57,15.32,-
29-Nov-17,27.46,27.46,27.46,27.46,15.25,-
30-Nov-17,27.53,27.53,27.53,27.53,15.29,-
1-Dec-17,27.5,27.5,27.5,27.5,15.28,-
4-Dec-17,27.43,27.43,27.43,27.43,15.24,-
5-Dec-17,27.4,27.4,27.4,27.4,15.22,-
6-Dec-17,27.4,27.4,27.4,27.4,15.22,-
7-Dec-17,27.45,27.45,27.45,27.45,15.25,-
8-Dec-17,27.56,27.56,27.56,27.56,15.31,-
11-Dec-17,27.61,27.61,27.61,27.61,15.34,-
12-Dec-17,27.62,27.62,27.62,27.62,15.34,-
13-Dec-17,27.66,27.66,27.66,27.66,15.37,-
14-Dec-17,27.59,27.59,27.59,27.59,15.33,-
15-Dec-17,27.72,27.72,27.72,27.72,15.4,-
18-Dec-17,27.83,27.83,27.83,27.83,15.46,-
19-Dec-17,27.75,27.75,27.75,27.75,15.42,-
20-Dec-17,27.71,27.71,27.71,27.71,15.39,-
21-Dec-17,27.78,27.78,27.78,27.78,15.43,-
22-Dec-17,27.79,27.79,27.79,27.79,15.44,-
26-Dec-17,27.78,27.78,27.78,27.78,15.43,-
27-Dec-17,27.85,27.85,27.85,27.85,15.47,-
28-Dec-17,26.85,26.85,26.85,26.85,15.49,-
29-Dec-17,26.8,26.8,26.8,26.8,15.46,-
2-Jan-18,26.94,26.94,26.94,26.94,15.54,-
3-Jan-18,27.08,27.08,27.08,27.08,15.62,-
4-Jan-18,27.2,27.2,27.2,27.2,15.69,-
5-Jan-18,27.31,27.31,27.31,27.31,15.76,-
8-Jan-18,27.34,27.34,27.34,27.34,15.77,-
9-Jan-18,27.33,27.33,27.33,27.33,15.77,-
10-Jan-18,27.31,27.31,27.31,27.31,15.76,-
11-Jan-18,27.45,27.45,27.45,27.45,15.84,-
12-Jan-18,27.6,27.6,27.6,27.6,15.92,-
16-Jan-18,27.55,27.55,27.55,27.55,15.89,-
17-Jan-18,27.68,27.68,27.68,27.68,15.97,-
18-Jan-18,27.63,27.63,27.63,27.63,15.94,-
19-Jan-18,27.7,27.7,27.7,27.7,15.98,-
22-Jan-18,27.83,27.83,27.83,27.83,16.06,-
23-Jan-18,27.91,27.91,27.91,27.91,16.1,-
24-Jan-18,27.89,27.89,27.89,27.89,16.09,-
25-Jan-18,27.9,27.9,27.9,27.9,16.1,-
26-Jan-18,28.09,28.09,28.09,28.09,16.21,-
29-Jan-18,27.94,27.94,27.94,27.94,16.12,-
30-Jan-18,27.72,27.72,27.72,27.72,15.99,-
31-Jan-18,27.75,27.75,27.75,27.75,16.01,-
1-Feb-18,27.71,27.71,27.71,27.71,15.99,-
2-Feb-18,27.31,27.31,27.31,27.31,15.76,-
5-Feb-18,26.7,26.7,26.7,26.7,15.4,-
6-Feb-18,26.93,26.93,26.93,26.93,15.54,-
7-Feb-18,26.77,26.77,26.77,26.77,15.44,-
8-Feb-18,26.21,26.21,26.21,26.21,15.12,-
9-Feb-18,26.36,26.36,26.36,26.36,15.21,-
12-Feb-18,26.6,26.6,26.6,26.6,15.35,-
13-Feb-18,26.64,26.64,26.64,26.64,15.37,-
14-Feb-18,26.9,26.9,26.9,26.9,15.52,-
15-Feb-18,27.11,27.11,27.11,27.11,15.64,-
16-Feb-18,27.12,27.12,27.12,27.12,15.65,-
20-Feb-18,27.03,27.03,27.03,27.03,15.59,-
21-Feb-18,26.93,26.93,26.93,26.93,15.54,-
22-Feb-18,26.95,26.95,26.95,26.95,15.55,-
23-Feb-18,27.23,27.23,27.23,27.23,15.71,-
26-Feb-18,27.39,27.39,27.39,27.39,15.8,-
27-Feb-18,27.15,27.15,27.15,27.15,15.66,-
28-Feb-18,26.99,26.99,26.99,26.99,15.57,-
1-Mar-18,26.8,26.8,26.8,26.8,15.46,-
2-Mar-18,26.85,26.85,26.85,26.85,15.49,-
5-Mar-18,27,27.0,27.0,27.0,15.58,-
6-Mar-18,27.11,27.11,27.11,27.11,15.64,-
7-Mar-18,27.12,27.12,27.12,27.12,15.65,-
8-Mar-18,27.18,27.18,27.18,27.18,15.68,-
9-Mar-18,27.41,27.41,27.41,27.41,15.81,-
12-Mar-18,27.44,27.44,27.44,27.44,15.83,-
13-Mar-18,27.32,27.32,27.32,27.32,15.76,-
14-Mar-18,27.3,27.3,27.3,27.3,15.75,-
15-Mar-18,27.3,27.3,27.3,27.3,15.75,-
16-Mar-18,27.32,27.32,27.32,27.32,15.76,-
19-Mar-18,27.09,27.09,27.09,27.09,15.63,-
20-Mar-18,27.12,27.12,27.12,27.12,15.65,-
21-Mar-18,27.11,27.11,27.11,27.11,15.64,-
22-Mar-18,26.69,26.69,26.69,26.69,15.4,-
23-Mar-18,26.39,26.39,26.39,26.39,15.22,-
26-Mar-18,26.81,26.81,26.81,26.81,15.47,-
27-Mar-18,26.56,26.56,26.56,26.56,15.32,-
28-Mar-18,26.51,26.51,26.51,26.51,15.29,-
29-Mar-18,26.75,26.75,26.75,26.75,15.43,-
2-Apr-18,26.41,26.41,26.41,26.41,15.24,-
3-Apr-18,26.57,26.57,26.57,26.57,15.33,-
4-Apr-18,26.69,26.69,26.69,26.69,15.4,-
5-Apr-18,26.79,26.79,26.79,26.79,15.46,-
6-Apr-18,26.53,26.53,26.53,26.53,15.31,-
9-Apr-18,26.61,26.61,26.61,26.61,15.35,-
10-Apr-18,26.89,26.89,26.89,26.89,15.51,-
11-Apr-18,26.82,26.82,26.82,26.82,15.47,-
12-Apr-18,26.93,26.93,26.93,26.93,15.54,-
13-Apr-18,26.85,26.85,26.85,26.85,15.49,-
16-Apr-18,26.95,26.95,26.95,26.95,15.55,-
17-Apr-18,27.11,27.11,27.11,27.11,15.64,-
18-Apr-18,27.14,27.14,27.14,27.14,15.66,-
19-Apr-18,27.01,27.01,27.01,27.01,15.58,-
20-Apr-18,26.87,26.87,26.87,26.87,15.5,-
23-Apr-18,26.84,26.84,26.84,26.84,15.48,-
24-Apr-18,26.66,26.66,26.66,26.66,15.38,-
25-Apr-18,26.61,26.61,26.61,26.61,15.35,-
26-Apr-18,26.78,26.78,26.78,26.78,15.45,-
27-Apr-18,26.82,26.82,26.82,26.82,15.47,-
30-Apr-18,26.73,26.73,26.73,26.73,15.42,-
1-May-18,26.73,26.73,26.73,26.73,15.42,-
2-May-18,26.64,26.64,26.64,26.64,15.37,-
3-May-18,26.61,26.61,26.61,26.61,15.35,-
4-May-18,26.79,26.79,26.79,26.79,15.46,-
7-May-18,26.86,26.86,26.86,26.86,15.5,-
8-May-18,26.88,26.88,26.88,26.88,15.51,-
9-May-18,27,27.0,27.0,27.0,15.58,-
10-May-18,27.18,27.18,27.18,27.18,15.68,-
11-May-18,27.23,27.23,27.23,27.23,15.71,-
14-May-18,27.24,27.24,27.24,27.24,15.71,-
15-May-18,27.08,27.08,27.08,27.08,15.62,-
16-May-18,27.13,27.13,27.13,27.13,15.65,-
17-May-18,27.14,27.14,27.14,27.14,15.66,-
18-May-18,27.1,27.1,27.1,27.1,15.63,-
21-May-18,27.22,27.22,27.22,27.22,15.7,-
22-May-18,27.17,27.17,27.17,27.17,15.67,-
23-May-18,27.18,27.18,27.18,27.18,15.68,-
24-May-18,27.17,27.17,27.17,27.17,15.67,-
25-May-18,27.15,27.15,27.15,27.15,15.66,-
29-May-18,27,27.0,27.0,27.0,15.58,-
30-May-18,27.15,27.15,27.15,27.15,15.66,-
31-May-18,27.06,27.06,27.06,27.06,15.61,-
1-Jun-18,27.23,27.23,27.23,27.23,15.71,-
4-Jun-18,27.3,27.3,27.3,27.3,15.75,-
5-Jun-18,27.34,27.34,27.34,27.34,15.77,-
6-Jun-18,27.46,27.46,27.46,27.46,15.84,-
7-Jun-18,27.44,27.44,27.44,27.44,15.83,-
8-Jun-18,27.47,27.47,27.47,27.47,15.85,-
11-Jun-18,27.51,27.51,27.51,27.51,15.87,-
12-Jun-18,27.53,27.53,27.53,27.53,15.88,-
13-Jun-18,27.47,27.47,27.47,27.47,15.85,-
14-Jun-18,27.54,27.54,27.54,27.54,15.89,-
15-Jun-18,27.3,27.3,27.3,27.3,15.86,-
18-Jun-18,27.26,27.26,27.26,27.26,15.84,-
19-Jun-18,27.15,27.15,27.15,27.15,15.78,-
20-Jun-18,27.17,27.17,27.17,27.17,15.79,-
21-Jun-18,27.04,27.04,27.04,27.04,15.71,-
22-Jun-18,27.09,27.09,27.09,27.09,15.74,-
25-Jun-18,26.8,26.8,26.8,26.8,15.57,-
26-Jun-18,26.85,26.85,26.85,26.85,15.6,-
27-Jun-18,26.7,26.7,26.7,26.7,15.51,-
28-Jun-18,26.79,26.79,26.79,26.79,15.57,-
29-Jun-18,26.84,26.84,26.84,26.84,15.59,-
2-Jul-18,26.84,26.84,26.84,26.84,15.59,-
3-Jul-18,26.82,26.82,26.82,26.82,15.58,-
5-Jul-18,26.95,26.95,26.95,26.95,15.66,-
6-Jul-18,27.13,27.13,27.13,27.13,15.76,-
9-Jul-18,27.3,27.3,27.3,27.3,15.86,-
10-Jul-18,27.33,27.33,27.33,27.33,15.88,-
11-Jul-18,27.17,27.17,27.17,27.17,15.79,-
12-Jul-18,27.33,27.33,27.33,27.33,15.88,-
13-Jul-18,27.36,27.36,27.36,27.36,15.9,-
16-Jul-18,27.33,27.33,27.33,27.33,15.88,-
17-Jul-18,27.4,27.4,27.4,27.4,15.92,-
18-Jul-18,27.43,27.43,27.43,27.43,15.94,-
19-Jul-18,27.37,27.37,27.37,27.37,15.9,-
20-Jul-18,27.36,27.36,27.36,27.36,15.9,-
23-Jul-18,27.34,27.34,27.34,27.34,15.89,-
24-Jul-18,27.39,27.39,27.39,27.39,15.91,-
25-Jul-18,27.57,27.57,27.57,27.57,16.02,-
26-Jul-18,27.52,27.52,27.52,27.52,15.99,-
27-Jul-18,27.43,27.43,27.43,27.43,15.94,-
30-Jul-18,27.31,27.31,27.31,27.31,15.87,-
31-Jul-18,27.41,27.41,27.41,27.41,15.93,-
1-Aug-18,27.34,27.34,27.34,27.34,15.89,-
2-Aug-18,27.38,27.38,27.38,27.38,15.91,-
3-Aug-18,27.44,27.44,27.44,27.44,15.94,-
6-Aug-18,27.46,27.46,27.46,27.46,15.96,-
7-Aug-18,27.54,27.54,27.54,27.54,16.0,-
8-Aug-18,27.53,27.53,27.53,27.53,16.0,-
9-Aug-18,27.54,27.54,27.54,27.54,16.0,-
10-Aug-18,27.39,27.39,27.39,27.39,15.91,-
13-Aug-18,27.28,27.28,27.28,27.28,15.85,-
14-Aug-18,27.35,27.35,27.35,27.35,15.89,-
15-Aug-18,27.16,27.16,27.16,27.16,15.78,-
16-Aug-18,27.28,27.28,27.28,27.28,15.85,-
17-Aug-18,27.35,27.35,27.35,27.35,15.89,-
20-Aug-18,27.45,27.45,27.45,27.45,15.95,-
21-Aug-18,27.53,27.53,27.53,27.53,16.0,-
22-Aug-18,27.59,27.59,27.59,27.59,16.03,-
23-Aug-18,27.52,27.52,27.52,27.52,15.99,-
24-Aug-18,27.65,27.65,27.65,27.65,16.07,-
27-Aug-18,27.81,27.81,27.81,27.81,16.16,-
28-Aug-18,27.78,27.78,27.78,27.78,16.14,-
29-Aug-18,27.87,27.87,27.87,27.87,16.19,-
30-Aug-18,27.76,27.76,27.76,27.76,16.13,-
31-Aug-18,27.73,27.73,27.73,27.73,16.11,-
4-Sep-18,27.63,27.63,27.63,27.63,16.05,-
5-Sep-18,27.48,27.48,27.48,27.48,15.97,-
6-Sep-18,27.42,27.42,27.42,27.42,15.93,-
7-Sep-18,27.35,27.35,27.35,27.35,15.89,-
10-Sep-18,27.4,27.4,27.4,27.4,15.92,-
11-Sep-18,27.42,27.42,27.42,27.42,15.93,-
12-Sep-18,27.46,27.46,27.46,27.46,15.96,-
13-Sep-18,27.58,27.58,27.58,27.58,16.02,-
14-Sep-18,27.6,27.6,27.6,27.6,16.04,-
17-Sep-18,27.5,27.5,27.5,27.5,15.98,-
18-Sep-18,27.56,27.56,27.56,27.56,16.01,-
19-Sep-18,27.59,27.59,27.59,27.59,16.03,-
20-Sep-18,27.76,27.76,27.76,27.76,16.13,-
21-Sep-18,27.77,27.77,27.77,27.77,16.14,-
24-Sep-18,27.7,27.7,27.7,27.7,16.09,-
25-Sep-18,27.72,27.72,27.72,27.72,16.11,-
26-Sep-18,27.71,27.71,27.71,27.71,16.1,-
27-Sep-18,27.74,27.74,27.74,27.74,16.12,-
28-Sep-18,27.68,27.68,27.68,27.68,16.08,-
1-Oct-18,27.7,27.7,27.7,27.7,16.09,-
2-Oct-18,27.63,27.63,27.63,27.63,16.05,-
3-Oct-18,27.59,27.59,27.59,27.59,16.03,-
4-Oct-18,27.36,27.36,27.36,27.36,15.9,-
5-Oct-18,27.22,27.22,27.22,27.22,15.82,-
8-Oct-18,27.12,27.12,27.12,27.12,15.76,-
9-Oct-18,27.09,27.09,27.09,27.09,15.74,-
10-Oct-18,26.57,26.57,26.57,26.57,15.44,-
11-Oct-18,26.33,26.33,26.33,26.33,15.3,-
12-Oct-18,26.53,26.53,26.53,26.53,15.41,-
15-Oct-18,26.45,26.45,26.45,26.45,15.37,-
16-Oct-18,26.82,26.82,26.82,26.82,15.58,-
17-Oct-18,26.74,26.74,26.74,26.74,15.54,-
18-Oct-18,26.45,26.45,26.45,26.45,15.37,-
19-Oct-18,26.42,26.42,26.42,26.42,15.35,-
22-Oct-18,26.38,26.38,26.38,26.38,15.33,-
23-Oct-18,26.26,26.26,26.26,26.26,15.26,-
24-Oct-18,25.73,25.73,25.73,25.73,14.95,-
25-Oct-18,26.01,26.01,26.01,26.01,15.11,-
26-Oct-18,25.81,25.81,25.81,25.81,15.0,-
29-Oct-18,25.67,25.67,25.67,25.67,14.92,-
30-Oct-18,25.89,25.89,25.89,25.89,15.04,-
31-Oct-18,26.1,26.1,26.1,26.1,15.16,-
1-Nov-18,26.35,26.35,26.35,26.35,15.31,-
2-Nov-18,26.27,26.27,26.27,26.27,15.26,-
5-Nov-18,26.32,26.32,26.32,26.32,15.29,-
6-Nov-18,26.39,26.39,26.39,26.39,15.33,-
7-Nov-18,26.73,26.73,26.73,26.73,15.53,-
8-Nov-18,26.62,26.62,26.62,26.62,15.47,-
9-Nov-18,26.44,26.44,26.44,26.44,15.36,-
12-Nov-18,26.12,26.12,26.12,26.12,15.18,-
13-Nov-18,26.15,26.15,26.15,26.15,15.19,-
14-Nov-18,26.09,26.09,26.09,26.09,15.16,-
15-Nov-18,26.26,26.26,26.26,26.26,15.26,-
16-Nov-18,26.28,26.28,26.28,26.28,15.27,-
19-Nov-18,26.01,26.01,26.01,26.01,15.11,-
20-Nov-18,25.72,25.72,25.72,25.72,14.94,-
21-Nov-18,25.87,25.87,25.87,25.87,15.03,-
23-Nov-18,25.79,25.79,25.79,25.79,14.98,-
26-Nov-18,26.06,26.06,26.06,26.06,15.14,-
27-Nov-18,26.05,26.05,26.05,26.05,15.14,-
28-Nov-18,26.4,26.4,26.4,26.4,15.34,-
29-Nov-18,26.36,26.36,26.36,26.36,15.32,-
30-Nov-18,26.44,26.44,26.44,26.44,15.36,-
3-Dec-18,26.68,26.68,26.68,26.68,15.5,-
4-Dec-18,26.18,26.18,26.18,26.18,15.21,-
6-Dec-18,26.1,26.1,26.1,26.1,15.16,-
7-Dec-18,25.78,25.78,25.78,25.78,14.98,-
10-Dec-18,25.76,25.76,25.76,25.76,14.97,-
11-Dec-18,25.75,25.75,25.75,25.75,14.96,-
12-Dec-18,25.92,25.92,25.92,25.92,15.06,-
13-Dec-18,25.87,25.87,25.87,25.87,15.03,-
14-Dec-18,25.59,25.59,25.59,25.59,14.87,-
17-Dec-18,25.32,25.32,25.32,25.32,14.71,-
18-Dec-18,25.35,25.35,25.35,25.35,14.73,-
19-Dec-18,25.18,25.18,25.18,25.18,14.63,-
20-Dec-18,24.94,24.94,24.94,24.94,14.49,-
21-Dec-18,24.61,24.61,24.61,24.61,14.3,-
24-Dec-18,24.33,24.33,24.33,24.33,14.14,-
26-Dec-18,24.96,24.96,24.96,24.96,14.5,-
27-Dec-18,25.01,25.01,25.01,25.01,14.53,-
28-Dec-18,23.62,23.62,23.62,23.62,14.56,-
31-Dec-18,23.74,23.74,23.74,23.74,14.64,-
2-Jan-19,23.77,23.77,23.77,23.77,14.66,-
3-Jan-19,23.49,23.49,23.49,23.49,14.48,-
4-Jan-19,23.98,23.98,23.98,23.98,14.79,-
7-Jan-19,24.11,24.11,24.11,24.11,14.87,-
8-Jan-19,24.23,24.23,24.23,24.23,14.94,-
9-Jan-19,24.4,24.4,24.4,24.4,15.04,-
10-Jan-19,24.44,24.44,24.44,24.44,15.07,-
11-Jan-19,24.43,24.43,24.43,24.43,15.06,-
14-Jan-19,24.33,24.33,24.33,24.33,15.0,-
15-Jan-19,24.48,24.48,24.48,24.48,15.09,-
16-Jan-19,24.53,24.53,24.53,24.53,15.12,-
17-Jan-19,24.62,24.62,24.62,24.62,15.18,-
18-Jan-19,24.8,24.8,24.8,24.8,15.29,-
22-Jan-19,24.58,24.58,24.58,24.58,15.16,-
23-Jan-19,24.6,24.6,24.6,24.6,15.17,-
24-Jan-19,24.68,24.68,24.68,24.68,15.22,-
25-Jan-19,24.87,24.87,24.87,24.87,15.33,-
28-Jan-19,24.76,24.76,24.76,24.76,15.27,-
29-Jan-19,24.75,24.75,24.75,24.75,15.26,-
30-Jan-19,24.99,24.99,24.99,24.99,15.41,-
31-Jan-19,25.14,25.14,25.14,25.14,15.5,-
1-Feb-19,25.14,25.14,25.14,25.14,15.5,-
4-Feb-19,25.23,25.23,25.23,25.23,15.56,-
5-Feb-19,25.36,25.36,25.36,25.36,15.64,-
6-Feb-19,25.32,25.32,25.32,25.32,15.61,-
7-Feb-19,25.13,25.13,25.13,25.13,15.49,-
8-Feb-19,25.13,25.13,25.13,25.13,15.49,-
11-Feb-19,25.16,25.16,25.16,25.16,15.51,-
12-Feb-19,25.37,25.37,25.37,25.37,15.64,-
13-Feb-19,25.4,25.4,25.4,25.4,15.66,-
14-Feb-19,25.41,25.41,25.41,25.41,15.67,-
15-Feb-19,25.56,25.56,25.56,25.56,15.76,-
19-Feb-19,25.61,25.61,25.61,25.61,15.79,-
20-Feb-19,25.65,25.65,25.65,25.65,15.82,-
21-Feb-19,25.56,25.56,25.56,25.56,15.76,-
22-Feb-19,25.72,25.72,25.72,25.72,15.86,-
25-Feb-19,25.78,25.78,25.78,25.78,15.9,-
26-Feb-19,25.8,25.8,25.8,25.8,15.91,-
27-Feb-19,25.77,25.77,25.77,25.77,15.89,-
28-Feb-19,25.72,25.72,25.72,25.72,15.86,-
1-Mar-19,25.79,25.79,25.79,25.79,15.9,-
4-Mar-19,25.74,25.74,25.74,25.74,15.87,-
5-Mar-19,25.74,25.74,25.74,25.74,15.87,-
6-Mar-19,25.63,25.63,25.63,25.63,15.8,-
7-Mar-19,25.47,25.47,25.47,25.47,15.7,-
8-Mar-19,25.42,25.42,25.42,25.42,15.67,-
11-Mar-19,25.65,25.65,25.65,25.65,15.82,-
12-Mar-19,25.72,25.72,25.72,25.72,15.86,-
13-Mar-19,25.84,25.84,25.84,25.84,15.93,-
14-Mar-19,25.8,25.8,25.8,25.8,15.91,-
15-Mar-19,25.93,25.93,25.93,25.93,15.99,-
18-Mar-19,26.01,26.01,26.01,26.01,16.04,-
19-Mar-19,26.03,26.03,26.03,26.03,16.05,-
20-Mar-19,26.02,26.02,26.02,26.02,16.04,-
21-Mar-19,26.12,26.12,26.12,26.12,16.11,-
22-Mar-19,25.8,25.8,25.8,25.8,15.91,-
25-Mar-19,25.79,25.79,25.79,25.79,15.9,-
26-Mar-19,25.9,25.9,25.9,25.9,15.97,-
27-Mar-19,25.85,25.85,25.85,25.85,15.94,-
28-Mar-19,25.91,25.91,25.91,25.91,15.98,-
29-Mar-19,26.01,26.01,26.01,26.01,16.04,-
1-Apr-19,26.17,26.17,26.17,26.17,16.14,-
2-Apr-19,26.19,26.19,26.19,26.19,16.15,-
3-Apr-19,26.25,26.25,26.25,26.25,16.19,-
4-Apr-19,26.27,26.27,26.27,26.27,16.2,-
5-Apr-19,26.37,26.37,26.37,26.37,16.26,-
8-Apr-19,26.37,26.37,26.37,26.37,16.26,-
9-Apr-19,26.28,26.28,26.28,26.28,16.2,-
10-Apr-19,26.38,26.38,26.38,26.38,16.27,-
11-Apr-19,26.34,26.34,26.34,26.34,16.24,-
12-Apr-19,26.44,26.44,26.44,26.44,16.3,-
15-Apr-19,26.44,26.44,26.44,26.44,16.3,-
16-Apr-19,26.48,26.48,26.48,26.48,16.33,-
17-Apr-19,26.45,26.45,26.45,26.45,16.31,-
18-Apr-19,26.47,26.47,26.47,26.47,16.32,-
22-Apr-19,26.45,26.45,26.45,26.45,16.31,-
23-Apr-19,26.59,26.59,26.59,26.59,16.39,-
24-Apr-19,26.55,26.55,26.55,26.55,16.37,-
25-Apr-19,26.52,26.52,26.52,26.52,16.35,-
26-Apr-19,26.64,26.64,26.64,26.64,16.43,-
29-Apr-19,26.69,26.69,26.69,26.69,16.46,-
30-Apr-19,26.7,26.7,26.7,26.7,16.46,-
1-May-19,26.59,26.59,26.59,26.59,16.39,-
2-May-19,26.54,26.54,26.54,26.54,16.36,-
3-May-19,26.75,26.75,26.75,26.75,16.49,-
6-May-19,26.64,26.64,26.64,26.64,16.43,-
7-May-19,26.36,26.36,26.36,26.36,16.25,-
8-May-19,26.33,26.33,26.33,26.33,16.23,-
9-May-19,26.26,26.26,26.26,26.26,16.19,-
10-May-19,26.31,26.31,26.31,26.31,16.22,-
13-May-19,25.89,25.89,25.89,25.89,15.96,-
14-May-19,26.06,26.06,26.06,26.06,16.07,-
15-May-19,26.18,26.18,26.18,26.18,16.14,-
16-May-19,26.29,26.29,26.29,26.29,16.21,-
17-May-19,26.13,26.13,26.13,26.13,16.11,-
20-May-19,25.98,25.98,25.98,25.98,16.02,-
21-May-19,26.13,26.13,26.13,26.13,16.11,-
22-May-19,26.06,26.06,26.06,26.06,16.07,-
23-May-19,25.86,25.86,25.86,25.86,15.94,-
24-May-19,25.93,25.93,25.93,25.93,15.99,-
28-May-19,25.86,25.86,25.86,25.86,15.94,-
29-May-19,25.74,25.74,25.74,25.74,15.87,-
30-May-19,25.8,25.8,25.8,25.8,15.91,-
31-May-19,25.66,25.66,25.66,25.66,15.82,-
3-Jun-19,25.69,25.69,25.69,25.69,15.84,-
4-Jun-19,25.98,25.98,25.98,25.98,16.02,-
5-Jun-19,26.03,26.03,26.03,26.03,16.05,-
6-Jun-19,26.11,26.11,26.11,26.11,16.1,-
7-Jun-19,26.32,26.32,26.32,26.32,16.23,-
10-Jun-19,26.39,26.39,26.39,26.39,16.27,-
11-Jun-19,26.42,26.42,26.42,26.42,16.29,-
12-Jun-19,26.36,26.36,26.36,26.36,16.25,-
13-Jun-19,26.44,26.44,26.44,26.44,16.3,-
14-Jun-19,26.36,26.36,26.36,26.36,16.25,-
17-Jun-19,26.38,26.38,26.38,26.38,16.27,-
18-Jun-19,26.63,26.63,26.63,26.63,16.42,-
19-Jun-19,26.74,26.74,26.74,26.74,16.49,-
20-Jun-19,26.95,26.95,26.95,26.95,16.62,-
21-Jun-19,26.89,26.89,26.89,26.89,16.58,-
24-Jun-19,26.87,26.87,26.87,26.87,16.57,-
25-Jun-19,26.71,26.71,26.71,26.71,16.47,-
26-Jun-19,26.72,26.72,26.72,26.72,16.48,-
27-Jun-19,26.85,26.85,26.85,26.85,16.56,-
28-Jun-19,26.75,26.75,26.75,26.75,16.62,-
1-Jul-19,26.89,26.89,26.89,26.89,16.71,-
2-Jul-19,26.93,26.93,26.93,26.93,16.74,-
3-Jul-19,27.06,27.06,27.06,27.06,16.82,-
5-Jul-19,26.98,26.98,26.98,26.98,16.77,-
8-Jul-19,26.87,26.87,26.87,26.87,16.7,-
9-Jul-19,26.88,26.88,26.88,26.88,16.7,-
10-Jul-19,26.93,26.93,26.93,26.93,16.74,-
11-Jul-19,26.92,26.92,26.92,26.92,16.73,-
12-Jul-19,26.99,26.99,26.99,26.99,16.77,-
15-Jul-19,27.02,27.02,27.02,27.02,16.79,-
16-Jul-19,26.95,26.95,26.95,26.95,16.75,-
17-Jul-19,26.9,26.9,26.9,26.9,16.72,-
18-Jul-19,26.97,26.97,26.97,26.97,16.76,-
19-Jul-19,26.9,26.9,26.9,26.9,16.72,-
22-Jul-19,26.96,26.96,26.96,26.96,16.75,-
23-Jul-19,27.07,27.07,27.07,27.07,16.82,-
24-Jul-19,27.19,27.19,27.19,27.19,16.9,-
25-Jul-19,27.04,27.04,27.04,27.04,16.8,-
26-Jul-19,27.16,27.16,27.16,27.16,16.88,-
29-Jul-19,27.11,27.11,27.11,27.11,16.85,-
30-Jul-19,27.05,27.05,27.05,27.05,16.81,-
31-Jul-19,26.89,26.89,26.89,26.89,16.71,-
1-Aug-19,26.81,26.81,26.81,26.81,16.66,-
2-Aug-19,26.65,26.65,26.65,26.65,16.56,-
5-Aug-19,26.2,26.2,26.2,26.2,16.28,-
6-Aug-19,26.4,26.4,26.4,26.4,16.41,-
7-Aug-19,26.44,26.44,26.44,26.44,16.43,-
8-Aug-19,26.74,26.74,26.74,26.74,16.62,-
9-Aug-19,26.59,26.59,26.59,26.59,16.52,-
12-Aug-19,26.44,26.44,26.44,26.44,16.43,-
13-Aug-19,26.63,26.63,26.63,26.63,16.55,-
14-Aug-19,26.19,26.19,26.19,26.19,16.28,-
15-Aug-19,26.24,26.24,26.24,26.24,16.31,-
16-Aug-19,26.48,26.48,26.48,26.48,16.46,-
19-Aug-19,26.62,26.62,26.62,26.62,16.54,-
20-Aug-19,26.56,26.56,26.56,26.56,16.51,-
21-Aug-19,26.7,26.7,26.7,26.7,16.59,-
22-Aug-19,26.63,26.63,26.63,26.63,16.55,-
23-Aug-19,26.31,26.31,26.31,26.31,16.35,-
26-Aug-19,26.44,26.44,26.44,26.44,16.43,-
27-Aug-19,26.43,26.43,26.43,26.43,16.42,-
28-Aug-19,26.5,26.5,26.5,26.5,16.47,-
29-Aug-19,26.7,26.7,26.7,26.7,16.59,-
30-Aug-19,26.74,26.74,26.74,26.74,16.62,-
3-Sep-19,26.62,26.62,26.62,26.62,16.54,-
4-Sep-19,26.83,26.83,26.83,26.83,16.67,-
5-Sep-19,27.02,27.02,27.02,27.02,16.79,-
6-Sep-19,27.04,27.04,27.04,27.04,16.8,-
9-Sep-19,27.03,27.03,27.03,27.03,16.8,-
10-Sep-19,26.99,26.99,26.99,26.99,16.77,-
11-Sep-19,27.13,27.13,27.13,27.13,16.86,-
12-Sep-19,27.18,27.18,27.18,27.18,16.89,-
13-Sep-19,27.15,27.15,27.15,27.15,16.87,-
16-Sep-19,27.14,27.14,27.14,27.14,16.87,-
17-Sep-19,27.17,27.17,27.17,27.17,16.88,-
18-Sep-19,27.16,27.16,27.16,27.16,16.88,-
19-Sep-19,27.19,27.19,27.19,27.19,16.9,-
20-Sep-19,27.16,27.16,27.16,27.16,16.88,-
23-Sep-19,27.14,27.14,27.14,27.14,16.87,-
24-Sep-19,27,27.0,27.0,27.0,16.78,-
25-Sep-19,27.03,27.03,27.03,27.03,16.8,-
26-Sep-19,27,27.0,27.0,27.0,16.78,-
27-Sep-19,26.91,26.91,26.91,26.91,16.72,-
30-Sep-19,26.98,26.98,26.98,26.98,16.77,-
1-Oct-19,26.78,26.78,26.78,26.78,16.64,-
2-Oct-19,26.49,26.49,26.49,26.49,16.46,-
3-Oct-19,26.66,26.66,26.66,26.66,16.57,-
4-Oct-19,26.87,26.87,26.87,26.87,16.7,-
7-Oct-19,26.79,26.79,26.79,26.79,16.65,-
8-Oct-19,26.54,26.54,26.54,26.54,16.49,-
9-Oct-19,26.68,26.68,26.68,26.68,16.58,-
10-Oct-19,26.74,26.74,26.74,26.74,16.62,-
11-Oct-19,26.97,26.97,26.97,26.97,16.76,-
14-Oct-19,26.98,26.98,26.98,26.98,16.77,-
15-Oct-19,27.16,27.16,27.16,27.16,16.88,-
16-Oct-19,27.13,27.13,27.13,27.13,16.86,-
17-Oct-19,27.2,27.2,27.2,27.2,16.9,-
18-Oct-19,27.1,27.1,27.1,27.1,16.84,-
21-Oct-19,27.21,27.21,27.21,27.21,16.91,-
22-Oct-19,27.19,27.19,27.19,27.19,16.9,-
23-Oct-19,27.23,27.23,27.23,27.23,16.92,-
24-Oct-19,27.31,27.31,27.31,27.31,16.97,-
25-Oct-19,27.38,27.38,27.38,27.38,17.02,-
28-Oct-19,27.47,27.47,27.47,27.47,17.07,-
29-Oct-19,27.45,27.45,27.45,27.45,17.06,-
30-Oct-19,27.54,27.54,27.54,27.54,17.11,-
31-Oct-19,27.51,27.51,27.51,27.51,17.1,-
1-Nov-19,27.7,27.7,27.7,27.7,17.21,-
4-Nov-19,27.78,27.78,27.78,27.78,17.26,-
5-Nov-19,27.73,27.73,27.73,27.73,17.23,-
6-Nov-19,27.76,27.76,27.76,27.76,17.25,-
7-Nov-19,27.79,27.79,27.79,27.79,17.27,-
8-Nov-19,27.81,27.81,27.81,27.81,17.28,-
11-Nov-19,27.78,27.78,27.78,27.78,17.26,-
12-Nov-19,27.82,27.82,27.82,27.82,17.29,-
13-Nov-19,27.79,27.79,27.79,27.79,17.27,-
14-Nov-19,27.83,27.83,27.83,27.83,17.29,-
15-Nov-19,27.98,27.98,27.98,27.98,17.39,-
18-Nov-19,27.99,27.99,27.99,27.99,17.39,-
19-Nov-19,28.02,28.02,28.02,28.02,17.41,-
20-Nov-19,27.98,27.98,27.98,27.98,17.39,-
21-Nov-19,27.94,27.94,27.94,27.94,17.36,-
22-Nov-19,27.99,27.99,27.99,27.99,17.39,-
25-Nov-19,28.19,28.19,28.19,28.19,17.52,-
26-Nov-19,28.23,28.23,28.23,28.23,17.54,-
27-Nov-19,28.29,28.29,28.29,28.29,17.58,-
29-Nov-19,28.19,28.19,28.19,28.19,17.52,-
2-Dec-19,27.99,27.99,27.99,27.99,17.39,-
3-Dec-19,27.96,27.96,27.96,27.96,17.38,-
4-Dec-19,28.04,28.04,28.04,28.04,17.43,-
5-Dec-19,28.07,28.07,28.07,28.07,17.44,-
6-Dec-19,28.21,28.21,28.21,28.21,17.53,-
9-Dec-19,28.15,28.15,28.15,28.15,17.49,-
10-Dec-19,28.16,28.16,28.16,28.16,17.5,-
11-Dec-19,28.25,28.25,28.25,28.25,17.56,-
12-Dec-19,28.38,28.38,28.38,28.38,17.64,-
13-Dec-19,28.47,28.47,28.47,28.47,17.69,-
16-Dec-19,28.61,28.61,28.61,28.61,17.78,-
17-Dec-19,28.62,28.62,28.62,28.62,17.79,-
18-Dec-19,28.6,28.6,28.6,28.6,17.77,-
19-Dec-19,28.67,28.67,28.67,28.67,17.82,-
20-Dec-19,28.74,28.74,28.74,28.74,17.86,-
23-Dec-19,28.76,28.76,28.76,28.76,17.87,-
24-Dec-19,28.78,28.78,28.78,28.78,17.89,-
26-Dec-19,28.87,28.87,28.87,28.87,17.94,-
27-Dec-19,27.44,27.44,27.44,27.44,17.95,-
30-Dec-19,27.32,27.32,27.32,27.32,17.88,-
31-Dec-19,27.34,27.34,27.34,27.34,17.89,-
2-Jan-20,27.57,27.57,27.57,27.57,18.04,-
3-Jan-20,27.47,27.47,27.47,27.47,17.97,-
6-Jan-20,27.51,27.51,27.51,27.51,18.0,-
7-Jan-20,27.49,27.49,27.49,27.49,17.99,-
8-Jan-20,27.55,27.55,27.55,27.55,18.03,-
9-Jan-20,27.67,27.67,27.67,27.67,18.1,-
10-Jan-20,27.65,27.65,27.65,27.65,18.09,-
13-Jan-20,27.78,27.78,27.78,27.78,18.18,-
14-Jan-20,27.77,27.77,27.77,27.77,18.17,-
15-Jan-20,27.79,27.79,27.79,27.79,18.18,-
16-Jan-20,27.91,27.91,27.91,27.91,18.26,-
17-Jan-20,27.94,27.94,27.94,27.94,18.28,-
21-Jan-20,27.89,27.89,27.89,27.89,18.25,-
22-Jan-20,27.91,27.91,27.91,27.91,18.26,-
23-Jan-20,27.91,27.91,27.91,27.91,18.26,-
24-Jan-20,27.77,27.77,27.77,27.77,18.17,-
27-Jan-20,27.49,27.49,27.49,27.49,17.99,-
28-Jan-20,27.65,27.65,27.65,27.65,18.09,-
29-Jan-20,27.66,27.66,27.66,27.66,18.1,-
30-Jan-20,27.68,27.68,27.68,27.68,18.11,-
31-Jan-20,27.39,27.39,27.39,27.39,17.92,-
3-Feb-20,27.57,27.57,27.57,27.57,18.04,-
4-Feb-20,27.87,27.87,27.87,27.87,18.24,-
5-Feb-20,27.99,27.99,27.99,27.99,18.31,-
6-Feb-20,28.08,28.08,28.08,28.08,18.37,-
7-Feb-20,27.99,27.99,27.99,27.99,18.31,-
10-Feb-20,28.1,28.1,28.1,28.1,18.39,-
11-Feb-20,28.17,28.17,28.17,28.17,18.43,-
12-Feb-20,28.3,28.3,28.3,28.3,18.52,-
13-Feb-20,28.26,28.26,28.26,28.26,18.49,-
14-Feb-20,28.27,28.27,28.27,28.27,18.5,-
18-Feb-20,28.24,28.24,28.24,28.24,18.48,-
19-Feb-20,28.36,28.36,28.36,28.36,18.56,-
20-Feb-20,28.3,28.3,28.3,28.3,18.52,-
21-Feb-20,28.14,28.14,28.14,28.14,18.41,-
24-Feb-20,27.51,27.51,27.51,27.51,18.0,-
25-Feb-20,27.06,27.06,27.06,27.06,17.71,-
26-Feb-20,26.99,26.99,26.99,26.99,17.66,-
27-Feb-20,26.37,26.37,26.37,26.37,17.25,-
28-Feb-20,26.34,26.34,26.34,26.34,17.23,-
2-Mar-20,26.86,26.86,26.86,26.86,17.57,-
3-Mar-20,26.54,26.54,26.54,26.54,17.37,-
4-Mar-20,27.1,27.1,27.1,27.1,17.73,-
5-Mar-20,26.63,26.63,26.63,26.63,17.42,-
6-Mar-20,26.36,26.36,26.36,26.36,17.25,-
9-Mar-20,24.99,24.99,24.99,24.99,16.35,-
10-Mar-20,25.56,25.56,25.56,25.56,16.72,-
11-Mar-20,24.68,24.68,24.68,24.68,16.15,-
12-Mar-20,23.01,23.01,23.01,23.01,15.06,-
13-Mar-20,24.07,24.07,24.07,24.07,15.75,-
16-Mar-20,22.3,22.3,22.3,22.3,14.59,-
17-Mar-20,22.78,22.78,22.78,22.78,14.91,-
18-Mar-20,21.77,21.77,21.77,21.77,14.24,-
19-Mar-20,21.86,21.86,21.86,21.86,14.3,-
20-Mar-20,21.61,21.61,21.61,21.61,14.14,-
23-Mar-20,21.44,21.44,21.44,21.44,14.03,-
24-Mar-20,22.71,22.71,22.71,22.71,14.86,-
25-Mar-20,23.1,23.1,23.1,23.1,15.11,-
26-Mar-20,23.98,23.98,23.98,23.98,15.69,-
27-Mar-20,23.55,23.55,23.55,23.55,15.41,-
30-Mar-20,23.9,23.9,23.9,23.9,15.64,-
31-Mar-20,23.78,23.78,23.78,23.78,15.56,-
1-Apr-20,23.13,23.13,23.13,23.13,15.13,-
2-Apr-20,23.34,23.34,23.34,23.34,15.27,-
3-Apr-20,23.1,23.1,23.1,23.1,15.11,-
6-Apr-20,24.06,24.06,24.06,24.06,15.74,-
7-Apr-20,24.13,24.13,24.13,24.13,15.79,-
8-Apr-20,24.59,24.59,24.59,24.59,16.09,-
9-Apr-20,24.89,24.89,24.89,24.89,16.29,-
13-Apr-20,24.82,24.82,24.82,24.82,16.24,-
14-Apr-20,25.29,25.29,25.29,25.29,16.55,-
15-Apr-20,24.94,24.94,24.94,24.94,16.32,-
16-Apr-20,25.02,25.02,25.02,25.02,16.37,-
17-Apr-20,25.46,25.46,25.46,25.46,16.66,-
20-Apr-20,25.27,25.27,25.27,25.27,16.53,-
21-Apr-20,24.8,24.8,24.8,24.8,16.23,-
22-Apr-20,25.1,25.1,25.1,25.1,16.42,-
23-Apr-20,25.12,25.12,25.12,25.12,16.44,-
24-Apr-20,25.32,25.32,25.32,25.32,16.57,-
27-Apr-20,25.58,25.58,25.58,25.58,16.74,-
28-Apr-20,25.59,25.59,25.59,25.59,16.74,-
29-Apr-20,26.11,26.11,26.11,26.11,17.08,-
30-Apr-20,25.86,25.86,25.86,25.86,16.92,-
1-May-20,25.39,25.39,25.39,25.39,16.61,-
4-May-20,25.41,25.41,25.41,25.41,16.63,-
5-May-20,25.56,25.56,25.56,25.56,16.72,-
6-May-20,25.49,25.49,25.49,25.49,16.68,-
7-May-20,25.76,25.76,25.76,25.76,16.85,-
8-May-20,26.01,26.01,26.01,26.01,17.02,-
11-May-20,25.96,25.96,25.96,25.96,16.99,-
12-May-20,25.69,25.69,25.69,25.69,16.81,-
13-May-20,25.43,25.43,25.43,25.43,16.64,-
14-May-20,25.58,25.58,25.58,25.58,16.74,-
15-May-20,25.64,25.64,25.64,25.64,16.78,-
18-May-20,26.17,26.17,26.17,26.17,17.12,-
19-May-20,26.07,26.07,26.07,26.07,17.06,-
20-May-20,26.42,26.42,26.42,26.42,17.29,-
21-May-20,26.32,26.32,26.32,26.32,17.22,-
22-May-20,26.32,26.32,26.32,26.32,17.22,-
26-May-20,26.62,26.62,26.62,26.62,17.42,-
27-May-20,26.85,26.85,26.85,26.85,17.57,-
28-May-20,26.83,26.83,26.83,26.83,17.56,-
29-May-20,26.94,26.94,26.94,26.94,17.63,-
1-Jun-20,27.1,27.1,27.1,27.1,17.73,-
2-Jun-20,27.31,27.31,27.31,27.31,17.87,-
3-Jun-20,27.61,27.61,27.61,27.61,18.07,-
4-Jun-20,27.56,27.56,27.56,27.56,18.03,-
5-Jun-20,27.99,27.99,27.99,27.99,18.31,-
8-Jun-20,28.22,28.22,28.22,28.22,18.46,-
9-Jun-20,28.06,28.06,28.06,28.06,18.36,-
10-Jun-20,28.04,28.04,28.04,28.04,18.35,-
11-Jun-20,27.03,27.03,27.03,27.03,17.69,-
12-Jun-20,27.26,27.26,27.26,27.26,17.84,-
15-Jun-20,27.42,27.42,27.42,27.42,17.94,-
16-Jun-20,27.75,27.75,27.75,27.75,18.16,-
17-Jun-20,27.74,27.74,27.74,27.74,18.15,-
18-Jun-20,27.76,27.76,27.76,27.76,18.16,-
19-Jun-20,27.71,27.71,27.71,27.71,18.13,-
22-Jun-20,27.83,27.83,27.83,27.83,18.21,-
23-Jun-20,27.93,27.93,27.93,27.93,18.27,-
24-Jun-20,27.45,27.45,27.45,27.45,17.96,-
25-Jun-20,27.67,27.67,27.67,27.67,18.1,-
26-Jun-20,27.16,27.16,27.16,27.16,17.89,-
29-Jun-20,27.36,27.36,27.36,27.36,18.02,-
30-Jun-20,27.57,27.57,27.57,27.57,18.16,-
1-Jul-20,27.67,27.67,27.67,27.67,18.22,-
2-Jul-20,27.86,27.86,27.86,27.86,18.35,-
6-Jul-20,28.23,28.23,28.23,28.23,18.59,-
7-Jul-20,28.04,28.04,28.04,28.04,18.46,-
8-Jul-20,28.23,28.23,28.23,28.23,18.59,-
9-Jul-20,28.16,28.16,28.16,28.16,18.54,-
10-Jul-20,28.33,28.33,28.33,28.33,18.66,-
13-Jul-20,28.13,28.13,28.13,28.13,18.52,-
14-Jul-20,28.33,28.33,28.33,28.33,18.66,-
15-Jul-20,28.57,28.57,28.57,28.57,18.81,-
16-Jul-20,28.46,28.46,28.46,28.46,18.74,-
17-Jul-20,28.54,28.54,28.54,28.54,18.79,-
20-Jul-20,28.78,28.78,28.78,28.78,18.95,-
21-Jul-20,28.84,28.84,28.84,28.84,18.99,-
22-Jul-20,28.93,28.93,28.93,28.93,19.05,-
23-Jul-20,28.75,28.75,28.75,28.75,18.93,-
24-Jul-20,28.59,28.59,28.59,28.59,18.83,-
27-Jul-20,28.8,28.8,28.8,28.8,18.97,-
28-Jul-20,28.67,28.67,28.67,28.67,18.88,-
29-Jul-20,28.94,28.94,28.94,28.94,19.06,-
30-Jul-20,28.84,28.84,28.84,28.84,18.99,-
31-Jul-20,28.78,28.78,28.78,28.78,18.95,-
3-Aug-20,29.02,29.02,29.02,29.02,19.11,-
4-Aug-20,29.12,29.12,29.12,29.12,19.18,-
5-Aug-20,29.26,29.26,29.26,29.26,19.27,-
6-Aug-20,29.33,29.33,29.33,29.33,19.31,-
7-Aug-20,29.26,29.26,29.26,29.26,19.27,-
10-Aug-20,29.25,29.25,29.25,29.25,19.26,-
11-Aug-20,29.16,29.16,29.16,29.16,19.2,-
12-Aug-20,29.41,29.41,29.41,29.41,19.37,-
13-Aug-20,29.35,29.35,29.35,29.35,19.33,-
14-Aug-20,29.3,29.3,29.3,29.3,19.29,-
17-Aug-20,29.43,29.43,29.43,29.43,19.38,-
18-Aug-20,29.47,29.47,29.47,29.47,19.41,-
19-Aug-20,29.36,29.36,29.36,29.36,19.33,-
20-Aug-20,29.4,29.4,29.4,29.4,19.36,-
21-Aug-20,29.41,29.41,29.41,29.41,19.37,-
24-Aug-20,29.6,29.6,29.6,29.6,19.49,-
25-Aug-20,29.68,29.68,29.68,29.68,19.54,-
26-Aug-20,29.87,29.87,29.87,29.87,19.67,-
27-Aug-20,29.8,29.8,29.8,29.8,19.62,-
28-Aug-20,29.91,29.91,29.91,29.91,19.7,-
31-Aug-20,29.85,29.85,29.85,29.85,19.66,-
1-Sep-20,30.07,30.07,30.07,30.07,19.8,-
2-Sep-20,30.3,30.3,30.3,30.3,19.95,-
3-Sep-20,29.67,29.67,29.67,29.67,19.54,-
4-Sep-20,29.51,29.51,29.51,29.51,19.43,-
8-Sep-20,29.02,29.02,29.02,29.02,19.11,-
9-Sep-20,29.35,29.35,29.35,29.35,19.33,-
10-Sep-20,29.12,29.12,29.12,29.12,19.18,-
11-Sep-20,29.17,29.17,29.17,29.17,19.21,-
14-Sep-20,29.45,29.45,29.45,29.45,19.39,-
15-Sep-20,29.56,29.56,29.56,29.56,19.47,-
16-Sep-20,29.54,29.54,29.54,29.54,19.45,-
17-Sep-20,29.44,29.44,29.44,29.44,19.39,-
18-Sep-20,29.32,29.32,29.32,29.32,19.31,-
21-Sep-20,29.04,29.04,29.04,29.04,19.12,-
22-Sep-20,29.14,29.14,29.14,29.14,19.19,-
23-Sep-20,28.76,28.76,28.76,28.76,18.94,-
24-Sep-20,28.74,28.74,28.74,28.74,18.93,-
25-Sep-20,28.95,28.95,28.95,28.95,19.06,-
28-Sep-20,29.24,29.24,29.24,29.24,19.26,-
29-Sep-20,29.2,29.2,29.2,29.2,19.23,-
30-Sep-20,29.29,29.29,29.29,29.29,19.29,-
1-Oct-20,29.47,29.47,29.47,29.47,19.41,-
2-Oct-20,29.31,29.31,29.31,29.31,19.3,-
5-Oct-20,29.61,29.61,29.61,29.61,19.5,-
6-Oct-20,29.46,29.46,29.46,29.46,19.4,-
7-Oct-20,29.78,29.78,29.78,29.78,19.61,-
8-Oct-20,29.95,29.95,29.95,29.95,19.72,-
9-Oct-20,30.12,30.12,30.12,30.12,19.83,-
12-Oct-20,30.36,30.36,30.36,30.36,19.99,-
13-Oct-20,30.29,30.29,30.29,30.29,19.95,-
14-Oct-20,30.21,30.21,30.21,30.21,19.89,-
15-Oct-20,30.12,30.12,30.12,30.12,19.83,-
16-Oct-20,30.15,30.15,30.15,30.15,19.85,-
19-Oct-20,29.95,29.95,29.95,29.95,19.72,-
20-Oct-20,30.03,30.03,30.03,30.03,19.78,-
21-Oct-20,29.94,29.94,29.94,29.94,19.72,-
22-Oct-20,29.99,29.99,29.99,29.99,19.75,-
23-Oct-20,30.12,30.12,30.12,30.12,19.83,-
26-Oct-20,29.77,29.77,29.77,29.77,19.6,-
27-Oct-20,29.72,29.72,29.72,29.72,19.57,-
28-Oct-20,29.15,29.15,29.15,29.15,19.2,-
29-Oct-20,29.29,29.29,29.29,29.29,19.29,-
30-Oct-20,29.01,29.01,29.01,29.01,19.1,-
2-Nov-20,29.27,29.27,29.27,29.27,19.27,-
3-Nov-20,29.63,29.63,29.63,29.63,19.51,-
4-Nov-20,30.09,30.09,30.09,30.09,19.81,-
5-Nov-20,30.57,30.57,30.57,30.57,20.13,-
6-Nov-20,30.56,30.56,30.56,30.56,20.12,-
9-Nov-20,30.84,30.84,30.84,30.84,20.31,-
10-Nov-20,30.76,30.76,30.76,30.76,20.26,-
11-Nov-20,30.91,30.91,30.91,30.91,20.35,-
12-Nov-20,30.77,30.77,30.77,30.77,20.26,-
13-Nov-20,31.02,31.02,31.02,31.02,20.43,-
16-Nov-20,31.27,31.27,31.27,31.27,20.59,-
17-Nov-20,31.31,31.31,31.31,31.31,20.62,-
18-Nov-20,31.22,31.22,31.22,31.22,20.56,-
19-Nov-20,31.38,31.38,31.38,31.38,20.66,-
20-Nov-20,31.38,31.38,31.38,31.38,20.66,-
23-Nov-20,31.57,31.57,31.57,31.57,20.79,-
24-Nov-20,31.89,31.89,31.89,31.89,21.0,-
25-Nov-20,31.88,31.88,31.88,31.88,20.99,-
27-Nov-20,32.05,32.05,32.05,32.05,21.11,-
30-Nov-20,31.83,31.83,31.83,31.83,20.96,-
1-Dec-20,32.05,32.05,32.05,32.05,21.11,-
2-Dec-20,32.09,32.09,32.09,32.09,21.13,-
3-Dec-20,32.2,32.2,32.2,32.2,21.2,-
4-Dec-20,32.41,32.41,32.41,32.41,21.34,-
7-Dec-20,32.4,32.4,32.4,32.4,21.34,-
8-Dec-20,32.47,32.47,32.47,32.47,21.38,-
9-Dec-20,32.29,32.29,32.29,32.29,21.26,-
10-Dec-20,32.4,32.4,32.4,32.4,21.34,-
11-Dec-20,32.32,32.32,32.32,32.32,21.28,-
14-Dec-20,32.3,32.3,32.3,32.3,21.27,-
15-Dec-20,32.57,32.57,32.57,32.57,21.45,-
16-Dec-20,32.64,32.64,32.64,32.64,21.49,-
17-Dec-20,32.83,32.83,32.83,32.83,21.62,-
18-Dec-20,32.8,32.8,32.8,32.8,21.6,-
21-Dec-20,32.68,32.68,32.68,32.68,21.52,-
22-Dec-20,32.67,32.67,32.67,32.67,21.51,-
23-Dec-20,32.74,32.74,32.74,32.74,21.56,-
24-Dec-20,32.76,32.76,32.76,32.76,21.57,-
28-Dec-20,32.79,32.79,32.79,32.79,21.59,-
29-Dec-20,32.81,32.81,32.81,32.81,21.61,-
30-Dec-20,31.04,31.04,31.04,31.04,21.7,-
31-Dec-20,31.08,31.08,31.08,31.08,21.72,-
4-Jan-21,30.9,30.9,30.9,30.9,21.6,-
5-Jan-21,31.11,31.11,31.11,31.11,21.75,-
6-Jan-21,31.19,31.19,31.19,31.19,21.8,-
7-Jan-21,31.48,31.48,31.48,31.48,22.0,-
8-Jan-21,31.67,31.67,31.67,31.67,22.14,-
11-Jan-21,31.52,31.52,31.52,31.52,22.03,-
12-Jan-21,31.65,31.65,31.65,31.65,22.12,-
13-Jan-21,31.68,31.68,31.68,31.68,22.14,-
14-Jan-21,31.75,31.75,31.75,31.75,22.19,-
15-Jan-21,31.51,31.51,31.51,31.51,22.03,-
19-Jan-21,31.75,31.75,31.75,31.75,22.19,-
20-Jan-21,31.99,31.99,31.99,31.99,22.36,-
21-Jan-21,31.96,31.96,31.96,31.96,22.34,-
22-Jan-21,31.89,31.89,31.89,31.89,22.29,-
25-Jan-21,31.92,31.92,31.92,31.92,22.31,-
26-Jan-21,31.8,31.8,31.8,31.8,22.23,-
27-Jan-21,31.8,31.8,31.8,31.8,22.23,-
28-Jan-21,31.48,31.48,31.48,31.48,22.0,-
29-Jan-21,31.08,31.08,31.08,31.08,21.72,-
1-Feb-21,31.47,31.47,31.47,31.47,22.0,-
2-Feb-21,31.74,31.74,31.74,31.74,22.19,-
3-Feb-21,31.76,31.76,31.76,31.76,22.2,-
4-Feb-21,31.98,31.98,31.98,31.98,22.35,-
5-Feb-21,32.09,32.09,32.09,32.09,22.43,-
8-Feb-21,32.31,32.31,32.31,32.31,22.58,-
9-Feb-21,32.38,32.38,32.38,32.38,22.63,-
10-Feb-21,32.42,32.42,32.42,32.42,22.66,-
11-Feb-21,32.5,32.5,32.5,32.5,22.72,-
12-Feb-21,32.6,32.6,32.6,32.6,22.79,-
16-Feb-21,32.59,32.59,32.59,32.59,22.78,-
17-Feb-21,32.5,32.5,32.5,32.5,22.72,-
18-Feb-21,32.34,32.34,32.34,32.34,22.61,-
19-Feb-21,32.43,32.43,32.43,32.43,22.67,-
22-Feb-21,32.15,32.15,32.15,32.15,22.47,-
23-Feb-21,32.09,32.09,32.09,32.09,22.43,-
24-Feb-21,32.25,32.25,32.25,32.25,22.54,-
25-Feb-21,31.64,31.64,31.64,31.64,22.12,-
26-Feb-21,31.66,31.66,31.66,31.66,22.13,-
1-Mar-21,32.13,32.13,32.13,32.13,22.46,-
2-Mar-21,31.94,31.94,31.94,31.94,22.33,-
3-Mar-21,31.62,31.62,31.62,31.62,22.1,-
4-Mar-21,31.22,31.22,31.22,31.22,21.82,-
5-Mar-21,31.49,31.49,31.49,31.49,22.01,-
8-Mar-21,31.26,31.26,31.26,31.26,21.85,-
9-Mar-21,31.63,31.63,31.63,31.63,22.11,-
10-Mar-21,31.71,31.71,31.71,31.71,22.17,-
11-Mar-21,32.05,32.05,32.05,32.05,22.4,-
12-Mar-21,31.98,31.98,31.98,31.98,22.35,-
15-Mar-21,32.09,32.09,32.09,32.09,22.43,-
16-Mar-21,32.01,32.01,32.01,32.01,22.37,-
17-Mar-21,32.09,32.09,32.09,32.09,22.43,-
18-Mar-21,31.72,31.72,31.72,31.72,22.17,-
19-Mar-21,31.76,31.76,31.76,31.76,22.2,-
22-Mar-21,31.88,31.88,31.88,31.88,22.28,-
23-Mar-21,31.61,31.61,31.61,31.61,22.1,-
24-Mar-21,31.4,31.4,31.4,31.4,21.95,-
25-Mar-21,31.51,31.51,31.51,31.51,22.03,-
26-Mar-21,31.82,31.82,31.82,31.82,22.24,-
29-Mar-21,31.64,31.64,31.64,31.64,22.12,-
30-Mar-21,31.71,31.71,31.71,31.71,22.17,-
31-Mar-21,31.82,31.82,31.82,31.82,22.24,-
1-Apr-21,32.17,32.17,32.17,32.17,22.49,-
5-Apr-21,32.37,32.37,32.37,32.37,22.63,-
6-Apr-21,32.42,32.42,32.42,32.42,22.66,-
7-Apr-21,32.34,32.34,32.34,32.34,22.61,-
8-Apr-21,32.51,32.51,32.51,32.51,22.72,-
9-Apr-21,32.58,32.58,32.58,32.58,22.77,-
12-Apr-21,32.53,32.53,32.53,32.53,22.74,-
13-Apr-21,32.67,32.67,32.67,32.67,22.84,-
14-Apr-21,32.64,32.64,32.64,32.64,22.82,-
15-Apr-21,32.89,32.89,32.89,32.89,22.99,-
16-Apr-21,32.94,32.94,32.94,32.94,23.02,-
19-Apr-21,32.78,32.78,32.78,32.78,22.91,-
20-Apr-21,32.54,32.54,32.54,32.54,22.75,-
21-Apr-21,32.78,32.78,32.78,32.78,22.91,-
22-Apr-21,32.68,32.68,32.68,32.68,22.84,-
23-Apr-21,32.97,32.97,32.97,32.97,23.05,-
26-Apr-21,33.06,33.06,33.06,33.06,23.11,-
27-Apr-21,33.03,33.03,33.03,33.03,23.09,-
28-Apr-21,33.04,33.04,33.04,33.04,23.09,-
29-Apr-21,33.05,33.05,33.05,33.05,23.1,-
30-Apr-21,32.83,32.83,32.83,32.83,22.95,-
3-May-21,32.89,32.89,32.89,32.89,22.99,-
4-May-21,32.66,32.66,32.66,32.66,22.83,-
5-May-21,32.73,32.73,32.73,32.73,22.88,-
6-May-21,32.8,32.8,32.8,32.8,22.93,-
7-May-21,33.01,33.01,33.01,33.01,23.07,-
10-May-21,32.68,32.68,32.68,32.68,22.84,-
11-May-21,32.49,32.49,32.49,32.49,22.71,-
12-May-21,31.97,31.97,31.97,31.97,22.35,-
13-May-21,32.12,32.12,32.12,32.12,22.45,-
14-May-21,32.55,32.55,32.55,32.55,22.75,-
17-May-21,32.52,32.52,32.52,32.52,22.73,-
18-May-21,32.45,32.45,32.45,32.45,22.68,-
19-May-21,32.34,32.34,32.34,32.34,22.61,-
20-May-21,32.63,32.63,32.63,32.63,22.81,-
21-May-21,32.62,32.62,32.62,32.62,22.8,-
24-May-21,32.81,32.81,32.81,32.81,22.93,-
25-May-21,32.84,32.84,32.84,32.84,22.96,-
26-May-21,32.92,32.92,32.92,32.92,23.01,-
27-May-21,32.99,32.99,32.99,32.99,23.06,-
28-May-21,33.04,33.04,33.04,33.04,23.09,-
1-Jun-21,33.12,33.12,33.12,33.12,23.15,-
2-Jun-21,33.15,33.15,33.15,33.15,23.17,-
3-Jun-21,33,33.0,33.0,33.0,23.07,-
4-Jun-21,33.23,33.23,33.23,33.23,23.23,-
7-Jun-21,33.3,33.3,33.3,33.3,23.28,-
8-Jun-21,33.33,33.33,33.33,33.33,23.3,-
9-Jun-21,33.28,33.28,33.28,33.28,23.26,-
10-Jun-21,33.4,33.4,33.4,33.4,23.35,-
11-Jun-21,33.45,33.45,33.45,33.45,23.38,-
14-Jun-21,33.46,33.46,33.46,33.46,23.39,-
15-Jun-21,33.39,33.39,33.39,33.39,23.34,-
16-Jun-21,33.26,33.26,33.26,33.26,23.25,-
17-Jun-21,33.27,33.27,33.27,33.27,23.26,-
18-Jun-21,33.05,33.05,33.05,33.05,23.1,-
21-Jun-21,33.27,33.27,33.27,33.27,23.26,-
22-Jun-21,33.37,33.37,33.37,33.37,23.33,-
23-Jun-21,33.35,33.35,33.35,33.35,23.31,-
24-Jun-21,33.56,33.56,33.56,33.56,23.46,-
25-Jun-21,33.61,33.61,33.61,33.61,23.49,-
28-Jun-21,33.5,33.5,33.5,33.5,23.52,-
29-Jun-21,33.5,33.5,33.5,33.5,23.52,-
30-Jun-21,33.47,33.47,33.47,33.47,23.49,-
1-Jul-21,33.52,33.52,33.52,33.52,23.53,-
2-Jul-21,33.62,33.62,33.62,33.62,23.6,-
6-Jul-21,33.54,33.54,33.54,33.54,23.54,-
7-Jul-21,33.54,33.54,33.54,33.54,23.54,-
8-Jul-21,33.3,33.3,33.3,33.3,23.37,-
9-Jul-21,33.57,33.57,33.57,33.57,23.56,-
12-Jul-21,33.62,33.62,33.62,33.62,23.6,-
13-Jul-21,33.48,33.48,33.48,33.48,23.5,-
14-Jul-21,33.46,33.46,33.46,33.46,23.49,-
15-Jul-21,33.37,33.37,33.37,33.37,23.42,-
16-Jul-21,33.2,33.2,33.2,33.2,23.3,-
19-Jul-21,32.96,32.96,32.96,32.96,23.14,-
20-Jul-21,33.26,33.26,33.26,33.26,23.35,-
21-Jul-21,33.48,33.48,33.48,33.48,23.5,-
22-Jul-21,33.54,33.54,33.54,33.54,23.54,-
23-Jul-21,33.69,33.69,33.69,33.69,23.65,-
26-Jul-21,33.64,33.64,33.64,33.64,23.61,-
27-Jul-21,33.51,33.51,33.51,33.51,23.52,-
28-Jul-21,33.67,33.67,33.67,33.67,23.63,-
29-Jul-21,33.76,33.76,33.76,33.76,23.7,-
30-Jul-21,33.64,33.64,33.64,33.64,23.61,-
2-Aug-21,33.7,33.7,33.7,33.7,23.66,-
3-Aug-21,33.86,33.86,33.86,33.86,23.77,-
4-Aug-21,33.83,33.83,33.83,33.83,23.75,-
5-Aug-21,33.94,33.94,33.94,33.94,23.82,-
6-Aug-21,33.85,33.85,33.85,33.85,23.76,-
9-Aug-21,33.86,33.86,33.86,33.86,23.77,-
10-Aug-21,33.85,33.85,33.85,33.85,23.76,-
11-Aug-21,33.87,33.87,33.87,33.87,23.77,-
12-Aug-21,33.86,33.86,33.86,33.86,23.77,-
13-Aug-21,33.92,33.92,33.92,33.92,23.81,-
16-Aug-21,33.82,33.82,33.82,33.82,23.74,-
17-Aug-21,33.63,33.63,33.63,33.63,23.61,-
18-Aug-21,33.5,33.5,33.5,33.5,23.52,-
19-Aug-21,33.36,33.36,33.36,33.36,23.42,-
20-Aug-21,33.52,33.52,33.52,33.52,23.53,-
23-Aug-21,33.78,33.78,33.78,33.78,23.71,-
24-Aug-21,33.94,33.94,33.94,33.94,23.82,-
25-Aug-21,33.99,33.99,33.99,33.99,23.86,-
26-Aug-21,33.82,33.82,33.82,33.82,23.74,-
27-Aug-21,34.06,34.06,34.06,34.06,23.91,-
30-Aug-21,34.12,34.12,34.12,34.12,23.95,-
31-Aug-21,34.08,34.08,34.08,34.08,23.92,-
1-Sep-21,34.19,34.19,34.19,34.19,24.0,-
2-Sep-21,34.28,34.28,34.28,34.28,24.06,-
3-Sep-21,34.27,34.27,34.27,34.27,24.06,-
7-Sep-21,34.19,34.19,34.19,34.19,24.0,-
8-Sep-21,34.04,34.04,34.04,34.04,23.89,-
9-Sep-21,34.06,34.06,34.06,34.06,23.91,-
10-Sep-21,33.92,33.92,33.92,33.92,23.81,-
13-Sep-21,33.98,33.98,33.98,33.98,23.85,-
14-Sep-21,33.89,33.89,33.89,33.89,23.79,-
15-Sep-21,34.02,34.02,34.02,34.02,23.88,-
16-Sep-21,33.99,33.99,33.99,33.99,23.86,-
17-Sep-21,33.82,33.82,33.82,33.82,23.74,-
20-Sep-21,33.43,33.43,33.43,33.43,23.47,-
21-Sep-21,33.5,33.5,33.5,33.5,23.52,-
22-Sep-21,33.72,33.72,33.72,33.72,23.67,-
23-Sep-21,33.93,33.93,33.93,33.93,23.82,-
24-Sep-21,33.83,33.83,33.83,33.83,23.75,-
27-Sep-21,33.81,33.81,33.81,33.81,23.73,-
28-Sep-21,33.25,33.25,33.25,33.25,23.34,-
29-Sep-21,33.23,33.23,33.23,33.23,23.33,-
30-Sep-21,33.07,33.07,33.07,33.07,23.21,-
1-Oct-21,33.25,33.25,33.25,33.25,23.34,-
4-Oct-21,32.93,32.93,32.93,32.93,23.11,-
5-Oct-21,33.1,33.1,33.1,33.1,23.23,-
6-Oct-21,33.08,33.08,33.08,33.08,23.22,-
7-Oct-21,33.29,33.29,33.29,33.29,23.37,-
8-Oct-21,33.24,33.24,33.24,33.24,23.33,-
11-Oct-21,33.1,33.1,33.1,33.1,23.23,-
12-Oct-21,33.14,33.14,33.14,33.14,23.26,-
13-Oct-21,33.34,33.34,33.34,33.34,23.4,-
14-Oct-21,33.68,33.68,33.68,33.68,23.64,-
15-Oct-21,33.82,33.82,33.82,33.82,23.74,-
18-Oct-21,33.85,33.85,33.85,33.85,23.76,-
19-Oct-21,33.98,33.98,33.98,33.98,23.85,-
20-Oct-21,34.03,34.03,34.03,34.03,23.89,-
21-Oct-21,34.04,34.04,34.04,34.04,23.89,-
22-Oct-21,34.01,34.01,34.01,34.01,23.87,-
25-Oct-21,34.13,34.13,34.13,34.13,23.96,-
26-Oct-21,34.14,34.14,34.14,34.14,23.96,-
27-Oct-21,34.02,34.02,34.02,34.02,23.88,-
28-Oct-21,34.22,34.22,34.22,34.22,24.02,-
29-Oct-21,34.17,34.17,34.17,34.17,23.99,-
1-Nov-21,34.34,34.34,34.34,34.34,24.1,-
2-Nov-21,34.34,34.34,34.34,34.34,24.1,-
3-Nov-21,34.49,34.49,34.49,34.49,24.21,-
4-Nov-21,34.55,34.55,34.55,34.55,24.25,-
5-Nov-21,34.63,34.63,34.63,34.63,24.31,-
8-Nov-21,34.67,34.67,34.67,34.67,24.34,-
9-Nov-21,34.64,34.64,34.64,34.64,24.32,-
10-Nov-21,34.29,34.29,34.29,34.29,24.07,-
11-Nov-21,34.33,34.33,34.33,34.33,24.1,-
12-Nov-21,34.49,34.49,34.49,34.49,24.21,-
15-Nov-21,34.43,34.43,34.43,34.43,24.17,-
16-Nov-21,34.49,34.49,34.49,34.49,24.21,-
17-Nov-21,34.4,34.4,34.4,34.4,24.15,-
18-Nov-21,34.38,34.38,34.38,34.38,24.13,-
19-Nov-21,34.3,34.3,34.3,34.3,24.08,-
22-Nov-21,34.08,34.08,34.08,34.08,23.92,-
23-Nov-21,33.99,33.99,33.99,33.99,23.86,-
24-Nov-21,34.06,34.06,34.06,34.06,23.91,-
26-Nov-21,33.67,33.67,33.67,33.67,23.63,-
29-Nov-21,33.84,33.84,33.84,33.84,23.75,-
30-Nov-21,33.48,33.48,33.48,33.48,23.5,-
1-Dec-21,33.19,33.19,33.19,33.19,23.3,-
2-Dec-21,33.48,33.48,33.48,33.48,23.5,-
3-Dec-21,33.25,33.25,33.25,33.25,23.34,-
6-Dec-21,33.44,33.44,33.44,33.44,23.47,-
7-Dec-21,33.91,33.91,33.91,33.91,23.8,-
8-Dec-21,33.96,33.96,33.96,33.96,23.84,-
9-Dec-21,33.71,33.71,33.71,33.71,23.66,-
10-Dec-21,33.76,33.76,33.76,33.76,23.7,-
13-Dec-21,33.56,33.56,33.56,33.56,23.56,-
14-Dec-21,33.38,33.38,33.38,33.38,23.43,-
15-Dec-21,33.61,33.61,33.61,33.61,23.59,-
16-Dec-21,33.44,33.44,33.44,33.44,23.47,-
17-Dec-21,33.33,33.33,33.33,33.33,23.4,-
20-Dec-21,33.03,33.03,33.03,33.03,23.19,-
21-Dec-21,33.47,33.47,33.47,33.47,23.49,-
22-Dec-21,33.67,33.67,33.67,33.67,23.63,-
23-Dec-21,33.81,33.81,33.81,33.81,23.73,-
27-Dec-21,34.03,34.03,34.03,34.03,23.89,-
28-Dec-21,33.97,33.97,33.97,33.97,23.84,-
29-Dec-21,31.94,31.94,31.94,31.94,23.82,-
30-Dec-21,31.99,31.99,31.99,31.99,23.86,-
31-Dec-21,31.94,31.94,31.94,31.94,23.82,-
3-Jan-22,31.99,31.99,31.99,31.99,23.86,-
4-Jan-22,31.94,31.94,31.94,31.94,23.82,-
5-Jan-22,31.49,31.49,31.49,31.49,23.49,-
6-Jan-22,31.49,31.49,31.49,31.49,23.49,-
7-Jan-22,31.41,31.41,31.41,31.41,23.43,-
10-Jan-22,31.34,31.34,31.34,31.34,23.37,-
11-Jan-22,31.64,31.64,31.64,31.64,23.6,-
12-Jan-22,31.71,31.71,31.71,31.71,23.65,-
13-Jan-22,31.43,31.43,31.43,31.43,23.44,-
14-Jan-22,31.39,31.39,31.39,31.39,23.41,-
18-Jan-22,30.9,30.9,30.9,30.9,23.05,-
19-Jan-22,30.78,30.78,30.78,30.78,22.96,-
20-Jan-22,30.66,30.66,30.66,30.66,22.87,-
21-Jan-22,30.29,30.29,30.29,30.29,22.59,-
24-Jan-22,30.28,30.28,30.28,30.28,22.58,-
25-Jan-22,30.04,30.04,30.04,30.04,22.4,-
26-Jan-22,29.92,29.92,29.92,29.92,22.31,-
27-Jan-22,29.77,29.77,29.77,29.77,22.2,-
28-Jan-22,30.09,30.09,30.09,30.09,22.44,-
31-Jan-22,30.55,30.55,30.55,30.55,22.78,-
1-Feb-22,30.74,30.74,30.74,30.74,22.93,-
2-Feb-22,30.81,30.81,30.81,30.81,22.98,-
3-Feb-22,30.3,30.3,30.3,30.3,22.6,-
4-Feb-22,30.39,30.39,30.39,30.39,22.67,-
7-Feb-22,30.36,30.36,30.36,30.36,22.64,-
8-Feb-22,30.5,30.5,30.5,30.5,22.75,-
9-Feb-22,30.87,30.87,30.87,30.87,23.02,-
10-Feb-22,30.46,30.46,30.46,30.46,22.72,-
11-Feb-22,30.18,30.18,30.18,30.18,22.51,-
14-Feb-22,30,30.0,30.0,30.0,22.37,-
15-Feb-22,30.37,30.37,30.37,30.37,22.65,-
16-Feb-22,30.39,30.39,30.39,30.39,22.67,-
17-Feb-22,29.97,29.97,29.97,29.97,22.35,-
18-Feb-22,29.79,29.79,29.79,29.79,22.22,-
22-Feb-22,29.55,29.55,29.55,29.55,22.04,-
23-Feb-22,29.19,29.19,29.19,29.19,21.77,-
24-Feb-22,29.38,29.38,29.38,29.38,21.91,-
25-Feb-22,29.79,29.79,29.79,29.79,22.22,-
28-Feb-22,29.81,29.81,29.81,29.81,22.23,-
1-Mar-22,29.49,29.49,29.49,29.49,21.99,-
2-Mar-22,29.63,29.63,29.63,29.63,22.1,-
3-Mar-22,29.38,29.38,29.38,29.38,21.91,-
4-Mar-22,29.03,29.03,29.03,29.03,21.65,-
7-Mar-22,28.34,28.34,28.34,28.34,21.14,-
8-Mar-22,28.26,28.26,28.26,28.26,21.08,-
9-Mar-22,28.87,28.87,28.87,28.87,21.53,-
10-Mar-22,28.61,28.61,28.61,28.61,21.34,-
11-Mar-22,28.31,28.31,28.31,28.31,21.11,-
14-Mar-22,28.07,28.07,28.07,28.07,20.93,-
15-Mar-22,28.38,28.38,28.38,28.38,21.17,-
16-Mar-22,29.15,29.15,29.15,29.15,21.74,-
17-Mar-22,29.41,29.41,29.41,29.41,21.93,-
18-Mar-22,29.73,29.73,29.73,29.73,22.17,-
21-Mar-22,29.51,29.51,29.51,29.51,22.01,-
22-Mar-22,29.76,29.76,29.76,29.76,22.2,-
23-Mar-22,29.57,29.57,29.57,29.57,22.05,-
24-Mar-22,29.73,29.73,29.73,29.73,22.17,-
25-Mar-22,29.63,29.63,29.63,29.63,22.1,-
28-Mar-22,29.78,29.78,29.78,29.78,22.21,-
29-Mar-22,30.22,30.22,30.22,30.22,22.54,-
30-Mar-22,30.08,30.08,30.08,30.08,22.43,-
31-Mar-22,29.74,29.74,29.74,29.74,22.18,-
1-Apr-22,29.88,29.88,29.88,29.88,22.28,-
4-Apr-22,30.08,30.08,30.08,30.08,22.43,-
5-Apr-22,29.65,29.65,29.65,29.65,22.11,-
6-Apr-22,29.32,29.32,29.32,29.32,21.87,-
7-Apr-22,29.3,29.3,29.3,29.3,21.85,-
8-Apr-22,29.19,29.19,29.19,29.19,21.77,-
11-Apr-22,28.86,28.86,28.86,28.86,21.52,-
12-Apr-22,28.79,28.79,28.79,28.79,21.47,-
13-Apr-22,29.07,29.07,29.07,29.07,21.68,-
14-Apr-22,28.75,28.75,28.75,28.75,21.44,-
18-Apr-22,28.65,28.65,28.65,28.65,21.37,-
19-Apr-22,28.84,28.84,28.84,28.84,21.51,-
20-Apr-22,28.88,28.88,28.88,28.88,21.54,-
21-Apr-22,28.52,28.52,28.52,28.52,21.27,-
22-Apr-22,28.04,28.04,28.04,28.04,20.91,-
25-Apr-22,28.17,28.17,28.17,28.17,21.01,-
26-Apr-22,27.66,27.66,27.66,27.66,20.63,-
27-Apr-22,27.66,27.66,27.66,27.66,20.63,-
28-Apr-22,28.03,28.03,28.03,28.03,20.91,-
29-Apr-22,27.53,27.53,27.53,27.53,20.53,-
2-May-22,27.56,27.56,27.56,27.56,20.55,-
3-May-22,27.69,27.69,27.69,27.69,20.65,-
4-May-22,28.17,28.17,28.17,28.17,21.01,-
5-May-22,27.38,27.38,27.38,27.38,20.42,-
6-May-22,27.11,27.11,27.11,27.11,20.22,-
9-May-22,26.49,26.49,26.49,26.49,19.76,-
10-May-22,26.6,26.6,26.6,26.6,19.84,-
11-May-22,26.39,26.39,26.39,26.39,19.68,-
12-May-22,26.43,26.43,26.43,26.43,19.71,-
13-May-22,26.91,26.91,26.91,26.91,20.07,-
16-May-22,26.84,26.84,26.84,26.84,20.02,-
17-May-22,27.19,27.19,27.19,27.19,20.28,-
18-May-22,26.63,26.63,26.63,26.63,19.86,-
19-May-22,26.71,26.71,26.71,26.71,19.92,-
20-May-22,26.76,26.76,26.76,26.76,19.96,-
23-May-22,26.98,26.98,26.98,26.98,20.12,-
24-May-22,26.8,26.8,26.8,26.8,19.99,-
25-May-22,27.02,27.02,27.02,27.02,20.15,-
26-May-22,27.43,27.43,27.43,27.43,20.46,-
27-May-22,27.86,27.86,27.86,27.86,20.78,-
31-May-22,27.72,27.72,27.72,27.72,20.67,-
1-Jun-22,27.54,27.54,27.54,27.54,20.54,-
2-Jun-22,27.92,27.92,27.92,27.92,20.82,-
3-Jun-22,27.59,27.59,27.59,27.59,20.58,-
6-Jun-22,27.61,27.61,27.61,27.61,20.59,-
7-Jun-22,27.8,27.8,27.8,27.8,20.73,-
8-Jun-22,27.65,27.65,27.65,27.65,20.62,-
9-Jun-22,27.18,27.18,27.18,27.18,20.27,-
10-Jun-22,26.58,26.58,26.58,26.58,19.82,-
13-Jun-22,25.67,25.67,25.67,25.67,19.14,-
14-Jun-22,25.57,25.57,25.57,25.57,19.07,-
15-Jun-22,26,26.0,26.0,26.0,19.39,-
16-Jun-22,25.44,25.44,25.44,25.44,18.97,-
17-Jun-22,25.54,25.54,25.54,25.54,19.05,-
21-Jun-22,25.83,25.83,25.83,25.83,19.26,-
22-Jun-22,25.85,25.85,25.85,25.85,19.28,-
23-Jun-22,26.01,26.01,26.01,26.01,19.4,-
24-Jun-22,26.51,26.51,26.51,26.51,19.77,-
27-Jun-22,26.42,26.42,26.42,26.42,19.7,-
28-Jun-22,25.98,25.98,25.98,25.98,19.49,-
29-Jun-22,25.97,25.97,25.97,25.97,19.48,-
30-Jun-22,25.83,25.83,25.83,25.83,19.38,-
1-Jul-22,26.01,26.01,26.01,26.01,19.51,-
5-Jul-22,26.05,26.05,26.05,26.05,19.54,-
6-Jul-22,25.98,25.98,25.98,25.98,19.49,-
7-Jul-22,26.29,26.29,26.29,26.29,19.72,-
8-Jul-22,26.26,26.26,26.26,26.26,19.7,-
11-Jul-22,26.01,26.01,26.01,26.01,19.51,-
12-Jul-22,25.92,25.92,25.92,25.92,19.45,-
13-Jul-22,25.89,25.89,25.89,25.89,19.42,-
14-Jul-22,25.71,25.71,25.71,25.71,19.29,-
15-Jul-22,26.08,26.08,26.08,26.08,19.57,-
18-Jul-22,26.03,26.03,26.03,26.03,19.53,-
19-Jul-22,26.48,26.48,26.48,26.48,19.87,-
20-Jul-22,26.59,26.59,26.59,26.59,19.95,-
21-Jul-22,26.88,26.88,26.88,26.88,20.17,-
22-Jul-22,26.76,26.76,26.76,26.76,20.08,-
25-Jul-22,26.76,26.76,26.76,26.76,20.08,-
26-Jul-22,26.51,26.51,26.51,26.51,19.89,-
27-Jul-22,26.98,26.98,26.98,26.98,20.24,-
28-Jul-22,27.21,27.21,27.21,27.21,20.41,-
29-Jul-22,27.4,27.4,27.4,27.4,20.56,-
1-Aug-22,27.42,27.42,27.42,27.42,20.57,-
2-Aug-22,27.2,27.2,27.2,27.2,20.41,-
3-Aug-22,27.55,27.55,27.55,27.55,20.67,-
4-Aug-22,27.64,27.64,27.64,27.64,20.74,-
5-Aug-22,27.47,27.47,27.47,27.47,20.61,-
8-Aug-22,27.52,27.52,27.52,27.52,20.65,-
9-Aug-22,27.34,27.34,27.34,27.34,20.51,-
10-Aug-22,27.79,27.79,27.79,27.79,20.85,-
11-Aug-22,27.75,27.75,27.75,27.75,20.82,-
12-Aug-22,28.06,28.06,28.06,28.06,21.05,-
15-Aug-22,28.1,28.1,28.1,28.1,21.08,-
16-Aug-22,28.07,28.07,28.07,28.07,21.06,-
17-Aug-22,27.82,27.82,27.82,27.82,20.87,-
18-Aug-22,27.84,27.84,27.84,27.84,20.89,-
19-Aug-22,27.48,27.48,27.48,27.48,20.62,-
22-Aug-22,27.06,27.06,27.06,27.06,20.3,-
23-Aug-22,27.04,27.04,27.04,27.04,20.29,-
24-Aug-22,27.1,27.1,27.1,27.1,20.33,-
25-Aug-22,27.42,27.42,27.42,27.42,20.57,-
26-Aug-22,26.86,26.86,26.86,26.86,20.15,-
29-Aug-22,26.72,26.72,26.72,26.72,20.05,-
30-Aug-22,26.56,26.56,26.56,26.56,19.93,-
31-Aug-22,26.41,26.41,26.41,26.41,19.81,-
1-Sep-22,26.26,26.26,26.26,26.26,19.7,-
2-Sep-22,26.17,26.17,26.17,26.17,19.63,-
6-Sep-22,25.98,25.98,25.98,25.98,19.49,-
7-Sep-22,26.32,26.32,26.32,26.32,19.75,-
8-Sep-22,26.41,26.41,26.41,26.41,19.81,-
9-Sep-22,26.74,26.74,26.74,26.74,20.06,-
12-Sep-22,26.94,26.94,26.94,26.94,20.21,-
13-Sep-22,26.18,26.18,26.18,26.18,19.64,-
14-Sep-22,26.25,26.25,26.25,26.25,19.69,-
15-Sep-22,26.08,26.08,26.08,26.08,19.57,-
16-Sep-22,25.87,25.87,25.87,25.87,19.41,-
19-Sep-22,25.95,25.95,25.95,25.95,19.47,-
20-Sep-22,25.68,25.68,25.68,25.68,19.27,-
21-Sep-22,25.45,25.45,25.45,25.45,19.09,-
22-Sep-22,25.14,25.14,25.14,25.14,18.86,-
23-Sep-22,24.75,24.75,24.75,24.75,18.57,-
26-Sep-22,24.43,24.43,24.43,24.43,18.33,-
27-Sep-22,24.38,24.38,24.38,24.38,18.29,-
28-Sep-22,24.88,24.88,24.88,24.88,18.67,-
29-Sep-22,24.51,24.51,24.51,24.51,18.39,-
30-Sep-22,24.34,24.34,24.34,24.34,18.26,-
3-Oct-22,24.78,24.78,24.78,24.78,18.59,-
4-Oct-22,25.42,25.42,25.42,25.42,19.07,-
5-Oct-22,25.31,25.31,25.31,25.31,18.99,-
6-Oct-22,25.14,25.14,25.14,25.14,18.86,-
7-Oct-22,24.67,24.67,24.67,24.67,18.51,-
10-Oct-22,24.46,24.46,24.46,24.46,18.35,-
11-Oct-22,24.29,24.29,24.29,24.29,18.22,-
12-Oct-22,24.27,24.27,24.27,24.27,18.21,-
13-Oct-22,24.54,24.54,24.54,24.54,18.41,-
14-Oct-22,24.15,24.15,24.15,24.15,18.12,-
17-Oct-22,24.6,24.6,24.6,24.6,18.46,-
18-Oct-22,24.78,24.78,24.78,24.78,18.59,-
19-Oct-22,24.5,24.5,24.5,24.5,18.38,-
20-Oct-22,24.36,24.36,24.36,24.36,18.28,-
21-Oct-22,24.68,24.68,24.68,24.68,18.52,-
24-Oct-22,24.72,24.72,24.72,24.72,18.55,-
25-Oct-22,25.13,25.13,25.13,25.13,18.85,-
26-Oct-22,25.18,25.18,25.18,25.18,18.89,-
27-Oct-22,25.14,25.14,25.14,25.14,18.86,-
28-Oct-22,25.37,25.37,25.37,25.37,19.03,-
31-Oct-22,25.23,25.23,25.23,25.23,18.93,-
1-Nov-22,25.32,25.32,25.32,25.32,19.0,-
2-Nov-22,24.91,24.91,24.91,24.91,18.69,-
3-Nov-22,24.75,24.75,24.75,24.75,18.57,-
4-Nov-22,25.06,25.06,25.06,25.06,18.8,-
7-Nov-22,25.15,25.15,25.15,25.15,18.87,-
8-Nov-22,25.29,25.29,25.29,25.29,18.97,-
9-Nov-22,24.97,24.97,24.97,24.97,18.73,-
10-Nov-22,26.08,26.08,26.08,26.08,19.57,-
11-Nov-22,26.35,26.35,26.35,26.35,19.77,-
14-Nov-22,26.21,26.21,26.21,26.21,19.66,-
15-Nov-22,26.51,26.51,26.51,26.51,19.89,-
16-Nov-22,26.36,26.36,26.36,26.36,19.78,-
17-Nov-22,26.27,26.27,26.27,26.27,19.71,-
18-Nov-22,26.29,26.29,26.29,26.29,19.72,-
21-Nov-22,26.16,26.16,26.16,26.16,19.63,-
22-Nov-22,26.41,26.41,26.41,26.41,19.81,-
23-Nov-22,26.59,26.59,26.59,26.59,19.95,-
25-Nov-22,26.61,26.61,26.61,26.61,19.96,-
28-Nov-22,26.36,26.36,26.36,26.36,19.78,-
29-Nov-22,26.34,26.34,26.34,26.34,19.76,-
30-Nov-22,26.95,26.95,26.95,26.95,20.22,-
1-Dec-22,27.08,27.08,27.08,27.08,20.32,-
2-Dec-22,27.15,27.15,27.15,27.15,20.37,-
5-Dec-22,26.74,26.74,26.74,26.74,20.06,-
6-Dec-22,26.59,26.59,26.59,26.59,19.95,-
7-Dec-22,26.62,26.62,26.62,26.62,19.97,-
8-Dec-22,26.75,26.75,26.75,26.75,20.07,-
9-Dec-22,26.57,26.57,26.57,26.57,19.93,-
12-Dec-22,26.74,26.74,26.74,26.74,20.06,-
13-Dec-22,26.98,26.98,26.98,26.98,20.24,-
14-Dec-22,26.95,26.95,26.95,26.95,20.22,-
15-Dec-22,26.52,26.52,26.52,26.52,19.9,-
16-Dec-22,26.32,26.32,26.32,26.32,19.75,-
19-Dec-22,26.12,26.12,26.12,26.12,19.6,-
20-Dec-22,26.08,26.08,26.08,26.08,19.57,-
21-Dec-22,26.33,26.33,26.33,26.33,19.75,-
22-Dec-22,26.1,26.1,26.1,26.1,19.58,-
23-Dec-22,26.11,26.11,26.11,26.11,19.59,-
27-Dec-22,26,26.0,26.0,26.0,19.51,-
28-Dec-22,23.92,23.92,23.92,23.92,19.33,-
29-Dec-22,24.27,24.27,24.27,24.27,19.61,-
30-Dec-22,24.16,24.16,24.16,24.16,19.52,-
3-Jan-23,24.2,24.2,24.2,24.2,19.55,-
4-Jan-23,24.48,24.48,24.48,24.48,19.78,-
5-Jan-23,24.34,24.34,24.34,24.34,19.67,-
6-Jan-23,24.77,24.77,24.77,24.77,20.01,-
9-Jan-23,24.88,24.88,24.88,24.88,20.1,-
10-Jan-23,24.97,24.97,24.97,24.97,20.18,-
11-Jan-23,25.22,25.22,25.22,25.22,20.38,-
12-Jan-23,25.43,25.43,25.43,25.43,20.55,-
13-Jan-23,25.5,25.5,25.5,25.5,20.6,-
17-Jan-23,25.47,25.47,25.47,25.47,20.58,-
18-Jan-23,25.4,25.4,25.4,25.4,20.52,-
19-Jan-23,25.27,25.27,25.27,25.27,20.42,-
20-Jan-23,25.51,25.51,25.51,25.51,20.61,-
23-Jan-23,25.69,25.69,25.69,25.69,20.76,-
24-Jan-23,25.69,25.69,25.69,25.69,20.76,-
25-Jan-23,25.74,25.74,25.74,25.74,20.8,-
26-Jan-23,25.89,25.89,25.89,25.89,20.92,-
27-Jan-23,25.93,25.93,25.93,25.93,20.95,-
30-Jan-23,25.66,25.66,25.66,25.66,20.73,-
31-Jan-23,25.9,25.9,25.9,25.9,20.93,-
1-Feb-23,26.19,26.19,26.19,26.19,21.16,-
2-Feb-23,26.41,26.41,26.41,26.41,21.34,-
3-Feb-23,26.11,26.11,26.11,26.11,21.1,-
6-Feb-23,25.89,25.89,25.89,25.89,20.92,-
7-Feb-23,26.06,26.06,26.06,26.06,21.06,-
8-Feb-23,25.9,25.9,25.9,25.9,20.93,-
9-Feb-23,25.77,25.77,25.77,25.77,20.82,-
10-Feb-23,25.64,25.64,25.64,25.64,20.72,-
13-Feb-23,25.86,25.86,25.86,25.86,20.89,-
14-Feb-23,25.88,25.88,25.88,25.88,20.91,-
15-Feb-23,25.93,25.93,25.93,25.93,20.95,-
16-Feb-23,25.68,25.68,25.68,25.68,20.75,-
17-Feb-23,25.62,25.62,25.62,25.62,20.7,-
21-Feb-23,25.2,25.2,25.2,25.2,20.36,-
22-Feb-23,25.19,25.19,25.19,25.19,20.35,-
23-Feb-23,25.3,25.3,25.3,25.3,20.44,-
24-Feb-23,25,25.0,25.0,25.0,20.2,-
27-Feb-23,25.11,25.11,25.11,25.11,20.29,-
28-Feb-23,25.07,25.07,25.07,25.07,20.26,-
1-Mar-23,25.03,25.03,25.03,25.03,20.22,-
2-Mar-23,25.1,25.1,25.1,25.1,20.28,-
3-Mar-23,25.43,25.43,25.43,25.43,20.55,-
6-Mar-23,25.37,25.37,25.37,25.37,20.5,-
7-Mar-23,25.11,25.11,25.11,25.11,20.29,-
8-Mar-23,25.12,25.12,25.12,25.12,20.3,-
9-Mar-23,24.84,24.84,24.84,24.84,20.07,-
10-Mar-23,24.69,24.69,24.69,24.69,19.95,-
13-Mar-23,24.66,24.66,24.66,24.66,19.92,-
14-Mar-23,24.86,24.86,24.86,24.86,20.09,-
15-Mar-23,24.68,24.68,24.68,24.68,19.94,-
16-Mar-23,24.94,24.94,24.94,24.94,20.15,-
17-Mar-23,24.84,24.84,24.84,24.84,20.07,-
20-Mar-23,24.93,24.93,24.93,24.93,20.14,-
21-Mar-23,25.18,25.18,25.18,25.18,20.34,-
22-Mar-23,25.06,25.06,25.06,25.06,20.25,-
23-Mar-23,25.15,25.15,25.15,25.15,20.32,-
24-Mar-23,25.16,25.16,25.16,25.16,20.33,-
27-Mar-23,25.12,25.12,25.12,25.12,20.3,-
28-Mar-23,25.12,25.12,25.12,25.12,20.3,-
29-Mar-23,25.36,25.36,25.36,25.36,20.49,-
30-Mar-23,25.52,25.52,25.52,25.52,20.62,-
31-Mar-23,25.77,25.77,25.77,25.77,20.82,-
3-Apr-23,25.85,25.85,25.85,25.85,20.89,-
4-Apr-23,25.81,25.81,25.81,25.81,20.85,-
5-Apr-23,25.73,25.73,25.73,25.73,20.79,-
6-Apr-23,25.78,25.78,25.78,25.78,20.83,-
10-Apr-23,25.74,25.74,25.74,25.74,20.8,-
11-Apr-23,25.81,25.81,25.81,25.81,20.85,-
12-Apr-23,25.74,25.74,25.74,25.74,20.8,-
13-Apr-23,25.96,25.96,25.96,25.96,20.98,-
14-Apr-23,25.86,25.86,25.86,25.86,20.89,-
17-Apr-23,25.86,25.86,25.86,25.86,20.89,-
18-Apr-23,25.9,25.9,25.9,25.9,20.93,-
19-Apr-23,25.84,25.84,25.84,25.84,20.88,-
20-Apr-23,25.79,25.79,25.79,25.79,20.84,-
21-Apr-23,25.8,25.8,25.8,25.8,20.85,-
24-Apr-23,25.84,25.84,25.84,25.84,20.88,-
25-Apr-23,25.59,25.59,25.59,25.59,20.68,-
26-Apr-23,25.52,25.52,25.52,25.52,20.62,-
27-Apr-23,25.74,25.74,25.74,25.74,20.8,-
28-Apr-23,25.92,25.92,25.92,25.92,20.94,-
1-May-23,25.79,25.79,25.79,25.79,20.84,-
2-May-23,25.68,25.68,25.68,25.68,20.75,-
3-May-23,25.65,25.65,25.65,25.65,20.72,-
4-May-23,25.54,25.54,25.54,25.54,20.64,-
5-May-23,25.81,25.81,25.81,25.81,20.85,-
8-May-23,25.77,25.77,25.77,25.77,20.82,-
9-May-23,25.67,25.67,25.67,25.67,20.74,-
10-May-23,25.8,25.8,25.8,25.8,20.85,-
11-May-23,25.8,25.8,25.8,25.8,20.85,-
12-May-23,25.7,25.7,25.7,25.7,20.76,-
15-May-23,25.82,25.82,25.82,25.82,20.86,-
16-May-23,25.67,25.67,25.67,25.67,20.74,-
17-May-23,25.84,25.84,25.84,25.84,20.88,-
18-May-23,25.91,25.91,25.91,25.91,20.93,-
19-May-23,25.88,25.88,25.88,25.88,20.91,-
22-May-23,25.95,25.95,25.95,25.95,20.97,-
23-May-23,25.74,25.74,25.74,25.74,20.8,-
24-May-23,25.55,25.55,25.55,25.55,20.64,-
25-May-23,25.58,25.58,25.58,25.58,20.67,-
26-May-23,25.81,25.81,25.81,25.81,20.85,-
30-May-23,25.82,25.82,25.82,25.82,20.86,-
31-May-23,25.73,25.73,25.73,25.73,20.79,-
1-Jun-23,25.96,25.96,25.96,25.96,20.98,-
2-Jun-23,26.18,26.18,26.18,26.18,21.15,-
5-Jun-23,26.14,26.14,26.14,26.14,21.12,-
6-Jun-23,26.24,26.24,26.24,26.24,21.2,-
7-Jun-23,26.09,26.09,26.09,26.09,21.08,-
8-Jun-23,26.23,26.23,26.23,26.23,21.19,-
9-Jun-23,26.22,26.22,26.22,26.22,21.19,-
12-Jun-23,26.4,26.4,26.4,26.4,21.33,-
13-Jun-23,26.5,26.5,26.5,26.5,21.41,-
14-Jun-23,26.52,26.52,26.52,26.52,21.43,-
15-Jun-23,26.79,26.79,26.79,26.79,21.65,-
16-Jun-23,26.7,26.7,26.7,26.7,21.57,-
20-Jun-23,26.58,26.58,26.58,26.58,21.48,-
21-Jun-23,26.5,26.5,26.5,26.5,21.41,-
22-Jun-23,26.47,26.47,26.47,26.47,21.39,-
23-Jun-23,26.33,26.33,26.33,26.33,21.27,-
26-Jun-23,26.29,26.29,26.29,26.29,21.24,-
27-Jun-23,26.48,26.48,26.48,26.48,21.4,-
28-Jun-23,26.32,26.32,26.32,26.32,21.43,-
29-Jun-23,26.27,26.27,26.27,26.27,21.39,-
30-Jun-23,26.5,26.5,26.5,26.5,21.58,-
3-Jul-23,26.51,26.51,26.51,26.51,21.59,-
5-Jul-23,26.38,26.38,26.38,26.38,21.48,-
6-Jul-23,26.08,26.08,26.08,26.08,21.24,-
7-Jul-23,26.12,26.12,26.12,26.12,21.27,-
10-Jul-23,26.12,26.12,26.12,26.12,21.27,-
11-Jul-23,26.41,26.41,26.41,26.41,21.51,-
12-Jul-23,26.7,26.7,26.7,26.7,21.74,-
13-Jul-23,26.98,26.98,26.98,26.98,21.97,-
14-Jul-23,26.86,26.86,26.86,26.86,21.87,-
17-Jul-23,26.95,26.95,26.95,26.95,21.95,-
18-Jul-23,27.08,27.08,27.08,27.08,22.05,-
19-Jul-23,27.15,27.15,27.15,27.15,22.11,-
20-Jul-23,26.93,26.93,26.93,26.93,21.93,-
21-Jul-23,26.95,26.95,26.95,26.95,21.95,-
24-Jul-23,26.97,26.97,26.97,26.97,21.96,-
25-Jul-23,27,27.0,27.0,27.0,21.99,-
26-Jul-23,27.06,27.06,27.06,27.06,22.04,-
27-Jul-23,26.87,26.87,26.87,26.87,21.88,-
28-Jul-23,27.13,27.13,27.13,27.13,22.09,-
31-Jul-23,27.2,27.2,27.2,27.2,22.15,-
1-Aug-23,27.02,27.02,27.02,27.02,22.0,-
2-Aug-23,26.67,26.67,26.67,26.67,21.72,-
3-Aug-23,26.58,26.58,26.58,26.58,21.65,-
4-Aug-23,26.63,26.63,26.63,26.63,21.69,-
7-Aug-23,26.74,26.74,26.74,26.74,21.78,-
8-Aug-23,26.66,26.66,26.66,26.66,21.71,-
9-Aug-23,26.58,26.58,26.58,26.58,21.65,-
10-Aug-23,26.55,26.55,26.55,26.55,21.62,-
11-Aug-23,26.41,26.41,26.41,26.41,21.51,-
14-Aug-23,26.44,26.44,26.44,26.44,21.53,-
15-Aug-23,26.21,26.21,26.21,26.21,21.34,-
16-Aug-23,26.04,26.04,26.04,26.04,21.21,-
17-Aug-23,25.86,25.86,25.86,25.86,21.06,-
18-Aug-23,25.86,25.86,25.86,25.86,21.06,-
21-Aug-23,25.9,25.9,25.9,25.9,21.09,-
22-Aug-23,25.88,25.88,25.88,25.88,21.08,-
23-Aug-23,26.16,26.16,26.16,26.16,21.3,-
24-Aug-23,25.92,25.92,25.92,25.92,21.11,-
25-Aug-23,26,26.0,26.0,26.0,21.17,-
28-Aug-23,26.17,26.17,26.17,26.17,21.31,-
29-Aug-23,26.48,26.48,26.48,26.48,21.56,-
30-Aug-23,26.52,26.52,26.52,26.52,21.6,-
31-Aug-23,26.5,26.5,26.5,26.5,21.58,-
1-Sep-23,26.52,26.52,26.52,26.52,21.6,-
5-Sep-23,26.36,26.36,26.36,26.36,21.47,-
6-Sep-23,26.28,26.28,26.28,26.28,21.4,-
7-Sep-23,26.2,26.2,26.2,26.2,21.34,-
8-Sep-23,26.22,26.22,26.22,26.22,21.35,-
11-Sep-23,26.31,26.31,26.31,26.31,21.43,-
12-Sep-23,26.25,26.25,26.25,26.25,21.38,-
13-Sep-23,26.25,26.25,26.25,26.25,21.38,-
14-Sep-23,26.36,26.36,26.36,26.36,21.47,-
15-Sep-23,26.17,26.17,26.17,26.17,21.31,-
18-Sep-23,26.18,26.18,26.18,26.18,21.32,-
19-Sep-23,26.1,26.1,26.1,26.1,21.25,-
20-Sep-23,25.99,25.99,25.99,25.99,21.16,-
21-Sep-23,25.99,25.99,25.99,25.99,21.16,-
22-Sep-23,25.64,25.64,25.64,25.64,20.88,-
25-Sep-23,25.58,25.58,25.58,25.58,20.83,-
26-Sep-23,25.33,25.33,25.33,25.33,20.63,-
27-Sep-23,25.32,25.32,25.32,25.32,20.62,-
28-Sep-23,25.45,25.45,25.45,25.45,20.72,-
29-Sep-23,25.43,25.43,25.43,25.43,20.71,-
2-Oct-23,25.28,25.28,25.28,25.28,20.59,-
3-Oct-23,24.94,24.94,24.94,24.94,20.31,-
4-Oct-23,25.12,25.12,25.12,25.12,20.46,-
5-Oct-23,25.12,25.12,25.12,25.12,20.46,-
6-Oct-23,25.3,25.3,25.3,25.3,20.6,-
9-Oct-23,25.43,25.43,25.43,25.43,20.71,-
10-Oct-23,25.59,25.59,25.59,25.59,20.84,-
11-Oct-23,25.72,25.72,25.72,25.72,20.94,-
12-Oct-23,25.48,25.48,25.48,25.48,20.75,-
13-Oct-23,25.4,25.4,25.4,25.4,20.68,-
16-Oct-23,25.51,25.51,25.51,25.51,20.77,-
17-Oct-23,25.47,25.47,25.47,25.47,20.74,-
18-Oct-23,25.14,25.14,25.14,25.14,20.47,-
19-Oct-23,24.94,24.94,24.94,24.94,20.31,-
20-Oct-23,24.77,24.77,24.77,24.77,20.17,-
23-Oct-23,24.78,24.78,24.78,24.78,20.18,-
24-Oct-23,24.96,24.96,24.96,24.96,20.33,-
25-Oct-23,24.61,24.61,24.61,24.61,20.04,-
26-Oct-23,24.54,24.54,24.54,24.54,19.98,-
27-Oct-23,24.46,24.46,24.46,24.46,19.92,-
30-Oct-23,24.61,24.61,24.61,24.61,20.04,-
31-Oct-23,24.68,24.68,24.68,24.68,20.1,-
1-Nov-23,24.91,24.91,24.91,24.91,20.29,-
2-Nov-23,25.3,25.3,25.3,25.3,20.6,-
3-Nov-23,25.61,25.61,25.61,25.61,20.86,-
6-Nov-23,25.56,25.56,25.56,25.56,20.81,-
7-Nov-23,25.64,25.64,25.64,25.64,20.88,-
8-Nov-23,25.69,25.69,25.69,25.69,20.92,-
9-Nov-23,25.49,25.49,25.49,25.49,20.76,-
10-Nov-23,25.69,25.69,25.69,25.69,20.92,-
13-Nov-23,25.7,25.7,25.7,25.7,20.93,-
14-Nov-23,25.7,25.7,25.7,25.7,20.93,-
15-Nov-23,26.22,26.22,26.22,26.22,21.35,-
16-Nov-23,26.23,26.23,26.23,26.23,21.36,-
17-Nov-23,26.36,26.36,26.36,26.36,21.47,-
20-Nov-23,26.51,26.51,26.51,26.51,21.59,-
21-Nov-23,26.45,26.45,26.45,26.45,21.54,-
22-Nov-23,26.53,26.53,26.53,26.53,21.6,-
24-Nov-23,26.54,26.54,26.54,26.54,21.61,-
27-Nov-23,26.58,26.58,26.58,26.58,21.65,-
28-Nov-23,26.61,26.61,26.61,26.61,21.67,-
29-Nov-23,26.71,26.71,26.71,26.71,21.75,-
30-Nov-23,26.72,26.72,26.72,26.72,21.76,-
1-Dec-23,26.97,26.97,26.97,26.97,21.96,-
4-Dec-23,26.86,26.86,26.86,26.86,21.87,-
5-Dec-23,26.87,26.87,26.87,26.87,21.88,-
6-Dec-23,26.87,26.87,26.87,26.87,21.88,-
7-Dec-23,26.99,26.99,26.99,26.99,21.98,-
8-Dec-23,27.02,27.02,27.02,27.02,22.0,-
11-Dec-23,27.09,27.09,27.09,27.09,22.06,-
12-Dec-23,27.17,27.17,27.17,27.17,22.13,-
13-Dec-23,27.56,27.56,27.56,27.56,22.44,-
14-Dec-23,27.83,27.83,27.83,27.83,22.66,-
15-Dec-23,27.75,27.75,27.75,27.75,22.6,-
18-Dec-23,27.76,27.76,27.76,27.76,22.61,-
19-Dec-23,27.93,27.93,27.93,27.93,22.74,-
20-Dec-23,27.68,27.68,27.68,27.68,22.54,-
21-Dec-23,27.91,27.91,27.91,27.91,22.73,-
22-Dec-23,27.92,27.92,27.92,27.92,22.74,-
26-Dec-23,28.03,28.03,28.03,28.03,22.83,-
27-Dec-23,26.95,26.95,26.95,26.95,22.95,-
28-Dec-23,26.92,26.92,26.92,26.92,22.93,-
29-Dec-23,26.85,26.85,26.85,26.85,22.87,-
2-Jan-24,26.65,26.65,26.65,26.65,22.7,-
3-Jan-24,26.46,26.46,26.46,26.46,22.53,-
4-Jan-24,26.38,26.38,26.38,26.38,22.47,-
5-Jan-24,26.38,26.38,26.38,26.38,22.47,-
8-Jan-24,26.66,26.66,26.66,26.66,22.71,-
9-Jan-24,26.58,26.58,26.58,26.58,22.64,-
10-Jan-24,26.64,26.64,26.64,26.64,22.69,-
11-Jan-24,26.69,26.69,26.69,26.69,22.73,-
12-Jan-24,26.71,26.71,26.71,26.71,22.75,-
16-Jan-24,26.49,26.49,26.49,26.49,22.56,-
17-Jan-24,26.31,26.31,26.31,26.31,22.41,-
18-Jan-24,26.43,26.43,26.43,26.43,22.51,-
19-Jan-24,26.61,26.61,26.61,26.61,22.66,-
22-Jan-24,26.68,26.68,26.68,26.68,22.72,-
23-Jan-24,26.69,26.69,26.69,26.69,22.73,-
24-Jan-24,26.72,26.72,26.72,26.72,22.76,-
25-Jan-24,26.84,26.84,26.84,26.84,22.86,-
26-Jan-24,26.86,26.86,26.86,26.86,22.88,-
29-Jan-24,27.03,27.03,27.03,27.03,23.02,-
30-Jan-24,26.99,26.99,26.99,26.99,22.99,-
31-Jan-24,26.78,26.78,26.78,26.78,22.81,-
1-Feb-24,27.03,27.03,27.03,27.03,23.02,-
2-Feb-24,27,27.0,27.0,27.0,22.99,-
5-Feb-24,26.86,26.86,26.86,26.86,22.88,-
6-Feb-24,26.99,26.99,26.99,26.99,22.99,-
7-Feb-24,27.07,27.07,27.07,27.07,23.05,-
8-Feb-24,27.1,27.1,27.1,27.1,23.08,-
9-Feb-24,27.2,27.2,27.2,27.2,23.16,-
12-Feb-24,27.23,27.23,27.23,27.23,23.19,-
13-Feb-24,26.82,26.82,26.82,26.82,22.84,-
14-Feb-24,27.08,27.08,27.08,27.08,23.06,-
15-Feb-24,27.27,27.27,27.27,27.27,23.22,-
16-Feb-24,27.18,27.18,27.18,27.18,23.15,-
20-Feb-24,27.09,27.09,27.09,27.09,23.07,-
21-Feb-24,27.07,27.07,27.07,27.07,23.05,-
22-Feb-24,27.39,27.39,27.39,27.39,23.33,-
23-Feb-24,27.41,27.41,27.41,27.41,23.34,-
26-Feb-24,27.37,27.37,27.37,27.37,23.31,-
27-Feb-24,27.4,27.4,27.4,27.4,23.34,-
28-Feb-24,27.34,27.34,27.34,27.34,23.28,-
29-Feb-24,27.43,27.43,27.43,27.43,23.36,-
1-Mar-24,27.64,27.64,27.64,27.64,23.54,-
4-Mar-24,27.61,27.61,27.61,27.61,23.51,-
5-Mar-24,27.5,27.5,27.5,27.5,23.42,-
6-Mar-24,27.66,27.66,27.66,27.66,23.56,-
7-Mar-24,27.87,27.87,27.87,27.87,23.74,-
8-Mar-24,27.77,27.77,27.77,27.77,23.65,-
11-Mar-24,27.74,27.74,27.74,27.74,23.62,-
12-Mar-24,27.9,27.9,27.9,27.9,23.76,-
13-Mar-24,27.87,27.87,27.87,27.87,23.74,-
14-Mar-24,27.68,27.68,27.68,27.68,23.57,-
15-Mar-24,27.56,27.56,27.56,27.56,23.47,-
18-Mar-24,27.61,27.61,27.61,27.61,23.51,-
19-Mar-24,27.7,27.7,27.7,27.7,23.59,-
20-Mar-24,27.9,27.9,27.9,27.9,23.76,-
21-Mar-24,27.99,27.99,27.99,27.99,23.84,-
22-Mar-24,27.97,27.97,27.97,27.97,23.82,-
25-Mar-24,27.93,27.93,27.93,27.93,23.79,-
26-Mar-24,27.92,27.92,27.92,27.92,23.78,-
27-Mar-24,28.08,28.08,28.08,28.08,23.91,-
28-Mar-24,28.08,28.08,28.08,28.08,23.91,-
1-Apr-24,27.97,27.97,27.97,27.97,23.82,-
2-Apr-24,27.83,27.83,27.83,27.83,23.7,-
3-Apr-24,27.89,27.89,27.89,27.89,23.75,-
4-Apr-24,27.73,27.73,27.73,27.73,23.62,-
5-Apr-24,27.83,27.83,27.83,27.83,23.7,-
8-Apr-24,27.87,27.87,27.87,27.87,23.74,-
9-Apr-24,27.95,27.95,27.95,27.95,23.8,-
10-Apr-24,27.62,27.62,27.62,27.62,23.52,-
11-Apr-24,27.69,27.69,27.69,27.69,23.58,-
12-Apr-24,27.4,27.4,27.4,27.4,23.34,-
15-Apr-24,27.15,27.15,27.15,27.15,23.12,-
16-Apr-24,27.05,27.05,27.05,27.05,23.04,-
17-Apr-24,27.02,27.02,27.02,27.02,23.01,-
18-Apr-24,26.94,26.94,26.94,26.94,22.94,-
19-Apr-24,26.84,26.84,26.84,26.84,22.86,-
22-Apr-24,27.03,27.03,27.03,27.03,23.02,-
23-Apr-24,27.3,27.3,27.3,27.3,23.25,-
24-Apr-24,27.26,27.26,27.26,27.26,23.22,-
25-Apr-24,27.14,27.14,27.14,27.14,23.11,-
26-Apr-24,27.35,27.35,27.35,27.35,23.29,-
29-Apr-24,27.45,27.45,27.45,27.45,23.38,-
30-Apr-24,27.14,27.14,27.14,27.14,23.11,-
1-May-24,27.16,27.16,27.16,27.16,23.13,-
2-May-24,27.42,27.42,27.42,27.42,23.35,-
3-May-24,27.67,27.67,27.67,27.67,23.57,-
6-May-24,27.87,27.87,27.87,27.87,23.74,-
7-May-24,27.9,27.9,27.9,27.9,23.76,-
8-May-24,27.83,27.83,27.83,27.83,23.7,-
9-May-24,27.96,27.96,27.96,27.96,23.81,-
10-May-24,27.94,27.94,27.94,27.94,23.8,-
13-May-24,27.97,27.97,27.97,27.97,23.82,-
14-May-24,28.11,28.11,28.11,28.11,23.94,-
15-May-24,28.39,28.39,28.39,28.39,24.18,-
16-May-24,28.31,28.31,28.31,28.31,24.11,-
17-May-24,28.31,28.31,28.31,28.31,24.11,-
20-May-24,28.34,28.34,28.34,28.34,24.14,-
21-May-24,28.34,28.34,28.34,28.34,24.14,-
22-May-24,28.27,28.27,28.27,28.27,24.08,-
23-May-24,28.1,28.1,28.1,28.1,23.93,-
24-May-24,28.22,28.22,28.22,28.22,24.03,-
28-May-24,28.15,28.15,28.15,28.15,23.97,-
29-May-24,27.92,27.92,27.92,27.92,23.78,-
30-May-24,27.93,27.93,27.93,27.93,23.79,-
31-May-24,28.07,28.07,28.07,28.07,23.91,-
3-Jun-24,28.15,28.15,28.15,28.15,23.97,-
4-Jun-24,28.17,28.17,28.17,28.17,23.99,-
5-Jun-24,28.42,28.42,28.42,28.42,24.2,-
6-Jun-24,28.43,28.43,28.43,28.43,24.21,-
7-Jun-24,28.23,28.23,28.23,28.23,24.04,-
10-Jun-24,28.27,28.27,28.27,28.27,24.08,-
11-Jun-24,28.26,28.26,28.26,28.26,24.07,-
12-Jun-24,28.49,28.49,28.49,28.49,24.26,-
13-Jun-24,28.46,28.46,28.46,28.46,24.24,-
14-Jun-24,28.37,28.37,28.37,28.37,24.16,-
17-Jun-24,28.44,28.44,28.44,28.44,24.22,-
18-Jun-24,28.52,28.52,28.52,28.52,24.29,-
20-Jun-24,28.46,28.46,28.46,28.46,24.24,-
21-Jun-24,28.44,28.44,28.44,28.44,24.22,-
24-Jun-24,28.46,28.46,28.46,28.46,24.24,-
25-Jun-24,28.5,28.5,28.5,28.5,24.27,-
26-Jun-24,28.42,28.42,28.42,28.42,24.2,-
27-Jun-24,28.45,28.45,28.45,28.45,24.23,-
28-Jun-24,28.09,28.09,28.09,28.09,24.15,-
1-Jul-24,28.03,28.03,28.03,28.03,24.1,-
2-Jul-24,28.15,28.15,28.15,28.15,24.2,-
3-Jul-24,28.31,28.31,28.31,28.31,24.34,-
5-Jul-24,28.31,28.31,28.31,28.31,24.34,-
8-Jul-24,28.46,28.46,28.46,28.46,24.47,-
9-Jul-24,28.45,28.45,28.45,28.45,24.46,-
10-Jul-24,28.64,28.64,28.64,28.64,24.62,-
11-Jul-24,28.68,28.68,28.68,28.68,24.66,-
12-Jul-24,28.85,28.85,28.85,28.85,24.8,-
15-Jul-24,28.79,28.79,28.79,28.79,24.75,-
16-Jul-24,29,29.0,29.0,29.0,24.93,-
17-Jul-24,28.74,28.74,28.74,28.74,24.71,-
18-Jul-24,28.52,28.52,28.52,28.52,24.52,-
19-Jul-24,28.37,28.37,28.37,28.37,24.39,-
22-Jul-24,28.56,28.56,28.56,28.56,24.55,-
23-Jul-24,28.52,28.52,28.52,28.52,24.52,-
24-Jul-24,28.11,28.11,28.11,28.11,24.17,-
25-Jul-24,28.08,28.08,28.08,28.08,24.14,-
26-Jul-24,28.34,28.34,28.34,28.34,24.36,-
29-Jul-24,28.34,28.34,28.34,28.34,24.36,-
30-Jul-24,28.31,28.31,28.31,28.31,24.34,-
31-Jul-24,28.62,28.62,28.62,28.62,24.6,-
1-Aug-24,28.31,28.31,28.31,28.31,24.34,-
2-Aug-24,28.05,28.05,28.05,28.05,24.11,-
5-Aug-24,27.6,27.6,27.6,27.6,23.73,-
6-Aug-24,27.68,27.68,27.68,27.68,23.8,-
7-Aug-24,27.58,27.58,27.58,27.58,23.71,-
8-Aug-24,27.97,27.97,27.97,27.97,24.05,-
9-Aug-24,28.09,28.09,28.09,28.09,24.15,-
12-Aug-24,28.08,28.08,28.08,28.08,24.14,-
13-Aug-24,28.42,28.42,28.42,28.42,24.43,-
14-Aug-24,28.48,28.48,28.48,28.48,24.48,-
15-Aug-24,28.76,28.76,28.76,28.76,24.72,-
16-Aug-24,28.76,28.76,28.76,28.76,24.72,-
19-Aug-24,29.05,29.05,29.05,29.05,24.97,-
20-Aug-24,29,29.0,29.0,29.0,24.93,-
21-Aug-24,29.15,29.15,29.15,29.15,25.06,-
22-Aug-24,28.95,28.95,28.95,28.95,24.89,-
23-Aug-24,29.25,29.25,29.25,29.25,25.15,-
26-Aug-24,29.15,29.15,29.15,29.15,25.06,-
27-Aug-24,29.18,29.18,29.18,29.18,25.09,-
28-Aug-24,29.05,29.05,29.05,29.05,24.97,-
29-Aug-24,29.09,29.09,29.09,29.09,25.01,-
30-Aug-24,29.19,29.19,29.19,29.19,25.09,-
3-Sep-24,28.84,28.84,28.84,28.84,24.79,-
4-Sep-24,28.86,28.86,28.86,28.86,24.81,-
5-Sep-24,28.86,28.86,28.86,28.86,24.81,-
6-Sep-24,28.54,28.54,28.54,28.54,24.54,-
9-Sep-24,28.74,28.74,28.74,28.74,24.71,-
10-Sep-24,28.78,28.78,28.78,28.78,24.74,-
11-Sep-24,28.94,28.94,28.94,28.94,24.88,-
12-Sep-24,29.05,29.05,29.05,29.05,24.97,-
13-Sep-24,29.18,29.18,29.18,29.18,25.09,-
16-Sep-24,29.26,29.26,29.26,29.26,25.15,-
17-Sep-24,29.27,29.27,29.27,29.27,25.16,-
18-Sep-24,29.2,29.2,29.2,29.2,25.1,-
19-Sep-24,29.56,29.56,29.56,29.56,25.41,-
20-Sep-24,29.44,29.44,29.44,29.44,25.31,-
23-Sep-24,29.48,29.48,29.48,29.48,25.34,-
24-Sep-24,29.62,29.62,29.62,29.62,25.46,-
25-Sep-24,29.49,29.49,29.49,29.49,25.35,-
26-Sep-24,29.72,29.72,29.72,29.72,25.55,-
27-Sep-24,29.73,29.73,29.73,29.73,25.56,-
30-Sep-24,29.7,29.7,29.7,29.7,25.53,-
1-Oct-24,29.6,29.6,29.6,29.6,25.45,-
2-Oct-24,29.6,29.6,29.6,29.6,25.45,-
3-Oct-24,29.45,29.45,29.45,29.45,25.32,-
4-Oct-24,29.56,29.56,29.56,29.56,25.41,-
7-Oct-24,29.41,29.41,29.41,29.41,25.28,-
8-Oct-24,29.44,29.44,29.44,29.44,25.31,-
9-Oct-24,29.51,29.51,29.51,29.51,25.37,-
10-Oct-24,29.48,29.48,29.48,29.48,25.34,-
11-Oct-24,29.63,29.63,29.63,29.63,25.47,-
14-Oct-24,29.71,29.71,29.71,29.71,25.54,-
15-Oct-24,29.51,29.51,29.51,29.51,25.37,-
16-Oct-24,29.62,29.62,29.62,29.62,25.46,-
17-Oct-24,29.56,29.56,29.56,29.56,25.41,-
18-Oct-24,29.66,29.66,29.66,29.66,25.5,-
21-Oct-24,29.46,29.46,29.46,29.46,25.33,-
22-Oct-24,29.42,29.42,29.42,29.42,25.29,-
23-Oct-24,29.23,29.23,29.23,29.23,25.13,-
24-Oct-24,29.31,29.31,29.31,29.31,25.2,-
25-Oct-24,29.28,29.28,29.28,29.28,25.17,-
28-Oct-24,29.36,29.36,29.36,29.36,25.24,-
29-Oct-24,29.39,29.39,29.39,29.39,25.27,-
30-Oct-24,29.3,29.3,29.3,29.3,25.19,-
31-Oct-24,29.01,29.01,29.01,29.01,24.94,-
1-Nov-24,29.02,29.02,29.02,29.02,24.95,-
4-Nov-24,29.07,29.07,29.07,29.07,24.99,-
5-Nov-24,29.3,29.3,29.3,29.3,25.19,-
6-Nov-24,29.51,29.51,29.51,29.51,25.37,-
7-Nov-24,29.74,29.74,29.74,29.74,25.57,-
8-Nov-24,29.72,29.72,29.72,29.72,25.55,-
11-Nov-24,29.77,29.77,29.77,29.77,25.59,-
12-Nov-24,29.56,29.56,29.56,29.56,25.41,-
13-Nov-24,29.51,29.51,29.51,29.51,25.37,-
14-Nov-24,29.4,29.4,29.4,29.4,25.27,-
15-Nov-24,29.14,29.14,29.14,29.14,25.05,-
18-Nov-24,29.25,29.25,29.25,29.25,25.15,-
19-Nov-24,29.31,29.31,29.31,29.31,25.2,-
20-Nov-24,29.31,29.31,29.31,29.31,25.2,-
21-Nov-24,29.4,29.4,29.4,29.4,25.27,-
22-Nov-24,29.5,29.5,29.5,29.5,25.36,-
25-Nov-24,29.74,29.74,29.74,29.74,25.57,-
26-Nov-24,29.72,29.72,29.72,29.72,25.55,-
27-Nov-24,29.73,29.73,29.73,29.73,25.56,-
29-Nov-24,29.87,29.87,29.87,29.87,25.68,-
2-Dec-24,29.93,29.93,29.93,29.93,25.73,-
3-Dec-24,29.91,29.91,29.91,29.91,25.71,-
4-Dec-24,30.08,30.08,30.08,30.08,25.86,-
5-Dec-24,30.05,30.05,30.05,30.05,25.83,-
6-Dec-24,30.12,30.12,30.12,30.12,25.89,-
9-Dec-24,30.05,30.05,30.05,30.05,25.83,-
10-Dec-24,29.9,29.9,29.9,29.9,25.7,-
11-Dec-24,30.01,30.01,30.01,30.01,25.8,-
12-Dec-24,29.83,29.83,29.83,29.83,25.64,-
13-Dec-24,29.74,29.74,29.74,29.74,25.57,-
16-Dec-24,29.77,29.77,29.77,29.77,25.59,-
17-Dec-24,29.68,29.68,29.68,29.68,25.52,-
18-Dec-24,29.06,29.06,29.06,29.06,24.98,-
19-Dec-24,28.95,28.95,28.95,28.95,24.89,-
20-Dec-24,29.12,29.12,29.12,29.12,25.03,-
23-Dec-24,29.2,29.2,29.2,29.2,25.1,-
24-Dec-24,29.35,29.35,29.35,29.35,25.23,-
26-Dec-24,29.37,29.37,29.37,29.37,25.25,-
27-Dec-24,29.2,29.2,29.2,29.2,25.1,-
30-Dec-24,27.54,27.54,27.54,27.54,24.99,-
31-Dec-24,27.48,27.48,27.48,27.48,24.93,-
2-Jan-25,27.45,27.45,27.45,27.45,24.91,-
3-Jan-25,27.62,27.62,27.62,27.62,25.06,-
6-Jan-25,27.74,27.74,27.74,27.74,25.17,-
7-Jan-25,27.59,27.59,27.59,27.59,25.03,-
8-Jan-25,27.6,27.6,27.6,27.6,25.04,-
10-Jan-25,27.29,27.29,27.29,27.29,24.76,-
13-Jan-25,27.27,27.27,27.27,27.27,24.74,-
14-Jan-25,27.33,27.33,27.33,27.33,24.8,-
15-Jan-25,27.7,27.7,27.7,27.7,25.13,-
16-Jan-25,27.76,27.76,27.76,27.76,25.19,-
17-Jan-25,27.89,27.89,27.89,27.89,25.31,-
21-Jan-25,28.17,28.17,28.17,28.17,25.56,-
22-Jan-25,28.2,28.2,28.2,28.2,25.59,-
23-Jan-25,28.28,28.28,28.28,28.28,25.66,-
24-Jan-25,28.31,28.31,28.31,28.31,25.69,-
27-Jan-25,28.22,28.22,28.22,28.22,25.61,-
28-Jan-25,28.33,28.33,28.33,28.33,25.71,-
29-Jan-25,28.28,28.28,28.28,28.28,25.66,-
30-Jan-25,28.44,28.44,28.44,28.44,25.81,-
31-Jan-25,28.29,28.29,28.29,28.29,25.67,-
3-Feb-25,28.11,28.11,28.11,28.11,25.51,-
4-Feb-25,28.33,28.33,28.33,28.33,25.71,-
5-Feb-25,28.48,28.48,28.48,28.48,25.84,-
6-Feb-25,28.5,28.5,28.5,28.5,25.86,-
7-Feb-25,28.33,28.33,28.33,28.33,25.71,-
10-Feb-25,28.44,28.44,28.44,28.44,25.81,-
11-Feb-25,28.42,28.42,28.42,28.42,25.79,-
12-Feb-25,28.36,28.36,28.36,28.36,25.73,-
13-Feb-25,28.62,28.62,28.62,28.62,25.97,-
14-Feb-25,28.68,28.68,28.68,28.68,26.02,-
18-Feb-25,28.72,28.72,28.72,28.72,26.06,-
19-Feb-25,28.69,28.69,28.69,28.69,26.03,-
20-Feb-25,28.68,28.68,28.68,28.68,26.02,-
21-Feb-25,28.44,28.44,28.44,28.44,25.81,-
24-Feb-25,28.36,28.36,28.36,28.36,25.73,-
25-Feb-25,28.39,28.39,28.39,28.39,25.76,-
26-Feb-25,28.47,28.47,28.47,28.47,25.83,-
27-Feb-25,28.17,28.17,28.17,28.17,25.56,-
28-Feb-25,28.36,28.36,28.36,28.36,25.73,-
3-Mar-25,28.15,28.15,28.15,28.15,25.54,-
4-Mar-25,27.96,27.96,27.96,27.96,25.37,-
5-Mar-25,28.25,28.25,28.25,28.25,25.63,-
6-Mar-25,27.93,27.93,27.93,27.93,25.34,-
7-Mar-25,28,28.0,28.0,28.0,25.41,-
10-Mar-25,27.55,27.55,27.55,27.55,25.0,-
11-Mar-25,27.45,27.45,27.45,27.45,24.91,-
12-Mar-25,27.52,27.52,27.52,27.52,24.97,-
13-Mar-25,27.3,27.3,27.3,27.3,24.77,-
14-Mar-25,27.65,27.65,27.65,27.65,25.09,-
17-Mar-25,27.87,27.87,27.87,27.87,25.29,-
18-Mar-25,27.75,27.75,27.75,27.75,25.18,-
19-Mar-25,27.94,27.94,27.94,27.94,25.35,-
20-Mar-25,27.86,27.86,27.86,27.86,25.28,-
21-Mar-25,27.79,27.79,27.79,27.79,25.22,-
24-Mar-25,27.99,27.99,27.99,27.99,25.4,-
25-Mar-25,28.02,28.02,28.02,28.02,25.42,-
26-Mar-25,27.77,27.77,27.77,27.77,25.2,-
27-Mar-25,27.72,27.72,27.72,27.72,25.15,-
28-Mar-25,27.44,27.44,27.44,27.44,24.9,-
31-Mar-25,27.41,27.41,27.41,27.41,24.87,-
1-Apr-25,27.48,27.48,27.48,27.48,24.93,-
2-Apr-25,27.6,27.6,27.6,27.6,25.04,-
3-Apr-25,26.86,26.86,26.86,26.86,24.37,-
4-Apr-25,25.88,25.88,25.88,25.88,23.48,-
7-Apr-25,25.63,25.63,25.63,25.63,23.26,-
8-Apr-25,25.34,25.34,25.34,25.34,22.99,-
9-Apr-25,26.66,26.66,26.66,26.66,24.19,-
10-Apr-25,26.06,26.06,26.06,26.06,23.65,-
11-Apr-25,26.34,26.34,26.34,26.34,23.9,-
14-Apr-25,26.56,26.56,26.56,26.56,24.1,-
15-Apr-25,26.61,26.61,26.61,26.61,24.14,-
16-Apr-25,26.37,26.37,26.37,26.37,23.93,-
17-Apr-25,26.37,26.37,26.37,26.37,23.93,-
21-Apr-25,26.12,26.12,26.12,26.12,23.7,-
22-Apr-25,26.51,26.51,26.51,26.51,24.05,-
23-Apr-25,26.78,26.78,26.78,26.78,24.3,-
24-Apr-25,27.19,27.19,27.19,27.19,24.67,-
25-Apr-25,27.3,27.3,27.3,27.3,24.77,-
28-Apr-25,27.36,27.36,27.36,27.36,24.83,-
29-Apr-25,27.46,27.46,27.46,27.46,24.92,-
30-Apr-25,27.49,27.49,27.49,27.49,24.94,-
1-May-25,27.49,27.49,27.49,27.49,24.94,-
2-May-25,27.78,27.78,27.78,27.78,25.21,-
5-May-25,27.7,27.7,27.7,27.7,25.13,-
6-May-25,27.6,27.6,27.6,27.6,25.04,-
7-May-25,27.6,27.6,27.6,27.6,25.04,-
8-May-25,27.73,27.73,27.73,27.73,25.16,-
9-May-25,27.77,27.77,27.77,27.77,25.2,-
12-May-25,28.26,28.26,28.26,28.26,25.64,-
13-May-25,28.36,28.36,28.36,28.36,25.73,-
14-May-25,28.32,28.32,28.32,28.32,25.7,-
15-May-25,28.46,28.46,28.46,28.46,25.82,-
16-May-25,28.55,28.55,28.55,28.55,25.91,-
19-May-25,28.6,28.6,28.6,28.6,25.95,-
20-May-25,28.57,28.57,28.57,28.57,25.92,-
21-May-25,28.25,28.25,28.25,28.25,25.63,-
22-May-25,28.25,28.25,28.25,28.25,25.63,-
23-May-25,28.18,28.18,28.18,28.18,25.57,-
27-May-25,28.53,28.53,28.53,28.53,25.89,-
28-May-25,28.39,28.39,28.39,28.39,25.76,-
29-May-25,28.49,28.49,28.49,28.49,25.85,-
30-May-25,28.5,28.5,28.5,28.5,25.86,-
2-Jun-25,28.57,28.57,28.57,28.57,25.92,-
3-Jun-25,28.63,28.63,28.63,28.63,25.98,-
4-Jun-25,28.75,28.75,28.75,28.75,26.09,-
5-Jun-25,28.71,28.71,28.71,28.71,26.05,-
6-Jun-25,28.81,28.81,28.81,28.81,26.14,-
9-Jun-25,28.87,28.87,28.87,28.87,26.2,-
10-Jun-25,28.98,28.98,28.98,28.98,26.3,-
11-Jun-25,28.99,28.99,28.99,28.99,26.3,-
12-Jun-25,29.08,29.08,29.08,29.08,26.39,-
13-Jun-25,28.8,28.8,28.8,28.8,26.13,-
16-Jun-25,28.93,28.93,28.93,28.93,26.25,-
17-Jun-25,28.79,28.79,28.79,28.79,26.12,-
18-Jun-25,28.76,28.76,28.76,28.76,26.1,-
20-Jun-25,28.68,28.68,28.68,28.68,26.02,-
23-Jun-25,28.85,28.85,28.85,28.85,26.18,-
24-Jun-25,28.85,28.85,28.85,28.85,26.18,-
25-Jun-25,29.11,29.11,29.11,29.11,26.41,-
26-Jun-25,29.31,29.31,29.31,29.31,26.59,-
27-Jun-25,29.41,29.41,29.41,29.41,26.69,-
30-Jun-25,29.19,29.19,29.19,29.19,26.77,-
1-Jul-25,29.2,29.2,29.2,29.2,26.78,-
2-Jul-25,29.27,29.27,29.27,29.27,26.84,-
3-Jul-25,29.34,29.34,29.34,29.34,26.91,-
7-Jul-25,29.15,29.15,29.15,29.15,26.73,-
8-Jul-25,29.19,29.19,29.19,29.19,26.77,-
9-Jul-25,29.32,29.32,29.32,29.32,26.89,-
10-Jul-25,29.36,29.36,29.36,29.36,26.93,-
11-Jul-25,29.2,29.2,29.2,29.2,26.78,-
14-Jul-25,29.21,29.21,29.21,29.21,26.79,-
15-Jul-25,29.08,29.08,29.08,29.08,26.67,-
16-Jul-25,29.14,29.14,29.14,29.14,26.73,-
17-Jul-25,29.24,29.24,29.24,29.24,26.82,-
18-Jul-25,29.22,29.22,29.22,29.22,26.8,-
21-Jul-25,29.29,29.29,29.29,29.29,26.86,-
22-Jul-25,29.37,29.37,29.37,29.37,26.94,-
23-Jul-25,29.59,29.59,29.59,29.59,27.14,-
24-Jul-25,29.54,29.54,29.54,29.54,27.09,-
25-Jul-25,29.62,29.62,29.62,29.62,27.17,-
28-Jul-25,29.51,29.51,29.51,29.51,27.07,-
29-Jul-25,29.47,29.47,29.47,29.47,27.03,-
30-Jul-25,29.36,29.36,29.36,29.36,26.93,-
31-Jul-25,29.21,29.21,29.21,29.21,26.79,-
1-Aug-25,29.07,29.07,29.07,29.07,26.66,-
4-Aug-25,29.33,29.33,29.33,29.33,26.9,-
5-Aug-25,29.28,29.28,29.28,29.28,26.85,-
6-Aug-25,29.37,29.37,29.37,29.37,26.94,-
7-Aug-25,29.42,29.42,29.42,29.42,26.98,-
8-Aug-25,29.47,29.47,29.47,29.47,27.03,-
11-Aug-25,29.41,29.41,29.41,29.41,26.97,-
12-Aug-25,29.68,29.68,29.68,29.68,27.22,-
13-Aug-25,29.86,29.86,29.86,29.86,27.39,-
14-Aug-25,29.8,29.8,29.8,29.8,27.33,-
15-Aug-25,29.81,29.81,29.81,29.81,27.34,-
18-Aug-25,29.8,29.8,29.8,29.8,27.33,-
19-Aug-25,29.77,29.77,29.77,29.77,27.3,-
20-Aug-25,29.74,29.74,29.74,29.74,27.28,-
21-Aug-25,29.65,29.65,29.65,29.65,27.19,-
22-Aug-25,30.04,30.04,30.04,30.04,27.55,-
25-Aug-25,29.91,29.91,29.91,29.91,27.43,-
26-Aug-25,29.98,29.98,29.98,29.98,27.5,-
27-Aug-25,30,30.0,30.0,30.0,27.51,-
28-Aug-25,30.07,30.07,30.07,30.07,27.58,-
29-Aug-25,29.97,29.97,29.97,29.97,27.49,-
2-Sep-25,29.81,29.81,29.81,29.81,27.34,-
3-Sep-25,29.9,29.9,29.9,29.9,27.42,-
4-Sep-25,30.06,30.06,30.06,30.06,27.57,-
5-Sep-25,30.14,30.14,30.14,30.14,27.64,-
8-Sep-25,30.27,30.27,30.27,30.27,27.76,-
9-Sep-25,30.29,30.29,30.29,30.29,27.78,-
10-Sep-25,30.29,30.29,30.29,30.29,27.78,-
11-Sep-25,30.5,30.5,30.5,30.5,27.97,-
12-Sep-25,30.42,30.42,30.42,30.42,27.9,-
15-Sep-25,30.52,30.52,30.52,30.52,27.99,-
16-Sep-25,30.55,30.55,30.55,30.55,28.02,-
17-Sep-25,30.53,30.53,30.53,30.53,28.0,-
18-Sep-25,30.64,30.64,30.64,30.64,28.1,-
19-Sep-25,30.63,30.63,30.63,30.63,28.09,-
22-Sep-25,30.69,30.69,30.69,30.69,28.15,-
23-Sep-25,30.63,30.63,30.63,30.63,28.09,-
24-Sep-25,30.54,30.54,30.54,30.54,28.01,-
25-Sep-25,30.39,30.39,30.39,30.39,27.87,-
26-Sep-25,30.47,30.47,30.47,30.47,27.95,-
29-Sep-25,30.58,30.58,30.58,30.58,28.05,-
30-Sep-25,30.62,30.62,30.62,30.62,28.08,-
1-Oct-25,30.75,30.75,30.75,30.75,28.2,-
2-Oct-25,30.82,30.82,30.82,30.82,28.27,-
3-Oct-25,30.88,30.88,30.88,30.88,28.32,-
6-Oct-25,30.95,30.95,30.95,30.95,28.39,-
7-Oct-25,30.83,30.83,30.83,30.83,28.28,-
8-Oct-25,30.93,30.93,30.93,30.93,28.37,-
9-Oct-25,30.8,30.8,30.8,30.8,28.25,-
10-Oct-25,30.29,30.29,30.29,30.29,27.78,-
13-Oct-25,30.6,30.6,30.6,30.6,28.06,-
14-Oct-25,30.64,30.64,30.64,30.64,28.1,-
15-Oct-25,30.72,30.72,30.72,30.72,28.17,-
16-Oct-25,30.67,30.67,30.67,30.67,28.13,-
17-Oct-25,30.72,30.72,30.72,30.72,28.17,-
20-Oct-25,30.98,30.98,30.98,30.98,28.41,-
21-Oct-25,30.97,30.97,30.97,30.97,28.4,-
22-Oct-25,30.87,30.87,30.87,30.87,28.31,-
23-Oct-25,30.99,30.99,30.99,30.99,28.42,-
24-Oct-25,31.1,31.1,31.1,31.1,28.52,-
27-Oct-25,31.32,31.32,31.32,31.32,28.73,-
28-Oct-25,31.29,31.29,31.29,31.29,28.7,-
29-Oct-25,31.19,31.19,31.19,31.19,28.61,-
30-Oct-25,31.01,31.01,31.01,31.01,28.44,-
31-Oct-25,31.06,31.06,31.06,31.06,28.49,-
3-Nov-25,31.08,31.08,31.08,31.08,28.5,-
4-Nov-25,30.84,30.84,30.84,30.84,28.28,-
5-Nov-25,30.91,30.91,30.91,30.91,28.35,-
6-Nov-25,30.78,30.78,30.78,30.78,28.23,-
7-Nov-25,30.81,30.81,30.81,30.81,28.26,-
10-Nov-25,31.05,31.05,31.05,31.05,28.48,-
11-Nov-25,31.18,31.18,31.18,31.18,28.6,-
12-Nov-25,31.24,31.24,31.24,31.24,28.65,-
13-Nov-25,30.92,30.92,30.92,30.92,28.36,-
14-Nov-25,30.87,30.87,30.87,30.87,28.31,-
17-Nov-25,30.64,30.64,30.64,30.64,28.1,-
18-Nov-25,30.53,30.53,30.53,30.53,28.0,-
19-Nov-25,30.52,30.52,30.52,30.52,27.99,-
20-Nov-25,30.23,30.23,30.23,30.23,27.73,-
21-Nov-25,30.52,30.52,30.52,30.52,27.99,-
24-Nov-25,30.77,30.77,30.77,30.77,28.22,-
25-Nov-25,31.02,31.02,31.02,31.02,28.45,-
26-Nov-25,31.17,31.17,31.17,31.17,28.59,-
28-Nov-25,31.26,31.26,31.26,31.26,28.67,-
1-Dec-25,31.11,31.11,31.11,31.11,28.53,-
2-Dec-25,31.19,31.19,31.19,31.19,28.61,-
3-Dec-25,31.33,31.33,31.33,31.33,28.73,-
4-Dec-25,31.3,31.3,31.3,31.3,28.71,-
5-Dec-25,31.34,31.34,31.34,31.34,28.74,-
8-Dec-25,31.26,31.26,31.26,31.26,28.67,-
9-Dec-25,31.22,31.22,31.22,31.22,28.63,-
10-Dec-25,31.46,31.46,31.46,31.46,28.85,-
11-Dec-25,31.54,31.54,31.54,31.54,28.93,-
12-Dec-25,31.35,31.35,31.35,31.35,28.75,-
15-Dec-25,31.35,31.35,31.35,31.35,28.75,-
16-Dec-25,31.28,31.28,31.28,31.28,28.69,-
17-Dec-25,31.11,31.11,31.11,31.11,28.53,-
18-Dec-25,31.28,31.28,31.28,31.28,28.69,-
19-Dec-25,31.41,31.41,31.41,31.41,28.81,-
22-Dec-25,31.54,31.54,31.54,31.54,28.93,-
23-Dec-25,29.25,29.25,29.25,29.25,28.98,-
24-Dec-25,29.31,29.31,29.31,29.31,29.04,-
26-Dec-25,29.35,29.35,29.35,29.35,29.08,-
29-Dec-25,29.3,29.3,29.3,29.3,29.03,-
30-Dec-25,29.29,29.29,29.29,29.29,29.02,-
31-Dec-25,29.16,29.16,29.16,29.16,28.9,-
2-Jan-26,29.29,29.29,29.29,29.29,29.02,-
5-Jan-26,29.53,29.53,29.53,29.53,29.26,-
6-Jan-26,29.7,29.7,29.7,29.7,29.43,-
7-Jan-26,29.6,29.6,29.6,29.6,29.33,-
8-Jan-26,29.62,29.62,29.62,29.62,29.35,-
9-Jan-26,29.74,29.74,29.74,29.74,29.47,-
12-Jan-26,29.76,29.76,29.76,29.76,29.49,-
13-Jan-26,29.69,29.69,29.69,29.69,29.42,-
14-Jan-26,29.68,29.68,29.68,29.68,29.41,-
15-Jan-26,29.71,29.71,29.71,29.71,29.44,-
16-Jan-26,29.65,29.65,29.65,29.65,29.38,-
20-Jan-26,29.28,29.28,29.28,29.28,29.01,-
21-Jan-26,29.56,29.56,29.56,29.56,29.29,-
22-Jan-26,29.68,29.68,29.68,29.68,29.41,-
23-Jan-26,29.69,29.69,29.69,29.69,29.42,-
26-Jan-26,29.79,29.79,29.79,29.79,29.52,-
27-Jan-26,29.87,29.87,29.87,29.87,29.6,-
28-Jan-26,29.84,29.84,29.84,29.84,29.57,-
29-Jan-26,29.82,29.82,29.82,29.82,29.55,-
30-Jan-26,29.67,29.67,29.67,29.67,29.4,-
2-Feb-26,29.75,29.75,29.75,29.75,29.48,-
3-Feb-26,29.59,29.59,29.59,29.59,29.32,-
4-Feb-26,29.6,29.6,29.6,29.6,29.33,-
5-Feb-26,29.39,29.39,29.39,29.39,29.12,-
6-Feb-26,29.77,29.77,29.77,29.77,29.5,-
9-Feb-26,29.87,29.87,29.87,29.87,29.6,-
10-Feb-26,29.91,29.91,29.91,29.91,29.64,-
11-Feb-26,29.91,29.91,29.91,29.91,29.64,-
12-Feb-26,29.68,29.68,29.68,29.68,29.41,-
13-Feb-26,29.77,29.77,29.77,29.77,29.5,-
17-Feb-26,29.77,29.77,29.77,29.77,29.5,-
18-Feb-26,29.92,29.92,29.92,29.92,29.65,-
19-Feb-26,29.86,29.86,29.86,29.86,29.59,-
20-Feb-26,29.99,29.99,29.99,29.99,29.72,-
23-Feb-26,29.75,29.75,29.75,29.75,29.48,-
24-Feb-26,29.89,29.89,29.89,29.89,29.62,-
25-Feb-26,30.01,30.01,30.01,30.01,29.74,-
26-Feb-26,30.01,30.01,30.01,30.01,29.74,-
27-Feb-26,29.97,29.97,29.97,29.97,29.7,-
2-Mar-26,29.8,29.8,29.8,29.8,29.53,-
3-Mar-26,29.44,29.44,29.44,29.44,29.17,-
4-Mar-26,29.58,29.58,29.58,29.58,29.31,-
5-Mar-26,29.4,29.4,29.4,29.4,29.13,-
6-Mar-26,29.16,29.16,29.16,29.16,28.9,-
9-Mar-26,29.29,29.29,29.29,29.29,29.02,-
10-Mar-26,29.23,29.23,29.23,29.23,28.96,-
11-Mar-26,29.16,29.16,29.16,29.16,28.9,-
12-Mar-26,28.76,28.76,28.76,28.76,28.5,-
13-Mar-26,28.65,28.65,28.65,28.65,28.39,-
16-Mar-26,28.92,28.92,28.92,28.92,28.66,-
17-Mar-26,29.02,29.02,29.02,29.02,28.76,-
18-Mar-26,28.71,28.71,28.71,28.71,28.45,-
19-Mar-26,28.65,28.65,28.65,28.65,28.39,-
20-Mar-26,28.26,28.26,28.26,28.26,28.0,-
23-Mar-26,28.54,28.54,28.54,28.54,28.28,-
24-Mar-26,28.44,28.44,28.44,28.44,28.18,-
25-Mar-26,28.64,28.64,28.64,28.64,28.38,-
26-Mar-26,28.27,28.27,28.27,28.27,28.01,-
27-Mar-26,27.98,27.98,27.98,27.98,27.73,-
30-Mar-26,27.99,27.99,27.99,27.99,27.74,-
31-Mar-26,28.52,28.52,28.52,28.52,28.26,-
1-Apr-26,28.68,28.68,28.68,28.68,28.42,-
2-Apr-26,28.68,28.68,28.68,28.68,28.42,-
6-Apr-26,28.76,28.76,28.76,28.76,28.5,-
7-Apr-26,28.76,28.76,28.76,28.76,28.5,-
8-Apr-26,29.35,29.35,29.35,29.35,29.08,-
9-Apr-26,29.39,29.39,29.39,29.39,29.12,-
10-Apr-26,29.33,29.33,29.33,29.33,29.06,-
13-Apr-26,29.58,29.58,29.58,29.58,29.31,-
14-Apr-26,29.79,29.79,29.79,29.79,29.52,-
15-Apr-26,29.86,29.86,29.86,29.86,29.59,-
16-Apr-26,29.88,29.88,29.88,29.88,29.61,-
17-Apr-26,30.15,30.15,30.15,30.15,29.88,-
20-Apr-26,30.11,30.11,30.11,30.11,29.84,-
21-Apr-26,29.9,29.9,29.9,29.9,29.63,-
22-Apr-26,30.01,30.01,30.01,30.01,29.74,-
23-Apr-26,29.86,29.86,29.86,29.86,29.59,-
24-Apr-26,29.99,29.99,29.99,29.99,29.72,-
27-Apr-26,29.99,29.99,29.99,29.99,29.72,-
28-Apr-26,29.86,29.86,29.86,29.86,29.59,-
29-Apr-26,29.81,29.81,29.81,29.81,29.54,-
30-Apr-26,30.07,30.07,30.07,30.07,29.8,-
1-May-26,30.1,30.1,30.1,30.1,29.83,-
4-May-26,29.99,29.99,29.99,29.99,29.72,-
5-May-26,30.15,30.15,30.15,30.15,29.88,-
6-May-26,30.52,30.52,30.52,30.52,30.24,-
7-May-26,30.38,30.38,30.38,30.38,30.1,-
8-May-26,30.5,30.5,30.5,30.5,30.22,-
11-May-26,30.42,30.42,30.42,30.42,30.14,-
12-May-26,30.31,30.31,30.31,30.31,30.03,-
13-May-26,30.4,30.4,30.4,30.4,30.12,-
14-May-26,30.46,30.46,30.46,30.46,30.18,-
15-May-26,30.11,30.11,30.11,30.11,29.84,-
18-May-26,30.19,30.19,30.19,30.19,29.92,-
19-May-26,30.04,30.04,30.04,30.04,29.77,-
20-May-26,30.35,30.35,30.35,30.35,30.07,-
21-May-26,30.44,30.44,30.44,30.44,30.16,-
22-May-26,30.51,30.51,30.51,30.51,30.23,-
26-May-26,30.72,30.72,30.72,30.72,30.44,-
27-May-26,30.73,30.73,30.73,30.73,30.45,-
28-May-26,30.86,30.86,30.86,30.86,30.58,-
29-May-26,30.92,30.92,30.92,30.92,30.64,-
1-Jun-26,31.01,31.01,31.01,31.01,30.73,-
2-Jun-26,31.04,31.04,31.04,31.04,30.76,-
3-Jun-26,30.85,30.85,30.85,30.85,30.57,-
4-Jun-26,30.98,30.98,30.98,30.98,30.7,-
5-Jun-26,30.42,30.42,30.42,30.42,30.14,-
8-Jun-26,30.48,30.48,30.48,30.48,30.2,-
9-Jun-26,30.55,30.55,30.55,30.55,30.27,-
10-Jun-26,30.23,30.23,30.23,30.23,29.96,-
11-Jun-26,30.7,30.7,30.7,30.7,30.42,-
12-Jun-26,30.79,30.79,30.79,30.79,30.51,-
15-Jun-26,31.05,31.05,31.05,31.05,30.77,-
16-Jun-26,30.97,30.97,30.97,30.97,30.69,-
17-Jun-26,30.71,30.71,30.71,30.71,30.43,-
18-Jun-26,30.92,30.92,30.92,30.92,30.64,-
22-Jun-26,30.83,30.83,30.83,30.83,30.55,-
23-Jun-26,30.54,30.54,30.54,30.54,30.26,-
24-Jun-26,30.63,30.63,30.63,30.63,30.35,-
25-Jun-26,30.72,30.72,30.72,30.72,30.44,-
26-Jun-26,30.47,30.47,30.47,30.47,30.47,-
29-Jun-26,30.69,30.69,30.69,30.69,30.69,-
30-Jun-26,30.75,30.75,30.75,30.75,30.75,-
1-Jul-26,30.66,30.66,30.66,30.66,30.66,-
2-Jul-26,30.72,30.72,30.72,30.72,30.72,-
06-Jul-26,30.92,30.92,30.92,30.92,30.92,-
07-Jul-26,30.75,30.75,30.75,30.75,30.75,-
08-Jul-26,30.61,30.61,30.61,30.61,30.61,-
09-Jul-26,30.77,30.77,30.77,30.77,30.77,-
10-Jul-26,30.79,30.79,30.79,30.79,30.79,-
13-Jul-26,30.61,30.61,30.61,30.61,30.61,-
14-Jul-26,30.66,30.66,30.66,30.66,30.66,-
15-Jul-26,30.76,30.76,30.76,30.76,30.76,-
16-Jul-26,30.68,30.68,30.68,30.68,30.68,-
17-Jul-26,30.48,30.48,30.48,30.48,30.48,-
20-Jul-26,30.4,30.4,30.4,30.4,30.4,-
21-Jul-26,30.57,30.57,30.57,30.57,30.57,-
22-Jul-26,30.49,30.49,30.49,30.49,30.49,-
23-Jul-26,30.26,30.26,30.26,30.26,30.26,-
24-Jul-26,30.28,30.28,30.28,30.28,30.28,-
27-Jul-26,30.41,30.41,30.41,30.41,30.41,-
28-Jul-26,30.54,30.54,30.54,30.54,30.54,-
29-Jul-26,30.32,30.32,30.32,30.32,30.32,-
30-Jul-26,30.63,30.63,30.63,30.63,30.63,-
31-Jul-26,30.65,30.65,30.65,30.65,30.65,-
03-Aug-26,30.9,30.9,30.9,30.9,30.9,-
04-Aug-26,31.23,31.23,31.23,31.23,31.23,-
05-Aug-26,31.25,31.25,31.25,31.25,31.25,-
06-Aug-26,31.16,31.16,31.16,31.16,31.16,-
