Date,Open,High,Low,Close,Adj Close,Volume
30-Sep-94,10.08,10.08,10.08,10.08,3.42,-
3-Oct-94,10.08,10.08,10.08,10.08,3.42,-
4-Oct-94,9.97,9.97,9.97,9.97,3.39,-
5-Oct-94,9.93,9.93,9.93,9.93,3.37,-
6-Oct-94,9.92,9.92,9.92,9.92,3.37,-
7-Oct-94,9.96,9.96,9.96,9.96,3.38,-
10-Oct-94,10,10.0,10.0,10.0,3.4,-
11-Oct-94,10.09,10.09,10.09,10.09,3.43,-
12-Oct-94,10.08,10.08,10.08,10.08,3.42,-
13-Oct-94,10.11,10.11,10.11,10.11,3.43,-
14-Oct-94,10.13,10.13,10.13,10.13,3.44,-
17-Oct-94,10.13,10.13,10.13,10.13,3.44,-
18-Oct-94,10.11,10.11,10.11,10.11,3.43,-
19-Oct-94,10.12,10.12,10.12,10.12,3.44,-
20-Oct-94,10.06,10.06,10.06,10.06,3.42,-
21-Oct-94,10.04,10.04,10.04,10.04,3.41,-
24-Oct-94,9.99,9.99,9.99,9.99,3.39,-
25-Oct-94,9.98,9.98,9.98,9.98,3.39,-
26-Oct-94,9.99,9.99,9.99,9.99,3.39,-
27-Oct-94,10.03,10.03,10.03,10.03,3.41,-
28-Oct-94,10.12,10.12,10.12,10.12,3.44,-
31-Oct-94,10.12,10.12,10.12,10.12,3.44,-
1-Nov-94,10.07,10.07,10.07,10.07,3.42,-
2-Nov-94,10.04,10.04,10.04,10.04,3.41,-
3-Nov-94,10.04,10.04,10.04,10.04,3.41,-
4-Nov-94,9.97,9.97,9.97,9.97,3.39,-
7-Nov-94,9.97,9.97,9.97,9.97,3.39,-
8-Nov-94,10.01,10.01,10.01,10.01,3.4,-
9-Nov-94,10.01,10.01,10.01,10.01,3.4,-
10-Nov-94,9.98,9.98,9.98,9.98,3.39,-
11-Nov-94,9.96,9.96,9.96,9.96,3.38,-
14-Nov-94,10,10.0,10.0,10.0,3.4,-
15-Nov-94,10.01,10.01,10.01,10.01,3.4,-
16-Nov-94,10,10.0,10.0,10.0,3.4,-
17-Nov-94,9.97,9.97,9.97,9.97,3.39,-
18-Nov-94,9.95,9.95,9.95,9.95,3.38,-
21-Nov-94,9.9,9.9,9.9,9.9,3.36,-
22-Nov-94,9.82,9.82,9.82,9.82,3.33,-
23-Nov-94,9.85,9.85,9.85,9.85,3.34,-
25-Nov-94,9.89,9.89,9.89,9.89,3.36,-
28-Nov-94,9.89,9.89,9.89,9.89,3.36,-
29-Nov-94,9.88,9.88,9.88,9.88,3.35,-
30-Nov-94,9.89,9.89,9.89,9.89,3.36,-
1-Dec-94,9.84,9.84,9.84,9.84,3.34,-
2-Dec-94,9.89,9.89,9.89,9.89,3.36,-
5-Dec-94,9.9,9.9,9.9,9.9,3.36,-
6-Dec-94,9.92,9.92,9.92,9.92,3.37,-
7-Dec-94,9.88,9.88,9.88,9.88,3.35,-
8-Dec-94,9.8,9.8,9.8,9.8,3.33,-
9-Dec-94,9.81,9.81,9.81,9.81,3.33,-
12-Dec-94,9.81,9.81,9.81,9.81,3.33,-
13-Dec-94,9.83,9.83,9.83,9.83,3.34,-
14-Dec-94,9.89,9.89,9.89,9.89,3.36,-
15-Dec-94,9.91,9.91,9.91,9.91,3.36,-
16-Dec-94,9.95,9.95,9.95,9.95,3.38,-
19-Dec-94,9.95,9.95,9.95,9.95,3.38,-
20-Dec-94,9.95,9.95,9.95,9.95,3.38,-
21-Dec-94,9.98,9.98,9.98,9.98,3.39,-
22-Dec-94,9.98,9.98,9.98,9.98,3.39,-
23-Dec-94,10,10.0,10.0,10.0,3.4,-
27-Dec-94,9.87,9.87,9.87,9.87,3.4,-
28-Dec-94,9.87,9.87,9.87,9.87,3.4,-
29-Dec-94,9.87,9.87,9.87,9.87,3.4,-
30-Dec-94,9.86,9.86,9.86,9.86,3.4,-
3-Jan-95,9.83,9.83,9.83,9.83,3.39,-
4-Jan-95,9.87,9.87,9.87,9.87,3.4,-
5-Jan-95,9.85,9.85,9.85,9.85,3.39,-
6-Jan-95,9.86,9.86,9.86,9.86,3.4,-
9-Jan-95,9.84,9.84,9.84,9.84,3.39,-
10-Jan-95,9.87,9.87,9.87,9.87,3.4,-
11-Jan-95,9.88,9.88,9.88,9.88,3.4,-
12-Jan-95,9.88,9.88,9.88,9.88,3.4,-
13-Jan-95,9.95,9.95,9.95,9.95,3.43,-
16-Jan-95,10,10.0,10.0,10.0,3.44,-
17-Jan-95,10,10.0,10.0,10.0,3.44,-
18-Jan-95,9.99,9.99,9.99,9.99,3.44,-
19-Jan-95,9.94,9.94,9.94,9.94,3.42,-
20-Jan-95,9.9,9.9,9.9,9.9,3.41,-
23-Jan-95,9.87,9.87,9.87,9.87,3.4,-
24-Jan-95,9.88,9.88,9.88,9.88,3.4,-
25-Jan-95,9.91,9.91,9.91,9.91,3.41,-
26-Jan-95,9.93,9.93,9.93,9.93,3.42,-
27-Jan-95,9.98,9.98,9.98,9.98,3.44,-
30-Jan-95,9.99,9.99,9.99,9.99,3.44,-
31-Jan-95,10.01,10.01,10.01,10.01,3.45,-
1-Feb-95,10,10.0,10.0,10.0,3.44,-
2-Feb-95,10.03,10.03,10.03,10.03,3.45,-
3-Feb-95,10.13,10.13,10.13,10.13,3.49,-
6-Feb-95,10.16,10.16,10.16,10.16,3.5,-
7-Feb-95,10.16,10.16,10.16,10.16,3.5,-
8-Feb-95,10.16,10.16,10.16,10.16,3.5,-
9-Feb-95,10.14,10.14,10.14,10.14,3.49,-
10-Feb-95,10.15,10.15,10.15,10.15,3.5,-
13-Feb-95,10.16,10.16,10.16,10.16,3.5,-
14-Feb-95,10.18,10.18,10.18,10.18,3.51,-
15-Feb-95,10.22,10.22,10.22,10.22,3.52,-
16-Feb-95,10.23,10.23,10.23,10.23,3.52,-
17-Feb-95,10.2,10.2,10.2,10.2,3.51,-
21-Feb-95,10.2,10.2,10.2,10.2,3.51,-
22-Feb-95,10.24,10.24,10.24,10.24,3.53,-
23-Feb-95,10.27,10.27,10.27,10.27,3.54,-
24-Feb-95,10.28,10.28,10.28,10.28,3.54,-
27-Feb-95,10.24,10.24,10.24,10.24,3.53,-
28-Feb-95,10.3,10.3,10.3,10.3,3.55,-
1-Mar-95,10.28,10.28,10.28,10.28,3.54,-
2-Mar-95,10.27,10.27,10.27,10.27,3.54,-
3-Mar-95,10.27,10.27,10.27,10.27,3.54,-
6-Mar-95,10.27,10.27,10.27,10.27,3.54,-
7-Mar-95,10.23,10.23,10.23,10.23,3.52,-
8-Mar-95,10.25,10.25,10.25,10.25,3.53,-
9-Mar-95,10.28,10.28,10.28,10.28,3.54,-
10-Mar-95,10.34,10.34,10.34,10.34,3.56,-
13-Mar-95,10.36,10.36,10.36,10.36,3.57,-
14-Mar-95,10.41,10.41,10.41,10.41,3.58,-
15-Mar-95,10.41,10.41,10.41,10.41,3.58,-
16-Mar-95,10.46,10.46,10.46,10.46,3.6,-
17-Mar-95,10.44,10.44,10.44,10.44,3.6,-
20-Mar-95,10.44,10.44,10.44,10.44,3.6,-
21-Mar-95,10.43,10.43,10.43,10.43,3.59,-
22-Mar-95,10.41,10.41,10.41,10.41,3.58,-
23-Mar-95,10.41,10.41,10.41,10.41,3.58,-
24-Mar-95,10.49,10.49,10.49,10.49,3.61,-
27-Mar-95,10.54,10.54,10.54,10.54,3.63,-
28-Mar-95,10.55,10.55,10.55,10.55,3.63,-
29-Mar-95,10.56,10.56,10.56,10.56,3.64,-
30-Mar-95,10.54,10.54,10.54,10.54,3.63,-
31-Mar-95,10.53,10.53,10.53,10.53,3.63,-
3-Apr-95,10.54,10.54,10.54,10.54,3.63,-
4-Apr-95,10.59,10.59,10.59,10.59,3.65,-
5-Apr-95,10.61,10.61,10.61,10.61,3.65,-
6-Apr-95,10.62,10.62,10.62,10.62,3.66,-
7-Apr-95,10.62,10.62,10.62,10.62,3.66,-
10-Apr-95,10.64,10.64,10.64,10.64,3.66,-
11-Apr-95,10.64,10.64,10.64,10.64,3.66,-
12-Apr-95,10.66,10.66,10.66,10.66,3.67,-
13-Apr-95,10.7,10.7,10.7,10.7,3.68,-
17-Apr-95,10.67,10.67,10.67,10.67,3.67,-
18-Apr-95,10.67,10.67,10.67,10.67,3.67,-
19-Apr-95,10.65,10.65,10.65,10.65,3.67,-
20-Apr-95,10.67,10.67,10.67,10.67,3.67,-
21-Apr-95,10.71,10.71,10.71,10.71,3.69,-
24-Apr-95,10.76,10.76,10.76,10.76,3.71,-
25-Apr-95,10.77,10.77,10.77,10.77,3.71,-
26-Apr-95,10.76,10.76,10.76,10.76,3.71,-
27-Apr-95,10.77,10.77,10.77,10.77,3.71,-
28-Apr-95,10.78,10.78,10.78,10.78,3.71,-
1-May-95,10.77,10.77,10.77,10.77,3.71,-
2-May-95,10.81,10.81,10.81,10.81,3.72,-
3-May-95,10.89,10.89,10.89,10.89,3.75,-
4-May-95,10.92,10.92,10.92,10.92,3.76,-
5-May-95,10.94,10.94,10.94,10.94,3.77,-
8-May-95,11,11.0,11.0,11.0,3.79,-
9-May-95,11.02,11.02,11.02,11.02,3.79,-
10-May-95,11.01,11.01,11.01,11.01,3.79,-
11-May-95,10.99,10.99,10.99,10.99,3.78,-
12-May-95,11,11.0,11.0,11.0,3.79,-
15-May-95,11.04,11.04,11.04,11.04,3.8,-
16-May-95,11.07,11.07,11.07,11.07,3.81,-
17-May-95,11.06,11.06,11.06,11.06,3.81,-
18-May-95,10.95,10.95,10.95,10.95,3.77,-
19-May-95,10.95,10.95,10.95,10.95,3.77,-
22-May-95,10.98,10.98,10.98,10.98,3.78,-
23-May-95,11.06,11.06,11.06,11.06,3.81,-
24-May-95,11.1,11.1,11.1,11.1,3.82,-
25-May-95,11.13,11.13,11.13,11.13,3.83,-
26-May-95,11.09,11.09,11.09,11.09,3.82,-
30-May-95,11.1,11.1,11.1,11.1,3.82,-
31-May-95,11.18,11.18,11.18,11.18,3.85,-
1-Jun-95,11.21,11.21,11.21,11.21,3.86,-
2-Jun-95,11.24,11.24,11.24,11.24,3.87,-
5-Jun-95,11.29,11.29,11.29,11.29,3.89,-
6-Jun-95,11.27,11.27,11.27,11.27,3.88,-
7-Jun-95,11.24,11.24,11.24,11.24,3.87,-
8-Jun-95,11.21,11.21,11.21,11.21,3.86,-
9-Jun-95,11.13,11.13,11.13,11.13,3.83,-
12-Jun-95,11.16,11.16,11.16,11.16,3.84,-
13-Jun-95,11.25,11.25,11.25,11.25,3.87,-
14-Jun-95,11.27,11.27,11.27,11.27,3.88,-
15-Jun-95,11.27,11.27,11.27,11.27,3.88,-
16-Jun-95,11.3,11.3,11.3,11.3,3.89,-
19-Jun-95,11.38,11.38,11.38,11.38,3.92,-
20-Jun-95,11.38,11.38,11.38,11.38,3.92,-
21-Jun-95,11.25,11.25,11.25,11.25,3.92,-
22-Jun-95,11.35,11.35,11.35,11.35,3.95,-
23-Jun-95,11.34,11.34,11.34,11.34,3.95,-
26-Jun-95,11.25,11.25,11.25,11.25,3.92,-
27-Jun-95,11.22,11.22,11.22,11.22,3.91,-
28-Jun-95,11.24,11.24,11.24,11.24,3.92,-
29-Jun-95,11.22,11.22,11.22,11.22,3.91,-
30-Jun-95,11.23,11.23,11.23,11.23,3.91,-
3-Jul-95,11.26,11.26,11.26,11.26,3.92,-
5-Jul-95,11.29,11.29,11.29,11.29,3.93,-
6-Jul-95,11.4,11.4,11.4,11.4,3.97,-
7-Jul-95,11.47,11.47,11.47,11.47,4.0,-
10-Jul-95,11.49,11.49,11.49,11.49,4.0,-
11-Jul-95,11.46,11.46,11.46,11.46,3.99,-
12-Jul-95,11.53,11.53,11.53,11.53,4.02,-
13-Jul-95,11.54,11.54,11.54,11.54,4.02,-
14-Jul-95,11.51,11.51,11.51,11.51,4.01,-
17-Jul-95,11.53,11.53,11.53,11.53,4.02,-
18-Jul-95,11.47,11.47,11.47,11.47,4.0,-
19-Jul-95,11.33,11.33,11.33,11.33,3.95,-
20-Jul-95,11.37,11.37,11.37,11.37,3.96,-
21-Jul-95,11.35,11.35,11.35,11.35,3.95,-
24-Jul-95,11.43,11.43,11.43,11.43,3.98,-
25-Jul-95,11.47,11.47,11.47,11.47,4.0,-
26-Jul-95,11.48,11.48,11.48,11.48,4.0,-
27-Jul-95,11.54,11.54,11.54,11.54,4.02,-
28-Jul-95,11.51,11.51,11.51,11.51,4.01,-
31-Jul-95,11.52,11.52,11.52,11.52,4.01,-
1-Aug-95,11.47,11.47,11.47,11.47,4.0,-
2-Aug-95,11.47,11.47,11.47,11.47,4.0,-
3-Aug-95,11.46,11.46,11.46,11.46,3.99,-
4-Aug-95,11.47,11.47,11.47,11.47,4.0,-
7-Aug-95,11.48,11.48,11.48,11.48,4.0,-
8-Aug-95,11.49,11.49,11.49,11.49,4.0,-
9-Aug-95,11.48,11.48,11.48,11.48,4.0,-
10-Aug-95,11.44,11.44,11.44,11.44,3.99,-
11-Aug-95,11.39,11.39,11.39,11.39,3.97,-
14-Aug-95,11.44,11.44,11.44,11.44,3.99,-
15-Aug-95,11.43,11.43,11.43,11.43,3.98,-
16-Aug-95,11.48,11.48,11.48,11.48,4.0,-
17-Aug-95,11.47,11.47,11.47,11.47,4.0,-
18-Aug-95,11.49,11.49,11.49,11.49,4.0,-
21-Aug-95,11.48,11.48,11.48,11.48,4.0,-
22-Aug-95,11.48,11.48,11.48,11.48,4.0,-
23-Aug-95,11.46,11.46,11.46,11.46,3.99,-
24-Aug-95,11.48,11.48,11.48,11.48,4.0,-
25-Aug-95,11.55,11.55,11.55,11.55,4.02,-
28-Aug-95,11.53,11.53,11.53,11.53,4.02,-
29-Aug-95,11.53,11.53,11.53,11.53,4.02,-
30-Aug-95,11.55,11.55,11.55,11.55,4.02,-
31-Aug-95,11.59,11.59,11.59,11.59,4.04,-
1-Sep-95,11.63,11.63,11.63,11.63,4.05,-
5-Sep-95,11.7,11.7,11.7,11.7,4.08,-
6-Sep-95,11.71,11.71,11.71,11.71,4.08,-
7-Sep-95,11.71,11.71,11.71,11.71,4.08,-
8-Sep-95,11.74,11.74,11.74,11.74,4.09,-
11-Sep-95,11.77,11.77,11.77,11.77,4.1,-
12-Sep-95,11.81,11.81,11.81,11.81,4.11,-
13-Sep-95,11.82,11.82,11.82,11.82,4.12,-
14-Sep-95,11.89,11.89,11.89,11.89,4.14,-
15-Sep-95,11.88,11.88,11.88,11.88,4.14,-
18-Sep-95,11.84,11.84,11.84,11.84,4.12,-
19-Sep-95,11.87,11.87,11.87,11.87,4.13,-
20-Sep-95,11.91,11.91,11.91,11.91,4.15,-
21-Sep-95,11.87,11.87,11.87,11.87,4.13,-
22-Sep-95,11.83,11.83,11.83,11.83,4.12,-
25-Sep-95,11.82,11.82,11.82,11.82,4.12,-
26-Sep-95,11.81,11.81,11.81,11.81,4.11,-
27-Sep-95,11.81,11.81,11.81,11.81,4.11,-
28-Sep-95,11.86,11.86,11.86,11.86,4.13,-
29-Sep-95,11.9,11.9,11.9,11.9,4.15,-
2-Oct-95,11.84,11.84,11.84,11.84,4.12,-
3-Oct-95,11.86,11.86,11.86,11.86,4.13,-
4-Oct-95,11.85,11.85,11.85,11.85,4.13,-
5-Oct-95,11.88,11.88,11.88,11.88,4.14,-
6-Oct-95,11.88,11.88,11.88,11.88,4.14,-
9-Oct-95,11.83,11.83,11.83,11.83,4.12,-
10-Oct-95,11.8,11.8,11.8,11.8,4.11,-
11-Oct-95,11.82,11.82,11.82,11.82,4.12,-
12-Oct-95,11.88,11.88,11.88,11.88,4.14,-
13-Oct-95,11.94,11.94,11.94,11.94,4.16,-
16-Oct-95,11.92,11.92,11.92,11.92,4.15,-
17-Oct-95,11.96,11.96,11.96,11.96,4.17,-
18-Oct-95,11.97,11.97,11.97,11.97,4.17,-
19-Oct-95,12,12.0,12.0,12.0,4.18,-
20-Oct-95,11.95,11.95,11.95,11.95,4.16,-
23-Oct-95,11.92,11.92,11.92,11.92,4.15,-
24-Oct-95,11.95,11.95,11.95,11.95,4.16,-
25-Oct-95,11.89,11.89,11.89,11.89,4.14,-
26-Oct-95,11.81,11.81,11.81,11.81,4.11,-
27-Oct-95,11.83,11.83,11.83,11.83,4.12,-
30-Oct-95,11.89,11.89,11.89,11.89,4.14,-
31-Oct-95,11.88,11.88,11.88,11.88,4.14,-
1-Nov-95,11.92,11.92,11.92,11.92,4.15,-
2-Nov-95,12,12.0,12.0,12.0,4.18,-
3-Nov-95,12.01,12.01,12.01,12.01,4.18,-
6-Nov-95,11.99,11.99,11.99,11.99,4.18,-
7-Nov-95,11.96,11.96,11.96,11.96,4.17,-
8-Nov-95,12.03,12.03,12.03,12.03,4.19,-
9-Nov-95,12.04,12.04,12.04,12.04,4.19,-
10-Nov-95,12.03,12.03,12.03,12.03,4.19,-
13-Nov-95,12.02,12.02,12.02,12.02,4.19,-
14-Nov-95,11.99,11.99,11.99,11.99,4.18,-
15-Nov-95,12.03,12.03,12.03,12.03,4.19,-
16-Nov-95,12.09,12.09,12.09,12.09,4.21,-
17-Nov-95,12.12,12.12,12.12,12.12,4.22,-
20-Nov-95,12.1,12.1,12.1,12.1,4.22,-
21-Nov-95,12.11,12.11,12.11,12.11,4.22,-
22-Nov-95,12.1,12.1,12.1,12.1,4.22,-
24-Nov-95,12.12,12.12,12.12,12.12,4.22,-
27-Nov-95,12.16,12.16,12.16,12.16,4.24,-
28-Nov-95,12.21,12.21,12.21,12.21,4.25,-
29-Nov-95,12.23,12.23,12.23,12.23,4.26,-
30-Nov-95,12.25,12.25,12.25,12.25,4.27,-
1-Dec-95,12.28,12.28,12.28,12.28,4.28,-
4-Dec-95,12.38,12.38,12.38,12.38,4.31,-
5-Dec-95,12.42,12.42,12.42,12.42,4.33,-
6-Dec-95,12.43,12.43,12.43,12.43,4.33,-
7-Dec-95,12.39,12.39,12.39,12.39,4.32,-
8-Dec-95,12.4,12.4,12.4,12.4,4.32,-
11-Dec-95,12.43,12.43,12.43,12.43,4.33,-
12-Dec-95,12.42,12.42,12.42,12.42,4.33,-
13-Dec-95,12.44,12.44,12.44,12.44,4.33,-
14-Dec-95,12.4,12.4,12.4,12.4,4.32,-
15-Dec-95,12.38,12.38,12.38,12.38,4.31,-
18-Dec-95,12.25,12.25,12.25,12.25,4.27,-
19-Dec-95,12.32,12.32,12.32,12.32,4.29,-
20-Dec-95,12.29,12.29,12.29,12.29,4.28,-
21-Dec-95,12.35,12.35,12.35,12.35,4.3,-
22-Dec-95,12.38,12.38,12.38,12.38,4.31,-
26-Dec-95,12.42,12.42,12.42,12.42,4.33,-
27-Dec-95,12.09,12.09,12.09,12.09,4.29,-
28-Dec-95,12.08,12.08,12.08,12.08,4.29,-
29-Dec-95,12.11,12.11,12.11,12.11,4.3,-
2-Jan-96,12.17,12.17,12.17,12.17,4.32,-
3-Jan-96,12.18,12.18,12.18,12.18,4.32,-
4-Jan-96,12.13,12.13,12.13,12.13,4.31,-
5-Jan-96,12.12,12.12,12.12,12.12,4.3,-
8-Jan-96,12.13,12.13,12.13,12.13,4.31,-
9-Jan-96,12.03,12.03,12.03,12.03,4.27,-
10-Jan-96,11.89,11.89,11.89,11.89,4.22,-
11-Jan-96,11.94,11.94,11.94,11.94,4.24,-
12-Jan-96,11.94,11.94,11.94,11.94,4.24,-
15-Jan-96,11.91,11.91,11.91,11.91,4.23,-
16-Jan-96,12.01,12.01,12.01,12.01,4.26,-
17-Jan-96,12.01,12.01,12.01,12.01,4.26,-
18-Jan-96,12.03,12.03,12.03,12.03,4.27,-
19-Jan-96,12.08,12.08,12.08,12.08,4.29,-
22-Jan-96,12.07,12.07,12.07,12.07,4.28,-
23-Jan-96,12.06,12.06,12.06,12.06,4.28,-
24-Jan-96,12.14,12.14,12.14,12.14,4.31,-
25-Jan-96,12.1,12.1,12.1,12.1,4.29,-
26-Jan-96,12.16,12.16,12.16,12.16,4.32,-
29-Jan-96,12.18,12.18,12.18,12.18,4.32,-
30-Jan-96,12.26,12.26,12.26,12.26,4.35,-
31-Jan-96,12.34,12.34,12.34,12.34,4.38,-
1-Feb-96,12.36,12.36,12.36,12.36,4.39,-
2-Feb-96,12.34,12.34,12.34,12.34,4.38,-
5-Feb-96,12.39,12.39,12.39,12.39,4.4,-
6-Feb-96,12.45,12.45,12.45,12.45,4.42,-
7-Feb-96,12.48,12.48,12.48,12.48,4.43,-
8-Feb-96,12.53,12.53,12.53,12.53,4.45,-
9-Feb-96,12.54,12.54,12.54,12.54,4.45,-
12-Feb-96,12.6,12.6,12.6,12.6,4.47,-
13-Feb-96,12.59,12.59,12.59,12.59,4.47,-
14-Feb-96,12.55,12.55,12.55,12.55,4.45,-
15-Feb-96,12.5,12.5,12.5,12.5,4.44,-
16-Feb-96,12.47,12.47,12.47,12.47,4.43,-
20-Feb-96,12.34,12.34,12.34,12.34,4.38,-
21-Feb-96,12.41,12.41,12.41,12.41,4.4,-
22-Feb-96,12.53,12.53,12.53,12.53,4.45,-
23-Feb-96,12.52,12.52,12.52,12.52,4.44,-
26-Feb-96,12.44,12.44,12.44,12.44,4.42,-
27-Feb-96,12.4,12.4,12.4,12.4,4.4,-
28-Feb-96,12.37,12.37,12.37,12.37,4.39,-
29-Feb-96,12.32,12.32,12.32,12.32,4.37,-
1-Mar-96,12.4,12.4,12.4,12.4,4.4,-
4-Mar-96,12.47,12.47,12.47,12.47,4.43,-
5-Mar-96,12.51,12.51,12.51,12.51,4.44,-
6-Mar-96,12.46,12.46,12.46,12.46,4.42,-
7-Mar-96,12.47,12.47,12.47,12.47,4.43,-
8-Mar-96,12.18,12.18,12.18,12.18,4.32,-
11-Mar-96,12.24,12.24,12.24,12.24,4.34,-
12-Mar-96,12.21,12.21,12.21,12.21,4.33,-
13-Mar-96,12.23,12.23,12.23,12.23,4.34,-
14-Mar-96,12.27,12.27,12.27,12.27,4.35,-
15-Mar-96,12.26,12.26,12.26,12.26,4.35,-
18-Mar-96,12.38,12.38,12.38,12.38,4.39,-
19-Mar-96,12.38,12.38,12.38,12.38,4.39,-
20-Mar-96,12.38,12.38,12.38,12.38,4.39,-
21-Mar-96,12.4,12.4,12.4,12.4,4.4,-
22-Mar-96,12.4,12.4,12.4,12.4,4.4,-
25-Mar-96,12.42,12.42,12.42,12.42,4.41,-
26-Mar-96,12.44,12.44,12.44,12.44,4.42,-
27-Mar-96,12.39,12.39,12.39,12.39,4.4,-
28-Mar-96,12.37,12.37,12.37,12.37,4.39,-
29-Mar-96,12.39,12.39,12.39,12.39,4.4,-
1-Apr-96,12.47,12.47,12.47,12.47,4.43,-
2-Apr-96,12.5,12.5,12.5,12.5,4.44,-
3-Apr-96,12.5,12.5,12.5,12.5,4.44,-
4-Apr-96,12.49,12.49,12.49,12.49,4.43,-
8-Apr-96,12.31,12.31,12.31,12.31,4.37,-
9-Apr-96,12.31,12.31,12.31,12.31,4.37,-
10-Apr-96,12.22,12.22,12.22,12.22,4.34,-
11-Apr-96,12.17,12.17,12.17,12.17,4.32,-
12-Apr-96,12.28,12.28,12.28,12.28,4.36,-
15-Apr-96,12.35,12.35,12.35,12.35,4.38,-
16-Apr-96,12.38,12.38,12.38,12.38,4.39,-
17-Apr-96,12.34,12.34,12.34,12.34,4.38,-
18-Apr-96,12.35,12.35,12.35,12.35,4.38,-
19-Apr-96,12.39,12.39,12.39,12.39,4.4,-
22-Apr-96,12.45,12.45,12.45,12.45,4.42,-
23-Apr-96,12.49,12.49,12.49,12.49,4.43,-
24-Apr-96,12.47,12.47,12.47,12.47,4.43,-
25-Apr-96,12.5,12.5,12.5,12.5,4.44,-
26-Apr-96,12.52,12.52,12.52,12.52,4.44,-
29-Apr-96,12.53,12.53,12.53,12.53,4.45,-
30-Apr-96,12.5,12.5,12.5,12.5,4.44,-
1-May-96,12.51,12.51,12.51,12.51,4.44,-
2-May-96,12.36,12.36,12.36,12.36,4.39,-
3-May-96,12.32,12.32,12.32,12.32,4.37,-
6-May-96,12.33,12.33,12.33,12.33,4.38,-
7-May-96,12.3,12.3,12.3,12.3,4.37,-
8-May-96,12.36,12.36,12.36,12.36,4.39,-
9-May-96,12.37,12.37,12.37,12.37,4.39,-
10-May-96,12.46,12.46,12.46,12.46,4.42,-
13-May-96,12.56,12.56,12.56,12.56,4.46,-
14-May-96,12.62,12.62,12.62,12.62,4.48,-
15-May-96,12.63,12.63,12.63,12.63,4.48,-
16-May-96,12.61,12.61,12.61,12.61,4.48,-
17-May-96,12.67,12.67,12.67,12.67,4.5,-
20-May-96,12.72,12.72,12.72,12.72,4.51,-
21-May-96,12.71,12.71,12.71,12.71,4.51,-
22-May-96,12.76,12.76,12.76,12.76,4.53,-
23-May-96,12.72,12.72,12.72,12.72,4.51,-
24-May-96,12.74,12.74,12.74,12.74,4.52,-
28-May-96,12.69,12.69,12.69,12.69,4.5,-
29-May-96,12.62,12.62,12.62,12.62,4.48,-
30-May-96,12.67,12.67,12.67,12.67,4.5,-
31-May-96,12.63,12.63,12.63,12.63,4.48,-
3-Jun-96,12.61,12.61,12.61,12.61,4.48,-
4-Jun-96,12.66,12.66,12.66,12.66,4.49,-
5-Jun-96,12.72,12.72,12.72,12.72,4.51,-
6-Jun-96,12.7,12.7,12.7,12.7,4.51,-
7-Jun-96,12.63,12.63,12.63,12.63,4.48,-
10-Jun-96,12.61,12.61,12.61,12.61,4.48,-
11-Jun-96,12.6,12.6,12.6,12.6,4.47,-
12-Jun-96,12.59,12.59,12.59,12.59,4.47,-
13-Jun-96,12.58,12.58,12.58,12.58,4.46,-
14-Jun-96,12.58,12.58,12.58,12.58,4.46,-
17-Jun-96,12.59,12.59,12.59,12.59,4.47,-
18-Jun-96,12.55,12.55,12.55,12.55,4.45,-
19-Jun-96,12.54,12.54,12.54,12.54,4.45,-
20-Jun-96,12.52,12.52,12.52,12.52,4.44,-
21-Jun-96,12.57,12.57,12.57,12.57,4.46,-
24-Jun-96,12.6,12.6,12.6,12.6,4.47,-
25-Jun-96,12.43,12.43,12.43,12.43,4.47,-
26-Jun-96,12.38,12.38,12.38,12.38,4.45,-
27-Jun-96,12.44,12.44,12.44,12.44,4.48,-
28-Jun-96,12.52,12.52,12.52,12.52,4.5,-
1-Jul-96,12.57,12.57,12.57,12.57,4.52,-
2-Jul-96,12.53,12.53,12.53,12.53,4.51,-
3-Jul-96,12.52,12.52,12.52,12.52,4.5,-
5-Jul-96,12.29,12.29,12.29,12.29,4.42,-
8-Jul-96,12.24,12.24,12.24,12.24,4.4,-
9-Jul-96,12.28,12.28,12.28,12.28,4.42,-
10-Jul-96,12.29,12.29,12.29,12.29,4.42,-
11-Jul-96,12.2,12.2,12.2,12.2,4.39,-
12-Jul-96,12.2,12.2,12.2,12.2,4.39,-
15-Jul-96,12.03,12.03,12.03,12.03,4.33,-
16-Jul-96,12.02,12.02,12.02,12.02,4.32,-
17-Jul-96,12.1,12.1,12.1,12.1,4.35,-
18-Jul-96,12.23,12.23,12.23,12.23,4.4,-
19-Jul-96,12.18,12.18,12.18,12.18,4.38,-
22-Jul-96,12.1,12.1,12.1,12.1,4.35,-
23-Jul-96,12.03,12.03,12.03,12.03,4.33,-
24-Jul-96,11.99,11.99,11.99,11.99,4.31,-
25-Jul-96,12.05,12.05,12.05,12.05,4.34,-
26-Jul-96,12.11,12.11,12.11,12.11,4.36,-
29-Jul-96,12.04,12.04,12.04,12.04,4.33,-
30-Jul-96,12.09,12.09,12.09,12.09,4.35,-
31-Jul-96,12.17,12.17,12.17,12.17,4.38,-
1-Aug-96,12.32,12.32,12.32,12.32,4.43,-
2-Aug-96,12.48,12.48,12.48,12.48,4.49,-
5-Aug-96,12.46,12.46,12.46,12.46,4.48,-
6-Aug-96,12.47,12.47,12.47,12.47,4.49,-
7-Aug-96,12.49,12.49,12.49,12.49,4.49,-
8-Aug-96,12.48,12.48,12.48,12.48,4.49,-
9-Aug-96,12.48,12.48,12.48,12.48,4.49,-
12-Aug-96,12.52,12.52,12.52,12.52,4.5,-
13-Aug-96,12.45,12.45,12.45,12.45,4.48,-
14-Aug-96,12.48,12.48,12.48,12.48,4.49,-
15-Aug-96,12.47,12.47,12.47,12.47,4.49,-
16-Aug-96,12.52,12.52,12.52,12.52,4.5,-
19-Aug-96,12.53,12.53,12.53,12.53,4.51,-
20-Aug-96,12.52,12.52,12.52,12.52,4.5,-
21-Aug-96,12.51,12.51,12.51,12.51,4.5,-
22-Aug-96,12.57,12.57,12.57,12.57,4.52,-
23-Aug-96,12.52,12.52,12.52,12.52,4.5,-
26-Aug-96,12.47,12.47,12.47,12.47,4.49,-
27-Aug-96,12.5,12.5,12.5,12.5,4.5,-
28-Aug-96,12.49,12.49,12.49,12.49,4.49,-
29-Aug-96,12.4,12.4,12.4,12.4,4.46,-
30-Aug-96,12.32,12.32,12.32,12.32,4.43,-
3-Sep-96,12.35,12.35,12.35,12.35,4.44,-
4-Sep-96,12.36,12.36,12.36,12.36,4.45,-
5-Sep-96,12.28,12.28,12.28,12.28,4.42,-
6-Sep-96,12.36,12.36,12.36,12.36,4.45,-
9-Sep-96,12.44,12.44,12.44,12.44,4.48,-
10-Sep-96,12.44,12.44,12.44,12.44,4.48,-
11-Sep-96,12.47,12.47,12.47,12.47,4.49,-
12-Sep-96,12.53,12.53,12.53,12.53,4.51,-
13-Sep-96,12.67,12.67,12.67,12.67,4.56,-
16-Sep-96,12.71,12.71,12.71,12.71,4.57,-
17-Sep-96,12.69,12.69,12.69,12.69,4.57,-
18-Sep-96,12.67,12.67,12.67,12.67,4.56,-
19-Sep-96,12.68,12.68,12.68,12.68,4.56,-
20-Sep-96,12.71,12.71,12.71,12.71,4.57,-
23-Sep-96,12.71,12.71,12.71,12.71,4.57,-
24-Sep-96,12.72,12.72,12.72,12.72,4.58,-
25-Sep-96,12.76,12.76,12.76,12.76,4.59,-
26-Sep-96,12.79,12.79,12.79,12.79,4.6,-
27-Sep-96,12.79,12.79,12.79,12.79,4.6,-
30-Sep-96,12.8,12.8,12.8,12.8,4.61,-
1-Oct-96,12.84,12.84,12.84,12.84,4.62,-
2-Oct-96,12.9,12.9,12.9,12.9,4.64,-
3-Oct-96,12.88,12.88,12.88,12.88,4.63,-
4-Oct-96,13,13.0,13.0,13.0,4.68,-
7-Oct-96,13,13.0,13.0,13.0,4.68,-
8-Oct-96,12.97,12.97,12.97,12.97,4.67,-
9-Oct-96,12.92,12.92,12.92,12.92,4.65,-
10-Oct-96,12.88,12.88,12.88,12.88,4.63,-
11-Oct-96,12.96,12.96,12.96,12.96,4.66,-
14-Oct-96,12.99,12.99,12.99,12.99,4.67,-
15-Oct-96,12.99,12.99,12.99,12.99,4.67,-
16-Oct-96,13,13.0,13.0,13.0,4.68,-
17-Oct-96,13.04,13.04,13.04,13.04,4.69,-
18-Oct-96,13.08,13.08,13.08,13.08,4.71,-
21-Oct-96,13.06,13.06,13.06,13.06,4.7,-
22-Oct-96,13,13.0,13.0,13.0,4.68,-
23-Oct-96,13,13.0,13.0,13.0,4.68,-
24-Oct-96,12.96,12.96,12.96,12.96,4.66,-
25-Oct-96,12.96,12.96,12.96,12.96,4.66,-
28-Oct-96,12.92,12.92,12.92,12.92,4.65,-
29-Oct-96,13,13.0,13.0,13.0,4.68,-
30-Oct-96,12.99,12.99,12.99,12.99,4.67,-
31-Oct-96,13.04,13.04,13.04,13.04,4.69,-
1-Nov-96,13.03,13.03,13.03,13.03,4.69,-
4-Nov-96,13.06,13.06,13.06,13.06,4.7,-
5-Nov-96,13.14,13.14,13.14,13.14,4.73,-
6-Nov-96,13.25,13.25,13.25,13.25,4.77,-
7-Nov-96,13.3,13.3,13.3,13.3,4.79,-
8-Nov-96,13.33,13.33,13.33,13.33,4.8,-
11-Nov-96,13.34,13.34,13.34,13.34,4.8,-
12-Nov-96,13.36,13.36,13.36,13.36,4.81,-
13-Nov-96,13.37,13.37,13.37,13.37,4.81,-
14-Nov-96,13.43,13.43,13.43,13.43,4.83,-
15-Nov-96,13.44,13.44,13.44,13.44,4.84,-
18-Nov-96,13.43,13.43,13.43,13.43,4.83,-
19-Nov-96,13.49,13.49,13.49,13.49,4.85,-
20-Nov-96,13.52,13.52,13.52,13.52,4.86,-
21-Nov-96,13.51,13.51,13.51,13.51,4.86,-
22-Nov-96,13.56,13.56,13.56,13.56,4.88,-
25-Nov-96,13.64,13.64,13.64,13.64,4.91,-
26-Nov-96,13.63,13.63,13.63,13.63,4.9,-
27-Nov-96,13.62,13.62,13.62,13.62,4.9,-
29-Nov-96,13.66,13.66,13.66,13.66,4.91,-
2-Dec-96,13.66,13.66,13.66,13.66,4.91,-
3-Dec-96,13.6,13.6,13.6,13.6,4.89,-
4-Dec-96,13.56,13.56,13.56,13.56,4.88,-
5-Dec-96,13.53,13.53,13.53,13.53,4.87,-
6-Dec-96,13.45,13.45,13.45,13.45,4.84,-
9-Dec-96,13.57,13.57,13.57,13.57,4.88,-
10-Dec-96,13.56,13.56,13.56,13.56,4.88,-
11-Dec-96,13.44,13.44,13.44,13.44,4.84,-
12-Dec-96,13.33,13.33,13.33,13.33,4.8,-
13-Dec-96,13.33,13.33,13.33,13.33,4.8,-
16-Dec-96,13.25,13.25,13.25,13.25,4.77,-
17-Dec-96,13.28,13.28,13.28,13.28,4.78,-
18-Dec-96,13.32,13.32,13.32,13.32,4.79,-
19-Dec-96,13.47,13.47,13.47,13.47,4.85,-
20-Dec-96,13.51,13.51,13.51,13.51,4.86,-
23-Dec-96,13.5,13.5,13.5,13.5,4.86,-
24-Dec-96,13.52,13.52,13.52,13.52,4.86,-
26-Dec-96,13.57,13.57,13.57,13.57,4.88,-
27-Dec-96,13.1,13.1,13.1,13.1,4.89,-
30-Dec-96,13.09,13.09,13.09,13.09,4.89,-
31-Dec-96,12.97,12.97,12.97,12.97,4.84,-
2-Jan-97,12.89,12.89,12.89,12.89,4.81,-
3-Jan-97,13,13.0,13.0,13.0,4.86,-
6-Jan-97,12.99,12.99,12.99,12.99,4.85,-
7-Jan-97,13.03,13.03,13.03,13.03,4.87,-
8-Jan-97,12.99,12.99,12.99,12.99,4.85,-
9-Jan-97,13.05,13.05,13.05,13.05,4.87,-
10-Jan-97,13.04,13.04,13.04,13.04,4.87,-
13-Jan-97,13.06,13.06,13.06,13.06,4.88,-
14-Jan-97,13.16,13.16,13.16,13.16,4.92,-
15-Jan-97,13.15,13.15,13.15,13.15,4.91,-
16-Jan-97,13.17,13.17,13.17,13.17,4.92,-
17-Jan-97,13.22,13.22,13.22,13.22,4.94,-
20-Jan-97,13.22,13.22,13.22,13.22,4.94,-
21-Jan-97,13.28,13.28,13.28,13.28,4.96,-
22-Jan-97,13.31,13.31,13.31,13.31,4.97,-
23-Jan-97,13.23,13.23,13.23,13.23,4.94,-
24-Jan-97,13.14,13.14,13.14,13.14,4.91,-
27-Jan-97,13.07,13.07,13.07,13.07,4.88,-
28-Jan-97,13.09,13.09,13.09,13.09,4.89,-
29-Jan-97,13.15,13.15,13.15,13.15,4.91,-
30-Jan-97,13.24,13.24,13.24,13.24,4.95,-
31-Jan-97,13.3,13.3,13.3,13.3,4.97,-
3-Feb-97,13.33,13.33,13.33,13.33,4.98,-
4-Feb-97,13.35,13.35,13.35,13.35,4.99,-
5-Feb-97,13.25,13.25,13.25,13.25,4.95,-
6-Feb-97,13.26,13.26,13.26,13.26,4.95,-
7-Feb-97,13.35,13.35,13.35,13.35,4.99,-
10-Feb-97,13.33,13.33,13.33,13.33,4.98,-
11-Feb-97,13.35,13.35,13.35,13.35,4.99,-
12-Feb-97,13.46,13.46,13.46,13.46,5.03,-
13-Feb-97,13.56,13.56,13.56,13.56,5.07,-
14-Feb-97,13.56,13.56,13.56,13.56,5.07,-
18-Feb-97,13.61,13.61,13.61,13.61,5.08,-
19-Feb-97,13.59,13.59,13.59,13.59,5.08,-
20-Feb-97,13.5,13.5,13.5,13.5,5.04,-
21-Feb-97,13.49,13.49,13.49,13.49,5.04,-
24-Feb-97,13.56,13.56,13.56,13.56,5.07,-
25-Feb-97,13.58,13.58,13.58,13.58,5.07,-
26-Feb-97,13.47,13.47,13.47,13.47,5.03,-
27-Feb-97,13.39,13.39,13.39,13.39,5.0,-
28-Feb-97,13.34,13.34,13.34,13.34,4.98,-
3-Mar-97,13.37,13.37,13.37,13.37,4.99,-
4-Mar-97,13.34,13.34,13.34,13.34,4.98,-
5-Mar-97,13.43,13.43,13.43,13.43,5.02,-
6-Mar-97,13.4,13.4,13.4,13.4,5.01,-
7-Mar-97,13.47,13.47,13.47,13.47,5.03,-
10-Mar-97,13.55,13.55,13.55,13.55,5.06,-
11-Mar-97,13.53,13.53,13.53,13.53,5.05,-
12-Mar-97,13.46,13.46,13.46,13.46,5.03,-
13-Mar-97,13.3,13.3,13.3,13.3,4.97,-
14-Mar-97,13.33,13.33,13.33,13.33,4.98,-
17-Mar-97,13.33,13.33,13.33,13.33,4.98,-
18-Mar-97,13.28,13.28,13.28,13.28,4.96,-
19-Mar-97,13.24,13.24,13.24,13.24,4.95,-
20-Mar-97,13.2,13.2,13.2,13.2,4.93,-
21-Mar-97,13.23,13.23,13.23,13.23,4.94,-
24-Mar-97,13.27,13.27,13.27,13.27,4.96,-
25-Mar-97,13.27,13.27,13.27,13.27,4.96,-
26-Mar-97,13.29,13.29,13.29,13.29,4.96,-
27-Mar-97,13.13,13.13,13.13,13.13,4.9,-
31-Mar-97,12.98,12.98,12.98,12.98,4.85,-
1-Apr-97,12.98,12.98,12.98,12.98,4.85,-
2-Apr-97,12.92,12.92,12.92,12.92,4.83,-
3-Apr-97,12.91,12.91,12.91,12.91,4.82,-
4-Apr-97,12.96,12.96,12.96,12.96,4.84,-
7-Apr-97,13.02,13.02,13.02,13.02,4.86,-
8-Apr-97,13.05,13.05,13.05,13.05,4.87,-
9-Apr-97,13.01,13.01,13.01,13.01,4.86,-
10-Apr-97,12.98,12.98,12.98,12.98,4.85,-
11-Apr-97,12.79,12.79,12.79,12.79,4.78,-
14-Apr-97,12.83,12.83,12.83,12.83,4.79,-
15-Apr-97,12.95,12.95,12.95,12.95,4.84,-
16-Apr-97,13.01,13.01,13.01,13.01,4.86,-
17-Apr-97,13.02,13.02,13.02,13.02,4.86,-
18-Apr-97,13.06,13.06,13.06,13.06,4.88,-
21-Apr-97,13.01,13.01,13.01,13.01,4.86,-
22-Apr-97,13.12,13.12,13.12,13.12,4.9,-
23-Apr-97,13.12,13.12,13.12,13.12,4.9,-
24-Apr-97,13.09,13.09,13.09,13.09,4.89,-
25-Apr-97,13.02,13.02,13.02,13.02,4.86,-
28-Apr-97,13.08,13.08,13.08,13.08,4.89,-
29-Apr-97,13.31,13.31,13.31,13.31,4.97,-
30-Apr-97,13.39,13.39,13.39,13.39,5.0,-
1-May-97,13.4,13.4,13.4,13.4,5.01,-
2-May-97,13.55,13.55,13.55,13.55,5.06,-
5-May-97,13.7,13.7,13.7,13.7,5.12,-
6-May-97,13.71,13.71,13.71,13.71,5.12,-
7-May-97,13.6,13.6,13.6,13.6,5.08,-
8-May-97,13.65,13.65,13.65,13.65,5.1,-
9-May-97,13.71,13.71,13.71,13.71,5.12,-
12-May-97,13.84,13.84,13.84,13.84,5.17,-
13-May-97,13.8,13.8,13.8,13.8,5.15,-
14-May-97,13.83,13.83,13.83,13.83,5.17,-
15-May-97,13.89,13.89,13.89,13.89,5.19,-
16-May-97,13.81,13.81,13.81,13.81,5.16,-
19-May-97,13.82,13.82,13.82,13.82,5.16,-
20-May-97,13.9,13.9,13.9,13.9,5.19,-
21-May-97,13.88,13.88,13.88,13.88,5.18,-
22-May-97,13.84,13.84,13.84,13.84,5.17,-
23-May-97,13.94,13.94,13.94,13.94,5.21,-
27-May-97,13.95,13.95,13.95,13.95,5.21,-
28-May-97,13.95,13.95,13.95,13.95,5.21,-
29-May-97,13.94,13.94,13.94,13.94,5.21,-
30-May-97,13.98,13.98,13.98,13.98,5.22,-
2-Jun-97,14,14.0,14.0,14.0,5.23,-
3-Jun-97,14,14.0,14.0,14.0,5.23,-
4-Jun-97,13.97,13.97,13.97,13.97,5.22,-
5-Jun-97,14.01,14.01,14.01,14.01,5.23,-
6-Jun-97,14.16,14.16,14.16,14.16,5.29,-
9-Jun-97,14.2,14.2,14.2,14.2,5.3,-
10-Jun-97,14.21,14.21,14.21,14.21,5.31,-
11-Jun-97,14.24,14.24,14.24,14.24,5.32,-
12-Jun-97,14.37,14.37,14.37,14.37,5.37,-
13-Jun-97,14.46,14.46,14.46,14.46,5.4,-
16-Jun-97,14.49,14.49,14.49,14.49,5.41,-
17-Jun-97,14.48,14.48,14.48,14.48,5.41,-
18-Jun-97,14.46,14.46,14.46,14.46,5.4,-
19-Jun-97,14.54,14.54,14.54,14.54,5.43,-
20-Jun-97,14.55,14.55,14.55,14.55,5.44,-
23-Jun-97,14.4,14.4,14.4,14.4,5.38,-
24-Jun-97,14.53,14.53,14.53,14.53,5.43,-
25-Jun-97,14.3,14.3,14.3,14.3,5.41,-
26-Jun-97,14.25,14.25,14.25,14.25,5.39,-
27-Jun-97,14.28,14.28,14.28,14.28,5.4,-
30-Jun-97,14.25,14.25,14.25,14.25,5.39,-
1-Jul-97,14.32,14.32,14.32,14.32,5.42,-
2-Jul-97,14.43,14.43,14.43,14.43,5.46,-
3-Jul-97,14.58,14.58,14.58,14.58,5.52,-
7-Jul-97,14.56,14.56,14.56,14.56,5.51,-
8-Jul-97,14.61,14.61,14.61,14.61,5.53,-
9-Jul-97,14.55,14.55,14.55,14.55,5.51,-
10-Jul-97,14.59,14.59,14.59,14.59,5.52,-
11-Jul-97,14.63,14.63,14.63,14.63,5.54,-
14-Jul-97,14.65,14.65,14.65,14.65,5.54,-
15-Jul-97,14.68,14.68,14.68,14.68,5.56,-
16-Jul-97,14.81,14.81,14.81,14.81,5.61,-
17-Jul-97,14.78,14.78,14.78,14.78,5.59,-
18-Jul-97,14.64,14.64,14.64,14.64,5.54,-
21-Jul-97,14.6,14.6,14.6,14.6,5.53,-
22-Jul-97,14.79,14.79,14.79,14.79,5.6,-
23-Jul-97,14.83,14.83,14.83,14.83,5.61,-
24-Jul-97,14.85,14.85,14.85,14.85,5.62,-
25-Jul-97,14.83,14.83,14.83,14.83,5.61,-
28-Jul-97,14.83,14.83,14.83,14.83,5.61,-
29-Jul-97,14.89,14.89,14.89,14.89,5.64,-
30-Jul-97,14.99,14.99,14.99,14.99,5.67,-
31-Jul-97,15.02,15.02,15.02,15.02,5.68,-
1-Aug-97,14.89,14.89,14.89,14.89,5.64,-
4-Aug-97,14.9,14.9,14.9,14.9,5.64,-
5-Aug-97,14.91,14.91,14.91,14.91,5.64,-
6-Aug-97,14.99,14.99,14.99,14.99,5.67,-
7-Aug-97,14.93,14.93,14.93,14.93,5.65,-
8-Aug-97,14.75,14.75,14.75,14.75,5.58,-
11-Aug-97,14.75,14.75,14.75,14.75,5.58,-
12-Aug-97,14.68,14.68,14.68,14.68,5.56,-
13-Aug-97,14.66,14.66,14.66,14.66,5.55,-
14-Aug-97,14.7,14.7,14.7,14.7,5.56,-
15-Aug-97,14.55,14.55,14.55,14.55,5.51,-
18-Aug-97,14.62,14.62,14.62,14.62,5.53,-
19-Aug-97,14.72,14.72,14.72,14.72,5.57,-
20-Aug-97,14.82,14.82,14.82,14.82,5.61,-
21-Aug-97,14.71,14.71,14.71,14.71,5.57,-
22-Aug-97,14.65,14.65,14.65,14.65,5.54,-
25-Aug-97,14.63,14.63,14.63,14.63,5.54,-
26-Aug-97,14.59,14.59,14.59,14.59,5.52,-
27-Aug-97,14.59,14.59,14.59,14.59,5.52,-
28-Aug-97,14.54,14.54,14.54,14.54,5.5,-
29-Aug-97,14.49,14.49,14.49,14.49,5.48,-
2-Sep-97,14.69,14.69,14.69,14.69,5.56,-
3-Sep-97,14.72,14.72,14.72,14.72,5.57,-
4-Sep-97,14.74,14.74,14.74,14.74,5.58,-
5-Sep-97,14.74,14.74,14.74,14.74,5.58,-
8-Sep-97,14.78,14.78,14.78,14.78,5.59,-
9-Sep-97,14.81,14.81,14.81,14.81,5.61,-
10-Sep-97,14.69,14.69,14.69,14.69,5.56,-
11-Sep-97,14.62,14.62,14.62,14.62,5.53,-
12-Sep-97,14.74,14.74,14.74,14.74,5.58,-
15-Sep-97,14.74,14.74,14.74,14.74,5.58,-
16-Sep-97,14.97,14.97,14.97,14.97,5.67,-
17-Sep-97,14.98,14.98,14.98,14.98,5.67,-
18-Sep-97,15.01,15.01,15.01,15.01,5.68,-
19-Sep-97,15.04,15.04,15.04,15.04,5.69,-
22-Sep-97,15.09,15.09,15.09,15.09,5.71,-
23-Sep-97,15.06,15.06,15.06,15.06,5.7,-
24-Sep-97,15.06,15.06,15.06,15.06,5.7,-
25-Sep-97,14.99,14.99,14.99,14.99,5.67,-
26-Sep-97,15.05,15.05,15.05,15.05,5.7,-
29-Sep-97,15.11,15.11,15.11,15.11,5.72,-
30-Sep-97,15.08,15.08,15.08,15.08,5.71,-
1-Oct-97,15.17,15.17,15.17,15.17,5.74,-
2-Oct-97,15.22,15.22,15.22,15.22,5.76,-
3-Oct-97,15.26,15.26,15.26,15.26,5.78,-
6-Oct-97,15.33,15.33,15.33,15.33,5.8,-
7-Oct-97,15.41,15.41,15.41,15.41,5.83,-
8-Oct-97,15.31,15.31,15.31,15.31,5.79,-
9-Oct-97,15.27,15.27,15.27,15.27,5.78,-
10-Oct-97,15.23,15.23,15.23,15.23,5.76,-
13-Oct-97,15.25,15.25,15.25,15.25,5.77,-
14-Oct-97,15.28,15.28,15.28,15.28,5.78,-
15-Oct-97,15.24,15.24,15.24,15.24,5.77,-
16-Oct-97,15.17,15.17,15.17,15.17,5.74,-
17-Oct-97,15.03,15.03,15.03,15.03,5.69,-
20-Oct-97,15.11,15.11,15.11,15.11,5.72,-
21-Oct-97,15.24,15.24,15.24,15.24,5.77,-
22-Oct-97,15.22,15.22,15.22,15.22,5.76,-
23-Oct-97,15.07,15.07,15.07,15.07,5.7,-
24-Oct-97,15.02,15.02,15.02,15.02,5.68,-
27-Oct-97,14.56,14.56,14.56,14.56,5.51,-
28-Oct-97,14.76,14.76,14.76,14.76,5.59,-
29-Oct-97,14.84,14.84,14.84,14.84,5.62,-
30-Oct-97,14.72,14.72,14.72,14.72,5.57,-
31-Oct-97,14.83,14.83,14.83,14.83,5.61,-
3-Nov-97,15.01,15.01,15.01,15.01,5.68,-
4-Nov-97,15.01,15.01,15.01,15.01,5.68,-
5-Nov-97,15.04,15.04,15.04,15.04,5.69,-
6-Nov-97,15.02,15.02,15.02,15.02,5.68,-
7-Nov-97,14.88,14.88,14.88,14.88,5.63,-
10-Nov-97,14.84,14.84,14.84,14.84,5.62,-
11-Nov-97,14.85,14.85,14.85,14.85,5.62,-
12-Nov-97,14.68,14.68,14.68,14.68,5.56,-
13-Nov-97,14.76,14.76,14.76,14.76,5.59,-
14-Nov-97,14.85,14.85,14.85,14.85,5.62,-
17-Nov-97,15.05,15.05,15.05,15.05,5.7,-
18-Nov-97,15,15.0,15.0,15.0,5.68,-
19-Nov-97,15.02,15.02,15.02,15.02,5.68,-
20-Nov-97,15.14,15.14,15.14,15.14,5.73,-
21-Nov-97,15.2,15.2,15.2,15.2,5.75,-
24-Nov-97,15.04,15.04,15.04,15.04,5.69,-
25-Nov-97,15.05,15.05,15.05,15.05,5.7,-
26-Nov-97,15.07,15.07,15.07,15.07,5.7,-
28-Nov-97,15.11,15.11,15.11,15.11,5.72,-
1-Dec-97,15.29,15.29,15.29,15.29,5.79,-
2-Dec-97,15.27,15.27,15.27,15.27,5.78,-
3-Dec-97,15.31,15.31,15.31,15.31,5.79,-
4-Dec-97,15.3,15.3,15.3,15.3,5.79,-
5-Dec-97,15.37,15.37,15.37,15.37,5.82,-
8-Dec-97,15.36,15.36,15.36,15.36,5.81,-
9-Dec-97,15.3,15.3,15.3,15.3,5.79,-
10-Dec-97,15.25,15.25,15.25,15.25,5.77,-
11-Dec-97,15.12,15.12,15.12,15.12,5.72,-
12-Dec-97,15.13,15.13,15.13,15.13,5.73,-
15-Dec-97,15.18,15.18,15.18,15.18,5.75,-
16-Dec-97,15.24,15.24,15.24,15.24,5.77,-
17-Dec-97,15.24,15.24,15.24,15.24,5.77,-
18-Dec-97,15.17,15.17,15.17,15.17,5.74,-
19-Dec-97,15.09,15.09,15.09,15.09,5.71,-
22-Dec-97,15.12,15.12,15.12,15.12,5.72,-
23-Dec-97,15.03,15.03,15.03,15.03,5.69,-
24-Dec-97,14.99,14.99,14.99,14.99,5.67,-
26-Dec-97,15.02,15.02,15.02,15.02,5.68,-
29-Dec-97,14.66,14.66,14.66,14.66,5.75,-
30-Dec-97,14.79,14.79,14.79,14.79,5.8,-
31-Dec-97,14.79,14.79,14.79,14.79,5.8,-
2-Jan-98,14.87,14.87,14.87,14.87,5.83,-
5-Jan-98,14.93,14.93,14.93,14.93,5.85,-
6-Jan-98,14.83,14.83,14.83,14.83,5.81,-
7-Jan-98,14.79,14.79,14.79,14.79,5.8,-
8-Jan-98,14.73,14.73,14.73,14.73,5.77,-
9-Jan-98,14.51,14.51,14.51,14.51,5.69,-
12-Jan-98,14.54,14.54,14.54,14.54,5.7,-
13-Jan-98,14.67,14.67,14.67,14.67,5.75,-
14-Jan-98,14.73,14.73,14.73,14.73,5.77,-
15-Jan-98,14.68,14.68,14.68,14.68,5.75,-
16-Jan-98,14.79,14.79,14.79,14.79,5.8,-
20-Jan-98,14.94,14.94,14.94,14.94,5.86,-
21-Jan-98,14.89,14.89,14.89,14.89,5.84,-
22-Jan-98,14.82,14.82,14.82,14.82,5.81,-
23-Jan-98,14.76,14.76,14.76,14.76,5.78,-
26-Jan-98,14.78,14.78,14.78,14.78,5.79,-
27-Jan-98,14.85,14.85,14.85,14.85,5.82,-
28-Jan-98,14.94,14.94,14.94,14.94,5.86,-
29-Jan-98,15.03,15.03,15.03,15.03,5.89,-
30-Jan-98,15.01,15.01,15.01,15.01,5.88,-
2-Feb-98,15.18,15.18,15.18,15.18,5.95,-
3-Feb-98,15.25,15.25,15.25,15.25,5.98,-
4-Feb-98,15.26,15.26,15.26,15.26,5.98,-
5-Feb-98,15.26,15.26,15.26,15.26,5.98,-
6-Feb-98,15.33,15.33,15.33,15.33,6.01,-
9-Feb-98,15.31,15.31,15.31,15.31,6.0,-
10-Feb-98,15.39,15.39,15.39,15.39,6.03,-
11-Feb-98,15.42,15.42,15.42,15.42,6.04,-
12-Feb-98,15.44,15.44,15.44,15.44,6.05,-
13-Feb-98,15.41,15.41,15.41,15.41,6.04,-
17-Feb-98,15.46,15.46,15.46,15.46,6.06,-
18-Feb-98,15.52,15.52,15.52,15.52,6.08,-
19-Feb-98,15.49,15.49,15.49,15.49,6.07,-
20-Feb-98,15.52,15.52,15.52,15.52,6.08,-
23-Feb-98,15.55,15.55,15.55,15.55,6.09,-
24-Feb-98,15.46,15.46,15.46,15.46,6.06,-
25-Feb-98,15.58,15.58,15.58,15.58,6.11,-
26-Feb-98,15.64,15.64,15.64,15.64,6.13,-
27-Feb-98,15.66,15.66,15.66,15.66,6.14,-
2-Mar-98,15.66,15.66,15.66,15.66,6.14,-
3-Mar-98,15.66,15.66,15.66,15.66,6.14,-
4-Mar-98,15.62,15.62,15.62,15.62,6.12,-
5-Mar-98,15.5,15.5,15.5,15.5,6.07,-
6-Mar-98,15.7,15.7,15.7,15.7,6.15,-
9-Mar-98,15.69,15.69,15.69,15.69,6.15,-
10-Mar-98,15.79,15.79,15.79,15.79,6.19,-
11-Mar-98,15.83,15.83,15.83,15.83,6.2,-
12-Mar-98,15.87,15.87,15.87,15.87,6.22,-
13-Mar-98,15.89,15.89,15.89,15.89,6.23,-
16-Mar-98,15.97,15.97,15.97,15.97,6.26,-
17-Mar-98,15.99,15.99,15.99,15.99,6.27,-
18-Mar-98,16.01,16.01,16.01,16.01,6.27,-
19-Mar-98,16.04,16.04,16.04,16.04,6.29,-
20-Mar-98,16.11,16.11,16.11,16.11,6.31,-
23-Mar-98,16.1,16.1,16.1,16.1,6.31,-
24-Mar-98,16.18,16.18,16.18,16.18,6.34,-
25-Mar-98,16.15,16.15,16.15,16.15,6.33,-
26-Mar-98,16.14,16.14,16.14,16.14,6.33,-
27-Mar-98,16.1,16.1,16.1,16.1,6.31,-
30-Mar-98,16.05,16.05,16.05,16.05,6.29,-
31-Mar-98,16.13,16.13,16.13,16.13,6.32,-
1-Apr-98,16.21,16.21,16.21,16.21,6.35,-
2-Apr-98,16.3,16.3,16.3,16.3,6.39,-
3-Apr-98,16.36,16.36,16.36,16.36,6.41,-
6-Apr-98,16.33,16.33,16.33,16.33,6.4,-
7-Apr-98,16.25,16.25,16.25,16.25,6.37,-
8-Apr-98,16.2,16.2,16.2,16.2,6.35,-
9-Apr-98,16.29,16.29,16.29,16.29,6.38,-
13-Apr-98,16.26,16.26,16.26,16.26,6.37,-
14-Apr-98,16.34,16.34,16.34,16.34,6.4,-
15-Apr-98,16.38,16.38,16.38,16.38,6.42,-
16-Apr-98,16.28,16.28,16.28,16.28,6.38,-
17-Apr-98,16.37,16.37,16.37,16.37,6.42,-
20-Apr-98,16.38,16.38,16.38,16.38,6.42,-
21-Apr-98,16.39,16.39,16.39,16.39,6.42,-
22-Apr-98,16.41,16.41,16.41,16.41,6.43,-
23-Apr-98,16.31,16.31,16.31,16.31,6.39,-
24-Apr-98,16.24,16.24,16.24,16.24,6.36,-
27-Apr-98,16,16.0,16.0,16.0,6.27,-
28-Apr-98,16.02,16.02,16.02,16.02,6.28,-
29-Apr-98,16.08,16.08,16.08,16.08,6.3,-
30-Apr-98,16.27,16.27,16.27,16.27,6.38,-
1-May-98,16.35,16.35,16.35,16.35,6.41,-
4-May-98,16.38,16.38,16.38,16.38,6.42,-
5-May-98,16.31,16.31,16.31,16.31,6.39,-
6-May-98,16.25,16.25,16.25,16.25,6.37,-
7-May-98,16.17,16.17,16.17,16.17,6.34,-
8-May-98,16.25,16.25,16.25,16.25,6.37,-
11-May-98,16.23,16.23,16.23,16.23,6.36,-
12-May-98,16.29,16.29,16.29,16.29,6.38,-
13-May-98,16.31,16.31,16.31,16.31,6.39,-
14-May-98,16.29,16.29,16.29,16.29,6.38,-
15-May-98,16.23,16.23,16.23,16.23,6.36,-
18-May-98,16.2,16.2,16.2,16.2,6.35,-
19-May-98,16.24,16.24,16.24,16.24,6.36,-
20-May-98,16.32,16.32,16.32,16.32,6.4,-
21-May-98,16.29,16.29,16.29,16.29,6.38,-
22-May-98,16.27,16.27,16.27,16.27,6.38,-
26-May-98,16.17,16.17,16.17,16.17,6.34,-
27-May-98,16.13,16.13,16.13,16.13,6.32,-
28-May-98,16.16,16.16,16.16,16.16,6.33,-
29-May-98,16.13,16.13,16.13,16.13,6.32,-
1-Jun-98,16.12,16.12,16.12,16.12,6.32,-
2-Jun-98,16.13,16.13,16.13,16.13,6.32,-
3-Jun-98,16.08,16.08,16.08,16.08,6.3,-
4-Jun-98,16.16,16.16,16.16,16.16,6.33,-
5-Jun-98,16.3,16.3,16.3,16.3,6.39,-
8-Jun-98,16.32,16.32,16.32,16.32,6.4,-
9-Jun-98,16.34,16.34,16.34,16.34,6.4,-
10-Jun-98,16.3,16.3,16.3,16.3,6.39,-
11-Jun-98,16.16,16.16,16.16,16.16,6.33,-
12-Jun-98,16.16,16.16,16.16,16.16,6.33,-
15-Jun-98,15.98,15.98,15.98,15.98,6.26,-
16-Jun-98,16.06,16.06,16.06,16.06,6.29,-
17-Jun-98,16.22,16.22,16.22,16.22,6.36,-
18-Jun-98,16.23,16.23,16.23,16.23,6.36,-
19-Jun-98,16.2,16.2,16.2,16.2,6.35,-
22-Jun-98,16.21,16.21,16.21,16.21,6.35,-
23-Jun-98,16.33,16.33,16.33,16.33,6.4,-
24-Jun-98,16.42,16.42,16.42,16.42,6.44,-
25-Jun-98,16.42,16.42,16.42,16.42,6.44,-
26-Jun-98,16.25,16.25,16.25,16.25,6.44,-
29-Jun-98,16.31,16.31,16.31,16.31,6.47,-
30-Jun-98,16.31,16.31,16.31,16.31,6.47,-
1-Jul-98,16.43,16.43,16.43,16.43,6.51,-
2-Jul-98,16.43,16.43,16.43,16.43,6.51,-
6-Jul-98,16.53,16.53,16.53,16.53,6.55,-
7-Jul-98,16.51,16.51,16.51,16.51,6.55,-
8-Jul-98,16.58,16.58,16.58,16.58,6.57,-
9-Jul-98,16.53,16.53,16.53,16.53,6.55,-
10-Jul-98,16.54,16.54,16.54,16.54,6.56,-
13-Jul-98,16.56,16.56,16.56,16.56,6.57,-
14-Jul-98,16.65,16.65,16.65,16.65,6.6,-
15-Jul-98,16.65,16.65,16.65,16.65,6.6,-
16-Jul-98,16.71,16.71,16.71,16.71,6.63,-
17-Jul-98,16.75,16.75,16.75,16.75,6.64,-
20-Jul-98,16.76,16.76,16.76,16.76,6.65,-
21-Jul-98,16.62,16.62,16.62,16.62,6.59,-
22-Jul-98,16.57,16.57,16.57,16.57,6.57,-
23-Jul-98,16.4,16.4,16.4,16.4,6.5,-
24-Jul-98,16.39,16.39,16.39,16.39,6.5,-
27-Jul-98,16.38,16.38,16.38,16.38,6.49,-
28-Jul-98,16.25,16.25,16.25,16.25,6.44,-
29-Jul-98,16.21,16.21,16.21,16.21,6.43,-
30-Jul-98,16.35,16.35,16.35,16.35,6.48,-
31-Jul-98,16.18,16.18,16.18,16.18,6.42,-
3-Aug-98,16.11,16.11,16.11,16.11,6.39,-
4-Aug-98,15.83,15.83,15.83,15.83,6.28,-
5-Aug-98,15.86,15.86,15.86,15.86,6.29,-
6-Aug-98,15.92,15.92,15.92,15.92,6.31,-
7-Aug-98,15.97,15.97,15.97,15.97,6.33,-
10-Aug-98,15.9,15.9,15.9,15.9,6.3,-
11-Aug-98,15.74,15.74,15.74,15.74,6.24,-
12-Aug-98,15.87,15.87,15.87,15.87,6.29,-
13-Aug-98,15.77,15.77,15.77,15.77,6.25,-
14-Aug-98,15.7,15.7,15.7,15.7,6.23,-
17-Aug-98,15.84,15.84,15.84,15.84,6.28,-
18-Aug-98,16.01,16.01,16.01,16.01,6.35,-
19-Aug-98,15.99,15.99,15.99,15.99,6.34,-
20-Aug-98,15.94,15.94,15.94,15.94,6.32,-
21-Aug-98,15.81,15.81,15.81,15.81,6.27,-
24-Aug-98,15.85,15.85,15.85,15.85,6.28,-
25-Aug-98,15.91,15.91,15.91,15.91,6.31,-
26-Aug-98,15.79,15.79,15.79,15.79,6.26,-
27-Aug-98,15.44,15.44,15.44,15.44,6.12,-
28-Aug-98,15.32,15.32,15.32,15.32,6.07,-
31-Aug-98,14.81,14.81,14.81,14.81,5.87,-
1-Sep-98,15.09,15.09,15.09,15.09,5.98,-
2-Sep-98,15.09,15.09,15.09,15.09,5.98,-
3-Sep-98,15.02,15.02,15.02,15.02,5.96,-
4-Sep-98,14.96,14.96,14.96,14.96,5.93,-
8-Sep-98,15.42,15.42,15.42,15.42,6.11,-
9-Sep-98,15.25,15.25,15.25,15.25,6.05,-
10-Sep-98,15.04,15.04,15.04,15.04,5.96,-
11-Sep-98,15.27,15.27,15.27,15.27,6.05,-
14-Sep-98,15.45,15.45,15.45,15.45,6.13,-
15-Sep-98,15.51,15.51,15.51,15.51,6.15,-
16-Sep-98,15.61,15.61,15.61,15.61,6.19,-
17-Sep-98,15.37,15.37,15.37,15.37,6.09,-
18-Sep-98,15.39,15.39,15.39,15.39,6.1,-
21-Sep-98,15.36,15.36,15.36,15.36,6.09,-
22-Sep-98,15.44,15.44,15.44,15.44,6.12,-
23-Sep-98,15.77,15.77,15.77,15.77,6.25,-
24-Sep-98,15.6,15.6,15.6,15.6,6.19,-
25-Sep-98,15.59,15.59,15.59,15.59,6.18,-
28-Sep-98,15.65,15.65,15.65,15.65,6.21,-
29-Sep-98,15.65,15.65,15.65,15.65,6.21,-
30-Sep-98,15.41,15.41,15.41,15.41,6.11,-
1-Oct-98,15.13,15.13,15.13,15.13,6.0,-
2-Oct-98,15.24,15.24,15.24,15.24,6.04,-
5-Oct-98,15.1,15.1,15.1,15.1,5.99,-
6-Oct-98,15.09,15.09,15.09,15.09,5.98,-
7-Oct-98,14.98,14.98,14.98,14.98,5.94,-
8-Oct-98,14.75,14.75,14.75,14.75,5.85,-
9-Oct-98,14.93,14.93,14.93,14.93,5.92,-
12-Oct-98,15.12,15.12,15.12,15.12,6.0,-
13-Oct-98,15.09,15.09,15.09,15.09,5.98,-
14-Oct-98,15.24,15.24,15.24,15.24,6.04,-
15-Oct-98,15.65,15.65,15.65,15.65,6.21,-
16-Oct-98,15.77,15.77,15.77,15.77,6.25,-
19-Oct-98,15.82,15.82,15.82,15.82,6.27,-
20-Oct-98,15.86,15.86,15.86,15.86,6.29,-
21-Oct-98,15.88,15.88,15.88,15.88,6.3,-
22-Oct-98,15.96,15.96,15.96,15.96,6.33,-
23-Oct-98,15.88,15.88,15.88,15.88,6.3,-
26-Oct-98,15.92,15.92,15.92,15.92,6.31,-
27-Oct-98,15.93,15.93,15.93,15.93,6.32,-
28-Oct-98,15.92,15.92,15.92,15.92,6.31,-
29-Oct-98,16.09,16.09,16.09,16.09,6.38,-
30-Oct-98,16.18,16.18,16.18,16.18,6.42,-
2-Nov-98,16.31,16.31,16.31,16.31,6.47,-
3-Nov-98,16.3,16.3,16.3,16.3,6.46,-
4-Nov-98,16.37,16.37,16.37,16.37,6.49,-
5-Nov-98,16.48,16.48,16.48,16.48,6.53,-
6-Nov-98,16.51,16.51,16.51,16.51,6.55,-
9-Nov-98,16.43,16.43,16.43,16.43,6.51,-
10-Nov-98,16.41,16.41,16.41,16.41,6.51,-
11-Nov-98,16.38,16.38,16.38,16.38,6.49,-
12-Nov-98,16.35,16.35,16.35,16.35,6.48,-
13-Nov-98,16.4,16.4,16.4,16.4,6.5,-
16-Nov-98,16.51,16.51,16.51,16.51,6.55,-
17-Nov-98,16.51,16.51,16.51,16.51,6.55,-
18-Nov-98,16.58,16.58,16.58,16.58,6.57,-
19-Nov-98,16.66,16.66,16.66,16.66,6.61,-
20-Nov-98,16.76,16.76,16.76,16.76,6.65,-
23-Nov-98,16.94,16.94,16.94,16.94,6.72,-
24-Nov-98,16.91,16.91,16.91,16.91,6.71,-
25-Nov-98,16.94,16.94,16.94,16.94,6.72,-
27-Nov-98,17.02,17.02,17.02,17.02,6.75,-
30-Nov-98,16.82,16.82,16.82,16.82,6.67,-
1-Dec-98,16.88,16.88,16.88,16.88,6.69,-
2-Dec-98,16.88,16.88,16.88,16.88,6.69,-
3-Dec-98,16.75,16.75,16.75,16.75,6.64,-
4-Dec-98,16.91,16.91,16.91,16.91,6.71,-
7-Dec-98,16.97,16.97,16.97,16.97,6.73,-
8-Dec-98,16.97,16.97,16.97,16.97,6.73,-
9-Dec-98,17.02,17.02,17.02,17.02,6.75,-
10-Dec-98,16.89,16.89,16.89,16.89,6.7,-
11-Dec-98,16.84,16.84,16.84,16.84,6.68,-
14-Dec-98,16.66,16.66,16.66,16.66,6.61,-
15-Dec-98,16.78,16.78,16.78,16.78,6.65,-
16-Dec-98,16.81,16.81,16.81,16.81,6.67,-
17-Dec-98,16.95,16.95,16.95,16.95,6.72,-
18-Dec-98,17.02,17.02,17.02,17.02,6.75,-
21-Dec-98,17.13,17.13,17.13,17.13,6.79,-
22-Dec-98,17.1,17.1,17.1,17.1,6.78,-
23-Dec-98,17.26,17.26,17.26,17.26,6.84,-
24-Dec-98,17.24,17.24,17.24,17.24,6.84,-
28-Dec-98,17.29,17.29,17.29,17.29,6.86,-
29-Dec-98,16.86,16.86,16.86,16.86,6.91,-
30-Dec-98,16.82,16.82,16.82,16.82,6.89,-
31-Dec-98,16.86,16.86,16.86,16.86,6.91,-
4-Jan-99,16.87,16.87,16.87,16.87,6.92,-
5-Jan-99,16.97,16.97,16.97,16.97,6.96,-
6-Jan-99,17.19,17.19,17.19,17.19,7.05,-
7-Jan-99,17.16,17.16,17.16,17.16,7.03,-
8-Jan-99,17.16,17.16,17.16,17.16,7.03,-
11-Jan-99,17.08,17.08,17.08,17.08,7.0,-
12-Jan-99,16.92,16.92,16.92,16.92,6.94,-
13-Jan-99,16.85,16.85,16.85,16.85,6.91,-
14-Jan-99,16.76,16.76,16.76,16.76,6.87,-
15-Jan-99,16.94,16.94,16.94,16.94,6.94,-
19-Jan-99,17.03,17.03,17.03,17.03,6.98,-
20-Jan-99,17.07,17.07,17.07,17.07,7.0,-
21-Jan-99,16.92,16.92,16.92,16.92,6.94,-
22-Jan-99,16.86,16.86,16.86,16.86,6.91,-
25-Jan-99,16.9,16.9,16.9,16.9,6.93,-
26-Jan-99,17.03,17.03,17.03,17.03,6.98,-
27-Jan-99,16.96,16.96,16.96,16.96,6.95,-
28-Jan-99,17.11,17.11,17.11,17.11,7.01,-
29-Jan-99,17.22,17.22,17.22,17.22,7.06,-
1-Feb-99,17.16,17.16,17.16,17.16,7.03,-
2-Feb-99,17.08,17.08,17.08,17.08,7.0,-
3-Feb-99,17.13,17.13,17.13,17.13,7.02,-
4-Feb-99,16.94,16.94,16.94,16.94,6.94,-
5-Feb-99,16.85,16.85,16.85,16.85,6.91,-
8-Feb-99,16.86,16.86,16.86,16.86,6.91,-
9-Feb-99,16.67,16.67,16.67,16.67,6.83,-
10-Feb-99,16.68,16.68,16.68,16.68,6.84,-
11-Feb-99,16.91,16.91,16.91,16.91,6.93,-
12-Feb-99,16.71,16.71,16.71,16.71,6.85,-
16-Feb-99,16.78,16.78,16.78,16.78,6.88,-
17-Feb-99,16.67,16.67,16.67,16.67,6.83,-
18-Feb-99,16.74,16.74,16.74,16.74,6.86,-
19-Feb-99,16.74,16.74,16.74,16.74,6.86,-
22-Feb-99,16.98,16.98,16.98,16.98,6.96,-
23-Feb-99,16.97,16.97,16.97,16.97,6.96,-
24-Feb-99,16.83,16.83,16.83,16.83,6.9,-
25-Feb-99,16.74,16.74,16.74,16.74,6.86,-
26-Feb-99,16.7,16.7,16.7,16.7,6.85,-
1-Mar-99,16.65,16.65,16.65,16.65,6.83,-
2-Mar-99,16.6,16.6,16.6,16.6,6.8,-
3-Mar-99,16.59,16.59,16.59,16.59,6.8,-
4-Mar-99,16.69,16.69,16.69,16.69,6.84,-
5-Mar-99,16.94,16.94,16.94,16.94,6.94,-
8-Mar-99,17.01,17.01,17.01,17.01,6.97,-
9-Mar-99,17.03,17.03,17.03,17.03,6.98,-
10-Mar-99,17.09,17.09,17.09,17.09,7.01,-
11-Mar-99,17.18,17.18,17.18,17.18,7.04,-
12-Mar-99,17.18,17.18,17.18,17.18,7.04,-
15-Mar-99,17.28,17.28,17.28,17.28,7.08,-
16-Mar-99,17.29,17.29,17.29,17.29,7.09,-
17-Mar-99,17.25,17.25,17.25,17.25,7.07,-
18-Mar-99,17.35,17.35,17.35,17.35,7.11,-
19-Mar-99,17.23,17.23,17.23,17.23,7.06,-
22-Mar-99,17.19,17.19,17.19,17.19,7.05,-
23-Mar-99,16.94,16.94,16.94,16.94,6.94,-
24-Mar-99,16.98,16.98,16.98,16.98,6.96,-
25-Mar-99,17.14,17.14,17.14,17.14,7.03,-
26-Mar-99,17.08,17.08,17.08,17.08,7.0,-
29-Mar-99,17.25,17.25,17.25,17.25,7.07,-
30-Mar-99,17.22,17.22,17.22,17.22,7.06,-
31-Mar-99,17.14,17.14,17.14,17.14,7.03,-
1-Apr-99,17.18,17.18,17.18,17.18,7.04,-
5-Apr-99,17.38,17.38,17.38,17.38,7.12,-
6-Apr-99,17.41,17.41,17.41,17.41,7.14,-
7-Apr-99,17.48,17.48,17.48,17.48,7.17,-
8-Apr-99,17.64,17.64,17.64,17.64,7.23,-
9-Apr-99,17.67,17.67,17.67,17.67,7.24,-
12-Apr-99,17.75,17.75,17.75,17.75,7.28,-
13-Apr-99,17.7,17.7,17.7,17.7,7.26,-
14-Apr-99,17.58,17.58,17.58,17.58,7.21,-
15-Apr-99,17.52,17.52,17.52,17.52,7.18,-
16-Apr-99,17.49,17.49,17.49,17.49,7.17,-
19-Apr-99,17.33,17.33,17.33,17.33,7.1,-
20-Apr-99,17.42,17.42,17.42,17.42,7.14,-
21-Apr-99,17.62,17.62,17.62,17.62,7.22,-
22-Apr-99,17.74,17.74,17.74,17.74,7.27,-
23-Apr-99,17.74,17.74,17.74,17.74,7.27,-
26-Apr-99,17.8,17.8,17.8,17.8,7.3,-
27-Apr-99,17.85,17.85,17.85,17.85,7.32,-
28-Apr-99,17.76,17.76,17.76,17.76,7.28,-
29-Apr-99,17.72,17.72,17.72,17.72,7.26,-
30-Apr-99,17.63,17.63,17.63,17.63,7.23,-
3-May-99,17.75,17.75,17.75,17.75,7.28,-
4-May-99,17.6,17.6,17.6,17.6,7.21,-
5-May-99,17.69,17.69,17.69,17.69,7.25,-
6-May-99,17.57,17.57,17.57,17.57,7.2,-
7-May-99,17.64,17.64,17.64,17.64,7.23,-
10-May-99,17.65,17.65,17.65,17.65,7.23,-
11-May-99,17.7,17.7,17.7,17.7,7.26,-
12-May-99,17.76,17.76,17.76,17.76,7.28,-
13-May-99,17.83,17.83,17.83,17.83,7.31,-
14-May-99,17.55,17.55,17.55,17.55,7.19,-
17-May-99,17.52,17.52,17.52,17.52,7.18,-
18-May-99,17.5,17.5,17.5,17.5,7.17,-
19-May-99,17.6,17.6,17.6,17.6,7.21,-
20-May-99,17.57,17.57,17.57,17.57,7.2,-
21-May-99,17.53,17.53,17.53,17.53,7.19,-
24-May-99,17.39,17.39,17.39,17.39,7.13,-
25-May-99,17.23,17.23,17.23,17.23,7.06,-
26-May-99,17.32,17.32,17.32,17.32,7.1,-
27-May-99,17.16,17.16,17.16,17.16,7.03,-
28-May-99,17.28,17.28,17.28,17.28,7.08,-
1-Jun-99,17.2,17.2,17.2,17.2,7.05,-
2-Jun-99,17.2,17.2,17.2,17.2,7.05,-
3-Jun-99,17.23,17.23,17.23,17.23,7.06,-
4-Jun-99,17.39,17.39,17.39,17.39,7.13,-
7-Jun-99,17.46,17.46,17.46,17.46,7.16,-
8-Jun-99,17.37,17.37,17.37,17.37,7.12,-
9-Jun-99,17.38,17.38,17.38,17.38,7.12,-
10-Jun-99,17.26,17.26,17.26,17.26,7.08,-
11-Jun-99,17.18,17.18,17.18,17.18,7.04,-
14-Jun-99,17.15,17.15,17.15,17.15,7.03,-
15-Jun-99,17.2,17.2,17.2,17.2,7.05,-
16-Jun-99,17.4,17.4,17.4,17.4,7.13,-
17-Jun-99,17.54,17.54,17.54,17.54,7.19,-
18-Jun-99,17.55,17.55,17.55,17.55,7.19,-
21-Jun-99,17.58,17.58,17.58,17.58,7.21,-
22-Jun-99,17.49,17.49,17.49,17.49,7.17,-
23-Jun-99,17.42,17.42,17.42,17.42,7.14,-
24-Jun-99,17.29,17.29,17.29,17.29,7.09,-
25-Jun-99,17.07,17.07,17.07,17.07,7.09,-
28-Jun-99,17.2,17.2,17.2,17.2,7.15,-
29-Jun-99,17.33,17.33,17.33,17.33,7.2,-
30-Jun-99,17.51,17.51,17.51,17.51,7.27,-
1-Jul-99,17.57,17.57,17.57,17.57,7.3,-
2-Jul-99,17.66,17.66,17.66,17.66,7.34,-
6-Jul-99,17.65,17.65,17.65,17.65,7.33,-
7-Jul-99,17.66,17.66,17.66,17.66,7.34,-
8-Jul-99,17.68,17.68,17.68,17.68,7.34,-
9-Jul-99,17.73,17.73,17.73,17.73,7.37,-
12-Jul-99,17.76,17.76,17.76,17.76,7.38,-
13-Jul-99,17.72,17.72,17.72,17.72,7.36,-
14-Jul-99,17.76,17.76,17.76,17.76,7.38,-
15-Jul-99,17.86,17.86,17.86,17.86,7.42,-
16-Jul-99,17.9,17.9,17.9,17.9,7.44,-
19-Jul-99,17.86,17.86,17.86,17.86,7.42,-
20-Jul-99,17.66,17.66,17.66,17.66,7.34,-
21-Jul-99,17.67,17.67,17.67,17.67,7.34,-
22-Jul-99,17.5,17.5,17.5,17.5,7.27,-
23-Jul-99,17.42,17.42,17.42,17.42,7.24,-
26-Jul-99,17.35,17.35,17.35,17.35,7.21,-
27-Jul-99,17.46,17.46,17.46,17.46,7.25,-
28-Jul-99,17.49,17.49,17.49,17.49,7.27,-
29-Jul-99,17.31,17.31,17.31,17.31,7.19,-
30-Jul-99,17.25,17.25,17.25,17.25,7.17,-
2-Aug-99,17.23,17.23,17.23,17.23,7.16,-
3-Aug-99,17.16,17.16,17.16,17.16,7.13,-
4-Aug-99,17.06,17.06,17.06,17.06,7.09,-
5-Aug-99,17.1,17.1,17.1,17.1,7.1,-
6-Aug-99,16.96,16.96,16.96,16.96,7.05,-
9-Aug-99,16.9,16.9,16.9,16.9,7.02,-
10-Aug-99,16.78,16.78,16.78,16.78,6.97,-
11-Aug-99,16.93,16.93,16.93,16.93,7.03,-
12-Aug-99,16.94,16.94,16.94,16.94,7.04,-
13-Aug-99,17.16,17.16,17.16,17.16,7.13,-
16-Aug-99,17.21,17.21,17.21,17.21,7.15,-
17-Aug-99,17.33,17.33,17.33,17.33,7.2,-
18-Aug-99,17.28,17.28,17.28,17.28,7.18,-
19-Aug-99,17.21,17.21,17.21,17.21,7.15,-
20-Aug-99,17.32,17.32,17.32,17.32,7.2,-
23-Aug-99,17.48,17.48,17.48,17.48,7.26,-
24-Aug-99,17.51,17.51,17.51,17.51,7.27,-
25-Aug-99,17.67,17.67,17.67,17.67,7.34,-
26-Aug-99,17.54,17.54,17.54,17.54,7.29,-
27-Aug-99,17.41,17.41,17.41,17.41,7.23,-
30-Aug-99,17.23,17.23,17.23,17.23,7.16,-
31-Aug-99,17.18,17.18,17.18,17.18,7.14,-
1-Sep-99,17.27,17.27,17.27,17.27,7.17,-
2-Sep-99,17.17,17.17,17.17,17.17,7.13,-
3-Sep-99,17.47,17.47,17.47,17.47,7.26,-
7-Sep-99,17.42,17.42,17.42,17.42,7.24,-
8-Sep-99,17.38,17.38,17.38,17.38,7.22,-
9-Sep-99,17.42,17.42,17.42,17.42,7.24,-
10-Sep-99,17.47,17.47,17.47,17.47,7.26,-
13-Sep-99,17.42,17.42,17.42,17.42,7.24,-
14-Sep-99,17.35,17.35,17.35,17.35,7.21,-
15-Sep-99,17.25,17.25,17.25,17.25,7.17,-
16-Sep-99,17.25,17.25,17.25,17.25,7.17,-
17-Sep-99,17.36,17.36,17.36,17.36,7.21,-
20-Sep-99,17.36,17.36,17.36,17.36,7.21,-
21-Sep-99,17.19,17.19,17.19,17.19,7.14,-
22-Sep-99,17.21,17.21,17.21,17.21,7.15,-
23-Sep-99,17.06,17.06,17.06,17.06,7.09,-
24-Sep-99,17.06,17.06,17.06,17.06,7.09,-
27-Sep-99,17.06,17.06,17.06,17.06,7.09,-
28-Sep-99,17.03,17.03,17.03,17.03,7.07,-
29-Sep-99,16.93,16.93,16.93,16.93,7.03,-
30-Sep-99,17.07,17.07,17.07,17.07,7.09,-
1-Oct-99,17.02,17.02,17.02,17.02,7.07,-
4-Oct-99,17.18,17.18,17.18,17.18,7.14,-
5-Oct-99,17.14,17.14,17.14,17.14,7.12,-
6-Oct-99,17.29,17.29,17.29,17.29,7.18,-
7-Oct-99,17.27,17.27,17.27,17.27,7.17,-
8-Oct-99,17.37,17.37,17.37,17.37,7.22,-
11-Oct-99,17.4,17.4,17.4,17.4,7.23,-
12-Oct-99,17.24,17.24,17.24,17.24,7.16,-
13-Oct-99,17.02,17.02,17.02,17.02,7.07,-
14-Oct-99,17,17.0,17.0,17.0,7.06,-
15-Oct-99,16.81,16.81,16.81,16.81,6.98,-
18-Oct-99,16.79,16.79,16.79,16.79,6.98,-
19-Oct-99,16.84,16.84,16.84,16.84,7.0,-
20-Oct-99,17.02,17.02,17.02,17.02,7.07,-
21-Oct-99,16.98,16.98,16.98,16.98,7.05,-
22-Oct-99,17.1,17.1,17.1,17.1,7.1,-
25-Oct-99,17.06,17.06,17.06,17.06,7.09,-
26-Oct-99,17,17.0,17.0,17.0,7.06,-
27-Oct-99,17.09,17.09,17.09,17.09,7.1,-
28-Oct-99,17.42,17.42,17.42,17.42,7.24,-
29-Oct-99,17.65,17.65,17.65,17.65,7.33,-
1-Nov-99,17.6,17.6,17.6,17.6,7.31,-
2-Nov-99,17.58,17.58,17.58,17.58,7.3,-
3-Nov-99,17.65,17.65,17.65,17.65,7.33,-
4-Nov-99,17.74,17.74,17.74,17.74,7.37,-
5-Nov-99,17.83,17.83,17.83,17.83,7.41,-
8-Nov-99,17.86,17.86,17.86,17.86,7.42,-
9-Nov-99,17.81,17.81,17.81,17.81,7.4,-
10-Nov-99,17.86,17.86,17.86,17.86,7.42,-
11-Nov-99,17.91,17.91,17.91,17.91,7.44,-
12-Nov-99,18.03,18.03,18.03,18.03,7.49,-
15-Nov-99,18.04,18.04,18.04,18.04,7.49,-
16-Nov-99,18.18,18.18,18.18,18.18,7.55,-
17-Nov-99,18.11,18.11,18.11,18.11,7.52,-
18-Nov-99,18.2,18.2,18.2,18.2,7.56,-
19-Nov-99,18.19,18.19,18.19,18.19,7.56,-
22-Nov-99,18.17,18.17,18.17,18.17,7.55,-
23-Nov-99,18.08,18.08,18.08,18.08,7.51,-
24-Nov-99,18.13,18.13,18.13,18.13,7.53,-
26-Nov-99,18.16,18.16,18.16,18.16,7.54,-
29-Nov-99,18.07,18.07,18.07,18.07,7.51,-
30-Nov-99,17.95,17.95,17.95,17.95,7.46,-
1-Dec-99,18,18.0,18.0,18.0,7.48,-
2-Dec-99,18.07,18.07,18.07,18.07,7.51,-
3-Dec-99,18.27,18.27,18.27,18.27,7.59,-
6-Dec-99,18.26,18.26,18.26,18.26,7.59,-
7-Dec-99,18.25,18.25,18.25,18.25,7.58,-
8-Dec-99,18.22,18.22,18.22,18.22,7.57,-
9-Dec-99,18.25,18.25,18.25,18.25,7.58,-
10-Dec-99,18.33,18.33,18.33,18.33,7.62,-
13-Dec-99,18.32,18.32,18.32,18.32,7.61,-
14-Dec-99,18.15,18.15,18.15,18.15,7.54,-
15-Dec-99,18.17,18.17,18.17,18.17,7.55,-
16-Dec-99,18.2,18.2,18.2,18.2,7.56,-
17-Dec-99,18.22,18.22,18.22,18.22,7.57,-
20-Dec-99,18.2,18.2,18.2,18.2,7.56,-
21-Dec-99,18.3,18.3,18.3,18.3,7.6,-
22-Dec-99,18.35,18.35,18.35,18.35,7.62,-
23-Dec-99,18.04,18.04,18.04,18.04,7.68,-
27-Dec-99,18.05,18.05,18.05,18.05,7.69,-
28-Dec-99,18.06,18.06,18.06,18.06,7.69,-
29-Dec-99,18.13,18.13,18.13,18.13,7.72,-
30-Dec-99,18.16,18.16,18.16,18.16,7.73,-
31-Dec-99,18.18,18.18,18.18,18.18,7.74,-
3-Jan-00,18.08,18.08,18.08,18.08,7.7,-
4-Jan-00,17.75,17.75,17.75,17.75,7.56,-
5-Jan-00,17.66,17.66,17.66,17.66,7.52,-
6-Jan-00,17.65,17.65,17.65,17.65,7.52,-
7-Jan-00,17.93,17.93,17.93,17.93,7.64,-
10-Jan-00,18.06,18.06,18.06,18.06,7.69,-
11-Jan-00,17.88,17.88,17.88,17.88,7.61,-
12-Jan-00,17.82,17.82,17.82,17.82,7.59,-
13-Jan-00,17.99,17.99,17.99,17.99,7.66,-
14-Jan-00,18.09,18.09,18.09,18.09,7.7,-
18-Jan-00,18.02,18.02,18.02,18.02,7.67,-
19-Jan-00,18.05,18.05,18.05,18.05,7.69,-
20-Jan-00,18.01,18.01,18.01,18.01,7.67,-
21-Jan-00,18.02,18.02,18.02,18.02,7.67,-
24-Jan-00,17.83,17.83,17.83,17.83,7.59,-
25-Jan-00,17.86,17.86,17.86,17.86,7.61,-
26-Jan-00,17.86,17.86,17.86,17.86,7.61,-
27-Jan-00,17.86,17.86,17.86,17.86,7.61,-
28-Jan-00,17.65,17.65,17.65,17.65,7.52,-
31-Jan-00,17.73,17.73,17.73,17.73,7.55,-
1-Feb-00,17.86,17.86,17.86,17.86,7.61,-
2-Feb-00,17.9,17.9,17.9,17.9,7.62,-
3-Feb-00,18.1,18.1,18.1,18.1,7.71,-
4-Feb-00,18.09,18.09,18.09,18.09,7.7,-
7-Feb-00,18.06,18.06,18.06,18.06,7.69,-
8-Feb-00,18.23,18.23,18.23,18.23,7.76,-
9-Feb-00,18.05,18.05,18.05,18.05,7.69,-
10-Feb-00,18.06,18.06,18.06,18.06,7.69,-
11-Feb-00,17.93,17.93,17.93,17.93,7.64,-
14-Feb-00,17.97,17.97,17.97,17.97,7.65,-
15-Feb-00,17.99,17.99,17.99,17.99,7.66,-
16-Feb-00,17.94,17.94,17.94,17.94,7.64,-
17-Feb-00,17.99,17.99,17.99,17.99,7.66,-
18-Feb-00,17.8,17.8,17.8,17.8,7.58,-
22-Feb-00,17.86,17.86,17.86,17.86,7.61,-
23-Feb-00,17.92,17.92,17.92,17.92,7.63,-
24-Feb-00,17.94,17.94,17.94,17.94,7.64,-
25-Feb-00,17.85,17.85,17.85,17.85,7.6,-
28-Feb-00,17.87,17.87,17.87,17.87,7.61,-
29-Feb-00,18.04,18.04,18.04,18.04,7.68,-
1-Mar-00,18.18,18.18,18.18,18.18,7.74,-
2-Mar-00,18.21,18.21,18.21,18.21,7.76,-
3-Mar-00,18.42,18.42,18.42,18.42,7.84,-
6-Mar-00,18.33,18.33,18.33,18.33,7.81,-
7-Mar-00,18.14,18.14,18.14,18.14,7.73,-
8-Mar-00,18.18,18.18,18.18,18.18,7.74,-
9-Mar-00,18.4,18.4,18.4,18.4,7.84,-
10-Mar-00,18.35,18.35,18.35,18.35,7.81,-
13-Mar-00,18.21,18.21,18.21,18.21,7.76,-
14-Mar-00,18.06,18.06,18.06,18.06,7.69,-
15-Mar-00,18.16,18.16,18.16,18.16,7.73,-
16-Mar-00,18.58,18.58,18.58,18.58,7.91,-
17-Mar-00,18.66,18.66,18.66,18.66,7.95,-
20-Mar-00,18.56,18.56,18.56,18.56,7.9,-
21-Mar-00,18.75,18.75,18.75,18.75,7.99,-
22-Mar-00,18.83,18.83,18.83,18.83,8.02,-
23-Mar-00,18.99,18.99,18.99,18.99,8.09,-
24-Mar-00,18.87,18.87,18.87,18.87,8.08,-
27-Mar-00,18.85,18.85,18.85,18.85,8.07,-
28-Mar-00,18.75,18.75,18.75,18.75,8.03,-
29-Mar-00,18.69,18.69,18.69,18.69,8.01,-
30-Mar-00,18.57,18.57,18.57,18.57,7.95,-
31-Mar-00,18.7,18.7,18.7,18.7,8.01,-
3-Apr-00,18.62,18.62,18.62,18.62,7.98,-
4-Apr-00,18.59,18.59,18.59,18.59,7.96,-
5-Apr-00,18.54,18.54,18.54,18.54,7.94,-
6-Apr-00,18.66,18.66,18.66,18.66,7.99,-
7-Apr-00,18.82,18.82,18.82,18.82,8.06,-
10-Apr-00,18.7,18.7,18.7,18.7,8.01,-
11-Apr-00,18.58,18.58,18.58,18.58,7.96,-
12-Apr-00,18.32,18.32,18.32,18.32,7.85,-
13-Apr-00,18.18,18.18,18.18,18.18,7.79,-
14-Apr-00,17.64,17.64,17.64,17.64,7.56,-
17-Apr-00,17.77,17.77,17.77,17.77,7.61,-
18-Apr-00,18.07,18.07,18.07,18.07,7.74,-
19-Apr-00,18.05,18.05,18.05,18.05,7.73,-
20-Apr-00,18.09,18.09,18.09,18.09,7.75,-
24-Apr-00,18.02,18.02,18.02,18.02,7.72,-
25-Apr-00,18.27,18.27,18.27,18.27,7.83,-
26-Apr-00,18.17,18.17,18.17,18.17,7.78,-
27-Apr-00,18.15,18.15,18.15,18.15,7.77,-
28-Apr-00,18.16,18.16,18.16,18.16,7.78,-
1-May-00,18.27,18.27,18.27,18.27,7.83,-
2-May-00,18.11,18.11,18.11,18.11,7.76,-
3-May-00,17.85,17.85,17.85,17.85,7.65,-
4-May-00,17.81,17.81,17.81,17.81,7.63,-
5-May-00,17.91,17.91,17.91,17.91,7.67,-
8-May-00,17.8,17.8,17.8,17.8,7.62,-
9-May-00,17.72,17.72,17.72,17.72,7.59,-
10-May-00,17.54,17.54,17.54,17.54,7.51,-
11-May-00,17.71,17.71,17.71,17.71,7.59,-
12-May-00,17.77,17.77,17.77,17.77,7.61,-
15-May-00,17.96,17.96,17.96,17.96,7.69,-
16-May-00,18.09,18.09,18.09,18.09,7.75,-
17-May-00,17.92,17.92,17.92,17.92,7.68,-
18-May-00,17.8,17.8,17.8,17.8,7.62,-
19-May-00,17.61,17.61,17.61,17.61,7.54,-
22-May-00,17.57,17.57,17.57,17.57,7.53,-
23-May-00,17.42,17.42,17.42,17.42,7.46,-
24-May-00,17.52,17.52,17.52,17.52,7.5,-
25-May-00,17.5,17.5,17.5,17.5,7.5,-
26-May-00,17.51,17.51,17.51,17.51,7.5,-
30-May-00,17.83,17.83,17.83,17.83,7.64,-
31-May-00,17.84,17.84,17.84,17.84,7.64,-
1-Jun-00,18.1,18.1,18.1,18.1,7.75,-
2-Jun-00,18.41,18.41,18.41,18.41,7.89,-
5-Jun-00,18.4,18.4,18.4,18.4,7.88,-
6-Jun-00,18.35,18.35,18.35,18.35,7.86,-
7-Jun-00,18.43,18.43,18.43,18.43,7.89,-
8-Jun-00,18.38,18.38,18.38,18.38,7.87,-
9-Jun-00,18.36,18.36,18.36,18.36,7.86,-
12-Jun-00,18.31,18.31,18.31,18.31,7.84,-
13-Jun-00,18.41,18.41,18.41,18.41,7.89,-
14-Jun-00,18.44,18.44,18.44,18.44,7.9,-
15-Jun-00,18.45,18.45,18.45,18.45,7.9,-
16-Jun-00,18.43,18.43,18.43,18.43,7.89,-
19-Jun-00,18.55,18.55,18.55,18.55,7.95,-
20-Jun-00,18.52,18.52,18.52,18.52,7.93,-
21-Jun-00,18.5,18.5,18.5,18.5,7.92,-
22-Jun-00,18.32,18.32,18.32,18.32,7.85,-
23-Jun-00,17.94,17.94,17.94,17.94,7.8,-
26-Jun-00,18.05,18.05,18.05,18.05,7.85,-
27-Jun-00,18.03,18.03,18.03,18.03,7.84,-
28-Jun-00,18.07,18.07,18.07,18.07,7.86,-
29-Jun-00,18.05,18.05,18.05,18.05,7.85,-
30-Jun-00,18.13,18.13,18.13,18.13,7.88,-
3-Jul-00,18.26,18.26,18.26,18.26,7.94,-
5-Jul-00,18.13,18.13,18.13,18.13,7.88,-
6-Jul-00,18.17,18.17,18.17,18.17,7.9,-
7-Jul-00,18.33,18.33,18.33,18.33,7.97,-
10-Jul-00,18.32,18.32,18.32,18.32,7.97,-
11-Jul-00,18.33,18.33,18.33,18.33,7.97,-
12-Jul-00,18.42,18.42,18.42,18.42,8.01,-
13-Jul-00,18.48,18.48,18.48,18.48,8.03,-
14-Jul-00,18.53,18.53,18.53,18.53,8.06,-
17-Jul-00,18.5,18.5,18.5,18.5,8.04,-
18-Jul-00,18.38,18.38,18.38,18.38,7.99,-
19-Jul-00,18.28,18.28,18.28,18.28,7.95,-
20-Jul-00,18.47,18.47,18.47,18.47,8.03,-
21-Jul-00,18.36,18.36,18.36,18.36,7.98,-
24-Jul-00,18.24,18.24,18.24,18.24,7.93,-
25-Jul-00,18.29,18.29,18.29,18.29,7.95,-
26-Jul-00,18.19,18.19,18.19,18.19,7.91,-
27-Jul-00,18.13,18.13,18.13,18.13,7.88,-
28-Jul-00,17.91,17.91,17.91,17.91,7.79,-
31-Jul-00,17.99,17.99,17.99,17.99,7.82,-
1-Aug-00,18.04,18.04,18.04,18.04,7.84,-
2-Aug-00,18.05,18.05,18.05,18.05,7.85,-
3-Aug-00,18.13,18.13,18.13,18.13,7.88,-
4-Aug-00,18.23,18.23,18.23,18.23,7.93,-
7-Aug-00,18.33,18.33,18.33,18.33,7.97,-
8-Aug-00,18.35,18.35,18.35,18.35,7.98,-
9-Aug-00,18.32,18.32,18.32,18.32,7.97,-
10-Aug-00,18.28,18.28,18.28,18.28,7.95,-
11-Aug-00,18.32,18.32,18.32,18.32,7.97,-
14-Aug-00,18.46,18.46,18.46,18.46,8.03,-
15-Aug-00,18.43,18.43,18.43,18.43,8.01,-
16-Aug-00,18.4,18.4,18.4,18.4,8.0,-
17-Aug-00,18.5,18.5,18.5,18.5,8.04,-
18-Aug-00,18.48,18.48,18.48,18.48,8.03,-
21-Aug-00,18.51,18.51,18.51,18.51,8.05,-
22-Aug-00,18.52,18.52,18.52,18.52,8.05,-
23-Aug-00,18.58,18.58,18.58,18.58,8.08,-
24-Aug-00,18.63,18.63,18.63,18.63,8.1,-
25-Aug-00,18.64,18.64,18.64,18.64,8.1,-
28-Aug-00,18.67,18.67,18.67,18.67,8.12,-
29-Aug-00,18.63,18.63,18.63,18.63,8.1,-
30-Aug-00,18.6,18.6,18.6,18.6,8.09,-
31-Aug-00,18.73,18.73,18.73,18.73,8.14,-
1-Sep-00,18.82,18.82,18.82,18.82,8.18,-
5-Sep-00,18.72,18.72,18.72,18.72,8.14,-
6-Sep-00,18.59,18.59,18.59,18.59,8.08,-
7-Sep-00,18.64,18.64,18.64,18.64,8.1,-
8-Sep-00,18.57,18.57,18.57,18.57,8.07,-
11-Sep-00,18.5,18.5,18.5,18.5,8.04,-
12-Sep-00,18.44,18.44,18.44,18.44,8.02,-
13-Sep-00,18.48,18.48,18.48,18.48,8.03,-
14-Sep-00,18.45,18.45,18.45,18.45,8.02,-
15-Sep-00,18.32,18.32,18.32,18.32,7.97,-
18-Sep-00,18.14,18.14,18.14,18.14,7.89,-
19-Sep-00,18.25,18.25,18.25,18.25,7.93,-
20-Sep-00,18.19,18.19,18.19,18.19,7.91,-
21-Sep-00,18.17,18.17,18.17,18.17,7.9,-
22-Sep-00,18.22,18.22,18.22,18.22,7.92,-
25-Sep-00,18.19,18.19,18.19,18.19,7.91,-
26-Sep-00,18.12,18.12,18.12,18.12,7.88,-
27-Sep-00,18.1,18.1,18.1,18.1,7.87,-
28-Sep-00,18.31,18.31,18.31,18.31,7.96,-
29-Sep-00,18.21,18.21,18.21,18.21,7.92,-
2-Oct-00,18.17,18.17,18.17,18.17,7.9,-
3-Oct-00,18.07,18.07,18.07,18.07,7.86,-
4-Oct-00,18.11,18.11,18.11,18.11,7.87,-
5-Oct-00,18.11,18.11,18.11,18.11,7.87,-
6-Oct-00,17.95,17.95,17.95,17.95,7.8,-
9-Oct-00,17.89,17.89,17.89,17.89,7.78,-
10-Oct-00,17.79,17.79,17.79,17.79,7.73,-
11-Oct-00,17.63,17.63,17.63,17.63,7.67,-
12-Oct-00,17.42,17.42,17.42,17.42,7.57,-
13-Oct-00,17.7,17.7,17.7,17.7,7.7,-
16-Oct-00,17.71,17.71,17.71,17.71,7.7,-
17-Oct-00,17.57,17.57,17.57,17.57,7.64,-
18-Oct-00,17.49,17.49,17.49,17.49,7.6,-
19-Oct-00,17.81,17.81,17.81,17.81,7.74,-
20-Oct-00,17.91,17.91,17.91,17.91,7.79,-
23-Oct-00,17.94,17.94,17.94,17.94,7.8,-
24-Oct-00,17.93,17.93,17.93,17.93,7.8,-
25-Oct-00,17.69,17.69,17.69,17.69,7.69,-
26-Oct-00,17.69,17.69,17.69,17.69,7.69,-
27-Oct-00,17.8,17.8,17.8,17.8,7.74,-
30-Oct-00,17.87,17.87,17.87,17.87,7.77,-
31-Oct-00,18.09,18.09,18.09,18.09,7.87,-
1-Nov-00,18.09,18.09,18.09,18.09,7.87,-
2-Nov-00,18.17,18.17,18.17,18.17,7.9,-
3-Nov-00,18.14,18.14,18.14,18.14,7.89,-
6-Nov-00,18.15,18.15,18.15,18.15,7.89,-
7-Nov-00,18.16,18.16,18.16,18.16,7.9,-
8-Nov-00,17.99,17.99,17.99,17.99,7.82,-
9-Nov-00,17.92,17.92,17.92,17.92,7.79,-
10-Nov-00,17.69,17.69,17.69,17.69,7.69,-
13-Nov-00,17.58,17.58,17.58,17.58,7.64,-
14-Nov-00,17.83,17.83,17.83,17.83,7.75,-
15-Nov-00,17.91,17.91,17.91,17.91,7.79,-
16-Nov-00,17.77,17.77,17.77,17.77,7.73,-
17-Nov-00,17.71,17.71,17.71,17.71,7.7,-
20-Nov-00,17.51,17.51,17.51,17.51,7.61,-
21-Nov-00,17.52,17.52,17.52,17.52,7.62,-
22-Nov-00,17.35,17.35,17.35,17.35,7.54,-
24-Nov-00,17.51,17.51,17.51,17.51,7.61,-
27-Nov-00,17.57,17.57,17.57,17.57,7.64,-
28-Nov-00,17.45,17.45,17.45,17.45,7.59,-
29-Nov-00,17.47,17.47,17.47,17.47,7.6,-
30-Nov-00,17.34,17.34,17.34,17.34,7.54,-
1-Dec-00,17.36,17.36,17.36,17.36,7.55,-
4-Dec-00,17.41,17.41,17.41,17.41,7.57,-
5-Dec-00,17.84,17.84,17.84,17.84,7.76,-
6-Dec-00,17.72,17.72,17.72,17.72,7.7,-
7-Dec-00,17.67,17.67,17.67,17.67,7.68,-
8-Dec-00,17.87,17.87,17.87,17.87,7.77,-
11-Dec-00,18,18.0,18.0,18.0,7.83,-
12-Dec-00,17.92,17.92,17.92,17.92,7.79,-
13-Dec-00,17.85,17.85,17.85,17.85,7.76,-
14-Dec-00,17.72,17.72,17.72,17.72,7.7,-
15-Dec-00,17.54,17.54,17.54,17.54,7.63,-
18-Dec-00,17.61,17.61,17.61,17.61,7.66,-
19-Dec-00,17.46,17.46,17.46,17.46,7.59,-
20-Dec-00,17.17,17.17,17.17,17.17,7.47,-
21-Dec-00,17.22,17.22,17.22,17.22,7.49,-
22-Dec-00,17.49,17.49,17.49,17.49,7.6,-
26-Dec-00,17.56,17.56,17.56,17.56,7.63,-
27-Dec-00,17.27,17.27,17.27,17.27,7.68,-
28-Dec-00,17.34,17.34,17.34,17.34,7.71,-
29-Dec-00,17.24,17.24,17.24,17.24,7.67,-
2-Jan-01,17.02,17.02,17.02,17.02,7.57,-
3-Jan-01,17.4,17.4,17.4,17.4,7.74,-
4-Jan-01,17.36,17.36,17.36,17.36,7.72,-
5-Jan-01,17.14,17.14,17.14,17.14,7.63,-
8-Jan-01,17.12,17.12,17.12,17.12,7.62,-
9-Jan-01,17.12,17.12,17.12,17.12,7.62,-
10-Jan-01,17.2,17.2,17.2,17.2,7.65,-
11-Jan-01,17.3,17.3,17.3,17.3,7.7,-
12-Jan-01,17.24,17.24,17.24,17.24,7.67,-
16-Jan-01,17.3,17.3,17.3,17.3,7.7,-
17-Jan-01,17.38,17.38,17.38,17.38,7.73,-
18-Jan-01,17.53,17.53,17.53,17.53,7.8,-
19-Jan-01,17.45,17.45,17.45,17.45,7.76,-
22-Jan-01,17.45,17.45,17.45,17.45,7.76,-
23-Jan-01,17.57,17.57,17.57,17.57,7.82,-
24-Jan-01,17.58,17.58,17.58,17.58,7.82,-
25-Jan-01,17.55,17.55,17.55,17.55,7.81,-
26-Jan-01,17.54,17.54,17.54,17.54,7.8,-
29-Jan-01,17.61,17.61,17.61,17.61,7.83,-
30-Jan-01,17.71,17.71,17.71,17.71,7.88,-
31-Jan-01,17.7,17.7,17.7,17.7,7.87,-
1-Feb-01,17.78,17.78,17.78,17.78,7.91,-
2-Feb-01,17.56,17.56,17.56,17.56,7.81,-
5-Feb-01,17.58,17.58,17.58,17.58,7.82,-
6-Feb-01,17.56,17.56,17.56,17.56,7.81,-
7-Feb-01,17.48,17.48,17.48,17.48,7.78,-
8-Feb-01,17.4,17.4,17.4,17.4,7.74,-
9-Feb-01,17.29,17.29,17.29,17.29,7.69,-
12-Feb-01,17.39,17.39,17.39,17.39,7.74,-
13-Feb-01,17.3,17.3,17.3,17.3,7.7,-
14-Feb-01,17.26,17.26,17.26,17.26,7.68,-
15-Feb-01,17.33,17.33,17.33,17.33,7.71,-
16-Feb-01,17.16,17.16,17.16,17.16,7.63,-
20-Feb-01,16.98,16.98,16.98,16.98,7.55,-
21-Feb-01,16.78,16.78,16.78,16.78,7.47,-
22-Feb-01,16.74,16.74,16.74,16.74,7.45,-
23-Feb-01,16.71,16.71,16.71,16.71,7.43,-
26-Feb-01,16.9,16.9,16.9,16.9,7.52,-
27-Feb-01,16.86,16.86,16.86,16.86,7.5,-
28-Feb-01,16.72,16.72,16.72,16.72,7.44,-
1-Mar-01,16.74,16.74,16.74,16.74,7.45,-
2-Mar-01,16.66,16.66,16.66,16.66,7.41,-
5-Mar-01,16.72,16.72,16.72,16.72,7.44,-
6-Mar-01,16.83,16.83,16.83,16.83,7.49,-
7-Mar-01,16.91,16.91,16.91,16.91,7.52,-
8-Mar-01,16.92,16.92,16.92,16.92,7.53,-
9-Mar-01,16.67,16.67,16.67,16.67,7.42,-
12-Mar-01,16.24,16.24,16.24,16.24,7.23,-
13-Mar-01,16.35,16.35,16.35,16.35,7.27,-
14-Mar-01,16.11,16.11,16.11,16.11,7.17,-
15-Mar-01,16.18,16.18,16.18,16.18,7.2,-
16-Mar-01,15.97,15.97,15.97,15.97,7.11,-
19-Mar-01,16.12,16.12,16.12,16.12,7.17,-
20-Mar-01,15.92,15.92,15.92,15.92,7.08,-
21-Mar-01,15.76,15.76,15.76,15.76,7.01,-
22-Mar-01,15.67,15.67,15.67,15.67,6.97,-
23-Mar-01,15.82,15.82,15.82,15.82,7.07,-
26-Mar-01,15.96,15.96,15.96,15.96,7.13,-
27-Mar-01,16.18,16.18,16.18,16.18,7.23,-
28-Mar-01,15.95,15.95,15.95,15.95,7.12,-
29-Mar-01,15.87,15.87,15.87,15.87,7.09,-
30-Mar-01,15.98,15.98,15.98,15.98,7.14,-
2-Apr-01,15.82,15.82,15.82,15.82,7.07,-
3-Apr-01,15.49,15.49,15.49,15.49,6.92,-
4-Apr-01,15.49,15.49,15.49,15.49,6.92,-
5-Apr-01,15.91,15.91,15.91,15.91,7.11,-
6-Apr-01,15.75,15.75,15.75,15.75,7.03,-
9-Apr-01,15.83,15.83,15.83,15.83,7.07,-
10-Apr-01,16.05,16.05,16.05,16.05,7.17,-
11-Apr-01,16.04,16.04,16.04,16.04,7.16,-
12-Apr-01,16.19,16.19,16.19,16.19,7.23,-
16-Apr-01,16.1,16.1,16.1,16.1,7.19,-
17-Apr-01,16.21,16.21,16.21,16.21,7.24,-
18-Apr-01,16.65,16.65,16.65,16.65,7.44,-
19-Apr-01,16.74,16.74,16.74,16.74,7.48,-
20-Apr-01,16.66,16.66,16.66,16.66,7.44,-
23-Apr-01,16.52,16.52,16.52,16.52,7.38,-
24-Apr-01,16.43,16.43,16.43,16.43,7.34,-
25-Apr-01,16.56,16.56,16.56,16.56,7.4,-
26-Apr-01,16.65,16.65,16.65,16.65,7.44,-
27-Apr-01,16.75,16.75,16.75,16.75,7.48,-
30-Apr-01,16.76,16.76,16.76,16.76,7.49,-
1-May-01,16.91,16.91,16.91,16.91,7.55,-
2-May-01,16.94,16.94,16.94,16.94,7.57,-
3-May-01,16.81,16.81,16.81,16.81,7.51,-
4-May-01,16.96,16.96,16.96,16.96,7.57,-
7-May-01,16.94,16.94,16.94,16.94,7.57,-
8-May-01,16.9,16.9,16.9,16.9,7.55,-
9-May-01,16.86,16.86,16.86,16.86,7.53,-
10-May-01,16.85,16.85,16.85,16.85,7.53,-
11-May-01,16.7,16.7,16.7,16.7,7.46,-
14-May-01,16.71,16.71,16.71,16.71,7.46,-
15-May-01,16.73,16.73,16.73,16.73,7.47,-
16-May-01,17,17.0,17.0,17.0,7.59,-
17-May-01,17.06,17.06,17.06,17.06,7.62,-
18-May-01,17.1,17.1,17.1,17.1,7.64,-
21-May-01,17.27,17.27,17.27,17.27,7.71,-
22-May-01,17.25,17.25,17.25,17.25,7.7,-
23-May-01,17.09,17.09,17.09,17.09,7.63,-
24-May-01,17.09,17.09,17.09,17.09,7.63,-
25-May-01,16.99,16.99,16.99,16.99,7.59,-
29-May-01,16.89,16.89,16.89,16.89,7.54,-
30-May-01,16.74,16.74,16.74,16.74,7.48,-
31-May-01,16.84,16.84,16.84,16.84,7.52,-
1-Jun-01,16.89,16.89,16.89,16.89,7.54,-
4-Jun-01,16.96,16.96,16.96,16.96,7.57,-
5-Jun-01,17.11,17.11,17.11,17.11,7.64,-
6-Jun-01,17.02,17.02,17.02,17.02,7.6,-
7-Jun-01,17.05,17.05,17.05,17.05,7.61,-
8-Jun-01,16.95,16.95,16.95,16.95,7.57,-
11-Jun-01,16.87,16.87,16.87,16.87,7.53,-
12-Jun-01,16.88,16.88,16.88,16.88,7.54,-
13-Jun-01,16.8,16.8,16.8,16.8,7.5,-
14-Jun-01,16.65,16.65,16.65,16.65,7.44,-
15-Jun-01,16.59,16.59,16.59,16.59,7.41,-
18-Jun-01,16.53,16.53,16.53,16.53,7.38,-
19-Jun-01,16.55,16.55,16.55,16.55,7.39,-
20-Jun-01,16.63,16.63,16.63,16.63,7.43,-
21-Jun-01,16.74,16.74,16.74,16.74,7.48,-
22-Jun-01,16.48,16.48,16.48,16.48,7.46,-
25-Jun-01,16.43,16.43,16.43,16.43,7.44,-
26-Jun-01,16.39,16.39,16.39,16.39,7.42,-
27-Jun-01,16.36,16.36,16.36,16.36,7.4,-
28-Jun-01,16.43,16.43,16.43,16.43,7.44,-
29-Jun-01,16.44,16.44,16.44,16.44,7.44,-
2-Jul-01,16.53,16.53,16.53,16.53,7.48,-
3-Jul-01,16.49,16.49,16.49,16.49,7.46,-
5-Jul-01,16.35,16.35,16.35,16.35,7.4,-
6-Jul-01,16.15,16.15,16.15,16.15,7.31,-
9-Jul-01,16.22,16.22,16.22,16.22,7.34,-
10-Jul-01,16.13,16.13,16.13,16.13,7.3,-
11-Jul-01,16.09,16.09,16.09,16.09,7.28,-
12-Jul-01,16.31,16.31,16.31,16.31,7.38,-
13-Jul-01,16.37,16.37,16.37,16.37,7.41,-
16-Jul-01,16.29,16.29,16.29,16.29,7.37,-
17-Jul-01,16.36,16.36,16.36,16.36,7.4,-
18-Jul-01,16.35,16.35,16.35,16.35,7.4,-
19-Jul-01,16.41,16.41,16.41,16.41,7.43,-
20-Jul-01,16.38,16.38,16.38,16.38,7.41,-
23-Jul-01,16.25,16.25,16.25,16.25,7.35,-
24-Jul-01,16.12,16.12,16.12,16.12,7.3,-
25-Jul-01,16.21,16.21,16.21,16.21,7.34,-
26-Jul-01,16.31,16.31,16.31,16.31,7.38,-
27-Jul-01,16.37,16.37,16.37,16.37,7.41,-
30-Jul-01,16.38,16.38,16.38,16.38,7.41,-
31-Jul-01,16.45,16.45,16.45,16.45,7.44,-
1-Aug-01,16.5,16.5,16.5,16.5,7.47,-
2-Aug-01,16.53,16.53,16.53,16.53,7.48,-
3-Aug-01,16.48,16.48,16.48,16.48,7.46,-
6-Aug-01,16.37,16.37,16.37,16.37,7.41,-
7-Aug-01,16.39,16.39,16.39,16.39,7.42,-
8-Aug-01,16.27,16.27,16.27,16.27,7.36,-
9-Aug-01,16.24,16.24,16.24,16.24,7.35,-
10-Aug-01,16.3,16.3,16.3,16.3,7.38,-
13-Aug-01,16.32,16.32,16.32,16.32,7.39,-
14-Aug-01,16.32,16.32,16.32,16.32,7.39,-
15-Aug-01,16.26,16.26,16.26,16.26,7.36,-
16-Aug-01,16.28,16.28,16.28,16.28,7.37,-
17-Aug-01,16.16,16.16,16.16,16.16,7.31,-
20-Aug-01,16.19,16.19,16.19,16.19,7.33,-
21-Aug-01,16.11,16.11,16.11,16.11,7.29,-
22-Aug-01,16.18,16.18,16.18,16.18,7.32,-
23-Aug-01,16.16,16.16,16.16,16.16,7.31,-
24-Aug-01,16.32,16.32,16.32,16.32,7.39,-
27-Aug-01,16.29,16.29,16.29,16.29,7.37,-
28-Aug-01,16.17,16.17,16.17,16.17,7.32,-
29-Aug-01,16.1,16.1,16.1,16.1,7.29,-
30-Aug-01,15.93,15.93,15.93,15.93,7.21,-
31-Aug-01,15.97,15.97,15.97,15.97,7.23,-
4-Sep-01,15.89,15.89,15.89,15.89,7.19,-
5-Sep-01,15.86,15.86,15.86,15.86,7.18,-
6-Sep-01,15.68,15.68,15.68,15.68,7.1,-
7-Sep-01,15.54,15.54,15.54,15.54,7.03,-
10-Sep-01,15.56,15.56,15.56,15.56,7.04,-
17-Sep-01,15.12,15.12,15.12,15.12,6.84,-
18-Sep-01,15.01,15.01,15.01,15.01,6.79,-
19-Sep-01,14.88,14.88,14.88,14.88,6.73,-
20-Sep-01,14.57,14.57,14.57,14.57,6.59,-
21-Sep-01,14.4,14.4,14.4,14.4,6.52,-
24-Sep-01,14.75,14.75,14.75,14.75,6.68,-
25-Sep-01,14.83,14.83,14.83,14.83,6.71,-
26-Sep-01,14.81,14.81,14.81,14.81,6.7,-
27-Sep-01,14.93,14.93,14.93,14.93,6.76,-
28-Sep-01,15.14,15.14,15.14,15.14,6.85,-
1-Oct-01,15.11,15.11,15.11,15.11,6.84,-
2-Oct-01,15.23,15.23,15.23,15.23,6.89,-
3-Oct-01,15.43,15.43,15.43,15.43,6.98,-
4-Oct-01,15.44,15.44,15.44,15.44,6.99,-
5-Oct-01,15.45,15.45,15.45,15.45,6.99,-
8-Oct-01,15.39,15.39,15.39,15.39,6.96,-
9-Oct-01,15.32,15.32,15.32,15.32,6.93,-
10-Oct-01,15.53,15.53,15.53,15.53,7.03,-
11-Oct-01,15.67,15.67,15.67,15.67,7.09,-
12-Oct-01,15.62,15.62,15.62,15.62,7.07,-
15-Oct-01,15.61,15.61,15.61,15.61,7.06,-
16-Oct-01,15.7,15.7,15.7,15.7,7.11,-
17-Oct-01,15.55,15.55,15.55,15.55,7.04,-
18-Oct-01,15.48,15.48,15.48,15.48,7.01,-
19-Oct-01,15.48,15.48,15.48,15.48,7.01,-
22-Oct-01,15.63,15.63,15.63,15.63,7.07,-
23-Oct-01,15.61,15.61,15.61,15.61,7.06,-
24-Oct-01,15.63,15.63,15.63,15.63,7.07,-
25-Oct-01,15.76,15.76,15.76,15.76,7.13,-
26-Oct-01,15.8,15.8,15.8,15.8,7.15,-
29-Oct-01,15.6,15.6,15.6,15.6,7.06,-
30-Oct-01,15.44,15.44,15.44,15.44,6.99,-
31-Oct-01,15.52,15.52,15.52,15.52,7.02,-
1-Nov-01,15.73,15.73,15.73,15.73,7.12,-
2-Nov-01,15.7,15.7,15.7,15.7,7.11,-
5-Nov-01,15.87,15.87,15.87,15.87,7.18,-
6-Nov-01,16.01,16.01,16.01,16.01,7.25,-
7-Nov-01,16.02,16.02,16.02,16.02,7.25,-
8-Nov-01,16.04,16.04,16.04,16.04,7.26,-
9-Nov-01,16.02,16.02,16.02,16.02,7.25,-
12-Nov-01,15.99,15.99,15.99,15.99,7.24,-
13-Nov-01,16.17,16.17,16.17,16.17,7.32,-
14-Nov-01,16.16,16.16,16.16,16.16,7.31,-
15-Nov-01,16.12,16.12,16.12,16.12,7.3,-
16-Nov-01,16.07,16.07,16.07,16.07,7.27,-
19-Nov-01,16.21,16.21,16.21,16.21,7.34,-
20-Nov-01,16.11,16.11,16.11,16.11,7.29,-
21-Nov-01,16.03,16.03,16.03,16.03,7.25,-
23-Nov-01,16.13,16.13,16.13,16.13,7.3,-
26-Nov-01,16.19,16.19,16.19,16.19,7.33,-
27-Nov-01,16.14,16.14,16.14,16.14,7.3,-
28-Nov-01,15.97,15.97,15.97,15.97,7.23,-
29-Nov-01,16.11,16.11,16.11,16.11,7.29,-
30-Nov-01,16.11,16.11,16.11,16.11,7.29,-
3-Dec-01,16.03,16.03,16.03,16.03,7.25,-
4-Dec-01,16.19,16.19,16.19,16.19,7.33,-
5-Dec-01,16.36,16.36,16.36,16.36,7.4,-
6-Dec-01,16.32,16.32,16.32,16.32,7.39,-
7-Dec-01,16.19,16.19,16.19,16.19,7.33,-
10-Dec-01,16.04,16.04,16.04,16.04,7.26,-
11-Dec-01,16.04,16.04,16.04,16.04,7.26,-
12-Dec-01,16.08,16.08,16.08,16.08,7.28,-
13-Dec-01,15.9,15.9,15.9,15.9,7.2,-
14-Dec-01,15.89,15.89,15.89,15.89,7.19,-
17-Dec-01,16,16.0,16.0,16.0,7.24,-
18-Dec-01,16.08,16.08,16.08,16.08,7.28,-
19-Dec-01,16.14,16.14,16.14,16.14,7.3,-
20-Dec-01,16.06,16.06,16.06,16.06,7.27,-
21-Dec-01,16.1,16.1,16.1,16.1,7.29,-
24-Dec-01,16.09,16.09,16.09,16.09,7.28,-
26-Dec-01,16.11,16.11,16.11,16.11,7.29,-
27-Dec-01,16.22,16.22,16.22,16.22,7.34,-
28-Dec-01,15.98,15.98,15.98,15.98,7.35,-
31-Dec-01,15.93,15.93,15.93,15.93,7.33,-
2-Jan-02,15.94,15.94,15.94,15.94,7.34,-
3-Jan-02,16.06,16.06,16.06,16.06,7.39,-
4-Jan-02,16.11,16.11,16.11,16.11,7.41,-
7-Jan-02,16.08,16.08,16.08,16.08,7.4,-
8-Jan-02,16.04,16.04,16.04,16.04,7.38,-
9-Jan-02,16.01,16.01,16.01,16.01,7.37,-
10-Jan-02,16.05,16.05,16.05,16.05,7.39,-
11-Jan-02,16.01,16.01,16.01,16.01,7.37,-
14-Jan-02,15.91,15.91,15.91,15.91,7.32,-
15-Jan-02,15.99,15.99,15.99,15.99,7.36,-
16-Jan-02,15.82,15.82,15.82,15.82,7.28,-
17-Jan-02,15.89,15.89,15.89,15.89,7.31,-
18-Jan-02,15.82,15.82,15.82,15.82,7.28,-
22-Jan-02,15.74,15.74,15.74,15.74,7.24,-
23-Jan-02,15.8,15.8,15.8,15.8,7.27,-
24-Jan-02,15.83,15.83,15.83,15.83,7.29,-
25-Jan-02,15.82,15.82,15.82,15.82,7.28,-
28-Jan-02,15.84,15.84,15.84,15.84,7.29,-
29-Jan-02,15.63,15.63,15.63,15.63,7.19,-
30-Jan-02,15.7,15.7,15.7,15.7,7.23,-
31-Jan-02,15.81,15.81,15.81,15.81,7.28,-
1-Feb-02,15.77,15.77,15.77,15.77,7.26,-
4-Feb-02,15.59,15.59,15.59,15.59,7.17,-
5-Feb-02,15.53,15.53,15.53,15.53,7.15,-
6-Feb-02,15.46,15.46,15.46,15.46,7.12,-
7-Feb-02,15.43,15.43,15.43,15.43,7.1,-
8-Feb-02,15.58,15.58,15.58,15.58,7.17,-
11-Feb-02,15.71,15.71,15.71,15.71,7.23,-
12-Feb-02,15.66,15.66,15.66,15.66,7.21,-
13-Feb-02,15.74,15.74,15.74,15.74,7.24,-
14-Feb-02,15.76,15.76,15.76,15.76,7.25,-
15-Feb-02,15.69,15.69,15.69,15.69,7.22,-
19-Feb-02,15.49,15.49,15.49,15.49,7.13,-
20-Feb-02,15.59,15.59,15.59,15.59,7.17,-
21-Feb-02,15.48,15.48,15.48,15.48,7.12,-
22-Feb-02,15.56,15.56,15.56,15.56,7.16,-
25-Feb-02,15.71,15.71,15.71,15.71,7.23,-
26-Feb-02,15.69,15.69,15.69,15.69,7.22,-
27-Feb-02,15.74,15.74,15.74,15.74,7.24,-
28-Feb-02,15.71,15.71,15.71,15.71,7.23,-
1-Mar-02,15.89,15.89,15.89,15.89,7.31,-
4-Mar-02,16.1,16.1,16.1,16.1,7.41,-
5-Mar-02,16.04,16.04,16.04,16.04,7.38,-
6-Mar-02,16.17,16.17,16.17,16.17,7.44,-
7-Mar-02,16.12,16.12,16.12,16.12,7.42,-
8-Mar-02,16.14,16.14,16.14,16.14,7.43,-
11-Mar-02,16.18,16.18,16.18,16.18,7.45,-
12-Mar-02,16.13,16.13,16.13,16.13,7.42,-
13-Mar-02,16.06,16.06,16.06,16.06,7.39,-
14-Mar-02,16.03,16.03,16.03,16.03,7.38,-
15-Mar-02,16.14,16.14,16.14,16.14,7.43,-
18-Mar-02,16.16,16.16,16.16,16.16,7.44,-
19-Mar-02,16.2,16.2,16.2,16.2,7.46,-
20-Mar-02,16.04,16.04,16.04,16.04,7.38,-
21-Mar-02,16.06,16.06,16.06,16.06,7.39,-
22-Mar-02,16.02,16.02,16.02,16.02,7.37,-
25-Mar-02,15.88,15.88,15.88,15.88,7.31,-
26-Mar-02,15.96,15.96,15.96,15.96,7.35,-
27-Mar-02,16.01,16.01,16.01,16.01,7.37,-
28-Mar-02,16.03,16.03,16.03,16.03,7.38,-
1-Apr-02,16.01,16.01,16.01,16.01,7.37,-
2-Apr-02,15.97,15.97,15.97,15.97,7.35,-
3-Apr-02,15.92,15.92,15.92,15.92,7.33,-
4-Apr-02,15.92,15.92,15.92,15.92,7.33,-
5-Apr-02,15.91,15.91,15.91,15.91,7.32,-
8-Apr-02,15.91,15.91,15.91,15.91,7.32,-
9-Apr-02,15.88,15.88,15.88,15.88,7.31,-
10-Apr-02,15.98,15.98,15.98,15.98,7.35,-
11-Apr-02,15.78,15.78,15.78,15.78,7.26,-
12-Apr-02,15.86,15.86,15.86,15.86,7.3,-
15-Apr-02,15.82,15.82,15.82,15.82,7.28,-
16-Apr-02,16.03,16.03,16.03,16.03,7.38,-
17-Apr-02,16.01,16.01,16.01,16.01,7.37,-
18-Apr-02,16,16.0,16.0,16.0,7.36,-
19-Apr-02,16.02,16.02,16.02,16.02,7.37,-
22-Apr-02,15.89,15.89,15.89,15.89,7.31,-
23-Apr-02,15.84,15.84,15.84,15.84,7.29,-
24-Apr-02,15.81,15.81,15.81,15.81,7.28,-
25-Apr-02,15.8,15.8,15.8,15.8,7.27,-
26-Apr-02,15.69,15.69,15.69,15.69,7.22,-
29-Apr-02,15.6,15.6,15.6,15.6,7.18,-
30-Apr-02,15.71,15.71,15.71,15.71,7.23,-
1-May-02,15.79,15.79,15.79,15.79,7.27,-
2-May-02,15.76,15.76,15.76,15.76,7.25,-
3-May-02,15.7,15.7,15.7,15.7,7.23,-
6-May-02,15.54,15.54,15.54,15.54,7.15,-
7-May-02,15.5,15.5,15.5,15.5,7.13,-
8-May-02,15.77,15.77,15.77,15.77,7.26,-
9-May-02,15.66,15.66,15.66,15.66,7.21,-
10-May-02,15.54,15.54,15.54,15.54,7.15,-
13-May-02,15.66,15.66,15.66,15.66,7.21,-
14-May-02,15.81,15.81,15.81,15.81,7.28,-
15-May-02,15.8,15.8,15.8,15.8,7.27,-
16-May-02,15.86,15.86,15.86,15.86,7.3,-
17-May-02,15.92,15.92,15.92,15.92,7.33,-
20-May-02,15.83,15.83,15.83,15.83,7.29,-
21-May-02,15.75,15.75,15.75,15.75,7.25,-
22-May-02,15.8,15.8,15.8,15.8,7.27,-
23-May-02,15.87,15.87,15.87,15.87,7.3,-
24-May-02,15.78,15.78,15.78,15.78,7.26,-
28-May-02,15.72,15.72,15.72,15.72,7.23,-
29-May-02,15.68,15.68,15.68,15.68,7.22,-
30-May-02,15.67,15.67,15.67,15.67,7.21,-
31-May-02,15.69,15.69,15.69,15.69,7.22,-
3-Jun-02,15.49,15.49,15.49,15.49,7.13,-
4-Jun-02,15.48,15.48,15.48,15.48,7.12,-
5-Jun-02,15.52,15.52,15.52,15.52,7.14,-
6-Jun-02,15.37,15.37,15.37,15.37,7.07,-
7-Jun-02,15.34,15.34,15.34,15.34,7.06,-
10-Jun-02,15.37,15.37,15.37,15.37,7.07,-
11-Jun-02,15.26,15.26,15.26,15.26,7.02,-
12-Jun-02,15.3,15.3,15.3,15.3,7.04,-
13-Jun-02,15.21,15.21,15.21,15.21,7.0,-
14-Jun-02,15.2,15.2,15.2,15.2,7.0,-
17-Jun-02,15.42,15.42,15.42,15.42,7.1,-
18-Jun-02,15.44,15.44,15.44,15.44,7.11,-
19-Jun-02,15.3,15.3,15.3,15.3,7.04,-
20-Jun-02,15.15,15.15,15.15,15.15,6.97,-
21-Jun-02,14.84,14.84,14.84,14.84,6.92,-
24-Jun-02,14.83,14.83,14.83,14.83,6.92,-
25-Jun-02,14.71,14.71,14.71,14.71,6.86,-
26-Jun-02,14.7,14.7,14.7,14.7,6.86,-
27-Jun-02,14.81,14.81,14.81,14.81,6.91,-
28-Jun-02,14.85,14.85,14.85,14.85,6.93,-
1-Jul-02,14.68,14.68,14.68,14.68,6.85,-
2-Jul-02,14.48,14.48,14.48,14.48,6.75,-
3-Jul-02,14.49,14.49,14.49,14.49,6.76,-
5-Jul-02,14.81,14.81,14.81,14.81,6.91,-
8-Jul-02,14.73,14.73,14.73,14.73,6.87,-
9-Jul-02,14.57,14.57,14.57,14.57,6.8,-
10-Jul-02,14.29,14.29,14.29,14.29,6.66,-
11-Jul-02,14.3,14.3,14.3,14.3,6.67,-
12-Jul-02,14.26,14.26,14.26,14.26,6.65,-
15-Jul-02,14.21,14.21,14.21,14.21,6.63,-
16-Jul-02,14.05,14.05,14.05,14.05,6.55,-
17-Jul-02,14.12,14.12,14.12,14.12,6.59,-
18-Jul-02,13.91,13.91,13.91,13.91,6.49,-
19-Jul-02,13.58,13.58,13.58,13.58,6.33,-
22-Jul-02,13.3,13.3,13.3,13.3,6.2,-
23-Jul-02,13.04,13.04,13.04,13.04,6.08,-
24-Jul-02,13.48,13.48,13.48,13.48,6.29,-
25-Jul-02,13.42,13.42,13.42,13.42,6.26,-
26-Jul-02,13.54,13.54,13.54,13.54,6.31,-
29-Jul-02,14.01,14.01,14.01,14.01,6.53,-
30-Jul-02,14.04,14.04,14.04,14.04,6.55,-
31-Jul-02,14.11,14.11,14.11,14.11,6.58,-
1-Aug-02,13.84,13.84,13.84,13.84,6.45,-
2-Aug-02,13.68,13.68,13.68,13.68,6.38,-
5-Aug-02,13.36,13.36,13.36,13.36,6.23,-
6-Aug-02,13.6,13.6,13.6,13.6,6.34,-
7-Aug-02,13.79,13.79,13.79,13.79,6.43,-
8-Aug-02,14.07,14.07,14.07,14.07,6.56,-
9-Aug-02,14.11,14.11,14.11,14.11,6.58,-
12-Aug-02,14.07,14.07,14.07,14.07,6.56,-
13-Aug-02,13.91,13.91,13.91,13.91,6.49,-
14-Aug-02,14.25,14.25,14.25,14.25,6.65,-
15-Aug-02,14.33,14.33,14.33,14.33,6.68,-
16-Aug-02,14.32,14.32,14.32,14.32,6.68,-
19-Aug-02,14.53,14.53,14.53,14.53,6.78,-
20-Aug-02,14.43,14.43,14.43,14.43,6.73,-
21-Aug-02,14.56,14.56,14.56,14.56,6.79,-
22-Aug-02,14.67,14.67,14.67,14.67,6.84,-
23-Aug-02,14.47,14.47,14.47,14.47,6.75,-
26-Aug-02,14.55,14.55,14.55,14.55,6.79,-
27-Aug-02,14.43,14.43,14.43,14.43,6.73,-
28-Aug-02,14.24,14.24,14.24,14.24,6.64,-
29-Aug-02,14.24,14.24,14.24,14.24,6.64,-
30-Aug-02,14.24,14.24,14.24,14.24,6.64,-
3-Sep-02,13.86,13.86,13.86,13.86,6.46,-
4-Sep-02,14.01,14.01,14.01,14.01,6.53,-
5-Sep-02,13.89,13.89,13.89,13.89,6.48,-
6-Sep-02,14.03,14.03,14.03,14.03,6.54,-
9-Sep-02,14.09,14.09,14.09,14.09,6.57,-
10-Sep-02,14.18,14.18,14.18,14.18,6.61,-
11-Sep-02,14.18,14.18,14.18,14.18,6.61,-
12-Sep-02,13.97,13.97,13.97,13.97,6.52,-
13-Sep-02,13.99,13.99,13.99,13.99,6.52,-
16-Sep-02,14,14.0,14.0,14.0,6.53,-
17-Sep-02,13.82,13.82,13.82,13.82,6.45,-
18-Sep-02,13.76,13.76,13.76,13.76,6.42,-
19-Sep-02,13.52,13.52,13.52,13.52,6.31,-
20-Sep-02,13.53,13.53,13.53,13.53,6.31,-
23-Sep-02,13.4,13.4,13.4,13.4,6.25,-
24-Sep-02,13.25,13.25,13.25,13.25,6.18,-
25-Sep-02,13.44,13.44,13.44,13.44,6.27,-
26-Sep-02,13.62,13.62,13.62,13.62,6.35,-
27-Sep-02,13.38,13.38,13.38,13.38,6.24,-
30-Sep-02,13.25,13.25,13.25,13.25,6.18,-
1-Oct-02,13.58,13.58,13.58,13.58,6.33,-
2-Oct-02,13.37,13.37,13.37,13.37,6.24,-
3-Oct-02,13.27,13.27,13.27,13.27,6.19,-
4-Oct-02,13.08,13.08,13.08,13.08,6.1,-
7-Oct-02,12.9,12.9,12.9,12.9,6.02,-
8-Oct-02,13,13.0,13.0,13.0,6.06,-
9-Oct-02,12.78,12.78,12.78,12.78,5.96,-
10-Oct-02,13.05,13.05,13.05,13.05,6.09,-
11-Oct-02,13.38,13.38,13.38,13.38,6.24,-
14-Oct-02,13.43,13.43,13.43,13.43,6.26,-
15-Oct-02,13.85,13.85,13.85,13.85,6.46,-
16-Oct-02,13.62,13.62,13.62,13.62,6.35,-
17-Oct-02,13.83,13.83,13.83,13.83,6.45,-
18-Oct-02,13.87,13.87,13.87,13.87,6.47,-
21-Oct-02,14,14.0,14.0,14.0,6.53,-
22-Oct-02,13.89,13.89,13.89,13.89,6.48,-
23-Oct-02,13.94,13.94,13.94,13.94,6.5,-
24-Oct-02,13.84,13.84,13.84,13.84,6.45,-
25-Oct-02,14,14.0,14.0,14.0,6.53,-
28-Oct-02,13.95,13.95,13.95,13.95,6.51,-
29-Oct-02,13.86,13.86,13.86,13.86,6.46,-
30-Oct-02,13.96,13.96,13.96,13.96,6.51,-
31-Oct-02,13.96,13.96,13.96,13.96,6.51,-
1-Nov-02,14.08,14.08,14.08,14.08,6.57,-
4-Nov-02,14.19,14.19,14.19,14.19,6.62,-
5-Nov-02,14.26,14.26,14.26,14.26,6.65,-
6-Nov-02,14.35,14.35,14.35,14.35,6.69,-
7-Nov-02,14.16,14.16,14.16,14.16,6.6,-
8-Nov-02,14.08,14.08,14.08,14.08,6.57,-
11-Nov-02,13.9,13.9,13.9,13.9,6.48,-
12-Nov-02,13.98,13.98,13.98,13.98,6.52,-
13-Nov-02,13.97,13.97,13.97,13.97,6.52,-
14-Nov-02,14.16,14.16,14.16,14.16,6.6,-
15-Nov-02,14.23,14.23,14.23,14.23,6.64,-
18-Nov-02,14.15,14.15,14.15,14.15,6.6,-
19-Nov-02,14.12,14.12,14.12,14.12,6.59,-
20-Nov-02,14.27,14.27,14.27,14.27,6.66,-
21-Nov-02,14.47,14.47,14.47,14.47,6.75,-
22-Nov-02,14.44,14.44,14.44,14.44,6.73,-
25-Nov-02,14.46,14.46,14.46,14.46,6.74,-
26-Nov-02,14.28,14.28,14.28,14.28,6.66,-
27-Nov-02,14.52,14.52,14.52,14.52,6.77,-
29-Nov-02,14.52,14.52,14.52,14.52,6.77,-
2-Dec-02,14.51,14.51,14.51,14.51,6.77,-
3-Dec-02,14.37,14.37,14.37,14.37,6.7,-
4-Dec-02,14.34,14.34,14.34,14.34,6.69,-
5-Dec-02,14.25,14.25,14.25,14.25,6.65,-
6-Dec-02,14.3,14.3,14.3,14.3,6.67,-
9-Dec-02,14.1,14.1,14.1,14.1,6.58,-
10-Dec-02,14.23,14.23,14.23,14.23,6.64,-
11-Dec-02,14.24,14.24,14.24,14.24,6.64,-
12-Dec-02,14.22,14.22,14.22,14.22,6.63,-
13-Dec-02,14.09,14.09,14.09,14.09,6.57,-
16-Dec-02,14.28,14.28,14.28,14.28,6.66,-
17-Dec-02,14.22,14.22,14.22,14.22,6.63,-
18-Dec-02,14.1,14.1,14.1,14.1,6.58,-
19-Dec-02,14.07,14.07,14.07,14.07,6.56,-
20-Dec-02,14.18,14.18,14.18,14.18,6.61,-
23-Dec-02,14.2,14.2,14.2,14.2,6.62,-
24-Dec-02,14.17,14.17,14.17,14.17,6.61,-
26-Dec-02,14.16,14.16,14.16,14.16,6.6,-
27-Dec-02,13.8,13.8,13.8,13.8,6.54,-
30-Dec-02,13.85,13.85,13.85,13.85,6.56,-
31-Dec-02,13.87,13.87,13.87,13.87,6.57,-
2-Jan-03,14.12,14.12,14.12,14.12,6.69,-
3-Jan-03,14.13,14.13,14.13,14.13,6.7,-
6-Jan-03,14.33,14.33,14.33,14.33,6.79,-
7-Jan-03,14.27,14.27,14.27,14.27,6.76,-
8-Jan-03,14.14,14.14,14.14,14.14,6.7,-
9-Jan-03,14.29,14.29,14.29,14.29,6.77,-
10-Jan-03,14.3,14.3,14.3,14.3,6.78,-
13-Jan-03,14.3,14.3,14.3,14.3,6.78,-
14-Jan-03,14.36,14.36,14.36,14.36,6.81,-
15-Jan-03,14.24,14.24,14.24,14.24,6.75,-
16-Jan-03,14.21,14.21,14.21,14.21,6.73,-
17-Jan-03,14.08,14.08,14.08,14.08,6.67,-
21-Jan-03,13.94,13.94,13.94,13.94,6.61,-
22-Jan-03,13.84,13.84,13.84,13.84,6.56,-
23-Jan-03,13.92,13.92,13.92,13.92,6.6,-
24-Jan-03,13.69,13.69,13.69,13.69,6.49,-
27-Jan-03,13.52,13.52,13.52,13.52,6.41,-
28-Jan-03,13.61,13.61,13.61,13.61,6.45,-
29-Jan-03,13.66,13.66,13.66,13.66,6.47,-
30-Jan-03,13.5,13.5,13.5,13.5,6.4,-
31-Jan-03,13.61,13.61,13.61,13.61,6.45,-
3-Feb-03,13.66,13.66,13.66,13.66,6.47,-
4-Feb-03,13.55,13.55,13.55,13.55,6.42,-
5-Feb-03,13.52,13.52,13.52,13.52,6.41,-
6-Feb-03,13.46,13.46,13.46,13.46,6.38,-
7-Feb-03,13.36,13.36,13.36,13.36,6.33,-
10-Feb-03,13.41,13.41,13.41,13.41,6.36,-
11-Feb-03,13.36,13.36,13.36,13.36,6.33,-
12-Feb-03,13.26,13.26,13.26,13.26,6.28,-
13-Feb-03,13.25,13.25,13.25,13.25,6.28,-
14-Feb-03,13.41,13.41,13.41,13.41,6.36,-
18-Feb-03,13.59,13.59,13.59,13.59,6.44,-
19-Feb-03,13.53,13.53,13.53,13.53,6.41,-
20-Feb-03,13.46,13.46,13.46,13.46,6.38,-
21-Feb-03,13.57,13.57,13.57,13.57,6.43,-
24-Feb-03,13.42,13.42,13.42,13.42,6.36,-
25-Feb-03,13.44,13.44,13.44,13.44,6.37,-
26-Feb-03,13.35,13.35,13.35,13.35,6.33,-
27-Feb-03,13.45,13.45,13.45,13.45,6.37,-
28-Feb-03,13.5,13.5,13.5,13.5,6.4,-
3-Mar-03,13.47,13.47,13.47,13.47,6.38,-
4-Mar-03,13.34,13.34,13.34,13.34,6.32,-
5-Mar-03,13.4,13.4,13.4,13.4,6.35,-
6-Mar-03,13.32,13.32,13.32,13.32,6.31,-
7-Mar-03,13.36,13.36,13.36,13.36,6.33,-
10-Mar-03,13.16,13.16,13.16,13.16,6.24,-
11-Mar-03,13.08,13.08,13.08,13.08,6.2,-
12-Mar-03,13.08,13.08,13.08,13.08,6.2,-
13-Mar-03,13.36,13.36,13.36,13.36,6.33,-
14-Mar-03,13.4,13.4,13.4,13.4,6.35,-
17-Mar-03,13.68,13.68,13.68,13.68,6.48,-
18-Mar-03,13.71,13.71,13.71,13.71,6.5,-
19-Mar-03,13.78,13.78,13.78,13.78,6.53,-
20-Mar-03,13.8,13.8,13.8,13.8,6.54,-
21-Mar-03,14.01,14.01,14.01,14.01,6.64,-
24-Mar-03,13.7,13.7,13.7,13.7,6.49,-
25-Mar-03,13.81,13.81,13.81,13.81,6.54,-
26-Mar-03,13.77,13.77,13.77,13.77,6.53,-
27-Mar-03,13.76,13.76,13.76,13.76,6.52,-
28-Mar-03,13.72,13.72,13.72,13.72,6.5,-
31-Mar-03,13.56,13.56,13.56,13.56,6.43,-
1-Apr-03,13.67,13.67,13.67,13.67,6.48,-
2-Apr-03,13.89,13.89,13.89,13.89,6.58,-
3-Apr-03,13.86,13.86,13.86,13.86,6.57,-
4-Apr-03,13.88,13.88,13.88,13.88,6.58,-
7-Apr-03,13.92,13.92,13.92,13.92,6.6,-
8-Apr-03,13.9,13.9,13.9,13.9,6.59,-
9-Apr-03,13.79,13.79,13.79,13.79,6.54,-
10-Apr-03,13.83,13.83,13.83,13.83,6.55,-
11-Apr-03,13.79,13.79,13.79,13.79,6.54,-
14-Apr-03,13.96,13.96,13.96,13.96,6.62,-
15-Apr-03,14.04,14.04,14.04,14.04,6.65,-
16-Apr-03,13.95,13.95,13.95,13.95,6.61,-
17-Apr-03,14.09,14.09,14.09,14.09,6.68,-
21-Apr-03,14.07,14.07,14.07,14.07,6.67,-
22-Apr-03,14.27,14.27,14.27,14.27,6.76,-
23-Apr-03,14.35,14.35,14.35,14.35,6.8,-
24-Apr-03,14.29,14.29,14.29,14.29,6.77,-
25-Apr-03,14.16,14.16,14.16,14.16,6.71,-
28-Apr-03,14.33,14.33,14.33,14.33,6.79,-
29-Apr-03,14.36,14.36,14.36,14.36,6.81,-
30-Apr-03,14.39,14.39,14.39,14.39,6.82,-
1-May-03,14.4,14.4,14.4,14.4,6.82,-
2-May-03,14.53,14.53,14.53,14.53,6.89,-
5-May-03,14.53,14.53,14.53,14.53,6.89,-
6-May-03,14.64,14.64,14.64,14.64,6.94,-
7-May-03,14.61,14.61,14.61,14.61,6.92,-
8-May-03,14.51,14.51,14.51,14.51,6.88,-
9-May-03,14.64,14.64,14.64,14.64,6.94,-
12-May-03,14.77,14.77,14.77,14.77,7.0,-
13-May-03,14.75,14.75,14.75,14.75,6.99,-
14-May-03,14.74,14.74,14.74,14.74,6.99,-
15-May-03,14.81,14.81,14.81,14.81,7.02,-
16-May-03,14.8,14.8,14.8,14.8,7.01,-
19-May-03,14.57,14.57,14.57,14.57,6.9,-
20-May-03,14.57,14.57,14.57,14.57,6.9,-
21-May-03,14.59,14.59,14.59,14.59,6.91,-
22-May-03,14.7,14.7,14.7,14.7,6.97,-
23-May-03,14.73,14.73,14.73,14.73,6.98,-
27-May-03,14.9,14.9,14.9,14.9,7.06,-
28-May-03,14.93,14.93,14.93,14.93,7.08,-
29-May-03,14.92,14.92,14.92,14.92,7.07,-
30-May-03,15.05,15.05,15.05,15.05,7.13,-
2-Jun-03,15.11,15.11,15.11,15.11,7.16,-
3-Jun-03,15.16,15.16,15.16,15.16,7.18,-
4-Jun-03,15.31,15.31,15.31,15.31,7.26,-
5-Jun-03,15.36,15.36,15.36,15.36,7.28,-
6-Jun-03,15.35,15.35,15.35,15.35,7.27,-
9-Jun-03,15.25,15.25,15.25,15.25,7.23,-
10-Jun-03,15.34,15.34,15.34,15.34,7.27,-
11-Jun-03,15.49,15.49,15.49,15.49,7.34,-
12-Jun-03,15.51,15.51,15.51,15.51,7.35,-
13-Jun-03,15.42,15.42,15.42,15.42,7.31,-
16-Jun-03,15.63,15.63,15.63,15.63,7.41,-
17-Jun-03,15.64,15.64,15.64,15.64,7.41,-
18-Jun-03,15.6,15.6,15.6,15.6,7.39,-
19-Jun-03,15.45,15.45,15.45,15.45,7.32,-
20-Jun-03,15.3,15.3,15.3,15.3,7.32,-
23-Jun-03,15.16,15.16,15.16,15.16,7.25,-
24-Jun-03,15.17,15.17,15.17,15.17,7.26,-
25-Jun-03,15.1,15.1,15.1,15.1,7.23,-
26-Jun-03,15.17,15.17,15.17,15.17,7.26,-
27-Jun-03,15.08,15.08,15.08,15.08,7.22,-
30-Jun-03,15.07,15.07,15.07,15.07,7.21,-
1-Jul-03,15.13,15.13,15.13,15.13,7.24,-
2-Jul-03,15.28,15.28,15.28,15.28,7.31,-
3-Jul-03,15.2,15.2,15.2,15.2,7.27,-
7-Jul-03,15.39,15.39,15.39,15.39,7.37,-
8-Jul-03,15.42,15.42,15.42,15.42,7.38,-
9-Jul-03,15.38,15.38,15.38,15.38,7.36,-
10-Jul-03,15.25,15.25,15.25,15.25,7.3,-
11-Jul-03,15.34,15.34,15.34,15.34,7.34,-
14-Jul-03,15.41,15.41,15.41,15.41,7.37,-
15-Jul-03,15.33,15.33,15.33,15.33,7.34,-
16-Jul-03,15.26,15.26,15.26,15.26,7.3,-
17-Jul-03,15.11,15.11,15.11,15.11,7.23,-
18-Jul-03,15.21,15.21,15.21,15.21,7.28,-
21-Jul-03,15.05,15.05,15.05,15.05,7.2,-
22-Jul-03,15.14,15.14,15.14,15.14,7.25,-
23-Jul-03,15.17,15.17,15.17,15.17,7.26,-
24-Jul-03,15.13,15.13,15.13,15.13,7.24,-
25-Jul-03,15.26,15.26,15.26,15.26,7.3,-
28-Jul-03,15.24,15.24,15.24,15.24,7.29,-
29-Jul-03,15.16,15.16,15.16,15.16,7.25,-
30-Jul-03,15.14,15.14,15.14,15.14,7.25,-
31-Jul-03,15.13,15.13,15.13,15.13,7.24,-
1-Aug-03,15.02,15.02,15.02,15.02,7.19,-
4-Aug-03,15.05,15.05,15.05,15.05,7.2,-
5-Aug-03,14.89,14.89,14.89,14.89,7.13,-
6-Aug-03,14.93,14.93,14.93,14.93,7.14,-
7-Aug-03,15.01,15.01,15.01,15.01,7.18,-
8-Aug-03,15.04,15.04,15.04,15.04,7.2,-
11-Aug-03,15.06,15.06,15.06,15.06,7.21,-
12-Aug-03,15.16,15.16,15.16,15.16,7.25,-
13-Aug-03,15.07,15.07,15.07,15.07,7.21,-
14-Aug-03,15.13,15.13,15.13,15.13,7.24,-
15-Aug-03,15.15,15.15,15.15,15.15,7.25,-
18-Aug-03,15.26,15.26,15.26,15.26,7.3,-
19-Aug-03,15.32,15.32,15.32,15.32,7.33,-
20-Aug-03,15.3,15.3,15.3,15.3,7.32,-
21-Aug-03,15.32,15.32,15.32,15.32,7.33,-
22-Aug-03,15.24,15.24,15.24,15.24,7.29,-
25-Aug-03,15.22,15.22,15.22,15.22,7.28,-
26-Aug-03,15.24,15.24,15.24,15.24,7.29,-
27-Aug-03,15.25,15.25,15.25,15.25,7.3,-
28-Aug-03,15.34,15.34,15.34,15.34,7.34,-
29-Aug-03,15.39,15.39,15.39,15.39,7.37,-
2-Sep-03,15.49,15.49,15.49,15.49,7.41,-
3-Sep-03,15.54,15.54,15.54,15.54,7.44,-
4-Sep-03,15.58,15.58,15.58,15.58,7.46,-
5-Sep-03,15.58,15.58,15.58,15.58,7.46,-
8-Sep-03,15.68,15.68,15.68,15.68,7.5,-
9-Sep-03,15.62,15.62,15.62,15.62,7.48,-
10-Sep-03,15.52,15.52,15.52,15.52,7.43,-
11-Sep-03,15.55,15.55,15.55,15.55,7.44,-
12-Sep-03,15.6,15.6,15.6,15.6,7.47,-
15-Sep-03,15.57,15.57,15.57,15.57,7.45,-
16-Sep-03,15.7,15.7,15.7,15.7,7.51,-
17-Sep-03,15.71,15.71,15.71,15.71,7.52,-
18-Sep-03,15.84,15.84,15.84,15.84,7.58,-
19-Sep-03,15.82,15.82,15.82,15.82,7.57,-
22-Sep-03,15.67,15.67,15.67,15.67,7.5,-
23-Sep-03,15.74,15.74,15.74,15.74,7.53,-
24-Sep-03,15.59,15.59,15.59,15.59,7.46,-
25-Sep-03,15.53,15.53,15.53,15.53,7.43,-
26-Sep-03,15.48,15.48,15.48,15.48,7.41,-
29-Sep-03,15.56,15.56,15.56,15.56,7.45,-
30-Sep-03,15.5,15.5,15.5,15.5,7.42,-
1-Oct-03,15.72,15.72,15.72,15.72,7.52,-
2-Oct-03,15.74,15.74,15.74,15.74,7.53,-
3-Oct-03,15.82,15.82,15.82,15.82,7.57,-
6-Oct-03,15.87,15.87,15.87,15.87,7.59,-
7-Oct-03,15.9,15.9,15.9,15.9,7.61,-
8-Oct-03,15.86,15.86,15.86,15.86,7.59,-
9-Oct-03,15.91,15.91,15.91,15.91,7.61,-
10-Oct-03,15.93,15.93,15.93,15.93,7.62,-
13-Oct-03,16,16.0,16.0,16.0,7.66,-
14-Oct-03,16.02,16.02,16.02,16.02,7.67,-
15-Oct-03,15.98,15.98,15.98,15.98,7.65,-
16-Oct-03,16.01,16.01,16.01,16.01,7.66,-
17-Oct-03,15.92,15.92,15.92,15.92,7.62,-
20-Oct-03,15.97,15.97,15.97,15.97,7.64,-
21-Oct-03,15.99,15.99,15.99,15.99,7.65,-
22-Oct-03,15.86,15.86,15.86,15.86,7.59,-
23-Oct-03,15.84,15.84,15.84,15.84,7.58,-
24-Oct-03,15.83,15.83,15.83,15.83,7.58,-
27-Oct-03,15.86,15.86,15.86,15.86,7.59,-
28-Oct-03,16.03,16.03,16.03,16.03,7.67,-
29-Oct-03,16.05,16.05,16.05,16.05,7.68,-
30-Oct-03,16.03,16.03,16.03,16.03,7.67,-
31-Oct-03,16.06,16.06,16.06,16.06,7.69,-
3-Nov-03,16.13,16.13,16.13,16.13,7.72,-
4-Nov-03,16.1,16.1,16.1,16.1,7.7,-
5-Nov-03,16.08,16.08,16.08,16.08,7.7,-
6-Nov-03,16.11,16.11,16.11,16.11,7.71,-
7-Nov-03,16.08,16.08,16.08,16.08,7.7,-
10-Nov-03,16.01,16.01,16.01,16.01,7.66,-
11-Nov-03,15.99,15.99,15.99,15.99,7.65,-
12-Nov-03,16.14,16.14,16.14,16.14,7.72,-
13-Nov-03,16.19,16.19,16.19,16.19,7.75,-
14-Nov-03,16.14,16.14,16.14,16.14,7.72,-
17-Nov-03,16.14,16.14,16.14,16.14,7.72,-
18-Nov-03,16,16.0,16.0,16.0,7.66,-
19-Nov-03,16.04,16.04,16.04,16.04,7.68,-
20-Nov-03,15.98,15.98,15.98,15.98,7.65,-
21-Nov-03,16.01,16.01,16.01,16.01,7.66,-
24-Nov-03,16.15,16.15,16.15,16.15,7.73,-
25-Nov-03,16.19,16.19,16.19,16.19,7.75,-
26-Nov-03,16.23,16.23,16.23,16.23,7.77,-
28-Nov-03,16.22,16.22,16.22,16.22,7.76,-
1-Dec-03,16.32,16.32,16.32,16.32,7.81,-
2-Dec-03,16.31,16.31,16.31,16.31,7.81,-
3-Dec-03,16.29,16.29,16.29,16.29,7.8,-
4-Dec-03,16.33,16.33,16.33,16.33,7.81,-
5-Dec-03,16.31,16.31,16.31,16.31,7.81,-
8-Dec-03,16.36,16.36,16.36,16.36,7.83,-
9-Dec-03,16.26,16.26,16.26,16.26,7.78,-
10-Dec-03,16.24,16.24,16.24,16.24,7.77,-
11-Dec-03,16.37,16.37,16.37,16.37,7.83,-
12-Dec-03,16.42,16.42,16.42,16.42,7.86,-
15-Dec-03,16.36,16.36,16.36,16.36,7.83,-
16-Dec-03,16.42,16.42,16.42,16.42,7.86,-
17-Dec-03,16.45,16.45,16.45,16.45,7.87,-
18-Dec-03,16.59,16.59,16.59,16.59,7.94,-
19-Dec-03,16.59,16.59,16.59,16.59,7.94,-
22-Dec-03,16.62,16.62,16.62,16.62,7.95,-
23-Dec-03,16.63,16.63,16.63,16.63,7.96,-
24-Dec-03,16.64,16.64,16.64,16.64,7.96,-
26-Dec-03,16.48,16.48,16.48,16.48,7.98,-
29-Dec-03,16.58,16.58,16.58,16.58,8.03,-
30-Dec-03,16.59,16.59,16.59,16.59,8.04,-
31-Dec-03,16.61,16.61,16.61,16.61,8.05,-
2-Jan-04,16.59,16.59,16.59,16.59,8.04,-
5-Jan-04,16.72,16.72,16.72,16.72,8.1,-
6-Jan-04,16.77,16.77,16.77,16.77,8.12,-
7-Jan-04,16.8,16.8,16.8,16.8,8.14,-
8-Jan-04,16.85,16.85,16.85,16.85,8.16,-
9-Jan-04,16.84,16.84,16.84,16.84,8.16,-
12-Jan-04,16.89,16.89,16.89,16.89,8.18,-
13-Jan-04,16.85,16.85,16.85,16.85,8.16,-
14-Jan-04,16.94,16.94,16.94,16.94,8.21,-
15-Jan-04,16.94,16.94,16.94,16.94,8.21,-
16-Jan-04,16.99,16.99,16.99,16.99,8.23,-
20-Jan-04,17.01,17.01,17.01,17.01,8.24,-
21-Jan-04,17.09,17.09,17.09,17.09,8.28,-
22-Jan-04,17.09,17.09,17.09,17.09,8.28,-
23-Jan-04,17.05,17.05,17.05,17.05,8.26,-
26-Jan-04,17.13,17.13,17.13,17.13,8.3,-
27-Jan-04,17.06,17.06,17.06,17.06,8.26,-
28-Jan-04,16.89,16.89,16.89,16.89,8.18,-
29-Jan-04,16.89,16.89,16.89,16.89,8.18,-
30-Jan-04,16.89,16.89,16.89,16.89,8.18,-
2-Feb-04,16.92,16.92,16.92,16.92,8.2,-
3-Feb-04,16.94,16.94,16.94,16.94,8.21,-
4-Feb-04,16.84,16.84,16.84,16.84,8.16,-
5-Feb-04,16.85,16.85,16.85,16.85,8.16,-
6-Feb-04,17.02,17.02,17.02,17.02,8.24,-
9-Feb-04,17.03,17.03,17.03,17.03,8.25,-
10-Feb-04,17.08,17.08,17.08,17.08,8.27,-
11-Feb-04,17.22,17.22,17.22,17.22,8.34,-
12-Feb-04,17.16,17.16,17.16,17.16,8.31,-
13-Feb-04,17.12,17.12,17.12,17.12,8.29,-
17-Feb-04,17.23,17.23,17.23,17.23,8.35,-
18-Feb-04,17.18,17.18,17.18,17.18,8.32,-
19-Feb-04,17.15,17.15,17.15,17.15,8.31,-
20-Feb-04,17.08,17.08,17.08,17.08,8.27,-
23-Feb-04,17.06,17.06,17.06,17.06,8.26,-
24-Feb-04,17.05,17.05,17.05,17.05,8.26,-
25-Feb-04,17.09,17.09,17.09,17.09,8.28,-
26-Feb-04,17.1,17.1,17.1,17.1,8.28,-
27-Feb-04,17.13,17.13,17.13,17.13,8.3,-
1-Mar-04,17.26,17.26,17.26,17.26,8.36,-
2-Mar-04,17.17,17.17,17.17,17.17,8.32,-
3-Mar-04,17.16,17.16,17.16,17.16,8.31,-
4-Mar-04,17.22,17.22,17.22,17.22,8.34,-
5-Mar-04,17.32,17.32,17.32,17.32,8.39,-
8-Mar-04,17.26,17.26,17.26,17.26,8.36,-
9-Mar-04,17.21,17.21,17.21,17.21,8.34,-
10-Mar-04,17.04,17.04,17.04,17.04,8.25,-
11-Mar-04,16.86,16.86,16.86,16.86,8.17,-
12-Mar-04,16.98,16.98,16.98,16.98,8.22,-
15-Mar-04,16.82,16.82,16.82,16.82,8.15,-
16-Mar-04,16.91,16.91,16.91,16.91,8.19,-
17-Mar-04,17.04,17.04,17.04,17.04,8.25,-
18-Mar-04,17.02,17.02,17.02,17.02,8.24,-
19-Mar-04,16.91,16.91,16.91,16.91,8.19,-
22-Mar-04,16.77,16.77,16.77,16.77,8.12,-
23-Mar-04,16.77,16.77,16.77,16.77,8.12,-
24-Mar-04,16.74,16.74,16.74,16.74,8.11,-
25-Mar-04,16.91,16.91,16.91,16.91,8.19,-
26-Mar-04,16.87,16.87,16.87,16.87,8.17,-
29-Mar-04,17.01,17.01,17.01,17.01,8.24,-
30-Mar-04,17.05,17.05,17.05,17.05,8.26,-
31-Mar-04,17.08,17.08,17.08,17.08,8.27,-
1-Apr-04,17.14,17.14,17.14,17.14,8.3,-
2-Apr-04,17.17,17.17,17.17,17.17,8.32,-
5-Apr-04,17.2,17.2,17.2,17.2,8.33,-
6-Apr-04,17.19,17.19,17.19,17.19,8.33,-
7-Apr-04,17.15,17.15,17.15,17.15,8.31,-
8-Apr-04,17.12,17.12,17.12,17.12,8.29,-
12-Apr-04,17.16,17.16,17.16,17.16,8.31,-
13-Apr-04,16.99,16.99,16.99,16.99,8.23,-
14-Apr-04,16.93,16.93,16.93,16.93,8.2,-
15-Apr-04,16.92,16.92,16.92,16.92,8.2,-
16-Apr-04,17,17.0,17.0,17.0,8.23,-
19-Apr-04,17,17.0,17.0,17.0,8.23,-
20-Apr-04,17.03,17.03,17.03,17.03,8.25,-
21-Apr-04,16.88,16.88,16.88,16.88,8.18,-
22-Apr-04,17.04,17.04,17.04,17.04,8.25,-
23-Apr-04,17.01,17.01,17.01,17.01,8.24,-
26-Apr-04,16.99,16.99,16.99,16.99,8.23,-
27-Apr-04,17.02,17.02,17.02,17.02,8.24,-
28-Apr-04,16.83,16.83,16.83,16.83,8.15,-
29-Apr-04,16.72,16.72,16.72,16.72,8.1,-
30-Apr-04,16.67,16.67,16.67,16.67,8.07,-
3-May-04,16.74,16.74,16.74,16.74,8.11,-
4-May-04,16.78,16.78,16.78,16.78,8.13,-
5-May-04,16.8,16.8,16.8,16.8,8.14,-
6-May-04,16.69,16.69,16.69,16.69,8.08,-
7-May-04,16.47,16.47,16.47,16.47,7.98,-
10-May-04,16.3,16.3,16.3,16.3,7.9,-
11-May-04,16.4,16.4,16.4,16.4,7.94,-
12-May-04,16.42,16.42,16.42,16.42,7.95,-
13-May-04,16.38,16.38,16.38,16.38,7.93,-
14-May-04,16.39,16.39,16.39,16.39,7.94,-
17-May-04,16.31,16.31,16.31,16.31,7.9,-
18-May-04,16.37,16.37,16.37,16.37,7.93,-
19-May-04,16.38,16.38,16.38,16.38,7.93,-
20-May-04,16.39,16.39,16.39,16.39,7.94,-
21-May-04,16.44,16.44,16.44,16.44,7.96,-
24-May-04,16.47,16.47,16.47,16.47,7.98,-
25-May-04,16.63,16.63,16.63,16.63,8.06,-
26-May-04,16.69,16.69,16.69,16.69,8.08,-
27-May-04,16.79,16.79,16.79,16.79,8.13,-
28-May-04,16.77,16.77,16.77,16.77,8.12,-
1-Jun-04,16.76,16.76,16.76,16.76,8.12,-
2-Jun-04,16.79,16.79,16.79,16.79,8.13,-
3-Jun-04,16.7,16.7,16.7,16.7,8.09,-
4-Jun-04,16.74,16.74,16.74,16.74,8.11,-
7-Jun-04,16.93,16.93,16.93,16.93,8.2,-
8-Jun-04,16.95,16.95,16.95,16.95,8.21,-
9-Jun-04,16.82,16.82,16.82,16.82,8.15,-
10-Jun-04,16.87,16.87,16.87,16.87,8.17,-
14-Jun-04,16.71,16.71,16.71,16.71,8.09,-
15-Jun-04,16.85,16.85,16.85,16.85,8.16,-
16-Jun-04,16.86,16.86,16.86,16.86,8.17,-
17-Jun-04,16.87,16.87,16.87,16.87,8.17,-
18-Jun-04,16.9,16.9,16.9,16.9,8.27,-
21-Jun-04,16.86,16.86,16.86,16.86,8.25,-
22-Jun-04,16.88,16.88,16.88,16.88,8.26,-
23-Jun-04,16.97,16.97,16.97,16.97,8.31,-
24-Jun-04,16.99,16.99,16.99,16.99,8.32,-
25-Jun-04,16.78,16.78,16.78,16.78,8.22,-
28-Jun-04,16.75,16.75,16.75,16.75,8.2,-
29-Jun-04,16.77,16.77,16.77,16.77,8.21,-
30-Jun-04,16.85,16.85,16.85,16.85,8.25,-
1-Jul-04,16.76,16.76,16.76,16.76,8.21,-
2-Jul-04,16.78,16.78,16.78,16.78,8.22,-
6-Jul-04,16.67,16.67,16.67,16.67,8.16,-
7-Jul-04,16.7,16.7,16.7,16.7,8.18,-
8-Jul-04,16.62,16.62,16.62,16.62,8.14,-
9-Jul-04,16.66,16.66,16.66,16.66,8.16,-
12-Jul-04,16.68,16.68,16.68,16.68,8.17,-
13-Jul-04,16.67,16.67,16.67,16.67,8.16,-
14-Jul-04,16.63,16.63,16.63,16.63,8.14,-
15-Jul-04,16.59,16.59,16.59,16.59,8.12,-
16-Jul-04,16.59,16.59,16.59,16.59,8.12,-
19-Jul-04,16.58,16.58,16.58,16.58,8.12,-
20-Jul-04,16.62,16.62,16.62,16.62,8.14,-
21-Jul-04,16.47,16.47,16.47,16.47,8.06,-
22-Jul-04,16.48,16.48,16.48,16.48,8.07,-
23-Jul-04,16.39,16.39,16.39,16.39,8.02,-
26-Jul-04,16.34,16.34,16.34,16.34,8.0,-
27-Jul-04,16.4,16.4,16.4,16.4,8.03,-
28-Jul-04,16.4,16.4,16.4,16.4,8.03,-
29-Jul-04,16.47,16.47,16.47,16.47,8.06,-
30-Jul-04,16.52,16.52,16.52,16.52,8.09,-
2-Aug-04,16.57,16.57,16.57,16.57,8.11,-
3-Aug-04,16.52,16.52,16.52,16.52,8.09,-
4-Aug-04,16.49,16.49,16.49,16.49,8.07,-
5-Aug-04,16.35,16.35,16.35,16.35,8.01,-
6-Aug-04,16.26,16.26,16.26,16.26,7.96,-
9-Aug-04,16.26,16.26,16.26,16.26,7.96,-
10-Aug-04,16.37,16.37,16.37,16.37,8.01,-
11-Aug-04,16.34,16.34,16.34,16.34,8.0,-
12-Aug-04,16.24,16.24,16.24,16.24,7.95,-
13-Aug-04,16.27,16.27,16.27,16.27,7.97,-
16-Aug-04,16.39,16.39,16.39,16.39,8.02,-
17-Aug-04,16.43,16.43,16.43,16.43,8.04,-
18-Aug-04,16.55,16.55,16.55,16.55,8.1,-
19-Aug-04,16.54,16.54,16.54,16.54,8.1,-
20-Aug-04,16.6,16.6,16.6,16.6,8.13,-
23-Aug-04,16.57,16.57,16.57,16.57,8.11,-
24-Aug-04,16.57,16.57,16.57,16.57,8.11,-
25-Aug-04,16.65,16.65,16.65,16.65,8.15,-
26-Aug-04,16.68,16.68,16.68,16.68,8.17,-
27-Aug-04,16.71,16.71,16.71,16.71,8.18,-
30-Aug-04,16.64,16.64,16.64,16.64,8.15,-
31-Aug-04,16.7,16.7,16.7,16.7,8.18,-
1-Sep-04,16.74,16.74,16.74,16.74,8.2,-
2-Sep-04,16.84,16.84,16.84,16.84,8.24,-
3-Sep-04,16.76,16.76,16.76,16.76,8.21,-
7-Sep-04,16.86,16.86,16.86,16.86,8.25,-
8-Sep-04,16.85,16.85,16.85,16.85,8.25,-
9-Sep-04,16.85,16.85,16.85,16.85,8.25,-
10-Sep-04,16.93,16.93,16.93,16.93,8.29,-
13-Sep-04,16.97,16.97,16.97,16.97,8.31,-
14-Sep-04,17,17.0,17.0,17.0,8.32,-
15-Sep-04,16.9,16.9,16.9,16.9,8.27,-
16-Sep-04,16.97,16.97,16.97,16.97,8.31,-
17-Sep-04,16.99,16.99,16.99,16.99,8.32,-
20-Sep-04,16.96,16.96,16.96,16.96,8.3,-
21-Sep-04,17.04,17.04,17.04,17.04,8.34,-
22-Sep-04,16.91,16.91,16.91,16.91,8.28,-
23-Sep-04,16.86,16.86,16.86,16.86,8.25,-
24-Sep-04,16.86,16.86,16.86,16.86,8.25,-
27-Sep-04,16.8,16.8,16.8,16.8,8.23,-
28-Sep-04,16.87,16.87,16.87,16.87,8.26,-
29-Sep-04,16.9,16.9,16.9,16.9,8.27,-
30-Sep-04,16.91,16.91,16.91,16.91,8.28,-
1-Oct-04,17.07,17.07,17.07,17.07,8.36,-
4-Oct-04,17.11,17.11,17.11,17.11,8.38,-
5-Oct-04,17.12,17.12,17.12,17.12,8.38,-
6-Oct-04,17.17,17.17,17.17,17.17,8.41,-
7-Oct-04,17.06,17.06,17.06,17.06,8.35,-
8-Oct-04,17.03,17.03,17.03,17.03,8.34,-
11-Oct-04,17.05,17.05,17.05,17.05,8.35,-
12-Oct-04,17.01,17.01,17.01,17.01,8.33,-
13-Oct-04,16.94,16.94,16.94,16.94,8.29,-
14-Oct-04,16.87,16.87,16.87,16.87,8.26,-
15-Oct-04,16.91,16.91,16.91,16.91,8.28,-
18-Oct-04,16.96,16.96,16.96,16.96,8.3,-
19-Oct-04,16.89,16.89,16.89,16.89,8.27,-
20-Oct-04,16.9,16.9,16.9,16.9,8.27,-
21-Oct-04,16.94,16.94,16.94,16.94,8.29,-
22-Oct-04,16.85,16.85,16.85,16.85,8.25,-
25-Oct-04,16.85,16.85,16.85,16.85,8.25,-
26-Oct-04,16.98,16.98,16.98,16.98,8.31,-
27-Oct-04,17.12,17.12,17.12,17.12,8.38,-
28-Oct-04,17.14,17.14,17.14,17.14,8.39,-
29-Oct-04,17.17,17.17,17.17,17.17,8.41,-
1-Nov-04,17.18,17.18,17.18,17.18,8.41,-
2-Nov-04,17.19,17.19,17.19,17.19,8.42,-
3-Nov-04,17.33,17.33,17.33,17.33,8.48,-
4-Nov-04,17.49,17.49,17.49,17.49,8.56,-
5-Nov-04,17.51,17.51,17.51,17.51,8.57,-
8-Nov-04,17.49,17.49,17.49,17.49,8.56,-
9-Nov-04,17.49,17.49,17.49,17.49,8.56,-
10-Nov-04,17.49,17.49,17.49,17.49,8.56,-
11-Nov-04,17.59,17.59,17.59,17.59,8.61,-
12-Nov-04,17.71,17.71,17.71,17.71,8.67,-
15-Nov-04,17.73,17.73,17.73,17.73,8.68,-
16-Nov-04,17.65,17.65,17.65,17.65,8.64,-
17-Nov-04,17.74,17.74,17.74,17.74,8.69,-
18-Nov-04,17.75,17.75,17.75,17.75,8.69,-
19-Nov-04,17.62,17.62,17.62,17.62,8.63,-
22-Nov-04,17.68,17.68,17.68,17.68,8.66,-
23-Nov-04,17.69,17.69,17.69,17.69,8.66,-
24-Nov-04,17.74,17.74,17.74,17.74,8.69,-
26-Nov-04,17.76,17.76,17.76,17.76,8.7,-
29-Nov-04,17.73,17.73,17.73,17.73,8.68,-
30-Nov-04,17.68,17.68,17.68,17.68,8.66,-
1-Dec-04,17.84,17.84,17.84,17.84,8.73,-
2-Dec-04,17.83,17.83,17.83,17.83,8.73,-
3-Dec-04,17.88,17.88,17.88,17.88,8.75,-
6-Dec-04,17.88,17.88,17.88,17.88,8.75,-
7-Dec-04,17.76,17.76,17.76,17.76,8.7,-
8-Dec-04,17.82,17.82,17.82,17.82,8.72,-
9-Dec-04,17.84,17.84,17.84,17.84,8.73,-
10-Dec-04,17.84,17.84,17.84,17.84,8.73,-
13-Dec-04,17.95,17.95,17.95,17.95,8.79,-
14-Dec-04,18,18.0,18.0,18.0,8.81,-
15-Dec-04,18.06,18.06,18.06,18.06,8.84,-
16-Dec-04,18.01,18.01,18.01,18.01,8.82,-
17-Dec-04,17.93,17.93,17.93,17.93,8.78,-
20-Dec-04,17.95,17.95,17.95,17.95,8.79,-
21-Dec-04,18.05,18.05,18.05,18.05,8.84,-
22-Dec-04,18.09,18.09,18.09,18.09,8.86,-
23-Dec-04,18.11,18.11,18.11,18.11,8.87,-
27-Dec-04,18.07,18.07,18.07,18.07,8.85,-
28-Dec-04,18.15,18.15,18.15,18.15,8.89,-
29-Dec-04,17.88,17.88,17.88,17.88,8.88,-
30-Dec-04,17.91,17.91,17.91,17.91,8.9,-
31-Dec-04,17.91,17.91,17.91,17.91,8.9,-
3-Jan-05,17.81,17.81,17.81,17.81,8.85,-
4-Jan-05,17.65,17.65,17.65,17.65,8.77,-
5-Jan-05,17.59,17.59,17.59,17.59,8.74,-
6-Jan-05,17.62,17.62,17.62,17.62,8.75,-
7-Jan-05,17.59,17.59,17.59,17.59,8.74,-
10-Jan-05,17.65,17.65,17.65,17.65,8.77,-
11-Jan-05,17.59,17.59,17.59,17.59,8.74,-
12-Jan-05,17.64,17.64,17.64,17.64,8.76,-
13-Jan-05,17.57,17.57,17.57,17.57,8.73,-
14-Jan-05,17.63,17.63,17.63,17.63,8.76,-
18-Jan-05,17.73,17.73,17.73,17.73,8.81,-
19-Jan-05,17.64,17.64,17.64,17.64,8.76,-
20-Jan-05,17.56,17.56,17.56,17.56,8.72,-
21-Jan-05,17.51,17.51,17.51,17.51,8.7,-
24-Jan-05,17.47,17.47,17.47,17.47,8.68,-
25-Jan-05,17.49,17.49,17.49,17.49,8.69,-
26-Jan-05,17.56,17.56,17.56,17.56,8.72,-
27-Jan-05,17.57,17.57,17.57,17.57,8.73,-
28-Jan-05,17.55,17.55,17.55,17.55,8.72,-
31-Jan-05,17.66,17.66,17.66,17.66,8.77,-
1-Feb-05,17.74,17.74,17.74,17.74,8.81,-
2-Feb-05,17.78,17.78,17.78,17.78,8.83,-
3-Feb-05,17.74,17.74,17.74,17.74,8.81,-
4-Feb-05,17.89,17.89,17.89,17.89,8.89,-
7-Feb-05,17.89,17.89,17.89,17.89,8.89,-
8-Feb-05,17.89,17.89,17.89,17.89,8.89,-
9-Feb-05,17.81,17.81,17.81,17.81,8.85,-
10-Feb-05,17.84,17.84,17.84,17.84,8.86,-
11-Feb-05,17.93,17.93,17.93,17.93,8.91,-
14-Feb-05,17.96,17.96,17.96,17.96,8.92,-
15-Feb-05,17.99,17.99,17.99,17.99,8.94,-
16-Feb-05,17.98,17.98,17.98,17.98,8.93,-
17-Feb-05,17.9,17.9,17.9,17.9,8.89,-
18-Feb-05,17.9,17.9,17.9,17.9,8.89,-
22-Feb-05,17.75,17.75,17.75,17.75,8.82,-
23-Feb-05,17.8,17.8,17.8,17.8,8.84,-
24-Feb-05,17.89,17.89,17.89,17.89,8.89,-
25-Feb-05,18.01,18.01,18.01,18.01,8.95,-
28-Feb-05,17.93,17.93,17.93,17.93,8.91,-
1-Mar-05,17.99,17.99,17.99,17.99,8.94,-
2-Mar-05,17.97,17.97,17.97,17.97,8.93,-
3-Mar-05,17.98,17.98,17.98,17.98,8.93,-
4-Mar-05,18.13,18.13,18.13,18.13,9.01,-
7-Mar-05,18.16,18.16,18.16,18.16,9.02,-
8-Mar-05,18.09,18.09,18.09,18.09,8.99,-
9-Mar-05,17.94,17.94,17.94,17.94,8.91,-
10-Mar-05,17.96,17.96,17.96,17.96,8.92,-
11-Mar-05,17.88,17.88,17.88,17.88,8.88,-
14-Mar-05,17.94,17.94,17.94,17.94,8.91,-
15-Mar-05,17.85,17.85,17.85,17.85,8.87,-
16-Mar-05,17.77,17.77,17.77,17.77,8.83,-
17-Mar-05,17.8,17.8,17.8,17.8,8.84,-
18-Mar-05,17.77,17.77,17.77,17.77,8.83,-
21-Mar-05,17.71,17.71,17.71,17.71,8.8,-
22-Mar-05,17.57,17.57,17.57,17.57,8.73,-
23-Mar-05,17.55,17.55,17.55,17.55,8.72,-
24-Mar-05,17.55,17.55,17.55,17.55,8.72,-
28-Mar-05,17.56,17.56,17.56,17.56,8.72,-
29-Mar-05,17.47,17.47,17.47,17.47,8.68,-
30-Mar-05,17.64,17.64,17.64,17.64,8.76,-
31-Mar-05,17.66,17.66,17.66,17.66,8.77,-
1-Apr-05,17.6,17.6,17.6,17.6,8.74,-
4-Apr-05,17.62,17.62,17.62,17.62,8.75,-
5-Apr-05,17.67,17.67,17.67,17.67,8.78,-
6-Apr-05,17.71,17.71,17.71,17.71,8.8,-
7-Apr-05,17.78,17.78,17.78,17.78,8.83,-
8-Apr-05,17.67,17.67,17.67,17.67,8.78,-
11-Apr-05,17.68,17.68,17.68,17.68,8.78,-
12-Apr-05,17.76,17.76,17.76,17.76,8.82,-
13-Apr-05,17.63,17.63,17.63,17.63,8.76,-
14-Apr-05,17.5,17.5,17.5,17.5,8.69,-
15-Apr-05,17.33,17.33,17.33,17.33,8.61,-
18-Apr-05,17.35,17.35,17.35,17.35,8.62,-
19-Apr-05,17.45,17.45,17.45,17.45,8.67,-
20-Apr-05,17.3,17.3,17.3,17.3,8.59,-
21-Apr-05,17.51,17.51,17.51,17.51,8.7,-
22-Apr-05,17.43,17.43,17.43,17.43,8.66,-
25-Apr-05,17.54,17.54,17.54,17.54,8.71,-
26-Apr-05,17.43,17.43,17.43,17.43,8.66,-
27-Apr-05,17.46,17.46,17.46,17.46,8.67,-
28-Apr-05,17.33,17.33,17.33,17.33,8.61,-
29-Apr-05,17.47,17.47,17.47,17.47,8.68,-
2-May-05,17.52,17.52,17.52,17.52,8.7,-
3-May-05,17.51,17.51,17.51,17.51,8.7,-
4-May-05,17.67,17.67,17.67,17.67,8.78,-
5-May-05,17.66,17.66,17.66,17.66,8.77,-
6-May-05,17.63,17.63,17.63,17.63,8.76,-
9-May-05,17.69,17.69,17.69,17.69,8.79,-
10-May-05,17.58,17.58,17.58,17.58,8.73,-
11-May-05,17.63,17.63,17.63,17.63,8.76,-
12-May-05,17.51,17.51,17.51,17.51,8.7,-
13-May-05,17.46,17.46,17.46,17.46,8.67,-
16-May-05,17.57,17.57,17.57,17.57,8.73,-
17-May-05,17.65,17.65,17.65,17.65,8.77,-
18-May-05,17.78,17.78,17.78,17.78,8.83,-
19-May-05,17.84,17.84,17.84,17.84,8.86,-
20-May-05,17.81,17.81,17.81,17.81,8.85,-
23-May-05,17.88,17.88,17.88,17.88,8.88,-
24-May-05,17.89,17.89,17.89,17.89,8.89,-
25-May-05,17.84,17.84,17.84,17.84,8.86,-
26-May-05,17.91,17.91,17.91,17.91,8.9,-
27-May-05,17.94,17.94,17.94,17.94,8.91,-
31-May-05,17.89,17.89,17.89,17.89,8.89,-
1-Jun-05,18.02,18.02,18.02,18.02,8.95,-
2-Jun-05,18.05,18.05,18.05,18.05,8.97,-
3-Jun-05,17.96,17.96,17.96,17.96,8.92,-
6-Jun-05,17.99,17.99,17.99,17.99,8.94,-
7-Jun-05,18,18.0,18.0,18.0,8.94,-
8-Jun-05,17.98,17.98,17.98,17.98,8.93,-
9-Jun-05,18.02,18.02,18.02,18.02,8.95,-
10-Jun-05,17.98,17.98,17.98,17.98,8.93,-
13-Jun-05,17.99,17.99,17.99,17.99,8.94,-
14-Jun-05,18.03,18.03,18.03,18.03,8.96,-
15-Jun-05,18.06,18.06,18.06,18.06,8.97,-
16-Jun-05,18.12,18.12,18.12,18.12,9.0,-
17-Jun-05,18.19,18.19,18.19,18.19,9.04,-
20-Jun-05,18.17,18.17,18.17,18.17,9.03,-
21-Jun-05,18.17,18.17,18.17,18.17,9.03,-
22-Jun-05,18.2,18.2,18.2,18.2,9.04,-
23-Jun-05,18.06,18.06,18.06,18.06,8.97,-
24-Jun-05,17.81,17.81,17.81,17.81,8.94,-
27-Jun-05,17.8,17.8,17.8,17.8,8.93,-
28-Jun-05,17.9,17.9,17.9,17.9,8.98,-
29-Jun-05,17.88,17.88,17.88,17.88,8.97,-
30-Jun-05,17.82,17.82,17.82,17.82,8.94,-
1-Jul-05,17.83,17.83,17.83,17.83,8.95,-
5-Jul-05,17.91,17.91,17.91,17.91,8.99,-
6-Jul-05,17.84,17.84,17.84,17.84,8.95,-
7-Jul-05,17.86,17.86,17.86,17.86,8.96,-
8-Jul-05,17.99,17.99,17.99,17.99,9.03,-
11-Jul-05,18.09,18.09,18.09,18.09,9.08,-
12-Jul-05,18.12,18.12,18.12,18.12,9.09,-
13-Jul-05,18.11,18.11,18.11,18.11,9.09,-
14-Jul-05,18.14,18.14,18.14,18.14,9.1,-
15-Jul-05,18.15,18.15,18.15,18.15,9.11,-
18-Jul-05,18.08,18.08,18.08,18.08,9.07,-
19-Jul-05,18.16,18.16,18.16,18.16,9.11,-
20-Jul-05,18.25,18.25,18.25,18.25,9.16,-
21-Jul-05,18.15,18.15,18.15,18.15,9.11,-
22-Jul-05,18.23,18.23,18.23,18.23,9.15,-
25-Jul-05,18.17,18.17,18.17,18.17,9.12,-
26-Jul-05,18.19,18.19,18.19,18.19,9.13,-
27-Jul-05,18.25,18.25,18.25,18.25,9.16,-
28-Jul-05,18.34,18.34,18.34,18.34,9.2,-
29-Jul-05,18.25,18.25,18.25,18.25,9.16,-
1-Aug-05,18.28,18.28,18.28,18.28,9.17,-
2-Aug-05,18.36,18.36,18.36,18.36,9.21,-
3-Aug-05,18.39,18.39,18.39,18.39,9.23,-
4-Aug-05,18.29,18.29,18.29,18.29,9.18,-
5-Aug-05,18.17,18.17,18.17,18.17,9.12,-
8-Aug-05,18.14,18.14,18.14,18.14,9.1,-
9-Aug-05,18.22,18.22,18.22,18.22,9.14,-
10-Aug-05,18.24,18.24,18.24,18.24,9.15,-
11-Aug-05,18.35,18.35,18.35,18.35,9.21,-
12-Aug-05,18.3,18.3,18.3,18.3,9.18,-
15-Aug-05,18.33,18.33,18.33,18.33,9.2,-
16-Aug-05,18.19,18.19,18.19,18.19,9.13,-
17-Aug-05,18.19,18.19,18.19,18.19,9.13,-
18-Aug-05,18.16,18.16,18.16,18.16,9.11,-
19-Aug-05,18.18,18.18,18.18,18.18,9.12,-
22-Aug-05,18.22,18.22,18.22,18.22,9.14,-
23-Aug-05,18.18,18.18,18.18,18.18,9.12,-
24-Aug-05,18.11,18.11,18.11,18.11,9.09,-
25-Aug-05,18.14,18.14,18.14,18.14,9.1,-
26-Aug-05,18.07,18.07,18.07,18.07,9.07,-
29-Aug-05,18.13,18.13,18.13,18.13,9.1,-
30-Aug-05,18.11,18.11,18.11,18.11,9.09,-
31-Aug-05,18.28,18.28,18.28,18.28,9.17,-
1-Sep-05,18.32,18.32,18.32,18.32,9.19,-
2-Sep-05,18.29,18.29,18.29,18.29,9.18,-
6-Sep-05,18.44,18.44,18.44,18.44,9.25,-
7-Sep-05,18.45,18.45,18.45,18.45,9.26,-
8-Sep-05,18.4,18.4,18.4,18.4,9.23,-
9-Sep-05,18.51,18.51,18.51,18.51,9.29,-
12-Sep-05,18.49,18.49,18.49,18.49,9.28,-
13-Sep-05,18.4,18.4,18.4,18.4,9.23,-
14-Sep-05,18.36,18.36,18.36,18.36,9.21,-
15-Sep-05,18.36,18.36,18.36,18.36,9.21,-
16-Sep-05,18.45,18.45,18.45,18.45,9.26,-
19-Sep-05,18.39,18.39,18.39,18.39,9.23,-
20-Sep-05,18.3,18.3,18.3,18.3,9.18,-
21-Sep-05,18.21,18.21,18.21,18.21,9.14,-
22-Sep-05,18.24,18.24,18.24,18.24,9.15,-
23-Sep-05,18.23,18.23,18.23,18.23,9.15,-
26-Sep-05,18.25,18.25,18.25,18.25,9.16,-
27-Sep-05,18.24,18.24,18.24,18.24,9.15,-
28-Sep-05,18.27,18.27,18.27,18.27,9.17,-
29-Sep-05,18.38,18.38,18.38,18.38,9.22,-
30-Sep-05,18.39,18.39,18.39,18.39,9.23,-
3-Oct-05,18.36,18.36,18.36,18.36,9.21,-
4-Oct-05,18.25,18.25,18.25,18.25,9.16,-
5-Oct-05,18.06,18.06,18.06,18.06,9.06,-
6-Oct-05,18,18.0,18.0,18.0,9.03,-
7-Oct-05,18.05,18.05,18.05,18.05,9.06,-
10-Oct-05,17.96,17.96,17.96,17.96,9.01,-
11-Oct-05,17.94,17.94,17.94,17.94,9.0,-
12-Oct-05,17.83,17.83,17.83,17.83,8.95,-
13-Oct-05,17.79,17.79,17.79,17.79,8.93,-
14-Oct-05,17.9,17.9,17.9,17.9,8.98,-
17-Oct-05,17.93,17.93,17.93,17.93,9.0,-
18-Oct-05,17.8,17.8,17.8,17.8,8.93,-
19-Oct-05,17.96,17.96,17.96,17.96,9.01,-
20-Oct-05,17.78,17.78,17.78,17.78,8.92,-
21-Oct-05,17.84,17.84,17.84,17.84,8.95,-
24-Oct-05,18.02,18.02,18.02,18.02,9.04,-
25-Oct-05,17.99,17.99,17.99,17.99,9.03,-
26-Oct-05,17.92,17.92,17.92,17.92,8.99,-
27-Oct-05,17.8,17.8,17.8,17.8,8.93,-
28-Oct-05,17.97,17.97,17.97,17.97,9.02,-
31-Oct-05,18.09,18.09,18.09,18.09,9.08,-
1-Nov-05,18.05,18.05,18.05,18.05,9.06,-
2-Nov-05,18.18,18.18,18.18,18.18,9.12,-
3-Nov-05,18.23,18.23,18.23,18.23,9.15,-
4-Nov-05,18.21,18.21,18.21,18.21,9.14,-
7-Nov-05,18.24,18.24,18.24,18.24,9.15,-
8-Nov-05,18.23,18.23,18.23,18.23,9.15,-
9-Nov-05,18.22,18.22,18.22,18.22,9.14,-
10-Nov-05,18.33,18.33,18.33,18.33,9.2,-
11-Nov-05,18.38,18.38,18.38,18.38,9.22,-
14-Nov-05,18.36,18.36,18.36,18.36,9.21,-
15-Nov-05,18.31,18.31,18.31,18.31,9.19,-
16-Nov-05,18.35,18.35,18.35,18.35,9.21,-
17-Nov-05,18.5,18.5,18.5,18.5,9.28,-
18-Nov-05,18.54,18.54,18.54,18.54,9.3,-
21-Nov-05,18.63,18.63,18.63,18.63,9.35,-
22-Nov-05,18.69,18.69,18.69,18.69,9.38,-
23-Nov-05,18.73,18.73,18.73,18.73,9.4,-
25-Nov-05,18.76,18.76,18.76,18.76,9.41,-
28-Nov-05,18.66,18.66,18.66,18.66,9.36,-
29-Nov-05,18.65,18.65,18.65,18.65,9.36,-
30-Nov-05,18.58,18.58,18.58,18.58,9.32,-
1-Dec-05,18.74,18.74,18.74,18.74,9.4,-
2-Dec-05,18.75,18.75,18.75,18.75,9.41,-
5-Dec-05,18.73,18.73,18.73,18.73,9.4,-
6-Dec-05,18.77,18.77,18.77,18.77,9.42,-
7-Dec-05,18.7,18.7,18.7,18.7,9.38,-
8-Dec-05,18.71,18.71,18.71,18.71,9.39,-
9-Dec-05,18.74,18.74,18.74,18.74,9.4,-
12-Dec-05,18.77,18.77,18.77,18.77,9.42,-
13-Dec-05,18.84,18.84,18.84,18.84,9.45,-
14-Dec-05,18.91,18.91,18.91,18.91,9.49,-
15-Dec-05,18.87,18.87,18.87,18.87,9.47,-
16-Dec-05,18.86,18.86,18.86,18.86,9.46,-
19-Dec-05,18.78,18.78,18.78,18.78,9.42,-
20-Dec-05,18.78,18.78,18.78,18.78,9.42,-
21-Dec-05,18.81,18.81,18.81,18.81,9.44,-
22-Dec-05,18.89,18.89,18.89,18.89,9.48,-
23-Dec-05,18.92,18.92,18.92,18.92,9.49,-
27-Dec-05,18.81,18.81,18.81,18.81,9.44,-
28-Dec-05,18.84,18.84,18.84,18.84,9.45,-
29-Dec-05,18.53,18.53,18.53,18.53,9.43,-
30-Dec-05,18.47,18.47,18.47,18.47,9.4,-
3-Jan-06,18.71,18.71,18.71,18.71,9.52,-
4-Jan-06,18.8,18.8,18.8,18.8,9.57,-
5-Jan-06,18.8,18.8,18.8,18.8,9.57,-
6-Jan-06,18.93,18.93,18.93,18.93,9.64,-
9-Jan-06,18.98,18.98,18.98,18.98,9.66,-
10-Jan-06,18.95,18.95,18.95,18.95,9.65,-
11-Jan-06,19,19.0,19.0,19.0,9.67,-
12-Jan-06,18.93,18.93,18.93,18.93,9.64,-
13-Jan-06,18.96,18.96,18.96,18.96,9.65,-
17-Jan-06,18.9,18.9,18.9,18.9,9.62,-
18-Jan-06,18.83,18.83,18.83,18.83,9.58,-
19-Jan-06,18.93,18.93,18.93,18.93,9.64,-
20-Jan-06,18.7,18.7,18.7,18.7,9.52,-
23-Jan-06,18.75,18.75,18.75,18.75,9.54,-
24-Jan-06,18.79,18.79,18.79,18.79,9.56,-
25-Jan-06,18.76,18.76,18.76,18.76,9.55,-
26-Jan-06,18.86,18.86,18.86,18.86,9.6,-
27-Jan-06,18.96,18.96,18.96,18.96,9.65,-
30-Jan-06,18.96,18.96,18.96,18.96,9.65,-
31-Jan-06,18.94,18.94,18.94,18.94,9.64,-
1-Feb-06,18.96,18.96,18.96,18.96,9.65,-
2-Feb-06,18.83,18.83,18.83,18.83,9.58,-
3-Feb-06,18.77,18.77,18.77,18.77,9.55,-
6-Feb-06,18.79,18.79,18.79,18.79,9.56,-
7-Feb-06,18.68,18.68,18.68,18.68,9.51,-
8-Feb-06,18.76,18.76,18.76,18.76,9.55,-
9-Feb-06,18.75,18.75,18.75,18.75,9.54,-
10-Feb-06,18.77,18.77,18.77,18.77,9.55,-
13-Feb-06,18.71,18.71,18.71,18.71,9.52,-
14-Feb-06,18.82,18.82,18.82,18.82,9.58,-
15-Feb-06,18.87,18.87,18.87,18.87,9.61,-
16-Feb-06,18.97,18.97,18.97,18.97,9.66,-
17-Feb-06,18.97,18.97,18.97,18.97,9.66,-
21-Feb-06,18.94,18.94,18.94,18.94,9.64,-
22-Feb-06,19.04,19.04,19.04,19.04,9.69,-
23-Feb-06,19.01,19.01,19.01,19.01,9.68,-
24-Feb-06,19.03,19.03,19.03,19.03,9.69,-
27-Feb-06,19.08,19.08,19.08,19.08,9.71,-
28-Feb-06,18.96,18.96,18.96,18.96,9.65,-
1-Mar-06,19.07,19.07,19.07,19.07,9.71,-
2-Mar-06,19.03,19.03,19.03,19.03,9.69,-
3-Mar-06,18.99,18.99,18.99,18.99,9.67,-
6-Mar-06,18.9,18.9,18.9,18.9,9.62,-
7-Mar-06,18.84,18.84,18.84,18.84,9.59,-
8-Mar-06,18.86,18.86,18.86,18.86,9.6,-
9-Mar-06,18.82,18.82,18.82,18.82,9.58,-
10-Mar-06,18.9,18.9,18.9,18.9,9.62,-
13-Mar-06,18.94,18.94,18.94,18.94,9.64,-
14-Mar-06,19.11,19.11,19.11,19.11,9.73,-
15-Mar-06,19.16,19.16,19.16,19.16,9.75,-
16-Mar-06,19.21,19.21,19.21,19.21,9.78,-
17-Mar-06,19.23,19.23,19.23,19.23,9.79,-
20-Mar-06,19.23,19.23,19.23,19.23,9.79,-
21-Mar-06,19.12,19.12,19.12,19.12,9.73,-
22-Mar-06,19.21,19.21,19.21,19.21,9.78,-
23-Mar-06,19.16,19.16,19.16,19.16,9.75,-
24-Mar-06,19.2,19.2,19.2,19.2,9.77,-
27-Mar-06,19.19,19.19,19.19,19.19,9.77,-
28-Mar-06,19.1,19.1,19.1,19.1,9.72,-
29-Mar-06,19.19,19.19,19.19,19.19,9.77,-
30-Mar-06,19.18,19.18,19.18,19.18,9.76,-
31-Mar-06,19.14,19.14,19.14,19.14,9.74,-
3-Apr-06,19.17,19.17,19.17,19.17,9.76,-
4-Apr-06,19.27,19.27,19.27,19.27,9.81,-
5-Apr-06,19.33,19.33,19.33,19.33,9.84,-
6-Apr-06,19.31,19.31,19.31,19.31,9.83,-
7-Apr-06,19.15,19.15,19.15,19.15,9.75,-
10-Apr-06,19.16,19.16,19.16,19.16,9.75,-
11-Apr-06,19.06,19.06,19.06,19.06,9.7,-
12-Apr-06,19.06,19.06,19.06,19.06,9.7,-
13-Apr-06,19.06,19.06,19.06,19.06,9.7,-
17-Apr-06,19.06,19.06,19.06,19.06,9.7,-
18-Apr-06,19.3,19.3,19.3,19.3,9.82,-
19-Apr-06,19.34,19.34,19.34,19.34,9.84,-
20-Apr-06,19.34,19.34,19.34,19.34,9.84,-
21-Apr-06,19.36,19.36,19.36,19.36,9.85,-
24-Apr-06,19.34,19.34,19.34,19.34,9.84,-
25-Apr-06,19.27,19.27,19.27,19.27,9.81,-
26-Apr-06,19.29,19.29,19.29,19.29,9.82,-
27-Apr-06,19.34,19.34,19.34,19.34,9.84,-
28-Apr-06,19.36,19.36,19.36,19.36,9.85,-
1-May-06,19.31,19.31,19.31,19.31,9.83,-
2-May-06,19.41,19.41,19.41,19.41,9.88,-
3-May-06,19.35,19.35,19.35,19.35,9.85,-
4-May-06,19.4,19.4,19.4,19.4,9.87,-
5-May-06,19.56,19.56,19.56,19.56,9.96,-
8-May-06,19.56,19.56,19.56,19.56,9.96,-
9-May-06,19.57,19.57,19.57,19.57,9.96,-
10-May-06,19.55,19.55,19.55,19.55,9.95,-
11-May-06,19.37,19.37,19.37,19.37,9.86,-
12-May-06,19.19,19.19,19.19,19.19,9.77,-
15-May-06,19.2,19.2,19.2,19.2,9.77,-
16-May-06,19.19,19.19,19.19,19.19,9.77,-
17-May-06,18.94,18.94,18.94,18.94,9.64,-
18-May-06,18.88,18.88,18.88,18.88,9.61,-
19-May-06,18.93,18.93,18.93,18.93,9.64,-
22-May-06,18.84,18.84,18.84,18.84,9.59,-
23-May-06,18.8,18.8,18.8,18.8,9.57,-
24-May-06,18.8,18.8,18.8,18.8,9.57,-
25-May-06,18.95,18.95,18.95,18.95,9.65,-
26-May-06,19.06,19.06,19.06,19.06,9.7,-
30-May-06,18.83,18.83,18.83,18.83,9.58,-
31-May-06,18.94,18.94,18.94,18.94,9.64,-
1-Jun-06,19.09,19.09,19.09,19.09,9.72,-
2-Jun-06,19.17,19.17,19.17,19.17,9.76,-
5-Jun-06,18.93,18.93,18.93,18.93,9.64,-
6-Jun-06,18.87,18.87,18.87,18.87,9.61,-
7-Jun-06,18.78,18.78,18.78,18.78,9.56,-
8-Jun-06,18.74,18.74,18.74,18.74,9.54,-
9-Jun-06,18.71,18.71,18.71,18.71,9.52,-
12-Jun-06,18.53,18.53,18.53,18.53,9.43,-
13-Jun-06,18.37,18.37,18.37,18.37,9.35,-
14-Jun-06,18.43,18.43,18.43,18.43,9.38,-
15-Jun-06,18.71,18.71,18.71,18.71,9.52,-
16-Jun-06,18.65,18.65,18.65,18.65,9.49,-
19-Jun-06,18.53,18.53,18.53,18.53,9.43,-
20-Jun-06,18.53,18.53,18.53,18.53,9.43,-
21-Jun-06,18.66,18.66,18.66,18.66,9.5,-
22-Jun-06,18.6,18.6,18.6,18.6,9.47,-
23-Jun-06,18.35,18.35,18.35,18.35,9.46,-
26-Jun-06,18.42,18.42,18.42,18.42,9.49,-
27-Jun-06,18.3,18.3,18.3,18.3,9.43,-
28-Jun-06,18.37,18.37,18.37,18.37,9.47,-
29-Jun-06,18.69,18.69,18.69,18.69,9.63,-
30-Jun-06,18.73,18.73,18.73,18.73,9.65,-
3-Jul-06,18.84,18.84,18.84,18.84,9.71,-
5-Jul-06,18.69,18.69,18.69,18.69,9.63,-
6-Jul-06,18.75,18.75,18.75,18.75,9.66,-
7-Jul-06,18.68,18.68,18.68,18.68,9.63,-
10-Jul-06,18.71,18.71,18.71,18.71,9.64,-
11-Jul-06,18.76,18.76,18.76,18.76,9.67,-
12-Jul-06,18.6,18.6,18.6,18.6,9.59,-
13-Jul-06,18.43,18.43,18.43,18.43,9.5,-
14-Jul-06,18.36,18.36,18.36,18.36,9.46,-
17-Jul-06,18.31,18.31,18.31,18.31,9.44,-
18-Jul-06,18.31,18.31,18.31,18.31,9.44,-
19-Jul-06,18.58,18.58,18.58,18.58,9.58,-
20-Jul-06,18.48,18.48,18.48,18.48,9.52,-
21-Jul-06,18.39,18.39,18.39,18.39,9.48,-
24-Jul-06,18.61,18.61,18.61,18.61,9.59,-
25-Jul-06,18.69,18.69,18.69,18.69,9.63,-
26-Jul-06,18.69,18.69,18.69,18.69,9.63,-
27-Jul-06,18.67,18.67,18.67,18.67,9.62,-
28-Jul-06,18.86,18.86,18.86,18.86,9.72,-
31-Jul-06,18.84,18.84,18.84,18.84,9.71,-
1-Aug-06,18.77,18.77,18.77,18.77,9.67,-
2-Aug-06,18.88,18.88,18.88,18.88,9.73,-
3-Aug-06,18.89,18.89,18.89,18.89,9.74,-
4-Aug-06,18.92,18.92,18.92,18.92,9.75,-
7-Aug-06,18.85,18.85,18.85,18.85,9.72,-
8-Aug-06,18.81,18.81,18.81,18.81,9.69,-
9-Aug-06,18.77,18.77,18.77,18.77,9.67,-
10-Aug-06,18.82,18.82,18.82,18.82,9.7,-
11-Aug-06,18.75,18.75,18.75,18.75,9.66,-
14-Aug-06,18.77,18.77,18.77,18.77,9.67,-
15-Aug-06,18.99,18.99,18.99,18.99,9.79,-
16-Aug-06,19.12,19.12,19.12,19.12,9.85,-
17-Aug-06,19.14,19.14,19.14,19.14,9.86,-
18-Aug-06,19.19,19.19,19.19,19.19,9.89,-
21-Aug-06,19.14,19.14,19.14,19.14,9.86,-
22-Aug-06,19.16,19.16,19.16,19.16,9.87,-
23-Aug-06,19.08,19.08,19.08,19.08,9.83,-
24-Aug-06,19.1,19.1,19.1,19.1,9.84,-
25-Aug-06,19.1,19.1,19.1,19.1,9.84,-
28-Aug-06,19.17,19.17,19.17,19.17,9.88,-
29-Aug-06,19.21,19.21,19.21,19.21,9.9,-
30-Aug-06,19.23,19.23,19.23,19.23,9.91,-
31-Aug-06,19.25,19.25,19.25,19.25,9.92,-
1-Sep-06,19.32,19.32,19.32,19.32,9.96,-
5-Sep-06,19.35,19.35,19.35,19.35,9.97,-
6-Sep-06,19.19,19.19,19.19,19.19,9.89,-
7-Sep-06,19.12,19.12,19.12,19.12,9.85,-
8-Sep-06,19.17,19.17,19.17,19.17,9.88,-
11-Sep-06,19.14,19.14,19.14,19.14,9.86,-
12-Sep-06,19.31,19.31,19.31,19.31,9.95,-
13-Sep-06,19.36,19.36,19.36,19.36,9.98,-
14-Sep-06,19.34,19.34,19.34,19.34,9.97,-
15-Sep-06,19.36,19.36,19.36,19.36,9.98,-
18-Sep-06,19.38,19.38,19.38,19.38,9.99,-
19-Sep-06,19.37,19.37,19.37,19.37,9.98,-
20-Sep-06,19.44,19.44,19.44,19.44,10.02,-
21-Sep-06,19.4,19.4,19.4,19.4,10.0,-
22-Sep-06,19.37,19.37,19.37,19.37,9.98,-
25-Sep-06,19.49,19.49,19.49,19.49,10.04,-
26-Sep-06,19.57,19.57,19.57,19.57,10.09,-
27-Sep-06,19.6,19.6,19.6,19.6,10.1,-
28-Sep-06,19.61,19.61,19.61,19.61,10.11,-
29-Sep-06,19.57,19.57,19.57,19.57,10.09,-
2-Oct-06,19.54,19.54,19.54,19.54,10.07,-
3-Oct-06,19.56,19.56,19.56,19.56,10.08,-
4-Oct-06,19.73,19.73,19.73,19.73,10.17,-
5-Oct-06,19.78,19.78,19.78,19.78,10.19,-
6-Oct-06,19.71,19.71,19.71,19.71,10.16,-
9-Oct-06,19.73,19.73,19.73,19.73,10.17,-
10-Oct-06,19.74,19.74,19.74,19.74,10.17,-
11-Oct-06,19.7,19.7,19.7,19.7,10.15,-
12-Oct-06,19.84,19.84,19.84,19.84,10.23,-
13-Oct-06,19.87,19.87,19.87,19.87,10.24,-
16-Oct-06,19.93,19.93,19.93,19.93,10.27,-
17-Oct-06,19.88,19.88,19.88,19.88,10.25,-
18-Oct-06,19.89,19.89,19.89,19.89,10.25,-
19-Oct-06,19.92,19.92,19.92,19.92,10.27,-
20-Oct-06,19.93,19.93,19.93,19.93,10.27,-
23-Oct-06,19.99,19.99,19.99,19.99,10.3,-
24-Oct-06,19.99,19.99,19.99,19.99,10.3,-
25-Oct-06,20.07,20.07,20.07,20.07,10.34,-
26-Oct-06,20.16,20.16,20.16,20.16,10.39,-
27-Oct-06,20.06,20.06,20.06,20.06,10.34,-
30-Oct-06,20.06,20.06,20.06,20.06,10.34,-
31-Oct-06,20.09,20.09,20.09,20.09,10.35,-
1-Nov-06,20.01,20.01,20.01,20.01,10.31,-
2-Nov-06,20,20.0,20.0,20.0,10.31,-
3-Nov-06,19.95,19.95,19.95,19.95,10.28,-
6-Nov-06,20.12,20.12,20.12,20.12,10.37,-
7-Nov-06,20.17,20.17,20.17,20.17,10.4,-
8-Nov-06,20.2,20.2,20.2,20.2,10.41,-
9-Nov-06,20.13,20.13,20.13,20.13,10.37,-
10-Nov-06,20.18,20.18,20.18,20.18,10.4,-
13-Nov-06,20.2,20.2,20.2,20.2,10.41,-
14-Nov-06,20.32,20.32,20.32,20.32,10.47,-
15-Nov-06,20.35,20.35,20.35,20.35,10.49,-
16-Nov-06,20.35,20.35,20.35,20.35,10.49,-
17-Nov-06,20.38,20.38,20.38,20.38,10.5,-
20-Nov-06,20.37,20.37,20.37,20.37,10.5,-
21-Nov-06,20.4,20.4,20.4,20.4,10.51,-
22-Nov-06,20.46,20.46,20.46,20.46,10.54,-
24-Nov-06,20.43,20.43,20.43,20.43,10.53,-
27-Nov-06,20.23,20.23,20.23,20.23,10.43,-
28-Nov-06,20.29,20.29,20.29,20.29,10.46,-
29-Nov-06,20.44,20.44,20.44,20.44,10.53,-
30-Nov-06,20.48,20.48,20.48,20.48,10.56,-
1-Dec-06,20.46,20.46,20.46,20.46,10.54,-
4-Dec-06,20.6,20.6,20.6,20.6,10.62,-
5-Dec-06,20.65,20.65,20.65,20.65,10.64,-
6-Dec-06,20.63,20.63,20.63,20.63,10.63,-
7-Dec-06,20.58,20.58,20.58,20.58,10.61,-
8-Dec-06,20.59,20.59,20.59,20.59,10.61,-
11-Dec-06,20.62,20.62,20.62,20.62,10.63,-
12-Dec-06,20.61,20.61,20.61,20.61,10.62,-
13-Dec-06,20.62,20.62,20.62,20.62,10.63,-
14-Dec-06,20.73,20.73,20.73,20.73,10.68,-
15-Dec-06,20.74,20.74,20.74,20.74,10.69,-
18-Dec-06,20.68,20.68,20.68,20.68,10.66,-
19-Dec-06,20.71,20.71,20.71,20.71,10.67,-
20-Dec-06,20.71,20.71,20.71,20.71,10.67,-
21-Dec-06,20.67,20.67,20.67,20.67,10.65,-
22-Dec-06,20.59,20.59,20.59,20.59,10.61,-
26-Dec-06,20.66,20.66,20.66,20.66,10.65,-
27-Dec-06,20.76,20.76,20.76,20.76,10.7,-
28-Dec-06,20.42,20.42,20.42,20.42,10.68,-
29-Dec-06,20.36,20.36,20.36,20.36,10.65,-
3-Jan-07,20.38,20.38,20.38,20.38,10.66,-
4-Jan-07,20.41,20.41,20.41,20.41,10.68,-
5-Jan-07,20.28,20.28,20.28,20.28,10.61,-
8-Jan-07,20.32,20.32,20.32,20.32,10.63,-
9-Jan-07,20.32,20.32,20.32,20.32,10.63,-
10-Jan-07,20.31,20.31,20.31,20.31,10.63,-
11-Jan-07,20.4,20.4,20.4,20.4,10.67,-
12-Jan-07,20.48,20.48,20.48,20.48,10.72,-
16-Jan-07,20.49,20.49,20.49,20.49,10.72,-
17-Jan-07,20.48,20.48,20.48,20.48,10.72,-
18-Jan-07,20.43,20.43,20.43,20.43,10.69,-
19-Jan-07,20.49,20.49,20.49,20.49,10.72,-
22-Jan-07,20.43,20.43,20.43,20.43,10.69,-
23-Jan-07,20.48,20.48,20.48,20.48,10.72,-
24-Jan-07,20.6,20.6,20.6,20.6,10.78,-
25-Jan-07,20.42,20.42,20.42,20.42,10.68,-
26-Jan-07,20.4,20.4,20.4,20.4,10.67,-
29-Jan-07,20.4,20.4,20.4,20.4,10.67,-
30-Jan-07,20.48,20.48,20.48,20.48,10.72,-
31-Jan-07,20.59,20.59,20.59,20.59,10.77,-
1-Feb-07,20.68,20.68,20.68,20.68,10.82,-
2-Feb-07,20.71,20.71,20.71,20.71,10.84,-
5-Feb-07,20.7,20.7,20.7,20.7,10.83,-
6-Feb-07,20.74,20.74,20.74,20.74,10.85,-
7-Feb-07,20.78,20.78,20.78,20.78,10.87,-
8-Feb-07,20.77,20.77,20.77,20.77,10.87,-
9-Feb-07,20.65,20.65,20.65,20.65,10.8,-
12-Feb-07,20.59,20.59,20.59,20.59,10.77,-
13-Feb-07,20.71,20.71,20.71,20.71,10.84,-
14-Feb-07,20.85,20.85,20.85,20.85,10.91,-
15-Feb-07,20.88,20.88,20.88,20.88,10.92,-
16-Feb-07,20.88,20.88,20.88,20.88,10.92,-
20-Feb-07,20.93,20.93,20.93,20.93,10.95,-
21-Feb-07,20.91,20.91,20.91,20.91,10.94,-
22-Feb-07,20.9,20.9,20.9,20.9,10.93,-
23-Feb-07,20.88,20.88,20.88,20.88,10.92,-
26-Feb-07,20.89,20.89,20.89,20.89,10.93,-
27-Feb-07,20.42,20.42,20.42,20.42,10.68,-
28-Feb-07,20.47,20.47,20.47,20.47,10.71,-
1-Mar-07,20.42,20.42,20.42,20.42,10.68,-
2-Mar-07,20.26,20.26,20.26,20.26,10.6,-
5-Mar-07,20.1,20.1,20.1,20.1,10.52,-
6-Mar-07,20.34,20.34,20.34,20.34,10.64,-
7-Mar-07,20.32,20.32,20.32,20.32,10.63,-
8-Mar-07,20.44,20.44,20.44,20.44,10.69,-
9-Mar-07,20.43,20.43,20.43,20.43,10.69,-
12-Mar-07,20.49,20.49,20.49,20.49,10.72,-
13-Mar-07,20.22,20.22,20.22,20.22,10.58,-
14-Mar-07,20.29,20.29,20.29,20.29,10.62,-
15-Mar-07,20.35,20.35,20.35,20.35,10.65,-
16-Mar-07,20.3,20.3,20.3,20.3,10.62,-
19-Mar-07,20.46,20.46,20.46,20.46,10.7,-
20-Mar-07,20.55,20.55,20.55,20.55,10.75,-
21-Mar-07,20.8,20.8,20.8,20.8,10.88,-
22-Mar-07,20.79,20.79,20.79,20.79,10.88,-
23-Mar-07,20.8,20.8,20.8,20.8,10.88,-
26-Mar-07,20.82,20.82,20.82,20.82,10.89,-
27-Mar-07,20.73,20.73,20.73,20.73,10.85,-
28-Mar-07,20.62,20.62,20.62,20.62,10.79,-
29-Mar-07,20.68,20.68,20.68,20.68,10.82,-
30-Mar-07,20.66,20.66,20.66,20.66,10.81,-
2-Apr-07,20.71,20.71,20.71,20.71,10.84,-
3-Apr-07,20.84,20.84,20.84,20.84,10.9,-
4-Apr-07,20.87,20.87,20.87,20.87,10.92,-
5-Apr-07,20.91,20.91,20.91,20.91,10.94,-
9-Apr-07,20.9,20.9,20.9,20.9,10.93,-
10-Apr-07,20.96,20.96,20.96,20.96,10.97,-
11-Apr-07,20.87,20.87,20.87,20.87,10.92,-
12-Apr-07,20.96,20.96,20.96,20.96,10.97,-
13-Apr-07,21,21.0,21.0,21.0,10.99,-
16-Apr-07,21.16,21.16,21.16,21.16,11.07,-
17-Apr-07,21.2,21.2,21.2,21.2,11.09,-
18-Apr-07,21.21,21.21,21.21,21.21,11.1,-
19-Apr-07,21.18,21.18,21.18,21.18,11.08,-
20-Apr-07,21.31,21.31,21.31,21.31,11.15,-
23-Apr-07,21.28,21.28,21.28,21.28,11.13,-
24-Apr-07,21.28,21.28,21.28,21.28,11.13,-
25-Apr-07,21.42,21.42,21.42,21.42,11.21,-
26-Apr-07,21.39,21.39,21.39,21.39,11.19,-
27-Apr-07,21.38,21.38,21.38,21.38,11.19,-
30-Apr-07,21.28,21.28,21.28,21.28,11.13,-
1-May-07,21.3,21.3,21.3,21.3,11.14,-
2-May-07,21.41,21.41,21.41,21.41,11.2,-
3-May-07,21.47,21.47,21.47,21.47,11.23,-
4-May-07,21.52,21.52,21.52,21.52,11.26,-
7-May-07,21.57,21.57,21.57,21.57,11.29,-
8-May-07,21.53,21.53,21.53,21.53,11.26,-
9-May-07,21.58,21.58,21.58,21.58,11.29,-
10-May-07,21.38,21.38,21.38,21.38,11.19,-
11-May-07,21.52,21.52,21.52,21.52,11.26,-
14-May-07,21.49,21.49,21.49,21.49,11.24,-
15-May-07,21.46,21.46,21.46,21.46,11.23,-
16-May-07,21.57,21.57,21.57,21.57,11.29,-
17-May-07,21.54,21.54,21.54,21.54,11.27,-
18-May-07,21.62,21.62,21.62,21.62,11.31,-
21-May-07,21.66,21.66,21.66,21.66,11.33,-
22-May-07,21.65,21.65,21.65,21.65,11.33,-
23-May-07,21.63,21.63,21.63,21.63,11.32,-
24-May-07,21.49,21.49,21.49,21.49,11.24,-
25-May-07,21.57,21.57,21.57,21.57,11.29,-
29-May-07,21.6,21.6,21.6,21.6,11.3,-
30-May-07,21.71,21.71,21.71,21.71,11.36,-
31-May-07,21.73,21.73,21.73,21.73,11.37,-
1-Jun-07,21.78,21.78,21.78,21.78,11.4,-
4-Jun-07,21.82,21.82,21.82,21.82,11.42,-
5-Jun-07,21.73,21.73,21.73,21.73,11.37,-
6-Jun-07,21.59,21.59,21.59,21.59,11.3,-
7-Jun-07,21.31,21.31,21.31,21.31,11.15,-
8-Jun-07,21.45,21.45,21.45,21.45,11.22,-
11-Jun-07,21.47,21.47,21.47,21.47,11.23,-
12-Jun-07,21.28,21.28,21.28,21.28,11.13,-
13-Jun-07,21.5,21.5,21.5,21.5,11.25,-
14-Jun-07,21.57,21.57,21.57,21.57,11.29,-
15-Jun-07,21.7,21.7,21.7,21.7,11.35,-
18-Jun-07,21.7,21.7,21.7,21.7,11.35,-
19-Jun-07,21.75,21.75,21.75,21.75,11.38,-
20-Jun-07,21.55,21.55,21.55,21.55,11.28,-
21-Jun-07,21.62,21.62,21.62,21.62,11.31,-
22-Jun-07,21.22,21.22,21.22,21.22,11.23,-
25-Jun-07,21.18,21.18,21.18,21.18,11.21,-
26-Jun-07,21.14,21.14,21.14,21.14,11.19,-
27-Jun-07,21.26,21.26,21.26,21.26,11.25,-
28-Jun-07,21.25,21.25,21.25,21.25,11.25,-
29-Jun-07,21.27,21.27,21.27,21.27,11.26,-
2-Jul-07,21.44,21.44,21.44,21.44,11.35,-
3-Jul-07,21.49,21.49,21.49,21.49,11.38,-
5-Jul-07,21.46,21.46,21.46,21.46,11.36,-
6-Jul-07,21.51,21.51,21.51,21.51,11.39,-
9-Jul-07,21.54,21.54,21.54,21.54,11.4,-
10-Jul-07,21.39,21.39,21.39,21.39,11.32,-
11-Jul-07,21.46,21.46,21.46,21.46,11.36,-
12-Jul-07,21.7,21.7,21.7,21.7,11.49,-
13-Jul-07,21.74,21.74,21.74,21.74,11.51,-
16-Jul-07,21.72,21.72,21.72,21.72,11.5,-
17-Jul-07,21.7,21.7,21.7,21.7,11.49,-
18-Jul-07,21.69,21.69,21.69,21.69,11.48,-
19-Jul-07,21.76,21.76,21.76,21.76,11.52,-
20-Jul-07,21.61,21.61,21.61,21.61,11.44,-
23-Jul-07,21.68,21.68,21.68,21.68,11.48,-
24-Jul-07,21.4,21.4,21.4,21.4,11.33,-
25-Jul-07,21.45,21.45,21.45,21.45,11.35,-
26-Jul-07,21.13,21.13,21.13,21.13,11.18,-
27-Jul-07,20.91,20.91,20.91,20.91,11.07,-
30-Jul-07,21.05,21.05,21.05,21.05,11.14,-
31-Jul-07,20.92,20.92,20.92,20.92,11.07,-
1-Aug-07,20.99,20.99,20.99,20.99,11.11,-
2-Aug-07,21.06,21.06,21.06,21.06,11.15,-
3-Aug-07,20.72,20.72,20.72,20.72,10.97,-
6-Aug-07,21,21.0,21.0,21.0,11.12,-
7-Aug-07,21.08,21.08,21.08,21.08,11.16,-
8-Aug-07,21.26,21.26,21.26,21.26,11.25,-
9-Aug-07,20.88,20.88,20.88,20.88,11.05,-
10-Aug-07,20.86,20.86,20.86,20.86,11.04,-
13-Aug-07,20.86,20.86,20.86,20.86,11.04,-
14-Aug-07,20.63,20.63,20.63,20.63,10.92,-
15-Aug-07,20.43,20.43,20.43,20.43,10.81,-
16-Aug-07,20.46,20.46,20.46,20.46,10.83,-
17-Aug-07,20.75,20.75,20.75,20.75,10.98,-
20-Aug-07,20.78,20.78,20.78,20.78,11.0,-
21-Aug-07,20.81,20.81,20.81,20.81,11.02,-
22-Aug-07,20.99,20.99,20.99,20.99,11.11,-
23-Aug-07,20.99,20.99,20.99,20.99,11.11,-
24-Aug-07,21.16,21.16,21.16,21.16,11.2,-
27-Aug-07,21.06,21.06,21.06,21.06,11.15,-
28-Aug-07,20.75,20.75,20.75,20.75,10.98,-
29-Aug-07,21.05,21.05,21.05,21.05,11.14,-
30-Aug-07,21,21.0,21.0,21.0,11.12,-
31-Aug-07,21.17,21.17,21.17,21.17,11.21,-
4-Sep-07,21.31,21.31,21.31,21.31,11.28,-
5-Sep-07,21.18,21.18,21.18,21.18,11.21,-
6-Sep-07,21.23,21.23,21.23,21.23,11.24,-
7-Sep-07,21.05,21.05,21.05,21.05,11.14,-
10-Sep-07,21.04,21.04,21.04,21.04,11.14,-
11-Sep-07,21.21,21.21,21.21,21.21,11.23,-
12-Sep-07,21.21,21.21,21.21,21.21,11.23,-
13-Sep-07,21.3,21.3,21.3,21.3,11.27,-
14-Sep-07,21.3,21.3,21.3,21.3,11.27,-
17-Sep-07,21.21,21.21,21.21,21.21,11.23,-
18-Sep-07,21.63,21.63,21.63,21.63,11.45,-
19-Sep-07,21.72,21.72,21.72,21.72,11.5,-
20-Sep-07,21.6,21.6,21.6,21.6,11.43,-
21-Sep-07,21.69,21.69,21.69,21.69,11.48,-
24-Sep-07,21.63,21.63,21.63,21.63,11.45,-
25-Sep-07,21.63,21.63,21.63,21.63,11.45,-
26-Sep-07,21.71,21.71,21.71,21.71,11.49,-
27-Sep-07,21.82,21.82,21.82,21.82,11.55,-
28-Sep-07,21.78,21.78,21.78,21.78,11.53,-
1-Oct-07,21.99,21.99,21.99,21.99,11.64,-
2-Oct-07,22,22.0,22.0,22.0,11.65,-
3-Oct-07,21.94,21.94,21.94,21.94,11.61,-
4-Oct-07,21.98,21.98,21.98,21.98,11.63,-
5-Oct-07,22.09,22.09,22.09,22.09,11.69,-
8-Oct-07,22.04,22.04,22.04,22.04,11.67,-
9-Oct-07,22.16,22.16,22.16,22.16,11.73,-
10-Oct-07,22.15,22.15,22.15,22.15,11.72,-
11-Oct-07,22.08,22.08,22.08,22.08,11.69,-
12-Oct-07,22.15,22.15,22.15,22.15,11.72,-
15-Oct-07,22.03,22.03,22.03,22.03,11.66,-
16-Oct-07,21.93,21.93,21.93,21.93,11.61,-
17-Oct-07,22.01,22.01,22.01,22.01,11.65,-
18-Oct-07,22.03,22.03,22.03,22.03,11.66,-
19-Oct-07,21.7,21.7,21.7,21.7,11.49,-
22-Oct-07,21.75,21.75,21.75,21.75,11.51,-
23-Oct-07,21.9,21.9,21.9,21.9,11.59,-
24-Oct-07,21.89,21.89,21.89,21.89,11.59,-
25-Oct-07,21.87,21.87,21.87,21.87,11.58,-
26-Oct-07,22.08,22.08,22.08,22.08,11.69,-
29-Oct-07,22.15,22.15,22.15,22.15,11.72,-
30-Oct-07,22.05,22.05,22.05,22.05,11.67,-
31-Oct-07,22.21,22.21,22.21,22.21,11.76,-
1-Nov-07,21.84,21.84,21.84,21.84,11.56,-
2-Nov-07,21.9,21.9,21.9,21.9,11.59,-
5-Nov-07,21.77,21.77,21.77,21.77,11.52,-
6-Nov-07,21.94,21.94,21.94,21.94,11.61,-
7-Nov-07,21.55,21.55,21.55,21.55,11.41,-
8-Nov-07,21.57,21.57,21.57,21.57,11.42,-
9-Nov-07,21.37,21.37,21.37,21.37,11.31,-
12-Nov-07,21.2,21.2,21.2,21.2,11.22,-
13-Nov-07,21.59,21.59,21.59,21.59,11.43,-
14-Nov-07,21.5,21.5,21.5,21.5,11.38,-
15-Nov-07,21.35,21.35,21.35,21.35,11.3,-
16-Nov-07,21.4,21.4,21.4,21.4,11.33,-
19-Nov-07,21.15,21.15,21.15,21.15,11.2,-
20-Nov-07,21.23,21.23,21.23,21.23,11.24,-
21-Nov-07,21.01,21.01,21.01,21.01,11.12,-
23-Nov-07,21.26,21.26,21.26,21.26,11.25,-
26-Nov-07,21.02,21.02,21.02,21.02,11.13,-
27-Nov-07,21.18,21.18,21.18,21.18,11.21,-
28-Nov-07,21.58,21.58,21.58,21.58,11.42,-
29-Nov-07,21.6,21.6,21.6,21.6,11.43,-
30-Nov-07,21.71,21.71,21.71,21.71,11.49,-
3-Dec-07,21.65,21.65,21.65,21.65,11.46,-
4-Dec-07,21.55,21.55,21.55,21.55,11.41,-
5-Dec-07,21.77,21.77,21.77,21.77,11.52,-
6-Dec-07,21.98,21.98,21.98,21.98,11.63,-
7-Dec-07,21.92,21.92,21.92,21.92,11.6,-
10-Dec-07,22.02,22.02,22.02,22.02,11.66,-
11-Dec-07,21.69,21.69,21.69,21.69,11.48,-
12-Dec-07,21.78,21.78,21.78,21.78,11.53,-
13-Dec-07,21.73,21.73,21.73,21.73,11.5,-
14-Dec-07,21.48,21.48,21.48,21.48,11.37,-
17-Dec-07,21.25,21.25,21.25,21.25,11.25,-
18-Dec-07,21.38,21.38,21.38,21.38,11.32,-
19-Dec-07,21.38,21.38,21.38,21.38,11.32,-
20-Dec-07,21.47,21.47,21.47,21.47,11.36,-
21-Dec-07,21.68,21.68,21.68,21.68,11.48,-
24-Dec-07,21.78,21.78,21.78,21.78,11.53,-
26-Dec-07,21.79,21.79,21.79,21.79,11.53,-
27-Dec-07,21.23,21.23,21.23,21.23,11.44,-
28-Dec-07,21.28,21.28,21.28,21.28,11.47,-
31-Dec-07,21.21,21.21,21.21,21.21,11.43,-
2-Jan-08,21.07,21.07,21.07,21.07,11.36,-
3-Jan-08,21.06,21.06,21.06,21.06,11.35,-
4-Jan-08,20.72,20.72,20.72,20.72,11.17,-
7-Jan-08,20.75,20.75,20.75,20.75,11.19,-
8-Jan-08,20.51,20.51,20.51,20.51,11.06,-
9-Jan-08,20.7,20.7,20.7,20.7,11.16,-
10-Jan-08,20.77,20.77,20.77,20.77,11.2,-
11-Jan-08,20.6,20.6,20.6,20.6,11.1,-
14-Jan-08,20.75,20.75,20.75,20.75,11.19,-
15-Jan-08,20.4,20.4,20.4,20.4,11.0,-
16-Jan-08,20.29,20.29,20.29,20.29,10.94,-
17-Jan-08,19.93,19.93,19.93,19.93,10.74,-
18-Jan-08,19.86,19.86,19.86,19.86,10.71,-
22-Jan-08,19.7,19.7,19.7,19.7,10.62,-
23-Jan-08,19.92,19.92,19.92,19.92,10.74,-
24-Jan-08,20.07,20.07,20.07,20.07,10.82,-
25-Jan-08,19.9,19.9,19.9,19.9,10.73,-
28-Jan-08,20.14,20.14,20.14,20.14,10.86,-
29-Jan-08,20.22,20.22,20.22,20.22,10.9,-
30-Jan-08,20.13,20.13,20.13,20.13,10.85,-
31-Jan-08,20.38,20.38,20.38,20.38,10.99,-
1-Feb-08,20.58,20.58,20.58,20.58,11.09,-
4-Feb-08,20.44,20.44,20.44,20.44,11.02,-
5-Feb-08,20,20.0,20.0,20.0,10.78,-
6-Feb-08,19.88,19.88,19.88,19.88,10.72,-
7-Feb-08,19.94,19.94,19.94,19.94,10.75,-
8-Feb-08,19.89,19.89,19.89,19.89,10.72,-
11-Feb-08,19.97,19.97,19.97,19.97,10.77,-
12-Feb-08,20.08,20.08,20.08,20.08,10.82,-
13-Feb-08,20.25,20.25,20.25,20.25,10.92,-
14-Feb-08,20.06,20.06,20.06,20.06,10.81,-
15-Feb-08,20.07,20.07,20.07,20.07,10.82,-
19-Feb-08,20.06,20.06,20.06,20.06,10.81,-
20-Feb-08,20.14,20.14,20.14,20.14,10.86,-
21-Feb-08,20.03,20.03,20.03,20.03,10.8,-
22-Feb-08,20.12,20.12,20.12,20.12,10.85,-
25-Feb-08,20.3,20.3,20.3,20.3,10.94,-
26-Feb-08,20.42,20.42,20.42,20.42,11.01,-
27-Feb-08,20.44,20.44,20.44,20.44,11.02,-
28-Feb-08,20.35,20.35,20.35,20.35,10.97,-
29-Feb-08,20.01,20.01,20.01,20.01,10.79,-
3-Mar-08,20,20.0,20.0,20.0,10.78,-
4-Mar-08,19.89,19.89,19.89,19.89,10.72,-
5-Mar-08,19.96,19.96,19.96,19.96,10.76,-
6-Mar-08,19.65,19.65,19.65,19.65,10.59,-
7-Mar-08,19.55,19.55,19.55,19.55,10.54,-
10-Mar-08,19.35,19.35,19.35,19.35,10.43,-
11-Mar-08,19.81,19.81,19.81,19.81,10.68,-
12-Mar-08,19.77,19.77,19.77,19.77,10.66,-
13-Mar-08,19.81,19.81,19.81,19.81,10.68,-
14-Mar-08,19.55,19.55,19.55,19.55,10.54,-
17-Mar-08,19.42,19.42,19.42,19.42,10.47,-
18-Mar-08,19.94,19.94,19.94,19.94,10.75,-
19-Mar-08,19.6,19.6,19.6,19.6,10.57,-
20-Mar-08,19.91,19.91,19.91,19.91,10.73,-
24-Mar-08,20.09,20.09,20.09,20.09,10.83,-
25-Mar-08,20.18,20.18,20.18,20.18,10.88,-
26-Mar-08,20.09,20.09,20.09,20.09,10.83,-
27-Mar-08,19.95,19.95,19.95,19.95,10.75,-
28-Mar-08,19.86,19.86,19.86,19.86,10.71,-
31-Mar-08,19.95,19.95,19.95,19.95,10.75,-
1-Apr-08,20.4,20.4,20.4,20.4,11.0,-
2-Apr-08,20.38,20.38,20.38,20.38,10.99,-
3-Apr-08,20.41,20.41,20.41,20.41,11.0,-
4-Apr-08,20.47,20.47,20.47,20.47,11.03,-
7-Apr-08,20.49,20.49,20.49,20.49,11.05,-
8-Apr-08,20.43,20.43,20.43,20.43,11.01,-
9-Apr-08,20.33,20.33,20.33,20.33,10.96,-
10-Apr-08,20.37,20.37,20.37,20.37,10.98,-
11-Apr-08,20.11,20.11,20.11,20.11,10.84,-
14-Apr-08,20.06,20.06,20.06,20.06,10.81,-
15-Apr-08,20.11,20.11,20.11,20.11,10.84,-
16-Apr-08,20.42,20.42,20.42,20.42,11.01,-
17-Apr-08,20.39,20.39,20.39,20.39,10.99,-
18-Apr-08,20.64,20.64,20.64,20.64,11.13,-
21-Apr-08,20.65,20.65,20.65,20.65,11.13,-
22-Apr-08,20.52,20.52,20.52,20.52,11.06,-
23-Apr-08,20.56,20.56,20.56,20.56,11.08,-
24-Apr-08,20.6,20.6,20.6,20.6,11.1,-
25-Apr-08,20.71,20.71,20.71,20.71,11.16,-
28-Apr-08,20.72,20.72,20.72,20.72,11.17,-
29-Apr-08,20.65,20.65,20.65,20.65,11.13,-
30-Apr-08,20.64,20.64,20.64,20.64,11.13,-
1-May-08,20.88,20.88,20.88,20.88,11.26,-
2-May-08,20.91,20.91,20.91,20.91,11.27,-
5-May-08,20.86,20.86,20.86,20.86,11.25,-
6-May-08,20.96,20.96,20.96,20.96,11.3,-
7-May-08,20.72,20.72,20.72,20.72,11.17,-
8-May-08,20.8,20.8,20.8,20.8,11.21,-
9-May-08,20.72,20.72,20.72,20.72,11.17,-
12-May-08,20.87,20.87,20.87,20.87,11.25,-
13-May-08,20.84,20.84,20.84,20.84,11.23,-
14-May-08,20.89,20.89,20.89,20.89,11.26,-
15-May-08,21.09,21.09,21.09,21.09,11.37,-
16-May-08,21.13,21.13,21.13,21.13,11.39,-
19-May-08,21.15,21.15,21.15,21.15,11.4,-
20-May-08,21.03,21.03,21.03,21.03,11.34,-
21-May-08,20.79,20.79,20.79,20.79,11.21,-
22-May-08,20.82,20.82,20.82,20.82,11.22,-
23-May-08,20.65,20.65,20.65,20.65,11.13,-
27-May-08,20.71,20.71,20.71,20.71,11.16,-
28-May-08,20.75,20.75,20.75,20.75,11.19,-
29-May-08,20.79,20.79,20.79,20.79,11.21,-
30-May-08,20.84,20.84,20.84,20.84,11.23,-
2-Jun-08,20.72,20.72,20.72,20.72,11.17,-
3-Jun-08,20.66,20.66,20.66,20.66,11.14,-
4-Jun-08,20.63,20.63,20.63,20.63,11.12,-
5-Jun-08,20.89,20.89,20.89,20.89,11.26,-
6-Jun-08,20.48,20.48,20.48,20.48,11.04,-
9-Jun-08,20.45,20.45,20.45,20.45,11.02,-
10-Jun-08,20.34,20.34,20.34,20.34,10.96,-
11-Jun-08,20.12,20.12,20.12,20.12,10.85,-
12-Jun-08,20.12,20.12,20.12,20.12,10.85,-
13-Jun-08,20.3,20.3,20.3,20.3,10.94,-
16-Jun-08,20.33,20.33,20.33,20.33,10.96,-
17-Jun-08,20.28,20.28,20.28,20.28,10.93,-
18-Jun-08,20.17,20.17,20.17,20.17,10.87,-
19-Jun-08,20.2,20.2,20.2,20.2,10.89,-
20-Jun-08,19.94,19.94,19.94,19.94,10.75,-
23-Jun-08,19.93,19.93,19.93,19.93,10.74,-
24-Jun-08,19.88,19.88,19.88,19.88,10.72,-
25-Jun-08,19.98,19.98,19.98,19.98,10.77,-
26-Jun-08,19.36,19.36,19.36,19.36,10.57,-
27-Jun-08,19.34,19.34,19.34,19.34,10.56,-
30-Jun-08,19.35,19.35,19.35,19.35,10.57,-
1-Jul-08,19.36,19.36,19.36,19.36,10.57,-
2-Jul-08,19.1,19.1,19.1,19.1,10.43,-
3-Jul-08,19.09,19.09,19.09,19.09,10.42,-
7-Jul-08,19,19.0,19.0,19.0,10.38,-
8-Jul-08,19.23,19.23,19.23,19.23,10.5,-
9-Jul-08,18.97,18.97,18.97,18.97,10.36,-
10-Jul-08,19.07,19.07,19.07,19.07,10.41,-
11-Jul-08,18.9,18.9,18.9,18.9,10.32,-
14-Jul-08,18.82,18.82,18.82,18.82,10.28,-
15-Jul-08,18.66,18.66,18.66,18.66,10.19,-
16-Jul-08,18.94,18.94,18.94,18.94,10.34,-
17-Jul-08,19.07,19.07,19.07,19.07,10.41,-
18-Jul-08,19.06,19.06,19.06,19.06,10.41,-
21-Jul-08,19.09,19.09,19.09,19.09,10.42,-
22-Jul-08,19.24,19.24,19.24,19.24,10.51,-
23-Jul-08,19.3,19.3,19.3,19.3,10.54,-
24-Jul-08,19.02,19.02,19.02,19.02,10.39,-
25-Jul-08,19.04,19.04,19.04,19.04,10.4,-
28-Jul-08,18.85,18.85,18.85,18.85,10.29,-
29-Jul-08,19.11,19.11,19.11,19.11,10.44,-
30-Jul-08,19.34,19.34,19.34,19.34,10.56,-
31-Jul-08,19.19,19.19,19.19,19.19,10.48,-
1-Aug-08,19.1,19.1,19.1,19.1,10.43,-
4-Aug-08,18.95,18.95,18.95,18.95,10.35,-
5-Aug-08,19.29,19.29,19.29,19.29,10.53,-
6-Aug-08,19.33,19.33,19.33,19.33,10.56,-
7-Aug-08,19.12,19.12,19.12,19.12,10.44,-
8-Aug-08,19.4,19.4,19.4,19.4,10.59,-
11-Aug-08,19.48,19.48,19.48,19.48,10.64,-
12-Aug-08,19.34,19.34,19.34,19.34,10.56,-
13-Aug-08,19.29,19.29,19.29,19.29,10.53,-
14-Aug-08,19.37,19.37,19.37,19.37,10.58,-
15-Aug-08,19.42,19.42,19.42,19.42,10.61,-
18-Aug-08,19.24,19.24,19.24,19.24,10.51,-
19-Aug-08,19.09,19.09,19.09,19.09,10.42,-
20-Aug-08,19.21,19.21,19.21,19.21,10.49,-
21-Aug-08,19.22,19.22,19.22,19.22,10.5,-
22-Aug-08,19.35,19.35,19.35,19.35,10.57,-
25-Aug-08,19.11,19.11,19.11,19.11,10.44,-
26-Aug-08,19.16,19.16,19.16,19.16,10.46,-
27-Aug-08,19.29,19.29,19.29,19.29,10.53,-
28-Aug-08,19.47,19.47,19.47,19.47,10.63,-
29-Aug-08,19.3,19.3,19.3,19.3,10.54,-
2-Sep-08,19.24,19.24,19.24,19.24,10.51,-
3-Sep-08,19.22,19.22,19.22,19.22,10.5,-
4-Sep-08,18.82,18.82,18.82,18.82,10.28,-
5-Sep-08,18.85,18.85,18.85,18.85,10.29,-
8-Sep-08,19.16,19.16,19.16,19.16,10.46,-
9-Sep-08,18.7,18.7,18.7,18.7,10.21,-
10-Sep-08,18.78,18.78,18.78,18.78,10.26,-
11-Sep-08,18.92,18.92,18.92,18.92,10.33,-
12-Sep-08,18.96,18.96,18.96,18.96,10.35,-
15-Sep-08,18.38,18.38,18.38,18.38,10.04,-
16-Sep-08,18.54,18.54,18.54,18.54,10.12,-
17-Sep-08,17.93,17.93,17.93,17.93,9.79,-
18-Sep-08,18.44,18.44,18.44,18.44,10.07,-
19-Sep-08,18.97,18.97,18.97,18.97,10.36,-
22-Sep-08,18.5,18.5,18.5,18.5,10.1,-
23-Sep-08,18.28,18.28,18.28,18.28,9.98,-
24-Sep-08,18.27,18.27,18.27,18.27,9.98,-
25-Sep-08,18.49,18.49,18.49,18.49,10.1,-
26-Sep-08,18.48,18.48,18.48,18.48,10.09,-
29-Sep-08,17.41,17.41,17.41,17.41,9.51,-
30-Sep-08,17.93,17.93,17.93,17.93,9.79,-
1-Oct-08,17.9,17.9,17.9,17.9,9.78,-
2-Oct-08,17.37,17.37,17.37,17.37,9.49,-
3-Oct-08,17.22,17.22,17.22,17.22,9.4,-
6-Oct-08,16.73,16.73,16.73,16.73,9.14,-
7-Oct-08,16.1,16.1,16.1,16.1,8.79,-
8-Oct-08,15.89,15.89,15.89,15.89,8.68,-
9-Oct-08,15.06,15.06,15.06,15.06,8.22,-
10-Oct-08,14.92,14.92,14.92,14.92,8.15,-
13-Oct-08,16.1,16.1,16.1,16.1,8.79,-
14-Oct-08,16,16.0,16.0,16.0,8.74,-
15-Oct-08,14.96,14.96,14.96,14.96,8.17,-
16-Oct-08,15.42,15.42,15.42,15.42,8.42,-
17-Oct-08,15.3,15.3,15.3,15.3,8.36,-
20-Oct-08,15.86,15.86,15.86,15.86,8.66,-
21-Oct-08,15.51,15.51,15.51,15.51,8.47,-
22-Oct-08,14.85,14.85,14.85,14.85,8.11,-
23-Oct-08,14.93,14.93,14.93,14.93,8.15,-
24-Oct-08,14.48,14.48,14.48,14.48,7.91,-
27-Oct-08,14.11,14.11,14.11,14.11,7.71,-
28-Oct-08,15.14,15.14,15.14,15.14,8.27,-
29-Oct-08,15.08,15.08,15.08,15.08,8.24,-
30-Oct-08,15.41,15.41,15.41,15.41,8.42,-
31-Oct-08,15.56,15.56,15.56,15.56,8.5,-
3-Nov-08,15.58,15.58,15.58,15.58,8.51,-
4-Nov-08,16.09,16.09,16.09,16.09,8.79,-
5-Nov-08,15.52,15.52,15.52,15.52,8.48,-
6-Nov-08,14.99,14.99,14.99,14.99,8.19,-
7-Nov-08,15.29,15.29,15.29,15.29,8.35,-
10-Nov-08,15.16,15.16,15.16,15.16,8.28,-
11-Nov-08,14.9,14.9,14.9,14.9,8.14,-
12-Nov-08,14.42,14.42,14.42,14.42,7.87,-
13-Nov-08,15.07,15.07,15.07,15.07,8.23,-
14-Nov-08,14.6,14.6,14.6,14.6,7.97,-
17-Nov-08,14.38,14.38,14.38,14.38,7.85,-
18-Nov-08,14.47,14.47,14.47,14.47,7.9,-
19-Nov-08,13.84,13.84,13.84,13.84,7.56,-
20-Nov-08,13.23,13.23,13.23,13.23,7.22,-
21-Nov-08,13.76,13.76,13.76,13.76,7.51,-
24-Nov-08,14.37,14.37,14.37,14.37,7.85,-
25-Nov-08,14.51,14.51,14.51,14.51,7.92,-
26-Nov-08,14.87,14.87,14.87,14.87,8.12,-
28-Nov-08,14.98,14.98,14.98,14.98,8.18,-
1-Dec-08,14.06,14.06,14.06,14.06,7.68,-
2-Dec-08,14.46,14.46,14.46,14.46,7.9,-
3-Dec-08,14.7,14.7,14.7,14.7,8.03,-
4-Dec-08,14.41,14.41,14.41,14.41,7.87,-
5-Dec-08,14.73,14.73,14.73,14.73,8.04,-
8-Dec-08,15.15,15.15,15.15,15.15,8.27,-
9-Dec-08,14.94,14.94,14.94,14.94,8.16,-
10-Dec-08,15.11,15.11,15.11,15.11,8.25,-
11-Dec-08,14.85,14.85,14.85,14.85,8.11,-
12-Dec-08,14.95,14.95,14.95,14.95,8.16,-
15-Dec-08,14.83,14.83,14.83,14.83,8.1,-
16-Dec-08,15.41,15.41,15.41,15.41,8.42,-
17-Dec-08,15.35,15.35,15.35,15.35,8.38,-
18-Dec-08,15.15,15.15,15.15,15.15,8.27,-
19-Dec-08,15.15,15.15,15.15,15.15,8.27,-
22-Dec-08,14.96,14.96,14.96,14.96,8.17,-
23-Dec-08,14.86,14.86,14.86,14.86,8.11,-
24-Dec-08,14.92,14.92,14.92,14.92,8.15,-
26-Dec-08,15,15.0,15.0,15.0,8.19,-
29-Dec-08,14.98,14.98,14.98,14.98,8.18,-
30-Dec-08,14.94,14.94,14.94,14.94,8.33,-
31-Dec-08,15.08,15.08,15.08,15.08,8.41,-
2-Jan-09,15.37,15.37,15.37,15.37,8.57,-
5-Jan-09,15.33,15.33,15.33,15.33,8.54,-
6-Jan-09,15.45,15.45,15.45,15.45,8.61,-
7-Jan-09,15.15,15.15,15.15,15.15,8.44,-
8-Jan-09,15.2,15.2,15.2,15.2,8.47,-
9-Jan-09,14.97,14.97,14.97,14.97,8.34,-
12-Jan-09,14.73,14.73,14.73,14.73,8.21,-
13-Jan-09,14.73,14.73,14.73,14.73,8.21,-
14-Jan-09,14.39,14.39,14.39,14.39,8.02,-
15-Jan-09,14.42,14.42,14.42,14.42,8.04,-
16-Jan-09,14.49,14.49,14.49,14.49,8.08,-
20-Jan-09,13.92,13.92,13.92,13.92,7.76,-
21-Jan-09,14.3,14.3,14.3,14.3,7.97,-
22-Jan-09,14.13,14.13,14.13,14.13,7.88,-
23-Jan-09,14.15,14.15,14.15,14.15,7.89,-
26-Jan-09,14.24,14.24,14.24,14.24,7.94,-
27-Jan-09,14.37,14.37,14.37,14.37,8.01,-
28-Jan-09,14.71,14.71,14.71,14.71,8.2,-
29-Jan-09,14.33,14.33,14.33,14.33,7.99,-
30-Jan-09,14.13,14.13,14.13,14.13,7.88,-
2-Feb-09,14.14,14.14,14.14,14.14,7.88,-
3-Feb-09,14.27,14.27,14.27,14.27,7.95,-
4-Feb-09,14.21,14.21,14.21,14.21,7.92,-
5-Feb-09,14.37,14.37,14.37,14.37,8.01,-
6-Feb-09,14.63,14.63,14.63,14.63,8.15,-
9-Feb-09,14.64,14.64,14.64,14.64,8.16,-
10-Feb-09,14.2,14.2,14.2,14.2,7.91,-
11-Feb-09,14.28,14.28,14.28,14.28,7.96,-
12-Feb-09,14.3,14.3,14.3,14.3,7.97,-
13-Feb-09,14.18,14.18,14.18,14.18,7.9,-
17-Feb-09,13.77,13.77,13.77,13.77,7.67,-
18-Feb-09,13.74,13.74,13.74,13.74,7.66,-
19-Feb-09,13.63,13.63,13.63,13.63,7.6,-
20-Feb-09,13.53,13.53,13.53,13.53,7.54,-
23-Feb-09,13.22,13.22,13.22,13.22,7.37,-
24-Feb-09,13.55,13.55,13.55,13.55,7.55,-
25-Feb-09,13.41,13.41,13.41,13.41,7.47,-
26-Feb-09,13.29,13.29,13.29,13.29,7.41,-
27-Feb-09,13.1,13.1,13.1,13.1,7.3,-
2-Mar-09,12.7,12.7,12.7,12.7,7.08,-
3-Mar-09,12.64,12.64,12.64,12.64,7.05,-
4-Mar-09,12.85,12.85,12.85,12.85,7.16,-
5-Mar-09,12.52,12.52,12.52,12.52,6.98,-
6-Mar-09,12.53,12.53,12.53,12.53,6.98,-
9-Mar-09,12.42,12.42,12.42,12.42,6.92,-
10-Mar-09,12.92,12.92,12.92,12.92,7.2,-
11-Mar-09,12.96,12.96,12.96,12.96,7.22,-
12-Mar-09,13.31,13.31,13.31,13.31,7.42,-
13-Mar-09,13.38,13.38,13.38,13.38,7.46,-
16-Mar-09,13.35,13.35,13.35,13.35,7.44,-
17-Mar-09,13.63,13.63,13.63,13.63,7.6,-
18-Mar-09,13.89,13.89,13.89,13.89,7.74,-
19-Mar-09,13.81,13.81,13.81,13.81,7.7,-
20-Mar-09,13.62,13.62,13.62,13.62,7.59,-
23-Mar-09,14.26,14.26,14.26,14.26,7.95,-
24-Mar-09,14.05,14.05,14.05,14.05,7.83,-
25-Mar-09,14.15,14.15,14.15,14.15,7.89,-
26-Mar-09,14.39,14.39,14.39,14.39,8.02,-
27-Mar-09,14.17,14.17,14.17,14.17,7.9,-
30-Mar-09,13.84,13.84,13.84,13.84,7.71,-
31-Mar-09,13.98,13.98,13.98,13.98,7.79,-
1-Apr-09,14.15,14.15,14.15,14.15,7.89,-
2-Apr-09,14.46,14.46,14.46,14.46,8.06,-
3-Apr-09,14.53,14.53,14.53,14.53,8.1,-
6-Apr-09,14.43,14.43,14.43,14.43,8.04,-
7-Apr-09,14.22,14.22,14.22,14.22,7.93,-
8-Apr-09,14.34,14.34,14.34,14.34,7.99,-
9-Apr-09,14.7,14.7,14.7,14.7,8.19,-
13-Apr-09,14.75,14.75,14.75,14.75,8.22,-
14-Apr-09,14.58,14.58,14.58,14.58,8.13,-
15-Apr-09,14.7,14.7,14.7,14.7,8.19,-
16-Apr-09,14.85,14.85,14.85,14.85,8.28,-
17-Apr-09,14.88,14.88,14.88,14.88,8.29,-
20-Apr-09,14.46,14.46,14.46,14.46,8.06,-
21-Apr-09,14.66,14.66,14.66,14.66,8.17,-
22-Apr-09,14.58,14.58,14.58,14.58,8.13,-
23-Apr-09,14.7,14.7,14.7,14.7,8.19,-
24-Apr-09,14.87,14.87,14.87,14.87,8.29,-
27-Apr-09,14.77,14.77,14.77,14.77,8.23,-
28-Apr-09,14.72,14.72,14.72,14.72,8.2,-
29-Apr-09,14.95,14.95,14.95,14.95,8.33,-
30-Apr-09,14.96,14.96,14.96,14.96,8.34,-
1-May-09,15.02,15.02,15.02,15.02,8.37,-
4-May-09,15.37,15.37,15.37,15.37,8.57,-
5-May-09,15.34,15.34,15.34,15.34,8.55,-
6-May-09,15.51,15.51,15.51,15.51,8.64,-
7-May-09,15.35,15.35,15.35,15.35,8.56,-
8-May-09,15.61,15.61,15.61,15.61,8.7,-
11-May-09,15.43,15.43,15.43,15.43,8.6,-
12-May-09,15.43,15.43,15.43,15.43,8.6,-
13-May-09,15.17,15.17,15.17,15.17,8.46,-
14-May-09,15.27,15.27,15.27,15.27,8.51,-
15-May-09,15.17,15.17,15.17,15.17,8.46,-
18-May-09,15.47,15.47,15.47,15.47,8.62,-
19-May-09,15.47,15.47,15.47,15.47,8.62,-
20-May-09,15.46,15.46,15.46,15.46,8.62,-
21-May-09,15.27,15.27,15.27,15.27,8.51,-
22-May-09,15.26,15.26,15.26,15.26,8.51,-
26-May-09,15.49,15.49,15.49,15.49,8.63,-
27-May-09,15.28,15.28,15.28,15.28,8.52,-
28-May-09,15.43,15.43,15.43,15.43,8.6,-
29-May-09,15.63,15.63,15.63,15.63,8.71,-
1-Jun-09,15.86,15.86,15.86,15.86,8.84,-
2-Jun-09,15.9,15.9,15.9,15.9,8.86,-
3-Jun-09,15.76,15.76,15.76,15.76,8.78,-
4-Jun-09,15.84,15.84,15.84,15.84,8.83,-
5-Jun-09,15.77,15.77,15.77,15.77,8.79,-
8-Jun-09,15.73,15.73,15.73,15.73,8.77,-
9-Jun-09,15.79,15.79,15.79,15.79,8.8,-
10-Jun-09,15.76,15.76,15.76,15.76,8.78,-
11-Jun-09,15.85,15.85,15.85,15.85,8.83,-
12-Jun-09,15.88,15.88,15.88,15.88,8.85,-
15-Jun-09,15.64,15.64,15.64,15.64,8.72,-
16-Jun-09,15.53,15.53,15.53,15.53,8.66,-
17-Jun-09,15.52,15.52,15.52,15.52,8.65,-
18-Jun-09,15.54,15.54,15.54,15.54,8.66,-
19-Jun-09,15.6,15.6,15.6,15.6,8.69,-
22-Jun-09,15.31,15.31,15.31,15.31,8.53,-
23-Jun-09,15.35,15.35,15.35,15.35,8.56,-
24-Jun-09,15.42,15.42,15.42,15.42,8.59,-
25-Jun-09,15.48,15.48,15.48,15.48,8.73,-
26-Jun-09,15.49,15.49,15.49,15.49,8.74,-
29-Jun-09,15.58,15.58,15.58,15.58,8.79,-
30-Jun-09,15.49,15.49,15.49,15.49,8.74,-
1-Jul-09,15.56,15.56,15.56,15.56,8.77,-
2-Jul-09,15.28,15.28,15.28,15.28,8.62,-
6-Jul-09,15.29,15.29,15.29,15.29,8.62,-
7-Jul-09,15.11,15.11,15.11,15.11,8.52,-
8-Jul-09,15.12,15.12,15.12,15.12,8.53,-
9-Jul-09,15.14,15.14,15.14,15.14,8.54,-
10-Jul-09,15.12,15.12,15.12,15.12,8.53,-
13-Jul-09,15.33,15.33,15.33,15.33,8.64,-
14-Jul-09,15.36,15.36,15.36,15.36,8.66,-
15-Jul-09,15.64,15.64,15.64,15.64,8.82,-
16-Jul-09,15.75,15.75,15.75,15.75,8.88,-
17-Jul-09,15.73,15.73,15.73,15.73,8.87,-
20-Jul-09,15.89,15.89,15.89,15.89,8.96,-
21-Jul-09,15.96,15.96,15.96,15.96,9.0,-
22-Jul-09,15.95,15.95,15.95,15.95,8.99,-
23-Jul-09,16.15,16.15,16.15,16.15,9.11,-
24-Jul-09,16.2,16.2,16.2,16.2,9.14,-
27-Jul-09,16.23,16.23,16.23,16.23,9.15,-
28-Jul-09,16.21,16.21,16.21,16.21,9.14,-
29-Jul-09,16.17,16.17,16.17,16.17,9.12,-
30-Jul-09,16.32,16.32,16.32,16.32,9.2,-
31-Jul-09,16.39,16.39,16.39,16.39,9.24,-
3-Aug-09,16.55,16.55,16.55,16.55,9.33,-
4-Aug-09,16.56,16.56,16.56,16.56,9.34,-
5-Aug-09,16.51,16.51,16.51,16.51,9.31,-
6-Aug-09,16.45,16.45,16.45,16.45,9.28,-
7-Aug-09,16.56,16.56,16.56,16.56,9.34,-
10-Aug-09,16.56,16.56,16.56,16.56,9.34,-
11-Aug-09,16.44,16.44,16.44,16.44,9.27,-
12-Aug-09,16.56,16.56,16.56,16.56,9.34,-
13-Aug-09,16.69,16.69,16.69,16.69,9.41,-
14-Aug-09,16.6,16.6,16.6,16.6,9.36,-
17-Aug-09,16.34,16.34,16.34,16.34,9.21,-
18-Aug-09,16.45,16.45,16.45,16.45,9.28,-
19-Aug-09,16.53,16.53,16.53,16.53,9.32,-
20-Aug-09,16.67,16.67,16.67,16.67,9.4,-
21-Aug-09,16.83,16.83,16.83,16.83,9.49,-
24-Aug-09,16.86,16.86,16.86,16.86,9.51,-
25-Aug-09,16.91,16.91,16.91,16.91,9.54,-
26-Aug-09,16.9,16.9,16.9,16.9,9.53,-
27-Aug-09,16.93,16.93,16.93,16.93,9.55,-
28-Aug-09,16.93,16.93,16.93,16.93,9.55,-
31-Aug-09,16.84,16.84,16.84,16.84,9.5,-
1-Sep-09,16.61,16.61,16.61,16.61,9.37,-
2-Sep-09,16.6,16.6,16.6,16.6,9.36,-
3-Sep-09,16.69,16.69,16.69,16.69,9.41,-
4-Sep-09,16.81,16.81,16.81,16.81,9.48,-
8-Sep-09,16.93,16.93,16.93,16.93,9.55,-
9-Sep-09,17.03,17.03,17.03,17.03,9.6,-
10-Sep-09,17.19,17.19,17.19,17.19,9.69,-
11-Sep-09,17.19,17.19,17.19,17.19,9.69,-
14-Sep-09,17.23,17.23,17.23,17.23,9.72,-
15-Sep-09,17.27,17.27,17.27,17.27,9.74,-
16-Sep-09,17.46,17.46,17.46,17.46,9.85,-
17-Sep-09,17.44,17.44,17.44,17.44,9.83,-
18-Sep-09,17.45,17.45,17.45,17.45,9.84,-
21-Sep-09,17.4,17.4,17.4,17.4,9.81,-
22-Sep-09,17.5,17.5,17.5,17.5,9.87,-
23-Sep-09,17.39,17.39,17.39,17.39,9.81,-
24-Sep-09,17.28,17.28,17.28,17.28,9.74,-
25-Sep-09,17.23,17.23,17.23,17.23,9.72,-
28-Sep-09,17.44,17.44,17.44,17.44,9.83,-
29-Sep-09,17.42,17.42,17.42,17.42,9.82,-
30-Sep-09,17.38,17.38,17.38,17.38,9.8,-
1-Oct-09,17.12,17.12,17.12,17.12,9.65,-
2-Oct-09,17.05,17.05,17.05,17.05,9.61,-
5-Oct-09,17.22,17.22,17.22,17.22,9.71,-
6-Oct-09,17.37,17.37,17.37,17.37,9.8,-
7-Oct-09,17.43,17.43,17.43,17.43,9.83,-
8-Oct-09,17.51,17.51,17.51,17.51,9.87,-
9-Oct-09,17.53,17.53,17.53,17.53,9.89,-
12-Oct-09,17.59,17.59,17.59,17.59,9.92,-
13-Oct-09,17.57,17.57,17.57,17.57,9.91,-
14-Oct-09,17.75,17.75,17.75,17.75,10.01,-
15-Oct-09,17.78,17.78,17.78,17.78,10.03,-
16-Oct-09,17.69,17.69,17.69,17.69,9.98,-
19-Oct-09,17.82,17.82,17.82,17.82,10.05,-
20-Oct-09,17.76,17.76,17.76,17.76,10.02,-
21-Oct-09,17.66,17.66,17.66,17.66,9.96,-
22-Oct-09,17.76,17.76,17.76,17.76,10.02,-
23-Oct-09,17.6,17.6,17.6,17.6,9.92,-
26-Oct-09,17.44,17.44,17.44,17.44,9.83,-
27-Oct-09,17.42,17.42,17.42,17.42,9.82,-
28-Oct-09,17.2,17.2,17.2,17.2,9.7,-
29-Oct-09,17.43,17.43,17.43,17.43,9.83,-
30-Oct-09,17.16,17.16,17.16,17.16,9.68,-
2-Nov-09,17.22,17.22,17.22,17.22,9.71,-
3-Nov-09,17.22,17.22,17.22,17.22,9.71,-
4-Nov-09,17.24,17.24,17.24,17.24,9.72,-
5-Nov-09,17.44,17.44,17.44,17.44,9.83,-
6-Nov-09,17.47,17.47,17.47,17.47,9.85,-
9-Nov-09,17.74,17.74,17.74,17.74,10.0,-
10-Nov-09,17.73,17.73,17.73,17.73,10.0,-
11-Nov-09,17.8,17.8,17.8,17.8,10.04,-
12-Nov-09,17.68,17.68,17.68,17.68,9.97,-
13-Nov-09,17.76,17.76,17.76,17.76,10.02,-
16-Nov-09,17.97,17.97,17.97,17.97,10.13,-
17-Nov-09,17.98,17.98,17.98,17.98,10.14,-
18-Nov-09,17.95,17.95,17.95,17.95,10.12,-
19-Nov-09,17.8,17.8,17.8,17.8,10.04,-
20-Nov-09,17.76,17.76,17.76,17.76,10.02,-
23-Nov-09,17.91,17.91,17.91,17.91,10.1,-
24-Nov-09,17.91,17.91,17.91,17.91,10.1,-
25-Nov-09,18,18.0,18.0,18.0,10.15,-
27-Nov-09,17.79,17.79,17.79,17.79,10.03,-
30-Nov-09,17.85,17.85,17.85,17.85,10.07,-
1-Dec-09,17.99,17.99,17.99,17.99,10.14,-
2-Dec-09,17.99,17.99,17.99,17.99,10.14,-
3-Dec-09,17.89,17.89,17.89,17.89,10.09,-
4-Dec-09,17.92,17.92,17.92,17.92,10.11,-
7-Dec-09,17.9,17.9,17.9,17.9,10.09,-
8-Dec-09,17.79,17.79,17.79,17.79,10.03,-
9-Dec-09,17.82,17.82,17.82,17.82,10.05,-
10-Dec-09,17.85,17.85,17.85,17.85,10.07,-
11-Dec-09,17.88,17.88,17.88,17.88,10.08,-
14-Dec-09,17.97,17.97,17.97,17.97,10.13,-
15-Dec-09,17.89,17.89,17.89,17.89,10.09,-
16-Dec-09,17.93,17.93,17.93,17.93,10.11,-
17-Dec-09,17.82,17.82,17.82,17.82,10.05,-
18-Dec-09,17.86,17.86,17.86,17.86,10.07,-
21-Dec-09,17.92,17.92,17.92,17.92,10.11,-
22-Dec-09,17.95,17.95,17.95,17.95,10.12,-
23-Dec-09,17.99,17.99,17.99,17.99,10.14,-
24-Dec-09,18.03,18.03,18.03,18.03,10.17,-
28-Dec-09,18.04,18.04,18.04,18.04,10.17,-
29-Dec-09,18.05,18.05,18.05,18.05,10.18,-
30-Dec-09,17.8,17.8,17.8,17.8,10.18,-
31-Dec-09,17.69,17.69,17.69,17.69,10.12,-
4-Jan-10,17.9,17.9,17.9,17.9,10.24,-
5-Jan-10,17.95,17.95,17.95,17.95,10.26,-
6-Jan-10,17.96,17.96,17.96,17.96,10.27,-
7-Jan-10,17.99,17.99,17.99,17.99,10.29,-
8-Jan-10,18.04,18.04,18.04,18.04,10.32,-
11-Jan-10,18.06,18.06,18.06,18.06,10.33,-
12-Jan-10,17.99,17.99,17.99,17.99,10.29,-
13-Jan-10,18.06,18.06,18.06,18.06,10.33,-
14-Jan-10,18.12,18.12,18.12,18.12,10.36,-
15-Jan-10,18.01,18.01,18.01,18.01,10.3,-
19-Jan-10,18.14,18.14,18.14,18.14,10.37,-
20-Jan-10,18.01,18.01,18.01,18.01,10.3,-
21-Jan-10,17.82,17.82,17.82,17.82,10.19,-
22-Jan-10,17.59,17.59,17.59,17.59,10.06,-
25-Jan-10,17.63,17.63,17.63,17.63,10.08,-
26-Jan-10,17.57,17.57,17.57,17.57,10.05,-
27-Jan-10,17.61,17.61,17.61,17.61,10.07,-
28-Jan-10,17.47,17.47,17.47,17.47,9.99,-
29-Jan-10,17.38,17.38,17.38,17.38,9.94,-
1-Feb-10,17.53,17.53,17.53,17.53,10.02,-
2-Feb-10,17.67,17.67,17.67,17.67,10.1,-
3-Feb-10,17.59,17.59,17.59,17.59,10.06,-
4-Feb-10,17.27,17.27,17.27,17.27,9.88,-
5-Feb-10,17.28,17.28,17.28,17.28,9.88,-
8-Feb-10,17.19,17.19,17.19,17.19,9.83,-
9-Feb-10,17.32,17.32,17.32,17.32,9.9,-
10-Feb-10,17.28,17.28,17.28,17.28,9.88,-
11-Feb-10,17.39,17.39,17.39,17.39,9.94,-
12-Feb-10,17.38,17.38,17.38,17.38,9.94,-
16-Feb-10,17.58,17.58,17.58,17.58,10.05,-
17-Feb-10,17.61,17.61,17.61,17.61,10.07,-
18-Feb-10,17.67,17.67,17.67,17.67,10.1,-
19-Feb-10,17.68,17.68,17.68,17.68,10.11,-
22-Feb-10,17.68,17.68,17.68,17.68,10.11,-
23-Feb-10,17.58,17.58,17.58,17.58,10.05,-
24-Feb-10,17.67,17.67,17.67,17.67,10.1,-
25-Feb-10,17.66,17.66,17.66,17.66,10.1,-
26-Feb-10,17.7,17.7,17.7,17.7,10.12,-
1-Mar-10,17.83,17.83,17.83,17.83,10.2,-
2-Mar-10,17.87,17.87,17.87,17.87,10.22,-
3-Mar-10,17.9,17.9,17.9,17.9,10.24,-
4-Mar-10,17.93,17.93,17.93,17.93,10.25,-
5-Mar-10,18.08,18.08,18.08,18.08,10.34,-
8-Mar-10,18.07,18.07,18.07,18.07,10.33,-
9-Mar-10,18.1,18.1,18.1,18.1,10.35,-
10-Mar-10,18.15,18.15,18.15,18.15,10.38,-
11-Mar-10,18.2,18.2,18.2,18.2,10.41,-
12-Mar-10,18.22,18.22,18.22,18.22,10.42,-
15-Mar-10,18.2,18.2,18.2,18.2,10.41,-
16-Mar-10,18.32,18.32,18.32,18.32,10.48,-
17-Mar-10,18.4,18.4,18.4,18.4,10.52,-
18-Mar-10,18.37,18.37,18.37,18.37,10.5,-
19-Mar-10,18.3,18.3,18.3,18.3,10.46,-
22-Mar-10,18.37,18.37,18.37,18.37,10.5,-
23-Mar-10,18.45,18.45,18.45,18.45,10.55,-
24-Mar-10,18.31,18.31,18.31,18.31,10.47,-
25-Mar-10,18.27,18.27,18.27,18.27,10.45,-
26-Mar-10,18.31,18.31,18.31,18.31,10.47,-
29-Mar-10,18.38,18.38,18.38,18.38,10.51,-
30-Mar-10,18.39,18.39,18.39,18.39,10.52,-
31-Mar-10,18.37,18.37,18.37,18.37,10.5,-
1-Apr-10,18.46,18.46,18.46,18.46,10.56,-
5-Apr-10,18.51,18.51,18.51,18.51,10.58,-
6-Apr-10,18.55,18.55,18.55,18.55,10.61,-
7-Apr-10,18.52,18.52,18.52,18.52,10.59,-
8-Apr-10,18.54,18.54,18.54,18.54,10.6,-
9-Apr-10,18.64,18.64,18.64,18.64,10.66,-
12-Apr-10,18.68,18.68,18.68,18.68,10.68,-
13-Apr-10,18.69,18.69,18.69,18.69,10.69,-
14-Apr-10,18.82,18.82,18.82,18.82,10.76,-
15-Apr-10,18.84,18.84,18.84,18.84,10.77,-
16-Apr-10,18.66,18.66,18.66,18.66,10.67,-
19-Apr-10,18.68,18.68,18.68,18.68,10.68,-
20-Apr-10,18.78,18.78,18.78,18.78,10.74,-
21-Apr-10,18.79,18.79,18.79,18.79,10.74,-
22-Apr-10,18.8,18.8,18.8,18.8,10.75,-
23-Apr-10,18.88,18.88,18.88,18.88,10.8,-
26-Apr-10,18.85,18.85,18.85,18.85,10.78,-
27-Apr-10,18.58,18.58,18.58,18.58,10.62,-
28-Apr-10,18.62,18.62,18.62,18.62,10.65,-
29-Apr-10,18.79,18.79,18.79,18.79,10.74,-
30-Apr-10,18.62,18.62,18.62,18.62,10.65,-
3-May-10,18.76,18.76,18.76,18.76,10.73,-
4-May-10,18.48,18.48,18.48,18.48,10.57,-
5-May-10,18.4,18.4,18.4,18.4,10.52,-
6-May-10,18.07,18.07,18.07,18.07,10.33,-
7-May-10,17.86,17.86,17.86,17.86,10.21,-
10-May-10,18.34,18.34,18.34,18.34,10.49,-
11-May-10,18.3,18.3,18.3,18.3,10.46,-
12-May-10,18.46,18.46,18.46,18.46,10.56,-
13-May-10,18.35,18.35,18.35,18.35,10.49,-
14-May-10,18.15,18.15,18.15,18.15,10.38,-
17-May-10,18.15,18.15,18.15,18.15,10.38,-
18-May-10,18.01,18.01,18.01,18.01,10.3,-
19-May-10,17.95,17.95,17.95,17.95,10.26,-
20-May-10,17.56,17.56,17.56,17.56,10.04,-
21-May-10,17.72,17.72,17.72,17.72,10.13,-
24-May-10,17.58,17.58,17.58,17.58,10.05,-
25-May-10,17.57,17.57,17.57,17.57,10.05,-
26-May-10,17.51,17.51,17.51,17.51,10.01,-
27-May-10,17.87,17.87,17.87,17.87,10.22,-
28-May-10,17.76,17.76,17.76,17.76,10.16,-
1-Jun-10,17.57,17.57,17.57,17.57,10.05,-
2-Jun-10,17.83,17.83,17.83,17.83,10.2,-
3-Jun-10,17.88,17.88,17.88,17.88,10.22,-
4-Jun-10,17.52,17.52,17.52,17.52,10.02,-
7-Jun-10,17.37,17.37,17.37,17.37,9.93,-
8-Jun-10,17.47,17.47,17.47,17.47,9.99,-
9-Jun-10,17.42,17.42,17.42,17.42,9.96,-
10-Jun-10,17.73,17.73,17.73,17.73,10.14,-
11-Jun-10,17.81,17.81,17.81,17.81,10.18,-
14-Jun-10,17.82,17.82,17.82,17.82,10.19,-
15-Jun-10,18.08,18.08,18.08,18.08,10.34,-
16-Jun-10,18.08,18.08,18.08,18.08,10.34,-
17-Jun-10,18.12,18.12,18.12,18.12,10.36,-
18-Jun-10,18.13,18.13,18.13,18.13,10.37,-
21-Jun-10,18.1,18.1,18.1,18.1,10.35,-
22-Jun-10,17.94,17.94,17.94,17.94,10.26,-
23-Jun-10,17.93,17.93,17.93,17.93,10.25,-
24-Jun-10,17.72,17.72,17.72,17.72,10.13,-
25-Jun-10,17.78,17.78,17.78,17.78,10.17,-
28-Jun-10,17.64,17.64,17.64,17.64,10.17,-
29-Jun-10,17.29,17.29,17.29,17.29,9.97,-
30-Jun-10,17.19,17.19,17.19,17.19,9.91,-
1-Jul-10,17.17,17.17,17.17,17.17,9.9,-
2-Jul-10,17.11,17.11,17.11,17.11,9.86,-
6-Jul-10,17.2,17.2,17.2,17.2,9.92,-
7-Jul-10,17.53,17.53,17.53,17.53,10.11,-
8-Jul-10,17.63,17.63,17.63,17.63,10.16,-
9-Jul-10,17.69,17.69,17.69,17.69,10.2,-
12-Jul-10,17.7,17.7,17.7,17.7,10.2,-
13-Jul-10,17.87,17.87,17.87,17.87,10.3,-
14-Jul-10,17.9,17.9,17.9,17.9,10.32,-
15-Jul-10,17.94,17.94,17.94,17.94,10.34,-
16-Jul-10,17.62,17.62,17.62,17.62,10.16,-
19-Jul-10,17.66,17.66,17.66,17.66,10.18,-
20-Jul-10,17.8,17.8,17.8,17.8,10.26,-
21-Jul-10,17.68,17.68,17.68,17.68,10.19,-
22-Jul-10,17.94,17.94,17.94,17.94,10.34,-
23-Jul-10,18.03,18.03,18.03,18.03,10.39,-
26-Jul-10,18.17,18.17,18.17,18.17,10.48,-
27-Jul-10,18.14,18.14,18.14,18.14,10.46,-
28-Jul-10,18.07,18.07,18.07,18.07,10.42,-
29-Jul-10,18.05,18.05,18.05,18.05,10.41,-
30-Jul-10,18.08,18.08,18.08,18.08,10.42,-
2-Aug-10,18.33,18.33,18.33,18.33,10.57,-
3-Aug-10,18.3,18.3,18.3,18.3,10.55,-
4-Aug-10,18.35,18.35,18.35,18.35,10.58,-
5-Aug-10,18.34,18.34,18.34,18.34,10.57,-
6-Aug-10,18.33,18.33,18.33,18.33,10.57,-
9-Aug-10,18.4,18.4,18.4,18.4,10.61,-
10-Aug-10,18.32,18.32,18.32,18.32,10.56,-
11-Aug-10,17.98,17.98,17.98,17.98,10.37,-
12-Aug-10,17.91,17.91,17.91,17.91,10.33,-
13-Aug-10,17.89,17.89,17.89,17.89,10.31,-
16-Aug-10,17.95,17.95,17.95,17.95,10.35,-
17-Aug-10,18.08,18.08,18.08,18.08,10.42,-
18-Aug-10,18.09,18.09,18.09,18.09,10.43,-
19-Aug-10,17.93,17.93,17.93,17.93,10.34,-
20-Aug-10,17.87,17.87,17.87,17.87,10.3,-
23-Aug-10,17.83,17.83,17.83,17.83,10.28,-
24-Aug-10,17.69,17.69,17.69,17.69,10.2,-
25-Aug-10,17.71,17.71,17.71,17.71,10.21,-
26-Aug-10,17.66,17.66,17.66,17.66,10.18,-
27-Aug-10,17.8,17.8,17.8,17.8,10.26,-
30-Aug-10,17.68,17.68,17.68,17.68,10.19,-
31-Aug-10,17.7,17.7,17.7,17.7,10.2,-
1-Sep-10,18.02,18.02,18.02,18.02,10.39,-
2-Sep-10,18.11,18.11,18.11,18.11,10.44,-
3-Sep-10,18.23,18.23,18.23,18.23,10.51,-
7-Sep-10,18.13,18.13,18.13,18.13,10.45,-
8-Sep-10,18.19,18.19,18.19,18.19,10.49,-
9-Sep-10,18.21,18.21,18.21,18.21,10.5,-
10-Sep-10,18.25,18.25,18.25,18.25,10.52,-
13-Sep-10,18.43,18.43,18.43,18.43,10.62,-
14-Sep-10,18.45,18.45,18.45,18.45,10.64,-
15-Sep-10,18.47,18.47,18.47,18.47,10.65,-
16-Sep-10,18.45,18.45,18.45,18.45,10.64,-
17-Sep-10,18.45,18.45,18.45,18.45,10.64,-
20-Sep-10,18.66,18.66,18.66,18.66,10.76,-
21-Sep-10,18.67,18.67,18.67,18.67,10.76,-
22-Sep-10,18.62,18.62,18.62,18.62,10.73,-
23-Sep-10,18.53,18.53,18.53,18.53,10.68,-
24-Sep-10,18.77,18.77,18.77,18.77,10.82,-
27-Sep-10,18.74,18.74,18.74,18.74,10.8,-
28-Sep-10,18.82,18.82,18.82,18.82,10.85,-
29-Sep-10,18.8,18.8,18.8,18.8,10.84,-
30-Sep-10,18.76,18.76,18.76,18.76,10.82,-
1-Oct-10,18.82,18.82,18.82,18.82,10.85,-
4-Oct-10,18.73,18.73,18.73,18.73,10.8,-
5-Oct-10,18.98,18.98,18.98,18.98,10.94,-
6-Oct-10,19.02,19.02,19.02,19.02,10.97,-
7-Oct-10,19,19.0,19.0,19.0,10.95,-
8-Oct-10,19.08,19.08,19.08,19.08,11.0,-
11-Oct-10,19.08,19.08,19.08,19.08,11.0,-
12-Oct-10,19.11,19.11,19.11,19.11,11.02,-
13-Oct-10,19.21,19.21,19.21,19.21,11.07,-
14-Oct-10,19.16,19.16,19.16,19.16,11.05,-
15-Oct-10,19.14,19.14,19.14,19.14,11.03,-
18-Oct-10,19.24,19.24,19.24,19.24,11.09,-
19-Oct-10,19.04,19.04,19.04,19.04,10.98,-
20-Oct-10,19.19,19.19,19.19,19.19,11.06,-
21-Oct-10,19.18,19.18,19.18,19.18,11.06,-
22-Oct-10,19.22,19.22,19.22,19.22,11.08,-
25-Oct-10,19.26,19.26,19.26,19.26,11.1,-
26-Oct-10,19.22,19.22,19.22,19.22,11.08,-
27-Oct-10,19.15,19.15,19.15,19.15,11.04,-
28-Oct-10,19.2,19.2,19.2,19.2,11.07,-
29-Oct-10,19.21,19.21,19.21,19.21,11.07,-
1-Nov-10,19.22,19.22,19.22,19.22,11.08,-
2-Nov-10,19.36,19.36,19.36,19.36,11.16,-
3-Nov-10,19.4,19.4,19.4,19.4,11.18,-
4-Nov-10,19.68,19.68,19.68,19.68,11.35,-
5-Nov-10,19.69,19.69,19.69,19.69,11.35,-
8-Nov-10,19.66,19.66,19.66,19.66,11.33,-
9-Nov-10,19.51,19.51,19.51,19.51,11.25,-
10-Nov-10,19.58,19.58,19.58,19.58,11.29,-
11-Nov-10,19.51,19.51,19.51,19.51,11.25,-
12-Nov-10,19.33,19.33,19.33,19.33,11.14,-
15-Nov-10,19.27,19.27,19.27,19.27,11.11,-
16-Nov-10,19.09,19.09,19.09,19.09,11.01,-
17-Nov-10,19.1,19.1,19.1,19.1,11.01,-
18-Nov-10,19.3,19.3,19.3,19.3,11.13,-
19-Nov-10,19.34,19.34,19.34,19.34,11.15,-
22-Nov-10,19.34,19.34,19.34,19.34,11.15,-
23-Nov-10,19.15,19.15,19.15,19.15,11.04,-
24-Nov-10,19.29,19.29,19.29,19.29,11.12,-
26-Nov-10,19.21,19.21,19.21,19.21,11.07,-
29-Nov-10,19.2,19.2,19.2,19.2,11.07,-
30-Nov-10,19.12,19.12,19.12,19.12,11.02,-
1-Dec-10,19.34,19.34,19.34,19.34,11.15,-
2-Dec-10,19.5,19.5,19.5,19.5,11.24,-
3-Dec-10,19.55,19.55,19.55,19.55,11.27,-
6-Dec-10,19.57,19.57,19.57,19.57,11.28,-
7-Dec-10,19.52,19.52,19.52,19.52,11.25,-
8-Dec-10,19.52,19.52,19.52,19.52,11.25,-
9-Dec-10,19.57,19.57,19.57,19.57,11.28,-
10-Dec-10,19.62,19.62,19.62,19.62,11.31,-
13-Dec-10,19.65,19.65,19.65,19.65,11.33,-
14-Dec-10,19.62,19.62,19.62,19.62,11.31,-
15-Dec-10,19.52,19.52,19.52,19.52,11.25,-
16-Dec-10,19.61,19.61,19.61,19.61,11.31,-
17-Dec-10,19.65,19.65,19.65,19.65,11.33,-
20-Dec-10,19.68,19.68,19.68,19.68,11.35,-
21-Dec-10,19.78,19.78,19.78,19.78,11.4,-
22-Dec-10,19.8,19.8,19.8,19.8,11.41,-
23-Dec-10,19.78,19.78,19.78,19.78,11.4,-
27-Dec-10,19.8,19.8,19.8,19.8,11.41,-
28-Dec-10,19.76,19.76,19.76,19.76,11.39,-
29-Dec-10,19.86,19.86,19.86,19.86,11.45,-
30-Dec-10,19.53,19.53,19.53,19.53,11.44,-
31-Dec-10,19.57,19.57,19.57,19.57,11.46,-
3-Jan-11,19.69,19.69,19.69,19.69,11.53,-
4-Jan-11,19.67,19.67,19.67,19.67,11.52,-
5-Jan-11,19.65,19.65,19.65,19.65,11.51,-
6-Jan-11,19.63,19.63,19.63,19.63,11.5,-
7-Jan-11,19.62,19.62,19.62,19.62,11.49,-
10-Jan-11,19.61,19.61,19.61,19.61,11.49,-
11-Jan-11,19.66,19.66,19.66,19.66,11.51,-
12-Jan-11,19.8,19.8,19.8,19.8,11.6,-
13-Jan-11,19.82,19.82,19.82,19.82,11.61,-
14-Jan-11,19.89,19.89,19.89,19.89,11.65,-
18-Jan-11,19.91,19.91,19.91,19.91,11.66,-
19-Jan-11,19.8,19.8,19.8,19.8,11.6,-
20-Jan-11,19.71,19.71,19.71,19.71,11.54,-
21-Jan-11,19.74,19.74,19.74,19.74,11.56,-
24-Jan-11,19.82,19.82,19.82,19.82,11.61,-
25-Jan-11,19.85,19.85,19.85,19.85,11.63,-
26-Jan-11,19.89,19.89,19.89,19.89,11.65,-
27-Jan-11,19.94,19.94,19.94,19.94,11.68,-
28-Jan-11,19.72,19.72,19.72,19.72,11.55,-
31-Jan-11,19.79,19.79,19.79,19.79,11.59,-
1-Feb-11,20.01,20.01,20.01,20.01,11.72,-
2-Feb-11,19.98,19.98,19.98,19.98,11.7,-
3-Feb-11,19.97,19.97,19.97,19.97,11.7,-
4-Feb-11,19.96,19.96,19.96,19.96,11.69,-
7-Feb-11,20.04,20.04,20.04,20.04,11.74,-
8-Feb-11,20.06,20.06,20.06,20.06,11.75,-
9-Feb-11,20.04,20.04,20.04,20.04,11.74,-
10-Feb-11,19.99,19.99,19.99,19.99,11.71,-
11-Feb-11,20.09,20.09,20.09,20.09,11.77,-
14-Feb-11,20.14,20.14,20.14,20.14,11.8,-
15-Feb-11,20.11,20.11,20.11,20.11,11.78,-
16-Feb-11,20.2,20.2,20.2,20.2,11.83,-
17-Feb-11,20.27,20.27,20.27,20.27,11.87,-
18-Feb-11,20.3,20.3,20.3,20.3,11.89,-
22-Feb-11,20.05,20.05,20.05,20.05,11.74,-
23-Feb-11,19.98,19.98,19.98,19.98,11.7,-
24-Feb-11,19.98,19.98,19.98,19.98,11.7,-
25-Feb-11,20.15,20.15,20.15,20.15,11.8,-
28-Feb-11,20.24,20.24,20.24,20.24,11.85,-
1-Mar-11,20.06,20.06,20.06,20.06,11.75,-
2-Mar-11,20.07,20.07,20.07,20.07,11.76,-
3-Mar-11,20.24,20.24,20.24,20.24,11.85,-
4-Mar-11,20.19,20.19,20.19,20.19,11.83,-
7-Mar-11,20.07,20.07,20.07,20.07,11.76,-
8-Mar-11,20.16,20.16,20.16,20.16,11.81,-
9-Mar-11,20.16,20.16,20.16,20.16,11.81,-
10-Mar-11,19.93,19.93,19.93,19.93,11.67,-
11-Mar-11,19.99,19.99,19.99,19.99,11.71,-
14-Mar-11,19.9,19.9,19.9,19.9,11.66,-
15-Mar-11,19.74,19.74,19.74,19.74,11.56,-
16-Mar-11,19.55,19.55,19.55,19.55,11.45,-
17-Mar-11,19.71,19.71,19.71,19.71,11.54,-
18-Mar-11,19.8,19.8,19.8,19.8,11.6,-
21-Mar-11,20,20.0,20.0,20.0,11.71,-
22-Mar-11,19.97,19.97,19.97,19.97,11.7,-
23-Mar-11,20,20.0,20.0,20.0,11.71,-
24-Mar-11,20.11,20.11,20.11,20.11,11.78,-
25-Mar-11,20.12,20.12,20.12,20.12,11.78,-
28-Mar-11,20.08,20.08,20.08,20.08,11.76,-
29-Mar-11,20.16,20.16,20.16,20.16,11.81,-
30-Mar-11,20.29,20.29,20.29,20.29,11.88,-
31-Mar-11,20.27,20.27,20.27,20.27,11.87,-
1-Apr-11,20.37,20.37,20.37,20.37,11.93,-
4-Apr-11,20.39,20.39,20.39,20.39,11.94,-
5-Apr-11,20.37,20.37,20.37,20.37,11.93,-
6-Apr-11,20.4,20.4,20.4,20.4,11.95,-
7-Apr-11,20.37,20.37,20.37,20.37,11.93,-
8-Apr-11,20.35,20.35,20.35,20.35,11.92,-
11-Apr-11,20.3,20.3,20.3,20.3,11.89,-
12-Apr-11,20.2,20.2,20.2,20.2,11.83,-
13-Apr-11,20.24,20.24,20.24,20.24,11.85,-
14-Apr-11,20.25,20.25,20.25,20.25,11.86,-
15-Apr-11,20.32,20.32,20.32,20.32,11.9,-
18-Apr-11,20.15,20.15,20.15,20.15,11.8,-
19-Apr-11,20.23,20.23,20.23,20.23,11.85,-
20-Apr-11,20.45,20.45,20.45,20.45,11.98,-
21-Apr-11,20.52,20.52,20.52,20.52,12.02,-
25-Apr-11,20.52,20.52,20.52,20.52,12.02,-
26-Apr-11,20.65,20.65,20.65,20.65,12.09,-
27-Apr-11,20.73,20.73,20.73,20.73,12.14,-
28-Apr-11,20.8,20.8,20.8,20.8,12.18,-
29-Apr-11,20.85,20.85,20.85,20.85,12.21,-
2-May-11,20.82,20.82,20.82,20.82,12.19,-
3-May-11,20.75,20.75,20.75,20.75,12.15,-
4-May-11,20.64,20.64,20.64,20.64,12.09,-
5-May-11,20.52,20.52,20.52,20.52,12.02,-
6-May-11,20.57,20.57,20.57,20.57,12.05,-
9-May-11,20.65,20.65,20.65,20.65,12.09,-
10-May-11,20.74,20.74,20.74,20.74,12.15,-
11-May-11,20.6,20.6,20.6,20.6,12.07,-
12-May-11,20.63,20.63,20.63,20.63,12.08,-
13-May-11,20.51,20.51,20.51,20.51,12.01,-
16-May-11,20.45,20.45,20.45,20.45,11.98,-
17-May-11,20.46,20.46,20.46,20.46,11.98,-
18-May-11,20.56,20.56,20.56,20.56,12.04,-
19-May-11,20.6,20.6,20.6,20.6,12.07,-
20-May-11,20.5,20.5,20.5,20.5,12.01,-
23-May-11,20.29,20.29,20.29,20.29,11.88,-
24-May-11,20.31,20.31,20.31,20.31,11.9,-
25-May-11,20.35,20.35,20.35,20.35,11.92,-
26-May-11,20.46,20.46,20.46,20.46,11.98,-
27-May-11,20.54,20.54,20.54,20.54,12.03,-
31-May-11,20.72,20.72,20.72,20.72,12.14,-
1-Jun-11,20.44,20.44,20.44,20.44,11.97,-
2-Jun-11,20.41,20.41,20.41,20.41,11.95,-
3-Jun-11,20.32,20.32,20.32,20.32,11.9,-
6-Jun-11,20.16,20.16,20.16,20.16,11.81,-
7-Jun-11,20.19,20.19,20.19,20.19,11.83,-
8-Jun-11,20.11,20.11,20.11,20.11,11.78,-
9-Jun-11,20.19,20.19,20.19,20.19,11.83,-
10-Jun-11,19.98,19.98,19.98,19.98,11.7,-
13-Jun-11,19.99,19.99,19.99,19.99,11.71,-
14-Jun-11,20.14,20.14,20.14,20.14,11.8,-
15-Jun-11,19.91,19.91,19.91,19.91,11.66,-
16-Jun-11,19.91,19.91,19.91,19.91,11.66,-
17-Jun-11,19.95,19.95,19.95,19.95,11.68,-
20-Jun-11,19.99,19.99,19.99,19.99,11.71,-
21-Jun-11,20.2,20.2,20.2,20.2,11.83,-
22-Jun-11,20.11,20.11,20.11,20.11,11.78,-
23-Jun-11,20.08,20.08,20.08,20.08,11.76,-
24-Jun-11,19.95,19.95,19.95,19.95,11.68,-
27-Jun-11,20.04,20.04,20.04,20.04,11.74,-
28-Jun-11,20.18,20.18,20.18,20.18,11.82,-
29-Jun-11,20.15,20.15,20.15,20.15,11.9,-
30-Jun-11,20.3,20.3,20.3,20.3,11.99,-
1-Jul-11,20.48,20.48,20.48,20.48,12.09,-
5-Jul-11,20.48,20.48,20.48,20.48,12.09,-
6-Jul-11,20.48,20.48,20.48,20.48,12.09,-
7-Jul-11,20.62,20.62,20.62,20.62,12.18,-
8-Jul-11,20.55,20.55,20.55,20.55,12.14,-
11-Jul-11,20.28,20.28,20.28,20.28,11.98,-
12-Jul-11,20.22,20.22,20.22,20.22,11.94,-
13-Jul-11,20.31,20.31,20.31,20.31,11.99,-
14-Jul-11,20.19,20.19,20.19,20.19,11.92,-
15-Jul-11,20.27,20.27,20.27,20.27,11.97,-
18-Jul-11,20.12,20.12,20.12,20.12,11.88,-
19-Jul-11,20.35,20.35,20.35,20.35,12.02,-
20-Jul-11,20.36,20.36,20.36,20.36,12.02,-
21-Jul-11,20.54,20.54,20.54,20.54,12.13,-
22-Jul-11,20.58,20.58,20.58,20.58,12.15,-
25-Jul-11,20.49,20.49,20.49,20.49,12.1,-
26-Jul-11,20.47,20.47,20.47,20.47,12.09,-
27-Jul-11,20.18,20.18,20.18,20.18,11.92,-
28-Jul-11,20.15,20.15,20.15,20.15,11.9,-
29-Jul-11,20.13,20.13,20.13,20.13,11.89,-
1-Aug-11,20.07,20.07,20.07,20.07,11.85,-
2-Aug-11,19.76,19.76,19.76,19.76,11.67,-
3-Aug-11,19.81,19.81,19.81,19.81,11.7,-
4-Aug-11,19.16,19.16,19.16,19.16,11.32,-
5-Aug-11,19.09,19.09,19.09,19.09,11.27,-
8-Aug-11,18.24,18.24,18.24,18.24,10.77,-
9-Aug-11,18.85,18.85,18.85,18.85,11.13,-
10-Aug-11,18.34,18.34,18.34,18.34,10.83,-
11-Aug-11,18.83,18.83,18.83,18.83,11.12,-
12-Aug-11,18.94,18.94,18.94,18.94,11.19,-
15-Aug-11,19.22,19.22,19.22,19.22,11.35,-
16-Aug-11,19.1,19.1,19.1,19.1,11.28,-
17-Aug-11,19.14,19.14,19.14,19.14,11.3,-
18-Aug-11,18.59,18.59,18.59,18.59,10.98,-
19-Aug-11,18.4,18.4,18.4,18.4,10.87,-
22-Aug-11,18.41,18.41,18.41,18.41,10.87,-
23-Aug-11,18.77,18.77,18.77,18.77,11.08,-
24-Aug-11,18.84,18.84,18.84,18.84,11.13,-
25-Aug-11,18.66,18.66,18.66,18.66,11.02,-
26-Aug-11,18.86,18.86,18.86,18.86,11.14,-
29-Aug-11,19.18,19.18,19.18,19.18,11.33,-
30-Aug-11,19.24,19.24,19.24,19.24,11.36,-
31-Aug-11,19.34,19.34,19.34,19.34,11.42,-
1-Sep-11,19.23,19.23,19.23,19.23,11.36,-
2-Sep-11,18.95,18.95,18.95,18.95,11.19,-
6-Sep-11,18.79,18.79,18.79,18.79,11.1,-
7-Sep-11,19.13,19.13,19.13,19.13,11.3,-
8-Sep-11,18.99,18.99,18.99,18.99,11.21,-
9-Sep-11,18.66,18.66,18.66,18.66,11.02,-
12-Sep-11,18.67,18.67,18.67,18.67,11.03,-
13-Sep-11,18.77,18.77,18.77,18.77,11.08,-
14-Sep-11,18.92,18.92,18.92,18.92,11.17,-
15-Sep-11,19.12,19.12,19.12,19.12,11.29,-
16-Sep-11,19.18,19.18,19.18,19.18,11.33,-
19-Sep-11,19.04,19.04,19.04,19.04,11.24,-
20-Sep-11,19.01,19.01,19.01,19.01,11.23,-
21-Sep-11,18.68,18.68,18.68,18.68,11.03,-
22-Sep-11,18.29,18.29,18.29,18.29,10.8,-
23-Sep-11,18.33,18.33,18.33,18.33,10.83,-
26-Sep-11,18.53,18.53,18.53,18.53,10.94,-
27-Sep-11,18.7,18.7,18.7,18.7,11.04,-
28-Sep-11,18.46,18.46,18.46,18.46,10.9,-
29-Sep-11,18.59,18.59,18.59,18.59,10.98,-
30-Sep-11,18.32,18.32,18.32,18.32,10.82,-
3-Oct-11,18.01,18.01,18.01,18.01,10.64,-
4-Oct-11,18.2,18.2,18.2,18.2,10.75,-
5-Oct-11,18.38,18.38,18.38,18.38,10.85,-
6-Oct-11,18.6,18.6,18.6,18.6,10.98,-
7-Oct-11,18.5,18.5,18.5,18.5,10.93,-
10-Oct-11,18.87,18.87,18.87,18.87,11.14,-
11-Oct-11,18.87,18.87,18.87,18.87,11.14,-
12-Oct-11,19.02,19.02,19.02,19.02,11.23,-
13-Oct-11,19.01,19.01,19.01,19.01,11.23,-
14-Oct-11,19.18,19.18,19.18,19.18,11.33,-
17-Oct-11,18.97,18.97,18.97,18.97,11.2,-
18-Oct-11,19.17,19.17,19.17,19.17,11.32,-
19-Oct-11,19.02,19.02,19.02,19.02,11.23,-
20-Oct-11,19.04,19.04,19.04,19.04,11.24,-
21-Oct-11,19.26,19.26,19.26,19.26,11.37,-
24-Oct-11,19.47,19.47,19.47,19.47,11.5,-
25-Oct-11,19.28,19.28,19.28,19.28,11.39,-
26-Oct-11,19.4,19.4,19.4,19.4,11.46,-
27-Oct-11,19.83,19.83,19.83,19.83,11.71,-
28-Oct-11,19.84,19.84,19.84,19.84,11.72,-
31-Oct-11,19.54,19.54,19.54,19.54,11.54,-
1-Nov-11,19.24,19.24,19.24,19.24,11.36,-
2-Nov-11,19.41,19.41,19.41,19.41,11.46,-
3-Nov-11,19.62,19.62,19.62,19.62,11.59,-
4-Nov-11,19.56,19.56,19.56,19.56,11.55,-
7-Nov-11,19.62,19.62,19.62,19.62,11.59,-
8-Nov-11,19.72,19.72,19.72,19.72,11.65,-
9-Nov-11,19.27,19.27,19.27,19.27,11.38,-
10-Nov-11,19.33,19.33,19.33,19.33,11.42,-
11-Nov-11,19.56,19.56,19.56,19.56,11.55,-
14-Nov-11,19.45,19.45,19.45,19.45,11.49,-
15-Nov-11,19.49,19.49,19.49,19.49,11.51,-
16-Nov-11,19.31,19.31,19.31,19.31,11.4,-
17-Nov-11,19.13,19.13,19.13,19.13,11.3,-
18-Nov-11,19.11,19.11,19.11,19.11,11.29,-
21-Nov-11,18.88,18.88,18.88,18.88,11.15,-
22-Nov-11,18.84,18.84,18.84,18.84,11.13,-
23-Nov-11,18.58,18.58,18.58,18.58,10.97,-
25-Nov-11,18.51,18.51,18.51,18.51,10.93,-
28-Nov-11,18.88,18.88,18.88,18.88,11.15,-
29-Nov-11,18.9,18.9,18.9,18.9,11.16,-
30-Nov-11,19.4,19.4,19.4,19.4,11.46,-
1-Dec-11,19.37,19.37,19.37,19.37,11.44,-
2-Dec-11,19.39,19.39,19.39,19.39,11.45,-
5-Dec-11,19.51,19.51,19.51,19.51,11.52,-
6-Dec-11,19.5,19.5,19.5,19.5,11.52,-
7-Dec-11,19.54,19.54,19.54,19.54,11.54,-
8-Dec-11,19.28,19.28,19.28,19.28,11.39,-
9-Dec-11,19.46,19.46,19.46,19.46,11.49,-
12-Dec-11,19.25,19.25,19.25,19.25,11.37,-
13-Dec-11,19.14,19.14,19.14,19.14,11.3,-
14-Dec-11,19.02,19.02,19.02,19.02,11.23,-
15-Dec-11,19.06,19.06,19.06,19.06,11.26,-
16-Dec-11,19.11,19.11,19.11,19.11,11.29,-
19-Dec-11,18.98,18.98,18.98,18.98,11.21,-
20-Dec-11,19.29,19.29,19.29,19.29,11.39,-
21-Dec-11,19.29,19.29,19.29,19.29,11.39,-
22-Dec-11,19.39,19.39,19.39,19.39,11.45,-
23-Dec-11,19.46,19.46,19.46,19.46,11.49,-
27-Dec-11,19.47,19.47,19.47,19.47,11.5,-
28-Dec-11,19.33,19.33,19.33,19.33,11.42,-
29-Dec-11,19.17,19.17,19.17,19.17,11.5,-
30-Dec-11,19.16,19.16,19.16,19.16,11.49,-
3-Jan-12,19.37,19.37,19.37,19.37,11.62,-
4-Jan-12,19.34,19.34,19.34,19.34,11.6,-
5-Jan-12,19.33,19.33,19.33,19.33,11.6,-
6-Jan-12,19.3,19.3,19.3,19.3,11.58,-
9-Jan-12,19.33,19.33,19.33,19.33,11.6,-
10-Jan-12,19.46,19.46,19.46,19.46,11.67,-
11-Jan-12,19.48,19.48,19.48,19.48,11.69,-
12-Jan-12,19.52,19.52,19.52,19.52,11.71,-
13-Jan-12,19.46,19.46,19.46,19.46,11.67,-
17-Jan-12,19.54,19.54,19.54,19.54,11.72,-
18-Jan-12,19.69,19.69,19.69,19.69,11.81,-
19-Jan-12,19.76,19.76,19.76,19.76,11.85,-
20-Jan-12,19.76,19.76,19.76,19.76,11.85,-
23-Jan-12,19.78,19.78,19.78,19.78,11.87,-
24-Jan-12,19.76,19.76,19.76,19.76,11.85,-
25-Jan-12,19.9,19.9,19.9,19.9,11.94,-
26-Jan-12,19.88,19.88,19.88,19.88,11.93,-
27-Jan-12,19.91,19.91,19.91,19.91,11.94,-
30-Jan-12,19.86,19.86,19.86,19.86,11.91,-
31-Jan-12,19.89,19.89,19.89,19.89,11.93,-
1-Feb-12,20.03,20.03,20.03,20.03,12.02,-
2-Feb-12,20.06,20.06,20.06,20.06,12.03,-
3-Feb-12,20.22,20.22,20.22,20.22,12.13,-
6-Feb-12,20.21,20.21,20.21,20.21,12.12,-
7-Feb-12,20.22,20.22,20.22,20.22,12.13,-
8-Feb-12,20.25,20.25,20.25,20.25,12.15,-
9-Feb-12,20.26,20.26,20.26,20.26,12.15,-
10-Feb-12,20.15,20.15,20.15,20.15,12.09,-
13-Feb-12,20.26,20.26,20.26,20.26,12.15,-
14-Feb-12,20.23,20.23,20.23,20.23,12.14,-
15-Feb-12,20.2,20.2,20.2,20.2,12.12,-
16-Feb-12,20.33,20.33,20.33,20.33,12.2,-
17-Feb-12,20.34,20.34,20.34,20.34,12.2,-
21-Feb-12,20.34,20.34,20.34,20.34,12.2,-
22-Feb-12,20.33,20.33,20.33,20.33,12.2,-
23-Feb-12,20.4,20.4,20.4,20.4,12.24,-
24-Feb-12,20.44,20.44,20.44,20.44,12.26,-
27-Feb-12,20.44,20.44,20.44,20.44,12.26,-
28-Feb-12,20.5,20.5,20.5,20.5,12.3,-
29-Feb-12,20.42,20.42,20.42,20.42,12.25,-
1-Mar-12,20.49,20.49,20.49,20.49,12.29,-
2-Mar-12,20.44,20.44,20.44,20.44,12.26,-
5-Mar-12,20.37,20.37,20.37,20.37,12.22,-
6-Mar-12,20.14,20.14,20.14,20.14,12.08,-
7-Mar-12,20.23,20.23,20.23,20.23,12.14,-
8-Mar-12,20.38,20.38,20.38,20.38,12.23,-
9-Mar-12,20.41,20.41,20.41,20.41,12.24,-
12-Mar-12,20.39,20.39,20.39,20.39,12.23,-
13-Mar-12,20.58,20.58,20.58,20.58,12.35,-
14-Mar-12,20.48,20.48,20.48,20.48,12.29,-
15-Mar-12,20.57,20.57,20.57,20.57,12.34,-
16-Mar-12,20.6,20.6,20.6,20.6,12.36,-
19-Mar-12,20.62,20.62,20.62,20.62,12.37,-
20-Mar-12,20.56,20.56,20.56,20.56,12.33,-
21-Mar-12,20.55,20.55,20.55,20.55,12.33,-
22-Mar-12,20.45,20.45,20.45,20.45,12.27,-
23-Mar-12,20.53,20.53,20.53,20.53,12.32,-
26-Mar-12,20.7,20.7,20.7,20.7,12.42,-
27-Mar-12,20.67,20.67,20.67,20.67,12.4,-
28-Mar-12,20.59,20.59,20.59,20.59,12.35,-
29-Mar-12,20.57,20.57,20.57,20.57,12.34,-
30-Mar-12,20.6,20.6,20.6,20.6,12.36,-
2-Apr-12,20.72,20.72,20.72,20.72,12.43,-
3-Apr-12,20.61,20.61,20.61,20.61,12.36,-
4-Apr-12,20.45,20.45,20.45,20.45,12.27,-
5-Apr-12,20.46,20.46,20.46,20.46,12.27,-
9-Apr-12,20.38,20.38,20.38,20.38,12.23,-
10-Apr-12,20.17,20.17,20.17,20.17,12.1,-
11-Apr-12,20.26,20.26,20.26,20.26,12.15,-
12-Apr-12,20.44,20.44,20.44,20.44,12.26,-
13-Apr-12,20.3,20.3,20.3,20.3,12.18,-
16-Apr-12,20.31,20.31,20.31,20.31,12.18,-
17-Apr-12,20.48,20.48,20.48,20.48,12.29,-
18-Apr-12,20.43,20.43,20.43,20.43,12.26,-
19-Apr-12,20.38,20.38,20.38,20.38,12.23,-
20-Apr-12,20.42,20.42,20.42,20.42,12.25,-
23-Apr-12,20.29,20.29,20.29,20.29,12.17,-
24-Apr-12,20.33,20.33,20.33,20.33,12.2,-
25-Apr-12,20.5,20.5,20.5,20.5,12.3,-
26-Apr-12,20.58,20.58,20.58,20.58,12.35,-
27-Apr-12,20.62,20.62,20.62,20.62,12.37,-
30-Apr-12,20.58,20.58,20.58,20.58,12.35,-
1-May-12,20.62,20.62,20.62,20.62,12.37,-
2-May-12,20.6,20.6,20.6,20.6,12.36,-
3-May-12,20.5,20.5,20.5,20.5,12.3,-
4-May-12,20.32,20.32,20.32,20.32,12.19,-
7-May-12,20.34,20.34,20.34,20.34,12.2,-
8-May-12,20.25,20.25,20.25,20.25,12.15,-
9-May-12,20.16,20.16,20.16,20.16,12.09,-
10-May-12,20.19,20.19,20.19,20.19,12.11,-
11-May-12,20.16,20.16,20.16,20.16,12.09,-
14-May-12,20.01,20.01,20.01,20.01,12.0,-
15-May-12,19.91,19.91,19.91,19.91,11.94,-
16-May-12,19.84,19.84,19.84,19.84,11.9,-
17-May-12,19.68,19.68,19.68,19.68,11.81,-
18-May-12,19.57,19.57,19.57,19.57,11.74,-
21-May-12,19.76,19.76,19.76,19.76,11.85,-
22-May-12,19.75,19.75,19.75,19.75,11.85,-
23-May-12,19.73,19.73,19.73,19.73,11.84,-
24-May-12,19.73,19.73,19.73,19.73,11.84,-
25-May-12,19.72,19.72,19.72,19.72,11.83,-
29-May-12,19.86,19.86,19.86,19.86,11.91,-
30-May-12,19.69,19.69,19.69,19.69,11.81,-
31-May-12,19.7,19.7,19.7,19.7,11.82,-
1-Jun-12,19.44,19.44,19.44,19.44,11.66,-
4-Jun-12,19.42,19.42,19.42,19.42,11.65,-
5-Jun-12,19.49,19.49,19.49,19.49,11.69,-
6-Jun-12,19.75,19.75,19.75,19.75,11.85,-
7-Jun-12,19.75,19.75,19.75,19.75,11.85,-
8-Jun-12,19.8,19.8,19.8,19.8,11.88,-
11-Jun-12,19.67,19.67,19.67,19.67,11.8,-
12-Jun-12,19.8,19.8,19.8,19.8,11.88,-
13-Jun-12,19.73,19.73,19.73,19.73,11.84,-
14-Jun-12,19.84,19.84,19.84,19.84,11.9,-
15-Jun-12,19.99,19.99,19.99,19.99,11.99,-
18-Jun-12,20.02,20.02,20.02,20.02,12.01,-
19-Jun-12,20.15,20.15,20.15,20.15,12.09,-
20-Jun-12,20.15,20.15,20.15,20.15,12.09,-
21-Jun-12,19.87,19.87,19.87,19.87,11.92,-
22-Jun-12,19.93,19.93,19.93,19.93,11.96,-
25-Jun-12,19.75,19.75,19.75,19.75,11.85,-
26-Jun-12,19.8,19.8,19.8,19.8,11.88,-
27-Jun-12,19.92,19.92,19.92,19.92,11.95,-
28-Jun-12,19.73,19.73,19.73,19.73,11.94,-
29-Jun-12,20.06,20.06,20.06,20.06,12.14,-
2-Jul-12,20.13,20.13,20.13,20.13,12.18,-
3-Jul-12,20.23,20.23,20.23,20.23,12.24,-
5-Jul-12,20.17,20.17,20.17,20.17,12.2,-
6-Jul-12,20.06,20.06,20.06,20.06,12.14,-
9-Jul-12,20.04,20.04,20.04,20.04,12.12,-
10-Jul-12,19.95,19.95,19.95,19.95,12.07,-
11-Jul-12,19.95,19.95,19.95,19.95,12.07,-
12-Jul-12,19.88,19.88,19.88,19.88,12.03,-
13-Jul-12,20.07,20.07,20.07,20.07,12.14,-
16-Jul-12,20.05,20.05,20.05,20.05,12.13,-
17-Jul-12,20.13,20.13,20.13,20.13,12.18,-
18-Jul-12,20.2,20.2,20.2,20.2,12.22,-
19-Jul-12,20.26,20.26,20.26,20.26,12.26,-
20-Jul-12,20.12,20.12,20.12,20.12,12.17,-
23-Jul-12,19.97,19.97,19.97,19.97,12.08,-
24-Jul-12,19.87,19.87,19.87,19.87,12.02,-
25-Jul-12,19.89,19.89,19.89,19.89,12.03,-
26-Jul-12,20.1,20.1,20.1,20.1,12.16,-
27-Jul-12,20.31,20.31,20.31,20.31,12.29,-
30-Jul-12,20.33,20.33,20.33,20.33,12.3,-
31-Jul-12,20.28,20.28,20.28,20.28,12.27,-
1-Aug-12,20.23,20.23,20.23,20.23,12.24,-
2-Aug-12,20.14,20.14,20.14,20.14,12.18,-
3-Aug-12,20.38,20.38,20.38,20.38,12.33,-
6-Aug-12,20.43,20.43,20.43,20.43,12.36,-
7-Aug-12,20.48,20.48,20.48,20.48,12.39,-
8-Aug-12,20.48,20.48,20.48,20.48,12.39,-
9-Aug-12,20.51,20.51,20.51,20.51,12.41,-
10-Aug-12,20.54,20.54,20.54,20.54,12.43,-
13-Aug-12,20.51,20.51,20.51,20.51,12.41,-
14-Aug-12,20.49,20.49,20.49,20.49,12.4,-
15-Aug-12,20.48,20.48,20.48,20.48,12.39,-
16-Aug-12,20.58,20.58,20.58,20.58,12.45,-
17-Aug-12,20.61,20.61,20.61,20.61,12.47,-
20-Aug-12,20.6,20.6,20.6,20.6,12.46,-
21-Aug-12,20.6,20.6,20.6,20.6,12.46,-
22-Aug-12,20.64,20.64,20.64,20.64,12.49,-
23-Aug-12,20.55,20.55,20.55,20.55,12.43,-
24-Aug-12,20.6,20.6,20.6,20.6,12.46,-
27-Aug-12,20.6,20.6,20.6,20.6,12.46,-
28-Aug-12,20.6,20.6,20.6,20.6,12.46,-
29-Aug-12,20.6,20.6,20.6,20.6,12.46,-
30-Aug-12,20.49,20.49,20.49,20.49,12.4,-
31-Aug-12,20.6,20.6,20.6,20.6,12.46,-
4-Sep-12,20.58,20.58,20.58,20.58,12.45,-
5-Sep-12,20.56,20.56,20.56,20.56,12.44,-
6-Sep-12,20.79,20.79,20.79,20.79,12.58,-
7-Sep-12,20.88,20.88,20.88,20.88,12.63,-
10-Sep-12,20.82,20.82,20.82,20.82,12.6,-
11-Sep-12,20.87,20.87,20.87,20.87,12.63,-
12-Sep-12,20.9,20.9,20.9,20.9,12.64,-
13-Sep-12,21.11,21.11,21.11,21.11,12.77,-
14-Sep-12,21.18,21.18,21.18,21.18,12.81,-
17-Sep-12,21.13,21.13,21.13,21.13,12.78,-
18-Sep-12,21.11,21.11,21.11,21.11,12.77,-
19-Sep-12,21.14,21.14,21.14,21.14,12.79,-
20-Sep-12,21.1,21.1,21.1,21.1,12.77,-
21-Sep-12,21.12,21.12,21.12,21.12,12.78,-
24-Sep-12,21.1,21.1,21.1,21.1,12.77,-
25-Sep-12,20.99,20.99,20.99,20.99,12.7,-
26-Sep-12,20.92,20.92,20.92,20.92,12.66,-
27-Sep-12,21.05,21.05,21.05,21.05,12.74,-
28-Sep-12,20.96,20.96,20.96,20.96,12.68,-
1-Oct-12,21.02,21.02,21.02,21.02,12.72,-
2-Oct-12,21.03,21.03,21.03,21.03,12.72,-
3-Oct-12,21.05,21.05,21.05,21.05,12.74,-
4-Oct-12,21.14,21.14,21.14,21.14,12.79,-
5-Oct-12,21.12,21.12,21.12,21.12,12.78,-
8-Oct-12,21.07,21.07,21.07,21.07,12.75,-
9-Oct-12,20.94,20.94,20.94,20.94,12.67,-
10-Oct-12,20.88,20.88,20.88,20.88,12.63,-
11-Oct-12,20.92,20.92,20.92,20.92,12.66,-
12-Oct-12,20.89,20.89,20.89,20.89,12.64,-
15-Oct-12,20.99,20.99,20.99,20.99,12.7,-
16-Oct-12,21.12,21.12,21.12,21.12,12.78,-
17-Oct-12,21.17,21.17,21.17,21.17,12.81,-
18-Oct-12,21.13,21.13,21.13,21.13,12.78,-
19-Oct-12,20.96,20.96,20.96,20.96,12.68,-
22-Oct-12,20.97,20.97,20.97,20.97,12.69,-
23-Oct-12,20.8,20.8,20.8,20.8,12.58,-
24-Oct-12,20.77,20.77,20.77,20.77,12.57,-
25-Oct-12,20.8,20.8,20.8,20.8,12.58,-
26-Oct-12,20.8,20.8,20.8,20.8,12.58,-
31-Oct-12,20.84,20.84,20.84,20.84,12.61,-
1-Nov-12,20.97,20.97,20.97,20.97,12.69,-
2-Nov-12,20.85,20.85,20.85,20.85,12.61,-
5-Nov-12,20.89,20.89,20.89,20.89,12.64,-
6-Nov-12,20.97,20.97,20.97,20.97,12.69,-
7-Nov-12,20.73,20.73,20.73,20.73,12.54,-
8-Nov-12,20.61,20.61,20.61,20.61,12.47,-
9-Nov-12,20.62,20.62,20.62,20.62,12.48,-
12-Nov-12,20.62,20.62,20.62,20.62,12.48,-
13-Nov-12,20.58,20.58,20.58,20.58,12.45,-
14-Nov-12,20.41,20.41,20.41,20.41,12.35,-
15-Nov-12,20.4,20.4,20.4,20.4,12.34,-
16-Nov-12,20.45,20.45,20.45,20.45,12.37,-
19-Nov-12,20.68,20.68,20.68,20.68,12.51,-
20-Nov-12,20.67,20.67,20.67,20.67,12.51,-
21-Nov-12,20.69,20.69,20.69,20.69,12.52,-
23-Nov-12,20.87,20.87,20.87,20.87,12.63,-
26-Nov-12,20.86,20.86,20.86,20.86,12.62,-
27-Nov-12,20.81,20.81,20.81,20.81,12.59,-
28-Nov-12,20.91,20.91,20.91,20.91,12.65,-
29-Nov-12,20.98,20.98,20.98,20.98,12.69,-
30-Nov-12,20.99,20.99,20.99,20.99,12.7,-
3-Dec-12,20.95,20.95,20.95,20.95,12.67,-
4-Dec-12,20.96,20.96,20.96,20.96,12.68,-
5-Dec-12,21,21.0,21.0,21.0,12.71,-
6-Dec-12,21.04,21.04,21.04,21.04,12.73,-
7-Dec-12,21.05,21.05,21.05,21.05,12.74,-
10-Dec-12,21.07,21.07,21.07,21.07,12.75,-
11-Dec-12,21.14,21.14,21.14,21.14,12.79,-
12-Dec-12,21.14,21.14,21.14,21.14,12.79,-
13-Dec-12,21.07,21.07,21.07,21.07,12.75,-
14-Dec-12,21.07,21.07,21.07,21.07,12.75,-
17-Dec-12,21.17,21.17,21.17,21.17,12.81,-
18-Dec-12,21.28,21.28,21.28,21.28,12.87,-
19-Dec-12,21.25,21.25,21.25,21.25,12.86,-
20-Dec-12,21.33,21.33,21.33,21.33,12.9,-
21-Dec-12,21.22,21.22,21.22,21.22,12.84,-
24-Dec-12,21.19,21.19,21.19,21.19,12.82,-
26-Dec-12,21.16,21.16,21.16,21.16,12.8,-
27-Dec-12,21.17,21.17,21.17,21.17,12.81,-
28-Dec-12,20.39,20.39,20.39,20.39,12.74,-
31-Dec-12,20.55,20.55,20.55,20.55,12.84,-
2-Jan-13,20.84,20.84,20.84,20.84,13.03,-
3-Jan-13,20.78,20.78,20.78,20.78,12.99,-
4-Jan-13,20.85,20.85,20.85,20.85,13.03,-
7-Jan-13,20.82,20.82,20.82,20.82,13.01,-
8-Jan-13,20.78,20.78,20.78,20.78,12.99,-
9-Jan-13,20.82,20.82,20.82,20.82,13.01,-
10-Jan-13,20.91,20.91,20.91,20.91,13.07,-
11-Jan-13,20.93,20.93,20.93,20.93,13.08,-
14-Jan-13,20.93,20.93,20.93,20.93,13.08,-
15-Jan-13,20.94,20.94,20.94,20.94,13.09,-
16-Jan-13,20.93,20.93,20.93,20.93,13.08,-
17-Jan-13,20.99,20.99,20.99,20.99,13.12,-
18-Jan-13,21.03,21.03,21.03,21.03,13.14,-
22-Jan-13,21.08,21.08,21.08,21.08,13.18,-
23-Jan-13,21.08,21.08,21.08,21.08,13.18,-
24-Jan-13,21.09,21.09,21.09,21.09,13.18,-
25-Jan-13,21.13,21.13,21.13,21.13,13.21,-
28-Jan-13,21.09,21.09,21.09,21.09,13.18,-
29-Jan-13,21.15,21.15,21.15,21.15,13.22,-
30-Jan-13,21.11,21.11,21.11,21.11,13.19,-
31-Jan-13,21.1,21.1,21.1,21.1,13.19,-
1-Feb-13,21.2,21.2,21.2,21.2,13.25,-
4-Feb-13,21.07,21.07,21.07,21.07,13.17,-
5-Feb-13,21.17,21.17,21.17,21.17,13.23,-
6-Feb-13,21.18,21.18,21.18,21.18,13.24,-
7-Feb-13,21.14,21.14,21.14,21.14,13.21,-
8-Feb-13,21.21,21.21,21.21,21.21,13.26,-
11-Feb-13,21.2,21.2,21.2,21.2,13.25,-
12-Feb-13,21.23,21.23,21.23,21.23,13.27,-
13-Feb-13,21.23,21.23,21.23,21.23,13.27,-
14-Feb-13,21.25,21.25,21.25,21.25,13.28,-
15-Feb-13,21.23,21.23,21.23,21.23,13.27,-
19-Feb-13,21.32,21.32,21.32,21.32,13.33,-
20-Feb-13,21.17,21.17,21.17,21.17,13.23,-
21-Feb-13,21.06,21.06,21.06,21.06,13.16,-
22-Feb-13,21.19,21.19,21.19,21.19,13.24,-
25-Feb-13,21,21.0,21.0,21.0,13.13,-
26-Feb-13,21.06,21.06,21.06,21.06,13.16,-
27-Feb-13,21.22,21.22,21.22,21.22,13.26,-
28-Feb-13,21.21,21.21,21.21,21.21,13.26,-
1-Mar-13,21.24,21.24,21.24,21.24,13.28,-
4-Mar-13,21.27,21.27,21.27,21.27,13.29,-
5-Mar-13,21.39,21.39,21.39,21.39,13.37,-
6-Mar-13,21.4,21.4,21.4,21.4,13.38,-
7-Mar-13,21.42,21.42,21.42,21.42,13.39,-
8-Mar-13,21.45,21.45,21.45,21.45,13.41,-
11-Mar-13,21.49,21.49,21.49,21.49,13.43,-
12-Mar-13,21.47,21.47,21.47,21.47,13.42,-
13-Mar-13,21.46,21.46,21.46,21.46,13.41,-
14-Mar-13,21.55,21.55,21.55,21.55,13.47,-
15-Mar-13,21.55,21.55,21.55,21.55,13.47,-
18-Mar-13,21.47,21.47,21.47,21.47,13.42,-
19-Mar-13,21.45,21.45,21.45,21.45,13.41,-
20-Mar-13,21.51,21.51,21.51,21.51,13.44,-
21-Mar-13,21.43,21.43,21.43,21.43,13.39,-
22-Mar-13,21.5,21.5,21.5,21.5,13.44,-
25-Mar-13,21.45,21.45,21.45,21.45,13.41,-
26-Mar-13,21.54,21.54,21.54,21.54,13.46,-
27-Mar-13,21.55,21.55,21.55,21.55,13.47,-
28-Mar-13,21.6,21.6,21.6,21.6,13.5,-
1-Apr-13,21.53,21.53,21.53,21.53,13.46,-
2-Apr-13,21.57,21.57,21.57,21.57,13.48,-
3-Apr-13,21.46,21.46,21.46,21.46,13.41,-
4-Apr-13,21.54,21.54,21.54,21.54,13.46,-
5-Apr-13,21.5,21.5,21.5,21.5,13.44,-
8-Apr-13,21.56,21.56,21.56,21.56,13.48,-
9-Apr-13,21.6,21.6,21.6,21.6,13.5,-
10-Apr-13,21.76,21.76,21.76,21.76,13.6,-
11-Apr-13,21.81,21.81,21.81,21.81,13.63,-
12-Apr-13,21.79,21.79,21.79,21.79,13.62,-
15-Apr-13,21.49,21.49,21.49,21.49,13.43,-
16-Apr-13,21.66,21.66,21.66,21.66,13.54,-
17-Apr-13,21.46,21.46,21.46,21.46,13.41,-
18-Apr-13,21.41,21.41,21.41,21.41,13.38,-
19-Apr-13,21.52,21.52,21.52,21.52,13.45,-
22-Apr-13,21.57,21.57,21.57,21.57,13.48,-
23-Apr-13,21.71,21.71,21.71,21.71,13.57,-
24-Apr-13,21.75,21.75,21.75,21.75,13.59,-
25-Apr-13,21.82,21.82,21.82,21.82,13.64,-
26-Apr-13,21.81,21.81,21.81,21.81,13.63,-
29-Apr-13,21.91,21.91,21.91,21.91,13.69,-
30-Apr-13,21.97,21.97,21.97,21.97,13.73,-
1-May-13,21.86,21.86,21.86,21.86,13.66,-
2-May-13,21.96,21.96,21.96,21.96,13.73,-
3-May-13,22.06,22.06,22.06,22.06,13.79,-
6-May-13,22.08,22.08,22.08,22.08,13.8,-
7-May-13,22.14,22.14,22.14,22.14,13.84,-
8-May-13,22.22,22.22,22.22,22.22,13.89,-
9-May-13,22.15,22.15,22.15,22.15,13.84,-
10-May-13,22.18,22.18,22.18,22.18,13.86,-
13-May-13,22.16,22.16,22.16,22.16,13.85,-
14-May-13,22.25,22.25,22.25,22.25,13.91,-
15-May-13,22.32,22.32,22.32,22.32,13.95,-
16-May-13,22.27,22.27,22.27,22.27,13.92,-
17-May-13,22.36,22.36,22.36,22.36,13.98,-
20-May-13,22.38,22.38,22.38,22.38,13.99,-
21-May-13,22.41,22.41,22.41,22.41,14.01,-
22-May-13,22.25,22.25,22.25,22.25,13.91,-
23-May-13,22.17,22.17,22.17,22.17,13.86,-
24-May-13,22.14,22.14,22.14,22.14,13.84,-
28-May-13,22.16,22.16,22.16,22.16,13.85,-
29-May-13,22.07,22.07,22.07,22.07,13.79,-
30-May-13,22.13,22.13,22.13,22.13,13.83,-
31-May-13,21.91,21.91,21.91,21.91,13.69,-
3-Jun-13,21.99,21.99,21.99,21.99,13.74,-
4-Jun-13,21.92,21.92,21.92,21.92,13.7,-
5-Jun-13,21.74,21.74,21.74,21.74,13.59,-
6-Jun-13,21.83,21.83,21.83,21.83,13.64,-
7-Jun-13,21.94,21.94,21.94,21.94,13.71,-
10-Jun-13,21.93,21.93,21.93,21.93,13.71,-
11-Jun-13,21.79,21.79,21.79,21.79,13.62,-
12-Jun-13,21.67,21.67,21.67,21.67,13.54,-
13-Jun-13,21.89,21.89,21.89,21.89,13.68,-
14-Jun-13,21.82,21.82,21.82,21.82,13.64,-
17-Jun-13,21.93,21.93,21.93,21.93,13.71,-
18-Jun-13,22.01,22.01,22.01,22.01,13.76,-
19-Jun-13,21.77,21.77,21.77,21.77,13.61,-
20-Jun-13,21.37,21.37,21.37,21.37,13.36,-
21-Jun-13,21.34,21.34,21.34,21.34,13.34,-
24-Jun-13,21.14,21.14,21.14,21.14,13.21,-
25-Jun-13,21.25,21.25,21.25,21.25,13.28,-
26-Jun-13,21.39,21.39,21.39,21.39,13.37,-
27-Jun-13,21.33,21.33,21.33,21.33,13.46,-
28-Jun-13,21.31,21.31,21.31,21.31,13.45,-
1-Jul-13,21.41,21.41,21.41,21.41,13.52,-
2-Jul-13,21.39,21.39,21.39,21.39,13.5,-
3-Jul-13,21.37,21.37,21.37,21.37,13.49,-
5-Jul-13,21.4,21.4,21.4,21.4,13.51,-
8-Jul-13,21.49,21.49,21.49,21.49,13.57,-
9-Jul-13,21.59,21.59,21.59,21.59,13.63,-
10-Jul-13,21.6,21.6,21.6,21.6,13.64,-
11-Jul-13,21.86,21.86,21.86,21.86,13.8,-
12-Jul-13,21.88,21.88,21.88,21.88,13.81,-
15-Jul-13,21.93,21.93,21.93,21.93,13.84,-
16-Jul-13,21.9,21.9,21.9,21.9,13.82,-
17-Jul-13,21.96,21.96,21.96,21.96,13.86,-
18-Jul-13,22.02,22.02,22.02,22.02,13.9,-
19-Jul-13,22.05,22.05,22.05,22.05,13.92,-
22-Jul-13,22.1,22.1,22.1,22.1,13.95,-
23-Jul-13,22.1,22.1,22.1,22.1,13.95,-
24-Jul-13,22.01,22.01,22.01,22.01,13.89,-
25-Jul-13,22.06,22.06,22.06,22.06,13.93,-
26-Jul-13,22.05,22.05,22.05,22.05,13.92,-
29-Jul-13,21.97,21.97,21.97,21.97,13.87,-
30-Jul-13,21.98,21.98,21.98,21.98,13.87,-
31-Jul-13,21.99,21.99,21.99,21.99,13.88,-
1-Aug-13,22.11,22.11,22.11,22.11,13.96,-
2-Aug-13,22.19,22.19,22.19,22.19,14.01,-
5-Aug-13,22.17,22.17,22.17,22.17,13.99,-
6-Aug-13,22.1,22.1,22.1,22.1,13.95,-
7-Aug-13,22.04,22.04,22.04,22.04,13.91,-
8-Aug-13,22.13,22.13,22.13,22.13,13.97,-
9-Aug-13,22.11,22.11,22.11,22.11,13.96,-
12-Aug-13,22.1,22.1,22.1,22.1,13.95,-
13-Aug-13,22.11,22.11,22.11,22.11,13.96,-
14-Aug-13,22.06,22.06,22.06,22.06,13.93,-
15-Aug-13,21.88,21.88,21.88,21.88,13.81,-
16-Aug-13,21.84,21.84,21.84,21.84,13.79,-
19-Aug-13,21.72,21.72,21.72,21.72,13.71,-
20-Aug-13,21.78,21.78,21.78,21.78,13.75,-
21-Aug-13,21.66,21.66,21.66,21.66,13.67,-
22-Aug-13,21.78,21.78,21.78,21.78,13.75,-
23-Aug-13,21.86,21.86,21.86,21.86,13.8,-
26-Aug-13,21.82,21.82,21.82,21.82,13.77,-
27-Aug-13,21.63,21.63,21.63,21.63,13.65,-
28-Aug-13,21.63,21.63,21.63,21.63,13.65,-
29-Aug-13,21.68,21.68,21.68,21.68,13.69,-
30-Aug-13,21.61,21.61,21.61,21.61,13.64,-
3-Sep-13,21.69,21.69,21.69,21.69,13.69,-
4-Sep-13,21.77,21.77,21.77,21.77,13.74,-
5-Sep-13,21.75,21.75,21.75,21.75,13.73,-
6-Sep-13,21.81,21.81,21.81,21.81,13.77,-
9-Sep-13,21.97,21.97,21.97,21.97,13.87,-
10-Sep-13,22.07,22.07,22.07,22.07,13.93,-
11-Sep-13,22.13,22.13,22.13,22.13,13.97,-
12-Sep-13,22.08,22.08,22.08,22.08,13.94,-
13-Sep-13,22.12,22.12,22.12,22.12,13.96,-
16-Sep-13,22.22,22.22,22.22,22.22,14.03,-
17-Sep-13,22.29,22.29,22.29,22.29,14.07,-
18-Sep-13,22.53,22.53,22.53,22.53,14.22,-
19-Sep-13,22.5,22.5,22.5,22.5,14.2,-
20-Sep-13,22.41,22.41,22.41,22.41,14.15,-
23-Sep-13,22.38,22.38,22.38,22.38,14.13,-
24-Sep-13,22.38,22.38,22.38,22.38,14.13,-
25-Sep-13,22.38,22.38,22.38,22.38,14.13,-
26-Sep-13,22.42,22.42,22.42,22.42,14.15,-
27-Sep-13,22.38,22.38,22.38,22.38,14.13,-
30-Sep-13,22.3,22.3,22.3,22.3,14.08,-
1-Oct-13,22.41,22.41,22.41,22.41,14.15,-
2-Oct-13,22.4,22.4,22.4,22.4,14.14,-
3-Oct-13,22.31,22.31,22.31,22.31,14.08,-
4-Oct-13,22.37,22.37,22.37,22.37,14.12,-
7-Oct-13,22.26,22.26,22.26,22.26,14.05,-
8-Oct-13,22.11,22.11,22.11,22.11,13.96,-
9-Oct-13,22.11,22.11,22.11,22.11,13.96,-
10-Oct-13,22.38,22.38,22.38,22.38,14.13,-
11-Oct-13,22.47,22.47,22.47,22.47,14.18,-
14-Oct-13,22.51,22.51,22.51,22.51,14.21,-
15-Oct-13,22.43,22.43,22.43,22.43,14.16,-
16-Oct-13,22.62,22.62,22.62,22.62,14.28,-
17-Oct-13,22.75,22.75,22.75,22.75,14.36,-
18-Oct-13,22.85,22.85,22.85,22.85,14.42,-
21-Oct-13,22.85,22.85,22.85,22.85,14.42,-
22-Oct-13,22.97,22.97,22.97,22.97,14.5,-
23-Oct-13,22.88,22.88,22.88,22.88,14.44,-
24-Oct-13,22.93,22.93,22.93,22.93,14.47,-
25-Oct-13,22.97,22.97,22.97,22.97,14.5,-
28-Oct-13,22.96,22.96,22.96,22.96,14.49,-
29-Oct-13,23.03,23.03,23.03,23.03,14.54,-
30-Oct-13,22.96,22.96,22.96,22.96,14.49,-
31-Oct-13,22.9,22.9,22.9,22.9,14.46,-
1-Nov-13,22.89,22.89,22.89,22.89,14.45,-
4-Nov-13,22.94,22.94,22.94,22.94,14.48,-
5-Nov-13,22.87,22.87,22.87,22.87,14.44,-
6-Nov-13,22.93,22.93,22.93,22.93,14.47,-
7-Nov-13,22.75,22.75,22.75,22.75,14.36,-
8-Nov-13,22.85,22.85,22.85,22.85,14.42,-
11-Nov-13,22.86,22.86,22.86,22.86,14.43,-
12-Nov-13,22.82,22.82,22.82,22.82,14.41,-
13-Nov-13,22.93,22.93,22.93,22.93,14.47,-
14-Nov-13,23.01,23.01,23.01,23.01,14.53,-
15-Nov-13,23.1,23.1,23.1,23.1,14.58,-
18-Nov-13,23.08,23.08,23.08,23.08,14.57,-
19-Nov-13,23.03,23.03,23.03,23.03,14.54,-
20-Nov-13,22.95,22.95,22.95,22.95,14.49,-
21-Nov-13,23.04,23.04,23.04,23.04,14.54,-
22-Nov-13,23.12,23.12,23.12,23.12,14.59,-
25-Nov-13,23.1,23.1,23.1,23.1,14.58,-
26-Nov-13,23.12,23.12,23.12,23.12,14.59,-
27-Nov-13,23.15,23.15,23.15,23.15,14.61,-
29-Nov-13,23.16,23.16,23.16,23.16,14.62,-
2-Dec-13,23.08,23.08,23.08,23.08,14.57,-
3-Dec-13,23.02,23.02,23.02,23.02,14.53,-
4-Dec-13,22.97,22.97,22.97,22.97,14.5,-
5-Dec-13,22.91,22.91,22.91,22.91,14.46,-
6-Dec-13,23.06,23.06,23.06,23.06,14.56,-
9-Dec-13,23.1,23.1,23.1,23.1,14.58,-
10-Dec-13,23.07,23.07,23.07,23.07,14.56,-
11-Dec-13,22.9,22.9,22.9,22.9,14.46,-
12-Dec-13,22.84,22.84,22.84,22.84,14.42,-
13-Dec-13,22.84,22.84,22.84,22.84,14.42,-
16-Dec-13,22.94,22.94,22.94,22.94,14.48,-
17-Dec-13,22.91,22.91,22.91,22.91,14.46,-
18-Dec-13,23.1,23.1,23.1,23.1,14.58,-
19-Dec-13,23.07,23.07,23.07,23.07,14.56,-
20-Dec-13,23.17,23.17,23.17,23.17,14.63,-
23-Dec-13,23.25,23.25,23.25,23.25,14.68,-
24-Dec-13,23.26,23.26,23.26,23.26,14.68,-
26-Dec-13,23.01,23.01,23.01,23.01,14.71,-
27-Dec-13,23.04,23.04,23.04,23.04,14.73,-
30-Dec-13,23.07,23.07,23.07,23.07,14.75,-
31-Dec-13,23.11,23.11,23.11,23.11,14.78,-
2-Jan-14,22.98,22.98,22.98,22.98,14.7,-
3-Jan-14,22.98,22.98,22.98,22.98,14.7,-
6-Jan-14,22.95,22.95,22.95,22.95,14.68,-
7-Jan-14,23.04,23.04,23.04,23.04,14.73,-
8-Jan-14,23.03,23.03,23.03,23.03,14.73,-
9-Jan-14,23.04,23.04,23.04,23.04,14.73,-
10-Jan-14,23.14,23.14,23.14,23.14,14.8,-
13-Jan-14,23.01,23.01,23.01,23.01,14.71,-
14-Jan-14,23.12,23.12,23.12,23.12,14.78,-
15-Jan-14,23.19,23.19,23.19,23.19,14.83,-
16-Jan-14,23.19,23.19,23.19,23.19,14.83,-
17-Jan-14,23.14,23.14,23.14,23.14,14.8,-
21-Jan-14,23.19,23.19,23.19,23.19,14.83,-
22-Jan-14,23.2,23.2,23.2,23.2,14.84,-
23-Jan-14,23.11,23.11,23.11,23.11,14.78,-
24-Jan-14,22.82,22.82,22.82,22.82,14.59,-
27-Jan-14,22.72,22.72,22.72,22.72,14.53,-
28-Jan-14,22.82,22.82,22.82,22.82,14.59,-
29-Jan-14,22.71,22.71,22.71,22.71,14.52,-
30-Jan-14,22.84,22.84,22.84,22.84,14.61,-
31-Jan-14,22.75,22.75,22.75,22.75,14.55,-
3-Feb-14,22.48,22.48,22.48,22.48,14.38,-
4-Feb-14,22.56,22.56,22.56,22.56,14.43,-
5-Feb-14,22.53,22.53,22.53,22.53,14.41,-
6-Feb-14,22.7,22.7,22.7,22.7,14.52,-
7-Feb-14,22.89,22.89,22.89,22.89,14.64,-
10-Feb-14,22.9,22.9,22.9,22.9,14.64,-
11-Feb-14,23.04,23.04,23.04,23.04,14.73,-
12-Feb-14,23.05,23.05,23.05,23.05,14.74,-
13-Feb-14,23.14,23.14,23.14,23.14,14.8,-
14-Feb-14,23.21,23.21,23.21,23.21,14.84,-
18-Feb-14,23.27,23.27,23.27,23.27,14.88,-
19-Feb-14,23.18,23.18,23.18,23.18,14.82,-
20-Feb-14,23.25,23.25,23.25,23.25,14.87,-
21-Feb-14,23.25,23.25,23.25,23.25,14.87,-
24-Feb-14,23.34,23.34,23.34,23.34,14.93,-
25-Feb-14,23.35,23.35,23.35,23.35,14.93,-
26-Feb-14,23.36,23.36,23.36,23.36,14.94,-
27-Feb-14,23.44,23.44,23.44,23.44,14.99,-
28-Feb-14,23.46,23.46,23.46,23.46,15.0,-
3-Mar-14,23.33,23.33,23.33,23.33,14.92,-
4-Mar-14,23.53,23.53,23.53,23.53,15.05,-
5-Mar-14,23.54,23.54,23.54,23.54,15.05,-
6-Mar-14,23.57,23.57,23.57,23.57,15.07,-
7-Mar-14,23.53,23.53,23.53,23.53,15.05,-
10-Mar-14,23.5,23.5,23.5,23.5,15.03,-
11-Mar-14,23.43,23.43,23.43,23.43,14.98,-
12-Mar-14,23.43,23.43,23.43,23.43,14.98,-
13-Mar-14,23.29,23.29,23.29,23.29,14.89,-
14-Mar-14,23.25,23.25,23.25,23.25,14.87,-
17-Mar-14,23.37,23.37,23.37,23.37,14.94,-
18-Mar-14,23.49,23.49,23.49,23.49,15.02,-
19-Mar-14,23.34,23.34,23.34,23.34,14.93,-
20-Mar-14,23.38,23.38,23.38,23.38,14.95,-
21-Mar-14,23.36,23.36,23.36,23.36,14.94,-
24-Mar-14,23.31,23.31,23.31,23.31,14.91,-
25-Mar-14,23.39,23.39,23.39,23.39,14.96,-
26-Mar-14,23.32,23.32,23.32,23.32,14.91,-
27-Mar-14,23.34,23.34,23.34,23.34,14.93,-
28-Mar-14,23.4,23.4,23.4,23.4,14.96,-
31-Mar-14,23.53,23.53,23.53,23.53,15.05,-
1-Apr-14,23.62,23.62,23.62,23.62,15.1,-
2-Apr-14,23.64,23.64,23.64,23.64,15.12,-
3-Apr-14,23.61,23.61,23.61,23.61,15.1,-
4-Apr-14,23.49,23.49,23.49,23.49,15.02,-
7-Apr-14,23.37,23.37,23.37,23.37,14.94,-
8-Apr-14,23.44,23.44,23.44,23.44,14.99,-
9-Apr-14,23.6,23.6,23.6,23.6,15.09,-
10-Apr-14,23.35,23.35,23.35,23.35,14.93,-
11-Apr-14,23.23,23.23,23.23,23.23,14.85,-
14-Apr-14,23.31,23.31,23.31,23.31,14.91,-
15-Apr-14,23.35,23.35,23.35,23.35,14.93,-
16-Apr-14,23.5,23.5,23.5,23.5,15.03,-
17-Apr-14,23.51,23.51,23.51,23.51,15.03,-
21-Apr-14,23.55,23.55,23.55,23.55,15.06,-
22-Apr-14,23.63,23.63,23.63,23.63,15.11,-
23-Apr-14,23.6,23.6,23.6,23.6,15.09,-
24-Apr-14,23.61,23.61,23.61,23.61,15.1,-
25-Apr-14,23.5,23.5,23.5,23.5,15.03,-
28-Apr-14,23.52,23.52,23.52,23.52,15.04,-
29-Apr-14,23.6,23.6,23.6,23.6,15.09,-
30-Apr-14,23.66,23.66,23.66,23.66,15.13,-
1-May-14,23.69,23.69,23.69,23.69,15.15,-
2-May-14,23.69,23.69,23.69,23.69,15.15,-
5-May-14,23.7,23.7,23.7,23.7,15.16,-
6-May-14,23.61,23.61,23.61,23.61,15.1,-
7-May-14,23.67,23.67,23.67,23.67,15.14,-
8-May-14,23.65,23.65,23.65,23.65,15.12,-
9-May-14,23.66,23.66,23.66,23.66,15.13,-
12-May-14,23.79,23.79,23.79,23.79,15.21,-
13-May-14,23.81,23.81,23.81,23.81,15.23,-
14-May-14,23.79,23.79,23.79,23.79,15.21,-
15-May-14,23.68,23.68,23.68,23.68,15.14,-
16-May-14,23.72,23.72,23.72,23.72,15.17,-
19-May-14,23.76,23.76,23.76,23.76,15.19,-
20-May-14,23.67,23.67,23.67,23.67,15.14,-
21-May-14,23.77,23.77,23.77,23.77,15.2,-
22-May-14,23.81,23.81,23.81,23.81,15.23,-
23-May-14,23.89,23.89,23.89,23.89,15.28,-
27-May-14,23.98,23.98,23.98,23.98,15.33,-
28-May-14,23.99,23.99,23.99,23.99,15.34,-
29-May-14,24.06,24.06,24.06,24.06,15.39,-
30-May-14,24.05,24.05,24.05,24.05,15.38,-
2-Jun-14,24.05,24.05,24.05,24.05,15.38,-
3-Jun-14,24.02,24.02,24.02,24.02,15.36,-
4-Jun-14,24.05,24.05,24.05,24.05,15.38,-
5-Jun-14,24.16,24.16,24.16,24.16,15.45,-
6-Jun-14,24.24,24.24,24.24,24.24,15.5,-
9-Jun-14,24.25,24.25,24.25,24.25,15.51,-
10-Jun-14,24.24,24.24,24.24,24.24,15.5,-
11-Jun-14,24.19,24.19,24.19,24.19,15.47,-
12-Jun-14,24.14,24.14,24.14,24.14,15.44,-
13-Jun-14,24.17,24.17,24.17,24.17,15.46,-
16-Jun-14,24.18,24.18,24.18,24.18,15.46,-
17-Jun-14,24.19,24.19,24.19,24.19,15.47,-
18-Jun-14,24.32,24.32,24.32,24.32,15.55,-
19-Jun-14,24.33,24.33,24.33,24.33,15.56,-
20-Jun-14,24.36,24.36,24.36,24.36,15.58,-
23-Jun-14,24.1,24.1,24.1,24.1,15.57,-
24-Jun-14,24.03,24.03,24.03,24.03,15.52,-
25-Jun-14,24.09,24.09,24.09,24.09,15.56,-
26-Jun-14,24.11,24.11,24.11,24.11,15.57,-
27-Jun-14,24.13,24.13,24.13,24.13,15.59,-
30-Jun-14,24.15,24.15,24.15,24.15,15.6,-
1-Jul-14,24.24,24.24,24.24,24.24,15.66,-
2-Jul-14,24.22,24.22,24.22,24.22,15.65,-
3-Jul-14,24.29,24.29,24.29,24.29,15.69,-
7-Jul-14,24.21,24.21,24.21,24.21,15.64,-
8-Jul-14,24.13,24.13,24.13,24.13,15.59,-
9-Jul-14,24.18,24.18,24.18,24.18,15.62,-
10-Jul-14,24.1,24.1,24.1,24.1,15.57,-
11-Jul-14,24.12,24.12,24.12,24.12,15.58,-
14-Jul-14,24.19,24.19,24.19,24.19,15.63,-
15-Jul-14,24.14,24.14,24.14,24.14,15.59,-
16-Jul-14,24.21,24.21,24.21,24.21,15.64,-
17-Jul-14,24.07,24.07,24.07,24.07,15.55,-
18-Jul-14,24.2,24.2,24.2,24.2,15.63,-
21-Jul-14,24.17,24.17,24.17,24.17,15.61,-
22-Jul-14,24.26,24.26,24.26,24.26,15.67,-
23-Jul-14,24.29,24.29,24.29,24.29,15.69,-
24-Jul-14,24.28,24.28,24.28,24.28,15.68,-
25-Jul-14,24.23,24.23,24.23,24.23,15.65,-
28-Jul-14,24.22,24.22,24.22,24.22,15.65,-
29-Jul-14,24.18,24.18,24.18,24.18,15.62,-
30-Jul-14,24.15,24.15,24.15,24.15,15.6,-
31-Jul-14,23.88,23.88,23.88,23.88,15.43,-
1-Aug-14,23.86,23.86,23.86,23.86,15.41,-
4-Aug-14,23.95,23.95,23.95,23.95,15.47,-
5-Aug-14,23.82,23.82,23.82,23.82,15.39,-
6-Aug-14,23.81,23.81,23.81,23.81,15.38,-
7-Aug-14,23.75,23.75,23.75,23.75,15.34,-
8-Aug-14,23.87,23.87,23.87,23.87,15.42,-
11-Aug-14,23.93,23.93,23.93,23.93,15.46,-
12-Aug-14,23.9,23.9,23.9,23.9,15.44,-
13-Aug-14,24.01,24.01,24.01,24.01,15.51,-
14-Aug-14,24.09,24.09,24.09,24.09,15.56,-
15-Aug-14,24.11,24.11,24.11,24.11,15.57,-
18-Aug-14,24.21,24.21,24.21,24.21,15.64,-
19-Aug-14,24.27,24.27,24.27,24.27,15.68,-
20-Aug-14,24.27,24.27,24.27,24.27,15.68,-
21-Aug-14,24.33,24.33,24.33,24.33,15.72,-
22-Aug-14,24.3,24.3,24.3,24.3,15.7,-
25-Aug-14,24.38,24.38,24.38,24.38,15.75,-
26-Aug-14,24.41,24.41,24.41,24.41,15.77,-
27-Aug-14,24.44,24.44,24.44,24.44,15.79,-
28-Aug-14,24.41,24.41,24.41,24.41,15.77,-
29-Aug-14,24.45,24.45,24.45,24.45,15.79,-
2-Sep-14,24.43,24.43,24.43,24.43,15.78,-
3-Sep-14,24.45,24.45,24.45,24.45,15.79,-
4-Sep-14,24.39,24.39,24.39,24.39,15.76,-
5-Sep-14,24.45,24.45,24.45,24.45,15.79,-
8-Sep-14,24.38,24.38,24.38,24.38,15.75,-
9-Sep-14,24.28,24.28,24.28,24.28,15.68,-
10-Sep-14,24.3,24.3,24.3,24.3,15.7,-
11-Sep-14,24.29,24.29,24.29,24.29,15.69,-
12-Sep-14,24.19,24.19,24.19,24.19,15.63,-
15-Sep-14,24.17,24.17,24.17,24.17,15.61,-
16-Sep-14,24.25,24.25,24.25,24.25,15.66,-
17-Sep-14,24.23,24.23,24.23,24.23,15.65,-
18-Sep-14,24.31,24.31,24.31,24.31,15.7,-
19-Sep-14,24.29,24.29,24.29,24.29,15.69,-
22-Sep-14,24.17,24.17,24.17,24.17,15.61,-
23-Sep-14,24.09,24.09,24.09,24.09,15.56,-
24-Sep-14,24.18,24.18,24.18,24.18,15.62,-
25-Sep-14,23.97,23.97,23.97,23.97,15.48,-
26-Sep-14,24.07,24.07,24.07,24.07,15.55,-
29-Sep-14,24.02,24.02,24.02,24.02,15.52,-
30-Sep-14,23.95,23.95,23.95,23.95,15.47,-
1-Oct-14,23.81,23.81,23.81,23.81,15.38,-
2-Oct-14,23.78,23.78,23.78,23.78,15.36,-
3-Oct-14,23.9,23.9,23.9,23.9,15.44,-
6-Oct-14,23.91,23.91,23.91,23.91,15.45,-
7-Oct-14,23.74,23.74,23.74,23.74,15.34,-
8-Oct-14,23.96,23.96,23.96,23.96,15.48,-
9-Oct-14,23.66,23.66,23.66,23.66,15.28,-
10-Oct-14,23.48,23.48,23.48,23.48,15.17,-
13-Oct-14,23.34,23.34,23.34,23.34,15.08,-
14-Oct-14,23.39,23.39,23.39,23.39,15.11,-
15-Oct-14,23.32,23.32,23.32,23.32,15.06,-
16-Oct-14,23.3,23.3,23.3,23.3,15.05,-
17-Oct-14,23.46,23.46,23.46,23.46,15.15,-
20-Oct-14,23.59,23.59,23.59,23.59,15.24,-
21-Oct-14,23.82,23.82,23.82,23.82,15.39,-
22-Oct-14,23.71,23.71,23.71,23.71,15.32,-
23-Oct-14,23.86,23.86,23.86,23.86,15.41,-
24-Oct-14,23.94,23.94,23.94,23.94,15.46,-
27-Oct-14,23.91,23.91,23.91,23.91,15.45,-
28-Oct-14,24.09,24.09,24.09,24.09,15.56,-
29-Oct-14,24.05,24.05,24.05,24.05,15.54,-
30-Oct-14,24.14,24.14,24.14,24.14,15.59,-
31-Oct-14,24.32,24.32,24.32,24.32,15.71,-
3-Nov-14,24.28,24.28,24.28,24.28,15.68,-
4-Nov-14,24.22,24.22,24.22,24.22,15.65,-
5-Nov-14,24.28,24.28,24.28,24.28,15.68,-
6-Nov-14,24.28,24.28,24.28,24.28,15.68,-
7-Nov-14,24.32,24.32,24.32,24.32,15.71,-
10-Nov-14,24.36,24.36,24.36,24.36,15.74,-
11-Nov-14,24.38,24.38,24.38,24.38,15.75,-
12-Nov-14,24.37,24.37,24.37,24.37,15.74,-
13-Nov-14,24.37,24.37,24.37,24.37,15.74,-
14-Nov-14,24.4,24.4,24.4,24.4,15.76,-
17-Nov-14,24.37,24.37,24.37,24.37,15.74,-
18-Nov-14,24.47,24.47,24.47,24.47,15.81,-
19-Nov-14,24.41,24.41,24.41,24.41,15.77,-
20-Nov-14,24.45,24.45,24.45,24.45,15.79,-
21-Nov-14,24.56,24.56,24.56,24.56,15.87,-
24-Nov-14,24.63,24.63,24.63,24.63,15.91,-
25-Nov-14,24.64,24.64,24.64,24.64,15.92,-
26-Nov-14,24.69,24.69,24.69,24.69,15.95,-
28-Nov-14,24.63,24.63,24.63,24.63,15.91,-
1-Dec-14,24.51,24.51,24.51,24.51,15.83,-
2-Dec-14,24.56,24.56,24.56,24.56,15.87,-
3-Dec-14,24.62,24.62,24.62,24.62,15.9,-
4-Dec-14,24.6,24.6,24.6,24.6,15.89,-
5-Dec-14,24.6,24.6,24.6,24.6,15.89,-
8-Dec-14,24.49,24.49,24.49,24.49,15.82,-
9-Dec-14,24.5,24.5,24.5,24.5,15.83,-
10-Dec-14,24.29,24.29,24.29,24.29,15.69,-
11-Dec-14,24.32,24.32,24.32,24.32,15.71,-
12-Dec-14,24.13,24.13,24.13,24.13,15.59,-
15-Dec-14,23.97,23.97,23.97,23.97,15.48,-
16-Dec-14,23.94,23.94,23.94,23.94,15.46,-
17-Dec-14,24.16,24.16,24.16,24.16,15.61,-
18-Dec-14,24.46,24.46,24.46,24.46,15.8,-
19-Dec-14,24.53,24.53,24.53,24.53,15.85,-
22-Dec-14,24.6,24.6,24.6,24.6,15.89,-
23-Dec-14,24.57,24.57,24.57,24.57,15.87,-
24-Dec-14,24.58,24.58,24.58,24.58,15.88,-
26-Dec-14,24.65,24.65,24.65,24.65,15.92,-
29-Dec-14,24.26,24.26,24.26,24.26,15.94,-
30-Dec-14,24.19,24.19,24.19,24.19,15.9,-
31-Dec-14,24.08,24.08,24.08,24.08,15.82,-
2-Jan-15,24.09,24.09,24.09,24.09,15.83,-
5-Jan-15,23.85,23.85,23.85,23.85,15.67,-
6-Jan-15,23.75,23.75,23.75,23.75,15.61,-
7-Jan-15,23.9,23.9,23.9,23.9,15.7,-
8-Jan-15,24.12,24.12,24.12,24.12,15.85,-
9-Jan-15,24.04,24.04,24.04,24.04,15.8,-
12-Jan-15,23.97,23.97,23.97,23.97,15.75,-
13-Jan-15,23.97,23.97,23.97,23.97,15.75,-
14-Jan-15,23.92,23.92,23.92,23.92,15.72,-
15-Jan-15,23.88,23.88,23.88,23.88,15.69,-
16-Jan-15,24.01,24.01,24.01,24.01,15.78,-
20-Jan-15,24.05,24.05,24.05,24.05,15.8,-
21-Jan-15,24.11,24.11,24.11,24.11,15.84,-
22-Jan-15,24.28,24.28,24.28,24.28,15.95,-
23-Jan-15,24.26,24.26,24.26,24.26,15.94,-
26-Jan-15,24.32,24.32,24.32,24.32,15.98,-
27-Jan-15,24.21,24.21,24.21,24.21,15.91,-
28-Jan-15,24.06,24.06,24.06,24.06,15.81,-
29-Jan-15,24.17,24.17,24.17,24.17,15.88,-
30-Jan-15,24.02,24.02,24.02,24.02,15.78,-
2-Feb-15,24.18,24.18,24.18,24.18,15.89,-
3-Feb-15,24.36,24.36,24.36,24.36,16.01,-
4-Feb-15,24.3,24.3,24.3,24.3,15.97,-
5-Feb-15,24.44,24.44,24.44,24.44,16.06,-
6-Feb-15,24.31,24.31,24.31,24.31,15.97,-
9-Feb-15,24.25,24.25,24.25,24.25,15.93,-
10-Feb-15,24.36,24.36,24.36,24.36,16.01,-
11-Feb-15,24.34,24.34,24.34,24.34,15.99,-
12-Feb-15,24.51,24.51,24.51,24.51,16.11,-
13-Feb-15,24.57,24.57,24.57,24.57,16.15,-
17-Feb-15,24.57,24.57,24.57,24.57,16.15,-
18-Feb-15,24.61,24.61,24.61,24.61,16.17,-
19-Feb-15,24.59,24.59,24.59,24.59,16.16,-
20-Feb-15,24.69,24.69,24.69,24.69,16.22,-
23-Feb-15,24.7,24.7,24.7,24.7,16.23,-
24-Feb-15,24.78,24.78,24.78,24.78,16.28,-
25-Feb-15,24.8,24.8,24.8,24.8,16.3,-
26-Feb-15,24.75,24.75,24.75,24.75,16.26,-
27-Feb-15,24.73,24.73,24.73,24.73,16.25,-
2-Mar-15,24.77,24.77,24.77,24.77,16.28,-
3-Mar-15,24.69,24.69,24.69,24.69,16.22,-
4-Mar-15,24.62,24.62,24.62,24.62,16.18,-
5-Mar-15,24.65,24.65,24.65,24.65,16.2,-
6-Mar-15,24.4,24.4,24.4,24.4,16.03,-
9-Mar-15,24.46,24.46,24.46,24.46,16.07,-
10-Mar-15,24.23,24.23,24.23,24.23,15.92,-
11-Mar-15,24.24,24.24,24.24,24.24,15.93,-
12-Mar-15,24.43,24.43,24.43,24.43,16.05,-
13-Mar-15,24.33,24.33,24.33,24.33,15.99,-
16-Mar-15,24.52,24.52,24.52,24.52,16.11,-
17-Mar-15,24.49,24.49,24.49,24.49,16.09,-
18-Mar-15,24.77,24.77,24.77,24.77,16.28,-
19-Mar-15,24.66,24.66,24.66,24.66,16.2,-
20-Mar-15,24.85,24.85,24.85,24.85,16.33,-
23-Mar-15,24.86,24.86,24.86,24.86,16.34,-
24-Mar-15,24.82,24.82,24.82,24.82,16.31,-
25-Mar-15,24.61,24.61,24.61,24.61,16.17,-
26-Mar-15,24.52,24.52,24.52,24.52,16.11,-
27-Mar-15,24.58,24.58,24.58,24.58,16.15,-
30-Mar-15,24.72,24.72,24.72,24.72,16.24,-
31-Mar-15,24.61,24.61,24.61,24.61,16.17,-
1-Apr-15,24.63,24.63,24.63,24.63,16.18,-
2-Apr-15,24.69,24.69,24.69,24.69,16.22,-
6-Apr-15,24.81,24.81,24.81,24.81,16.3,-
7-Apr-15,24.8,24.8,24.8,24.8,16.3,-
8-Apr-15,24.86,24.86,24.86,24.86,16.34,-
9-Apr-15,24.89,24.89,24.89,24.89,16.36,-
10-Apr-15,24.95,24.95,24.95,24.95,16.39,-
13-Apr-15,24.91,24.91,24.91,24.91,16.37,-
14-Apr-15,24.96,24.96,24.96,24.96,16.4,-
15-Apr-15,25.05,25.05,25.05,25.05,16.46,-
16-Apr-15,25.06,25.06,25.06,25.06,16.47,-
17-Apr-15,24.89,24.89,24.89,24.89,16.36,-
20-Apr-15,24.97,24.97,24.97,24.97,16.41,-
21-Apr-15,24.98,24.98,24.98,24.98,16.41,-
22-Apr-15,25.01,25.01,25.01,25.01,16.43,-
23-Apr-15,25.08,25.08,25.08,25.08,16.48,-
24-Apr-15,25.13,25.13,25.13,25.13,16.51,-
27-Apr-15,25.09,25.09,25.09,25.09,16.49,-
28-Apr-15,25.1,25.1,25.1,25.1,16.49,-
29-Apr-15,24.99,24.99,24.99,24.99,16.42,-
30-Apr-15,24.83,24.83,24.83,24.83,16.32,-
1-May-15,24.93,24.93,24.93,24.93,16.38,-
4-May-15,24.94,24.94,24.94,24.94,16.39,-
5-May-15,24.75,24.75,24.75,24.75,16.26,-
6-May-15,24.69,24.69,24.69,24.69,16.22,-
7-May-15,24.73,24.73,24.73,24.73,16.25,-
8-May-15,24.97,24.97,24.97,24.97,16.41,-
11-May-15,24.85,24.85,24.85,24.85,16.33,-
12-May-15,24.81,24.81,24.81,24.81,16.3,-
13-May-15,24.82,24.82,24.82,24.82,16.31,-
14-May-15,24.99,24.99,24.99,24.99,16.42,-
15-May-15,25.06,25.06,25.06,25.06,16.47,-
18-May-15,25.05,25.05,25.05,25.05,16.46,-
19-May-15,25.01,25.01,25.01,25.01,16.43,-
20-May-15,25.01,25.01,25.01,25.01,16.43,-
21-May-15,25.07,25.07,25.07,25.07,16.47,-
22-May-15,25.02,25.02,25.02,25.02,16.44,-
26-May-15,24.88,24.88,24.88,24.88,16.35,-
27-May-15,25.01,25.01,25.01,25.01,16.43,-
28-May-15,24.98,24.98,24.98,24.98,16.41,-
29-May-15,24.88,24.88,24.88,24.88,16.35,-
1-Jun-15,24.87,24.87,24.87,24.87,16.34,-
2-Jun-15,24.84,24.84,24.84,24.84,16.32,-
3-Jun-15,24.84,24.84,24.84,24.84,16.32,-
4-Jun-15,24.73,24.73,24.73,24.73,16.25,-
5-Jun-15,24.64,24.64,24.64,24.64,16.19,-
8-Jun-15,24.57,24.57,24.57,24.57,16.15,-
9-Jun-15,24.52,24.52,24.52,24.52,16.11,-
10-Jun-15,24.7,24.7,24.7,24.7,16.23,-
11-Jun-15,24.78,24.78,24.78,24.78,16.28,-
12-Jun-15,24.68,24.68,24.68,24.68,16.22,-
15-Jun-15,24.6,24.6,24.6,24.6,16.16,-
16-Jun-15,24.68,24.68,24.68,24.68,16.22,-
17-Jun-15,24.7,24.7,24.7,24.7,16.23,-
18-Jun-15,24.83,24.83,24.83,24.83,16.32,-
19-Jun-15,24.79,24.79,24.79,24.79,16.29,-
22-Jun-15,24.89,24.89,24.89,24.89,16.36,-
23-Jun-15,24.9,24.9,24.9,24.9,16.36,-
24-Jun-15,24.81,24.81,24.81,24.81,16.3,-
25-Jun-15,24.52,24.52,24.52,24.52,16.27,-
26-Jun-15,24.48,24.48,24.48,24.48,16.24,-
29-Jun-15,24.2,24.2,24.2,24.2,16.06,-
30-Jun-15,24.24,24.24,24.24,24.24,16.08,-
1-Jul-15,24.29,24.29,24.29,24.29,16.12,-
2-Jul-15,24.29,24.29,24.29,24.29,16.12,-
6-Jul-15,24.21,24.21,24.21,24.21,16.06,-
7-Jul-15,24.25,24.25,24.25,24.25,16.09,-
8-Jul-15,24.02,24.02,24.02,24.02,15.94,-
9-Jul-15,24.06,24.06,24.06,24.06,15.97,-
10-Jul-15,24.25,24.25,24.25,24.25,16.09,-
13-Jul-15,24.38,24.38,24.38,24.38,16.18,-
14-Jul-15,24.47,24.47,24.47,24.47,16.24,-
15-Jul-15,24.46,24.46,24.46,24.46,16.23,-
16-Jul-15,24.58,24.58,24.58,24.58,16.31,-
17-Jul-15,24.58,24.58,24.58,24.58,16.31,-
20-Jul-15,24.57,24.57,24.57,24.57,16.3,-
21-Jul-15,24.52,24.52,24.52,24.52,16.27,-
22-Jul-15,24.48,24.48,24.48,24.48,16.24,-
23-Jul-15,24.43,24.43,24.43,24.43,16.21,-
24-Jul-15,24.27,24.27,24.27,24.27,16.1,-
27-Jul-15,24.17,24.17,24.17,24.17,16.04,-
28-Jul-15,24.31,24.31,24.31,24.31,16.13,-
29-Jul-15,24.41,24.41,24.41,24.41,16.2,-
30-Jul-15,24.41,24.41,24.41,24.41,16.2,-
31-Jul-15,24.45,24.45,24.45,24.45,16.22,-
3-Aug-15,24.42,24.42,24.42,24.42,16.2,-
4-Aug-15,24.38,24.38,24.38,24.38,16.18,-
5-Aug-15,24.41,24.41,24.41,24.41,16.2,-
6-Aug-15,24.33,24.33,24.33,24.33,16.14,-
7-Aug-15,24.3,24.3,24.3,24.3,16.12,-
10-Aug-15,24.47,24.47,24.47,24.47,16.24,-
11-Aug-15,24.34,24.34,24.34,24.34,16.15,-
12-Aug-15,24.3,24.3,24.3,24.3,16.12,-
13-Aug-15,24.27,24.27,24.27,24.27,16.1,-
14-Aug-15,24.3,24.3,24.3,24.3,16.12,-
17-Aug-15,24.36,24.36,24.36,24.36,16.16,-
18-Aug-15,24.28,24.28,24.28,24.28,16.11,-
19-Aug-15,24.18,24.18,24.18,24.18,16.04,-
20-Aug-15,23.89,23.89,23.89,23.89,15.85,-
21-Aug-15,23.51,23.51,23.51,23.51,15.6,-
24-Aug-15,22.96,22.96,22.96,22.96,15.24,-
25-Aug-15,22.88,22.88,22.88,22.88,15.18,-
26-Aug-15,23.25,23.25,23.25,23.25,15.43,-
27-Aug-15,23.56,23.56,23.56,23.56,15.63,-
28-Aug-15,23.59,23.59,23.59,23.59,15.65,-
31-Aug-15,23.47,23.47,23.47,23.47,15.57,-
1-Sep-15,23.07,23.07,23.07,23.07,15.31,-
2-Sep-15,23.26,23.26,23.26,23.26,15.43,-
3-Sep-15,23.31,23.31,23.31,23.31,15.47,-
4-Sep-15,23.09,23.09,23.09,23.09,15.32,-
8-Sep-15,23.4,23.4,23.4,23.4,15.53,-
9-Sep-15,23.3,23.3,23.3,23.3,15.46,-
10-Sep-15,23.35,23.35,23.35,23.35,15.49,-
11-Sep-15,23.39,23.39,23.39,23.39,15.52,-
14-Sep-15,23.34,23.34,23.34,23.34,15.49,-
15-Sep-15,23.44,23.44,23.44,23.44,15.55,-
16-Sep-15,23.59,23.59,23.59,23.59,15.65,-
17-Sep-15,23.63,23.63,23.63,23.63,15.68,-
18-Sep-15,23.41,23.41,23.41,23.41,15.53,-
21-Sep-15,23.42,23.42,23.42,23.42,15.54,-
22-Sep-15,23.21,23.21,23.21,23.21,15.4,-
23-Sep-15,23.15,23.15,23.15,23.15,15.36,-
24-Sep-15,23.1,23.1,23.1,23.1,15.33,-
25-Sep-15,23.11,23.11,23.11,23.11,15.33,-
28-Sep-15,22.81,22.81,22.81,22.81,15.14,-
29-Sep-15,22.81,22.81,22.81,22.81,15.14,-
30-Sep-15,23.07,23.07,23.07,23.07,15.31,-
1-Oct-15,23.1,23.1,23.1,23.1,15.33,-
2-Oct-15,23.33,23.33,23.33,23.33,15.48,-
5-Oct-15,23.57,23.57,23.57,23.57,15.64,-
6-Oct-15,23.57,23.57,23.57,23.57,15.64,-
7-Oct-15,23.71,23.71,23.71,23.71,15.73,-
8-Oct-15,23.81,23.81,23.81,23.81,15.8,-
9-Oct-15,23.86,23.86,23.86,23.86,15.83,-
12-Oct-15,23.88,23.88,23.88,23.88,15.85,-
13-Oct-15,23.74,23.74,23.74,23.74,15.75,-
14-Oct-15,23.73,23.73,23.73,23.73,15.75,-
15-Oct-15,23.95,23.95,23.95,23.95,15.89,-
16-Oct-15,23.97,23.97,23.97,23.97,15.91,-
19-Oct-15,23.96,23.96,23.96,23.96,15.9,-
20-Oct-15,23.91,23.91,23.91,23.91,15.87,-
21-Oct-15,23.85,23.85,23.85,23.85,15.83,-
22-Oct-15,24.06,24.06,24.06,24.06,15.97,-
23-Oct-15,24.18,24.18,24.18,24.18,16.04,-
26-Oct-15,24.14,24.14,24.14,24.14,16.02,-
27-Oct-15,24.08,24.08,24.08,24.08,15.98,-
28-Oct-15,24.2,24.2,24.2,24.2,16.06,-
29-Oct-15,24.11,24.11,24.11,24.11,16.0,-
30-Oct-15,24.08,24.08,24.08,24.08,15.98,-
2-Nov-15,24.22,24.22,24.22,24.22,16.07,-
3-Nov-15,24.25,24.25,24.25,24.25,16.09,-
4-Nov-15,24.19,24.19,24.19,24.19,16.05,-
5-Nov-15,24.17,24.17,24.17,24.17,16.04,-
6-Nov-15,24.09,24.09,24.09,24.09,15.99,-
9-Nov-15,23.94,23.94,23.94,23.94,15.89,-
10-Nov-15,23.96,23.96,23.96,23.96,15.9,-
11-Nov-15,23.94,23.94,23.94,23.94,15.89,-
12-Nov-15,23.76,23.76,23.76,23.76,15.77,-
13-Nov-15,23.64,23.64,23.64,23.64,15.69,-
16-Nov-15,23.81,23.81,23.81,23.81,15.8,-
17-Nov-15,23.83,23.83,23.83,23.83,15.81,-
18-Nov-15,24.01,24.01,24.01,24.01,15.93,-
19-Nov-15,24.05,24.05,24.05,24.05,15.96,-
20-Nov-15,24.08,24.08,24.08,24.08,15.98,-
23-Nov-15,24.05,24.05,24.05,24.05,15.96,-
24-Nov-15,24.06,24.06,24.06,24.06,15.97,-
25-Nov-15,24.09,24.09,24.09,24.09,15.99,-
27-Nov-15,24.09,24.09,24.09,24.09,15.99,-
30-Nov-15,24.04,24.04,24.04,24.04,15.95,-
1-Dec-15,24.22,24.22,24.22,24.22,16.07,-
2-Dec-15,24.07,24.07,24.07,24.07,15.97,-
3-Dec-15,23.85,23.85,23.85,23.85,15.83,-
4-Dec-15,24.05,24.05,24.05,24.05,15.96,-
7-Dec-15,23.95,23.95,23.95,23.95,15.89,-
8-Dec-15,23.82,23.82,23.82,23.82,15.81,-
9-Dec-15,23.73,23.73,23.73,23.73,15.75,-
10-Dec-15,23.74,23.74,23.74,23.74,15.75,-
11-Dec-15,23.5,23.5,23.5,23.5,15.59,-
14-Dec-15,23.48,23.48,23.48,23.48,15.58,-
15-Dec-15,23.61,23.61,23.61,23.61,15.67,-
16-Dec-15,23.8,23.8,23.8,23.8,15.79,-
17-Dec-15,23.66,23.66,23.66,23.66,15.7,-
18-Dec-15,23.49,23.49,23.49,23.49,15.59,-
21-Dec-15,23.58,23.58,23.58,23.58,15.65,-
22-Dec-15,23.67,23.67,23.67,23.67,15.71,-
23-Dec-15,23.85,23.85,23.85,23.85,15.83,-
24-Dec-15,23.84,23.84,23.84,23.84,15.82,-
28-Dec-15,23.81,23.81,23.81,23.81,15.8,-
29-Dec-15,23.27,23.27,23.27,23.27,15.88,-
30-Dec-15,23.17,23.17,23.17,23.17,15.81,-
31-Dec-15,23.06,23.06,23.06,23.06,15.74,-
4-Jan-16,22.84,22.84,22.84,22.84,15.59,-
5-Jan-16,22.85,22.85,22.85,22.85,15.59,-
6-Jan-16,22.69,22.69,22.69,22.69,15.48,-
7-Jan-16,22.39,22.39,22.39,22.39,15.28,-
8-Jan-16,22.26,22.26,22.26,22.26,15.19,-
11-Jan-16,22.22,22.22,22.22,22.22,15.16,-
12-Jan-16,22.31,22.31,22.31,22.31,15.22,-
13-Jan-16,22.07,22.07,22.07,22.07,15.06,-
14-Jan-16,22.21,22.21,22.21,22.21,15.16,-
15-Jan-16,21.9,21.9,21.9,21.9,14.94,-
19-Jan-16,21.91,21.91,21.91,21.91,14.95,-
20-Jan-16,21.73,21.73,21.73,21.73,14.83,-
21-Jan-16,21.76,21.76,21.76,21.76,14.85,-
22-Jan-16,22.08,22.08,22.08,22.08,15.07,-
25-Jan-16,21.91,21.91,21.91,21.91,14.95,-
26-Jan-16,22.1,22.1,22.1,22.1,15.08,-
27-Jan-16,22.01,22.01,22.01,22.01,15.02,-
28-Jan-16,22.06,22.06,22.06,22.06,15.05,-
29-Jan-16,22.42,22.42,22.42,22.42,15.3,-
1-Feb-16,22.39,22.39,22.39,22.39,15.28,-
2-Feb-16,22.15,22.15,22.15,22.15,15.11,-
3-Feb-16,22.22,22.22,22.22,22.22,15.16,-
4-Feb-16,22.28,22.28,22.28,22.28,15.2,-
5-Feb-16,22.05,22.05,22.05,22.05,15.05,-
8-Feb-16,21.86,21.86,21.86,21.86,14.92,-
9-Feb-16,21.79,21.79,21.79,21.79,14.87,-
10-Feb-16,21.81,21.81,21.81,21.81,14.88,-
11-Feb-16,21.63,21.63,21.63,21.63,14.76,-
12-Feb-16,21.81,21.81,21.81,21.81,14.88,-
16-Feb-16,22.05,22.05,22.05,22.05,15.05,-
17-Feb-16,22.28,22.28,22.28,22.28,15.2,-
18-Feb-16,22.27,22.27,22.27,22.27,15.2,-
19-Feb-16,22.26,22.26,22.26,22.26,15.19,-
22-Feb-16,22.44,22.44,22.44,22.44,15.31,-
23-Feb-16,22.27,22.27,22.27,22.27,15.2,-
24-Feb-16,22.29,22.29,22.29,22.29,15.21,-
25-Feb-16,22.46,22.46,22.46,22.46,15.33,-
26-Feb-16,22.42,22.42,22.42,22.42,15.3,-
29-Feb-16,22.37,22.37,22.37,22.37,15.26,-
1-Mar-16,22.67,22.67,22.67,22.67,15.47,-
2-Mar-16,22.76,22.76,22.76,22.76,15.53,-
3-Mar-16,22.86,22.86,22.86,22.86,15.6,-
4-Mar-16,22.94,22.94,22.94,22.94,15.65,-
7-Mar-16,22.96,22.96,22.96,22.96,15.67,-
8-Mar-16,22.82,22.82,22.82,22.82,15.57,-
9-Mar-16,22.86,22.86,22.86,22.86,15.6,-
10-Mar-16,22.84,22.84,22.84,22.84,15.59,-
11-Mar-16,23.1,23.1,23.1,23.1,15.76,-
14-Mar-16,23.1,23.1,23.1,23.1,15.76,-
15-Mar-16,23.01,23.01,23.01,23.01,15.7,-
16-Mar-16,23.14,23.14,23.14,23.14,15.79,-
17-Mar-16,23.29,23.29,23.29,23.29,15.89,-
18-Mar-16,23.36,23.36,23.36,23.36,15.94,-
21-Mar-16,23.34,23.34,23.34,23.34,15.93,-
22-Mar-16,23.32,23.32,23.32,23.32,15.91,-
23-Mar-16,23.22,23.22,23.22,23.22,15.84,-
24-Mar-16,23.18,23.18,23.18,23.18,15.82,-
28-Mar-16,23.21,23.21,23.21,23.21,15.84,-
29-Mar-16,23.4,23.4,23.4,23.4,15.97,-
30-Mar-16,23.48,23.48,23.48,23.48,16.02,-
31-Mar-16,23.45,23.45,23.45,23.45,16.0,-
1-Apr-16,23.46,23.46,23.46,23.46,16.01,-
4-Apr-16,23.42,23.42,23.42,23.42,15.98,-
5-Apr-16,23.25,23.25,23.25,23.25,15.86,-
6-Apr-16,23.39,23.39,23.39,23.39,15.96,-
7-Apr-16,23.25,23.25,23.25,23.25,15.86,-
8-Apr-16,23.36,23.36,23.36,23.36,15.94,-
11-Apr-16,23.36,23.36,23.36,23.36,15.94,-
12-Apr-16,23.5,23.5,23.5,23.5,16.04,-
13-Apr-16,23.69,23.69,23.69,23.69,16.17,-
14-Apr-16,23.69,23.69,23.69,23.69,16.17,-
15-Apr-16,23.7,23.7,23.7,23.7,16.17,-
18-Apr-16,23.78,23.78,23.78,23.78,16.23,-
19-Apr-16,23.89,23.89,23.89,23.89,16.3,-
20-Apr-16,23.88,23.88,23.88,23.88,16.29,-
21-Apr-16,23.8,23.8,23.8,23.8,16.24,-
22-Apr-16,23.8,23.8,23.8,23.8,16.24,-
25-Apr-16,23.74,23.74,23.74,23.74,16.2,-
26-Apr-16,23.78,23.78,23.78,23.78,16.23,-
27-Apr-16,23.83,23.83,23.83,23.83,16.26,-
28-Apr-16,23.73,23.73,23.73,23.73,16.19,-
29-Apr-16,23.66,23.66,23.66,23.66,16.14,-
2-May-16,23.75,23.75,23.75,23.75,16.21,-
3-May-16,23.59,23.59,23.59,23.59,16.1,-
4-May-16,23.48,23.48,23.48,23.48,16.02,-
5-May-16,23.48,23.48,23.48,23.48,16.02,-
6-May-16,23.5,23.5,23.5,23.5,16.04,-
9-May-16,23.5,23.5,23.5,23.5,16.04,-
10-May-16,23.68,23.68,23.68,23.68,16.16,-
11-May-16,23.57,23.57,23.57,23.57,16.08,-
12-May-16,23.55,23.55,23.55,23.55,16.07,-
13-May-16,23.44,23.44,23.44,23.44,15.99,-
16-May-16,23.56,23.56,23.56,23.56,16.08,-
17-May-16,23.45,23.45,23.45,23.45,16.0,-
18-May-16,23.41,23.41,23.41,23.41,15.97,-
19-May-16,23.34,23.34,23.34,23.34,15.93,-
20-May-16,23.44,23.44,23.44,23.44,15.99,-
23-May-16,23.42,23.42,23.42,23.42,15.98,-
24-May-16,23.59,23.59,23.59,23.59,16.1,-
25-May-16,23.72,23.72,23.72,23.72,16.19,-
26-May-16,23.75,23.75,23.75,23.75,16.21,-
27-May-16,23.78,23.78,23.78,23.78,16.23,-
31-May-16,23.77,23.77,23.77,23.77,16.22,-
1-Jun-16,23.8,23.8,23.8,23.8,16.24,-
2-Jun-16,23.84,23.84,23.84,23.84,16.27,-
3-Jun-16,23.91,23.91,23.91,23.91,16.32,-
6-Jun-16,23.98,23.98,23.98,23.98,16.36,-
7-Jun-16,24.06,24.06,24.06,24.06,16.42,-
8-Jun-16,24.12,24.12,24.12,24.12,16.46,-
9-Jun-16,24.06,24.06,24.06,24.06,16.42,-
10-Jun-16,23.84,23.84,23.84,23.84,16.27,-
13-Jun-16,23.69,23.69,23.69,23.69,16.17,-
14-Jun-16,23.59,23.59,23.59,23.59,16.1,-
15-Jun-16,23.64,23.64,23.64,23.64,16.13,-
16-Jun-16,23.65,23.65,23.65,23.65,16.14,-
17-Jun-16,23.66,23.66,23.66,23.66,16.14,-
20-Jun-16,23.58,23.58,23.58,23.58,16.26,-
21-Jun-16,23.63,23.63,23.63,23.63,16.29,-
22-Jun-16,23.63,23.63,23.63,23.63,16.29,-
23-Jun-16,23.85,23.85,23.85,23.85,16.44,-
24-Jun-16,23.18,23.18,23.18,23.18,15.98,-
27-Jun-16,22.95,22.95,22.95,22.95,15.82,-
28-Jun-16,23.24,23.24,23.24,23.24,16.02,-
29-Jun-16,23.49,23.49,23.49,23.49,16.19,-
30-Jun-16,23.68,23.68,23.68,23.68,16.32,-
1-Jul-16,23.75,23.75,23.75,23.75,16.37,-
5-Jul-16,23.62,23.62,23.62,23.62,16.28,-
6-Jul-16,23.66,23.66,23.66,23.66,16.31,-
7-Jul-16,23.65,23.65,23.65,23.65,16.3,-
8-Jul-16,23.87,23.87,23.87,23.87,16.46,-
11-Jul-16,23.96,23.96,23.96,23.96,16.52,-
12-Jul-16,24.08,24.08,24.08,24.08,16.6,-
13-Jul-16,24.09,24.09,24.09,24.09,16.61,-
14-Jul-16,24.16,24.16,24.16,24.16,16.66,-
15-Jul-16,24.12,24.12,24.12,24.12,16.63,-
18-Jul-16,24.15,24.15,24.15,24.15,16.65,-
19-Jul-16,24.12,24.12,24.12,24.12,16.63,-
20-Jul-16,24.19,24.19,24.19,24.19,16.68,-
21-Jul-16,24.15,24.15,24.15,24.15,16.65,-
22-Jul-16,24.19,24.19,24.19,24.19,16.68,-
25-Jul-16,24.16,24.16,24.16,24.16,16.66,-
26-Jul-16,24.2,24.2,24.2,24.2,16.68,-
27-Jul-16,24.23,24.23,24.23,24.23,16.7,-
28-Jul-16,24.25,24.25,24.25,24.25,16.72,-
29-Jul-16,24.34,24.34,24.34,24.34,16.78,-
1-Aug-16,24.29,24.29,24.29,24.29,16.75,-
2-Aug-16,24.18,24.18,24.18,24.18,16.67,-
3-Aug-16,24.18,24.18,24.18,24.18,16.67,-
4-Aug-16,24.25,24.25,24.25,24.25,16.72,-
5-Aug-16,24.34,24.34,24.34,24.34,16.78,-
8-Aug-16,24.35,24.35,24.35,24.35,16.79,-
9-Aug-16,24.43,24.43,24.43,24.43,16.84,-
10-Aug-16,24.44,24.44,24.44,24.44,16.85,-
11-Aug-16,24.49,24.49,24.49,24.49,16.88,-
12-Aug-16,24.5,24.5,24.5,24.5,16.89,-
15-Aug-16,24.54,24.54,24.54,24.54,16.92,-
16-Aug-16,24.48,24.48,24.48,24.48,16.88,-
17-Aug-16,24.49,24.49,24.49,24.49,16.88,-
18-Aug-16,24.56,24.56,24.56,24.56,16.93,-
19-Aug-16,24.49,24.49,24.49,24.49,16.88,-
22-Aug-16,24.5,24.5,24.5,24.5,16.89,-
23-Aug-16,24.55,24.55,24.55,24.55,16.92,-
24-Aug-16,24.47,24.47,24.47,24.47,16.87,-
25-Aug-16,24.44,24.44,24.44,24.44,16.85,-
26-Aug-16,24.38,24.38,24.38,24.38,16.81,-
29-Aug-16,24.47,24.47,24.47,24.47,16.87,-
30-Aug-16,24.44,24.44,24.44,24.44,16.85,-
31-Aug-16,24.4,24.4,24.4,24.4,16.82,-
1-Sep-16,24.43,24.43,24.43,24.43,16.84,-
2-Sep-16,24.52,24.52,24.52,24.52,16.9,-
6-Sep-16,24.65,24.65,24.65,24.65,16.99,-
7-Sep-16,24.67,24.67,24.67,24.67,17.01,-
8-Sep-16,24.6,24.6,24.6,24.6,16.96,-
9-Sep-16,24.22,24.22,24.22,24.22,16.7,-
12-Sep-16,24.36,24.36,24.36,24.36,16.79,-
13-Sep-16,24.09,24.09,24.09,24.09,16.61,-
14-Sep-16,24.09,24.09,24.09,24.09,16.61,-
15-Sep-16,24.23,24.23,24.23,24.23,16.7,-
16-Sep-16,24.14,24.14,24.14,24.14,16.64,-
19-Sep-16,24.19,24.19,24.19,24.19,16.68,-
20-Sep-16,24.22,24.22,24.22,24.22,16.7,-
21-Sep-16,24.43,24.43,24.43,24.43,16.84,-
22-Sep-16,24.57,24.57,24.57,24.57,16.94,-
23-Sep-16,24.49,24.49,24.49,24.49,16.88,-
26-Sep-16,24.37,24.37,24.37,24.37,16.8,-
27-Sep-16,24.46,24.46,24.46,24.46,16.86,-
28-Sep-16,24.56,24.56,24.56,24.56,16.93,-
29-Sep-16,24.42,24.42,24.42,24.42,16.83,-
30-Sep-16,24.49,24.49,24.49,24.49,16.88,-
3-Oct-16,24.46,24.46,24.46,24.46,16.86,-
4-Oct-16,24.38,24.38,24.38,24.38,16.81,-
5-Oct-16,24.43,24.43,24.43,24.43,16.84,-
6-Oct-16,24.39,24.39,24.39,24.39,16.81,-
7-Oct-16,24.33,24.33,24.33,24.33,16.77,-
10-Oct-16,24.38,24.38,24.38,24.38,16.81,-
11-Oct-16,24.18,24.18,24.18,24.18,16.67,-
12-Oct-16,24.19,24.19,24.19,24.19,16.68,-
13-Oct-16,24.15,24.15,24.15,24.15,16.65,-
14-Oct-16,24.13,24.13,24.13,24.13,16.63,-
17-Oct-16,24.11,24.11,24.11,24.11,16.62,-
18-Oct-16,24.24,24.24,24.24,24.24,16.71,-
19-Oct-16,24.29,24.29,24.29,24.29,16.75,-
20-Oct-16,24.27,24.27,24.27,24.27,16.73,-
21-Oct-16,24.27,24.27,24.27,24.27,16.73,-
24-Oct-16,24.3,24.3,24.3,24.3,16.75,-
25-Oct-16,24.26,24.26,24.26,24.26,16.72,-
26-Oct-16,24.19,24.19,24.19,24.19,16.68,-
27-Oct-16,24.11,24.11,24.11,24.11,16.62,-
28-Oct-16,24.08,24.08,24.08,24.08,16.6,-
31-Oct-16,24.1,24.1,24.1,24.1,16.61,-
1-Nov-16,24.02,24.02,24.02,24.02,16.56,-
2-Nov-16,23.91,23.91,23.91,23.91,16.48,-
3-Nov-16,23.86,23.86,23.86,23.86,16.45,-
4-Nov-16,23.83,23.83,23.83,23.83,16.43,-
7-Nov-16,24.09,24.09,24.09,24.09,16.61,-
8-Nov-16,24.12,24.12,24.12,24.12,16.63,-
9-Nov-16,24.15,24.15,24.15,24.15,16.65,-
10-Nov-16,24.09,24.09,24.09,24.09,16.61,-
11-Nov-16,24.01,24.01,24.01,24.01,16.55,-
14-Nov-16,23.97,23.97,23.97,23.97,16.52,-
15-Nov-16,24.08,24.08,24.08,24.08,16.6,-
16-Nov-16,24.04,24.04,24.04,24.04,16.57,-
17-Nov-16,24.08,24.08,24.08,24.08,16.6,-
18-Nov-16,24,24.0,24.0,24.0,16.55,-
21-Nov-16,24.11,24.11,24.11,24.11,16.62,-
22-Nov-16,24.17,24.17,24.17,24.17,16.66,-
23-Nov-16,24.15,24.15,24.15,24.15,16.65,-
25-Nov-16,24.19,24.19,24.19,24.19,16.68,-
28-Nov-16,24.16,24.16,24.16,24.16,16.66,-
29-Nov-16,24.2,24.2,24.2,24.2,16.68,-
30-Nov-16,24.15,24.15,24.15,24.15,16.65,-
1-Dec-16,24.07,24.07,24.07,24.07,16.59,-
2-Dec-16,24.1,24.1,24.1,24.1,16.61,-
5-Dec-16,24.21,24.21,24.21,24.21,16.69,-
6-Dec-16,24.28,24.28,24.28,24.28,16.74,-
7-Dec-16,24.5,24.5,24.5,24.5,16.89,-
8-Dec-16,24.52,24.52,24.52,24.52,16.9,-
9-Dec-16,24.54,24.54,24.54,24.54,16.92,-
12-Dec-16,24.5,24.5,24.5,24.5,16.89,-
13-Dec-16,24.61,24.61,24.61,24.61,16.97,-
14-Dec-16,24.4,24.4,24.4,24.4,16.82,-
15-Dec-16,24.42,24.42,24.42,24.42,16.83,-
16-Dec-16,24.41,24.41,24.41,24.41,16.83,-
19-Dec-16,24.46,24.46,24.46,24.46,16.86,-
20-Dec-16,24.5,24.5,24.5,24.5,16.89,-
21-Dec-16,24.48,24.48,24.48,24.48,16.88,-
22-Dec-16,24.43,24.43,24.43,24.43,16.84,-
23-Dec-16,24.46,24.46,24.46,24.46,16.86,-
27-Dec-16,24.48,24.48,24.48,24.48,16.88,-
28-Dec-16,24.12,24.12,24.12,24.12,16.84,-
29-Dec-16,24.17,24.17,24.17,24.17,16.87,-
30-Dec-16,24.15,24.15,24.15,24.15,16.86,-
3-Jan-17,24.26,24.26,24.26,24.26,16.94,-
4-Jan-17,24.39,24.39,24.39,24.39,17.03,-
5-Jan-17,24.46,24.46,24.46,24.46,17.07,-
6-Jan-17,24.44,24.44,24.44,24.44,17.06,-
9-Jan-17,24.41,24.41,24.41,24.41,17.04,-
10-Jan-17,24.43,24.43,24.43,24.43,17.05,-
11-Jan-17,24.5,24.5,24.5,24.5,17.1,-
12-Jan-17,24.49,24.49,24.49,24.49,17.1,-
13-Jan-17,24.52,24.52,24.52,24.52,17.12,-
17-Jan-17,24.5,24.5,24.5,24.5,17.1,-
18-Jan-17,24.46,24.46,24.46,24.46,17.07,-
19-Jan-17,24.39,24.39,24.39,24.39,17.03,-
20-Jan-17,24.45,24.45,24.45,24.45,17.07,-
23-Jan-17,24.47,24.47,24.47,24.47,17.08,-
24-Jan-17,24.55,24.55,24.55,24.55,17.14,-
25-Jan-17,24.64,24.64,24.64,24.64,17.2,-
26-Jan-17,24.62,24.62,24.62,24.62,17.19,-
27-Jan-17,24.61,24.61,24.61,24.61,17.18,-
30-Jan-17,24.51,24.51,24.51,24.51,17.11,-
31-Jan-17,24.54,24.54,24.54,24.54,17.13,-
1-Feb-17,24.55,24.55,24.55,24.55,17.14,-
2-Feb-17,24.56,24.56,24.56,24.56,17.14,-
3-Feb-17,24.66,24.66,24.66,24.66,17.21,-
6-Feb-17,24.63,24.63,24.63,24.63,17.19,-
7-Feb-17,24.63,24.63,24.63,24.63,17.19,-
8-Feb-17,24.69,24.69,24.69,24.69,17.24,-
9-Feb-17,24.74,24.74,24.74,24.74,17.27,-
10-Feb-17,24.8,24.8,24.8,24.8,17.31,-
13-Feb-17,24.87,24.87,24.87,24.87,17.36,-
14-Feb-17,24.89,24.89,24.89,24.89,17.38,-
15-Feb-17,24.94,24.94,24.94,24.94,17.41,-
16-Feb-17,24.97,24.97,24.97,24.97,17.43,-
17-Feb-17,24.97,24.97,24.97,24.97,17.43,-
21-Feb-17,25.05,25.05,25.05,25.05,17.49,-
22-Feb-17,25.05,25.05,25.05,25.05,17.49,-
23-Feb-17,25.08,25.08,25.08,25.08,17.51,-
24-Feb-17,25.08,25.08,25.08,25.08,17.51,-
27-Feb-17,25.07,25.07,25.07,25.07,17.5,-
28-Feb-17,25.03,25.03,25.03,25.03,17.47,-
1-Mar-17,25.16,25.16,25.16,25.16,17.56,-
2-Mar-17,25.05,25.05,25.05,25.05,17.49,-
3-Mar-17,25.08,25.08,25.08,25.08,17.51,-
6-Mar-17,25.03,25.03,25.03,25.03,17.47,-
7-Mar-17,24.98,24.98,24.98,24.98,17.44,-
8-Mar-17,24.9,24.9,24.9,24.9,17.38,-
9-Mar-17,24.88,24.88,24.88,24.88,17.37,-
10-Mar-17,24.95,24.95,24.95,24.95,17.42,-
13-Mar-17,24.99,24.99,24.99,24.99,17.44,-
14-Mar-17,24.93,24.93,24.93,24.93,17.4,-
15-Mar-17,25.14,25.14,25.14,25.14,17.55,-
16-Mar-17,25.16,25.16,25.16,25.16,17.56,-
17-Mar-17,25.18,25.18,25.18,25.18,17.58,-
20-Mar-17,25.18,25.18,25.18,25.18,17.58,-
21-Mar-17,25.04,25.04,25.04,25.04,17.48,-
22-Mar-17,25.06,25.06,25.06,25.06,17.49,-
23-Mar-17,25.07,25.07,25.07,25.07,17.5,-
24-Mar-17,25.09,25.09,25.09,25.09,17.51,-
27-Mar-17,25.11,25.11,25.11,25.11,17.53,-
28-Mar-17,25.18,25.18,25.18,25.18,17.58,-
29-Mar-17,25.23,25.23,25.23,25.23,17.61,-
30-Mar-17,25.22,25.22,25.22,25.22,17.61,-
31-Mar-17,25.2,25.2,25.2,25.2,17.59,-
3-Apr-17,25.2,25.2,25.2,25.2,17.59,-
4-Apr-17,25.2,25.2,25.2,25.2,17.59,-
5-Apr-17,25.16,25.16,25.16,25.16,17.56,-
6-Apr-17,25.18,25.18,25.18,25.18,17.58,-
7-Apr-17,25.16,25.16,25.16,25.16,17.56,-
10-Apr-17,25.17,25.17,25.17,25.17,17.57,-
11-Apr-17,25.21,25.21,25.21,25.21,17.6,-
12-Apr-17,25.19,25.19,25.19,25.19,17.58,-
13-Apr-17,25.11,25.11,25.11,25.11,17.53,-
17-Apr-17,25.23,25.23,25.23,25.23,17.61,-
18-Apr-17,25.2,25.2,25.2,25.2,17.59,-
19-Apr-17,25.15,25.15,25.15,25.15,17.56,-
20-Apr-17,25.26,25.26,25.26,25.26,17.63,-
21-Apr-17,25.22,25.22,25.22,25.22,17.61,-
24-Apr-17,25.43,25.43,25.43,25.43,17.75,-
25-Apr-17,25.51,25.51,25.51,25.51,17.81,-
26-Apr-17,25.51,25.51,25.51,25.51,17.81,-
27-Apr-17,25.52,25.52,25.52,25.52,17.81,-
28-Apr-17,25.49,25.49,25.49,25.49,17.79,-
1-May-17,25.51,25.51,25.51,25.51,17.81,-
2-May-17,25.57,25.57,25.57,25.57,17.85,-
3-May-17,25.52,25.52,25.52,25.52,17.81,-
4-May-17,25.54,25.54,25.54,25.54,17.83,-
5-May-17,25.63,25.63,25.63,25.63,17.89,-
8-May-17,25.6,25.6,25.6,25.6,17.87,-
9-May-17,25.58,25.58,25.58,25.58,17.86,-
10-May-17,25.61,25.61,25.61,25.61,17.88,-
11-May-17,25.58,25.58,25.58,25.58,17.86,-
12-May-17,25.62,25.62,25.62,25.62,17.88,-
15-May-17,25.7,25.7,25.7,25.7,17.94,-
16-May-17,25.74,25.74,25.74,25.74,17.97,-
17-May-17,25.54,25.54,25.54,25.54,17.83,-
18-May-17,25.55,25.55,25.55,25.55,17.84,-
19-May-17,25.69,25.69,25.69,25.69,17.93,-
22-May-17,25.74,25.74,25.74,25.74,17.97,-
23-May-17,25.74,25.74,25.74,25.74,17.97,-
24-May-17,25.79,25.79,25.79,25.79,18.0,-
25-May-17,25.85,25.85,25.85,25.85,18.05,-
26-May-17,25.84,25.84,25.84,25.84,18.04,-
30-May-17,25.84,25.84,25.84,25.84,18.04,-
31-May-17,25.83,25.83,25.83,25.83,18.03,-
1-Jun-17,25.95,25.95,25.95,25.95,18.12,-
2-Jun-17,26.07,26.07,26.07,26.07,18.2,-
5-Jun-17,26.03,26.03,26.03,26.03,18.17,-
6-Jun-17,26.01,26.01,26.01,26.01,18.16,-
7-Jun-17,26,26.0,26.0,26.0,18.15,-
8-Jun-17,26.01,26.01,26.01,26.01,18.16,-
9-Jun-17,25.98,25.98,25.98,25.98,18.14,-
12-Jun-17,25.95,25.95,25.95,25.95,18.12,-
13-Jun-17,26.04,26.04,26.04,26.04,18.18,-
14-Jun-17,26.06,26.06,26.06,26.06,18.19,-
15-Jun-17,25.97,25.97,25.97,25.97,18.13,-
16-Jun-17,26,26.0,26.0,26.0,18.15,-
19-Jun-17,26.11,26.11,26.11,26.11,18.23,-
20-Jun-17,26,26.0,26.0,26.0,18.15,-
21-Jun-17,25.99,25.99,25.99,25.99,18.14,-
22-Jun-17,26,26.0,26.0,26.0,18.15,-
23-Jun-17,26.05,26.05,26.05,26.05,18.18,-
26-Jun-17,26.08,26.08,26.08,26.08,18.21,-
27-Jun-17,25.71,25.71,25.71,25.71,18.12,-
28-Jun-17,25.84,25.84,25.84,25.84,18.22,-
29-Jun-17,25.69,25.69,25.69,25.69,18.11,-
30-Jun-17,25.69,25.69,25.69,25.69,18.11,-
3-Jul-17,25.7,25.7,25.7,25.7,18.12,-
5-Jul-17,25.7,25.7,25.7,25.7,18.12,-
6-Jul-17,25.57,25.57,25.57,25.57,18.02,-
7-Jul-17,25.63,25.63,25.63,25.63,18.07,-
10-Jul-17,25.66,25.66,25.66,25.66,18.09,-
11-Jul-17,25.67,25.67,25.67,25.67,18.1,-
12-Jul-17,25.83,25.83,25.83,25.83,18.21,-
13-Jul-17,25.87,25.87,25.87,25.87,18.24,-
14-Jul-17,25.96,25.96,25.96,25.96,18.3,-
17-Jul-17,25.97,25.97,25.97,25.97,18.31,-
18-Jul-17,26,26.0,26.0,26.0,18.33,-
19-Jul-17,26.09,26.09,26.09,26.09,18.39,-
20-Jul-17,26.11,26.11,26.11,26.11,18.41,-
21-Jul-17,26.11,26.11,26.11,26.11,18.41,-
24-Jul-17,26.09,26.09,26.09,26.09,18.39,-
25-Jul-17,26.1,26.1,26.1,26.1,18.4,-
26-Jul-17,26.13,26.13,26.13,26.13,18.42,-
27-Jul-17,26.11,26.11,26.11,26.11,18.41,-
28-Jul-17,26.1,26.1,26.1,26.1,18.4,-
31-Jul-17,26.11,26.11,26.11,26.11,18.41,-
1-Aug-17,26.18,26.18,26.18,26.18,18.45,-
2-Aug-17,26.18,26.18,26.18,26.18,18.45,-
3-Aug-17,26.18,26.18,26.18,26.18,18.45,-
4-Aug-17,26.18,26.18,26.18,26.18,18.45,-
7-Aug-17,26.21,26.21,26.21,26.21,18.48,-
8-Aug-17,26.16,26.16,26.16,26.16,18.44,-
9-Aug-17,26.14,26.14,26.14,26.14,18.43,-
10-Aug-17,25.93,25.93,25.93,25.93,18.28,-
11-Aug-17,25.94,25.94,25.94,25.94,18.29,-
14-Aug-17,26.06,26.06,26.06,26.06,18.37,-
15-Aug-17,26.03,26.03,26.03,26.03,18.35,-
16-Aug-17,26.1,26.1,26.1,26.1,18.4,-
17-Aug-17,25.92,25.92,25.92,25.92,18.27,-
18-Aug-17,25.91,25.91,25.91,25.91,18.26,-
21-Aug-17,25.94,25.94,25.94,25.94,18.29,-
22-Aug-17,26.05,26.05,26.05,26.05,18.36,-
23-Aug-17,26.04,26.04,26.04,26.04,18.36,-
24-Aug-17,26.02,26.02,26.02,26.02,18.34,-
25-Aug-17,26.08,26.08,26.08,26.08,18.38,-
28-Aug-17,26.11,26.11,26.11,26.11,18.41,-
29-Aug-17,26.1,26.1,26.1,26.1,18.4,-
30-Aug-17,26.14,26.14,26.14,26.14,18.43,-
31-Aug-17,26.25,26.25,26.25,26.25,18.5,-
1-Sep-17,26.28,26.28,26.28,26.28,18.53,-
5-Sep-17,26.21,26.21,26.21,26.21,18.48,-
6-Sep-17,26.24,26.24,26.24,26.24,18.5,-
7-Sep-17,26.32,26.32,26.32,26.32,18.55,-
8-Sep-17,26.3,26.3,26.3,26.3,18.54,-
11-Sep-17,26.42,26.42,26.42,26.42,18.62,-
12-Sep-17,26.46,26.46,26.46,26.46,18.65,-
13-Sep-17,26.43,26.43,26.43,26.43,18.63,-
14-Sep-17,26.43,26.43,26.43,26.43,18.63,-
15-Sep-17,26.46,26.46,26.46,26.46,18.65,-
18-Sep-17,26.49,26.49,26.49,26.49,18.67,-
19-Sep-17,26.51,26.51,26.51,26.51,18.69,-
20-Sep-17,26.5,26.5,26.5,26.5,18.68,-
21-Sep-17,26.46,26.46,26.46,26.46,18.65,-
22-Sep-17,26.49,26.49,26.49,26.49,18.67,-
25-Sep-17,26.45,26.45,26.45,26.45,18.65,-
26-Sep-17,26.42,26.42,26.42,26.42,18.62,-
27-Sep-17,26.45,26.45,26.45,26.45,18.65,-
28-Sep-17,26.47,26.47,26.47,26.47,18.66,-
29-Sep-17,26.55,26.55,26.55,26.55,18.72,-
2-Oct-17,26.59,26.59,26.59,26.59,18.74,-
3-Oct-17,26.65,26.65,26.65,26.65,18.79,-
4-Oct-17,26.67,26.67,26.67,26.67,18.8,-
5-Oct-17,26.7,26.7,26.7,26.7,18.82,-
6-Oct-17,26.68,26.68,26.68,26.68,18.81,-
9-Oct-17,26.67,26.67,26.67,26.67,18.8,-
10-Oct-17,26.74,26.74,26.74,26.74,18.85,-
11-Oct-17,26.78,26.78,26.78,26.78,18.88,-
12-Oct-17,26.79,26.79,26.79,26.79,18.88,-
13-Oct-17,26.84,26.84,26.84,26.84,18.92,-
16-Oct-17,26.85,26.85,26.85,26.85,18.93,-
17-Oct-17,26.84,26.84,26.84,26.84,18.92,-
18-Oct-17,26.85,26.85,26.85,26.85,18.93,-
19-Oct-17,26.85,26.85,26.85,26.85,18.93,-
20-Oct-17,26.86,26.86,26.86,26.86,18.93,-
23-Oct-17,26.81,26.81,26.81,26.81,18.9,-
24-Oct-17,26.82,26.82,26.82,26.82,18.91,-
25-Oct-17,26.74,26.74,26.74,26.74,18.85,-
26-Oct-17,26.74,26.74,26.74,26.74,18.85,-
27-Oct-17,26.86,26.86,26.86,26.86,18.93,-
30-Oct-17,26.86,26.86,26.86,26.86,18.93,-
31-Oct-17,26.9,26.9,26.9,26.9,18.96,-
1-Nov-17,26.93,26.93,26.93,26.93,18.98,-
2-Nov-17,26.97,26.97,26.97,26.97,19.01,-
3-Nov-17,26.99,26.99,26.99,26.99,19.03,-
6-Nov-17,27.03,27.03,27.03,27.03,19.05,-
7-Nov-17,27,27.0,27.0,27.0,19.03,-
8-Nov-17,27.03,27.03,27.03,27.03,19.05,-
9-Nov-17,26.95,26.95,26.95,26.95,19.0,-
10-Nov-17,26.89,26.89,26.89,26.89,18.96,-
13-Nov-17,26.87,26.87,26.87,26.87,18.94,-
14-Nov-17,26.85,26.85,26.85,26.85,18.93,-
15-Nov-17,26.78,26.78,26.78,26.78,18.88,-
16-Nov-17,26.91,26.91,26.91,26.91,18.97,-
17-Nov-17,26.91,26.91,26.91,26.91,18.97,-
20-Nov-17,26.95,26.95,26.95,26.95,19.0,-
21-Nov-17,27.08,27.08,27.08,27.08,19.09,-
22-Nov-17,27.1,27.1,27.1,27.1,19.1,-
24-Nov-17,27.15,27.15,27.15,27.15,19.14,-
27-Nov-17,27.11,27.11,27.11,27.11,19.11,-
28-Nov-17,27.24,27.24,27.24,27.24,19.2,-
29-Nov-17,27.19,27.19,27.19,27.19,19.17,-
30-Nov-17,27.24,27.24,27.24,27.24,19.2,-
1-Dec-17,27.23,27.23,27.23,27.23,19.19,-
4-Dec-17,27.2,27.2,27.2,27.2,19.17,-
5-Dec-17,27.16,27.16,27.16,27.16,19.15,-
6-Dec-17,27.12,27.12,27.12,27.12,19.12,-
7-Dec-17,27.16,27.16,27.16,27.16,19.15,-
8-Dec-17,27.25,27.25,27.25,27.25,19.21,-
11-Dec-17,27.29,27.29,27.29,27.29,19.24,-
12-Dec-17,27.3,27.3,27.3,27.3,19.24,-
13-Dec-17,27.34,27.34,27.34,27.34,19.27,-
14-Dec-17,27.27,27.27,27.27,27.27,19.22,-
15-Dec-17,27.37,27.37,27.37,27.37,19.29,-
18-Dec-17,27.49,27.49,27.49,27.49,19.38,-
19-Dec-17,27.41,27.41,27.41,27.41,19.32,-
20-Dec-17,27.38,27.38,27.38,27.38,19.3,-
21-Dec-17,27.43,27.43,27.43,27.43,19.34,-
22-Dec-17,27.44,27.44,27.44,27.44,19.34,-
26-Dec-17,27.45,27.45,27.45,27.45,19.35,-
27-Dec-17,27.51,27.51,27.51,27.51,19.39,-
28-Dec-17,27.18,27.18,27.18,27.18,19.42,-
29-Dec-17,27.14,27.14,27.14,27.14,19.39,-
2-Jan-18,27.27,27.27,27.27,27.27,19.49,-
3-Jan-18,27.37,27.37,27.37,27.37,19.56,-
4-Jan-18,27.46,27.46,27.46,27.46,19.62,-
5-Jan-18,27.57,27.57,27.57,27.57,19.7,-
8-Jan-18,27.59,27.59,27.59,27.59,19.72,-
9-Jan-18,27.57,27.57,27.57,27.57,19.7,-
10-Jan-18,27.54,27.54,27.54,27.54,19.68,-
11-Jan-18,27.67,27.67,27.67,27.67,19.77,-
12-Jan-18,27.78,27.78,27.78,27.78,19.85,-
16-Jan-18,27.75,27.75,27.75,27.75,19.83,-
17-Jan-18,27.87,27.87,27.87,27.87,19.92,-
18-Jan-18,27.82,27.82,27.82,27.82,19.88,-
19-Jan-18,27.9,27.9,27.9,27.9,19.94,-
22-Jan-18,28.02,28.02,28.02,28.02,20.02,-
23-Jan-18,28.08,28.08,28.08,28.08,20.07,-
24-Jan-18,28.09,28.09,28.09,28.09,20.07,-
25-Jan-18,28.09,28.09,28.09,28.09,20.07,-
26-Jan-18,28.25,28.25,28.25,28.25,20.19,-
29-Jan-18,28.09,28.09,28.09,28.09,20.07,-
30-Jan-18,27.9,27.9,27.9,27.9,19.94,-
31-Jan-18,27.92,27.92,27.92,27.92,19.95,-
1-Feb-18,27.89,27.89,27.89,27.89,19.93,-
2-Feb-18,27.53,27.53,27.53,27.53,19.67,-
5-Feb-18,26.94,26.94,26.94,26.94,19.25,-
6-Feb-18,27.14,27.14,27.14,27.14,19.39,-
7-Feb-18,26.99,26.99,26.99,26.99,19.29,-
8-Feb-18,26.49,26.49,26.49,26.49,18.93,-
9-Feb-18,26.64,26.64,26.64,26.64,19.04,-
12-Feb-18,26.84,26.84,26.84,26.84,19.18,-
13-Feb-18,26.87,26.87,26.87,26.87,19.2,-
14-Feb-18,27.1,27.1,27.1,27.1,19.37,-
15-Feb-18,27.28,27.28,27.28,27.28,19.49,-
16-Feb-18,27.31,27.31,27.31,27.31,19.52,-
20-Feb-18,27.2,27.2,27.2,27.2,19.44,-
21-Feb-18,27.11,27.11,27.11,27.11,19.37,-
22-Feb-18,27.14,27.14,27.14,27.14,19.39,-
23-Feb-18,27.4,27.4,27.4,27.4,19.58,-
26-Feb-18,27.55,27.55,27.55,27.55,19.69,-
27-Feb-18,27.31,27.31,27.31,27.31,19.52,-
28-Feb-18,27.14,27.14,27.14,27.14,19.39,-
1-Mar-18,26.99,26.99,26.99,26.99,19.29,-
2-Mar-18,27.04,27.04,27.04,27.04,19.32,-
5-Mar-18,27.16,27.16,27.16,27.16,19.41,-
6-Mar-18,27.23,27.23,27.23,27.23,19.46,-
7-Mar-18,27.25,27.25,27.25,27.25,19.47,-
8-Mar-18,27.31,27.31,27.31,27.31,19.52,-
9-Mar-18,27.53,27.53,27.53,27.53,19.67,-
12-Mar-18,27.54,27.54,27.54,27.54,19.68,-
13-Mar-18,27.46,27.46,27.46,27.46,19.62,-
14-Mar-18,27.42,27.42,27.42,27.42,19.59,-
15-Mar-18,27.4,27.4,27.4,27.4,19.58,-
16-Mar-18,27.42,27.42,27.42,27.42,19.59,-
19-Mar-18,27.22,27.22,27.22,27.22,19.45,-
20-Mar-18,27.23,27.23,27.23,27.23,19.46,-
21-Mar-18,27.24,27.24,27.24,27.24,19.47,-
22-Mar-18,26.9,26.9,26.9,26.9,19.22,-
23-Mar-18,26.63,26.63,26.63,26.63,19.03,-
26-Mar-18,26.99,26.99,26.99,26.99,19.29,-
27-Mar-18,26.79,26.79,26.79,26.79,19.14,-
28-Mar-18,26.78,26.78,26.78,26.78,19.14,-
29-Mar-18,26.98,26.98,26.98,26.98,19.28,-
2-Apr-18,26.69,26.69,26.69,26.69,19.07,-
3-Apr-18,26.85,26.85,26.85,26.85,19.19,-
4-Apr-18,26.95,26.95,26.95,26.95,19.26,-
5-Apr-18,27.06,27.06,27.06,27.06,19.34,-
6-Apr-18,26.82,26.82,26.82,26.82,19.17,-
9-Apr-18,26.89,26.89,26.89,26.89,19.22,-
10-Apr-18,27.12,27.12,27.12,27.12,19.38,-
11-Apr-18,27.07,27.07,27.07,27.07,19.34,-
12-Apr-18,27.14,27.14,27.14,27.14,19.39,-
13-Apr-18,27.11,27.11,27.11,27.11,19.37,-
16-Apr-18,27.2,27.2,27.2,27.2,19.44,-
17-Apr-18,27.33,27.33,27.33,27.33,19.53,-
18-Apr-18,27.35,27.35,27.35,27.35,19.54,-
19-Apr-18,27.27,27.27,27.27,27.27,19.49,-
20-Apr-18,27.12,27.12,27.12,27.12,19.38,-
23-Apr-18,27.09,27.09,27.09,27.09,19.36,-
24-Apr-18,26.93,26.93,26.93,26.93,19.24,-
25-Apr-18,26.91,26.91,26.91,26.91,19.23,-
26-Apr-18,27.06,27.06,27.06,27.06,19.34,-
27-Apr-18,27.1,27.1,27.1,27.1,19.37,-
30-Apr-18,27.01,27.01,27.01,27.01,19.3,-
1-May-18,27.01,27.01,27.01,27.01,19.3,-
2-May-18,26.93,26.93,26.93,26.93,19.24,-
3-May-18,26.93,26.93,26.93,26.93,19.24,-
4-May-18,27.07,27.07,27.07,27.07,19.34,-
7-May-18,27.11,27.11,27.11,27.11,19.37,-
8-May-18,27.11,27.11,27.11,27.11,19.37,-
9-May-18,27.21,27.21,27.21,27.21,19.44,-
10-May-18,27.36,27.36,27.36,27.36,19.55,-
11-May-18,27.41,27.41,27.41,27.41,19.59,-
14-May-18,27.41,27.41,27.41,27.41,19.59,-
15-May-18,27.25,27.25,27.25,27.25,19.47,-
16-May-18,27.3,27.3,27.3,27.3,19.51,-
17-May-18,27.29,27.29,27.29,27.29,19.5,-
18-May-18,27.27,27.27,27.27,27.27,19.49,-
21-May-18,27.37,27.37,27.37,27.37,19.56,-
22-May-18,27.34,27.34,27.34,27.34,19.54,-
23-May-18,27.34,27.34,27.34,27.34,19.54,-
24-May-18,27.32,27.32,27.32,27.32,19.52,-
25-May-18,27.3,27.3,27.3,27.3,19.51,-
29-May-18,27.14,27.14,27.14,27.14,19.39,-
30-May-18,27.3,27.3,27.3,27.3,19.51,-
31-May-18,27.21,27.21,27.21,27.21,19.44,-
1-Jun-18,27.36,27.36,27.36,27.36,19.55,-
4-Jun-18,27.42,27.42,27.42,27.42,19.59,-
5-Jun-18,27.44,27.44,27.44,27.44,19.61,-
6-Jun-18,27.54,27.54,27.54,27.54,19.68,-
7-Jun-18,27.52,27.52,27.52,27.52,19.67,-
8-Jun-18,27.54,27.54,27.54,27.54,19.68,-
11-Jun-18,27.57,27.57,27.57,27.57,19.7,-
12-Jun-18,27.57,27.57,27.57,27.57,19.7,-
13-Jun-18,27.52,27.52,27.52,27.52,19.67,-
14-Jun-18,27.55,27.55,27.55,27.55,19.69,-
15-Jun-18,27.24,27.24,27.24,27.24,19.65,-
18-Jun-18,27.2,27.2,27.2,27.2,19.62,-
19-Jun-18,27.1,27.1,27.1,27.1,19.55,-
20-Jun-18,27.12,27.12,27.12,27.12,19.57,-
21-Jun-18,27.01,27.01,27.01,27.01,19.49,-
22-Jun-18,27.09,27.09,27.09,27.09,19.55,-
25-Jun-18,26.86,26.86,26.86,26.86,19.38,-
26-Jun-18,26.89,26.89,26.89,26.89,19.4,-
27-Jun-18,26.76,26.76,26.76,26.76,19.31,-
28-Jun-18,26.83,26.83,26.83,26.83,19.36,-
29-Jun-18,26.9,26.9,26.9,26.9,19.41,-
2-Jul-18,26.87,26.87,26.87,26.87,19.39,-
3-Jul-18,26.85,26.85,26.85,26.85,19.37,-
5-Jul-18,26.98,26.98,26.98,26.98,19.47,-
6-Jul-18,27.12,27.12,27.12,27.12,19.57,-
9-Jul-18,27.26,27.26,27.26,27.26,19.67,-
10-Jul-18,27.29,27.29,27.29,27.29,19.69,-
11-Jul-18,27.13,27.13,27.13,27.13,19.57,-
12-Jul-18,27.26,27.26,27.26,27.26,19.67,-
13-Jul-18,27.3,27.3,27.3,27.3,19.7,-
16-Jul-18,27.26,27.26,27.26,27.26,19.67,-
17-Jul-18,27.32,27.32,27.32,27.32,19.71,-
18-Jul-18,27.34,27.34,27.34,27.34,19.73,-
19-Jul-18,27.3,27.3,27.3,27.3,19.7,-
20-Jul-18,27.3,27.3,27.3,27.3,19.7,-
23-Jul-18,27.27,27.27,27.27,27.27,19.68,-
24-Jul-18,27.35,27.35,27.35,27.35,19.73,-
25-Jul-18,27.49,27.49,27.49,27.49,19.83,-
26-Jul-18,27.44,27.44,27.44,27.44,19.8,-
27-Jul-18,27.38,27.38,27.38,27.38,19.75,-
30-Jul-18,27.31,27.31,27.31,27.31,19.7,-
31-Jul-18,27.39,27.39,27.39,27.39,19.76,-
1-Aug-18,27.33,27.33,27.33,27.33,19.72,-
2-Aug-18,27.33,27.33,27.33,27.33,19.72,-
3-Aug-18,27.4,27.4,27.4,27.4,19.77,-
6-Aug-18,27.43,27.43,27.43,27.43,19.79,-
7-Aug-18,27.48,27.48,27.48,27.48,19.83,-
8-Aug-18,27.47,27.47,27.47,27.47,19.82,-
9-Aug-18,27.47,27.47,27.47,27.47,19.82,-
10-Aug-18,27.32,27.32,27.32,27.32,19.71,-
13-Aug-18,27.21,27.21,27.21,27.21,19.63,-
14-Aug-18,27.29,27.29,27.29,27.29,19.69,-
15-Aug-18,27.13,27.13,27.13,27.13,19.57,-
16-Aug-18,27.24,27.24,27.24,27.24,19.65,-
17-Aug-18,27.31,27.31,27.31,27.31,19.7,-
20-Aug-18,27.39,27.39,27.39,27.39,19.76,-
21-Aug-18,27.46,27.46,27.46,27.46,19.81,-
22-Aug-18,27.5,27.5,27.5,27.5,19.84,-
23-Aug-18,27.43,27.43,27.43,27.43,19.79,-
24-Aug-18,27.54,27.54,27.54,27.54,19.87,-
27-Aug-18,27.68,27.68,27.68,27.68,19.97,-
28-Aug-18,27.66,27.66,27.66,27.66,19.96,-
29-Aug-18,27.74,27.74,27.74,27.74,20.01,-
30-Aug-18,27.64,27.64,27.64,27.64,19.94,-
31-Aug-18,27.62,27.62,27.62,27.62,19.93,-
4-Sep-18,27.51,27.51,27.51,27.51,19.85,-
5-Sep-18,27.42,27.42,27.42,27.42,19.78,-
6-Sep-18,27.38,27.38,27.38,27.38,19.75,-
7-Sep-18,27.3,27.3,27.3,27.3,19.7,-
10-Sep-18,27.33,27.33,27.33,27.33,19.72,-
11-Sep-18,27.36,27.36,27.36,27.36,19.74,-
12-Sep-18,27.39,27.39,27.39,27.39,19.76,-
13-Sep-18,27.48,27.48,27.48,27.48,19.83,-
14-Sep-18,27.5,27.5,27.5,27.5,19.84,-
17-Sep-18,27.43,27.43,27.43,27.43,19.79,-
18-Sep-18,27.52,27.52,27.52,27.52,19.86,-
19-Sep-18,27.53,27.53,27.53,27.53,19.86,-
20-Sep-18,27.69,27.69,27.69,27.69,19.98,-
21-Sep-18,27.71,27.71,27.71,27.71,19.99,-
24-Sep-18,27.62,27.62,27.62,27.62,19.93,-
25-Sep-18,27.63,27.63,27.63,27.63,19.93,-
26-Sep-18,27.63,27.63,27.63,27.63,19.93,-
27-Sep-18,27.64,27.64,27.64,27.64,19.94,-
28-Sep-18,27.61,27.61,27.61,27.61,19.92,-
1-Oct-18,27.61,27.61,27.61,27.61,19.92,-
2-Oct-18,27.57,27.57,27.57,27.57,19.89,-
3-Oct-18,27.52,27.52,27.52,27.52,19.86,-
4-Oct-18,27.32,27.32,27.32,27.32,19.71,-
5-Oct-18,27.2,27.2,27.2,27.2,19.62,-
8-Oct-18,27.15,27.15,27.15,27.15,19.59,-
9-Oct-18,27.13,27.13,27.13,27.13,19.57,-
10-Oct-18,26.68,26.68,26.68,26.68,19.25,-
11-Oct-18,26.42,26.42,26.42,26.42,19.06,-
12-Oct-18,26.59,26.59,26.59,26.59,19.18,-
15-Oct-18,26.53,26.53,26.53,26.53,19.14,-
16-Oct-18,26.85,26.85,26.85,26.85,19.37,-
17-Oct-18,26.8,26.8,26.8,26.8,19.34,-
18-Oct-18,26.56,26.56,26.56,26.56,19.16,-
19-Oct-18,26.56,26.56,26.56,26.56,19.16,-
22-Oct-18,26.5,26.5,26.5,26.5,19.12,-
23-Oct-18,26.38,26.38,26.38,26.38,19.03,-
24-Oct-18,25.96,25.96,25.96,25.96,18.73,-
25-Oct-18,26.19,26.19,26.19,26.19,18.9,-
26-Oct-18,26,26.0,26.0,26.0,18.76,-
29-Oct-18,25.9,25.9,25.9,25.9,18.69,-
30-Oct-18,26.11,26.11,26.11,26.11,18.84,-
31-Oct-18,26.26,26.26,26.26,26.26,18.95,-
1-Nov-18,26.48,26.48,26.48,26.48,19.11,-
2-Nov-18,26.42,26.42,26.42,26.42,19.06,-
5-Nov-18,26.48,26.48,26.48,26.48,19.11,-
6-Nov-18,26.54,26.54,26.54,26.54,19.15,-
7-Nov-18,26.83,26.83,26.83,26.83,19.36,-
8-Nov-18,26.73,26.73,26.73,26.73,19.29,-
9-Nov-18,26.6,26.6,26.6,26.6,19.19,-
12-Nov-18,26.32,26.32,26.32,26.32,18.99,-
13-Nov-18,26.33,26.33,26.33,26.33,19.0,-
14-Nov-18,26.27,26.27,26.27,26.27,18.95,-
15-Nov-18,26.42,26.42,26.42,26.42,19.06,-
16-Nov-18,26.47,26.47,26.47,26.47,19.1,-
19-Nov-18,26.25,26.25,26.25,26.25,18.94,-
20-Nov-18,25.97,25.97,25.97,25.97,18.74,-
21-Nov-18,26.09,26.09,26.09,26.09,18.82,-
23-Nov-18,26.01,26.01,26.01,26.01,18.77,-
26-Nov-18,26.23,26.23,26.23,26.23,18.92,-
27-Nov-18,26.24,26.24,26.24,26.24,18.93,-
28-Nov-18,26.54,26.54,26.54,26.54,19.15,-
29-Nov-18,26.52,26.52,26.52,26.52,19.13,-
30-Nov-18,26.59,26.59,26.59,26.59,19.18,-
3-Dec-18,26.8,26.8,26.8,26.8,19.34,-
4-Dec-18,26.37,26.37,26.37,26.37,19.03,-
6-Dec-18,26.29,26.29,26.29,26.29,18.97,-
7-Dec-18,26.03,26.03,26.03,26.03,18.78,-
10-Dec-18,25.99,25.99,25.99,25.99,18.75,-
11-Dec-18,25.97,25.97,25.97,25.97,18.74,-
12-Dec-18,26.12,26.12,26.12,26.12,18.85,-
13-Dec-18,26.11,26.11,26.11,26.11,18.84,-
14-Dec-18,25.87,25.87,25.87,25.87,18.67,-
17-Dec-18,25.63,25.63,25.63,25.63,18.49,-
18-Dec-18,25.65,25.65,25.65,25.65,18.51,-
19-Dec-18,25.49,25.49,25.49,25.49,18.39,-
20-Dec-18,25.31,25.31,25.31,25.31,18.26,-
21-Dec-18,25.02,25.02,25.02,25.02,18.05,-
24-Dec-18,24.77,24.77,24.77,24.77,17.87,-
26-Dec-18,25.31,25.31,25.31,25.31,18.26,-
27-Dec-18,25.38,25.38,25.38,25.38,18.31,-
28-Dec-18,24.68,24.68,24.68,24.68,18.35,-
31-Dec-18,24.8,24.8,24.8,24.8,18.44,-
2-Jan-19,24.8,24.8,24.8,24.8,18.44,-
3-Jan-19,24.57,24.57,24.57,24.57,18.27,-
4-Jan-19,25.01,25.01,25.01,25.01,18.6,-
7-Jan-19,25.11,25.11,25.11,25.11,18.67,-
8-Jan-19,25.23,25.23,25.23,25.23,18.76,-
9-Jan-19,25.36,25.36,25.36,25.36,18.86,-
10-Jan-19,25.42,25.42,25.42,25.42,18.9,-
11-Jan-19,25.42,25.42,25.42,25.42,18.9,-
14-Jan-19,25.33,25.33,25.33,25.33,18.84,-
15-Jan-19,25.47,25.47,25.47,25.47,18.94,-
16-Jan-19,25.52,25.52,25.52,25.52,18.98,-
17-Jan-19,25.6,25.6,25.6,25.6,19.04,-
18-Jan-19,25.77,25.77,25.77,25.77,19.16,-
22-Jan-19,25.58,25.58,25.58,25.58,19.02,-
23-Jan-19,25.62,25.62,25.62,25.62,19.05,-
24-Jan-19,25.68,25.68,25.68,25.68,19.1,-
25-Jan-19,25.83,25.83,25.83,25.83,19.21,-
28-Jan-19,25.73,25.73,25.73,25.73,19.13,-
29-Jan-19,25.76,25.76,25.76,25.76,19.16,-
30-Jan-19,25.98,25.98,25.98,25.98,19.32,-
31-Jan-19,26.11,26.11,26.11,26.11,19.42,-
1-Feb-19,26.1,26.1,26.1,26.1,19.41,-
4-Feb-19,26.17,26.17,26.17,26.17,19.46,-
5-Feb-19,26.28,26.28,26.28,26.28,19.54,-
6-Feb-19,26.24,26.24,26.24,26.24,19.51,-
7-Feb-19,26.09,26.09,26.09,26.09,19.4,-
8-Feb-19,26.08,26.08,26.08,26.08,19.4,-
11-Feb-19,26.07,26.07,26.07,26.07,19.39,-
12-Feb-19,26.26,26.26,26.26,26.26,19.53,-
13-Feb-19,26.28,26.28,26.28,26.28,19.54,-
14-Feb-19,26.28,26.28,26.28,26.28,19.54,-
15-Feb-19,26.44,26.44,26.44,26.44,19.66,-
19-Feb-19,26.5,26.5,26.5,26.5,19.71,-
20-Feb-19,26.56,26.56,26.56,26.56,19.75,-
21-Feb-19,26.48,26.48,26.48,26.48,19.69,-
22-Feb-19,26.61,26.61,26.61,26.61,19.79,-
25-Feb-19,26.65,26.65,26.65,26.65,19.82,-
26-Feb-19,26.66,26.66,26.66,26.66,19.83,-
27-Feb-19,26.62,26.62,26.62,26.62,19.8,-
28-Feb-19,26.55,26.55,26.55,26.55,19.74,-
1-Mar-19,26.62,26.62,26.62,26.62,19.8,-
4-Mar-19,26.59,26.59,26.59,26.59,19.77,-
5-Mar-19,26.59,26.59,26.59,26.59,19.77,-
6-Mar-19,26.51,26.51,26.51,26.51,19.71,-
7-Mar-19,26.39,26.39,26.39,26.39,19.63,-
8-Mar-19,26.35,26.35,26.35,26.35,19.6,-
11-Mar-19,26.55,26.55,26.55,26.55,19.74,-
12-Mar-19,26.61,26.61,26.61,26.61,19.79,-
13-Mar-19,26.71,26.71,26.71,26.71,19.86,-
14-Mar-19,26.68,26.68,26.68,26.68,19.84,-
15-Mar-19,26.81,26.81,26.81,26.81,19.94,-
18-Mar-19,26.89,26.89,26.89,26.89,20.0,-
19-Mar-19,26.88,26.88,26.88,26.88,19.99,-
20-Mar-19,26.88,26.88,26.88,26.88,19.99,-
21-Mar-19,27,27.0,27.0,27.0,20.08,-
22-Mar-19,26.74,26.74,26.74,26.74,19.89,-
25-Mar-19,26.73,26.73,26.73,26.73,19.88,-
26-Mar-19,26.85,26.85,26.85,26.85,19.97,-
27-Mar-19,26.81,26.81,26.81,26.81,19.94,-
28-Mar-19,26.85,26.85,26.85,26.85,19.97,-
29-Mar-19,26.94,26.94,26.94,26.94,20.03,-
1-Apr-19,27.09,27.09,27.09,27.09,20.15,-
2-Apr-19,27.11,27.11,27.11,27.11,20.16,-
3-Apr-19,27.16,27.16,27.16,27.16,20.2,-
4-Apr-19,27.19,27.19,27.19,27.19,20.22,-
5-Apr-19,27.25,27.25,27.25,27.25,20.27,-
8-Apr-19,27.27,27.27,27.27,27.27,20.28,-
9-Apr-19,27.19,27.19,27.19,27.19,20.22,-
10-Apr-19,27.28,27.28,27.28,27.28,20.29,-
11-Apr-19,27.24,27.24,27.24,27.24,20.26,-
12-Apr-19,27.31,27.31,27.31,27.31,20.31,-
15-Apr-19,27.32,27.32,27.32,27.32,20.32,-
16-Apr-19,27.32,27.32,27.32,27.32,20.32,-
17-Apr-19,27.3,27.3,27.3,27.3,20.3,-
18-Apr-19,27.33,27.33,27.33,27.33,20.32,-
22-Apr-19,27.32,27.32,27.32,27.32,20.32,-
23-Apr-19,27.43,27.43,27.43,27.43,20.4,-
24-Apr-19,27.39,27.39,27.39,27.39,20.37,-
25-Apr-19,27.35,27.35,27.35,27.35,20.34,-
26-Apr-19,27.46,27.46,27.46,27.46,20.42,-
29-Apr-19,27.48,27.48,27.48,27.48,20.44,-
30-Apr-19,27.51,27.51,27.51,27.51,20.46,-
1-May-19,27.39,27.39,27.39,27.39,20.37,-
2-May-19,27.35,27.35,27.35,27.35,20.34,-
3-May-19,27.52,27.52,27.52,27.52,20.47,-
6-May-19,27.42,27.42,27.42,27.42,20.39,-
7-May-19,27.18,27.18,27.18,27.18,20.21,-
8-May-19,27.15,27.15,27.15,27.15,20.19,-
9-May-19,27.07,27.07,27.07,27.07,20.13,-
10-May-19,27.13,27.13,27.13,27.13,20.18,-
13-May-19,26.78,26.78,26.78,26.78,19.92,-
14-May-19,26.91,26.91,26.91,26.91,20.01,-
15-May-19,27.02,27.02,27.02,27.02,20.09,-
16-May-19,27.12,27.12,27.12,27.12,20.17,-
17-May-19,27.01,27.01,27.01,27.01,20.09,-
20-May-19,26.91,26.91,26.91,26.91,20.01,-
21-May-19,27.03,27.03,27.03,27.03,20.1,-
22-May-19,26.99,26.99,26.99,26.99,20.07,-
23-May-19,26.83,26.83,26.83,26.83,19.95,-
24-May-19,26.9,26.9,26.9,26.9,20.0,-
28-May-19,26.83,26.83,26.83,26.83,19.95,-
29-May-19,26.73,26.73,26.73,26.73,19.88,-
30-May-19,26.78,26.78,26.78,26.78,19.92,-
31-May-19,26.67,26.67,26.67,26.67,19.83,-
3-Jun-19,26.73,26.73,26.73,26.73,19.88,-
4-Jun-19,26.98,26.98,26.98,26.98,20.06,-
5-Jun-19,27.05,27.05,27.05,27.05,20.12,-
6-Jun-19,27.12,27.12,27.12,27.12,20.17,-
7-Jun-19,27.32,27.32,27.32,27.32,20.32,-
10-Jun-19,27.36,27.36,27.36,27.36,20.35,-
11-Jun-19,27.4,27.4,27.4,27.4,20.38,-
12-Jun-19,27.34,27.34,27.34,27.34,20.33,-
13-Jun-19,27.41,27.41,27.41,27.41,20.38,-
14-Jun-19,27.34,27.34,27.34,27.34,20.33,-
17-Jun-19,27.35,27.35,27.35,27.35,20.34,-
18-Jun-19,27.57,27.57,27.57,27.57,20.5,-
19-Jun-19,27.67,27.67,27.67,27.67,20.58,-
20-Jun-19,27.86,27.86,27.86,27.86,20.72,-
21-Jun-19,27.79,27.79,27.79,27.79,20.67,-
24-Jun-19,27.79,27.79,27.79,27.79,20.67,-
25-Jun-19,27.66,27.66,27.66,27.66,20.57,-
26-Jun-19,27.63,27.63,27.63,27.63,20.55,-
27-Jun-19,27.75,27.75,27.75,27.75,20.64,-
28-Jun-19,27.55,27.55,27.55,27.55,20.7,-
1-Jul-19,27.67,27.67,27.67,27.67,20.79,-
2-Jul-19,27.73,27.73,27.73,27.73,20.84,-
3-Jul-19,27.87,27.87,27.87,27.87,20.95,-
5-Jul-19,27.78,27.78,27.78,27.78,20.88,-
8-Jul-19,27.67,27.67,27.67,27.67,20.79,-
9-Jul-19,27.67,27.67,27.67,27.67,20.79,-
10-Jul-19,27.73,27.73,27.73,27.73,20.84,-
11-Jul-19,27.71,27.71,27.71,27.71,20.82,-
12-Jul-19,27.78,27.78,27.78,27.78,20.88,-
15-Jul-19,27.8,27.8,27.8,27.8,20.89,-
16-Jul-19,27.75,27.75,27.75,27.75,20.85,-
17-Jul-19,27.7,27.7,27.7,27.7,20.82,-
18-Jul-19,27.77,27.77,27.77,27.77,20.87,-
19-Jul-19,27.69,27.69,27.69,27.69,20.81,-
22-Jul-19,27.72,27.72,27.72,27.72,20.83,-
23-Jul-19,27.82,27.82,27.82,27.82,20.91,-
24-Jul-19,27.9,27.9,27.9,27.9,20.97,-
25-Jul-19,27.78,27.78,27.78,27.78,20.88,-
26-Jul-19,27.87,27.87,27.87,27.87,20.95,-
29-Jul-19,27.85,27.85,27.85,27.85,20.93,-
30-Jul-19,27.79,27.79,27.79,27.79,20.88,-
31-Jul-19,27.64,27.64,27.64,27.64,20.77,-
1-Aug-19,27.57,27.57,27.57,27.57,20.72,-
2-Aug-19,27.44,27.44,27.44,27.44,20.62,-
5-Aug-19,27.03,27.03,27.03,27.03,20.31,-
6-Aug-19,27.21,27.21,27.21,27.21,20.45,-
7-Aug-19,27.25,27.25,27.25,27.25,20.48,-
8-Aug-19,27.52,27.52,27.52,27.52,20.68,-
9-Aug-19,27.38,27.38,27.38,27.38,20.58,-
12-Aug-19,27.25,27.25,27.25,27.25,20.48,-
13-Aug-19,27.41,27.41,27.41,27.41,20.6,-
14-Aug-19,27.03,27.03,27.03,27.03,20.31,-
15-Aug-19,27.11,27.11,27.11,27.11,20.37,-
16-Aug-19,27.32,27.32,27.32,27.32,20.53,-
19-Aug-19,27.43,27.43,27.43,27.43,20.61,-
20-Aug-19,27.37,27.37,27.37,27.37,20.57,-
21-Aug-19,27.48,27.48,27.48,27.48,20.65,-
22-Aug-19,27.43,27.43,27.43,27.43,20.61,-
23-Aug-19,27.15,27.15,27.15,27.15,20.4,-
26-Aug-19,27.27,27.27,27.27,27.27,20.49,-
27-Aug-19,27.28,27.28,27.28,27.28,20.5,-
28-Aug-19,27.36,27.36,27.36,27.36,20.56,-
29-Aug-19,27.52,27.52,27.52,27.52,20.68,-
30-Aug-19,27.57,27.57,27.57,27.57,20.72,-
3-Sep-19,27.48,27.48,27.48,27.48,20.65,-
4-Sep-19,27.68,27.68,27.68,27.68,20.8,-
5-Sep-19,27.81,27.81,27.81,27.81,20.9,-
6-Sep-19,27.85,27.85,27.85,27.85,20.93,-
9-Sep-19,27.82,27.82,27.82,27.82,20.91,-
10-Sep-19,27.78,27.78,27.78,27.78,20.88,-
11-Sep-19,27.92,27.92,27.92,27.92,20.98,-
12-Sep-19,27.96,27.96,27.96,27.96,21.01,-
13-Sep-19,27.92,27.92,27.92,27.92,20.98,-
16-Sep-19,27.9,27.9,27.9,27.9,20.97,-
17-Sep-19,27.95,27.95,27.95,27.95,21.01,-
18-Sep-19,27.95,27.95,27.95,27.95,21.01,-
19-Sep-19,27.97,27.97,27.97,27.97,21.02,-
20-Sep-19,27.95,27.95,27.95,27.95,21.01,-
23-Sep-19,27.95,27.95,27.95,27.95,21.01,-
24-Sep-19,27.86,27.86,27.86,27.86,20.94,-
25-Sep-19,27.87,27.87,27.87,27.87,20.95,-
26-Sep-19,27.87,27.87,27.87,27.87,20.95,-
27-Sep-19,27.79,27.79,27.79,27.79,20.88,-
30-Sep-19,27.86,27.86,27.86,27.86,20.94,-
1-Oct-19,27.69,27.69,27.69,27.69,20.81,-
2-Oct-19,27.43,27.43,27.43,27.43,20.61,-
3-Oct-19,27.57,27.57,27.57,27.57,20.72,-
4-Oct-19,27.77,27.77,27.77,27.77,20.87,-
7-Oct-19,27.7,27.7,27.7,27.7,20.82,-
8-Oct-19,27.49,27.49,27.49,27.49,20.66,-
9-Oct-19,27.6,27.6,27.6,27.6,20.74,-
10-Oct-19,27.66,27.66,27.66,27.66,20.79,-
11-Oct-19,27.84,27.84,27.84,27.84,20.92,-
14-Oct-19,27.83,27.83,27.83,27.83,20.92,-
15-Oct-19,27.97,27.97,27.97,27.97,21.02,-
16-Oct-19,27.96,27.96,27.96,27.96,21.01,-
17-Oct-19,28.02,28.02,28.02,28.02,21.06,-
18-Oct-19,27.97,27.97,27.97,27.97,21.02,-
21-Oct-19,28.06,28.06,28.06,28.06,21.09,-
22-Oct-19,28.03,28.03,28.03,28.03,21.07,-
23-Oct-19,28.08,28.08,28.08,28.08,21.1,-
24-Oct-19,28.13,28.13,28.13,28.13,21.14,-
25-Oct-19,28.17,28.17,28.17,28.17,21.17,-
28-Oct-19,28.23,28.23,28.23,28.23,21.22,-
29-Oct-19,28.23,28.23,28.23,28.23,21.22,-
30-Oct-19,28.31,28.31,28.31,28.31,21.28,-
31-Oct-19,28.29,28.29,28.29,28.29,21.26,-
1-Nov-19,28.45,28.45,28.45,28.45,21.38,-
4-Nov-19,28.51,28.51,28.51,28.51,21.43,-
5-Nov-19,28.46,28.46,28.46,28.46,21.39,-
6-Nov-19,28.48,28.48,28.48,28.48,21.4,-
7-Nov-19,28.49,28.49,28.49,28.49,21.41,-
8-Nov-19,28.49,28.49,28.49,28.49,21.41,-
11-Nov-19,28.45,28.45,28.45,28.45,21.38,-
12-Nov-19,28.48,28.48,28.48,28.48,21.4,-
13-Nov-19,28.47,28.47,28.47,28.47,21.4,-
14-Nov-19,28.5,28.5,28.5,28.5,21.42,-
15-Nov-19,28.62,28.62,28.62,28.62,21.51,-
18-Nov-19,28.64,28.64,28.64,28.64,21.52,-
19-Nov-19,28.66,28.66,28.66,28.66,21.54,-
20-Nov-19,28.61,28.61,28.61,28.61,21.5,-
21-Nov-19,28.55,28.55,28.55,28.55,21.46,-
22-Nov-19,28.59,28.59,28.59,28.59,21.49,-
25-Nov-19,28.74,28.74,28.74,28.74,21.6,-
26-Nov-19,28.78,28.78,28.78,28.78,21.63,-
27-Nov-19,28.84,28.84,28.84,28.84,21.67,-
29-Nov-19,28.74,28.74,28.74,28.74,21.6,-
2-Dec-19,28.58,28.58,28.58,28.58,21.48,-
3-Dec-19,28.55,28.55,28.55,28.55,21.46,-
4-Dec-19,28.64,28.64,28.64,28.64,21.52,-
5-Dec-19,28.65,28.65,28.65,28.65,21.53,-
6-Dec-19,28.78,28.78,28.78,28.78,21.63,-
9-Dec-19,28.74,28.74,28.74,28.74,21.6,-
10-Dec-19,28.73,28.73,28.73,28.73,21.59,-
11-Dec-19,28.82,28.82,28.82,28.82,21.66,-
12-Dec-19,28.91,28.91,28.91,28.91,21.73,-
13-Dec-19,29,29.0,29.0,29.0,21.79,-
16-Dec-19,29.11,29.11,29.11,29.11,21.88,-
17-Dec-19,29.13,29.13,29.13,29.13,21.89,-
18-Dec-19,29.11,29.11,29.11,29.11,21.88,-
19-Dec-19,29.17,29.17,29.17,29.17,21.92,-
20-Dec-19,29.23,29.23,29.23,29.23,21.97,-
23-Dec-19,29.23,29.23,29.23,29.23,21.97,-
24-Dec-19,29.25,29.25,29.25,29.25,21.98,-
26-Dec-19,29.33,29.33,29.33,29.33,22.04,-
27-Dec-19,28.93,28.93,28.93,28.93,22.07,-
30-Dec-19,28.83,28.83,28.83,28.83,21.99,-
31-Dec-19,28.86,28.86,28.86,28.86,22.02,-
2-Jan-20,29.04,29.04,29.04,29.04,22.15,-
3-Jan-20,28.96,28.96,28.96,28.96,22.09,-
6-Jan-20,28.98,28.98,28.98,28.98,22.11,-
7-Jan-20,28.94,28.94,28.94,28.94,22.08,-
8-Jan-20,28.97,28.97,28.97,28.97,22.1,-
9-Jan-20,29.07,29.07,29.07,29.07,22.18,-
10-Jan-20,29.06,29.06,29.06,29.06,22.17,-
13-Jan-20,29.17,29.17,29.17,29.17,22.25,-
14-Jan-20,29.17,29.17,29.17,29.17,22.25,-
15-Jan-20,29.21,29.21,29.21,29.21,22.28,-
16-Jan-20,29.32,29.32,29.32,29.32,22.37,-
17-Jan-20,29.37,29.37,29.37,29.37,22.41,-
21-Jan-20,29.31,29.31,29.31,29.31,22.36,-
22-Jan-20,29.34,29.34,29.34,29.34,22.38,-
23-Jan-20,29.35,29.35,29.35,29.35,22.39,-
24-Jan-20,29.24,29.24,29.24,29.24,22.31,-
27-Jan-20,28.98,28.98,28.98,28.98,22.11,-
28-Jan-20,29.12,29.12,29.12,29.12,22.21,-
29-Jan-20,29.13,29.13,29.13,29.13,22.22,-
30-Jan-20,29.13,29.13,29.13,29.13,22.22,-
31-Jan-20,28.87,28.87,28.87,28.87,22.02,-
3-Feb-20,28.96,28.96,28.96,28.96,22.09,-
4-Feb-20,29.2,29.2,29.2,29.2,22.28,-
5-Feb-20,29.34,29.34,29.34,29.34,22.38,-
6-Feb-20,29.41,29.41,29.41,29.41,22.44,-
7-Feb-20,29.32,29.32,29.32,29.32,22.37,-
10-Feb-20,29.42,29.42,29.42,29.42,22.44,-
11-Feb-20,29.49,29.49,29.49,29.49,22.5,-
12-Feb-20,29.57,29.57,29.57,29.57,22.56,-
13-Feb-20,29.54,29.54,29.54,29.54,22.54,-
14-Feb-20,29.56,29.56,29.56,29.56,22.55,-
18-Feb-20,29.51,29.51,29.51,29.51,22.51,-
19-Feb-20,29.6,29.6,29.6,29.6,22.58,-
20-Feb-20,29.54,29.54,29.54,29.54,22.54,-
21-Feb-20,29.42,29.42,29.42,29.42,22.44,-
24-Feb-20,28.86,28.86,28.86,28.86,22.02,-
25-Feb-20,28.46,28.46,28.46,28.46,21.71,-
26-Feb-20,28.39,28.39,28.39,28.39,21.66,-
27-Feb-20,27.79,27.79,27.79,27.79,21.2,-
28-Feb-20,27.71,27.71,27.71,27.71,21.14,-
2-Mar-20,28.23,28.23,28.23,28.23,21.54,-
3-Mar-20,27.95,27.95,27.95,27.95,21.32,-
4-Mar-20,28.52,28.52,28.52,28.52,21.76,-
5-Mar-20,28.09,28.09,28.09,28.09,21.43,-
6-Mar-20,27.85,27.85,27.85,27.85,21.25,-
9-Mar-20,26.54,26.54,26.54,26.54,20.25,-
10-Mar-20,27.07,27.07,27.07,27.07,20.65,-
11-Mar-20,26.25,26.25,26.25,26.25,20.03,-
12-Mar-20,24.61,24.61,24.61,24.61,18.77,-
13-Mar-20,25.61,25.61,25.61,25.61,19.54,-
16-Mar-20,23.85,23.85,23.85,23.85,18.19,-
17-Mar-20,24.42,24.42,24.42,24.42,18.63,-
18-Mar-20,23.42,23.42,23.42,23.42,17.87,-
19-Mar-20,23.5,23.5,23.5,23.5,17.93,-
20-Mar-20,23.25,23.25,23.25,23.25,17.74,-
23-Mar-20,22.96,22.96,22.96,22.96,17.52,-
24-Mar-20,24.15,24.15,24.15,24.15,18.42,-
25-Mar-20,24.48,24.48,24.48,24.48,18.68,-
26-Mar-20,25.37,25.37,25.37,25.37,19.35,-
27-Mar-20,24.93,24.93,24.93,24.93,19.02,-
30-Mar-20,25.31,25.31,25.31,25.31,19.31,-
31-Mar-20,25.14,25.14,25.14,25.14,19.18,-
1-Apr-20,24.54,24.54,24.54,24.54,18.72,-
2-Apr-20,24.82,24.82,24.82,24.82,18.93,-
3-Apr-20,24.55,24.55,24.55,24.55,18.73,-
6-Apr-20,25.46,25.46,25.46,25.46,19.42,-
7-Apr-20,25.49,25.49,25.49,25.49,19.45,-
8-Apr-20,25.9,25.9,25.9,25.9,19.76,-
9-Apr-20,26.2,26.2,26.2,26.2,19.99,-
13-Apr-20,26.09,26.09,26.09,26.09,19.9,-
14-Apr-20,26.52,26.52,26.52,26.52,20.23,-
15-Apr-20,26.14,26.14,26.14,26.14,19.94,-
16-Apr-20,26.21,26.21,26.21,26.21,19.99,-
17-Apr-20,26.62,26.62,26.62,26.62,20.31,-
20-Apr-20,26.38,26.38,26.38,26.38,20.12,-
21-Apr-20,25.95,25.95,25.95,25.95,19.8,-
22-Apr-20,26.25,26.25,26.25,26.25,20.03,-
23-Apr-20,26.28,26.28,26.28,26.28,20.05,-
24-Apr-20,26.46,26.46,26.46,26.46,20.19,-
27-Apr-20,26.7,26.7,26.7,26.7,20.37,-
28-Apr-20,26.74,26.74,26.74,26.74,20.4,-
29-Apr-20,27.19,27.19,27.19,27.19,20.74,-
30-Apr-20,26.98,26.98,26.98,26.98,20.58,-
1-May-20,26.56,26.56,26.56,26.56,20.26,-
4-May-20,26.57,26.57,26.57,26.57,20.27,-
5-May-20,26.68,26.68,26.68,26.68,20.35,-
6-May-20,26.56,26.56,26.56,26.56,20.26,-
7-May-20,26.78,26.78,26.78,26.78,20.43,-
8-May-20,27.04,27.04,27.04,27.04,20.63,-
11-May-20,27.01,27.01,27.01,27.01,20.61,-
12-May-20,26.75,26.75,26.75,26.75,20.41,-
13-May-20,26.53,26.53,26.53,26.53,20.24,-
14-May-20,26.63,26.63,26.63,26.63,20.32,-
15-May-20,26.66,26.66,26.66,26.66,20.34,-
18-May-20,27.17,27.17,27.17,27.17,20.73,-
19-May-20,27.05,27.05,27.05,27.05,20.64,-
20-May-20,27.36,27.36,27.36,27.36,20.87,-
21-May-20,27.24,27.24,27.24,27.24,20.78,-
22-May-20,27.23,27.23,27.23,27.23,20.77,-
26-May-20,27.53,27.53,27.53,27.53,21.0,-
27-May-20,27.77,27.77,27.77,27.77,21.18,-
28-May-20,27.76,27.76,27.76,27.76,21.18,-
29-May-20,27.86,27.86,27.86,27.86,21.25,-
1-Jun-20,28.01,28.01,28.01,28.01,21.37,-
2-Jun-20,28.2,28.2,28.2,28.2,21.51,-
3-Jun-20,28.47,28.47,28.47,28.47,21.72,-
4-Jun-20,28.41,28.41,28.41,28.41,21.67,-
5-Jun-20,28.8,28.8,28.8,28.8,21.97,-
8-Jun-20,29.02,29.02,29.02,29.02,22.14,-
9-Jun-20,28.88,28.88,28.88,28.88,22.03,-
10-Jun-20,28.86,28.86,28.86,28.86,22.02,-
11-Jun-20,27.89,27.89,27.89,27.89,21.28,-
12-Jun-20,28.12,28.12,28.12,28.12,21.45,-
15-Jun-20,28.22,28.22,28.22,28.22,21.53,-
16-Jun-20,28.51,28.51,28.51,28.51,21.75,-
17-Jun-20,28.48,28.48,28.48,28.48,21.73,-
18-Jun-20,28.49,28.49,28.49,28.49,21.73,-
19-Jun-20,28.43,28.43,28.43,28.43,21.69,-
22-Jun-20,28.56,28.56,28.56,28.56,21.79,-
23-Jun-20,28.64,28.64,28.64,28.64,21.85,-
24-Jun-20,28.22,28.22,28.22,28.22,21.53,-
25-Jun-20,28.4,28.4,28.4,28.4,21.67,-
26-Jun-20,27.86,27.86,27.86,27.86,21.43,-
29-Jun-20,28.06,28.06,28.06,28.06,21.58,-
30-Jun-20,28.23,28.23,28.23,28.23,21.71,-
1-Jul-20,28.29,28.29,28.29,28.29,21.76,-
2-Jul-20,28.45,28.45,28.45,28.45,21.88,-
6-Jul-20,28.75,28.75,28.75,28.75,22.11,-
7-Jul-20,28.58,28.58,28.58,28.58,21.98,-
8-Jul-20,28.74,28.74,28.74,28.74,22.1,-
9-Jul-20,28.66,28.66,28.66,28.66,22.04,-
10-Jul-20,28.79,28.79,28.79,28.79,22.14,-
13-Jul-20,28.65,28.65,28.65,28.65,22.03,-
14-Jul-20,28.85,28.85,28.85,28.85,22.19,-
15-Jul-20,29.04,29.04,29.04,29.04,22.33,-
16-Jul-20,28.95,28.95,28.95,28.95,22.27,-
17-Jul-20,29.03,29.03,29.03,29.03,22.33,-
20-Jul-20,29.19,29.19,29.19,29.19,22.45,-
21-Jul-20,29.26,29.26,29.26,29.26,22.5,-
22-Jul-20,29.33,29.33,29.33,29.33,22.56,-
23-Jul-20,29.18,29.18,29.18,29.18,22.44,-
24-Jul-20,29.06,29.06,29.06,29.06,22.35,-
27-Jul-20,29.23,29.23,29.23,29.23,22.48,-
28-Jul-20,29.14,29.14,29.14,29.14,22.41,-
29-Jul-20,29.36,29.36,29.36,29.36,22.58,-
30-Jul-20,29.27,29.27,29.27,29.27,22.51,-
31-Jul-20,29.24,29.24,29.24,29.24,22.49,-
3-Aug-20,29.39,29.39,29.39,29.39,22.6,-
4-Aug-20,29.53,29.53,29.53,29.53,22.71,-
5-Aug-20,29.64,29.64,29.64,29.64,22.8,-
6-Aug-20,29.72,29.72,29.72,29.72,22.86,-
7-Aug-20,29.65,29.65,29.65,29.65,22.8,-
10-Aug-20,29.68,29.68,29.68,29.68,22.83,-
11-Aug-20,29.6,29.6,29.6,29.6,22.77,-
12-Aug-20,29.84,29.84,29.84,29.84,22.95,-
13-Aug-20,29.77,29.77,29.77,29.77,22.9,-
14-Aug-20,29.73,29.73,29.73,29.73,22.87,-
17-Aug-20,29.83,29.83,29.83,29.83,22.94,-
18-Aug-20,29.88,29.88,29.88,29.88,22.98,-
19-Aug-20,29.79,29.79,29.79,29.79,22.91,-
20-Aug-20,29.8,29.8,29.8,29.8,22.92,-
21-Aug-20,29.83,29.83,29.83,29.83,22.94,-
24-Aug-20,30.01,30.01,30.01,30.01,23.08,-
25-Aug-20,30.05,30.05,30.05,30.05,23.11,-
26-Aug-20,30.19,30.19,30.19,30.19,23.22,-
27-Aug-20,30.12,30.12,30.12,30.12,23.17,-
28-Aug-20,30.25,30.25,30.25,30.25,23.27,-
31-Aug-20,30.18,30.18,30.18,30.18,23.21,-
1-Sep-20,30.34,30.34,30.34,30.34,23.33,-
2-Sep-20,30.57,30.57,30.57,30.57,23.51,-
3-Sep-20,30.03,30.03,30.03,30.03,23.1,-
4-Sep-20,29.89,29.89,29.89,29.89,22.99,-
8-Sep-20,29.52,29.52,29.52,29.52,22.7,-
9-Sep-20,29.83,29.83,29.83,29.83,22.94,-
10-Sep-20,29.57,29.57,29.57,29.57,22.74,-
11-Sep-20,29.65,29.65,29.65,29.65,22.8,-
14-Sep-20,29.89,29.89,29.89,29.89,22.99,-
15-Sep-20,29.98,29.98,29.98,29.98,23.06,-
16-Sep-20,29.95,29.95,29.95,29.95,23.03,-
17-Sep-20,29.86,29.86,29.86,29.86,22.97,-
18-Sep-20,29.71,29.71,29.71,29.71,22.85,-
21-Sep-20,29.44,29.44,29.44,29.44,22.64,-
22-Sep-20,29.53,29.53,29.53,29.53,22.71,-
23-Sep-20,29.19,29.19,29.19,29.19,22.45,-
24-Sep-20,29.19,29.19,29.19,29.19,22.45,-
25-Sep-20,29.38,29.38,29.38,29.38,22.6,-
28-Sep-20,29.66,29.66,29.66,29.66,22.81,-
29-Sep-20,29.61,29.61,29.61,29.61,22.77,-
30-Sep-20,29.69,29.69,29.69,29.69,22.83,-
1-Oct-20,29.82,29.82,29.82,29.82,22.93,-
2-Oct-20,29.69,29.69,29.69,29.69,22.83,-
5-Oct-20,29.96,29.96,29.96,29.96,23.04,-
6-Oct-20,29.79,29.79,29.79,29.79,22.91,-
7-Oct-20,30.04,30.04,30.04,30.04,23.1,-
8-Oct-20,30.2,30.2,30.2,30.2,23.23,-
9-Oct-20,30.34,30.34,30.34,30.34,23.33,-
12-Oct-20,30.57,30.57,30.57,30.57,23.51,-
13-Oct-20,30.47,30.47,30.47,30.47,23.43,-
14-Oct-20,30.38,30.38,30.38,30.38,23.37,-
15-Oct-20,30.3,30.3,30.3,30.3,23.3,-
16-Oct-20,30.31,30.31,30.31,30.31,23.31,-
19-Oct-20,30.11,30.11,30.11,30.11,23.16,-
20-Oct-20,30.18,30.18,30.18,30.18,23.21,-
21-Oct-20,30.13,30.13,30.13,30.13,23.17,-
22-Oct-20,30.17,30.17,30.17,30.17,23.2,-
23-Oct-20,30.26,30.26,30.26,30.26,23.27,-
26-Oct-20,29.96,29.96,29.96,29.96,23.04,-
27-Oct-20,29.91,29.91,29.91,29.91,23.0,-
28-Oct-20,29.36,29.36,29.36,29.36,22.58,-
29-Oct-20,29.51,29.51,29.51,29.51,22.7,-
30-Oct-20,29.27,29.27,29.27,29.27,22.51,-
2-Nov-20,29.51,29.51,29.51,29.51,22.7,-
3-Nov-20,29.84,29.84,29.84,29.84,22.95,-
4-Nov-20,30.22,30.22,30.22,30.22,23.24,-
5-Nov-20,30.63,30.63,30.63,30.63,23.56,-
6-Nov-20,30.63,30.63,30.63,30.63,23.56,-
9-Nov-20,30.84,30.84,30.84,30.84,23.72,-
10-Nov-20,30.85,30.85,30.85,30.85,23.73,-
11-Nov-20,31.01,31.01,31.01,31.01,23.85,-
12-Nov-20,30.86,30.86,30.86,30.86,23.73,-
13-Nov-20,31.1,31.1,31.1,31.1,23.92,-
16-Nov-20,31.32,31.32,31.32,31.32,24.09,-
17-Nov-20,31.32,31.32,31.32,31.32,24.09,-
18-Nov-20,31.2,31.2,31.2,31.2,24.0,-
19-Nov-20,31.3,31.3,31.3,31.3,24.07,-
20-Nov-20,31.28,31.28,31.28,31.28,24.06,-
23-Nov-20,31.38,31.38,31.38,31.38,24.13,-
24-Nov-20,31.65,31.65,31.65,31.65,24.34,-
25-Nov-20,31.61,31.61,31.61,31.61,24.31,-
27-Nov-20,31.75,31.75,31.75,31.75,24.42,-
30-Nov-20,31.54,31.54,31.54,31.54,24.26,-
1-Dec-20,31.76,31.76,31.76,31.76,24.43,-
2-Dec-20,31.78,31.78,31.78,31.78,24.44,-
3-Dec-20,31.86,31.86,31.86,31.86,24.5,-
4-Dec-20,32.01,32.01,32.01,32.01,24.62,-
7-Dec-20,31.99,31.99,31.99,31.99,24.6,-
8-Dec-20,32.06,32.06,32.06,32.06,24.66,-
9-Dec-20,31.94,31.94,31.94,31.94,24.56,-
10-Dec-20,32,32.0,32.0,32.0,24.61,-
11-Dec-20,31.97,31.97,31.97,31.97,24.59,-
14-Dec-20,31.93,31.93,31.93,31.93,24.56,-
15-Dec-20,32.14,32.14,32.14,32.14,24.72,-
16-Dec-20,32.19,32.19,32.19,32.19,24.76,-
17-Dec-20,32.34,32.34,32.34,32.34,24.87,-
18-Dec-20,32.28,32.28,32.28,32.28,24.83,-
21-Dec-20,32.16,32.16,32.16,32.16,24.73,-
22-Dec-20,32.13,32.13,32.13,32.13,24.71,-
23-Dec-20,32.2,32.2,32.2,32.2,24.76,-
24-Dec-20,32.24,32.24,32.24,32.24,24.8,-
28-Dec-20,32.35,32.35,32.35,32.35,24.88,-
29-Dec-20,32.38,32.38,32.38,32.38,24.9,-
30-Dec-20,31.6,31.6,31.6,31.6,24.97,-
31-Dec-20,31.65,31.65,31.65,31.65,25.01,-
4-Jan-21,31.5,31.5,31.5,31.5,24.89,-
5-Jan-21,31.68,31.68,31.68,31.68,25.03,-
6-Jan-21,31.76,31.76,31.76,31.76,25.1,-
7-Jan-21,31.97,31.97,31.97,31.97,25.26,-
8-Jan-21,32.1,32.1,32.1,32.1,25.36,-
11-Jan-21,31.94,31.94,31.94,31.94,25.24,-
12-Jan-21,32.02,32.02,32.02,32.02,25.3,-
13-Jan-21,32.06,32.06,32.06,32.06,25.33,-
14-Jan-21,32.09,32.09,32.09,32.09,25.36,-
15-Jan-21,31.9,31.9,31.9,31.9,25.21,-
19-Jan-21,32.09,32.09,32.09,32.09,25.36,-
20-Jan-21,32.32,32.32,32.32,32.32,25.54,-
21-Jan-21,32.29,32.29,32.29,32.29,25.51,-
22-Jan-21,32.22,32.22,32.22,32.22,25.46,-
25-Jan-21,32.29,32.29,32.29,32.29,25.51,-
26-Jan-21,32.23,32.23,32.23,32.23,25.47,-
27-Jan-21,32.23,32.23,32.23,32.23,25.47,-
28-Jan-21,31.9,31.9,31.9,31.9,25.21,-
29-Jan-21,31.51,31.51,31.51,31.51,24.9,-
1-Feb-21,31.86,31.86,31.86,31.86,25.18,-
2-Feb-21,32.08,32.08,32.08,32.08,25.35,-
3-Feb-21,32.12,32.12,32.12,32.12,25.38,-
4-Feb-21,32.26,32.26,32.26,32.26,25.49,-
5-Feb-21,32.35,32.35,32.35,32.35,25.56,-
8-Feb-21,32.53,32.53,32.53,32.53,25.7,-
9-Feb-21,32.58,32.58,32.58,32.58,25.74,-
10-Feb-21,32.59,32.59,32.59,32.59,25.75,-
11-Feb-21,32.66,32.66,32.66,32.66,25.81,-
12-Feb-21,32.71,32.71,32.71,32.71,25.85,-
16-Feb-21,32.69,32.69,32.69,32.69,25.83,-
17-Feb-21,32.66,32.66,32.66,32.66,25.81,-
18-Feb-21,32.52,32.52,32.52,32.52,25.7,-
19-Feb-21,32.53,32.53,32.53,32.53,25.7,-
22-Feb-21,32.34,32.34,32.34,32.34,25.55,-
23-Feb-21,32.34,32.34,32.34,32.34,25.55,-
24-Feb-21,32.45,32.45,32.45,32.45,25.64,-
25-Feb-21,31.93,31.93,31.93,31.93,25.23,-
26-Feb-21,31.85,31.85,31.85,31.85,25.17,-
1-Mar-21,32.29,32.29,32.29,32.29,25.51,-
2-Mar-21,32.17,32.17,32.17,32.17,25.42,-
3-Mar-21,31.95,31.95,31.95,31.95,25.25,-
4-Mar-21,31.62,31.62,31.62,31.62,24.99,-
5-Mar-21,31.88,31.88,31.88,31.88,25.19,-
8-Mar-21,31.69,31.69,31.69,31.69,25.04,-
9-Mar-21,32.02,32.02,32.02,32.02,25.3,-
10-Mar-21,32.14,32.14,32.14,32.14,25.4,-
11-Mar-21,32.4,32.4,32.4,32.4,25.6,-
12-Mar-21,32.34,32.34,32.34,32.34,25.55,-
15-Mar-21,32.45,32.45,32.45,32.45,25.64,-
16-Mar-21,32.42,32.42,32.42,32.42,25.62,-
17-Mar-21,32.47,32.47,32.47,32.47,25.66,-
18-Mar-21,32.16,32.16,32.16,32.16,25.41,-
19-Mar-21,32.19,32.19,32.19,32.19,25.44,-
22-Mar-21,32.31,32.31,32.31,32.31,25.53,-
23-Mar-21,32.09,32.09,32.09,32.09,25.36,-
24-Mar-21,31.93,31.93,31.93,31.93,25.23,-
25-Mar-21,32.04,32.04,32.04,32.04,25.32,-
26-Mar-21,32.31,32.31,32.31,32.31,25.53,-
29-Mar-21,32.22,32.22,32.22,32.22,25.46,-
30-Mar-21,32.21,32.21,32.21,32.21,25.45,-
31-Mar-21,32.26,32.26,32.26,32.26,25.49,-
1-Apr-21,32.55,32.55,32.55,32.55,25.72,-
5-Apr-21,32.76,32.76,32.76,32.76,25.89,-
6-Apr-21,32.76,32.76,32.76,32.76,25.89,-
7-Apr-21,32.73,32.73,32.73,32.73,25.86,-
8-Apr-21,32.88,32.88,32.88,32.88,25.98,-
9-Apr-21,32.93,32.93,32.93,32.93,26.02,-
12-Apr-21,32.88,32.88,32.88,32.88,25.98,-
13-Apr-21,32.98,32.98,32.98,32.98,26.06,-
14-Apr-21,32.95,32.95,32.95,32.95,26.04,-
15-Apr-21,33.19,33.19,33.19,33.19,26.23,-
16-Apr-21,33.25,33.25,33.25,33.25,26.27,-
19-Apr-21,33.13,33.13,33.13,33.13,26.18,-
20-Apr-21,32.96,32.96,32.96,32.96,26.04,-
21-Apr-21,33.16,33.16,33.16,33.16,26.2,-
22-Apr-21,33.04,33.04,33.04,33.04,26.11,-
23-Apr-21,33.28,33.28,33.28,33.28,26.3,-
26-Apr-21,33.32,33.32,33.32,33.32,26.33,-
27-Apr-21,33.28,33.28,33.28,33.28,26.3,-
28-Apr-21,33.3,33.3,33.3,33.3,26.31,-
29-Apr-21,33.34,33.34,33.34,33.34,26.34,-
30-Apr-21,33.14,33.14,33.14,33.14,26.19,-
3-May-21,33.23,33.23,33.23,33.23,26.26,-
4-May-21,33.06,33.06,33.06,33.06,26.12,-
5-May-21,33.13,33.13,33.13,33.13,26.18,-
6-May-21,33.27,33.27,33.27,33.27,26.29,-
7-May-21,33.45,33.45,33.45,33.45,26.43,-
10-May-21,33.24,33.24,33.24,33.24,26.27,-
11-May-21,33.04,33.04,33.04,33.04,26.11,-
12-May-21,32.58,32.58,32.58,32.58,25.74,-
13-May-21,32.75,32.75,32.75,32.75,25.88,-
14-May-21,33.1,33.1,33.1,33.1,26.15,-
17-May-21,33.05,33.05,33.05,33.05,26.12,-
18-May-21,33.01,33.01,33.01,33.01,26.08,-
19-May-21,32.89,32.89,32.89,32.89,25.99,-
20-May-21,33.15,33.15,33.15,33.15,26.19,-
21-May-21,33.13,33.13,33.13,33.13,26.18,-
24-May-21,33.3,33.3,33.3,33.3,26.31,-
25-May-21,33.32,33.32,33.32,33.32,26.33,-
26-May-21,33.4,33.4,33.4,33.4,26.39,-
27-May-21,33.43,33.43,33.43,33.43,26.42,-
28-May-21,33.47,33.47,33.47,33.47,26.45,-
1-Jun-21,33.54,33.54,33.54,33.54,26.5,-
2-Jun-21,33.59,33.59,33.59,33.59,26.54,-
3-Jun-21,33.47,33.47,33.47,33.47,26.45,-
4-Jun-21,33.69,33.69,33.69,33.69,26.62,-
7-Jun-21,33.7,33.7,33.7,33.7,26.63,-
8-Jun-21,33.73,33.73,33.73,33.73,26.65,-
9-Jun-21,33.69,33.69,33.69,33.69,26.62,-
10-Jun-21,33.81,33.81,33.81,33.81,26.72,-
11-Jun-21,33.85,33.85,33.85,33.85,26.75,-
14-Jun-21,33.86,33.86,33.86,33.86,26.76,-
15-Jun-21,33.8,33.8,33.8,33.8,26.71,-
16-Jun-21,33.65,33.65,33.65,33.65,26.59,-
17-Jun-21,33.64,33.64,33.64,33.64,26.58,-
18-Jun-21,33.38,33.38,33.38,33.38,26.38,-
21-Jun-21,33.61,33.61,33.61,33.61,26.56,-
22-Jun-21,33.68,33.68,33.68,33.68,26.61,-
23-Jun-21,33.64,33.64,33.64,33.64,26.58,-
24-Jun-21,33.8,33.8,33.8,33.8,26.71,-
25-Jun-21,33.85,33.85,33.85,33.85,26.75,-
28-Jun-21,33.65,33.65,33.65,33.65,26.77,-
29-Jun-21,33.64,33.64,33.64,33.64,26.76,-
30-Jun-21,33.61,33.61,33.61,33.61,26.74,-
1-Jul-21,33.67,33.67,33.67,33.67,26.79,-
2-Jul-21,33.79,33.79,33.79,33.79,26.88,-
6-Jul-21,33.74,33.74,33.74,33.74,26.84,-
7-Jul-21,33.8,33.8,33.8,33.8,26.89,-
8-Jul-21,33.58,33.58,33.58,33.58,26.71,-
9-Jul-21,33.83,33.83,33.83,33.83,26.91,-
12-Jul-21,33.88,33.88,33.88,33.88,26.95,-
13-Jul-21,33.76,33.76,33.76,33.76,26.86,-
14-Jul-21,33.8,33.8,33.8,33.8,26.89,-
15-Jul-21,33.74,33.74,33.74,33.74,26.84,-
16-Jul-21,33.58,33.58,33.58,33.58,26.71,-
19-Jul-21,33.32,33.32,33.32,33.32,26.51,-
20-Jul-21,33.57,33.57,33.57,33.57,26.71,-
21-Jul-21,33.74,33.74,33.74,33.74,26.84,-
22-Jul-21,33.79,33.79,33.79,33.79,26.88,-
23-Jul-21,33.92,33.92,33.92,33.92,26.98,-
26-Jul-21,33.9,33.9,33.9,33.9,26.97,-
27-Jul-21,33.79,33.79,33.79,33.79,26.88,-
28-Jul-21,33.91,33.91,33.91,33.91,26.98,-
29-Jul-21,34.01,34.01,34.01,34.01,27.06,-
30-Jul-21,33.89,33.89,33.89,33.89,26.96,-
2-Aug-21,33.95,33.95,33.95,33.95,27.01,-
3-Aug-21,34.09,34.09,34.09,34.09,27.12,-
4-Aug-21,34.02,34.02,34.02,34.02,27.06,-
5-Aug-21,34.12,34.12,34.12,34.12,27.14,-
6-Aug-21,34.04,34.04,34.04,34.04,27.08,-
9-Aug-21,34.01,34.01,34.01,34.01,27.06,-
10-Aug-21,34.02,34.02,34.02,34.02,27.06,-
11-Aug-21,34.1,34.1,34.1,34.1,27.13,-
12-Aug-21,34.11,34.11,34.11,34.11,27.14,-
13-Aug-21,34.17,34.17,34.17,34.17,27.18,-
16-Aug-21,34.14,34.14,34.14,34.14,27.16,-
17-Aug-21,33.95,33.95,33.95,33.95,27.01,-
18-Aug-21,33.82,33.82,33.82,33.82,26.9,-
19-Aug-21,33.72,33.72,33.72,33.72,26.82,-
20-Aug-21,33.85,33.85,33.85,33.85,26.93,-
23-Aug-21,34.06,34.06,34.06,34.06,27.1,-
24-Aug-21,34.16,34.16,34.16,34.16,27.17,-
25-Aug-21,34.18,34.18,34.18,34.18,27.19,-
26-Aug-21,34.04,34.04,34.04,34.04,27.08,-
27-Aug-21,34.28,34.28,34.28,34.28,27.27,-
30-Aug-21,34.35,34.35,34.35,34.35,27.33,-
31-Aug-21,34.34,34.34,34.34,34.34,27.32,-
1-Sep-21,34.43,34.43,34.43,34.43,27.39,-
2-Sep-21,34.51,34.51,34.51,34.51,27.45,-
3-Sep-21,34.52,34.52,34.52,34.52,27.46,-
7-Sep-21,34.44,34.44,34.44,34.44,27.4,-
8-Sep-21,34.35,34.35,34.35,34.35,27.33,-
9-Sep-21,34.34,34.34,34.34,34.34,27.32,-
10-Sep-21,34.19,34.19,34.19,34.19,27.2,-
13-Sep-21,34.27,34.27,34.27,34.27,27.26,-
14-Sep-21,34.19,34.19,34.19,34.19,27.2,-
15-Sep-21,34.29,34.29,34.29,34.29,27.28,-
16-Sep-21,34.23,34.23,34.23,34.23,27.23,-
17-Sep-21,34.03,34.03,34.03,34.03,27.07,-
20-Sep-21,33.67,33.67,33.67,33.67,26.79,-
21-Sep-21,33.75,33.75,33.75,33.75,26.85,-
22-Sep-21,33.93,33.93,33.93,33.93,26.99,-
23-Sep-21,34.1,34.1,34.1,34.1,27.13,-
24-Sep-21,34.01,34.01,34.01,34.01,27.06,-
27-Sep-21,33.97,33.97,33.97,33.97,27.02,-
28-Sep-21,33.51,33.51,33.51,33.51,26.66,-
29-Sep-21,33.51,33.51,33.51,33.51,26.66,-
30-Sep-21,33.37,33.37,33.37,33.37,26.55,-
1-Oct-21,33.56,33.56,33.56,33.56,26.7,-
4-Oct-21,33.3,33.3,33.3,33.3,26.49,-
5-Oct-21,33.44,33.44,33.44,33.44,26.6,-
6-Oct-21,33.44,33.44,33.44,33.44,26.6,-
7-Oct-21,33.61,33.61,33.61,33.61,26.74,-
8-Oct-21,33.56,33.56,33.56,33.56,26.7,-
11-Oct-21,33.43,33.43,33.43,33.43,26.59,-
12-Oct-21,33.45,33.45,33.45,33.45,26.61,-
13-Oct-21,33.61,33.61,33.61,33.61,26.74,-
14-Oct-21,33.93,33.93,33.93,33.93,26.99,-
15-Oct-21,34.03,34.03,34.03,34.03,27.07,-
18-Oct-21,34.05,34.05,34.05,34.05,27.09,-
19-Oct-21,34.17,34.17,34.17,34.17,27.18,-
20-Oct-21,34.23,34.23,34.23,34.23,27.23,-
21-Oct-21,34.2,34.2,34.2,34.2,27.21,-
22-Oct-21,34.23,34.23,34.23,34.23,27.23,-
25-Oct-21,34.3,34.3,34.3,34.3,27.29,-
26-Oct-21,34.33,34.33,34.33,34.33,27.31,-
27-Oct-21,34.24,34.24,34.24,34.24,27.24,-
28-Oct-21,34.42,34.42,34.42,34.42,27.38,-
29-Oct-21,34.35,34.35,34.35,34.35,27.33,-
1-Nov-21,34.48,34.48,34.48,34.48,27.43,-
2-Nov-21,34.51,34.51,34.51,34.51,27.45,-
3-Nov-21,34.64,34.64,34.64,34.64,27.56,-
4-Nov-21,34.72,34.72,34.72,34.72,27.62,-
5-Nov-21,34.84,34.84,34.84,34.84,27.72,-
8-Nov-21,34.87,34.87,34.87,34.87,27.74,-
9-Nov-21,34.86,34.86,34.86,34.86,27.73,-
10-Nov-21,34.56,34.56,34.56,34.56,27.49,-
11-Nov-21,34.61,34.61,34.61,34.61,27.53,-
12-Nov-21,34.76,34.76,34.76,34.76,27.65,-
15-Nov-21,34.69,34.69,34.69,34.69,27.6,-
16-Nov-21,34.73,34.73,34.73,34.73,27.63,-
17-Nov-21,34.68,34.68,34.68,34.68,27.59,-
18-Nov-21,34.69,34.69,34.69,34.69,27.6,-
19-Nov-21,34.65,34.65,34.65,34.65,27.56,-
22-Nov-21,34.45,34.45,34.45,34.45,27.41,-
23-Nov-21,34.4,34.4,34.4,34.4,27.37,-
24-Nov-21,34.44,34.44,34.44,34.44,27.4,-
26-Nov-21,34.03,34.03,34.03,34.03,27.07,-
29-Nov-21,34.17,34.17,34.17,34.17,27.18,-
30-Nov-21,33.88,33.88,33.88,33.88,26.95,-
1-Dec-21,33.71,33.71,33.71,33.71,26.82,-
2-Dec-21,34,34.0,34.0,34.0,27.05,-
3-Dec-21,33.84,33.84,33.84,33.84,26.92,-
6-Dec-21,34.02,34.02,34.02,34.02,27.06,-
7-Dec-21,34.43,34.43,34.43,34.43,27.39,-
8-Dec-21,34.47,34.47,34.47,34.47,27.42,-
9-Dec-21,34.31,34.31,34.31,34.31,27.29,-
10-Dec-21,34.4,34.4,34.4,34.4,27.37,-
13-Dec-21,34.23,34.23,34.23,34.23,27.23,-
14-Dec-21,34.07,34.07,34.07,34.07,27.1,-
15-Dec-21,34.32,34.32,34.32,34.32,27.3,-
16-Dec-21,34.21,34.21,34.21,34.21,27.21,-
17-Dec-21,34.07,34.07,34.07,34.07,27.1,-
20-Dec-21,33.83,33.83,33.83,33.83,26.91,-
21-Dec-21,34.16,34.16,34.16,34.16,27.17,-
22-Dec-21,34.36,34.36,34.36,34.36,27.33,-
23-Dec-21,34.46,34.46,34.46,34.46,27.41,-
27-Dec-21,34.67,34.67,34.67,34.67,27.58,-
28-Dec-21,34.65,34.65,34.65,34.65,27.56,-
29-Dec-21,33.56,33.56,33.56,33.56,27.55,-
30-Dec-21,33.56,33.56,33.56,33.56,27.55,-
31-Dec-21,33.54,33.54,33.54,33.54,27.53,-
3-Jan-22,33.56,33.56,33.56,33.56,27.55,-
4-Jan-22,33.55,33.55,33.55,33.55,27.54,-
5-Jan-22,33.17,33.17,33.17,33.17,27.23,-
6-Jan-22,33.13,33.13,33.13,33.13,27.19,-
7-Jan-22,33.07,33.07,33.07,33.07,27.14,-
10-Jan-22,32.99,32.99,32.99,32.99,27.08,-
11-Jan-22,33.24,33.24,33.24,33.24,27.28,-
12-Jan-22,33.35,33.35,33.35,33.35,27.37,-
13-Jan-22,33.14,33.14,33.14,33.14,27.2,-
14-Jan-22,33.07,33.07,33.07,33.07,27.14,-
18-Jan-22,32.65,32.65,32.65,32.65,26.8,-
19-Jan-22,32.55,32.55,32.55,32.55,26.72,-
20-Jan-22,32.41,32.41,32.41,32.41,26.6,-
21-Jan-22,32.12,32.12,32.12,32.12,26.36,-
24-Jan-22,32.09,32.09,32.09,32.09,26.34,-
25-Jan-22,31.87,31.87,31.87,31.87,26.16,-
26-Jan-22,31.76,31.76,31.76,31.76,26.07,-
27-Jan-22,31.64,31.64,31.64,31.64,25.97,-
28-Jan-22,31.94,31.94,31.94,31.94,26.22,-
31-Jan-22,32.32,32.32,32.32,32.32,26.53,-
1-Feb-22,32.46,32.46,32.46,32.46,26.64,-
2-Feb-22,32.6,32.6,32.6,32.6,26.76,-
3-Feb-22,32.14,32.14,32.14,32.14,26.38,-
4-Feb-22,32.17,32.17,32.17,32.17,26.4,-
7-Feb-22,32.13,32.13,32.13,32.13,26.37,-
8-Feb-22,32.25,32.25,32.25,32.25,26.47,-
9-Feb-22,32.56,32.56,32.56,32.56,26.72,-
10-Feb-22,32.18,32.18,32.18,32.18,26.41,-
11-Feb-22,31.94,31.94,31.94,31.94,26.22,-
14-Feb-22,31.78,31.78,31.78,31.78,26.08,-
15-Feb-22,32.08,32.08,32.08,32.08,26.33,-
16-Feb-22,32.13,32.13,32.13,32.13,26.37,-
17-Feb-22,31.81,31.81,31.81,31.81,26.11,-
18-Feb-22,31.7,31.7,31.7,31.7,26.02,-
22-Feb-22,31.46,31.46,31.46,31.46,25.82,-
23-Feb-22,31.15,31.15,31.15,31.15,25.57,-
24-Feb-22,31.22,31.22,31.22,31.22,25.63,-
25-Feb-22,31.64,31.64,31.64,31.64,25.97,-
28-Feb-22,31.64,31.64,31.64,31.64,25.97,-
1-Mar-22,31.43,31.43,31.43,31.43,25.8,-
2-Mar-22,31.57,31.57,31.57,31.57,25.91,-
3-Mar-22,31.4,31.4,31.4,31.4,25.77,-
4-Mar-22,31.17,31.17,31.17,31.17,25.58,-
7-Mar-22,30.57,30.57,30.57,30.57,25.09,-
8-Mar-22,30.43,30.43,30.43,30.43,24.98,-
9-Mar-22,30.92,30.92,30.92,30.92,25.38,-
10-Mar-22,30.76,30.76,30.76,30.76,25.25,-
11-Mar-22,30.52,30.52,30.52,30.52,25.05,-
14-Mar-22,30.29,30.29,30.29,30.29,24.86,-
15-Mar-22,30.55,30.55,30.55,30.55,25.08,-
16-Mar-22,31.12,31.12,31.12,31.12,25.54,-
17-Mar-22,31.35,31.35,31.35,31.35,25.73,-
18-Mar-22,31.61,31.61,31.61,31.61,25.95,-
21-Mar-22,31.43,31.43,31.43,31.43,25.8,-
22-Mar-22,31.61,31.61,31.61,31.61,25.95,-
23-Mar-22,31.45,31.45,31.45,31.45,25.81,-
24-Mar-22,31.62,31.62,31.62,31.62,25.95,-
25-Mar-22,31.58,31.58,31.58,31.58,25.92,-
28-Mar-22,31.66,31.66,31.66,31.66,25.99,-
29-Mar-22,31.99,31.99,31.99,31.99,26.26,-
30-Mar-22,31.92,31.92,31.92,31.92,26.2,-
31-Mar-22,31.64,31.64,31.64,31.64,25.97,-
1-Apr-22,31.75,31.75,31.75,31.75,26.06,-
4-Apr-22,31.91,31.91,31.91,31.91,26.19,-
5-Apr-22,31.55,31.55,31.55,31.55,25.9,-
6-Apr-22,31.3,31.3,31.3,31.3,25.69,-
7-Apr-22,31.29,31.29,31.29,31.29,25.68,-
8-Apr-22,31.21,31.21,31.21,31.21,25.62,-
11-Apr-22,30.9,30.9,30.9,30.9,25.36,-
12-Apr-22,30.84,30.84,30.84,30.84,25.31,-
13-Apr-22,31.09,31.09,31.09,31.09,25.52,-
14-Apr-22,30.84,30.84,30.84,30.84,25.31,-
18-Apr-22,30.75,30.75,30.75,30.75,25.24,-
19-Apr-22,30.91,30.91,30.91,30.91,25.37,-
20-Apr-22,30.98,30.98,30.98,30.98,25.43,-
21-Apr-22,30.65,30.65,30.65,30.65,25.16,-
22-Apr-22,30.2,30.2,30.2,30.2,24.79,-
25-Apr-22,30.27,30.27,30.27,30.27,24.85,-
26-Apr-22,29.84,29.84,29.84,29.84,24.49,-
27-Apr-22,29.85,29.85,29.85,29.85,24.5,-
28-Apr-22,30.18,30.18,30.18,30.18,24.77,-
29-Apr-22,29.69,29.69,29.69,29.69,24.37,-
2-May-22,29.68,29.68,29.68,29.68,24.36,-
3-May-22,29.79,29.79,29.79,29.79,24.45,-
4-May-22,30.24,30.24,30.24,30.24,24.82,-
5-May-22,29.54,29.54,29.54,29.54,24.25,-
6-May-22,29.32,29.32,29.32,29.32,24.07,-
9-May-22,28.79,28.79,28.79,28.79,23.63,-
10-May-22,28.87,28.87,28.87,28.87,23.7,-
11-May-22,28.7,28.7,28.7,28.7,23.56,-
12-May-22,28.71,28.71,28.71,28.71,23.56,-
13-May-22,29.11,29.11,29.11,29.11,23.89,-
16-May-22,29.09,29.09,29.09,29.09,23.88,-
17-May-22,29.38,29.38,29.38,29.38,24.11,-
18-May-22,28.85,28.85,28.85,28.85,23.68,-
19-May-22,28.89,28.89,28.89,28.89,23.71,-
20-May-22,28.96,28.96,28.96,28.96,23.77,-
23-May-22,29.2,29.2,29.2,29.2,23.97,-
24-May-22,29.09,29.09,29.09,29.09,23.88,-
25-May-22,29.26,29.26,29.26,29.26,24.02,-
26-May-22,29.55,29.55,29.55,29.55,24.25,-
27-May-22,29.93,29.93,29.93,29.93,24.57,-
31-May-22,29.79,29.79,29.79,29.79,24.45,-
1-Jun-22,29.62,29.62,29.62,29.62,24.31,-
2-Jun-22,29.94,29.94,29.94,29.94,24.57,-
3-Jun-22,29.66,29.66,29.66,29.66,24.34,-
6-Jun-22,29.67,29.67,29.67,29.67,24.35,-
7-Jun-22,29.83,29.83,29.83,29.83,24.48,-
8-Jun-22,29.61,29.61,29.61,29.61,24.3,-
9-Jun-22,29.19,29.19,29.19,29.19,23.96,-
10-Jun-22,28.65,28.65,28.65,28.65,23.52,-
13-Jun-22,27.83,27.83,27.83,27.83,22.84,-
14-Jun-22,27.69,27.69,27.69,27.69,22.73,-
15-Jun-22,28.06,28.06,28.06,28.06,23.03,-
16-Jun-22,27.58,27.58,27.58,27.58,22.64,-
17-Jun-22,27.61,27.61,27.61,27.61,22.66,-
21-Jun-22,27.88,27.88,27.88,27.88,22.88,-
22-Jun-22,27.89,27.89,27.89,27.89,22.89,-
23-Jun-22,28.02,28.02,28.02,28.02,23.0,-
24-Jun-22,28.49,28.49,28.49,28.49,23.38,-
27-Jun-22,28.42,28.42,28.42,28.42,23.33,-
28-Jun-22,27.94,27.94,27.94,27.94,23.13,-
29-Jun-22,27.95,27.95,27.95,27.95,23.14,-
30-Jun-22,27.86,27.86,27.86,27.86,23.06,-
1-Jul-22,28.03,28.03,28.03,28.03,23.2,-
5-Jul-22,28,28.0,28.0,28.0,23.18,-
6-Jul-22,27.95,27.95,27.95,27.95,23.14,-
7-Jul-22,28.2,28.2,28.2,28.2,23.35,-
8-Jul-22,28.15,28.15,28.15,28.15,23.3,-
11-Jul-22,27.96,27.96,27.96,27.96,23.15,-
12-Jul-22,27.88,27.88,27.88,27.88,23.08,-
13-Jul-22,27.87,27.87,27.87,27.87,23.07,-
14-Jul-22,27.7,27.7,27.7,27.7,22.93,-
15-Jul-22,28,28.0,28.0,28.0,23.18,-
18-Jul-22,27.96,27.96,27.96,27.96,23.15,-
19-Jul-22,28.35,28.35,28.35,28.35,23.47,-
20-Jul-22,28.41,28.41,28.41,28.41,23.52,-
21-Jul-22,28.65,28.65,28.65,28.65,23.72,-
22-Jul-22,28.61,28.61,28.61,28.61,23.68,-
25-Jul-22,28.63,28.63,28.63,28.63,23.7,-
26-Jul-22,28.45,28.45,28.45,28.45,23.55,-
27-Jul-22,28.86,28.86,28.86,28.86,23.89,-
28-Jul-22,29.12,29.12,29.12,29.12,24.11,-
29-Jul-22,29.33,29.33,29.33,29.33,24.28,-
1-Aug-22,29.35,29.35,29.35,29.35,24.3,-
2-Aug-22,29.11,29.11,29.11,29.11,24.1,-
3-Aug-22,29.36,29.36,29.36,29.36,24.31,-
4-Aug-22,29.41,29.41,29.41,29.41,24.35,-
5-Aug-22,29.27,29.27,29.27,29.27,24.23,-
8-Aug-22,29.33,29.33,29.33,29.33,24.28,-
9-Aug-22,29.22,29.22,29.22,29.22,24.19,-
10-Aug-22,29.61,29.61,29.61,29.61,24.51,-
11-Aug-22,29.57,29.57,29.57,29.57,24.48,-
12-Aug-22,29.84,29.84,29.84,29.84,24.7,-
15-Aug-22,29.88,29.88,29.88,29.88,24.74,-
16-Aug-22,29.89,29.89,29.89,29.89,24.74,-
17-Aug-22,29.68,29.68,29.68,29.68,24.57,-
18-Aug-22,29.69,29.69,29.69,29.69,24.58,-
19-Aug-22,29.37,29.37,29.37,29.37,24.31,-
22-Aug-22,28.99,28.99,28.99,28.99,24.0,-
23-Aug-22,28.97,28.97,28.97,28.97,23.98,-
24-Aug-22,28.98,28.98,28.98,28.98,23.99,-
25-Aug-22,29.28,29.28,29.28,29.28,24.24,-
26-Aug-22,28.76,28.76,28.76,28.76,23.81,-
29-Aug-22,28.61,28.61,28.61,28.61,23.68,-
30-Aug-22,28.44,28.44,28.44,28.44,23.54,-
31-Aug-22,28.29,28.29,28.29,28.29,23.42,-
1-Sep-22,28.16,28.16,28.16,28.16,23.31,-
2-Sep-22,28.07,28.07,28.07,28.07,23.24,-
6-Sep-22,27.89,27.89,27.89,27.89,23.09,-
7-Sep-22,28.18,28.18,28.18,28.18,23.33,-
8-Sep-22,28.23,28.23,28.23,28.23,23.37,-
9-Sep-22,28.53,28.53,28.53,28.53,23.62,-
12-Sep-22,28.74,28.74,28.74,28.74,23.79,-
13-Sep-22,28.04,28.04,28.04,28.04,23.21,-
14-Sep-22,28.1,28.1,28.1,28.1,23.26,-
15-Sep-22,27.89,27.89,27.89,27.89,23.09,-
16-Sep-22,27.75,27.75,27.75,27.75,22.97,-
19-Sep-22,27.83,27.83,27.83,27.83,23.04,-
20-Sep-22,27.57,27.57,27.57,27.57,22.82,-
21-Sep-22,27.34,27.34,27.34,27.34,22.63,-
22-Sep-22,27.11,27.11,27.11,27.11,22.44,-
23-Sep-22,26.71,26.71,26.71,26.71,22.11,-
26-Sep-22,26.38,26.38,26.38,26.38,21.84,-
27-Sep-22,26.3,26.3,26.3,26.3,21.77,-
28-Sep-22,26.74,26.74,26.74,26.74,22.14,-
29-Sep-22,26.4,26.4,26.4,26.4,21.85,-
30-Sep-22,26.24,26.24,26.24,26.24,21.72,-
3-Oct-22,26.69,26.69,26.69,26.69,22.1,-
4-Oct-22,27.26,27.26,27.26,27.26,22.57,-
5-Oct-22,27.12,27.12,27.12,27.12,22.45,-
6-Oct-22,26.91,26.91,26.91,26.91,22.28,-
7-Oct-22,26.46,26.46,26.46,26.46,21.9,-
10-Oct-22,26.3,26.3,26.3,26.3,21.77,-
11-Oct-22,26.15,26.15,26.15,26.15,21.65,-
12-Oct-22,26.12,26.12,26.12,26.12,21.62,-
13-Oct-22,26.4,26.4,26.4,26.4,21.85,-
14-Oct-22,26.04,26.04,26.04,26.04,21.56,-
17-Oct-22,26.47,26.47,26.47,26.47,21.91,-
18-Oct-22,26.65,26.65,26.65,26.65,22.06,-
19-Oct-22,26.4,26.4,26.4,26.4,21.85,-
20-Oct-22,26.28,26.28,26.28,26.28,21.76,-
21-Oct-22,26.6,26.6,26.6,26.6,22.02,-
24-Oct-22,26.65,26.65,26.65,26.65,22.06,-
25-Oct-22,27.02,27.02,27.02,27.02,22.37,-
26-Oct-22,27.07,27.07,27.07,27.07,22.41,-
27-Oct-22,27.06,27.06,27.06,27.06,22.4,-
28-Oct-22,27.28,27.28,27.28,27.28,22.58,-
31-Oct-22,27.13,27.13,27.13,27.13,22.46,-
1-Nov-22,27.19,27.19,27.19,27.19,22.51,-
2-Nov-22,26.84,26.84,26.84,26.84,22.22,-
3-Nov-22,26.67,26.67,26.67,26.67,22.08,-
4-Nov-22,27,27.0,27.0,27.0,22.35,-
7-Nov-22,27.1,27.1,27.1,27.1,22.43,-
8-Nov-22,27.26,27.26,27.26,27.26,22.57,-
9-Nov-22,26.98,26.98,26.98,26.98,22.34,-
10-Nov-22,28.01,28.01,28.01,28.01,23.19,-
11-Nov-22,28.24,28.24,28.24,28.24,23.38,-
14-Nov-22,28.09,28.09,28.09,28.09,23.25,-
15-Nov-22,28.33,28.33,28.33,28.33,23.45,-
16-Nov-22,28.23,28.23,28.23,28.23,23.37,-
17-Nov-22,28.15,28.15,28.15,28.15,23.3,-
18-Nov-22,28.19,28.19,28.19,28.19,23.34,-
21-Nov-22,28.09,28.09,28.09,28.09,23.25,-
22-Nov-22,28.35,28.35,28.35,28.35,23.47,-
23-Nov-22,28.53,28.53,28.53,28.53,23.62,-
25-Nov-22,28.56,28.56,28.56,28.56,23.64,-
28-Nov-22,28.31,28.31,28.31,28.31,23.44,-
29-Nov-22,28.32,28.32,28.32,28.32,23.44,-
30-Nov-22,28.86,28.86,28.86,28.86,23.89,-
1-Dec-22,28.98,28.98,28.98,28.98,23.99,-
2-Dec-22,28.99,28.99,28.99,28.99,24.0,-
5-Dec-22,28.63,28.63,28.63,28.63,23.7,-
6-Dec-22,28.48,28.48,28.48,28.48,23.58,-
7-Dec-22,28.51,28.51,28.51,28.51,23.6,-
8-Dec-22,28.61,28.61,28.61,28.61,23.68,-
9-Dec-22,28.48,28.48,28.48,28.48,23.58,-
12-Dec-22,28.61,28.61,28.61,28.61,23.68,-
13-Dec-22,28.83,28.83,28.83,28.83,23.87,-
14-Dec-22,28.79,28.79,28.79,28.79,23.83,-
15-Dec-22,28.36,28.36,28.36,28.36,23.48,-
16-Dec-22,28.16,28.16,28.16,28.16,23.31,-
19-Dec-22,27.99,27.99,27.99,27.99,23.17,-
20-Dec-22,27.96,27.96,27.96,27.96,23.15,-
21-Dec-22,28.19,28.19,28.19,28.19,23.34,-
22-Dec-22,27.98,27.98,27.98,27.98,23.16,-
23-Dec-22,28.01,28.01,28.01,28.01,23.19,-
27-Dec-22,27.94,27.94,27.94,27.94,23.13,-
28-Dec-22,27.25,27.25,27.25,27.25,22.96,-
29-Dec-22,27.55,27.55,27.55,27.55,23.21,-
30-Dec-22,27.44,27.44,27.44,27.44,23.12,-
3-Jan-23,27.49,27.49,27.49,27.49,23.16,-
4-Jan-23,27.74,27.74,27.74,27.74,23.37,-
5-Jan-23,27.57,27.57,27.57,27.57,23.23,-
6-Jan-23,28.03,28.03,28.03,28.03,23.62,-
9-Jan-23,28.1,28.1,28.1,28.1,23.68,-
10-Jan-23,28.16,28.16,28.16,28.16,23.73,-
11-Jan-23,28.4,28.4,28.4,28.4,23.93,-
12-Jan-23,28.59,28.59,28.59,28.59,24.09,-
13-Jan-23,28.65,28.65,28.65,28.65,24.14,-
17-Jan-23,28.65,28.65,28.65,28.65,24.14,-
18-Jan-23,28.55,28.55,28.55,28.55,24.06,-
19-Jan-23,28.45,28.45,28.45,28.45,23.97,-
20-Jan-23,28.67,28.67,28.67,28.67,24.16,-
23-Jan-23,28.81,28.81,28.81,28.81,24.27,-
24-Jan-23,28.85,28.85,28.85,28.85,24.31,-
25-Jan-23,28.88,28.88,28.88,28.88,24.33,-
26-Jan-23,29,29.0,29.0,29.0,24.44,-
27-Jan-23,29.01,29.01,29.01,29.01,24.44,-
30-Jan-23,28.77,28.77,28.77,28.77,24.24,-
31-Jan-23,29,29.0,29.0,29.0,24.44,-
1-Feb-23,29.24,29.24,29.24,29.24,24.64,-
2-Feb-23,29.45,29.45,29.45,29.45,24.81,-
3-Feb-23,29.17,29.17,29.17,29.17,24.58,-
6-Feb-23,28.94,28.94,28.94,28.94,24.38,-
7-Feb-23,29.1,29.1,29.1,29.1,24.52,-
8-Feb-23,28.97,28.97,28.97,28.97,24.41,-
9-Feb-23,28.85,28.85,28.85,28.85,24.31,-
10-Feb-23,28.79,28.79,28.79,28.79,24.26,-
13-Feb-23,28.99,28.99,28.99,28.99,24.43,-
14-Feb-23,28.96,28.96,28.96,28.96,24.4,-
15-Feb-23,28.95,28.95,28.95,28.95,24.39,-
16-Feb-23,28.75,28.75,28.75,28.75,24.22,-
17-Feb-23,28.73,28.73,28.73,28.73,24.21,-
21-Feb-23,28.35,28.35,28.35,28.35,23.89,-
22-Feb-23,28.32,28.32,28.32,28.32,23.86,-
23-Feb-23,28.44,28.44,28.44,28.44,23.96,-
24-Feb-23,28.16,28.16,28.16,28.16,23.73,-
27-Feb-23,28.27,28.27,28.27,28.27,23.82,-
28-Feb-23,28.21,28.21,28.21,28.21,23.77,-
1-Mar-23,28.16,28.16,28.16,28.16,23.73,-
2-Mar-23,28.23,28.23,28.23,28.23,23.79,-
3-Mar-23,28.55,28.55,28.55,28.55,24.06,-
6-Mar-23,28.51,28.51,28.51,28.51,24.02,-
7-Mar-23,28.24,28.24,28.24,28.24,23.79,-
8-Mar-23,28.27,28.27,28.27,28.27,23.82,-
9-Mar-23,28.03,28.03,28.03,28.03,23.62,-
10-Mar-23,27.92,27.92,27.92,27.92,23.53,-
13-Mar-23,27.96,27.96,27.96,27.96,23.56,-
14-Mar-23,28.09,28.09,28.09,28.09,23.67,-
15-Mar-23,27.95,27.95,27.95,27.95,23.55,-
16-Mar-23,28.15,28.15,28.15,28.15,23.72,-
17-Mar-23,28.08,28.08,28.08,28.08,23.66,-
20-Mar-23,28.19,28.19,28.19,28.19,23.75,-
21-Mar-23,28.37,28.37,28.37,28.37,23.9,-
22-Mar-23,28.26,28.26,28.26,28.26,23.81,-
23-Mar-23,28.35,28.35,28.35,28.35,23.89,-
24-Mar-23,28.38,28.38,28.38,28.38,23.91,-
27-Mar-23,28.34,28.34,28.34,28.34,23.88,-
28-Mar-23,28.35,28.35,28.35,28.35,23.89,-
29-Mar-23,28.57,28.57,28.57,28.57,24.07,-
30-Mar-23,28.71,28.71,28.71,28.71,24.19,-
31-Mar-23,28.95,28.95,28.95,28.95,24.39,-
3-Apr-23,29.05,29.05,29.05,29.05,24.48,-
4-Apr-23,29.01,29.01,29.01,29.01,24.44,-
5-Apr-23,28.96,28.96,28.96,28.96,24.4,-
6-Apr-23,29.01,29.01,29.01,29.01,24.44,-
10-Apr-23,28.96,28.96,28.96,28.96,24.4,-
11-Apr-23,29.01,29.01,29.01,29.01,24.44,-
12-Apr-23,28.99,28.99,28.99,28.99,24.43,-
13-Apr-23,29.21,29.21,29.21,29.21,24.61,-
14-Apr-23,29.11,29.11,29.11,29.11,24.53,-
17-Apr-23,29.12,29.12,29.12,29.12,24.54,-
18-Apr-23,29.15,29.15,29.15,29.15,24.56,-
19-Apr-23,29.1,29.1,29.1,29.1,24.52,-
20-Apr-23,29.06,29.06,29.06,29.06,24.49,-
21-Apr-23,29.07,29.07,29.07,29.07,24.49,-
24-Apr-23,29.1,29.1,29.1,29.1,24.52,-
25-Apr-23,28.9,28.9,28.9,28.9,24.35,-
26-Apr-23,28.82,28.82,28.82,28.82,24.28,-
27-Apr-23,29.06,29.06,29.06,29.06,24.49,-
28-Apr-23,29.23,29.23,29.23,29.23,24.63,-
1-May-23,29.13,29.13,29.13,29.13,24.54,-
2-May-23,29.02,29.02,29.02,29.02,24.45,-
3-May-23,29,29.0,29.0,29.0,24.44,-
4-May-23,28.92,28.92,28.92,28.92,24.37,-
5-May-23,29.18,29.18,29.18,29.18,24.59,-
8-May-23,29.15,29.15,29.15,29.15,24.56,-
9-May-23,29.07,29.07,29.07,29.07,24.49,-
10-May-23,29.16,29.16,29.16,29.16,24.57,-
11-May-23,29.15,29.15,29.15,29.15,24.56,-
12-May-23,29.05,29.05,29.05,29.05,24.48,-
15-May-23,29.15,29.15,29.15,29.15,24.56,-
16-May-23,28.98,28.98,28.98,28.98,24.42,-
17-May-23,29.13,29.13,29.13,29.13,24.54,-
18-May-23,29.16,29.16,29.16,29.16,24.57,-
19-May-23,29.15,29.15,29.15,29.15,24.56,-
22-May-23,29.17,29.17,29.17,29.17,24.58,-
23-May-23,28.98,28.98,28.98,28.98,24.42,-
24-May-23,28.78,28.78,28.78,28.78,24.25,-
25-May-23,28.78,28.78,28.78,28.78,24.25,-
26-May-23,29.01,29.01,29.01,29.01,24.44,-
30-May-23,29.03,29.03,29.03,29.03,24.46,-
31-May-23,28.95,28.95,28.95,28.95,24.39,-
1-Jun-23,29.17,29.17,29.17,29.17,24.58,-
2-Jun-23,29.39,29.39,29.39,29.39,24.76,-
5-Jun-23,29.35,29.35,29.35,29.35,24.73,-
6-Jun-23,29.45,29.45,29.45,29.45,24.81,-
7-Jun-23,29.33,29.33,29.33,29.33,24.71,-
8-Jun-23,29.49,29.49,29.49,29.49,24.85,-
9-Jun-23,29.48,29.48,29.48,29.48,24.84,-
12-Jun-23,29.62,29.62,29.62,29.62,24.96,-
13-Jun-23,29.72,29.72,29.72,29.72,25.04,-
14-Jun-23,29.76,29.76,29.76,29.76,25.08,-
15-Jun-23,30,30.0,30.0,30.0,25.28,-
16-Jun-23,29.94,29.94,29.94,29.94,25.23,-
20-Jun-23,29.82,29.82,29.82,29.82,25.13,-
21-Jun-23,29.76,29.76,29.76,29.76,25.08,-
22-Jun-23,29.7,29.7,29.7,29.7,25.02,-
23-Jun-23,29.54,29.54,29.54,29.54,24.89,-
26-Jun-23,29.54,29.54,29.54,29.54,24.89,-
27-Jun-23,29.7,29.7,29.7,29.7,25.02,-
28-Jun-23,29.45,29.45,29.45,29.45,25.06,-
29-Jun-23,29.41,29.41,29.41,29.41,25.03,-
30-Jun-23,29.63,29.63,29.63,29.63,25.22,-
3-Jul-23,29.66,29.66,29.66,29.66,25.24,-
5-Jul-23,29.53,29.53,29.53,29.53,25.13,-
6-Jul-23,29.25,29.25,29.25,29.25,24.89,-
7-Jul-23,29.26,29.26,29.26,29.26,24.9,-
10-Jul-23,29.26,29.26,29.26,29.26,24.9,-
11-Jul-23,29.52,29.52,29.52,29.52,25.12,-
12-Jul-23,29.8,29.8,29.8,29.8,25.36,-
13-Jul-23,30.08,30.08,30.08,30.08,25.6,-
14-Jul-23,29.98,29.98,29.98,29.98,25.51,-
17-Jul-23,30.04,30.04,30.04,30.04,25.57,-
18-Jul-23,30.17,30.17,30.17,30.17,25.68,-
19-Jul-23,30.24,30.24,30.24,30.24,25.74,-
20-Jul-23,30.06,30.06,30.06,30.06,25.58,-
21-Jul-23,30.06,30.06,30.06,30.06,25.58,-
24-Jul-23,30.11,30.11,30.11,30.11,25.62,-
25-Jul-23,30.18,30.18,30.18,30.18,25.68,-
26-Jul-23,30.2,30.2,30.2,30.2,25.7,-
27-Jul-23,30.03,30.03,30.03,30.03,25.56,-
28-Jul-23,30.24,30.24,30.24,30.24,25.74,-
31-Jul-23,30.29,30.29,30.29,30.29,25.78,-
1-Aug-23,30.12,30.12,30.12,30.12,25.63,-
2-Aug-23,29.8,29.8,29.8,29.8,25.36,-
3-Aug-23,29.69,29.69,29.69,29.69,25.27,-
4-Aug-23,29.73,29.73,29.73,29.73,25.3,-
7-Aug-23,29.84,29.84,29.84,29.84,25.4,-
8-Aug-23,29.77,29.77,29.77,29.77,25.34,-
9-Aug-23,29.71,29.71,29.71,29.71,25.28,-
10-Aug-23,29.68,29.68,29.68,29.68,25.26,-
11-Aug-23,29.57,29.57,29.57,29.57,25.17,-
14-Aug-23,29.58,29.58,29.58,29.58,25.17,-
15-Aug-23,29.35,29.35,29.35,29.35,24.98,-
16-Aug-23,29.19,29.19,29.19,29.19,24.84,-
17-Aug-23,29.05,29.05,29.05,29.05,24.72,-
18-Aug-23,29.07,29.07,29.07,29.07,24.74,-
21-Aug-23,29.11,29.11,29.11,29.11,24.77,-
22-Aug-23,29.08,29.08,29.08,29.08,24.75,-
23-Aug-23,29.37,29.37,29.37,29.37,25.0,-
24-Aug-23,29.13,29.13,29.13,29.13,24.79,-
25-Aug-23,29.22,29.22,29.22,29.22,24.87,-
28-Aug-23,29.37,29.37,29.37,29.37,25.0,-
29-Aug-23,29.69,29.69,29.69,29.69,25.27,-
30-Aug-23,29.72,29.72,29.72,29.72,25.29,-
31-Aug-23,29.7,29.7,29.7,29.7,25.28,-
1-Sep-23,29.71,29.71,29.71,29.71,25.28,-
5-Sep-23,29.54,29.54,29.54,29.54,25.14,-
6-Sep-23,29.43,29.43,29.43,29.43,25.05,-
7-Sep-23,29.39,29.39,29.39,29.39,25.01,-
8-Sep-23,29.39,29.39,29.39,29.39,25.01,-
11-Sep-23,29.51,29.51,29.51,29.51,25.11,-
12-Sep-23,29.45,29.45,29.45,29.45,25.06,-
13-Sep-23,29.45,29.45,29.45,29.45,25.06,-
14-Sep-23,29.62,29.62,29.62,29.62,25.21,-
15-Sep-23,29.44,29.44,29.44,29.44,25.05,-
18-Sep-23,29.42,29.42,29.42,29.42,25.04,-
19-Sep-23,29.36,29.36,29.36,29.36,24.99,-
20-Sep-23,29.25,29.25,29.25,29.25,24.89,-
21-Sep-23,28.91,28.91,28.91,28.91,24.6,-
22-Sep-23,28.93,28.93,28.93,28.93,24.62,-
25-Sep-23,28.88,28.88,28.88,28.88,24.58,-
26-Sep-23,28.63,28.63,28.63,28.63,24.37,-
27-Sep-23,28.6,28.6,28.6,28.6,24.34,-
28-Sep-23,28.71,28.71,28.71,28.71,24.43,-
29-Sep-23,28.68,28.68,28.68,28.68,24.41,-
2-Oct-23,28.52,28.52,28.52,28.52,24.27,-
3-Oct-23,28.21,28.21,28.21,28.21,24.01,-
4-Oct-23,28.34,28.34,28.34,28.34,24.12,-
5-Oct-23,28.38,28.38,28.38,28.38,24.15,-
6-Oct-23,28.53,28.53,28.53,28.53,24.28,-
9-Oct-23,28.68,28.68,28.68,28.68,24.41,-
10-Oct-23,28.84,28.84,28.84,28.84,24.54,-
11-Oct-23,28.96,28.96,28.96,28.96,24.65,-
12-Oct-23,28.76,28.76,28.76,28.76,24.48,-
13-Oct-23,28.68,28.68,28.68,28.68,24.41,-
16-Oct-23,28.79,28.79,28.79,28.79,24.5,-
17-Oct-23,28.73,28.73,28.73,28.73,24.45,-
18-Oct-23,28.44,28.44,28.44,28.44,24.2,-
19-Oct-23,28.25,28.25,28.25,28.25,24.04,-
20-Oct-23,28.09,28.09,28.09,28.09,23.91,-
23-Oct-23,28.09,28.09,28.09,28.09,23.91,-
24-Oct-23,28.23,28.23,28.23,28.23,24.02,-
25-Oct-23,27.96,27.96,27.96,27.96,23.8,-
26-Oct-23,27.87,27.87,27.87,27.87,23.72,-
27-Oct-23,27.82,27.82,27.82,27.82,23.68,-
30-Oct-23,27.98,27.98,27.98,27.98,23.81,-
31-Oct-23,28.04,28.04,28.04,28.04,23.86,-
1-Nov-23,28.29,28.29,28.29,28.29,24.08,-
2-Nov-23,28.68,28.68,28.68,28.68,24.41,-
3-Nov-23,28.95,28.95,28.95,28.95,24.64,-
6-Nov-23,28.92,28.92,28.92,28.92,24.61,-
7-Nov-23,28.97,28.97,28.97,28.97,24.65,-
8-Nov-23,29,29.0,29.0,29.0,24.68,-
9-Nov-23,28.81,28.81,28.81,28.81,24.52,-
10-Nov-23,29.02,29.02,29.02,29.02,24.7,-
13-Nov-23,29.02,29.02,29.02,29.02,24.7,-
14-Nov-23,29.02,29.02,29.02,29.02,24.7,-
15-Nov-23,29.53,29.53,29.53,29.53,25.13,-
16-Nov-23,29.57,29.57,29.57,29.57,25.17,-
17-Nov-23,29.67,29.67,29.67,29.67,25.25,-
20-Nov-23,29.82,29.82,29.82,29.82,25.38,-
21-Nov-23,29.76,29.76,29.76,29.76,25.33,-
22-Nov-23,29.82,29.82,29.82,29.82,25.38,-
24-Nov-23,29.83,29.83,29.83,29.83,25.39,-
27-Nov-23,29.86,29.86,29.86,29.86,25.41,-
28-Nov-23,29.93,29.93,29.93,29.93,25.47,-
29-Nov-23,30,30.0,30.0,30.0,25.53,-
30-Nov-23,30.01,30.01,30.01,30.01,25.54,-
1-Dec-23,30.25,30.25,30.25,30.25,25.74,-
4-Dec-23,30.13,30.13,30.13,30.13,25.64,-
5-Dec-23,30.15,30.15,30.15,30.15,25.66,-
6-Dec-23,30.16,30.16,30.16,30.16,25.67,-
7-Dec-23,30.26,30.26,30.26,30.26,25.75,-
8-Dec-23,30.27,30.27,30.27,30.27,25.76,-
11-Dec-23,30.33,30.33,30.33,30.33,25.81,-
12-Dec-23,30.4,30.4,30.4,30.4,25.87,-
13-Dec-23,30.79,30.79,30.79,30.79,26.2,-
14-Dec-23,31.02,31.02,31.02,31.02,26.4,-
15-Dec-23,30.97,30.97,30.97,30.97,26.36,-
18-Dec-23,31,31.0,31.0,31.0,26.38,-
19-Dec-23,31.17,31.17,31.17,31.17,26.53,-
20-Dec-23,30.96,30.96,30.96,30.96,26.35,-
21-Dec-23,31.18,31.18,31.18,31.18,26.54,-
22-Dec-23,31.21,31.21,31.21,31.21,26.56,-
26-Dec-23,31.31,31.31,31.31,31.31,26.65,-
27-Dec-23,30.53,30.53,30.53,30.53,26.78,-
28-Dec-23,30.5,30.5,30.5,30.5,26.75,-
29-Dec-23,30.45,30.45,30.45,30.45,26.71,-
2-Jan-24,30.25,30.25,30.25,30.25,26.53,-
3-Jan-24,30.1,30.1,30.1,30.1,26.4,-
4-Jan-24,30.01,30.01,30.01,30.01,26.32,-
5-Jan-24,30.01,30.01,30.01,30.01,26.32,-
8-Jan-24,30.26,30.26,30.26,30.26,26.54,-
9-Jan-24,30.17,30.17,30.17,30.17,26.46,-
10-Jan-24,30.23,30.23,30.23,30.23,26.51,-
11-Jan-24,30.27,30.27,30.27,30.27,26.55,-
12-Jan-24,30.32,30.32,30.32,30.32,26.59,-
16-Jan-24,30.09,30.09,30.09,30.09,26.39,-
17-Jan-24,29.9,29.9,29.9,29.9,26.22,-
18-Jan-24,30.03,30.03,30.03,30.03,26.34,-
19-Jan-24,30.2,30.2,30.2,30.2,26.49,-
22-Jan-24,30.27,30.27,30.27,30.27,26.55,-
23-Jan-24,30.27,30.27,30.27,30.27,26.55,-
24-Jan-24,30.29,30.29,30.29,30.29,26.57,-
25-Jan-24,30.42,30.42,30.42,30.42,26.68,-
26-Jan-24,30.42,30.42,30.42,30.42,26.68,-
29-Jan-24,30.61,30.61,30.61,30.61,26.85,-
30-Jan-24,30.58,30.58,30.58,30.58,26.82,-
31-Jan-24,30.41,30.41,30.41,30.41,26.67,-
1-Feb-24,30.66,30.66,30.66,30.66,26.89,-
2-Feb-24,30.63,30.63,30.63,30.63,26.86,-
5-Feb-24,30.47,30.47,30.47,30.47,26.72,-
6-Feb-24,30.62,30.62,30.62,30.62,26.86,-
7-Feb-24,30.69,30.69,30.69,30.69,26.92,-
8-Feb-24,30.68,30.68,30.68,30.68,26.91,-
9-Feb-24,30.76,30.76,30.76,30.76,26.98,-
12-Feb-24,30.79,30.79,30.79,30.79,27.0,-
13-Feb-24,30.42,30.42,30.42,30.42,26.68,-
14-Feb-24,30.66,30.66,30.66,30.66,26.89,-
15-Feb-24,30.83,30.83,30.83,30.83,27.04,-
16-Feb-24,30.76,30.76,30.76,30.76,26.98,-
20-Feb-24,30.73,30.73,30.73,30.73,26.95,-
21-Feb-24,30.71,30.71,30.71,30.71,26.93,-
22-Feb-24,31.02,31.02,31.02,31.02,27.21,-
23-Feb-24,31.07,31.07,31.07,31.07,27.25,-
26-Feb-24,31,31.0,31.0,31.0,27.19,-
27-Feb-24,31.03,31.03,31.03,31.03,27.22,-
28-Feb-24,30.98,30.98,30.98,30.98,27.17,-
29-Feb-24,31.08,31.08,31.08,31.08,27.26,-
1-Mar-24,31.29,31.29,31.29,31.29,27.44,-
4-Mar-24,31.25,31.25,31.25,31.25,27.41,-
5-Mar-24,31.15,31.15,31.15,31.15,27.32,-
6-Mar-24,31.32,31.32,31.32,31.32,27.47,-
7-Mar-24,31.53,31.53,31.53,31.53,27.65,-
8-Mar-24,31.45,31.45,31.45,31.45,27.58,-
11-Mar-24,31.4,31.4,31.4,31.4,27.54,-
12-Mar-24,31.55,31.55,31.55,31.55,27.67,-
13-Mar-24,31.5,31.5,31.5,31.5,27.63,-
14-Mar-24,31.34,31.34,31.34,31.34,27.49,-
15-Mar-24,31.26,31.26,31.26,31.26,27.42,-
18-Mar-24,31.32,31.32,31.32,31.32,27.47,-
19-Mar-24,31.41,31.41,31.41,31.41,27.55,-
20-Mar-24,31.61,31.61,31.61,31.61,27.72,-
21-Mar-24,31.69,31.69,31.69,31.69,27.79,-
22-Mar-24,31.67,31.67,31.67,31.67,27.78,-
25-Mar-24,31.61,31.61,31.61,31.61,27.72,-
26-Mar-24,31.6,31.6,31.6,31.6,27.72,-
27-Mar-24,31.77,31.77,31.77,31.77,27.86,-
28-Mar-24,31.78,31.78,31.78,31.78,27.87,-
1-Apr-24,31.66,31.66,31.66,31.66,27.77,-
2-Apr-24,31.52,31.52,31.52,31.52,27.65,-
3-Apr-24,31.58,31.58,31.58,31.58,27.7,-
4-Apr-24,31.43,31.43,31.43,31.43,27.57,-
5-Apr-24,31.52,31.52,31.52,31.52,27.65,-
8-Apr-24,31.54,31.54,31.54,31.54,27.66,-
9-Apr-24,31.63,31.63,31.63,31.63,27.74,-
10-Apr-24,31.3,31.3,31.3,31.3,27.45,-
11-Apr-24,31.38,31.38,31.38,31.38,27.52,-
12-Apr-24,31.12,31.12,31.12,31.12,27.29,-
15-Apr-24,30.88,30.88,30.88,30.88,27.08,-
16-Apr-24,30.74,30.74,30.74,30.74,26.96,-
17-Apr-24,30.71,30.71,30.71,30.71,26.93,-
18-Apr-24,30.66,30.66,30.66,30.66,26.89,-
19-Apr-24,30.56,30.56,30.56,30.56,26.8,-
22-Apr-24,30.77,30.77,30.77,30.77,26.99,-
23-Apr-24,30.98,30.98,30.98,30.98,27.17,-
24-Apr-24,30.95,30.95,30.95,30.95,27.15,-
25-Apr-24,30.84,30.84,30.84,30.84,27.05,-
26-Apr-24,31.03,31.03,31.03,31.03,27.22,-
29-Apr-24,31.15,31.15,31.15,31.15,27.32,-
30-Apr-24,30.84,30.84,30.84,30.84,27.05,-
1-May-24,30.83,30.83,30.83,30.83,27.04,-
2-May-24,31.1,31.1,31.1,31.1,27.28,-
3-May-24,31.36,31.36,31.36,31.36,27.5,-
6-May-24,31.53,31.53,31.53,31.53,27.65,-
7-May-24,31.57,31.57,31.57,31.57,27.69,-
8-May-24,31.53,31.53,31.53,31.53,27.65,-
9-May-24,31.66,31.66,31.66,31.66,27.77,-
10-May-24,31.66,31.66,31.66,31.66,27.77,-
13-May-24,31.68,31.68,31.68,31.68,27.79,-
14-May-24,31.81,31.81,31.81,31.81,27.9,-
15-May-24,32.09,32.09,32.09,32.09,28.14,-
16-May-24,32.03,32.03,32.03,32.03,28.09,-
17-May-24,32.05,32.05,32.05,32.05,28.11,-
20-May-24,32.05,32.05,32.05,32.05,28.11,-
21-May-24,32.07,32.07,32.07,32.07,28.13,-
22-May-24,31.96,31.96,31.96,31.96,28.03,-
23-May-24,31.78,31.78,31.78,31.78,27.87,-
24-May-24,31.92,31.92,31.92,31.92,28.0,-
28-May-24,31.88,31.88,31.88,31.88,27.96,-
29-May-24,31.61,31.61,31.61,31.61,27.72,-
30-May-24,31.64,31.64,31.64,31.64,27.75,-
31-May-24,31.81,31.81,31.81,31.81,27.9,-
3-Jun-24,31.91,31.91,31.91,31.91,27.99,-
4-Jun-24,31.91,31.91,31.91,31.91,27.99,-
5-Jun-24,32.15,32.15,32.15,32.15,28.2,-
6-Jun-24,32.15,32.15,32.15,32.15,28.2,-
7-Jun-24,31.97,31.97,31.97,31.97,28.04,-
10-Jun-24,32,32.0,32.0,32.0,28.07,-
11-Jun-24,31.99,31.99,31.99,31.99,28.06,-
12-Jun-24,32.22,32.22,32.22,32.22,28.26,-
13-Jun-24,32.23,32.23,32.23,32.23,28.27,-
14-Jun-24,32.18,32.18,32.18,32.18,28.22,-
17-Jun-24,32.25,32.25,32.25,32.25,28.29,-
18-Jun-24,32.36,32.36,32.36,32.36,28.38,-
20-Jun-24,32.31,32.31,32.31,32.31,28.34,-
21-Jun-24,32.24,32.24,32.24,32.24,28.28,-
24-Jun-24,32.27,32.27,32.27,32.27,28.3,-
25-Jun-24,32.33,32.33,32.33,32.33,28.36,-
26-Jun-24,32.25,32.25,32.25,32.25,28.29,-
27-Jun-24,32.29,32.29,32.29,32.29,28.32,-
28-Jun-24,31.84,31.84,31.84,31.84,28.24,-
1-Jul-24,31.81,31.81,31.81,31.81,28.22,-
2-Jul-24,31.94,31.94,31.94,31.94,28.33,-
3-Jul-24,32.13,32.13,32.13,32.13,28.5,-
5-Jul-24,32.13,32.13,32.13,32.13,28.5,-
8-Jul-24,32.28,32.28,32.28,32.28,28.63,-
9-Jul-24,32.27,32.27,32.27,32.27,28.62,-
10-Jul-24,32.48,32.48,32.48,32.48,28.81,-
11-Jul-24,32.51,32.51,32.51,32.51,28.84,-
12-Jul-24,32.67,32.67,32.67,32.67,28.98,-
15-Jul-24,32.65,32.65,32.65,32.65,28.96,-
16-Jul-24,32.84,32.84,32.84,32.84,29.13,-
17-Jul-24,32.61,32.61,32.61,32.61,28.93,-
18-Jul-24,32.42,32.42,32.42,32.42,28.76,-
19-Jul-24,32.26,32.26,32.26,32.26,28.62,-
22-Jul-24,32.43,32.43,32.43,32.43,28.77,-
23-Jul-24,32.4,32.4,32.4,32.4,28.74,-
24-Jul-24,32.01,32.01,32.01,32.01,28.39,-
25-Jul-24,31.96,31.96,31.96,31.96,28.35,-
26-Jul-24,32.22,32.22,32.22,32.22,28.58,-
29-Jul-24,32.22,32.22,32.22,32.22,28.58,-
30-Jul-24,32.18,32.18,32.18,32.18,28.54,-
31-Jul-24,32.54,32.54,32.54,32.54,28.86,-
1-Aug-24,32.25,32.25,32.25,32.25,28.61,-
2-Aug-24,32,32.0,32.0,32.0,28.39,-
5-Aug-24,31.48,31.48,31.48,31.48,27.92,-
6-Aug-24,31.57,31.57,31.57,31.57,28.0,-
7-Aug-24,31.47,31.47,31.47,31.47,27.92,-
8-Aug-24,31.85,31.85,31.85,31.85,28.25,-
9-Aug-24,31.97,31.97,31.97,31.97,28.36,-
12-Aug-24,31.99,31.99,31.99,31.99,28.38,-
13-Aug-24,32.33,32.33,32.33,32.33,28.68,-
14-Aug-24,32.4,32.4,32.4,32.4,28.74,-
15-Aug-24,32.64,32.64,32.64,32.64,28.95,-
16-Aug-24,32.64,32.64,32.64,32.64,28.95,-
19-Aug-24,32.96,32.96,32.96,32.96,29.24,-
20-Aug-24,32.92,32.92,32.92,32.92,29.2,-
21-Aug-24,33.06,33.06,33.06,33.06,29.33,-
22-Aug-24,32.86,32.86,32.86,32.86,29.15,-
23-Aug-24,33.18,33.18,33.18,33.18,29.43,-
26-Aug-24,33.1,33.1,33.1,33.1,29.36,-
27-Aug-24,33.14,33.14,33.14,33.14,29.4,-
28-Aug-24,33.02,33.02,33.02,33.02,29.29,-
29-Aug-24,33.04,33.04,33.04,33.04,29.31,-
30-Aug-24,33.17,33.17,33.17,33.17,29.42,-
3-Sep-24,32.8,32.8,32.8,32.8,29.09,-
4-Sep-24,32.82,32.82,32.82,32.82,29.11,-
5-Sep-24,32.82,32.82,32.82,32.82,29.11,-
6-Sep-24,32.49,32.49,32.49,32.49,28.82,-
9-Sep-24,32.71,32.71,32.71,32.71,29.01,-
10-Sep-24,32.76,32.76,32.76,32.76,29.06,-
11-Sep-24,32.92,32.92,32.92,32.92,29.2,-
12-Sep-24,33.08,33.08,33.08,33.08,29.34,-
13-Sep-24,33.2,33.2,33.2,33.2,29.45,-
16-Sep-24,33.3,33.3,33.3,33.3,29.54,-
17-Sep-24,33.29,33.29,33.29,33.29,29.53,-
18-Sep-24,33.18,33.18,33.18,33.18,29.43,-
19-Sep-24,33.56,33.56,33.56,33.56,29.77,-
20-Sep-24,33.46,33.46,33.46,33.46,29.68,-
23-Sep-24,33.53,33.53,33.53,33.53,29.74,-
24-Sep-24,33.67,33.67,33.67,33.67,29.87,-
25-Sep-24,33.56,33.56,33.56,33.56,29.77,-
26-Sep-24,33.81,33.81,33.81,33.81,29.99,-
27-Sep-24,33.79,33.79,33.79,33.79,29.97,-
30-Sep-24,33.8,33.8,33.8,33.8,29.98,-
1-Oct-24,33.69,33.69,33.69,33.69,29.88,-
2-Oct-24,33.69,33.69,33.69,33.69,29.88,-
3-Oct-24,33.54,33.54,33.54,33.54,29.75,-
4-Oct-24,33.64,33.64,33.64,33.64,29.84,-
7-Oct-24,33.47,33.47,33.47,33.47,29.69,-
8-Oct-24,33.52,33.52,33.52,33.52,29.73,-
9-Oct-24,33.57,33.57,33.57,33.57,29.78,-
10-Oct-24,33.54,33.54,33.54,33.54,29.75,-
11-Oct-24,33.68,33.68,33.68,33.68,29.88,-
14-Oct-24,33.77,33.77,33.77,33.77,29.96,-
15-Oct-24,33.59,33.59,33.59,33.59,29.8,-
16-Oct-24,33.73,33.73,33.73,33.73,29.92,-
17-Oct-24,33.67,33.67,33.67,33.67,29.87,-
18-Oct-24,33.78,33.78,33.78,33.78,29.96,-
21-Oct-24,33.6,33.6,33.6,33.6,29.8,-
22-Oct-24,33.53,33.53,33.53,33.53,29.74,-
23-Oct-24,33.33,33.33,33.33,33.33,29.56,-
24-Oct-24,33.4,33.4,33.4,33.4,29.63,-
25-Oct-24,33.35,33.35,33.35,33.35,29.58,-
28-Oct-24,33.43,33.43,33.43,33.43,29.65,-
29-Oct-24,33.44,33.44,33.44,33.44,29.66,-
30-Oct-24,33.34,33.34,33.34,33.34,29.57,-
31-Oct-24,33.06,33.06,33.06,33.06,29.33,-
1-Nov-24,33.08,33.08,33.08,33.08,29.34,-
4-Nov-24,33.12,33.12,33.12,33.12,29.38,-
5-Nov-24,33.38,33.38,33.38,33.38,29.61,-
6-Nov-24,33.57,33.57,33.57,33.57,29.78,-
7-Nov-24,33.83,33.83,33.83,33.83,30.01,-
8-Nov-24,33.82,33.82,33.82,33.82,30.0,-
11-Nov-24,33.83,33.83,33.83,33.83,30.01,-
12-Nov-24,33.59,33.59,33.59,33.59,29.8,-
13-Nov-24,33.52,33.52,33.52,33.52,29.73,-
14-Nov-24,33.44,33.44,33.44,33.44,29.66,-
15-Nov-24,33.23,33.23,33.23,33.23,29.48,-
18-Nov-24,33.36,33.36,33.36,33.36,29.59,-
19-Nov-24,33.44,33.44,33.44,33.44,29.66,-
20-Nov-24,33.41,33.41,33.41,33.41,29.64,-
21-Nov-24,33.5,33.5,33.5,33.5,29.72,-
22-Nov-24,33.6,33.6,33.6,33.6,29.8,-
25-Nov-24,33.77,33.77,33.77,33.77,29.96,-
26-Nov-24,33.78,33.78,33.78,33.78,29.96,-
27-Nov-24,33.79,33.79,33.79,33.79,29.97,-
29-Nov-24,33.99,33.99,33.99,33.99,30.15,-
2-Dec-24,34.06,34.06,34.06,34.06,30.21,-
3-Dec-24,34.08,34.08,34.08,34.08,30.23,-
4-Dec-24,34.21,34.21,34.21,34.21,30.35,-
5-Dec-24,34.2,34.2,34.2,34.2,30.34,-
6-Dec-24,34.26,34.26,34.26,34.26,30.39,-
9-Dec-24,34.18,34.18,34.18,34.18,30.32,-
10-Dec-24,34.04,34.04,34.04,34.04,30.19,-
11-Dec-24,34.17,34.17,34.17,34.17,30.31,-
12-Dec-24,33.98,33.98,33.98,33.98,30.14,-
13-Dec-24,33.92,33.92,33.92,33.92,30.09,-
16-Dec-24,33.95,33.95,33.95,33.95,30.11,-
17-Dec-24,33.85,33.85,33.85,33.85,30.03,-
18-Dec-24,33.22,33.22,33.22,33.22,29.47,-
19-Dec-24,33.15,33.15,33.15,33.15,29.41,-
20-Dec-24,33.31,33.31,33.31,33.31,29.55,-
23-Dec-24,33.41,33.41,33.41,33.41,29.64,-
24-Dec-24,33.56,33.56,33.56,33.56,29.77,-
26-Dec-24,33.59,33.59,33.59,33.59,29.8,-
27-Dec-24,33.41,33.41,33.41,33.41,29.64,-
30-Dec-24,31.4,31.4,31.4,31.4,29.52,-
31-Dec-24,31.33,31.33,31.33,31.33,29.45,-
2-Jan-25,31.3,31.3,31.3,31.3,29.42,-
3-Jan-25,31.48,31.48,31.48,31.48,29.59,-
6-Jan-25,31.58,31.58,31.58,31.58,29.69,-
7-Jan-25,31.38,31.38,31.38,31.38,29.5,-
8-Jan-25,31.38,31.38,31.38,31.38,29.5,-
10-Jan-25,31.02,31.02,31.02,31.02,29.16,-
13-Jan-25,30.99,30.99,30.99,30.99,29.13,-
14-Jan-25,31.06,31.06,31.06,31.06,29.2,-
15-Jan-25,31.45,31.45,31.45,31.45,29.57,-
16-Jan-25,31.49,31.49,31.49,31.49,29.6,-
17-Jan-25,31.64,31.64,31.64,31.64,29.74,-
21-Jan-25,31.91,31.91,31.91,31.91,30.0,-
22-Jan-25,31.95,31.95,31.95,31.95,30.04,-
23-Jan-25,32.02,32.02,32.02,32.02,30.1,-
24-Jan-25,32.05,32.05,32.05,32.05,30.13,-
27-Jan-25,31.88,31.88,31.88,31.88,29.97,-
28-Jan-25,32,32.0,32.0,32.0,30.08,-
29-Jan-25,31.94,31.94,31.94,31.94,30.03,-
30-Jan-25,32.13,32.13,32.13,32.13,30.2,-
31-Jan-25,31.99,31.99,31.99,31.99,30.07,-
3-Feb-25,31.84,31.84,31.84,31.84,29.93,-
4-Feb-25,32.04,32.04,32.04,32.04,30.12,-
5-Feb-25,32.19,32.19,32.19,32.19,30.26,-
6-Feb-25,32.25,32.25,32.25,32.25,30.32,-
7-Feb-25,32.07,32.07,32.07,32.07,30.15,-
10-Feb-25,32.2,32.2,32.2,32.2,30.27,-
11-Feb-25,32.18,32.18,32.18,32.18,30.25,-
12-Feb-25,32.09,32.09,32.09,32.09,30.17,-
13-Feb-25,32.37,32.37,32.37,32.37,30.43,-
14-Feb-25,32.4,32.4,32.4,32.4,30.46,-
18-Feb-25,32.44,32.44,32.44,32.44,30.5,-
19-Feb-25,32.41,32.41,32.41,32.41,30.47,-
20-Feb-25,32.41,32.41,32.41,32.41,30.47,-
21-Feb-25,32.18,32.18,32.18,32.18,30.25,-
24-Feb-25,32.09,32.09,32.09,32.09,30.17,-
25-Feb-25,32.14,32.14,32.14,32.14,30.21,-
26-Feb-25,32.2,32.2,32.2,32.2,30.27,-
27-Feb-25,31.91,31.91,31.91,31.91,30.0,-
28-Feb-25,32.11,32.11,32.11,32.11,30.19,-
3-Mar-25,31.91,31.91,31.91,31.91,30.0,-
4-Mar-25,31.75,31.75,31.75,31.75,29.85,-
5-Mar-25,32,32.0,32.0,32.0,30.08,-
6-Mar-25,31.72,31.72,31.72,31.72,29.82,-
7-Mar-25,31.82,31.82,31.82,31.82,29.91,-
10-Mar-25,31.38,31.38,31.38,31.38,29.5,-
11-Mar-25,31.26,31.26,31.26,31.26,29.39,-
12-Mar-25,31.35,31.35,31.35,31.35,29.47,-
13-Mar-25,31.16,31.16,31.16,31.16,29.29,-
14-Mar-25,31.52,31.52,31.52,31.52,29.63,-
17-Mar-25,31.72,31.72,31.72,31.72,29.82,-
18-Mar-25,31.61,31.61,31.61,31.61,29.72,-
19-Mar-25,31.79,31.79,31.79,31.79,29.88,-
20-Mar-25,31.72,31.72,31.72,31.72,29.82,-
21-Mar-25,31.67,31.67,31.67,31.67,29.77,-
24-Mar-25,31.86,31.86,31.86,31.86,29.95,-
25-Mar-25,31.89,31.89,31.89,31.89,29.98,-
26-Mar-25,31.67,31.67,31.67,31.67,29.77,-
27-Mar-25,31.64,31.64,31.64,31.64,29.74,-
28-Mar-25,31.39,31.39,31.39,31.39,29.51,-
31-Mar-25,31.4,31.4,31.4,31.4,29.52,-
1-Apr-25,31.5,31.5,31.5,31.5,29.61,-
2-Apr-25,31.61,31.61,31.61,31.61,29.72,-
3-Apr-25,30.95,30.95,30.95,30.95,29.1,-
4-Apr-25,29.92,29.92,29.92,29.92,28.13,-
7-Apr-25,29.59,29.59,29.59,29.59,27.82,-
8-Apr-25,29.32,29.32,29.32,29.32,27.56,-
9-Apr-25,30.63,30.63,30.63,30.63,28.79,-
10-Apr-25,30.15,30.15,30.15,30.15,28.34,-
11-Apr-25,30.5,30.5,30.5,30.5,28.67,-
14-Apr-25,30.75,30.75,30.75,30.75,28.91,-
15-Apr-25,30.8,30.8,30.8,30.8,28.95,-
16-Apr-25,30.56,30.56,30.56,30.56,28.73,-
17-Apr-25,30.56,30.56,30.56,30.56,28.73,-
21-Apr-25,30.35,30.35,30.35,30.35,28.53,-
22-Apr-25,30.75,30.75,30.75,30.75,28.91,-
23-Apr-25,30.99,30.99,30.99,30.99,29.13,-
24-Apr-25,31.37,31.37,31.37,31.37,29.49,-
25-Apr-25,31.47,31.47,31.47,31.47,29.58,-
28-Apr-25,31.56,31.56,31.56,31.56,29.67,-
29-Apr-25,31.66,31.66,31.66,31.66,29.76,-
30-Apr-25,31.69,31.69,31.69,31.69,29.79,-
1-May-25,31.71,31.71,31.71,31.71,29.81,-
2-May-25,31.98,31.98,31.98,31.98,30.06,-
5-May-25,31.9,31.9,31.9,31.9,29.99,-
6-May-25,31.83,31.83,31.83,31.83,29.92,-
7-May-25,31.83,31.83,31.83,31.83,29.92,-
8-May-25,31.88,31.88,31.88,31.88,29.97,-
9-May-25,31.92,31.92,31.92,31.92,30.01,-
12-May-25,32.35,32.35,32.35,32.35,30.41,-
13-May-25,32.46,32.46,32.46,32.46,30.51,-
14-May-25,32.41,32.41,32.41,32.41,30.47,-
15-May-25,32.58,32.58,32.58,32.58,30.63,-
16-May-25,32.69,32.69,32.69,32.69,30.73,-
19-May-25,32.75,32.75,32.75,32.75,30.79,-
20-May-25,32.7,32.7,32.7,32.7,30.74,-
21-May-25,32.4,32.4,32.4,32.4,30.46,-
22-May-25,32.41,32.41,32.41,32.41,30.47,-
23-May-25,32.38,32.38,32.38,32.38,30.44,-
27-May-25,32.75,32.75,32.75,32.75,30.79,-
28-May-25,32.6,32.6,32.6,32.6,30.65,-
29-May-25,32.71,32.71,32.71,32.71,30.75,-
30-May-25,32.73,32.73,32.73,32.73,30.77,-
2-Jun-25,32.82,32.82,32.82,32.82,30.85,-
3-Jun-25,32.87,32.87,32.87,32.87,30.9,-
4-Jun-25,32.97,32.97,32.97,32.97,30.99,-
5-Jun-25,32.9,32.9,32.9,32.9,30.93,-
6-Jun-25,33.01,33.01,33.01,33.01,31.03,-
9-Jun-25,33.06,33.06,33.06,33.06,31.08,-
10-Jun-25,33.17,33.17,33.17,33.17,31.18,-
11-Jun-25,33.17,33.17,33.17,33.17,31.18,-
12-Jun-25,33.3,33.3,33.3,33.3,31.3,-
13-Jun-25,33,33.0,33.0,33.0,31.02,-
16-Jun-25,33.15,33.15,33.15,33.15,31.16,-
17-Jun-25,32.99,32.99,32.99,32.99,31.01,-
18-Jun-25,33.01,33.01,33.01,33.01,31.03,-
20-Jun-25,32.93,32.93,32.93,32.93,30.96,-
23-Jun-25,33.11,33.11,33.11,33.11,31.13,-
24-Jun-25,33.11,33.11,33.11,33.11,31.13,-
25-Jun-25,33.38,33.38,33.38,33.38,31.38,-
26-Jun-25,33.6,33.6,33.6,33.6,31.59,-
27-Jun-25,33.68,33.68,33.68,33.68,31.66,-
30-Jun-25,33.43,33.43,33.43,33.43,31.78,-
1-Jul-25,33.42,33.42,33.42,33.42,31.77,-
2-Jul-25,33.5,33.5,33.5,33.5,31.84,-
3-Jul-25,33.6,33.6,33.6,33.6,31.94,-
7-Jul-25,33.37,33.37,33.37,33.37,31.72,-
8-Jul-25,33.4,33.4,33.4,33.4,31.75,-
9-Jul-25,33.55,33.55,33.55,33.55,31.89,-
10-Jul-25,33.6,33.6,33.6,33.6,31.94,-
11-Jul-25,33.45,33.45,33.45,33.45,31.8,-
14-Jul-25,33.47,33.47,33.47,33.47,31.81,-
15-Jul-25,33.35,33.35,33.35,33.35,31.7,-
16-Jul-25,33.43,33.43,33.43,33.43,31.78,-
17-Jul-25,33.55,33.55,33.55,33.55,31.89,-
18-Jul-25,33.55,33.55,33.55,33.55,31.89,-
21-Jul-25,33.64,33.64,33.64,33.64,31.98,-
22-Jul-25,33.71,33.71,33.71,33.71,32.04,-
23-Jul-25,33.94,33.94,33.94,33.94,32.26,-
24-Jul-25,33.87,33.87,33.87,33.87,32.19,-
25-Jul-25,33.93,33.93,33.93,33.93,32.25,-
28-Jul-25,33.82,33.82,33.82,33.82,32.15,-
29-Jul-25,33.83,33.83,33.83,33.83,32.16,-
30-Jul-25,33.72,33.72,33.72,33.72,32.05,-
31-Jul-25,33.6,33.6,33.6,33.6,31.94,-
1-Aug-25,33.45,33.45,33.45,33.45,31.8,-
4-Aug-25,33.76,33.76,33.76,33.76,32.09,-
5-Aug-25,33.73,33.73,33.73,33.73,32.06,-
6-Aug-25,33.86,33.86,33.86,33.86,32.19,-
7-Aug-25,33.91,33.91,33.91,33.91,32.23,-
8-Aug-25,33.98,33.98,33.98,33.98,32.3,-
11-Aug-25,33.94,33.94,33.94,33.94,32.26,-
12-Aug-25,34.17,34.17,34.17,34.17,32.48,-
13-Aug-25,34.34,34.34,34.34,34.34,32.64,-
14-Aug-25,34.26,34.26,34.26,34.26,32.57,-
15-Aug-25,34.23,34.23,34.23,34.23,32.54,-
18-Aug-25,34.25,34.25,34.25,34.25,32.56,-
19-Aug-25,34.15,34.15,34.15,34.15,32.46,-
20-Aug-25,34.14,34.14,34.14,34.14,32.45,-
21-Aug-25,34.04,34.04,34.04,34.04,32.36,-
22-Aug-25,34.44,34.44,34.44,34.44,32.74,-
25-Aug-25,34.28,34.28,34.28,34.28,32.58,-
26-Aug-25,34.35,34.35,34.35,34.35,32.65,-
27-Aug-25,34.38,34.38,34.38,34.38,32.68,-
28-Aug-25,34.47,34.47,34.47,34.47,32.77,-
29-Aug-25,34.33,34.33,34.33,34.33,32.63,-
2-Sep-25,34.17,34.17,34.17,34.17,32.48,-
3-Sep-25,34.27,34.27,34.27,34.27,32.58,-
4-Sep-25,34.46,34.46,34.46,34.46,32.76,-
5-Sep-25,34.54,34.54,34.54,34.54,32.83,-
8-Sep-25,34.69,34.69,34.69,34.69,32.97,-
9-Sep-25,34.69,34.69,34.69,34.69,32.97,-
10-Sep-25,34.77,34.77,34.77,34.77,33.05,-
11-Sep-25,34.99,34.99,34.99,34.99,33.26,-
12-Sep-25,34.93,34.93,34.93,34.93,33.2,-
15-Sep-25,35.07,35.07,35.07,35.07,33.34,-
16-Sep-25,35.08,35.08,35.08,35.08,33.35,-
17-Sep-25,35.03,35.03,35.03,35.03,33.3,-
18-Sep-25,35.11,35.11,35.11,35.11,33.37,-
19-Sep-25,35.13,35.13,35.13,35.13,33.39,-
22-Sep-25,35.2,35.2,35.2,35.2,33.46,-
23-Sep-25,35.14,35.14,35.14,35.14,33.4,-
24-Sep-25,35.03,35.03,35.03,35.03,33.3,-
25-Sep-25,34.88,34.88,34.88,34.88,33.16,-
26-Sep-25,34.99,34.99,34.99,34.99,33.26,-
29-Sep-25,35.1,35.1,35.1,35.1,33.36,-
30-Sep-25,35.2,35.2,35.2,35.2,33.46,-
1-Oct-25,35.32,35.32,35.32,35.32,33.57,-
2-Oct-25,35.37,35.37,35.37,35.37,33.62,-
3-Oct-25,35.42,35.42,35.42,35.42,33.67,-
6-Oct-25,35.48,35.48,35.48,35.48,33.73,-
7-Oct-25,35.36,35.36,35.36,35.36,33.61,-
8-Oct-25,35.49,35.49,35.49,35.49,33.73,-
9-Oct-25,35.36,35.36,35.36,35.36,33.61,-
10-Oct-25,34.85,34.85,34.85,34.85,33.13,-
13-Oct-25,35.2,35.2,35.2,35.2,33.46,-
14-Oct-25,35.22,35.22,35.22,35.22,33.48,-
15-Oct-25,35.35,35.35,35.35,35.35,33.6,-
16-Oct-25,35.33,35.33,35.33,35.33,33.58,-
17-Oct-25,35.36,35.36,35.36,35.36,33.61,-
20-Oct-25,35.61,35.61,35.61,35.61,33.85,-
21-Oct-25,35.56,35.56,35.56,35.56,33.8,-
22-Oct-25,35.47,35.47,35.47,35.47,33.72,-
23-Oct-25,35.59,35.59,35.59,35.59,33.83,-
24-Oct-25,35.73,35.73,35.73,35.73,33.96,-
27-Oct-25,35.96,35.96,35.96,35.96,34.18,-
28-Oct-25,35.98,35.98,35.98,35.98,34.2,-
29-Oct-25,35.87,35.87,35.87,35.87,34.1,-
30-Oct-25,35.68,35.68,35.68,35.68,33.92,-
31-Oct-25,35.72,35.72,35.72,35.72,33.95,-
3-Nov-25,35.74,35.74,35.74,35.74,33.97,-
4-Nov-25,35.47,35.47,35.47,35.47,33.72,-
5-Nov-25,35.54,35.54,35.54,35.54,33.78,-
6-Nov-25,35.39,35.39,35.39,35.39,33.64,-
7-Nov-25,35.43,35.43,35.43,35.43,33.68,-
10-Nov-25,35.73,35.73,35.73,35.73,33.96,-
11-Nov-25,35.83,35.83,35.83,35.83,34.06,-
12-Nov-25,35.88,35.88,35.88,35.88,34.11,-
13-Nov-25,35.53,35.53,35.53,35.53,33.77,-
14-Nov-25,35.47,35.47,35.47,35.47,33.72,-
17-Nov-25,35.25,35.25,35.25,35.25,33.51,-
18-Nov-25,35.08,35.08,35.08,35.08,33.35,-
19-Nov-25,35.09,35.09,35.09,35.09,33.35,-
20-Nov-25,34.79,34.79,34.79,34.79,33.07,-
21-Nov-25,35.04,35.04,35.04,35.04,33.31,-
24-Nov-25,35.3,35.3,35.3,35.3,33.55,-
25-Nov-25,35.53,35.53,35.53,35.53,33.77,-
26-Nov-25,35.73,35.73,35.73,35.73,33.96,-
28-Nov-25,35.82,35.82,35.82,35.82,34.05,-
1-Dec-25,35.66,35.66,35.66,35.66,33.9,-
2-Dec-25,35.73,35.73,35.73,35.73,33.96,-
3-Dec-25,35.84,35.84,35.84,35.84,34.07,-
4-Dec-25,35.85,35.85,35.85,35.85,34.08,-
5-Dec-25,35.87,35.87,35.87,35.87,34.1,-
8-Dec-25,35.79,35.79,35.79,35.79,34.02,-
9-Dec-25,35.75,35.75,35.75,35.75,33.98,-
10-Dec-25,35.97,35.97,35.97,35.97,34.19,-
11-Dec-25,36.03,36.03,36.03,36.03,34.25,-
12-Dec-25,35.8,35.8,35.8,35.8,34.03,-
15-Dec-25,35.82,35.82,35.82,35.82,34.05,-
16-Dec-25,35.75,35.75,35.75,35.75,33.98,-
17-Dec-25,35.55,35.55,35.55,35.55,33.79,-
18-Dec-25,35.73,35.73,35.73,35.73,33.96,-
19-Dec-25,35.88,35.88,35.88,35.88,34.11,-
22-Dec-25,36.03,36.03,36.03,36.03,34.25,-
23-Dec-25,34.7,34.7,34.7,34.7,34.36,-
24-Dec-25,34.76,34.76,34.76,34.76,34.42,-
26-Dec-25,34.78,34.78,34.78,34.78,34.44,-
29-Dec-25,34.73,34.73,34.73,34.73,34.39,-
30-Dec-25,34.72,34.72,34.72,34.72,34.38,-
31-Dec-25,34.58,34.58,34.58,34.58,34.24,-
2-Jan-26,34.71,34.71,34.71,34.71,34.37,-
5-Jan-26,34.92,34.92,34.92,34.92,34.58,-
6-Jan-26,35.06,35.06,35.06,35.06,34.72,-
7-Jan-26,34.99,34.99,34.99,34.99,34.65,-
8-Jan-26,34.98,34.98,34.98,34.98,34.64,-
9-Jan-26,35.15,35.15,35.15,35.15,34.81,-
12-Jan-26,35.25,35.25,35.25,35.25,34.9,-
13-Jan-26,35.2,35.2,35.2,35.2,34.86,-
14-Jan-26,35.18,35.18,35.18,35.18,34.84,-
15-Jan-26,35.24,35.24,35.24,35.24,34.89,-
16-Jan-26,35.21,35.21,35.21,35.21,34.87,-
20-Jan-26,34.8,34.8,34.8,34.8,34.46,-
21-Jan-26,35.06,35.06,35.06,35.06,34.72,-
22-Jan-26,35.21,35.21,35.21,35.21,34.87,-
23-Jan-26,35.25,35.25,35.25,35.25,34.9,-
26-Jan-26,35.37,35.37,35.37,35.37,35.02,-
27-Jan-26,35.54,35.54,35.54,35.54,35.19,-
28-Jan-26,35.51,35.51,35.51,35.51,35.16,-
29-Jan-26,35.52,35.52,35.52,35.52,35.17,-
30-Jan-26,35.3,35.3,35.3,35.3,34.95,-
2-Feb-26,35.39,35.39,35.39,35.39,35.04,-
3-Feb-26,35.33,35.33,35.33,35.33,34.98,-
4-Feb-26,35.25,35.25,35.25,35.25,34.9,-
5-Feb-26,35.03,35.03,35.03,35.03,34.69,-
6-Feb-26,35.49,35.49,35.49,35.49,35.14,-
9-Feb-26,35.69,35.69,35.69,35.69,35.34,-
10-Feb-26,35.71,35.71,35.71,35.71,35.36,-
11-Feb-26,35.75,35.75,35.75,35.75,35.4,-
12-Feb-26,35.51,35.51,35.51,35.51,35.16,-
13-Feb-26,35.58,35.58,35.58,35.58,35.23,-
17-Feb-26,35.59,35.59,35.59,35.59,35.24,-
18-Feb-26,35.69,35.69,35.69,35.69,35.34,-
19-Feb-26,35.65,35.65,35.65,35.65,35.3,-
20-Feb-26,35.83,35.83,35.83,35.83,35.48,-
23-Feb-26,35.66,35.66,35.66,35.66,35.31,-
24-Feb-26,35.83,35.83,35.83,35.83,35.48,-
25-Feb-26,36,36.0,36.0,36.0,35.65,-
26-Feb-26,35.96,35.96,35.96,35.96,35.61,-
27-Feb-26,35.92,35.92,35.92,35.92,35.57,-
2-Mar-26,35.74,35.74,35.74,35.74,35.39,-
3-Mar-26,35.26,35.26,35.26,35.26,34.91,-
4-Mar-26,35.39,35.39,35.39,35.39,35.04,-
5-Mar-26,35.15,35.15,35.15,35.15,34.81,-
6-Mar-26,34.88,34.88,34.88,34.88,34.54,-
9-Mar-26,35.06,35.06,35.06,35.06,34.72,-
10-Mar-26,35.06,35.06,35.06,35.06,34.72,-
11-Mar-26,34.98,34.98,34.98,34.98,34.64,-
12-Mar-26,34.55,34.55,34.55,34.55,34.21,-
13-Mar-26,34.39,34.39,34.39,34.39,34.05,-
16-Mar-26,34.71,34.71,34.71,34.71,34.37,-
17-Mar-26,34.82,34.82,34.82,34.82,34.48,-
18-Mar-26,34.47,34.47,34.47,34.47,34.13,-
19-Mar-26,34.42,34.42,34.42,34.42,34.08,-
20-Mar-26,33.89,33.89,33.89,33.89,33.56,-
23-Mar-26,34.23,34.23,34.23,34.23,33.89,-
24-Mar-26,34.13,34.13,34.13,34.13,33.8,-
25-Mar-26,34.4,34.4,34.4,34.4,34.06,-
26-Mar-26,33.9,33.9,33.9,33.9,33.57,-
27-Mar-26,33.62,33.62,33.62,33.62,33.29,-
30-Mar-26,33.61,33.61,33.61,33.61,33.28,-
31-Mar-26,34.22,34.22,34.22,34.22,33.88,-
1-Apr-26,34.46,34.46,34.46,34.46,34.12,-
2-Apr-26,34.43,34.43,34.43,34.43,34.09,-
6-Apr-26,34.53,34.53,34.53,34.53,34.19,-
7-Apr-26,34.54,34.54,34.54,34.54,34.2,-
8-Apr-26,35.28,35.28,35.28,35.28,34.93,-
9-Apr-26,35.33,35.33,35.33,35.33,34.98,-
10-Apr-26,35.3,35.3,35.3,35.3,34.95,-
13-Apr-26,35.52,35.52,35.52,35.52,35.17,-
14-Apr-26,35.77,35.77,35.77,35.77,35.42,-
15-Apr-26,35.87,35.87,35.87,35.87,35.52,-
16-Apr-26,35.89,35.89,35.89,35.89,35.54,-
17-Apr-26,36.22,36.22,36.22,36.22,35.87,-
20-Apr-26,36.16,36.16,36.16,36.16,35.81,-
21-Apr-26,35.91,35.91,35.91,35.91,35.56,-
22-Apr-26,36.1,36.1,36.1,36.1,35.75,-
23-Apr-26,35.94,35.94,35.94,35.94,35.59,-
24-Apr-26,36.12,36.12,36.12,36.12,35.77,-
27-Apr-26,36.09,36.09,36.09,36.09,35.74,-
28-Apr-26,35.96,35.96,35.96,35.96,35.61,-
29-Apr-26,35.86,35.86,35.86,35.86,35.51,-
30-Apr-26,36.19,36.19,36.19,36.19,35.84,-
1-May-26,36.22,36.22,36.22,36.22,35.87,-
4-May-26,36.1,36.1,36.1,36.1,35.75,-
5-May-26,36.33,36.33,36.33,36.33,35.97,-
6-May-26,36.81,36.81,36.81,36.81,36.45,-
7-May-26,36.62,36.62,36.62,36.62,36.26,-
8-May-26,36.81,36.81,36.81,36.81,36.45,-
11-May-26,36.81,36.81,36.81,36.81,36.45,-
12-May-26,36.65,36.65,36.65,36.65,36.29,-
13-May-26,36.8,36.8,36.8,36.8,36.44,-
14-May-26,36.89,36.89,36.89,36.89,36.53,-
15-May-26,36.42,36.42,36.42,36.42,36.06,-
18-May-26,36.46,36.46,36.46,36.46,36.1,-
19-May-26,36.25,36.25,36.25,36.25,35.89,-
20-May-26,36.61,36.61,36.61,36.61,36.25,-
21-May-26,36.72,36.72,36.72,36.72,36.36,-
22-May-26,36.8,36.8,36.8,36.8,36.44,-
26-May-26,37.1,37.1,37.1,37.1,36.74,-
27-May-26,37.08,37.08,37.08,37.08,36.72,-
28-May-26,37.21,37.21,37.21,37.21,36.85,-
29-May-26,37.28,37.28,37.28,37.28,36.91,-
1-Jun-26,37.34,37.34,37.34,37.34,36.97,-
2-Jun-26,37.43,37.43,37.43,37.43,37.06,-
3-Jun-26,37.22,37.22,37.22,37.22,36.86,-
4-Jun-26,37.31,37.31,37.31,37.31,36.94,-
5-Jun-26,36.56,36.56,36.56,36.56,36.2,-
8-Jun-26,36.62,36.62,36.62,36.62,36.26,-
9-Jun-26,36.65,36.65,36.65,36.65,36.29,-
10-Jun-26,36.27,36.27,36.27,36.27,35.91,-
11-Jun-26,36.87,36.87,36.87,36.87,36.51,-
12-Jun-26,37,37.0,37.0,37.0,36.64,-
15-Jun-26,37.37,37.37,37.37,37.37,37.0,-
16-Jun-26,37.27,37.27,37.27,37.27,36.9,-
17-Jun-26,37.03,37.03,37.03,37.03,36.67,-
18-Jun-26,37.33,37.33,37.33,37.33,36.96,-
22-Jun-26,37.26,37.26,37.26,37.26,36.89,-
23-Jun-26,36.81,36.81,36.81,36.81,36.45,-
24-Jun-26,36.86,36.86,36.86,36.86,36.5,-
25-Jun-26,36.95,36.95,36.95,36.95,36.59,-
26-Jun-26,36.54,36.54,36.54,36.54,36.54,-
29-Jun-26,36.78,36.78,36.78,36.78,36.78,-
30-Jun-26,36.89,36.89,36.89,36.89,36.89,-
1-Jul-26,36.71,36.71,36.71,36.71,36.71,-
2-Jul-26,36.71,36.71,36.71,36.71,36.71,-
06-Jul-26,36.99,36.99,36.99,36.99,36.99,-
07-Jul-26,36.71,36.71,36.71,36.71,36.71,-
08-Jul-26,36.6,36.6,36.6,36.6,36.6,-
09-Jul-26,36.78,36.78,36.78,36.78,36.78,-
10-Jul-26,36.86,36.86,36.86,36.86,36.86,-
13-Jul-26,36.55,36.55,36.55,36.55,36.55,-
14-Jul-26,36.71,36.71,36.71,36.71,36.71,-
15-Jul-26,36.83,36.83,36.83,36.83,36.83,-
16-Jul-26,36.68,36.68,36.68,36.68,36.68,-
17-Jul-26,36.47,36.47,36.47,36.47,36.47,-
20-Jul-26,36.35,36.35,36.35,36.35,36.35,-
21-Jul-26,36.62,36.62,36.62,36.62,36.62,-
22-Jul-26,36.58,36.58,36.58,36.58,36.58,-
23-Jul-26,36.31,36.31,36.31,36.31,36.31,-
24-Jul-26,36.28,36.28,36.28,36.28,36.28,-
27-Jul-26,36.38,36.38,36.38,36.38,36.38,-
28-Jul-26,36.37,36.37,36.37,36.37,36.37,-
29-Jul-26,36.03,36.03,36.03,36.03,36.03,-
30-Jul-26,36.5,36.5,36.5,36.5,36.5,-
31-Jul-26,36.55,36.55,36.55,36.55,36.55,-
03-Aug-26,36.85,36.85,36.85,36.85,36.85,-
04-Aug-26,37.29,37.29,37.29,37.29,37.29,-
05-Aug-26,37.25,37.25,37.25,37.25,37.25,-
