Date,Open,High,Low,Close,Adj Close,Volume
25-Aug-15,50.01,50.14,49.95,50.07,38.75,27
26-Aug-15,50.02,50.3,50.0,50.0,38.69,"115,500"
27-Aug-15,50.0,50.04,49.97,50.0,38.69,"29,400"
28-Aug-15,50.09,50.09,49.98,49.99,38.69,"13,800"
31-Aug-15,50.1,50.1,49.95,49.98,38.68,"35,400"
01-Sep-15,50.07,50.07,49.92,49.93,38.65,"43,500"
02-Sep-15,49.91,49.98,49.81,49.83,38.58,"24,100"
03-Sep-15,49.93,50.03,49.93,49.99,38.7,"105,100"
04-Sep-15,49.97,50.0,49.93,49.98,38.69,"24,700"
08-Sep-15,49.92,49.92,49.8,49.83,38.58,"44,700"
09-Sep-15,49.75,49.86,49.74,49.81,38.56,"105,400"
10-Sep-15,49.82,49.82,49.75,49.79,38.55,"61,400"
11-Sep-15,49.83,49.86,49.82,49.84,38.58,"23,000"
14-Sep-15,49.86,49.86,49.81,49.83,38.58,"8,100"
15-Sep-15,49.78,49.78,49.62,49.64,38.43,"17,700"
16-Sep-15,49.7,49.7,49.65,49.66,38.44,"12,400"
17-Sep-15,49.74,49.88,49.72,49.88,38.62,"3,700"
18-Sep-15,49.94,50.01,49.91,49.98,38.69,"15,900"
21-Sep-15,49.87,49.87,49.79,49.84,38.58,"45,100"
22-Sep-15,50.0,50.06,49.96,50.03,38.73,"14,600"
23-Sep-15,50.01,50.06,50.01,50.04,38.74,"16,700"
24-Sep-15,50.11,50.13,50.03,50.07,38.76,"23,400"
25-Sep-15,50.08,50.09,50.04,50.08,38.77,"24,600"
28-Sep-15,50.1,50.17,50.08,50.17,38.84,"165,100"
29-Sep-15,50.22,50.26,50.19,50.24,38.89,"30,400"
30-Sep-15,50.23,50.24,50.21,50.24,38.89,"13,100"
01-Oct-15,50.21,50.21,50.14,50.19,38.91,"21,000"
02-Oct-15,50.32,50.33,50.26,50.28,38.98,"15,400"
05-Oct-15,50.27,50.27,50.16,50.23,38.95,"81,900"
06-Oct-15,50.27,50.29,50.22,50.28,38.98,"30,000"
07-Oct-15,50.2,50.26,50.17,50.23,38.95,"32,900"
08-Oct-15,50.28,50.28,50.2,50.22,38.94,"38,300"
09-Oct-15,50.21,50.22,50.15,50.18,38.91,"19,600"
12-Oct-15,50.26,50.29,50.21,50.29,38.99,"11,600"
13-Oct-15,50.3,50.3,50.26,50.28,38.98,"3,500"
14-Oct-15,50.31,50.38,50.24,50.38,39.06,"25,500"
15-Oct-15,50.28,50.29,50.21,50.24,38.95,"32,600"
16-Oct-15,50.3,50.3,50.24,50.24,38.95,"37,900"
19-Oct-15,50.3,50.3,50.24,50.25,38.96,"11,900"
20-Oct-15,50.25,50.25,50.22,50.23,38.95,"11,100"
21-Oct-15,50.33,50.38,50.3,50.36,39.05,"12,600"
22-Oct-15,50.34,50.36,50.29,50.31,39.01,"143,400"
23-Oct-15,50.28,50.3,50.25,50.28,38.98,"117,900"
26-Oct-15,50.4,50.4,50.37,50.39,39.07,"34,600"
27-Oct-15,50.42,50.44,50.39,50.41,39.08,"21,300"
28-Oct-15,50.46,50.46,50.35,50.36,39.05,"23,400"
29-Oct-15,50.43,50.43,50.31,50.34,39.03,"42,500"
30-Oct-15,50.39,50.42,50.38,50.42,39.09,"46,000"
02-Nov-15,50.29,50.32,50.26,50.26,39.02,"34,000"
03-Nov-15,50.3,50.3,50.21,50.23,39.0,"26,000"
04-Nov-15,50.26,50.31,50.13,50.27,39.03,"91,500"
05-Nov-15,50.3,50.3,50.22,50.26,39.02,"24,000"
06-Nov-15,50.02,50.18,50.0,50.08,38.88,"67,300"
09-Nov-15,50.12,50.14,50.03,50.1,38.9,"91,400"
10-Nov-15,50.12,50.19,50.06,50.13,38.92,"41,600"
11-Nov-15,50.1,50.12,50.06,50.11,38.9,"37,300"
12-Nov-15,50.14,50.19,50.08,50.14,38.93,"36,300"
13-Nov-15,50.21,50.21,50.12,50.2,38.97,"19,200"
16-Nov-15,50.27,50.28,50.19,50.25,39.01,"36,100"
17-Nov-15,50.24,50.29,50.19,50.25,39.01,"45,800"
18-Nov-15,50.3,50.3,50.24,50.25,39.01,"57,300"
19-Nov-15,50.32,50.32,50.28,50.29,39.04,"38,600"
20-Nov-15,50.44,50.44,50.36,50.39,39.12,"41,300"
23-Nov-15,50.52,50.52,50.39,50.41,39.14,"95,800"
24-Nov-15,50.45,50.48,50.4,50.47,39.18,"49,000"
25-Nov-15,50.49,50.55,50.49,50.5,39.21,"62,600"
27-Nov-15,50.56,50.56,50.52,50.52,39.22,"37,100"
30-Nov-15,50.53,50.55,50.49,50.53,39.23,"49,600"
01-Dec-15,50.53,50.64,50.51,50.59,39.3,"81,400"
02-Dec-15,50.57,50.61,50.51,50.58,39.29,"24,400"
03-Dec-15,50.54,50.54,50.42,50.45,39.19,"64,100"
04-Dec-15,50.53,50.56,50.47,50.53,39.25,"66,800"
07-Dec-15,50.51,50.61,50.42,50.51,39.24,"41,200"
08-Dec-15,50.69,50.69,50.54,50.59,39.3,"69,900"
09-Dec-15,50.63,50.66,50.55,50.58,39.29,"65,500"
10-Dec-15,50.61,50.66,50.54,50.65,39.35,"68,400"
11-Dec-15,50.82,50.93,50.77,50.89,39.53,"56,400"
14-Dec-15,50.79,50.79,50.62,50.69,39.38,"44,000"
15-Dec-15,50.75,50.75,50.65,50.71,39.39,"40,500"
16-Dec-15,50.65,50.71,50.6,50.7,39.39,"69,300"
17-Dec-15,50.84,50.85,50.74,50.85,39.5,"263,800"
18-Dec-15,50.74,50.83,50.72,50.82,39.48,"132,400"
21-Dec-15,50.86,50.86,50.77,50.82,39.48,"56,700"
22-Dec-15,50.8,50.83,50.66,50.66,39.36,"65,500"
23-Dec-15,50.72,50.76,50.7,50.76,39.51,"48,600"
24-Dec-15,50.76,50.89,50.71,50.88,39.61,"185,400"
28-Dec-15,50.87,50.88,50.8,50.86,39.59,"217,300"
29-Dec-15,50.9,50.95,50.86,50.91,39.63,"119,300"
30-Dec-15,50.94,50.98,50.91,50.91,39.63,"141,700"
31-Dec-15,50.97,51.01,50.96,50.99,39.69,"60,500"
04-Jan-16,51.06,51.1,51.0,51.05,39.74,"68,300"
05-Jan-16,51.06,51.17,51.03,51.13,39.8,"68,100"
06-Jan-16,51.26,51.39,51.22,51.34,39.97,"110,400"
07-Jan-16,51.37,51.37,51.26,51.31,39.94,"103,000"
08-Jan-16,51.31,51.35,51.25,51.35,39.97,"123,500"
11-Jan-16,51.27,51.27,51.11,51.21,39.86,"93,500"
12-Jan-16,51.26,51.26,51.11,51.18,39.84,"116,000"
13-Jan-16,51.23,51.26,51.19,51.23,39.88,"29,100"
14-Jan-16,51.25,51.31,51.19,51.19,39.85,"63,400"
15-Jan-16,51.27,51.48,51.27,51.27,39.91,"206,700"
19-Jan-16,51.16,51.26,51.16,51.21,39.86,"79,200"
20-Jan-16,51.39,51.42,51.31,51.37,39.99,"102,600"
21-Jan-16,51.43,51.43,51.27,51.32,39.95,"35,400"
22-Jan-16,51.26,51.32,51.26,51.28,39.92,"142,200"
25-Jan-16,51.32,51.32,51.22,51.22,39.87,"64,500"
26-Jan-16,51.21,51.24,51.18,51.24,39.89,"73,600"
27-Jan-16,51.21,51.22,51.18,51.18,39.84,"28,000"
28-Jan-16,51.25,51.25,51.2,51.22,39.87,"68,300"
29-Jan-16,51.33,51.33,51.25,51.25,39.9,"61,700"
01-Feb-16,51.26,51.26,51.22,51.24,39.94,"65,900"
02-Feb-16,51.37,51.37,51.31,51.36,40.03,"87,600"
03-Feb-16,51.39,51.39,51.33,51.35,40.02,"76,800"
04-Feb-16,51.36,51.4,51.31,51.35,40.02,"74,700"
05-Feb-16,51.45,51.49,51.36,51.46,40.11,"54,200"
08-Feb-16,51.43,51.53,51.42,51.49,40.13,"78,500"
09-Feb-16,51.61,51.61,51.48,51.51,40.15,"97,000"
10-Feb-16,51.51,51.57,51.48,51.56,40.19,"197,200"
11-Feb-16,51.74,51.75,51.59,51.6,40.22,"63,600"
12-Feb-16,51.56,51.68,51.48,51.54,40.17,"73,600"
16-Feb-16,51.65,51.65,51.49,51.51,40.15,"73,300"
17-Feb-16,51.41,51.47,51.36,51.44,40.09,"45,500"
18-Feb-16,51.42,51.53,51.42,51.47,40.12,"90,300"
19-Feb-16,51.46,51.51,51.42,51.46,40.11,"113,400"
22-Feb-16,51.47,51.48,51.39,51.39,40.05,"45,600"
23-Feb-16,51.34,51.43,51.32,51.38,40.05,"85,000"
24-Feb-16,51.45,51.5,51.32,51.38,40.05,"43,300"
25-Feb-16,51.48,51.48,51.36,51.43,40.09,"84,500"
26-Feb-16,51.32,51.32,51.26,51.27,39.96,"36,300"
29-Feb-16,51.34,51.38,51.32,51.34,40.02,"195,200"
01-Mar-16,51.37,51.37,51.17,51.22,39.98,"72,500"
02-Mar-16,51.24,51.24,51.1,51.11,39.89,"49,500"
03-Mar-16,51.11,51.21,51.02,51.12,39.9,"175,200"
04-Mar-16,51.14,51.14,51.06,51.07,39.86,"79,000"
07-Mar-16,51.08,51.08,51.0,51.05,39.84,"79,900"
08-Mar-16,51.1,51.15,51.07,51.12,39.9,"39,400"
09-Mar-16,51.04,51.09,51.02,51.04,39.84,"118,600"
10-Mar-16,51.08,51.09,51.0,51.09,39.88,"43,200"
11-Mar-16,51.14,51.14,51.01,51.09,39.88,"84,300"
14-Mar-16,51.2,51.2,51.11,51.14,39.92,"61,600"
15-Mar-16,51.16,51.16,51.1,51.1,39.88,"66,100"
16-Mar-16,51.16,51.16,51.06,51.11,39.89,"45,200"
17-Mar-16,51.22,51.22,51.15,51.15,39.92,"32,800"
18-Mar-16,51.15,51.26,51.15,51.25,40.0,"36,600"
21-Mar-16,51.25,51.27,51.21,51.22,39.98,"72,100"
22-Mar-16,51.28,51.31,51.2,51.23,39.99,"75,200"
23-Mar-16,51.29,51.31,51.22,51.25,40.0,"83,500"
24-Mar-16,51.28,51.37,51.22,51.25,40.0,"66,100"
28-Mar-16,51.3,51.33,51.2,51.28,40.02,"81,100"
29-Mar-16,51.32,51.38,51.28,51.35,40.08,"66,300"
30-Mar-16,51.32,51.33,51.26,51.28,40.02,"79,000"
31-Mar-16,51.42,51.49,51.4,51.45,40.16,"48,300"
01-Apr-16,51.43,51.45,51.37,51.42,40.19,"59,300"
04-Apr-16,51.47,51.47,51.43,51.44,40.2,"130,300"
05-Apr-16,51.58,51.59,51.51,51.55,40.29,"50,200"
06-Apr-16,51.6,51.6,51.52,51.53,40.27,"54,600"
07-Apr-16,51.68,51.7,51.63,51.66,40.37,"162,600"
08-Apr-16,51.67,51.67,51.62,51.67,40.38,"40,500"
11-Apr-16,51.69,51.69,51.67,51.68,40.39,"38,100"
12-Apr-16,51.68,51.93,51.65,51.68,40.39,"64,300"
13-Apr-16,51.79,51.79,51.66,51.67,40.38,"116,100"
14-Apr-16,51.72,51.72,51.61,51.64,40.36,"76,300"
15-Apr-16,51.73,51.77,51.67,51.75,40.44,"128,100"
18-Apr-16,51.74,51.79,51.72,51.72,40.42,"88,900"
19-Apr-16,51.77,51.77,51.69,51.7,40.4,"42,400"
20-Apr-16,51.79,51.82,51.63,51.65,40.37,"47,900"
21-Apr-16,51.69,51.69,51.57,51.61,40.33,"43,200"
22-Apr-16,51.74,51.74,51.64,51.71,40.41,"73,300"
25-Apr-16,51.71,51.73,51.7,51.7,40.4,"78,500"
26-Apr-16,51.72,51.72,51.65,51.67,40.38,"92,500"
27-Apr-16,51.68,51.72,51.68,51.7,40.4,"88,700"
28-Apr-16,51.91,51.91,51.68,51.78,40.47,"89,300"
29-Apr-16,51.75,51.86,51.7,51.83,40.51,"87,000"
02-May-16,51.8,51.8,51.7,51.71,40.47,"101,300"
03-May-16,51.9,51.9,51.8,51.84,40.57,"94,600"
04-May-16,51.8,51.85,51.78,51.85,40.58,"88,800"
05-May-16,51.88,51.88,51.78,51.86,40.58,"41,600"
06-May-16,51.93,51.93,51.85,51.89,40.61,"82,400"
09-May-16,51.92,51.94,51.85,51.85,40.58,"97,300"
10-May-16,51.91,51.93,51.82,51.84,40.57,"77,500"
11-May-16,51.96,51.98,51.85,51.98,40.68,"147,900"
12-May-16,51.95,51.97,51.93,51.94,40.65,"65,500"
13-May-16,52.0,52.06,51.97,52.03,40.72,"77,000"
16-May-16,51.97,51.99,51.95,51.95,40.66,"77,500"
17-May-16,52.04,52.07,51.95,52.05,40.73,"67,400"
18-May-16,52.06,52.06,51.84,51.93,40.64,"136,700"
19-May-16,51.9,51.98,51.9,51.93,40.64,"45,900"
20-May-16,51.94,51.94,51.91,51.93,40.64,"68,200"
23-May-16,51.9,51.9,51.85,51.88,40.6,"45,800"
24-May-16,51.86,51.86,51.81,51.81,40.55,"55,100"
25-May-16,51.81,51.87,51.81,51.84,40.57,"70,600"
26-May-16,51.87,51.92,51.85,51.88,40.6,"42,900"
27-May-16,51.86,51.89,51.8,51.81,40.55,"76,500"
31-May-16,51.81,51.89,51.79,51.88,40.6,"69,000"
01-Jun-16,51.91,51.91,51.77,51.79,40.57,"46,900"
02-Jun-16,51.88,51.91,51.84,51.9,40.66,"104,500"
03-Jun-16,51.87,52.04,51.87,52.0,40.73,"112,000"
06-Jun-16,51.93,51.99,51.81,51.93,40.68,"99,700"
07-Jun-16,52.0,52.0,51.93,52.0,40.73,"71,000"
08-Jun-16,51.93,52.05,51.93,52.0,40.73,"44,700"
09-Jun-16,52.11,52.18,52.06,52.17,40.87,"81,300"
10-Jun-16,52.19,52.28,52.18,52.25,40.93,"97,000"
13-Jun-16,52.16,52.25,52.16,52.21,40.9,"66,700"
14-Jun-16,52.3,52.33,52.24,52.33,40.99,"41,700"
15-Jun-16,52.34,52.42,52.28,52.39,41.04,"30,800"
16-Jun-16,52.41,52.49,52.4,52.46,41.09,"125,900"
17-Jun-16,52.46,52.46,52.4,52.42,41.06,"40,000"
20-Jun-16,52.29,52.36,52.28,52.34,41.0,"46,700"
21-Jun-16,52.4,52.44,52.31,52.35,41.01,"92,400"
22-Jun-16,52.38,52.38,52.28,52.28,40.95,"149,900"
23-Jun-16,52.2,52.2,52.11,52.13,40.84,"62,200"
24-Jun-16,52.6,52.75,52.52,52.75,41.32,"153,000"
27-Jun-16,52.78,52.79,52.72,52.77,41.34,"89,700"
28-Jun-16,52.76,52.77,52.71,52.77,41.34,"68,600"
29-Jun-16,52.7,52.77,52.62,52.64,41.24,"96,200"
30-Jun-16,52.69,52.72,52.63,52.7,41.28,"111,000"
01-Jul-16,52.7,52.74,52.66,52.68,41.32,"75,100"
05-Jul-16,52.76,52.88,52.68,52.88,41.48,"124,800"
06-Jul-16,52.88,52.88,52.77,52.81,41.42,"56,700"
07-Jul-16,52.69,52.77,52.66,52.77,41.39,"89,000"
08-Jul-16,52.68,52.79,52.67,52.78,41.4,"65,200"
11-Jul-16,52.76,52.77,52.66,52.66,41.3,"91,100"
12-Jul-16,52.65,52.66,52.53,52.58,41.24,"153,800"
13-Jul-16,52.64,52.65,52.57,52.6,41.26,"94,800"
14-Jul-16,52.49,52.51,52.43,52.51,41.19,"85,200"
15-Jul-16,52.39,52.44,52.38,52.43,41.12,"123,100"
18-Jul-16,52.46,52.52,52.42,52.43,41.12,"76,900"
19-Jul-16,52.42,52.43,52.39,52.43,41.12,"103,900"
20-Jul-16,52.42,52.42,52.38,52.4,41.1,"59,700"
21-Jul-16,52.32,52.4,52.3,52.37,41.08,"86,500"
22-Jul-16,52.33,52.42,52.3,52.36,41.07,"87,800"
25-Jul-16,52.39,52.41,52.36,52.38,41.08,"45,000"
26-Jul-16,52.45,52.45,52.37,52.41,41.11,"43,100"
27-Jul-16,52.45,52.54,52.43,52.5,41.18,"99,000"
28-Jul-16,52.48,52.55,52.42,52.54,41.21,"83,800"
29-Jul-16,52.57,52.65,52.53,52.65,41.3,"45,800"
01-Aug-16,52.41,52.48,52.35,52.44,41.18,"45,900"
02-Aug-16,52.33,52.42,52.32,52.38,41.13,"124,600"
03-Aug-16,52.44,52.44,52.35,52.43,41.17,"79,000"
04-Aug-16,52.47,52.62,52.46,52.52,41.24,"91,800"
05-Aug-16,52.38,52.38,52.32,52.33,41.1,"98,300"
08-Aug-16,52.35,52.48,52.35,52.44,41.18,"158,100"
09-Aug-16,52.49,52.52,52.46,52.49,41.22,"188,600"
10-Aug-16,52.53,52.56,52.48,52.5,41.23,"83,200"
11-Aug-16,52.52,52.57,52.41,52.42,41.17,"98,800"
12-Aug-16,52.64,52.64,52.52,52.54,41.26,"59,800"
15-Aug-16,52.55,52.56,52.5,52.5,41.23,"75,200"
16-Aug-16,52.64,52.64,52.51,52.51,41.24,"104,000"
17-Aug-16,52.58,52.62,52.5,52.6,41.31,"60,700"
18-Aug-16,52.65,52.68,52.6,52.65,41.35,"174,800"
19-Aug-16,52.58,52.6,52.55,52.56,41.28,"84,700"
22-Aug-16,52.68,52.69,52.64,52.65,41.35,"86,100"
23-Aug-16,52.65,52.67,52.62,52.62,41.32,"80,800"
24-Aug-16,52.67,52.67,52.6,52.6,41.31,"76,800"
25-Aug-16,52.64,52.65,52.6,52.63,41.33,"57,000"
26-Aug-16,52.65,52.69,52.54,52.56,41.28,"108,100"
29-Aug-16,52.66,52.7,52.6,52.69,41.38,"43,300"
30-Aug-16,52.67,52.67,52.62,52.62,41.32,"48,000"
31-Aug-16,52.62,52.62,52.57,52.6,41.31,"63,600"
01-Sep-16,52.48,52.59,52.41,52.42,41.23,"135,800"
02-Sep-16,52.49,52.49,52.42,52.47,41.27,"43,900"
06-Sep-16,52.5,52.57,52.47,52.54,41.33,"116,900"
07-Sep-16,52.48,52.48,52.45,52.46,41.26,"79,300"
08-Sep-16,52.46,52.48,52.34,52.39,41.21,"97,600"
09-Sep-16,52.42,52.42,52.25,52.3,41.14,"169,300"
12-Sep-16,52.39,52.39,52.3,52.31,41.15,"240,100"
13-Sep-16,52.34,52.34,52.17,52.18,41.04,"90,500"
14-Sep-16,52.2,52.29,52.19,52.24,41.09,"200,300"
15-Sep-16,52.18,52.2,52.13,52.17,41.03,"102,900"
16-Sep-16,52.23,52.23,52.17,52.2,41.06,"53,600"
19-Sep-16,52.19,52.2,52.17,52.17,41.03,"40,800"
20-Sep-16,52.19,52.21,52.15,52.16,41.03,"74,800"
21-Sep-16,52.17,52.21,52.13,52.21,41.07,"92,700"
22-Sep-16,52.24,52.41,52.23,52.24,41.09,"80,200"
23-Sep-16,52.23,52.39,52.21,52.25,41.1,"118,000"
26-Sep-16,52.29,52.34,52.26,52.33,41.16,"60,900"
27-Sep-16,52.36,52.37,52.32,52.37,41.19,"62,800"
28-Sep-16,52.35,52.36,52.3,52.33,41.16,"123,700"
29-Sep-16,52.31,52.38,52.3,52.32,41.15,"139,100"
30-Sep-16,52.3,52.33,52.17,52.2,41.06,"138,200"
03-Oct-16,52.2,52.26,52.14,52.15,41.08,"50,000"
04-Oct-16,52.18,52.23,52.01,52.03,40.98,"329,100"
05-Oct-16,52.08,52.13,51.92,51.95,40.92,"134,000"
06-Oct-16,51.95,51.95,51.86,51.89,40.87,"150,200"
07-Oct-16,51.93,51.93,51.86,51.92,40.89,"37,300"
10-Oct-16,51.85,51.89,51.8,51.87,40.86,"91,300"
11-Oct-16,51.92,51.92,51.8,51.8,40.8,"142,600"
12-Oct-16,51.8,51.8,51.74,51.76,40.77,"109,200"
13-Oct-16,51.77,51.78,51.72,51.76,40.77,"75,800"
14-Oct-16,51.67,51.75,51.67,51.67,40.7,"76,100"
17-Oct-16,51.66,51.75,51.66,51.74,40.75,"91,400"
18-Oct-16,51.66,51.71,51.63,51.66,40.69,"139,900"
19-Oct-16,51.6,51.68,51.6,51.66,40.69,"71,800"
20-Oct-16,51.73,51.77,51.66,51.72,40.74,"34,200"
21-Oct-16,51.8,51.83,51.73,51.75,40.76,"90,500"
24-Oct-16,51.76,51.76,51.6,51.63,40.67,"108,000"
25-Oct-16,51.68,51.75,51.63,51.72,40.74,"146,500"
26-Oct-16,51.7,51.7,51.62,51.66,40.69,"84,700"
27-Oct-16,51.66,51.66,51.51,51.56,40.61,"67,600"
28-Oct-16,51.6,51.66,51.55,51.66,40.69,"81,000"
31-Oct-16,51.7,51.74,51.66,51.72,40.74,"54,800"
01-Nov-16,51.57,51.62,51.52,51.58,40.68,"75,900"
02-Nov-16,51.68,51.7,51.65,51.68,40.76,"144,800"
03-Nov-16,51.6,51.71,51.6,51.67,40.75,"187,300"
04-Nov-16,51.75,51.76,51.7,51.75,40.81,"92,400"
07-Nov-16,51.6,51.69,51.59,51.62,40.71,"85,700"
08-Nov-16,51.72,51.76,51.64,51.68,40.76,"85,100"
09-Nov-16,51.47,51.47,51.16,51.21,40.38,"334,200"
10-Nov-16,51.35,51.35,50.7,50.84,40.09,"499,400"
11-Nov-16,50.9,50.95,50.8,50.85,40.1,"109,400"
14-Nov-16,50.52,50.57,50.02,50.16,39.56,"797,000"
15-Nov-16,50.31,50.45,50.31,50.42,39.76,"195,900"
16-Nov-16,50.38,50.4,50.29,50.37,39.72,"281,300"
17-Nov-16,50.29,50.41,50.25,50.31,39.67,"185,100"
18-Nov-16,50.26,50.39,50.26,50.31,39.67,"127,500"
21-Nov-16,50.32,50.44,50.26,50.32,39.68,"196,100"
22-Nov-16,50.34,50.34,50.16,50.25,39.63,"234,700"
23-Nov-16,50.14,50.22,50.05,50.07,39.49,"269,900"
25-Nov-16,50.09,50.16,50.05,50.06,39.48,"52,200"
28-Nov-16,50.12,50.12,50.0,50.02,39.45,"161,200"
29-Nov-16,50.01,50.01,49.82,49.82,39.29,"356,000"
30-Nov-16,49.72,49.72,49.65,49.69,39.19,"349,900"
01-Dec-16,49.56,49.56,49.39,49.45,39.06,"609,400"
02-Dec-16,49.32,50.9,49.32,49.64,39.21,"632,800"
05-Dec-16,49.54,49.7,49.5,49.6,39.18,"236,300"
06-Dec-16,49.87,49.95,49.75,49.95,39.46,"287,800"
07-Dec-16,50.15,50.44,50.07,50.29,39.72,"320,000"
08-Dec-16,50.17,50.28,50.15,50.18,39.64,"188,900"
09-Dec-16,50.21,50.23,50.13,50.19,39.65,"230,500"
12-Dec-16,50.22,50.23,50.1,50.15,39.61,"444,400"
13-Dec-16,50.16,50.16,50.05,50.08,39.56,"298,500"
14-Dec-16,50.17,50.2,50.0,50.02,39.51,"320,600"
15-Dec-16,50.15,50.15,49.9,49.9,39.42,"379,400"
16-Dec-16,49.91,49.99,49.83,49.86,39.39,"512,800"
19-Dec-16,49.92,50.07,49.89,50.01,39.5,"545,600"
20-Dec-16,49.93,50.11,49.9,49.96,39.46,"421,900"
21-Dec-16,50.06,50.09,49.95,50.03,39.52,"401,900"
22-Dec-16,49.93,50.11,49.9,50.07,39.61,"534,500"
23-Dec-16,50.15,50.15,50.01,50.09,39.63,"273,000"
27-Dec-16,49.98,50.14,49.98,50.12,39.65,"695,900"
28-Dec-16,50.05,50.25,50.03,50.23,39.74,"305,400"
29-Dec-16,50.19,50.25,50.16,50.23,39.74,"254,300"
30-Dec-16,50.23,50.3,50.2,50.26,39.76,"317,300"
03-Jan-17,50.17,50.26,50.15,50.15,39.68,"199,700"
04-Jan-17,50.2,50.4,50.2,50.3,39.79,"251,000"
05-Jan-17,50.41,50.47,50.35,50.47,39.93,"365,000"
06-Jan-17,50.39,50.42,50.35,50.41,39.88,"172,000"
09-Jan-17,50.46,50.54,50.41,50.46,39.92,"212,200"
10-Jan-17,50.51,50.54,50.47,50.48,39.94,"251,600"
11-Jan-17,50.58,50.63,50.53,50.59,40.02,"2,185,300"
12-Jan-17,50.63,50.71,50.63,50.7,40.11,"252,300"
13-Jan-17,50.71,50.76,50.65,50.76,40.16,"530,700"
17-Jan-17,50.77,50.8,50.76,50.78,40.17,"119,600"
18-Jan-17,50.69,50.71,50.64,50.67,40.09,"154,600"
19-Jan-17,50.63,50.64,50.37,50.43,39.9,"117,400"
20-Jan-17,50.42,50.42,50.3,50.37,39.85,"193,800"
23-Jan-17,50.36,50.5,50.36,50.41,39.88,"251,700"
24-Jan-17,50.43,50.43,50.33,50.35,39.83,"339,700"
25-Jan-17,50.41,50.41,50.28,50.28,39.78,"259,000"
26-Jan-17,50.36,50.36,50.26,50.28,39.78,"200,200"
27-Jan-17,50.38,50.38,50.28,50.36,39.84,"142,000"
30-Jan-17,50.34,50.36,50.2,50.23,39.74,"286,400"
31-Jan-17,50.29,50.42,50.29,50.38,39.86,"110,300"
01-Feb-17,50.2,50.27,50.13,50.24,39.8,"227,700"
02-Feb-17,50.3,50.36,50.24,50.27,39.83,"95,100"
03-Feb-17,50.36,50.41,50.25,50.3,39.85,"262,700"
06-Feb-17,50.41,50.44,50.37,50.44,39.96,"280,600"
07-Feb-17,50.34,50.41,50.34,50.34,39.88,"271,600"
08-Feb-17,50.47,50.5,50.41,50.44,39.96,"270,500"
09-Feb-17,50.51,50.51,50.36,50.39,39.92,"128,000"
10-Feb-17,50.42,50.42,50.34,50.39,39.92,"134,300"
13-Feb-17,50.38,50.55,50.34,50.47,39.99,"566,200"
14-Feb-17,50.42,50.45,50.3,50.31,39.86,"214,700"
15-Feb-17,50.31,50.34,50.2,50.21,39.78,"159,500"
16-Feb-17,50.3,50.32,50.22,50.24,39.8,"195,300"
17-Feb-17,50.39,50.4,50.3,50.4,39.93,"207,900"
21-Feb-17,50.37,50.42,50.36,50.39,39.92,"139,300"
22-Feb-17,50.48,50.49,50.39,50.45,39.97,"167,800"
23-Feb-17,50.52,50.55,50.41,50.52,40.03,"124,600"
24-Feb-17,50.58,50.63,50.54,50.61,40.1,"315,700"
27-Feb-17,50.61,50.62,50.54,50.56,40.06,"106,000"
28-Feb-17,50.62,50.63,50.58,50.61,40.1,"218,900"
01-Mar-17,50.41,50.59,50.32,50.35,39.96,"169,300"
02-Mar-17,50.34,50.34,50.26,50.3,39.92,"275,200"
03-Mar-17,50.31,50.31,50.21,50.23,39.86,"143,900"
06-Mar-17,50.21,50.25,50.21,50.23,39.86,"95,000"
07-Mar-17,50.23,50.27,50.18,50.23,39.86,"179,400"
08-Mar-17,50.12,50.25,50.1,50.18,39.82,"575,300"
09-Mar-17,50.12,50.22,50.06,50.1,39.76,"471,500"
10-Mar-17,50.19,50.19,50.07,50.13,39.78,"131,800"
13-Mar-17,50.1,50.13,50.08,50.08,39.74,"110,800"
14-Mar-17,50.15,50.15,50.1,50.11,39.77,"212,700"
15-Mar-17,50.14,50.25,50.09,50.18,39.82,"156,300"
16-Mar-17,50.26,50.28,50.22,50.25,39.88,"381,600"
17-Mar-17,50.27,50.28,50.24,50.27,39.89,"178,600"
20-Mar-17,50.27,50.32,50.24,50.29,39.91,"347,600"
21-Mar-17,50.34,50.41,50.3,50.39,39.99,"175,200"
22-Mar-17,50.43,50.61,50.43,50.49,40.07,"326,100"
23-Mar-17,50.5,50.53,50.48,50.5,40.08,"129,300"
24-Mar-17,50.51,50.64,50.51,50.55,40.12,"109,900"
27-Mar-17,50.62,50.68,50.59,50.61,40.16,"169,800"
28-Mar-17,50.63,50.66,50.58,50.62,40.17,"113,800"
29-Mar-17,50.71,50.75,50.68,50.7,40.24,"139,000"
30-Mar-17,50.69,50.69,50.6,50.65,40.2,"163,600"
31-Mar-17,50.65,50.67,50.61,50.64,40.19,"145,000"
03-Apr-17,50.6,50.7,50.55,50.66,40.26,"2,531,800"
04-Apr-17,50.63,50.68,50.57,50.62,40.23,"342,300"
05-Apr-17,50.63,50.7,50.61,50.69,40.29,"306,600"
06-Apr-17,50.71,50.72,50.7,50.71,40.3,"160,000"
07-Apr-17,50.77,50.79,50.7,50.72,40.31,"239,700"
10-Apr-17,50.79,50.81,50.73,50.79,40.37,"361,500"
11-Apr-17,50.84,50.9,50.8,50.87,40.43,"157,400"
12-Apr-17,50.86,50.92,50.85,50.9,40.46,"288,700"
13-Apr-17,50.94,50.96,50.92,50.94,40.49,"118,500"
17-Apr-17,50.94,50.97,50.92,50.93,40.48,"156,200"
18-Apr-17,50.99,51.1,50.99,51.06,40.58,"259,600"
19-Apr-17,51.08,51.09,51.04,51.07,40.59,"170,500"
20-Apr-17,51.07,51.07,50.98,51.02,40.55,"274,900"
21-Apr-17,51.05,51.07,51.0,51.02,40.55,"304,700"
24-Apr-17,50.93,50.97,50.89,50.91,40.46,"228,900"
25-Apr-17,50.91,50.91,50.8,50.82,40.39,"187,300"
26-Apr-17,50.83,50.85,50.78,50.83,40.4,"139,200"
27-Apr-17,50.83,50.86,50.83,50.83,40.4,"201,000"
28-Apr-17,50.81,50.84,50.78,50.83,40.4,"152,600"
01-May-17,50.73,50.75,50.66,50.69,40.36,"172,700"
02-May-17,50.68,50.73,50.66,50.73,40.39,"223,300"
03-May-17,50.74,50.78,50.72,50.73,40.39,"289,100"
04-May-17,50.69,50.75,50.69,50.72,40.38,"190,700"
05-May-17,50.74,50.78,50.73,50.77,40.42,"217,600"
08-May-17,50.75,50.77,50.72,50.74,40.4,"146,900"
09-May-17,50.75,50.76,50.73,50.74,40.4,"91,700"
10-May-17,50.79,50.82,50.79,50.8,40.45,"155,300"
11-May-17,50.84,50.87,50.82,50.84,40.48,"208,000"
12-May-17,50.88,50.95,50.88,50.93,40.55,"110,600"
15-May-17,50.95,50.95,50.91,50.93,40.55,"290,400"
16-May-17,50.97,51.0,50.95,50.99,40.6,"252,500"
17-May-17,51.12,51.17,51.09,51.16,40.73,"285,800"
18-May-17,51.23,51.26,51.19,51.24,40.8,"264,300"
19-May-17,51.2,51.28,51.2,51.26,40.81,"309,800"
22-May-17,51.22,51.29,51.22,51.27,40.82,"174,400"
23-May-17,51.32,51.37,51.29,51.31,40.85,"254,600"
24-May-17,51.32,51.38,51.3,51.37,40.9,"312,600"
25-May-17,51.39,51.4,51.34,51.38,40.91,"203,000"
26-May-17,51.39,51.4,51.36,51.39,40.92,"205,800"
30-May-17,51.42,51.47,51.41,51.47,40.98,"320,500"
31-May-17,51.48,51.54,51.47,51.53,41.03,"206,700"
01-Jun-17,51.43,51.44,51.4,51.41,41.0,"279,300"
02-Jun-17,51.49,51.57,51.48,51.56,41.12,"416,400"
05-Jun-17,51.53,51.53,51.49,51.5,41.07,"350,900"
06-Jun-17,51.61,51.64,51.59,51.63,41.18,"283,600"
07-Jun-17,51.62,51.62,51.56,51.59,41.14,"261,100"
08-Jun-17,51.6,51.61,51.52,51.53,41.1,"315,800"
09-Jun-17,51.53,51.53,51.41,51.47,41.05,"376,800"
12-Jun-17,51.48,51.52,51.4,51.43,41.02,"276,100"
13-Jun-17,51.48,51.48,51.41,51.43,41.02,"236,500"
14-Jun-17,51.56,51.59,51.46,51.5,41.07,"285,000"
15-Jun-17,51.52,51.52,51.46,51.47,41.05,"190,700"
16-Jun-17,51.48,51.54,51.47,51.52,41.09,"227,800"
19-Jun-17,51.48,51.51,51.44,51.47,41.05,"221,800"
20-Jun-17,51.51,51.54,51.48,51.52,41.09,"175,400"
21-Jun-17,51.5,51.53,51.48,51.52,41.09,"220,600"
22-Jun-17,51.55,51.55,51.48,51.54,41.1,"143,100"
23-Jun-17,51.53,51.56,51.5,51.56,41.12,"163,700"
26-Jun-17,51.56,51.57,51.55,51.56,41.12,"99,400"
27-Jun-17,51.5,51.51,51.47,51.5,41.07,"279,700"
28-Jun-17,51.47,51.48,51.41,51.45,41.03,"225,000"
29-Jun-17,51.4,51.4,51.25,51.3,40.91,"221,200"
30-Jun-17,51.3,51.33,51.28,51.32,40.93,"120,300"
03-Jul-17,51.25,51.27,51.19,51.2,40.9,"91,200"
05-Jul-17,51.2,51.26,51.14,51.24,40.93,"710,000"
06-Jul-17,51.16,51.16,51.1,51.13,40.85,"133,700"
07-Jul-17,51.12,51.19,51.12,51.15,40.86,"124,200"
10-Jul-17,51.18,51.21,50.97,51.16,40.87,"762,100"
11-Jul-17,51.17,51.19,51.15,51.19,40.89,"136,800"
12-Jul-17,51.26,51.3,51.22,51.27,40.96,"166,700"
13-Jul-17,51.26,51.27,51.2,51.26,40.95,"185,300"
14-Jul-17,51.33,51.37,51.32,51.33,41.01,"213,900"
17-Jul-17,51.38,51.41,51.36,51.39,41.05,"214,100"
18-Jul-17,51.49,51.52,51.45,51.52,41.16,"149,400"
19-Jul-17,51.51,51.55,51.5,51.52,41.16,"179,100"
20-Jul-17,51.59,51.6,51.56,51.56,41.19,"269,900"
21-Jul-17,51.63,51.66,51.61,51.63,41.25,"173,000"
24-Jul-17,51.63,51.65,51.62,51.65,41.26,"235,600"
25-Jul-17,51.62,51.64,51.59,51.59,41.21,"242,800"
26-Jul-17,51.6,51.63,51.57,51.58,41.21,"297,000"
27-Jul-17,51.61,51.64,51.57,51.6,41.22,"250,300"
28-Jul-17,51.59,51.65,51.59,51.63,41.25,"137,800"
31-Jul-17,51.61,51.65,51.61,51.65,41.26,"206,800"
01-Aug-17,51.53,51.61,51.53,51.6,41.29,"182,200"
02-Aug-17,51.62,51.62,51.56,51.59,41.28,"358,100"
03-Aug-17,51.62,51.68,51.62,51.66,41.34,"288,900"
04-Aug-17,51.63,51.65,51.59,51.65,41.33,"169,200"
07-Aug-17,51.66,51.69,51.65,51.69,41.36,"256,900"
08-Aug-17,51.66,51.68,51.62,51.66,41.34,"149,900"
09-Aug-17,51.71,51.75,51.7,51.7,41.37,"236,800"
10-Aug-17,51.77,51.8,51.74,51.76,41.42,"400,300"
11-Aug-17,51.78,51.82,51.76,51.8,41.45,"385,300"
14-Aug-17,51.77,51.81,51.76,51.78,41.43,"317,000"
15-Aug-17,51.72,51.75,51.72,51.75,41.41,"297,100"
16-Aug-17,51.72,51.76,51.69,51.75,41.41,"701,300"
17-Aug-17,51.74,51.76,51.7,51.75,41.41,"400,900"
18-Aug-17,51.77,51.8,51.74,51.74,41.4,"130,700"
21-Aug-17,51.79,51.8,51.76,51.8,41.45,"192,900"
22-Aug-17,51.77,51.82,51.76,51.81,41.46,"201,000"
23-Aug-17,51.82,51.9,51.81,51.9,41.53,"261,300"
24-Aug-17,51.83,51.89,51.83,51.88,41.51,"298,800"
25-Aug-17,51.87,51.92,51.85,51.89,41.52,"374,700"
28-Aug-17,51.86,51.9,51.84,51.89,41.52,"338,000"
29-Aug-17,51.95,52.02,51.93,51.93,41.55,"515,300"
30-Aug-17,51.93,51.99,51.93,51.98,41.59,"334,000"
31-Aug-17,51.98,52.0,51.95,51.99,41.6,"215,600"
01-Sep-17,51.89,51.92,51.85,51.9,41.6,"236,200"
05-Sep-17,51.95,52.01,51.92,51.97,41.66,"257,800"
06-Sep-17,51.97,52.01,51.94,51.96,41.65,"318,900"
07-Sep-17,52.0,52.07,51.99,52.03,41.7,"290,200"
08-Sep-17,52.03,52.05,52.0,52.04,41.71,"222,600"
11-Sep-17,51.99,52.02,51.94,51.98,41.66,"301,100"
12-Sep-17,51.96,51.96,51.87,51.91,41.61,"258,100"
13-Sep-17,51.91,51.91,51.81,51.85,41.56,"270,700"
14-Sep-17,51.85,51.88,51.82,51.86,41.57,"159,200"
15-Sep-17,51.87,51.87,51.81,51.86,41.57,"196,700"
18-Sep-17,51.84,51.84,51.78,51.82,41.54,"234,300"
19-Sep-17,51.84,51.85,51.78,51.78,41.5,"220,800"
20-Sep-17,51.8,51.85,51.7,51.75,41.48,"196,800"
21-Sep-17,51.76,51.81,51.73,51.76,41.49,"298,200"
22-Sep-17,51.81,51.82,51.77,51.81,41.53,"232,000"
25-Sep-17,51.8,51.84,51.8,51.82,41.54,"279,000"
26-Sep-17,51.8,51.86,51.79,51.84,41.55,"389,200"
27-Sep-17,51.74,51.74,51.65,51.69,41.43,"298,700"
28-Sep-17,51.65,51.68,51.61,51.67,41.41,"233,400"
29-Sep-17,51.69,51.69,51.63,51.66,41.41,"185,700"
02-Oct-17,51.58,51.59,51.54,51.55,41.39,"311,400"
03-Oct-17,51.54,51.58,51.54,51.55,41.39,"238,500"
04-Oct-17,51.57,51.61,51.57,51.59,41.42,"346,100"
05-Oct-17,51.61,51.62,51.59,51.62,41.44,"238,500"
06-Oct-17,51.56,51.65,51.55,51.65,41.47,"562,800"
09-Oct-17,51.64,51.66,51.61,51.66,41.48,"150,300"
10-Oct-17,51.65,51.69,51.63,51.66,41.48,"217,800"
11-Oct-17,51.68,51.75,51.68,51.71,41.52,"257,800"
12-Oct-17,51.72,51.75,51.7,51.72,41.52,"291,500"
13-Oct-17,51.8,51.81,51.75,51.8,41.59,"235,100"
16-Oct-17,51.78,51.82,51.76,51.82,41.6,"257,000"
17-Oct-17,51.81,51.89,51.79,51.89,41.66,"367,300"
18-Oct-17,51.85,51.85,51.83,51.84,41.62,"158,500"
19-Oct-17,51.88,51.95,51.87,51.89,41.66,"724,300"
20-Oct-17,51.81,51.81,51.75,51.78,41.57,"250,600"
23-Oct-17,51.8,51.82,51.75,51.78,41.57,"287,900"
24-Oct-17,51.73,51.75,51.7,51.75,41.55,"281,100"
25-Oct-17,51.68,51.68,51.61,51.67,41.48,"1,331,600"
26-Oct-17,51.67,51.67,51.6,51.62,41.44,"280,200"
27-Oct-17,51.62,51.63,51.61,51.62,41.44,"190,300"
30-Oct-17,51.62,51.67,51.6,51.65,41.47,"335,600"
31-Oct-17,51.64,51.66,51.6,51.65,41.47,"232,300"
01-Nov-17,51.56,51.58,51.55,51.57,41.47,"268,400"
02-Nov-17,51.59,51.64,51.58,51.63,41.52,"236,600"
03-Nov-17,51.64,51.68,51.61,51.65,41.53,"380,700"
06-Nov-17,51.69,51.72,51.68,51.72,41.59,"353,700"
07-Nov-17,51.73,51.87,51.73,51.85,41.69,"628,900"
08-Nov-17,51.88,51.9,51.86,51.87,41.71,"253,700"
09-Nov-17,51.89,51.89,51.8,51.83,41.68,"505,200"
10-Nov-17,51.69,51.71,51.66,51.67,41.55,"284,500"
13-Nov-17,51.72,51.72,51.66,51.7,41.57,"244,300"
14-Nov-17,51.66,51.69,51.65,51.69,41.56,"214,200"
15-Nov-17,51.74,51.74,51.66,51.69,41.56,"295,200"
16-Nov-17,51.73,51.73,51.66,51.68,41.56,"341,900"
17-Nov-17,51.64,51.67,51.61,51.67,41.55,"224,300"
20-Nov-17,51.62,51.64,51.57,51.6,41.49,"216,400"
21-Nov-17,51.64,51.64,51.56,51.61,41.5,"396,000"
22-Nov-17,51.57,51.57,51.44,51.49,41.4,"416,800"
24-Nov-17,51.39,51.49,51.38,51.48,41.4,"309,900"
27-Nov-17,51.42,51.47,51.38,51.38,41.32,"400,400"
28-Nov-17,51.34,51.37,51.31,51.36,41.3,"374,700"
29-Nov-17,51.2,51.31,51.2,51.28,41.23,"458,100"
30-Nov-17,51.28,51.48,51.27,51.41,41.34,"654,600"
01-Dec-17,51.4,51.59,51.37,51.52,41.43,"415,700"
04-Dec-17,51.47,51.59,51.42,51.59,41.48,"381,200"
05-Dec-17,51.55,51.75,51.55,51.69,41.56,"362,100"
06-Dec-17,51.91,51.95,51.79,51.91,41.74,"413,900"
07-Dec-17,51.88,51.93,51.84,51.88,41.72,"298,000"
08-Dec-17,51.89,51.89,51.5,51.54,41.44,"570,800"
11-Dec-17,51.62,51.62,51.54,51.54,41.44,"248,600"
12-Dec-17,51.4,51.57,51.37,51.54,41.44,"566,000"
13-Dec-17,51.54,51.75,51.54,51.74,41.6,"505,900"
14-Dec-17,51.74,51.76,51.69,51.71,41.58,"335,300"
15-Dec-17,51.72,51.72,51.65,51.66,41.54,"273,800"
18-Dec-17,51.69,51.73,51.63,51.65,41.53,"335,400"
19-Dec-17,51.56,51.57,51.45,51.49,41.4,"430,300"
20-Dec-17,51.41,51.42,51.31,51.39,41.32,"460,800"
21-Dec-17,51.38,51.54,51.37,51.53,41.44,"489,500"
22-Dec-17,51.45,51.51,51.44,51.46,41.38,"444,400"
26-Dec-17,51.41,51.53,51.4,51.51,41.49,"586,300"
27-Dec-17,51.57,51.7,51.57,51.67,41.62,"376,200"
28-Dec-17,51.68,51.72,51.63,51.66,41.61,"630,100"
29-Dec-17,51.68,51.71,51.64,51.68,41.63,"267,700"
02-Jan-18,51.67,51.68,51.59,51.6,41.56,"431,700"
03-Jan-18,51.63,51.64,51.6,51.61,41.57,"1,036,000"
04-Jan-18,51.7,51.7,51.52,51.54,41.52,"931,200"
05-Jan-18,51.58,51.62,51.53,51.61,41.57,"370,900"
08-Jan-18,51.65,51.65,51.58,51.61,41.57,"608,000"
09-Jan-18,51.58,51.59,51.51,51.51,41.49,"585,500"
10-Jan-18,51.4,51.48,51.36,51.44,41.43,"537,100"
11-Jan-18,51.45,51.46,51.38,51.4,41.4,"533,400"
12-Jan-18,51.35,51.38,51.31,51.37,41.38,"351,000"
16-Jan-18,51.42,51.46,51.39,51.4,41.4,"516,700"
17-Jan-18,51.45,51.48,51.42,51.44,41.43,"518,800"
18-Jan-18,51.43,51.46,51.39,51.44,41.43,"743,400"
19-Jan-18,51.45,51.47,51.38,51.43,41.43,"538,100"
22-Jan-18,51.46,51.48,51.37,51.4,41.4,"631,700"
23-Jan-18,51.5,51.5,51.35,51.4,41.4,"833,100"
24-Jan-18,51.4,51.4,51.29,51.31,41.33,"587,600"
25-Jan-18,51.33,51.39,51.28,51.39,41.39,"533,600"
26-Jan-18,51.28,51.31,51.23,51.25,41.28,"400,700"
29-Jan-18,51.2,51.2,51.11,51.15,41.2,"558,100"
30-Jan-18,51.12,51.14,51.04,51.05,41.12,"590,700"
31-Jan-18,51.08,51.18,51.06,51.1,41.16,"471,700"
01-Feb-18,51.0,51.0,50.82,50.82,41.01,"611,100"
02-Feb-18,50.8,50.81,50.69,50.72,40.93,"1,114,800"
05-Feb-18,50.7,50.91,50.67,50.87,41.05,"659,600"
06-Feb-18,50.9,51.08,50.87,50.88,41.06,"648,200"
07-Feb-18,50.96,51.0,50.8,50.8,40.99,"748,300"
08-Feb-18,50.74,50.83,50.73,50.82,41.01,"533,400"
09-Feb-18,50.74,50.87,50.74,50.76,40.96,"506,300"
12-Feb-18,50.71,50.86,50.7,50.82,41.01,"558,700"
13-Feb-18,50.83,50.9,50.79,50.83,41.02,"623,300"
14-Feb-18,50.77,50.8,50.66,50.66,40.88,"453,800"
15-Feb-18,50.71,50.78,50.69,50.69,40.9,"426,700"
16-Feb-18,50.8,50.84,50.77,50.77,40.97,"356,100"
20-Feb-18,50.77,50.77,50.68,50.74,40.94,"586,500"
21-Feb-18,50.82,50.82,50.57,50.57,40.81,"778,100"
22-Feb-18,50.67,50.78,50.59,50.62,40.85,"1,102,500"
23-Feb-18,50.78,50.8,50.74,50.76,40.96,"280,400"
26-Feb-18,50.84,50.84,50.74,50.75,40.95,"391,300"
27-Feb-18,50.76,50.77,50.61,50.69,40.9,"448,500"
28-Feb-18,50.73,50.74,50.67,50.69,40.9,"408,100"
01-Mar-18,50.67,50.76,50.67,50.76,41.03,"299,500"
02-Mar-18,50.69,50.74,50.62,50.67,40.95,"356,600"
05-Mar-18,50.72,50.72,50.61,50.61,40.9,"429,500"
06-Mar-18,50.69,50.75,50.68,50.7,40.98,"333,300"
07-Mar-18,50.69,50.73,50.65,50.73,41.0,"483,700"
08-Mar-18,50.69,50.79,50.69,50.74,41.01,"538,900"
09-Mar-18,50.66,50.67,50.61,50.66,40.94,"295,200"
12-Mar-18,50.69,50.71,50.63,50.66,40.94,"318,300"
13-Mar-18,50.68,50.68,50.61,50.65,40.94,"328,200"
14-Mar-18,50.62,50.71,50.62,50.7,40.98,"558,600"
15-Mar-18,50.72,50.73,50.67,50.71,40.99,"363,400"
16-Mar-18,50.67,50.72,50.65,50.68,40.96,"302,400"
19-Mar-18,50.62,50.7,50.62,50.69,40.97,"447,800"
20-Mar-18,50.69,50.69,50.61,50.64,40.93,"393,800"
21-Mar-18,50.64,50.64,50.57,50.62,40.91,"433,800"
22-Mar-18,50.73,50.78,50.68,50.7,40.98,"410,400"
23-Mar-18,50.69,50.72,50.69,50.72,40.99,"348,400"
26-Mar-18,50.68,50.72,50.63,50.69,40.97,"394,700"
27-Mar-18,50.72,50.77,50.68,50.77,41.03,"646,400"
28-Mar-18,50.81,50.83,50.74,50.74,41.01,"444,300"
29-Mar-18,50.77,50.82,50.75,50.82,41.07,"373,600"
02-Apr-18,50.64,50.75,50.61,50.72,41.07,"802,900"
03-Apr-18,50.74,50.74,50.62,50.68,41.04,"461,900"
04-Apr-18,50.73,50.75,50.58,50.63,41.0,"566,200"
05-Apr-18,50.64,50.65,50.58,50.59,40.96,"329,300"
06-Apr-18,50.72,50.72,50.62,50.69,41.04,"471,600"
09-Apr-18,50.64,50.66,50.6,50.64,41.0,"326,000"
10-Apr-18,50.64,50.7,50.62,50.65,41.01,"815,600"
11-Apr-18,50.79,50.79,50.72,50.76,41.1,"258,600"
12-Apr-18,50.73,50.74,50.66,50.71,41.06,"428,800"
13-Apr-18,50.71,50.73,50.65,50.72,41.07,"336,200"
16-Apr-18,50.68,50.73,50.67,50.7,41.05,"239,000"
17-Apr-18,50.68,50.73,50.68,50.69,41.04,"424,400"
18-Apr-18,50.7,50.7,50.67,50.7,41.05,"321,500"
19-Apr-18,50.61,50.63,50.53,50.6,40.97,"526,700"
20-Apr-18,50.58,50.6,50.57,50.58,40.96,"389,400"
23-Apr-18,50.58,50.58,50.54,50.56,40.94,"347,300"
24-Apr-18,50.56,50.56,50.5,50.53,40.91,"603,800"
25-Apr-18,50.5,50.5,50.36,50.38,40.79,"715,100"
26-Apr-18,50.42,50.47,50.39,50.46,40.86,"465,300"
27-Apr-18,50.43,50.5,50.43,50.47,40.87,"357,800"
30-Apr-18,50.48,50.55,50.46,50.53,40.91,"387,500"
01-May-18,50.43,50.45,50.39,50.45,40.93,"277,100"
02-May-18,50.49,50.54,50.46,50.52,40.98,"296,300"
03-May-18,50.64,50.66,50.6,50.62,41.06,"342,900"
04-May-18,50.64,50.68,50.64,50.64,41.08,"338,000"
07-May-18,50.67,50.68,50.64,50.66,41.1,"404,400"
08-May-18,50.63,50.71,50.62,50.7,41.13,"610,400"
09-May-18,50.67,50.72,50.64,50.67,41.1,"425,400"
10-May-18,50.75,50.78,50.71,50.78,41.19,"305,200"
11-May-18,50.74,50.78,50.74,50.76,41.18,"265,700"
14-May-18,50.79,50.8,50.75,50.77,41.18,"359,700"
15-May-18,50.65,50.7,50.6,50.63,41.07,"615,500"
16-May-18,50.69,50.69,50.63,50.65,41.09,"429,400"
17-May-18,50.65,50.65,50.6,50.62,41.06,"433,500"
18-May-18,50.62,50.66,50.61,50.64,41.08,"551,100"
21-May-18,50.56,50.62,50.56,50.59,41.04,"360,900"
22-May-18,50.64,50.66,50.62,50.65,41.09,"461,300"
23-May-18,50.74,50.76,50.68,50.76,41.18,"607,600"
24-May-18,50.81,50.86,50.75,50.83,41.23,"260,000"
25-May-18,50.85,50.95,50.84,50.94,41.32,"1,483,400"
29-May-18,51.02,51.12,51.02,51.09,41.44,"1,902,300"
30-May-18,50.95,50.99,50.94,50.97,41.35,"534,600"
31-May-18,51.08,51.09,51.01,51.03,41.4,"2,877,300"
01-Jun-18,50.8,50.89,50.8,50.86,41.33,"534,400"
04-Jun-18,50.89,50.92,50.81,50.85,41.33,"3,197,900"
05-Jun-18,50.93,50.93,50.84,50.84,41.32,"451,000"
06-Jun-18,50.93,50.93,50.83,50.84,41.32,"1,010,000"
07-Jun-18,50.81,50.92,50.81,50.91,41.37,"353,100"
08-Jun-18,50.85,50.91,50.85,50.88,41.35,"441,700"
11-Jun-18,50.84,50.88,50.8,50.88,41.35,"418,400"
12-Jun-18,50.83,50.9,50.79,50.85,41.33,"459,500"
13-Jun-18,50.82,50.88,50.78,50.78,41.27,"421,100"
14-Jun-18,50.88,50.89,50.83,50.88,41.35,"383,100"
15-Jun-18,50.91,50.91,50.86,50.89,41.36,"433,400"
18-Jun-18,50.9,50.9,50.86,50.9,41.37,"419,600"
19-Jun-18,51.02,51.02,50.94,50.98,41.43,"337,200"
20-Jun-18,50.9,50.94,50.9,50.9,41.37,"502,000"
21-Jun-18,50.95,50.99,50.91,50.97,41.42,"357,900"
22-Jun-18,50.89,50.95,50.88,50.92,41.38,"315,500"
25-Jun-18,50.93,51.0,50.93,50.93,41.39,"419,000"
26-Jun-18,50.92,50.96,50.92,50.93,41.39,"272,700"
27-Jun-18,50.98,51.01,50.98,50.98,41.43,"306,100"
28-Jun-18,50.99,51.0,50.92,50.92,41.38,"303,700"
29-Jun-18,50.98,51.01,50.93,50.98,41.43,"527,700"
02-Jul-18,50.9,50.91,50.87,50.89,41.43,"498,600"
03-Jul-18,50.85,51.01,50.85,51.01,41.53,"212,700"
05-Jul-18,50.97,51.0,50.93,50.93,41.46,"465,300"
06-Jul-18,51.04,51.05,50.98,51.05,41.56,"372,500"
09-Jul-18,50.95,51.01,50.95,50.98,41.5,"446,600"
10-Jul-18,50.95,51.01,50.95,51.0,41.52,"297,900"
11-Jul-18,51.02,51.09,51.02,51.09,41.59,"261,000"
12-Jul-18,51.07,51.08,51.03,51.08,41.59,"244,100"
13-Jul-18,51.09,51.12,51.07,51.12,41.62,"439,700"
16-Jul-18,51.05,51.07,50.98,51.02,41.54,"361,800"
17-Jul-18,51.09,51.09,51.04,51.06,41.57,"363,300"
18-Jul-18,51.09,51.12,51.06,51.11,41.61,"263,400"
19-Jul-18,51.13,51.18,51.12,51.17,41.66,"360,400"
20-Jul-18,51.11,51.15,51.07,51.1,41.6,"413,800"
23-Jul-18,51.13,51.13,51.0,51.04,41.55,"472,400"
24-Jul-18,51.04,51.05,50.99,51.05,41.56,"295,800"
25-Jul-18,51.1,51.1,51.02,51.05,41.56,"293,400"
26-Jul-18,51.08,51.08,50.95,50.98,41.5,"600,000"
27-Jul-18,50.99,51.03,50.96,50.96,41.49,"290,400"
30-Jul-18,50.98,50.98,50.93,50.96,41.49,"464,000"
31-Jul-18,51.03,51.04,50.97,51.03,41.55,"279,700"
01-Aug-18,50.84,50.87,50.81,50.82,41.46,"552,200"
02-Aug-18,50.84,50.91,50.83,50.9,41.52,"520,900"
03-Aug-18,50.9,50.9,50.85,50.87,41.5,"577,400"
06-Aug-18,50.88,50.91,50.86,50.9,41.52,"502,200"
07-Aug-18,50.87,50.88,50.81,50.82,41.46,"505,200"
08-Aug-18,50.85,50.88,50.85,50.85,41.48,"501,000"
09-Aug-18,50.9,50.92,50.86,50.92,41.54,"437,800"
10-Aug-18,50.91,50.95,50.89,50.94,41.55,"281,300"
13-Aug-18,50.91,50.96,50.91,50.96,41.57,"300,600"
14-Aug-18,50.93,50.96,50.93,50.94,41.55,"449,900"
15-Aug-18,51.01,51.04,50.98,50.98,41.59,"575,600"
16-Aug-18,51.01,51.01,50.96,50.99,41.59,"367,800"
17-Aug-18,50.99,51.01,50.97,51.01,41.61,"222,300"
20-Aug-18,51.05,51.06,51.01,51.03,41.63,"518,100"
21-Aug-18,51.01,51.02,50.97,51.01,41.61,"247,600"
22-Aug-18,51.05,51.05,51.02,51.02,41.62,"309,600"
23-Aug-18,51.02,51.04,50.98,51.03,41.63,"295,100"
24-Aug-18,50.99,51.04,50.98,51.02,41.62,"541,200"
27-Aug-18,51.04,51.04,51.0,51.02,41.62,"583,700"
28-Aug-18,51.01,51.01,50.97,51.0,41.6,"492,600"
29-Aug-18,50.99,51.01,50.98,50.98,41.59,"367,100"
30-Aug-18,51.02,51.02,50.99,51.01,41.61,"689,400"
31-Aug-18,51.03,51.03,51.0,51.0,41.6,"280,100"
04-Sep-18,50.86,50.86,50.81,50.84,41.55,"621,100"
05-Sep-18,50.86,50.86,50.8,50.84,41.55,"803,700"
06-Sep-18,50.87,50.87,50.81,50.81,41.53,"408,100"
07-Sep-18,50.75,50.75,50.65,50.69,41.43,"1,216,000"
10-Sep-18,50.69,50.73,50.68,50.7,41.44,"556,200"
11-Sep-18,50.7,50.72,50.65,50.69,41.43,"639,900"
12-Sep-18,50.71,50.72,50.66,50.69,41.43,"454,500"
13-Sep-18,50.72,50.72,50.68,50.71,41.45,"442,400"
14-Sep-18,50.64,50.7,50.63,50.65,41.4,"592,800"
17-Sep-18,50.63,50.67,50.63,50.66,41.41,"742,300"
18-Sep-18,50.62,50.64,50.55,50.58,41.34,"838,000"
19-Sep-18,50.55,50.58,50.52,50.55,41.32,"1,564,700"
20-Sep-18,50.5,50.54,50.45,50.47,41.25,"1,095,900"
21-Sep-18,50.48,50.57,50.46,50.53,41.3,"627,100"
24-Sep-18,50.52,50.52,50.45,50.47,41.25,"1,463,500"
25-Sep-18,50.43,50.44,50.37,50.41,41.2,"1,920,600"
26-Sep-18,50.49,50.51,50.41,50.5,41.28,"827,400"
27-Sep-18,50.49,50.56,50.46,50.52,41.29,"554,500"
28-Sep-18,50.56,50.58,50.51,50.51,41.28,"561,300"
01-Oct-18,50.4,50.43,50.38,50.39,41.26,"601,600"
02-Oct-18,50.44,50.46,50.41,50.43,41.3,"882,600"
03-Oct-18,50.43,50.43,50.25,50.3,41.19,"914,900"
04-Oct-18,50.24,50.24,50.17,50.2,41.11,"2,202,400"
05-Oct-18,50.21,50.21,50.07,50.15,41.07,"1,983,300"
08-Oct-18,50.14,50.18,50.1,50.11,41.04,"1,570,200"
09-Oct-18,50.23,50.23,50.09,50.12,41.04,"1,221,000"
10-Oct-18,50.03,50.06,49.99,50.03,40.97,"1,828,200"
11-Oct-18,50.12,50.14,50.07,50.09,41.02,"736,600"
12-Oct-18,50.04,50.1,50.02,50.02,40.96,"694,900"
15-Oct-18,50.04,50.06,49.99,50.0,40.95,"1,463,300"
16-Oct-18,50.04,50.1,50.04,50.05,40.99,"1,626,300"
17-Oct-18,50.06,50.08,50.01,50.03,40.97,"470,500"
18-Oct-18,50.01,50.13,50.0,50.13,41.05,"635,000"
19-Oct-18,50.06,50.12,50.05,50.08,41.01,"671,100"
22-Oct-18,50.1,50.13,50.06,50.13,41.05,"952,900"
23-Oct-18,50.23,50.24,50.16,50.18,41.09,"601,000"
24-Oct-18,50.21,50.27,50.17,50.25,41.15,"397,300"
25-Oct-18,50.24,50.25,50.18,50.22,41.13,"685,300"
26-Oct-18,50.25,50.3,50.25,50.27,41.17,"649,500"
29-Oct-18,50.27,50.29,50.22,50.28,41.17,"722,400"
30-Oct-18,50.24,50.25,50.19,50.22,41.13,"1,178,300"
31-Oct-18,50.2,50.2,50.1,50.16,41.08,"1,829,200"
01-Nov-18,50.02,50.04,49.98,49.99,41.02,"1,595,300"
02-Nov-18,49.98,49.99,49.85,49.85,40.91,"1,574,300"
05-Nov-18,49.88,49.95,49.88,49.94,40.98,"1,684,600"
06-Nov-18,49.93,49.95,49.87,49.91,40.96,"1,049,700"
07-Nov-18,50.0,50.04,49.9,49.97,41.01,"1,368,300"
08-Nov-18,50.01,50.02,49.96,49.98,41.02,"851,700"
09-Nov-18,50.0,50.09,50.0,50.06,41.08,"1,299,600"
12-Nov-18,50.06,50.15,50.06,50.11,41.12,"765,200"
13-Nov-18,50.1,50.18,50.1,50.12,41.13,"1,090,700"
14-Nov-18,50.05,50.2,50.05,50.15,41.16,"1,135,100"
15-Nov-18,50.22,50.22,50.15,50.21,41.21,"841,700"
16-Nov-18,50.2,50.29,50.2,50.29,41.27,"696,100"
19-Nov-18,50.27,50.31,50.22,50.31,41.29,"1,231,000"
20-Nov-18,50.35,50.38,50.3,50.35,41.32,"739,300"
21-Nov-18,50.35,50.38,50.31,50.34,41.31,"912,000"
23-Nov-18,50.39,50.42,50.37,50.38,41.34,"218,100"
26-Nov-18,50.37,50.39,50.33,50.38,41.34,"542,600"
27-Nov-18,50.33,50.4,50.33,50.37,41.34,"757,500"
28-Nov-18,50.38,50.44,50.36,50.42,41.38,"540,800"
29-Nov-18,50.5,50.55,50.48,50.53,41.47,"668,100"
30-Nov-18,50.58,50.6,50.53,50.54,41.48,"1,246,000"
03-Dec-18,50.43,50.53,50.4,50.52,41.54,"673,500"
04-Dec-18,50.59,50.73,50.59,50.68,41.67,"1,681,100"
06-Dec-18,50.73,50.84,50.73,50.76,41.74,"1,010,400"
07-Dec-18,50.72,50.85,50.72,50.77,41.75,"817,300"
10-Dec-18,50.78,50.88,50.77,50.82,41.79,"712,000"
11-Dec-18,50.78,50.83,50.71,50.76,41.74,"1,297,300"
12-Dec-18,50.77,50.77,50.71,50.74,41.72,"906,400"
13-Dec-18,50.79,50.79,50.73,50.74,41.72,"897,300"
14-Dec-18,50.76,50.79,50.74,50.78,41.76,"499,900"
17-Dec-18,50.71,50.8,50.71,50.77,41.75,"840,600"
18-Dec-18,50.81,50.89,50.79,50.88,41.84,"1,275,800"
19-Dec-18,50.91,51.01,50.87,50.98,41.92,"1,702,700"
20-Dec-18,51.0,51.02,50.96,50.98,41.92,"1,672,200"
21-Dec-18,50.96,51.05,50.96,51.02,41.95,"798,100"
24-Dec-18,50.95,51.0,50.91,50.95,41.98,"538,600"
26-Dec-18,50.95,50.99,50.81,50.82,41.87,"1,063,900"
27-Dec-18,50.96,51.03,50.91,50.93,41.96,"1,060,000"
28-Dec-18,51.0,51.07,50.96,51.05,42.06,"1,028,500"
31-Dec-18,51.04,51.07,50.98,51.05,42.06,"845,900"
02-Jan-19,51.07,51.07,50.99,51.06,42.07,"866,300"
03-Jan-19,51.09,51.2,51.05,51.19,42.18,"440,500"
04-Jan-19,51.12,51.12,50.98,51.03,42.05,"1,192,300"
07-Jan-19,51.19,51.19,51.1,51.1,42.1,"895,000"
08-Jan-19,51.13,51.15,51.03,51.06,42.07,"578,100"
09-Jan-19,51.09,51.09,50.86,50.99,42.01,"471,600"
10-Jan-19,50.97,51.05,50.97,51.03,42.05,"414,000"
11-Jan-19,51.11,51.12,51.08,51.1,42.1,"301,600"
14-Jan-19,51.11,51.16,51.1,51.12,42.12,"487,300"
15-Jan-19,51.16,51.16,51.08,51.13,42.13,"364,400"
16-Jan-19,51.12,51.16,51.1,51.14,42.14,"520,100"
17-Jan-19,51.15,51.17,51.1,51.11,42.11,"438,000"
18-Jan-19,51.18,51.19,51.11,51.11,42.11,"687,700"
22-Jan-19,51.19,51.19,51.1,51.14,42.14,"592,400"
23-Jan-19,51.09,51.13,51.08,51.1,42.1,"568,000"
24-Jan-19,51.13,51.15,51.08,51.15,42.15,"499,800"
25-Jan-19,51.13,51.13,51.07,51.09,42.1,"378,400"
28-Jan-19,51.13,51.15,51.11,51.13,42.13,"434,600"
29-Jan-19,51.18,51.2,51.13,51.19,42.18,"417,500"
30-Jan-19,51.19,51.21,51.12,51.18,42.17,"588,100"
31-Jan-19,51.25,51.34,51.24,51.29,42.26,"590,100"
01-Feb-19,51.22,51.22,51.11,51.13,42.22,"1,224,700"
04-Feb-19,51.11,51.23,51.11,51.19,42.27,"719,400"
05-Feb-19,51.2,51.24,51.16,51.21,42.28,"833,400"
06-Feb-19,51.2,51.26,51.19,51.23,42.3,"571,700"
07-Feb-19,51.29,51.36,51.27,51.35,42.4,"443,900"
08-Feb-19,51.37,51.41,51.33,51.38,42.42,"1,058,000"
11-Feb-19,51.38,51.4,51.36,51.37,42.42,"604,000"
12-Feb-19,51.34,51.41,51.34,51.37,42.42,"839,900"
13-Feb-19,51.36,51.36,51.31,51.34,42.39,"377,100"
14-Feb-19,51.41,51.44,51.36,51.36,42.41,"559,000"
15-Feb-19,51.37,51.41,51.34,51.39,42.43,"475,000"
19-Feb-19,51.42,51.45,51.41,51.43,42.47,"473,100"
20-Feb-19,51.45,51.49,51.44,51.48,42.51,"595,700"
21-Feb-19,51.43,51.44,51.42,51.42,42.46,"428,000"
22-Feb-19,51.45,51.5,51.44,51.49,42.51,"473,700"
25-Feb-19,51.43,51.49,51.43,51.46,42.49,"789,400"
26-Feb-19,51.5,51.62,51.5,51.55,42.56,"562,300"
27-Feb-19,51.52,51.53,51.47,51.47,42.5,"568,100"
28-Feb-19,51.54,51.54,51.45,51.48,42.51,"312,600"
01-Mar-19,51.37,51.41,51.33,51.33,42.46,"434,700"
04-Mar-19,51.36,51.41,51.36,51.41,42.53,"528,600"
05-Mar-19,51.38,51.43,51.36,51.39,42.51,"529,600"
06-Mar-19,51.42,51.48,51.41,51.47,42.58,"456,700"
07-Mar-19,51.52,51.58,51.52,51.53,42.63,"693,100"
08-Mar-19,51.62,51.62,51.55,51.6,42.69,"359,200"
11-Mar-19,51.6,51.6,51.55,51.58,42.67,"334,100"
12-Mar-19,51.59,51.65,51.58,51.61,42.69,"471,000"
13-Mar-19,51.61,51.64,51.59,51.63,42.71,"632,700"
14-Mar-19,51.6,51.6,51.55,51.58,42.67,"524,400"
15-Mar-19,51.63,51.68,51.61,51.67,42.74,"619,600"
18-Mar-19,51.67,51.7,51.64,51.65,42.73,"679,200"
19-Mar-19,51.63,51.71,51.62,51.68,42.75,"493,400"
20-Mar-19,51.69,51.79,51.69,51.75,42.81,"682,300"
21-Mar-19,51.84,51.86,51.79,51.82,42.87,"381,400"
22-Mar-19,51.94,52.03,51.94,52.02,43.03,"552,800"
25-Mar-19,52.0,52.1,51.98,52.07,43.07,"356,100"
26-Mar-19,52.07,52.11,52.06,52.1,43.1,"472,900"
27-Mar-19,52.13,52.2,52.11,52.18,43.17,"519,900"
28-Mar-19,52.19,52.22,52.15,52.21,43.19,"575,200"
29-Mar-19,52.12,52.23,52.11,52.15,43.14,"596,700"
01-Apr-19,52.0,52.01,51.9,52.01,43.11,"1,573,000"
02-Apr-19,51.95,52.02,51.95,52.0,43.1,"401,200"
03-Apr-19,51.93,51.98,51.91,51.93,43.05,"550,500"
04-Apr-19,51.93,51.96,51.92,51.94,43.05,"299,500"
05-Apr-19,51.94,51.98,51.92,51.96,43.07,"554,000"
08-Apr-19,51.95,51.96,51.92,51.95,43.06,"491,400"
09-Apr-19,51.98,51.99,51.94,51.98,43.09,"685,700"
10-Apr-19,51.98,52.02,51.98,51.99,43.1,"381,500"
11-Apr-19,52.01,52.03,51.99,52.0,43.1,"456,800"
12-Apr-19,51.97,51.97,51.94,51.95,43.06,"426,200"
15-Apr-19,51.98,52.0,51.97,51.99,43.1,"479,600"
16-Apr-19,51.97,52.01,51.95,51.99,43.1,"680,100"
17-Apr-19,51.99,52.01,51.96,51.96,43.07,"443,600"
18-Apr-19,51.99,52.03,51.96,52.0,43.1,"531,600"
22-Apr-19,51.99,52.03,51.96,52.02,43.12,"866,000"
23-Apr-19,52.04,52.08,52.01,52.04,43.14,"614,500"
24-Apr-19,52.16,52.18,52.13,52.15,43.23,"539,900"
25-Apr-19,52.17,52.2,52.15,52.16,43.24,"556,900"
26-Apr-19,52.24,52.31,52.22,52.28,43.34,"592,200"
29-Apr-19,52.23,52.29,52.23,52.26,43.32,"432,400"
30-Apr-19,52.31,52.33,52.26,52.29,43.35,"598,700"
01-May-19,52.22,52.28,52.2,52.2,43.35,"570,200"
02-May-19,52.23,52.28,52.18,52.21,43.36,"685,200"
03-May-19,52.26,52.29,52.23,52.25,43.4,"363,500"
06-May-19,52.38,52.38,52.33,52.35,43.48,"488,200"
07-May-19,52.39,52.43,52.36,52.38,43.5,"488,300"
08-May-19,52.43,52.45,52.37,52.38,43.5,"569,100"
09-May-19,52.5,52.51,52.47,52.5,43.6,"382,900"
10-May-19,52.47,52.54,52.47,52.52,43.62,"333,100"
13-May-19,52.6,52.62,52.57,52.6,43.69,"694,900"
14-May-19,52.61,52.63,52.6,52.6,43.69,"468,900"
15-May-19,52.71,52.71,52.67,52.69,43.76,"265,600"
16-May-19,52.68,52.71,52.66,52.7,43.77,"460,400"
17-May-19,52.75,52.75,52.71,52.72,43.79,"357,200"
20-May-19,52.72,52.74,52.7,52.71,43.78,"416,000"
21-May-19,52.7,52.7,52.64,52.64,43.72,"770,300"
22-May-19,52.64,52.68,52.63,52.68,43.75,"670,600"
23-May-19,52.68,52.75,52.68,52.74,43.8,"500,500"
24-May-19,52.72,52.78,52.7,52.75,43.81,"363,900"
28-May-19,52.8,52.8,52.75,52.75,43.81,"367,900"
29-May-19,52.87,52.87,52.82,52.83,43.88,"712,400"
30-May-19,52.83,52.89,52.79,52.88,43.92,"384,100"
31-May-19,52.97,53.01,52.94,52.98,44.0,"376,000"
03-Jun-19,52.92,52.95,52.89,52.94,44.06,"462,800"
04-Jun-19,52.92,52.93,52.89,52.91,44.03,"798,100"
05-Jun-19,52.9,52.92,52.87,52.88,44.01,"435,100"
06-Jun-19,52.91,52.94,52.87,52.88,44.01,"362,000"
07-Jun-19,52.98,52.99,52.94,52.97,44.08,"420,700"
10-Jun-19,52.95,52.95,52.88,52.89,44.02,"467,400"
11-Jun-19,52.89,52.91,52.88,52.9,44.02,"391,600"
12-Jun-19,52.88,52.92,52.88,52.91,44.03,"384,600"
13-Jun-19,52.9,52.92,52.88,52.9,44.02,"363,300"
14-Jun-19,52.89,52.91,52.84,52.9,44.02,"359,700"
17-Jun-19,52.87,52.95,52.87,52.91,44.03,"853,100"
18-Jun-19,53.01,53.02,52.93,52.94,44.06,"514,600"
19-Jun-19,52.92,52.97,52.89,52.93,44.05,"435,600"
20-Jun-19,52.99,53.02,52.98,53.02,44.12,"314,800"
21-Jun-19,52.99,52.99,52.95,52.98,44.09,"487,200"
24-Jun-19,53.03,53.07,53.0,53.02,44.12,"808,900"
25-Jun-19,53.04,53.07,53.01,53.02,44.12,"396,600"
26-Jun-19,53.05,53.05,52.99,53.0,44.11,"342,100"
27-Jun-19,53.07,53.09,53.03,53.06,44.16,"303,400"
28-Jun-19,53.07,53.08,53.05,53.07,44.17,"360,800"
01-Jul-19,52.96,52.98,52.92,52.94,44.14,"715,700"
02-Jul-19,52.99,53.06,52.95,53.03,44.22,"844,300"
03-Jul-19,53.05,53.07,53.02,53.06,44.24,"256,200"
05-Jul-19,52.99,53.02,52.97,52.98,44.18,"421,500"
08-Jul-19,53.01,53.05,53.0,53.02,44.21,"439,200"
09-Jul-19,53.07,53.12,53.04,53.1,44.28,"700,400"
10-Jul-19,53.14,53.17,53.11,53.12,44.29,"611,300"
11-Jul-19,53.13,53.14,53.01,53.02,44.21,"519,800"
12-Jul-19,53.1,53.14,53.07,53.14,44.31,"324,300"
15-Jul-19,53.13,53.15,53.11,53.15,44.32,"378,100"
16-Jul-19,53.11,53.15,53.1,53.14,44.31,"448,500"
17-Jul-19,53.15,53.22,53.15,53.18,44.34,"886,900"
18-Jul-19,53.19,53.25,53.18,53.25,44.4,"551,800"
19-Jul-19,53.24,53.26,53.22,53.22,44.38,"665,400"
22-Jul-19,53.23,53.24,53.22,53.22,44.38,"333,800"
23-Jul-19,53.2,53.27,53.2,53.23,44.39,"359,800"
24-Jul-19,53.29,53.31,53.26,53.29,44.44,"383,600"
25-Jul-19,53.3,53.32,53.28,53.31,44.45,"941,300"
26-Jul-19,53.32,53.35,53.3,53.33,44.47,"635,000"
29-Jul-19,53.34,53.35,53.31,53.32,44.46,"397,700"
30-Jul-19,53.35,53.38,53.32,53.36,44.49,"425,800"
31-Jul-19,53.37,53.43,53.35,53.42,44.54,"560,900"
01-Aug-19,53.32,53.47,53.31,53.41,44.62,"719,600"
02-Aug-19,53.49,53.49,53.45,53.48,44.68,"378,000"
05-Aug-19,53.6,53.65,53.57,53.63,44.81,"766,400"
06-Aug-19,53.63,53.69,53.61,53.69,44.86,"439,800"
07-Aug-19,53.82,53.84,53.74,53.74,44.9,"1,205,000"
08-Aug-19,53.79,53.84,53.75,53.84,44.98,"776,000"
09-Aug-19,53.81,53.84,53.76,53.81,44.96,"573,100"
12-Aug-19,53.91,53.97,53.88,53.96,45.08,"462,500"
13-Aug-19,53.93,53.93,53.83,53.89,45.02,"615,900"
14-Aug-19,54.08,54.12,54.04,54.04,45.15,"686,100"
15-Aug-19,54.04,54.17,54.04,54.17,45.26,"470,900"
16-Aug-19,54.11,54.12,54.08,54.11,45.21,"587,900"
19-Aug-19,54.01,54.06,53.96,54.03,45.14,"436,100"
20-Aug-19,54.1,54.12,54.06,54.07,45.18,"452,000"
21-Aug-19,54.02,54.05,53.99,54.02,45.13,"409,400"
22-Aug-19,54.01,54.02,53.96,53.99,45.11,"289,500"
23-Aug-19,54.01,54.19,53.95,54.1,45.2,"653,000"
26-Aug-19,54.07,54.07,53.98,54.02,45.13,"451,900"
27-Aug-19,54.07,54.07,54.03,54.07,45.18,"338,600"
28-Aug-19,54.1,54.14,54.09,54.11,45.21,"493,900"
29-Aug-19,54.12,54.13,54.07,54.12,45.22,"383,300"
30-Aug-19,54.11,54.13,54.08,54.13,45.23,"380,500"
03-Sep-19,53.98,54.06,53.97,54.04,45.24,"528,000"
04-Sep-19,54.02,54.05,53.99,54.04,45.24,"454,300"
05-Sep-19,53.96,53.96,53.82,53.9,45.12,"601,400"
06-Sep-19,53.91,53.91,53.84,53.87,45.09,"437,400"
09-Sep-19,53.76,53.76,53.7,53.72,44.97,"536,900"
10-Sep-19,53.7,53.72,53.62,53.67,44.93,"721,900"
11-Sep-19,53.59,53.6,53.51,53.51,44.79,"533,700"
12-Sep-19,53.51,53.55,53.42,53.48,44.77,"467,500"
13-Sep-19,53.4,53.4,53.25,53.27,44.59,"475,500"
16-Sep-19,53.28,53.3,53.2,53.24,44.57,"389,300"
17-Sep-19,53.24,53.29,53.22,53.22,44.55,"425,600"
18-Sep-19,53.29,53.37,53.27,53.34,44.65,"389,700"
19-Sep-19,53.41,53.44,53.38,53.42,44.72,"782,400"
20-Sep-19,53.45,53.55,53.4,53.54,44.82,"580,100"
23-Sep-19,53.59,53.62,53.56,53.59,44.86,"708,100"
24-Sep-19,53.65,53.68,53.6,53.67,44.93,"450,100"
25-Sep-19,53.66,53.68,53.52,53.58,44.85,"474,800"
26-Sep-19,53.59,53.61,53.52,53.59,44.86,"330,800"
27-Sep-19,53.58,53.61,53.56,53.59,44.86,"279,000"
30-Sep-19,53.59,53.62,53.54,53.62,44.88,"441,400"
01-Oct-19,53.4,53.56,53.37,53.53,44.89,"594,700"
02-Oct-19,53.56,53.63,53.55,53.6,44.95,"420,300"
03-Oct-19,53.67,53.77,53.64,53.75,45.08,"412,600"
04-Oct-19,53.74,53.77,53.71,53.76,45.09,"399,900"
07-Oct-19,53.72,53.76,53.7,53.71,45.04,"394,500"
08-Oct-19,53.78,53.86,53.76,53.86,45.17,"411,400"
09-Oct-19,53.86,53.87,53.82,53.83,45.14,"357,900"
10-Oct-19,53.84,53.84,53.77,53.79,45.11,"387,100"
11-Oct-19,53.72,53.72,53.61,53.67,45.01,"517,000"
14-Oct-19,53.72,53.76,53.65,53.73,45.06,"279,700"
15-Oct-19,53.72,53.72,53.6,53.6,44.95,"342,100"
16-Oct-19,53.65,53.65,53.59,53.62,44.97,"1,011,500"
17-Oct-19,53.56,53.58,53.5,53.54,44.9,"380,000"
18-Oct-19,53.55,53.56,53.51,53.51,44.88,"378,100"
21-Oct-19,53.49,53.5,53.44,53.48,44.85,"487,200"
22-Oct-19,53.46,53.46,53.42,53.42,44.8,"379,300"
23-Oct-19,53.47,53.49,53.44,53.44,44.82,"598,200"
24-Oct-19,53.41,53.46,53.41,53.44,44.82,"513,200"
25-Oct-19,53.46,53.47,53.41,53.45,44.83,"398,300"
28-Oct-19,53.45,53.45,53.38,53.42,44.8,"857,600"
29-Oct-19,53.45,53.45,53.39,53.41,44.79,"427,900"
30-Oct-19,53.43,53.5,53.41,53.49,44.86,"537,600"
31-Oct-19,53.59,53.64,53.55,53.59,44.94,"1,173,900"
01-Nov-19,53.54,53.54,53.46,53.51,44.96,"846,100"
04-Nov-19,53.5,53.5,53.44,53.44,44.9,"698,300"
05-Nov-19,53.4,53.42,53.35,53.39,44.86,"1,062,400"
06-Nov-19,53.43,53.43,53.37,53.38,44.85,"614,100"
07-Nov-19,53.3,53.31,53.19,53.22,44.72,"697,000"
08-Nov-19,53.22,53.25,53.12,53.19,44.69,"1,117,900"
11-Nov-19,53.23,53.23,53.18,53.22,44.72,"421,000"
12-Nov-19,53.16,53.21,53.16,53.19,44.69,"446,500"
13-Nov-19,53.26,53.34,53.22,53.29,44.78,"943,900"
14-Nov-19,53.35,53.38,53.31,53.32,44.8,"725,500"
15-Nov-19,53.35,53.37,53.33,53.36,44.84,"454,700"
18-Nov-19,53.39,53.39,53.32,53.36,44.84,"1,396,100"
19-Nov-19,53.38,53.41,53.36,53.4,44.87,"885,500"
20-Nov-19,53.49,53.51,53.46,53.47,44.93,"646,600"
21-Nov-19,53.43,53.48,53.42,53.48,44.94,"522,100"
22-Nov-19,53.51,53.51,53.48,53.49,44.95,"443,400"
25-Nov-19,53.51,53.55,53.5,53.54,44.99,"657,900"
26-Nov-19,53.59,53.59,53.54,53.56,45.0,"757,200"
27-Nov-19,53.59,53.59,53.55,53.59,45.03,"1,585,300"
29-Nov-19,53.61,53.61,53.56,53.57,45.01,"1,220,900"
02-Dec-19,53.5,53.5,53.36,53.4,44.95,"825,400"
03-Dec-19,53.52,53.57,53.45,53.55,45.08,"1,234,600"
04-Dec-19,53.55,53.55,53.44,53.51,45.04,"860,900"
05-Dec-19,53.51,53.54,53.45,53.5,45.04,"893,700"
06-Dec-19,53.5,53.53,53.44,53.47,45.01,"714,500"
09-Dec-19,53.55,53.55,53.46,53.52,45.05,"541,100"
10-Dec-19,53.55,53.56,53.51,53.51,45.04,"568,300"
11-Dec-19,53.59,53.63,53.55,53.59,45.11,"624,100"
12-Dec-19,53.67,53.67,53.44,53.46,45.0,"790,700"
13-Dec-19,53.57,53.62,53.5,53.59,45.11,"655,300"
16-Dec-19,53.59,53.59,53.54,53.59,45.11,"754,700"
17-Dec-19,53.6,53.63,53.55,53.62,45.14,"987,900"
18-Dec-19,53.62,53.63,53.57,53.62,45.14,"1,114,200"
19-Dec-19,53.59,53.64,53.51,53.62,45.14,"1,335,600"
20-Dec-19,53.57,53.61,53.53,53.59,45.11,"1,193,200"
23-Dec-19,53.51,53.53,53.49,53.52,45.14,"1,084,900"
24-Dec-19,53.53,53.56,53.5,53.54,45.15,"1,041,800"
26-Dec-19,53.51,53.57,53.5,53.55,45.16,"644,600"
27-Dec-19,53.55,53.62,53.55,53.59,45.2,"617,800"
30-Dec-19,53.57,53.61,53.54,53.58,45.19,"2,137,200"
31-Dec-19,53.55,53.59,53.53,53.54,45.15,"988,000"
02-Jan-20,53.59,53.61,53.56,53.6,45.2,"728,200"
03-Jan-20,53.72,53.79,53.7,53.79,45.36,"994,000"
06-Jan-20,53.83,53.83,53.77,53.81,45.38,"899,700"
07-Jan-20,53.85,53.88,53.84,53.88,45.44,"673,600"
08-Jan-20,53.91,53.92,53.85,53.88,45.44,"946,700"
09-Jan-20,53.88,53.92,53.86,53.9,45.46,"958,000"
10-Jan-20,53.92,53.93,53.9,53.91,45.47,"1,085,700"
13-Jan-20,53.91,53.94,53.9,53.94,45.49,"1,048,900"
14-Jan-20,53.95,53.99,53.93,53.97,45.52,"673,700"
15-Jan-20,54.05,54.06,54.02,54.03,45.57,"1,566,300"
16-Jan-20,54.09,54.11,54.06,54.1,45.63,"1,250,800"
17-Jan-20,54.1,54.11,54.03,54.03,45.57,"634,900"
21-Jan-20,54.1,54.15,54.07,54.15,45.67,"841,300"
22-Jan-20,54.11,54.16,54.11,54.14,45.66,"1,365,800"
23-Jan-20,54.21,54.22,54.18,54.22,45.73,"973,600"
24-Jan-20,54.26,54.28,54.23,54.27,45.77,"1,400,100"
27-Jan-20,54.35,54.4,54.34,54.4,45.88,"1,182,700"
28-Jan-20,54.39,54.39,54.32,54.35,45.84,"536,400"
29-Jan-20,54.41,54.44,54.4,54.44,45.91,"1,260,700"
30-Jan-20,54.44,54.54,54.4,54.42,45.9,"811,600"
31-Jan-20,54.49,54.5,54.44,54.48,45.95,"853,900"
03-Feb-20,54.36,54.4,54.32,54.39,45.95,"682,800"
04-Feb-20,54.32,54.32,54.24,54.26,45.84,"922,600"
05-Feb-20,54.25,54.25,54.2,54.24,45.82,"850,700"
06-Feb-20,54.24,54.25,54.18,54.23,45.82,"943,800"
07-Feb-20,54.3,54.33,54.25,54.31,45.88,"1,202,400"
10-Feb-20,54.34,54.34,54.31,54.33,45.9,"1,013,100"
11-Feb-20,54.38,54.38,54.31,54.34,45.91,"777,800"
12-Feb-20,54.34,54.34,54.28,54.32,45.89,"1,141,900"
13-Feb-20,54.35,54.36,54.3,54.32,45.89,"1,206,500"
14-Feb-20,54.37,54.37,54.31,54.35,45.92,"891,900"
18-Feb-20,54.41,54.42,54.38,54.42,45.98,"995,700"
19-Feb-20,54.42,54.45,54.4,54.45,46.0,"1,210,800"
20-Feb-20,54.5,54.53,54.48,54.52,46.06,"995,700"
21-Feb-20,54.61,54.66,54.58,54.62,46.15,"1,126,600"
24-Feb-20,54.87,54.87,54.82,54.84,46.33,"1,012,400"
25-Feb-20,54.89,54.95,54.85,54.94,46.42,"865,400"
26-Feb-20,54.9,54.97,54.89,54.95,46.42,"1,342,100"
27-Feb-20,55.05,55.09,54.94,54.98,46.45,"1,392,400"
28-Feb-20,55.04,55.04,54.85,54.91,46.39,"1,687,700"
02-Mar-20,54.93,54.98,54.75,54.85,46.42,"1,320,700"
03-Mar-20,54.94,54.97,54.82,54.9,46.46,"898,900"
04-Mar-20,54.89,54.95,54.85,54.89,46.45,"701,200"
05-Mar-20,54.94,54.95,54.85,54.9,46.46,"566,100"
06-Mar-20,55.02,55.06,54.9,55.01,46.55,"970,300"
09-Mar-20,55.15,55.41,55.01,55.19,46.7,"1,421,200"
10-Mar-20,55.05,55.14,54.59,54.63,46.23,"1,162,100"
11-Mar-20,54.84,54.84,53.37,53.85,45.57,"1,657,300"
12-Mar-20,52.86,53.14,50.51,50.7,42.9,"8,803,700"
13-Mar-20,51.94,52.5,51.49,52.34,44.29,"6,785,100"
16-Mar-20,50.89,51.82,49.69,51.42,43.51,"5,894,500"
17-Mar-20,51.32,51.9,51.12,51.13,43.27,"2,712,800"
18-Mar-20,50.78,50.96,47.51,48.14,40.74,"4,394,600"
19-Mar-20,47.66,48.0,44.0,45.81,38.77,"12,544,200"
20-Mar-20,45.56,48.87,45.56,46.88,39.67,"9,036,600"
23-Mar-20,46.88,49.39,46.37,48.96,41.43,"3,849,300"
24-Mar-20,49.22,50.69,48.84,49.71,42.07,"3,465,500"
25-Mar-20,50.53,52.28,50.53,52.05,44.05,"2,547,200"
26-Mar-20,52.32,53.78,52.32,53.44,45.22,"2,620,600"
27-Mar-20,53.32,53.63,53.04,53.39,45.18,"2,555,600"
30-Mar-20,53.13,53.3,53.05,53.17,44.99,"1,307,800"
31-Mar-20,53.05,53.28,52.9,52.9,44.77,"1,183,300"
01-Apr-20,52.8,52.89,51.12,51.95,44.05,"2,868,500"
02-Apr-20,51.95,51.95,51.27,51.64,43.79,"1,521,400"
03-Apr-20,51.58,52.06,51.51,51.71,43.85,"2,718,800"
06-Apr-20,52.09,52.29,51.93,52.29,44.34,"1,739,800"
07-Apr-20,52.63,52.76,52.49,52.69,44.68,"1,850,700"
08-Apr-20,52.72,52.82,52.57,52.82,44.79,"1,713,700"
09-Apr-20,53.0,53.6,52.86,53.16,45.08,"1,718,200"
13-Apr-20,53.19,53.27,52.8,53.08,45.01,"1,523,200"
14-Apr-20,53.32,53.41,53.1,53.37,45.25,"1,715,500"
15-Apr-20,53.34,53.47,53.25,53.36,45.25,"1,956,100"
16-Apr-20,53.34,53.34,52.85,53.17,45.09,"1,992,700"
17-Apr-20,53.28,53.38,52.35,53.35,45.24,"1,237,100"
20-Apr-20,53.28,53.29,53.03,53.22,45.13,"1,583,600"
21-Apr-20,53.24,53.26,53.06,53.14,45.06,"1,690,100"
22-Apr-20,53.05,53.13,52.87,52.96,44.91,"1,166,400"
23-Apr-20,52.97,52.97,52.73,52.8,44.77,"1,109,600"
24-Apr-20,52.62,52.66,52.32,52.56,44.57,"1,185,000"
27-Apr-20,52.51,52.77,52.39,52.69,44.68,"1,290,800"
28-Apr-20,52.7,52.7,52.35,52.44,44.47,"825,700"
29-Apr-20,52.45,52.46,52.11,52.22,44.28,"1,276,900"
30-Apr-20,52.18,52.44,52.18,52.21,44.27,"1,313,300"
01-May-20,52.39,52.48,52.26,52.38,44.49,"1,049,700"
04-May-20,52.52,52.58,52.39,52.55,44.64,"1,220,200"
05-May-20,52.59,52.69,52.49,52.68,44.75,"1,325,800"
06-May-20,52.69,52.69,52.45,52.62,44.7,"1,444,200"
07-May-20,52.72,52.72,52.62,52.68,44.75,"1,389,200"
08-May-20,52.72,52.78,52.69,52.77,44.83,"849,500"
11-May-20,52.77,52.82,52.71,52.76,44.82,"926,100"
12-May-20,52.85,52.88,52.74,52.82,44.87,"839,300"
13-May-20,52.93,52.99,52.86,52.94,44.97,"813,500"
14-May-20,52.94,53.05,52.9,53.03,45.05,"667,200"
15-May-20,53.1,53.16,53.02,53.13,45.13,"584,300"
18-May-20,53.2,53.23,53.12,53.22,45.21,"660,400"
19-May-20,53.25,53.28,53.21,53.25,45.23,"730,800"
20-May-20,53.38,53.48,53.32,53.42,45.38,"1,037,600"
21-May-20,53.54,53.59,53.48,53.58,45.51,"563,400"
22-May-20,53.66,53.71,53.59,53.65,45.57,"677,700"
26-May-20,53.81,53.81,53.74,53.77,45.68,"888,900"
27-May-20,53.84,53.86,53.79,53.82,45.72,"1,072,500"
28-May-20,53.84,53.84,53.71,53.78,45.68,"1,735,500"
29-May-20,53.92,53.97,53.76,53.85,45.74,"1,407,700"
01-Jun-20,53.86,53.86,53.72,53.79,45.77,"1,239,500"
02-Jun-20,53.76,53.85,53.65,53.81,45.79,"1,223,300"
03-Jun-20,53.8,53.8,53.74,53.78,45.77,"1,539,300"
04-Jun-20,53.78,53.82,53.75,53.79,45.77,"852,300"
05-Jun-20,53.78,53.8,53.7,53.73,45.72,"1,326,000"
08-Jun-20,53.8,53.8,53.57,53.65,45.65,"2,210,400"
09-Jun-20,53.85,53.92,53.7,53.9,45.87,"1,833,200"
10-Jun-20,53.94,53.94,53.83,53.93,45.89,"1,822,800"
11-Jun-20,54.0,54.05,53.84,53.9,45.87,"1,410,900"
12-Jun-20,53.96,53.99,53.89,53.96,45.92,"933,200"
15-Jun-20,54.05,54.05,53.94,54.02,45.97,"599,600"
16-Jun-20,54.0,54.0,53.93,53.96,45.92,"725,100"
17-Jun-20,54.01,54.02,53.96,54.0,45.95,"997,200"
18-Jun-20,54.04,54.04,53.94,54.02,45.97,"837,900"
19-Jun-20,54.03,54.07,54.01,54.06,46.0,"716,500"
22-Jun-20,54.08,54.13,54.0,54.08,46.02,"2,273,600"
23-Jun-20,54.05,54.1,54.04,54.1,46.04,"1,451,300"
24-Jun-20,54.1,54.14,54.06,54.1,46.04,"1,052,900"
25-Jun-20,54.12,54.15,54.08,54.1,46.04,"777,000"
26-Jun-20,54.15,54.18,54.09,54.09,46.03,"695,100"
29-Jun-20,54.13,54.19,54.1,54.14,46.07,"1,569,400"
30-Jun-20,54.17,54.18,54.1,54.14,46.07,"995,700"
01-Jul-20,54.09,54.1,54.04,54.07,46.09,"1,074,400"
02-Jul-20,54.09,54.13,53.96,54.1,46.12,"1,044,600"
06-Jul-20,54.09,54.18,54.03,54.09,46.11,"1,226,200"
07-Jul-20,54.15,54.18,54.08,54.17,46.17,"1,068,900"
08-Jul-20,54.16,54.19,54.14,54.19,46.19,"558,900"
09-Jul-20,54.2,54.27,54.12,54.25,46.24,"911,100"
10-Jul-20,54.27,54.32,54.25,54.32,46.3,"960,000"
13-Jul-20,54.33,54.33,54.28,54.29,46.28,"762,000"
14-Jul-20,54.32,54.41,54.32,54.39,46.36,"765,900"
15-Jul-20,54.4,54.44,54.38,54.43,46.4,"1,164,100"
16-Jul-20,54.47,54.51,54.43,54.49,46.45,"939,500"
17-Jul-20,54.51,54.51,54.48,54.51,46.46,"725,900"
20-Jul-20,54.58,54.58,54.53,54.57,46.52,"817,500"
21-Jul-20,54.61,54.63,54.6,54.63,46.57,"1,355,400"
22-Jul-20,54.68,54.68,54.65,54.66,46.59,"1,027,500"
23-Jul-20,54.68,54.7,54.67,54.69,46.62,"594,800"
24-Jul-20,54.72,54.72,54.68,54.72,46.64,"1,088,100"
27-Jul-20,54.73,54.73,54.65,54.69,46.62,"861,400"
28-Jul-20,54.77,54.78,54.71,54.75,46.67,"782,900"
29-Jul-20,54.77,54.78,54.74,54.77,46.69,"807,600"
30-Jul-20,54.82,54.87,54.77,54.87,46.77,"650,900"
31-Jul-20,54.85,54.91,54.82,54.9,46.8,"993,600"
03-Aug-20,54.82,54.83,54.75,54.81,46.8,"1,219,500"
04-Aug-20,54.88,54.9,54.84,54.9,46.87,"1,463,600"
05-Aug-20,54.86,54.91,54.84,54.91,46.88,"918,000"
06-Aug-20,54.95,55.0,54.92,55.0,46.96,"932,300"
07-Aug-20,55.02,55.07,55.0,55.02,46.98,"942,600"
10-Aug-20,55.01,55.05,55.0,55.05,47.0,"869,900"
11-Aug-20,55.05,55.06,54.97,54.97,46.93,"991,500"
12-Aug-20,55.0,55.02,54.88,54.97,46.93,"1,082,600"
13-Aug-20,54.98,54.98,54.87,54.94,46.91,"848,900"
14-Aug-20,54.95,54.96,54.86,54.88,46.86,"626,700"
17-Aug-20,54.88,54.89,54.85,54.88,46.86,"798,700"
18-Aug-20,54.87,54.88,54.8,54.83,46.81,"764,000"
19-Aug-20,54.88,54.88,54.74,54.79,46.78,"1,216,800"
20-Aug-20,54.8,54.8,54.62,54.64,46.65,"649,600"
21-Aug-20,54.65,54.72,54.64,54.68,46.69,"670,200"
24-Aug-20,54.71,54.76,54.69,54.74,46.74,"932,200"
25-Aug-20,54.65,54.7,54.62,54.65,46.66,"786,300"
26-Aug-20,54.65,54.66,54.58,54.59,46.61,"955,800"
27-Aug-20,54.64,54.64,54.5,54.51,46.54,"814,000"
28-Aug-20,54.55,54.57,54.47,54.51,46.54,"958,300"
31-Aug-20,54.54,54.56,54.45,54.45,46.49,"1,119,300"
01-Sep-20,54.4,54.47,54.39,54.47,46.58,"762,400"
02-Sep-20,54.45,54.47,54.41,54.46,46.57,"1,081,800"
03-Sep-20,54.46,54.49,54.41,54.48,46.59,"1,499,300"
04-Sep-20,54.47,54.47,54.4,54.44,46.56,"943,700"
08-Sep-20,54.45,54.46,54.4,54.42,46.54,"1,200,600"
09-Sep-20,54.39,54.47,54.39,54.46,46.57,"930,900"
10-Sep-20,54.47,54.48,54.43,54.45,46.57,"862,800"
11-Sep-20,54.46,54.46,54.44,54.46,46.57,"1,068,300"
14-Sep-20,54.47,54.47,54.43,54.47,46.58,"1,030,800"
15-Sep-20,54.45,54.46,54.41,54.46,46.57,"954,400"
16-Sep-20,54.47,54.48,54.41,54.44,46.56,"887,600"
17-Sep-20,54.48,54.49,54.44,54.46,46.57,"939,100"
18-Sep-20,54.46,54.48,54.43,54.48,46.59,"843,300"
21-Sep-20,54.46,54.5,54.44,54.44,46.56,"958,100"
22-Sep-20,54.5,54.53,54.46,54.51,46.62,"980,700"
23-Sep-20,54.53,54.53,54.46,54.48,46.59,"1,016,900"
24-Sep-20,54.48,54.52,54.47,54.49,46.6,"604,500"
25-Sep-20,54.45,54.55,54.45,54.47,46.58,"1,209,900"
28-Sep-20,54.44,54.49,54.44,54.46,46.57,"718,000"
29-Sep-20,54.46,54.51,54.46,54.48,46.59,"1,471,000"
30-Sep-20,54.48,54.48,54.4,54.44,46.56,"864,500"
01-Oct-20,54.33,54.34,54.29,54.33,46.54,"2,148,500"
02-Oct-20,54.3,54.32,54.27,54.27,46.49,"710,300"
05-Oct-20,54.27,54.28,54.23,54.25,46.47,"793,100"
06-Oct-20,54.25,54.25,54.19,54.21,46.44,"1,273,100"
07-Oct-20,54.19,54.19,54.1,54.1,46.34,"863,000"
08-Oct-20,54.1,54.14,54.09,54.11,46.35,"1,033,300"
09-Oct-20,54.12,54.16,54.1,54.16,46.39,"1,080,800"
12-Oct-20,54.15,54.15,54.12,54.15,46.38,"702,200"
13-Oct-20,54.16,54.2,54.13,54.18,46.41,"1,074,300"
14-Oct-20,54.2,54.21,54.15,54.15,46.38,"1,289,600"
15-Oct-20,54.19,54.19,54.15,54.15,46.38,"2,488,700"
16-Oct-20,54.18,54.18,54.16,54.18,46.41,"740,000"
19-Oct-20,54.19,54.19,54.12,54.15,46.38,"663,000"
20-Oct-20,54.16,54.16,54.11,54.13,46.37,"850,200"
21-Oct-20,54.13,54.13,54.07,54.12,46.36,"1,067,500"
22-Oct-20,54.13,54.14,54.07,54.14,46.38,"799,200"
23-Oct-20,54.13,54.14,54.1,54.13,46.37,"590,300"
26-Oct-20,54.12,54.13,54.1,54.1,46.34,"763,200"
27-Oct-20,54.16,54.18,54.13,54.18,46.41,"1,053,600"
28-Oct-20,54.2,54.21,54.12,54.13,46.37,"1,353,900"
29-Oct-20,54.15,54.19,54.11,54.11,46.35,"669,500"
30-Oct-20,54.15,54.16,54.08,54.11,46.35,"811,200"
02-Nov-20,54.05,54.09,54.05,54.06,46.38,"649,800"
03-Nov-20,54.11,54.11,54.08,54.08,46.4,"879,000"
04-Nov-20,54.41,54.41,54.24,54.3,46.59,"1,161,600"
05-Nov-20,54.39,54.41,54.34,54.39,46.66,"1,286,100"
06-Nov-20,54.4,54.47,54.39,54.45,46.72,"1,473,100"
09-Nov-20,54.39,54.4,54.33,54.37,46.65,"1,214,700"
10-Nov-20,54.35,54.39,54.29,54.31,46.6,"1,461,900"
11-Nov-20,54.39,54.39,54.33,54.35,46.63,"915,700"
12-Nov-20,54.36,54.42,54.35,54.42,46.69,"861,100"
13-Nov-20,54.44,54.48,54.43,54.48,46.74,"917,400"
16-Nov-20,54.5,54.52,54.48,54.51,46.77,"1,016,900"
17-Nov-20,54.58,54.64,54.56,54.63,46.87,"1,235,400"
18-Nov-20,54.69,54.72,54.64,54.69,46.92,"1,134,400"
19-Nov-20,54.76,54.85,54.74,54.79,47.01,"1,020,300"
20-Nov-20,54.88,54.89,54.82,54.86,47.07,"1,031,900"
23-Nov-20,54.84,54.93,54.84,54.91,47.11,"787,900"
24-Nov-20,54.9,54.91,54.86,54.89,47.09,"1,075,800"
25-Nov-20,54.89,54.9,54.84,54.9,47.1,"1,187,500"
27-Nov-20,54.94,54.94,54.91,54.94,47.14,"650,600"
30-Nov-20,54.96,54.96,54.91,54.91,47.11,"797,000"
01-Dec-20,54.84,54.85,54.78,54.79,47.08,"1,124,500"
02-Dec-20,54.84,54.84,54.79,54.8,47.09,"1,026,500"
03-Dec-20,54.87,54.88,54.84,54.88,47.16,"1,208,000"
04-Dec-20,54.89,54.89,54.83,54.89,47.17,"1,248,900"
07-Dec-20,54.89,54.95,54.87,54.94,47.21,"810,600"
08-Dec-20,54.95,55.03,54.94,55.03,47.29,"1,051,500"
09-Dec-20,55.01,55.02,54.96,55.0,47.26,"1,128,700"
10-Dec-20,55.03,55.04,55.0,55.04,47.3,"886,100"
11-Dec-20,55.04,55.07,55.03,55.07,47.32,"1,002,800"
14-Dec-20,55.07,55.08,54.98,55.07,47.32,"731,500"
15-Dec-20,55.07,55.09,55.02,55.09,47.34,"779,300"
16-Dec-20,55.07,55.09,55.02,55.08,47.33,"1,398,400"
17-Dec-20,55.11,55.12,55.01,55.03,47.29,"1,264,800"
18-Dec-20,55.07,55.09,55.01,55.02,47.28,"1,285,100"
21-Dec-20,55.09,55.16,55.04,55.16,47.4,"1,007,200"
22-Dec-20,55.13,55.19,55.13,55.18,47.42,"1,236,400"
23-Dec-20,55.17,55.17,55.07,55.1,47.42,"1,631,300"
24-Dec-20,55.15,55.15,55.1,55.14,47.46,"693,600"
28-Dec-20,55.1,55.15,55.1,55.15,47.46,"1,251,400"
29-Dec-20,55.17,55.17,55.15,55.15,47.46,"970,800"
30-Dec-20,55.17,55.17,55.14,55.17,47.48,"1,448,500"
31-Dec-20,55.16,55.19,55.16,55.19,47.5,"1,218,500"
04-Jan-21,55.19,55.2,55.15,55.19,47.5,"1,619,500"
05-Jan-21,55.2,55.24,55.17,55.2,47.51,"1,850,900"
06-Jan-21,55.18,55.22,55.18,55.21,47.52,"2,726,100"
07-Jan-21,55.24,55.26,55.23,55.24,47.54,"2,971,900"
08-Jan-21,55.24,55.24,55.02,55.09,47.41,"1,402,900"
11-Jan-21,55.13,55.14,55.05,55.09,47.41,"1,308,300"
12-Jan-21,55.06,55.1,55.01,55.1,47.42,"1,302,100"
13-Jan-21,55.1,55.11,55.05,55.07,47.4,"916,700"
14-Jan-21,55.06,55.09,55.04,55.07,47.4,"1,113,300"
15-Jan-21,55.08,55.14,55.06,55.14,47.46,"941,000"
19-Jan-21,55.15,55.19,55.12,55.18,47.49,"1,451,000"
20-Jan-21,55.16,55.21,55.15,55.2,47.51,"1,318,700"
21-Jan-21,55.19,55.2,55.12,55.13,47.45,"1,341,200"
22-Jan-21,55.18,55.23,55.18,55.21,47.52,"1,609,600"
25-Jan-21,55.23,55.27,55.23,55.27,47.57,"1,169,700"
26-Jan-21,55.28,55.37,55.27,55.37,47.65,"1,430,000"
27-Jan-21,55.39,55.45,55.38,55.43,47.71,"1,054,000"
28-Jan-21,55.42,55.43,55.32,55.35,47.64,"1,087,900"
29-Jan-21,55.37,55.38,55.33,55.38,47.66,"1,023,100"
01-Feb-21,55.32,55.34,55.28,55.32,47.68,"1,307,500"
02-Feb-21,55.35,55.35,55.3,55.33,47.69,"1,108,300"
03-Feb-21,55.33,55.36,55.29,55.31,47.67,"1,240,200"
04-Feb-21,55.36,55.37,55.32,55.36,47.71,"1,448,500"
05-Feb-21,55.33,55.37,55.33,55.35,47.7,"1,178,300"
08-Feb-21,55.35,55.38,55.34,55.37,47.72,"1,413,400"
09-Feb-21,55.37,55.46,55.37,55.45,47.79,"1,398,500"
10-Feb-21,55.46,55.51,55.45,55.51,47.84,"1,813,100"
11-Feb-21,55.5,55.52,55.46,55.49,47.82,"1,253,200"
12-Feb-21,55.5,55.51,55.48,55.51,47.84,"1,028,400"
16-Feb-21,55.5,55.5,55.38,55.4,47.75,"1,505,500"
17-Feb-21,55.39,55.41,55.28,55.32,47.68,"1,519,900"
18-Feb-21,55.26,55.26,55.11,55.17,47.55,"1,152,700"
19-Feb-21,55.13,55.14,54.93,55.03,47.43,"2,207,500"
22-Feb-21,54.96,55.01,54.68,54.74,47.18,"1,665,800"
23-Feb-21,54.6,54.75,54.57,54.74,47.18,"1,592,400"
24-Feb-21,54.51,54.62,54.5,54.56,47.02,"3,632,800"
25-Feb-21,54.49,54.49,54.3,54.38,46.87,"2,638,900"
26-Feb-21,54.3,54.48,54.28,54.44,46.92,"1,426,800"
01-Mar-21,54.28,54.39,54.28,54.38,46.94,"1,343,400"
02-Mar-21,54.34,54.43,54.33,54.39,46.95,"1,473,200"
03-Mar-21,54.38,54.38,54.3,54.36,46.93,"1,392,300"
04-Mar-21,54.38,54.48,54.19,54.37,46.93,"1,739,800"
05-Mar-21,54.4,54.45,54.36,54.44,46.99,"1,019,300"
08-Mar-21,54.48,54.5,54.45,54.47,47.02,"843,200"
09-Mar-21,54.55,54.62,54.52,54.58,47.12,"1,458,100"
10-Mar-21,54.6,54.68,54.58,54.67,47.19,"1,179,800"
11-Mar-21,54.74,54.77,54.71,54.76,47.27,"1,372,100"
12-Mar-21,54.68,54.68,54.55,54.65,47.18,"1,427,700"
15-Mar-21,54.68,54.72,54.67,54.68,47.2,"860,600"
16-Mar-21,54.7,54.77,54.7,54.74,47.25,"995,200"
17-Mar-21,54.65,54.7,54.61,54.65,47.18,"1,132,100"
18-Mar-21,54.58,54.58,54.38,54.45,47.0,"1,283,300"
19-Mar-21,54.5,54.5,54.4,54.47,47.02,"1,105,700"
22-Mar-21,54.47,54.49,54.44,54.46,47.01,"1,455,100"
23-Mar-21,54.55,54.59,54.51,54.51,47.05,"1,447,100"
24-Mar-21,54.6,54.62,54.55,54.6,47.13,"1,361,600"
25-Mar-21,54.67,54.68,54.6,54.63,47.16,"831,200"
26-Mar-21,54.58,54.65,54.58,54.63,47.16,"796,100"
29-Mar-21,54.68,54.68,54.59,54.59,47.12,"875,500"
30-Mar-21,54.6,54.67,54.59,54.66,47.18,"798,300"
31-Mar-21,54.66,54.7,54.64,54.64,47.17,"1,015,000"
01-Apr-21,54.67,54.67,54.59,54.63,47.22,"1,013,500"
05-Apr-21,54.64,54.65,54.58,54.58,47.18,"1,569,900"
06-Apr-21,54.63,54.7,54.63,54.68,47.27,"1,172,000"
07-Apr-21,54.67,54.76,54.66,54.7,47.29,"1,183,900"
08-Apr-21,54.73,54.83,54.72,54.78,47.35,"990,300"
09-Apr-21,54.84,54.84,54.77,54.82,47.39,"827,900"
12-Apr-21,54.81,54.89,54.8,54.83,47.4,"1,005,700"
13-Apr-21,54.87,54.92,54.85,54.88,47.44,"966,900"
14-Apr-21,54.9,54.98,54.88,54.96,47.51,"1,327,200"
15-Apr-21,55.06,55.18,55.06,55.15,47.67,"1,506,000"
16-Apr-21,55.12,55.14,55.1,55.12,47.65,"1,051,100"
19-Apr-21,55.1,55.14,55.06,55.12,47.65,"1,074,700"
20-Apr-21,55.1,55.14,55.08,55.12,47.65,"1,151,300"
21-Apr-21,55.13,55.16,55.09,55.13,47.66,"821,300"
22-Apr-21,55.11,55.18,55.1,55.18,47.7,"973,000"
23-Apr-21,55.18,55.18,55.13,55.15,47.67,"1,388,300"
26-Apr-21,55.19,55.19,55.14,55.17,47.69,"1,048,300"
27-Apr-21,55.2,55.25,55.12,55.15,47.67,"6,505,500"
28-Apr-21,55.14,55.15,55.04,55.13,47.66,"1,400,000"
29-Apr-21,55.09,55.09,55.02,55.06,47.6,"1,382,900"
30-Apr-21,55.04,55.06,55.02,55.03,47.57,"921,400"
03-May-21,55.0,55.01,54.95,54.96,47.58,"1,578,200"
04-May-21,54.96,55.01,54.94,54.94,47.56,"1,480,600"
05-May-21,54.99,55.01,54.97,55.0,47.61,"1,572,800"
06-May-21,55.02,55.05,55.0,55.04,47.65,"1,144,500"
07-May-21,55.06,55.08,55.02,55.08,47.68,"1,355,800"
10-May-21,55.06,55.09,55.04,55.04,47.65,"1,155,300"
11-May-21,55.01,55.04,54.97,55.01,47.62,"1,181,600"
12-May-21,54.97,54.98,54.9,54.94,47.56,"1,471,300"
13-May-21,54.91,54.95,54.9,54.95,47.57,"897,600"
14-May-21,55.02,55.02,54.95,54.97,47.59,"948,300"
17-May-21,54.96,55.02,54.96,55.01,47.62,"1,003,900"
18-May-21,55.01,55.03,54.97,55.02,47.63,"1,079,000"
19-May-21,55.0,55.03,54.94,54.94,47.56,"1,049,700"
20-May-21,54.92,55.03,54.92,55.0,47.61,"1,351,900"
21-May-21,55.07,55.07,55.03,55.05,47.66,"1,065,900"
24-May-21,55.04,55.08,55.03,55.06,47.66,"831,900"
25-May-21,55.09,55.13,55.07,55.13,47.72,"1,001,100"
26-May-21,55.13,55.17,55.11,55.17,47.76,"1,145,100"
27-May-21,55.17,55.17,55.13,55.16,47.75,"770,000"
28-May-21,55.15,55.2,55.14,55.16,47.75,"656,000"
01-Jun-21,55.14,55.14,55.1,55.11,47.77,"1,066,100"
02-Jun-21,55.12,55.19,55.12,55.13,47.79,"1,303,800"
03-Jun-21,55.17,55.18,55.11,55.13,47.79,"1,396,700"
04-Jun-21,55.17,55.24,55.16,55.24,47.88,"1,215,700"
07-Jun-21,55.2,55.23,55.19,55.22,47.87,"2,255,500"
08-Jun-21,55.27,55.29,55.26,55.27,47.91,"1,155,900"
09-Jun-21,55.34,55.43,55.34,55.42,48.04,"1,121,000"
10-Jun-21,55.42,55.46,55.41,55.46,48.07,"1,576,200"
11-Jun-21,55.46,55.46,55.41,55.44,48.06,"982,300"
14-Jun-21,55.45,55.46,55.42,55.43,48.05,"1,160,900"
15-Jun-21,55.43,55.45,55.38,55.42,48.04,"1,205,200"
16-Jun-21,55.41,55.41,55.26,55.28,47.92,"1,055,900"
17-Jun-21,55.28,55.35,55.26,55.34,47.97,"2,049,200"
18-Jun-21,55.33,55.35,55.27,55.3,47.94,"1,173,800"
21-Jun-21,55.3,55.3,55.23,55.24,47.88,"987,600"
22-Jun-21,55.31,55.31,55.21,55.27,47.91,"1,032,000"
23-Jun-21,55.25,55.26,55.14,55.19,47.84,"1,284,700"
24-Jun-21,55.15,55.2,55.15,55.18,47.83,"862,600"
25-Jun-21,55.17,55.2,55.15,55.17,47.82,"1,180,400"
28-Jun-21,55.24,55.25,55.22,55.22,47.87,"1,311,000"
29-Jun-21,55.23,55.26,55.22,55.23,47.88,"1,286,100"
30-Jun-21,55.27,55.31,55.26,55.3,47.94,"1,288,400"
01-Jul-21,55.22,55.23,55.18,55.23,47.94,"1,429,700"
02-Jul-21,55.25,55.28,55.23,55.27,47.98,"980,700"
06-Jul-21,55.3,55.34,55.29,55.32,48.02,"1,102,200"
07-Jul-21,55.41,55.43,55.37,55.42,48.11,"1,166,100"
08-Jul-21,55.5,55.52,55.47,55.48,48.16,"1,111,100"
09-Jul-21,55.44,55.46,55.44,55.45,48.13,"953,600"
12-Jul-21,55.51,55.51,55.43,55.48,48.16,"1,010,800"
13-Jul-21,55.53,55.53,55.42,55.46,48.14,"1,050,900"
14-Jul-21,55.46,55.51,55.46,55.5,48.17,"754,100"
15-Jul-21,55.51,55.52,55.49,55.52,48.19,"906,200"
16-Jul-21,55.51,55.54,55.5,55.53,48.2,"989,600"
19-Jul-21,55.62,55.64,55.58,55.58,48.24,"1,379,100"
20-Jul-21,55.67,55.68,55.54,55.58,48.24,"987,800"
21-Jul-21,55.6,55.6,55.51,55.53,48.2,"1,169,400"
22-Jul-21,55.56,55.59,55.52,55.59,48.25,"1,359,500"
23-Jul-21,55.55,55.55,55.5,55.52,48.19,"1,458,800"
26-Jul-21,55.55,55.58,55.54,55.57,48.24,"1,287,800"
27-Jul-21,55.58,55.61,55.56,55.58,48.24,"1,236,700"
28-Jul-21,55.54,55.58,55.51,55.53,48.2,"1,516,200"
29-Jul-21,55.54,55.54,55.5,55.5,48.17,"822,400"
30-Jul-21,55.51,55.53,55.47,55.5,48.17,"1,031,900"
02-Aug-21,55.42,55.49,55.4,55.47,48.21,"1,294,400"
03-Aug-21,55.49,55.5,55.47,55.49,48.23,"861,400"
04-Aug-21,55.49,55.5,55.42,55.46,48.2,"1,405,400"
05-Aug-21,55.5,55.5,55.47,55.47,48.21,"1,171,500"
06-Aug-21,55.38,55.45,55.38,55.39,48.14,"1,112,000"
09-Aug-21,55.42,55.43,55.35,55.38,48.13,"960,800"
10-Aug-21,55.43,55.43,55.35,55.35,48.11,"948,100"
11-Aug-21,55.35,55.36,55.3,55.3,48.06,"1,068,900"
12-Aug-21,55.32,55.32,55.24,55.24,48.01,"1,707,900"
13-Aug-21,55.3,55.32,55.27,55.27,48.04,"1,218,200"
16-Aug-21,55.3,55.32,55.27,55.27,48.04,"1,782,300"
17-Aug-21,55.3,55.3,55.27,55.3,48.06,"1,058,600"
18-Aug-21,55.3,55.31,55.26,55.3,48.06,"1,110,000"
19-Aug-21,55.3,55.3,55.27,55.27,48.04,"1,053,600"
20-Aug-21,55.3,55.3,55.24,55.24,48.01,"885,100"
23-Aug-21,55.28,55.3,55.26,55.26,48.03,"1,157,500"
24-Aug-21,55.26,55.3,55.25,55.25,48.02,"1,127,700"
25-Aug-21,55.27,55.29,55.22,55.22,47.99,"799,700"
26-Aug-21,55.23,55.25,55.2,55.23,48.0,"1,150,300"
27-Aug-21,55.23,55.27,55.22,55.23,48.0,"1,020,000"
30-Aug-21,55.27,55.27,55.2,55.2,47.98,"1,120,900"
31-Aug-21,55.25,55.27,55.21,55.21,47.99,"1,182,100"
01-Sep-21,55.18,55.2,55.13,55.2,48.04,"1,618,600"
02-Sep-21,55.15,55.18,55.15,55.18,48.02,"1,809,400"
03-Sep-21,55.12,55.15,55.1,55.14,47.99,"963,100"
07-Sep-21,55.09,55.11,55.0,55.02,47.88,"1,884,400"
08-Sep-21,55.04,55.18,55.02,55.18,48.02,"2,190,500"
09-Sep-21,55.19,55.22,55.15,55.19,48.03,"1,901,600"
10-Sep-21,55.19,55.2,55.12,55.15,48.0,"1,003,000"
13-Sep-21,55.14,55.16,55.14,55.16,48.0,"1,089,300"
14-Sep-21,55.15,55.19,55.14,55.15,48.0,"1,106,000"
15-Sep-21,55.2,55.2,55.14,55.17,48.01,"821,700"
16-Sep-21,55.12,55.16,55.11,55.11,47.96,"979,800"
17-Sep-21,55.12,55.16,55.1,55.15,48.0,"993,700"
20-Sep-21,55.23,55.23,55.18,55.19,48.03,"1,439,500"
21-Sep-21,55.2,55.22,55.18,55.2,48.04,"1,051,700"
22-Sep-21,55.21,55.21,55.15,55.15,48.0,"984,200"
23-Sep-21,55.1,55.13,55.04,55.08,47.93,"1,591,400"
24-Sep-21,55.07,55.07,55.02,55.02,47.88,"1,129,500"
27-Sep-21,55.0,55.03,54.98,54.99,47.86,"1,447,600"
28-Sep-21,54.92,54.95,54.84,54.87,47.75,"3,064,000"
29-Sep-21,54.89,54.89,54.81,54.81,47.7,"2,497,200"
30-Sep-21,54.81,54.84,54.76,54.77,47.67,"1,935,800"
01-Oct-21,54.71,54.75,54.7,54.72,47.69,"2,563,700"
04-Oct-21,54.72,54.73,54.67,54.68,47.65,"1,809,500"
05-Oct-21,54.69,54.73,54.66,54.7,47.67,"1,388,100"
06-Oct-21,54.69,54.7,54.65,54.69,47.66,"1,936,800"
07-Oct-21,54.65,54.66,54.61,54.64,47.62,"1,521,500"
08-Oct-21,54.64,54.65,54.6,54.62,47.6,"1,121,200"
11-Oct-21,54.58,54.58,54.54,54.55,47.54,"1,059,500"
12-Oct-21,54.67,54.69,54.6,54.67,47.64,"1,174,300"
13-Oct-21,54.67,54.69,54.62,54.66,47.63,"1,565,800"
14-Oct-21,54.67,54.68,54.65,54.66,47.63,"1,215,100"
15-Oct-21,54.67,54.69,54.61,54.65,47.63,"975,000"
18-Oct-21,54.64,54.7,54.64,54.69,47.66,"1,086,000"
19-Oct-21,54.67,54.7,54.63,54.65,47.63,"1,269,100"
20-Oct-21,54.65,54.65,54.6,54.62,47.6,"2,112,200"
21-Oct-21,54.61,54.61,54.45,54.5,47.5,"2,504,500"
22-Oct-21,54.52,54.56,54.49,54.55,47.54,"2,267,800"
25-Oct-21,54.55,54.55,54.5,54.53,47.52,"1,130,100"
26-Oct-21,54.49,54.52,54.48,54.51,47.5,"1,995,000"
27-Oct-21,54.59,54.64,54.57,54.63,47.61,"1,506,500"
28-Oct-21,54.62,54.64,54.59,54.61,47.59,"1,016,400"
29-Oct-21,54.64,54.69,54.62,54.69,47.66,"1,123,800"
01-Nov-21,54.55,54.57,54.52,54.55,47.6,"1,423,900"
02-Nov-21,54.57,54.62,54.57,54.6,47.65,"1,438,700"
03-Nov-21,54.61,54.66,54.6,54.65,47.69,"1,235,800"
04-Nov-21,54.68,54.74,54.67,54.72,47.75,"2,108,400"
05-Nov-21,54.73,54.85,54.73,54.81,47.83,"1,839,500"
08-Nov-21,54.81,54.81,54.77,54.8,47.82,"1,140,700"
09-Nov-21,54.91,54.94,54.85,54.91,47.92,"1,588,800"
10-Nov-21,54.93,54.94,54.84,54.86,47.87,"1,091,600"
11-Nov-21,54.87,54.89,54.81,54.81,47.83,"977,400"
12-Nov-21,54.89,54.89,54.82,54.82,47.84,"1,400,200"
15-Nov-21,54.87,54.87,54.78,54.79,47.81,"1,470,700"
16-Nov-21,54.8,54.83,54.74,54.76,47.78,"2,080,300"
17-Nov-21,54.79,54.79,54.72,54.76,47.78,"1,323,900"
18-Nov-21,54.74,54.81,54.73,54.79,47.81,"1,096,700"
19-Nov-21,54.81,54.9,54.81,54.86,47.87,"1,920,900"
22-Nov-21,54.86,54.87,54.8,54.83,47.85,"1,632,400"
23-Nov-21,54.85,54.85,54.79,54.8,47.82,"1,279,800"
24-Nov-21,54.79,54.83,54.77,54.81,47.83,"1,407,800"
26-Nov-21,54.87,54.97,54.87,54.93,47.93,"807,900"
29-Nov-21,54.9,54.96,54.89,54.94,47.94,"1,441,200"
30-Nov-21,55.0,55.07,54.96,55.03,48.02,"2,342,700"
01-Dec-21,54.95,54.99,54.9,54.97,48.03,"1,448,600"
02-Dec-21,54.95,54.95,54.9,54.92,47.99,"1,820,300"
03-Dec-21,54.95,55.0,54.92,54.98,48.04,"2,595,200"
06-Dec-21,54.99,55.0,54.91,54.92,47.99,"1,247,400"
07-Dec-21,54.92,54.95,54.89,54.9,47.97,"1,039,600"
08-Dec-21,54.93,54.93,54.87,54.89,47.96,"1,670,700"
09-Dec-21,54.91,54.93,54.89,54.9,47.97,"1,136,400"
10-Dec-21,54.97,54.97,54.92,54.94,48.01,"1,488,600"
13-Dec-21,54.97,54.99,54.96,54.96,48.02,"1,702,500"
14-Dec-21,54.97,55.0,54.95,54.99,48.05,"2,110,700"
15-Dec-21,54.96,54.98,54.94,54.96,48.02,"1,025,300"
16-Dec-21,55.01,55.01,54.98,55.0,48.06,"1,482,600"
17-Dec-21,54.98,55.03,54.98,54.99,48.05,"1,439,300"
20-Dec-21,54.96,55.03,54.96,54.98,48.04,"1,596,200"
21-Dec-21,55.01,55.01,54.95,54.98,48.04,"1,327,600"
22-Dec-21,54.93,55.03,54.93,55.02,48.08,"1,373,300"
23-Dec-21,54.97,54.99,54.92,54.97,48.09,"1,704,400"
27-Dec-21,54.96,54.97,54.93,54.96,48.08,"2,206,600"
28-Dec-21,54.96,54.98,54.93,54.97,48.09,"1,612,200"
29-Dec-21,54.96,54.96,54.93,54.94,48.07,"1,445,900"
30-Dec-21,54.94,54.95,54.91,54.93,48.06,"1,641,500"
31-Dec-21,54.97,54.97,54.91,54.91,48.04,"1,147,000"
03-Jan-22,54.92,54.92,54.87,54.88,48.01,"1,777,000"
04-Jan-22,54.89,54.94,54.86,54.88,48.01,"2,498,800"
05-Jan-22,54.9,54.9,54.78,54.81,47.95,"2,086,700"
06-Jan-22,54.77,54.79,54.71,54.75,47.9,"2,308,600"
07-Jan-22,54.72,54.72,54.59,54.62,47.79,"2,997,300"
10-Jan-22,54.63,54.63,54.49,54.51,47.69,"2,853,700"
11-Jan-22,54.47,54.51,54.45,54.5,47.68,"4,553,200"
12-Jan-22,54.49,54.51,54.46,54.47,47.66,"3,600,900"
13-Jan-22,54.48,54.51,54.46,54.49,47.67,"2,230,900"
14-Jan-22,54.47,54.49,54.4,54.4,47.6,"2,160,300"
18-Jan-22,54.35,54.39,54.26,54.26,47.47,"4,644,100"
19-Jan-22,54.28,54.34,54.24,54.26,47.47,"4,161,000"
20-Jan-22,54.29,54.3,54.19,54.22,47.44,"3,173,200"
21-Jan-22,54.2,54.22,54.09,54.1,47.33,"4,867,300"
24-Jan-22,54.14,54.16,54.03,54.05,47.29,"5,763,000"
25-Jan-22,54.04,54.06,53.94,53.95,47.2,"4,036,600"
26-Jan-22,53.95,53.95,53.66,53.74,47.02,"5,171,500"
27-Jan-22,53.74,53.83,53.63,53.73,47.01,"6,396,500"
28-Jan-22,53.68,53.7,53.5,53.57,46.87,"6,746,900"
31-Jan-22,53.5,53.54,53.41,53.5,46.81,"3,823,800"
01-Feb-22,53.48,53.58,53.46,53.55,46.91,"3,080,400"
02-Feb-22,53.65,53.68,53.59,53.68,47.03,"3,011,400"
03-Feb-22,53.65,53.74,53.63,53.73,47.07,"3,458,400"
04-Feb-22,53.71,53.78,53.57,53.68,47.03,"5,108,700"
07-Feb-22,53.67,53.7,53.61,53.66,47.01,"4,184,300"
08-Feb-22,53.61,53.63,53.5,53.59,46.95,"3,191,500"
09-Feb-22,53.55,53.58,53.51,53.51,46.88,"2,800,200"
10-Feb-22,53.47,53.47,53.25,53.27,46.67,"3,532,900"
11-Feb-22,53.29,53.29,53.07,53.2,46.61,"5,333,500"
14-Feb-22,53.13,53.15,53.04,53.07,46.49,"4,234,000"
15-Feb-22,53.05,53.07,52.95,52.97,46.4,"3,432,900"
16-Feb-22,52.98,53.01,52.87,53.0,46.43,"6,337,800"
17-Feb-22,52.99,53.08,52.99,53.06,46.48,"4,964,300"
18-Feb-22,53.1,53.11,53.07,53.09,46.51,"5,241,300"
22-Feb-22,53.1,53.15,53.08,53.14,46.55,"5,768,500"
23-Feb-22,53.12,53.17,53.07,53.09,46.51,"3,220,600"
24-Feb-22,53.26,53.31,53.15,53.15,46.56,"5,587,400"
25-Feb-22,53.28,53.28,53.09,53.18,46.59,"2,843,700"
28-Feb-22,53.22,53.26,53.2,53.24,46.64,"4,074,300"
01-Mar-22,53.17,53.28,53.17,53.25,46.72,"4,204,700"
02-Mar-22,53.24,53.27,53.13,53.13,46.61,"3,900,100"
03-Mar-22,53.15,53.15,53.01,53.06,46.55,"3,798,500"
04-Mar-22,53.05,53.05,52.97,53.01,46.51,"4,226,000"
07-Mar-22,52.96,52.98,52.9,52.91,46.42,"4,763,900"
08-Mar-22,52.77,52.8,52.66,52.76,46.29,"5,886,600"
09-Mar-22,52.7,52.73,52.66,52.69,46.23,"3,536,400"
10-Mar-22,52.68,52.69,52.53,52.59,46.14,"4,759,200"
11-Mar-22,52.56,52.57,52.4,52.4,45.97,"4,792,000"
14-Mar-22,52.3,52.33,52.1,52.2,45.8,"7,789,200"
15-Mar-22,52.06,52.2,52.01,52.07,45.68,"6,809,200"
16-Mar-22,52.07,52.15,51.93,52.08,45.69,"4,272,800"
17-Mar-22,52.19,52.24,52.12,52.13,45.74,"5,169,800"
18-Mar-22,52.22,52.22,52.16,52.19,45.79,"5,715,900"
21-Mar-22,52.14,52.14,51.93,51.98,45.61,"4,818,500"
22-Mar-22,51.95,52.01,51.88,51.89,45.53,"5,005,300"
23-Mar-22,51.87,51.91,51.75,51.83,45.47,"8,163,000"
24-Mar-22,51.75,51.77,51.66,51.67,45.33,"4,605,800"
25-Mar-22,51.6,51.62,51.48,51.5,45.18,"9,388,400"
28-Mar-22,51.54,51.56,51.39,51.45,45.14,"6,241,800"
29-Mar-22,51.46,51.53,51.41,51.44,45.13,"5,814,000"
30-Mar-22,51.42,51.56,51.39,51.52,45.2,"5,432,000"
31-Mar-22,51.51,51.64,51.51,51.55,45.23,"7,006,100"
01-Apr-22,51.49,51.52,51.42,51.49,45.24,"4,525,200"
04-Apr-22,51.49,51.63,51.48,51.51,45.25,"6,259,300"
05-Apr-22,51.54,51.54,51.35,51.43,45.18,"4,252,300"
06-Apr-22,51.3,51.33,51.18,51.25,45.02,"6,436,500"
07-Apr-22,51.23,51.23,51.06,51.14,44.93,"5,864,000"
08-Apr-22,51.04,51.12,51.01,51.1,44.89,"7,364,100"
11-Apr-22,51.08,51.09,50.88,50.91,44.73,"8,767,300"
12-Apr-22,50.97,50.98,50.82,50.85,44.67,"5,859,000"
13-Apr-22,50.85,50.92,50.8,50.85,44.67,"6,017,600"
14-Apr-22,50.83,50.83,50.65,50.68,44.52,"7,099,200"
18-Apr-22,50.69,50.74,50.6,50.65,44.5,"11,547,200"
19-Apr-22,50.56,50.56,50.3,50.34,44.23,"10,040,000"
20-Apr-22,50.38,50.55,50.34,50.43,44.3,"6,116,800"
21-Apr-22,50.46,50.46,50.24,50.26,44.16,"11,036,700"
22-Apr-22,50.3,50.36,50.23,50.26,44.16,"8,371,500"
25-Apr-22,50.31,50.43,50.22,50.25,44.15,"11,628,800"
26-Apr-22,50.37,50.37,50.08,50.2,44.1,"7,714,000"
27-Apr-22,50.18,50.25,50.11,50.2,44.1,"8,327,800"
28-Apr-22,50.15,50.19,50.09,50.16,44.07,"8,065,900"
29-Apr-22,50.14,50.16,50.05,50.08,44.0,"5,909,600"
02-May-22,49.97,50.01,49.89,49.94,43.94,"9,709,800"
03-May-22,50.03,50.06,49.88,49.91,43.91,"9,336,800"
04-May-22,49.95,49.95,49.79,49.91,43.91,"14,400,000"
05-May-22,49.86,49.87,49.64,49.77,43.79,"18,555,300"
06-May-22,49.68,49.73,49.6,49.66,43.69,"10,390,400"
09-May-22,49.65,49.66,49.5,49.51,43.56,"10,375,600"
10-May-22,49.58,49.61,49.44,49.47,43.52,"9,098,600"
11-May-22,49.47,49.51,49.37,49.47,43.52,"12,766,400"
12-May-22,49.52,49.57,49.43,49.44,43.5,"10,646,400"
13-May-22,49.35,49.35,49.27,49.28,43.35,"7,318,000"
16-May-22,49.34,49.39,49.32,49.32,43.39,"7,125,300"
17-May-22,49.24,49.28,49.16,49.18,43.27,"7,806,100"
18-May-22,49.15,49.22,49.09,49.13,43.22,"5,959,500"
19-May-22,49.27,49.34,49.19,49.25,43.33,"11,051,600"
20-May-22,49.35,49.55,49.32,49.49,43.54,"7,664,500"
23-May-22,49.48,49.69,49.48,49.68,43.71,"11,917,000"
24-May-22,49.84,50.09,49.84,50.0,43.99,"6,404,600"
25-May-22,50.3,50.39,50.24,50.31,44.26,"6,493,300"
26-May-22,50.47,50.6,50.44,50.59,44.51,"14,589,100"
27-May-22,50.74,50.93,50.74,50.8,44.69,"3,508,900"
31-May-22,50.88,50.88,50.74,50.83,44.72,"7,447,000"
01-Jun-22,50.83,50.83,50.65,50.73,44.7,"6,023,400"
02-Jun-22,50.89,50.91,50.8,50.84,44.79,"9,374,700"
03-Jun-22,50.81,50.92,50.7,50.85,44.8,"4,718,000"
06-Jun-22,50.92,50.92,50.73,50.75,44.71,"9,491,900"
07-Jun-22,50.74,50.82,50.64,50.64,44.62,"9,683,000"
08-Jun-22,50.69,50.69,50.5,50.56,44.55,"4,562,400"
09-Jun-22,50.48,50.48,50.35,50.37,44.38,"6,536,600"
10-Jun-22,50.21,50.21,50.06,50.12,44.16,"10,740,900"
13-Jun-22,49.7,49.8,49.07,49.49,43.6,"22,327,700"
14-Jun-22,49.42,49.53,49.32,49.38,43.51,"10,485,000"
15-Jun-22,49.48,49.64,49.26,49.43,43.55,"10,877,700"
16-Jun-22,49.24,49.43,49.14,49.36,43.49,"11,662,900"
17-Jun-22,49.36,49.48,49.2,49.38,43.51,"8,865,200"
21-Jun-22,49.37,49.39,49.21,49.25,43.39,"6,910,500"
22-Jun-22,49.43,49.55,49.39,49.48,43.6,"7,043,100"
23-Jun-22,49.66,49.76,49.51,49.61,43.71,"5,316,800"
24-Jun-22,49.66,49.71,49.58,49.66,43.75,"5,690,200"
27-Jun-22,49.61,49.72,49.57,49.62,43.72,"7,870,800"
28-Jun-22,49.65,49.67,49.56,49.64,43.74,"6,592,600"
29-Jun-22,49.68,49.86,49.63,49.77,43.85,"4,723,600"
30-Jun-22,50.03,50.03,49.88,49.92,43.98,"4,884,400"
01-Jul-22,50.06,50.2,50.02,50.08,44.2,"3,009,800"
05-Jul-22,50.19,50.22,50.14,50.18,44.28,"3,856,300"
06-Jul-22,50.44,50.45,50.18,50.25,44.35,"4,688,100"
07-Jul-22,50.35,50.36,50.17,50.25,44.35,"4,237,600"
08-Jul-22,50.28,50.28,50.16,50.18,44.28,"3,190,900"
11-Jul-22,50.36,50.43,50.32,50.39,44.47,"4,536,900"
12-Jul-22,50.5,50.53,50.29,50.31,44.4,"5,408,400"
13-Jul-22,50.27,50.43,50.2,50.41,44.49,"9,847,200"
14-Jul-22,50.33,50.44,50.23,50.42,44.5,"6,163,000"
15-Jul-22,50.41,50.55,50.39,50.49,44.56,"4,530,900"
18-Jul-22,50.51,50.52,50.38,50.39,44.47,"3,708,300"
19-Jul-22,50.44,50.5,50.4,50.42,44.5,"3,749,500"
20-Jul-22,50.58,50.59,50.45,50.47,44.54,"2,989,700"
21-Jul-22,50.51,50.58,50.47,50.56,44.62,"5,323,200"
22-Jul-22,50.72,50.79,50.65,50.75,44.79,"4,165,100"
25-Jul-22,50.6,50.66,50.52,50.59,44.65,"4,283,600"
26-Jul-22,50.74,50.79,50.68,50.7,44.74,"3,180,200"
27-Jul-22,50.77,50.87,50.76,50.8,44.83,"3,024,300"
28-Jul-22,50.95,51.11,50.91,51.07,45.07,"4,156,500"
29-Jul-22,51.05,51.12,51.04,51.1,45.1,"2,726,300"
01-Aug-22,51.07,51.08,51.01,51.05,45.13,"3,151,200"
02-Aug-22,51.16,51.23,51.04,51.06,45.14,"2,902,200"
03-Aug-22,51.08,51.18,50.95,51.14,45.21,"3,603,200"
04-Aug-22,51.17,51.17,51.1,51.12,45.19,"3,058,700"
05-Aug-22,50.97,50.97,50.76,50.77,44.88,"5,196,300"
08-Aug-22,50.9,50.97,50.81,50.85,44.95,"3,017,200"
09-Aug-22,50.84,50.91,50.81,50.9,45.0,"2,049,500"
10-Aug-22,50.99,51.05,50.9,50.91,45.01,"2,684,000"
11-Aug-22,50.97,50.99,50.7,50.77,44.88,"5,803,400"
12-Aug-22,50.96,50.97,50.82,50.89,44.99,"3,221,700"
15-Aug-22,50.97,50.99,50.91,50.92,45.01,"2,758,600"
16-Aug-22,50.89,50.93,50.81,50.84,44.94,"2,864,400"
17-Aug-22,50.72,50.73,50.42,50.62,44.75,"4,341,800"
18-Aug-22,50.56,50.61,50.49,50.52,44.66,"3,360,000"
19-Aug-22,50.38,50.38,50.26,50.34,44.5,"3,631,900"
22-Aug-22,50.27,50.3,50.21,50.25,44.42,"2,559,200"
23-Aug-22,50.22,50.27,50.17,50.2,44.38,"3,130,800"
24-Aug-22,50.2,50.2,50.02,50.08,44.27,"2,413,500"
25-Aug-22,50.11,50.16,50.05,50.09,44.28,"5,372,500"
26-Aug-22,50.03,50.05,49.95,49.96,44.17,"3,263,600"
29-Aug-22,49.95,49.96,49.82,49.84,44.06,"2,875,000"
30-Aug-22,49.81,49.88,49.76,49.81,44.03,"3,930,200"
31-Aug-22,49.76,49.81,49.72,49.73,43.96,"2,826,900"
01-Sep-22,49.46,49.49,49.35,49.44,43.79,"6,398,800"
02-Sep-22,49.56,49.62,49.49,49.56,43.89,"4,484,900"
06-Sep-22,49.46,49.58,49.29,49.33,43.69,"6,872,400"
07-Sep-22,49.31,49.39,49.29,49.36,43.72,"6,024,900"
08-Sep-22,49.29,49.38,49.29,49.32,43.68,"4,133,500"
09-Sep-22,49.32,49.44,49.29,49.37,43.73,"7,566,000"
12-Sep-22,49.49,49.52,49.35,49.41,43.76,"6,098,300"
13-Sep-22,49.32,49.35,49.2,49.24,43.61,"5,752,000"
14-Sep-22,49.16,49.23,49.12,49.18,43.56,"8,527,900"
15-Sep-22,49.18,49.2,49.09,49.11,43.5,"4,117,400"
16-Sep-22,49.09,49.15,49.04,49.11,43.5,"6,744,200"
19-Sep-22,49.07,49.1,48.98,49.04,43.43,"8,215,800"
20-Sep-22,48.9,48.91,48.73,48.74,43.17,"15,041,900"
21-Sep-22,48.74,48.83,48.66,48.71,43.14,"6,819,000"
22-Sep-22,48.7,48.73,48.55,48.57,43.02,"13,916,200"
23-Sep-22,48.55,48.59,48.33,48.49,42.95,"11,721,700"
26-Sep-22,48.39,48.39,48.17,48.2,42.69,"9,847,400"
27-Sep-22,48.11,48.14,47.99,48.11,42.61,"8,437,800"
28-Sep-22,48.17,48.21,48.04,48.21,42.7,"9,392,400"
29-Sep-22,48.15,48.15,48.03,48.11,42.61,"9,363,200"
30-Sep-22,48.09,48.14,48.01,48.14,42.64,"8,333,100"
03-Oct-22,48.1,48.21,48.06,48.21,42.79,"10,235,200"
04-Oct-22,48.45,48.59,48.36,48.58,43.11,"7,879,000"
05-Oct-22,48.51,48.56,48.32,48.56,43.1,"12,258,700"
06-Oct-22,48.51,48.56,48.4,48.54,43.08,"15,626,100"
07-Oct-22,48.52,48.68,48.42,48.68,43.2,"18,263,800"
10-Oct-22,48.55,48.56,48.38,48.51,43.05,"6,645,200"
11-Oct-22,48.47,48.63,48.42,48.57,43.1,"14,391,800"
12-Oct-22,48.71,48.71,48.51,48.56,43.1,"9,295,400"
13-Oct-22,48.22,48.46,48.16,48.41,42.96,"9,804,500"
14-Oct-22,48.55,48.55,48.34,48.46,43.01,"8,990,600"
17-Oct-22,48.6,48.61,48.42,48.44,42.99,"13,672,600"
18-Oct-22,48.55,48.57,48.42,48.48,43.03,"8,006,000"
19-Oct-22,48.32,48.39,48.27,48.32,42.88,"8,105,300"
20-Oct-22,48.25,48.27,48.02,48.03,42.63,"12,829,500"
21-Oct-22,48.0,48.01,47.79,47.91,42.52,"15,248,900"
24-Oct-22,47.79,47.82,47.54,47.61,42.25,"15,388,500"
25-Oct-22,47.67,47.74,47.47,47.5,42.16,"12,284,800"
26-Oct-22,47.49,47.6,47.38,47.53,42.18,"12,457,100"
27-Oct-22,47.5,47.64,47.5,47.62,42.26,"10,743,200"
28-Oct-22,47.52,47.63,47.49,47.63,42.27,"9,803,100"
31-Oct-22,47.64,47.66,47.45,47.53,42.18,"9,896,800"
01-Nov-22,47.66,47.68,47.53,47.63,42.35,"10,666,700"
02-Nov-22,47.66,47.86,47.62,47.76,42.47,"18,316,400"
03-Nov-22,47.56,47.72,47.53,47.68,42.4,"14,338,000"
04-Nov-22,47.63,47.71,47.56,47.69,42.41,"6,903,900"
07-Nov-22,47.67,47.71,47.58,47.61,42.34,"13,120,500"
08-Nov-22,47.7,47.83,47.69,47.81,42.51,"7,951,000"
09-Nov-22,47.83,47.91,47.78,47.89,42.58,"12,664,900"
10-Nov-22,48.32,48.56,48.27,48.51,43.14,"7,394,200"
11-Nov-22,48.54,48.6,48.49,48.55,43.17,"7,395,700"
14-Nov-22,48.63,48.63,48.43,48.45,43.08,"7,437,500"
15-Nov-22,48.59,48.72,48.56,48.7,43.3,"7,915,400"
16-Nov-22,48.87,49.1,48.86,49.08,43.64,"10,420,300"
17-Nov-22,49.14,49.21,49.07,49.15,43.71,"6,743,600"
18-Nov-22,49.2,49.22,49.12,49.22,43.77,"7,070,000"
21-Nov-22,49.27,49.29,49.17,49.25,43.79,"10,019,800"
22-Nov-22,49.32,49.46,49.27,49.41,43.94,"5,721,200"
23-Nov-22,49.49,49.58,49.43,49.58,44.09,"5,029,800"
25-Nov-22,49.53,49.57,49.49,49.51,44.03,"1,906,100"
28-Nov-22,49.49,49.55,49.48,49.54,44.05,"7,212,100"
29-Nov-22,49.55,49.68,49.51,49.65,44.15,"6,318,300"
30-Nov-22,49.71,49.87,49.65,49.84,44.32,"7,273,500"
01-Dec-22,49.8,49.92,49.75,49.91,44.48,"7,102,700"
02-Dec-22,49.88,49.91,49.77,49.9,44.47,"6,128,100"
05-Dec-22,49.83,49.9,49.78,49.83,44.41,"6,946,700"
06-Dec-22,49.96,49.96,49.86,49.87,44.44,"6,549,200"
07-Dec-22,49.93,50.07,49.92,50.06,44.61,"6,412,600"
08-Dec-22,50.07,50.07,49.96,49.98,44.54,"10,646,900"
09-Dec-22,49.93,49.98,49.84,49.88,44.45,"5,169,900"
12-Dec-22,49.91,50.0,49.83,49.85,44.42,"6,530,000"
13-Dec-22,50.37,50.37,50.01,50.02,44.57,"11,414,900"
14-Dec-22,50.03,50.09,49.91,50.02,44.57,"5,818,200"
15-Dec-22,50.09,50.12,49.97,50.01,44.57,"6,274,000"
16-Dec-22,49.9,50.0,49.75,49.98,44.54,"9,910,200"
19-Dec-22,49.82,49.92,49.76,49.86,44.43,"10,419,800"
20-Dec-22,49.71,49.77,49.64,49.67,44.26,"5,622,100"
21-Dec-22,49.67,49.73,49.57,49.72,44.31,"7,188,500"
22-Dec-22,49.7,49.8,49.7,49.74,44.32,"5,195,900"
23-Dec-22,49.6,49.61,49.47,49.59,44.29,"5,630,300"
27-Dec-22,49.47,49.51,49.37,49.47,44.18,"8,090,500"
28-Dec-22,49.51,49.54,49.42,49.45,44.17,"8,267,400"
29-Dec-22,49.48,49.54,49.43,49.51,44.22,"6,586,100"
30-Dec-22,49.41,49.55,49.41,49.49,44.2,"6,654,800"
03-Jan-23,49.64,49.68,49.57,49.62,44.32,"6,181,200"
04-Jan-23,49.81,49.88,49.8,49.84,44.51,"3,729,400"
05-Jan-23,49.8,49.89,49.72,49.78,44.46,"5,064,300"
06-Jan-23,49.84,50.07,49.8,50.05,44.7,"3,113,700"
09-Jan-23,50.12,50.25,50.11,50.21,44.84,"6,016,000"
10-Jan-23,50.23,50.26,50.13,50.23,44.86,"2,679,700"
11-Jan-23,50.28,50.39,50.27,50.33,44.95,"4,736,000"
12-Jan-23,50.52,50.57,50.42,50.55,45.15,"3,642,400"
13-Jan-23,50.58,50.61,50.48,50.5,45.1,"3,894,200"
17-Jan-23,50.56,50.61,50.5,50.54,45.14,"3,900,300"
18-Jan-23,50.83,50.87,50.74,50.79,45.36,"6,541,800"
19-Jan-23,50.8,50.88,50.8,50.84,45.41,"2,921,700"
20-Jan-23,50.8,50.83,50.76,50.76,45.34,"3,913,900"
23-Jan-23,50.75,50.8,50.7,50.7,45.28,"3,301,000"
24-Jan-23,50.75,51.0,50.66,50.8,45.37,"2,617,400"
25-Jan-23,50.82,50.86,50.76,50.85,45.42,"2,540,800"
26-Jan-23,50.82,51.1,50.8,50.8,45.37,"2,585,800"
27-Jan-23,50.79,50.81,50.73,50.76,45.34,"3,243,800"
30-Jan-23,50.86,50.86,50.77,50.77,45.34,"2,932,300"
31-Jan-23,50.89,50.89,50.79,50.82,45.39,"2,453,500"
01-Feb-23,50.82,50.96,50.76,50.91,45.57,"3,470,900"
02-Feb-23,51.03,51.11,50.99,51.02,45.67,"3,542,400"
03-Feb-23,50.91,50.91,50.79,50.8,45.47,"3,538,000"
06-Feb-23,50.71,50.71,50.59,50.59,45.28,"4,308,100"
07-Feb-23,50.62,50.63,50.51,50.56,45.26,"3,536,300"
08-Feb-23,50.59,50.61,50.52,50.58,45.27,"1,828,800"
09-Feb-23,50.59,50.62,50.52,50.56,45.26,"2,925,300"
10-Feb-23,50.57,50.6,50.43,50.44,45.15,"1,992,000"
13-Feb-23,50.49,50.54,50.42,50.47,45.18,"4,180,400"
14-Feb-23,50.35,50.42,50.31,50.37,45.09,"3,058,100"
15-Feb-23,50.31,50.31,50.08,50.15,44.89,"7,147,800"
16-Feb-23,50.09,50.09,49.76,49.85,44.62,"5,560,200"
17-Feb-23,49.74,49.74,49.59,49.59,44.39,"4,529,500"
21-Feb-23,49.45,49.52,49.38,49.39,44.21,"10,777,600"
22-Feb-23,49.49,49.5,49.42,49.49,44.3,"3,986,500"
23-Feb-23,49.48,49.59,49.45,49.55,44.35,"3,792,100"
24-Feb-23,49.44,49.47,49.37,49.46,44.27,"3,358,300"
27-Feb-23,49.51,49.56,49.49,49.53,44.33,"3,212,100"
28-Feb-23,49.51,49.57,49.47,49.55,44.35,"2,580,600"
01-Mar-23,49.35,49.48,49.23,49.32,44.25,"7,087,100"
02-Mar-23,49.14,49.32,49.14,49.32,44.25,"3,110,100"
03-Mar-23,49.39,49.44,49.31,49.43,44.35,"3,900,200"
06-Mar-23,49.49,49.5,49.33,49.4,44.32,"4,190,100"
07-Mar-23,49.4,49.46,49.33,49.41,44.33,"3,646,100"
08-Mar-23,49.38,49.48,49.38,49.44,44.36,"4,259,600"
09-Mar-23,49.54,49.6,49.46,49.57,44.48,"2,954,300"
10-Mar-23,49.79,49.86,49.74,49.76,44.65,"4,306,900"
13-Mar-23,50.01,50.12,49.96,50.03,44.89,"4,150,200"
14-Mar-23,50.01,50.01,49.77,49.9,44.77,"4,029,800"
15-Mar-23,50.22,50.34,50.1,50.19,45.03,"3,652,800"
16-Mar-23,50.24,50.28,50.08,50.17,45.01,"2,322,500"
17-Mar-23,50.37,50.38,50.26,50.27,45.1,"2,806,400"
20-Mar-23,50.22,50.24,50.1,50.13,44.98,"2,984,700"
21-Mar-23,50.09,50.09,49.99,50.06,44.92,"2,746,200"
22-Mar-23,50.16,50.31,50.05,50.3,45.13,"2,803,600"
23-Mar-23,50.25,50.35,50.25,50.32,45.15,"2,434,000"
24-Mar-23,50.46,50.47,50.33,50.44,45.26,"2,212,000"
27-Mar-23,50.35,50.37,50.29,50.33,45.16,"2,282,300"
28-Mar-23,50.36,50.47,50.36,50.43,45.25,"3,727,400"
29-Mar-23,50.35,50.51,50.35,50.46,45.27,"12,233,700"
30-Mar-23,50.46,50.59,50.46,50.57,45.37,"2,278,100"
31-Mar-23,50.55,50.67,50.55,50.66,45.45,"2,120,700"
03-Apr-23,50.54,50.6,50.49,50.58,45.48,"2,113,600"
04-Apr-23,50.53,50.75,50.51,50.74,45.63,"2,621,500"
05-Apr-23,50.84,50.93,50.83,50.88,45.75,"2,007,600"
06-Apr-23,50.9,50.92,50.82,50.89,45.76,"1,888,900"
10-Apr-23,50.86,50.87,50.77,50.83,45.71,"3,923,100"
11-Apr-23,50.85,50.93,50.84,50.92,45.79,"2,714,700"
12-Apr-23,51.04,51.07,50.96,51.06,45.92,"2,274,800"
13-Apr-23,51.04,51.09,50.95,50.98,45.84,"2,034,500"
14-Apr-23,50.96,50.99,50.8,50.8,45.68,"3,387,500"
17-Apr-23,50.81,50.85,50.66,50.71,45.6,"4,543,600"
18-Apr-23,50.43,50.47,50.27,50.31,45.24,"2,676,900"
19-Apr-23,50.13,50.24,50.11,50.21,45.15,"4,649,000"
20-Apr-23,50.21,50.33,50.19,50.27,45.2,"3,132,600"
21-Apr-23,50.3,50.34,50.2,50.23,45.17,"2,528,700"
24-Apr-23,50.31,50.37,50.28,50.34,45.27,"2,237,100"
25-Apr-23,50.46,50.55,50.42,50.48,45.39,"2,875,100"
26-Apr-23,50.47,50.5,50.32,50.33,45.26,"2,535,800"
27-Apr-23,50.33,50.34,50.22,50.23,45.17,"1,899,100"
28-Apr-23,50.36,50.42,50.34,50.4,45.32,"1,975,900"
01-May-23,50.22,50.24,50.06,50.06,45.12,"3,566,200"
02-May-23,50.15,50.33,50.12,50.31,45.34,"2,453,000"
03-May-23,50.35,50.43,50.33,50.39,45.42,"2,630,700"
04-May-23,50.4,50.49,50.35,50.44,45.46,"3,040,600"
05-May-23,50.42,50.48,50.37,50.46,45.48,"1,809,000"
08-May-23,50.37,50.4,50.33,50.36,45.39,"3,546,100"
09-May-23,50.41,50.41,50.34,50.34,45.37,"2,012,900"
10-May-23,50.4,50.48,50.38,50.45,45.47,"1,714,500"
11-May-23,50.48,50.49,50.41,50.42,45.44,"2,808,200"
12-May-23,50.41,50.45,50.29,50.29,45.33,"2,414,500"
15-May-23,50.29,50.33,50.27,50.3,45.34,"4,355,100"
16-May-23,50.23,50.32,50.22,50.3,45.34,"2,938,000"
17-May-23,50.26,50.27,50.11,50.11,45.16,"2,474,600"
18-May-23,50.1,50.15,49.86,49.9,44.97,"4,419,600"
19-May-23,49.89,49.89,49.68,49.77,44.86,"4,013,400"
22-May-23,49.68,49.7,49.61,49.64,44.74,"3,232,800"
23-May-23,49.63,49.66,49.5,49.51,44.62,"2,842,400"
24-May-23,49.5,49.54,49.44,49.5,44.61,"4,938,100"
25-May-23,49.42,49.58,49.42,49.54,44.65,"3,214,000"
26-May-23,49.55,49.69,49.55,49.67,44.77,"2,193,000"
30-May-23,49.81,49.96,49.7,49.95,45.02,"4,723,000"
31-May-23,50.05,50.17,50.0,50.0,45.06,"3,966,000"
01-Jun-23,50.05,50.07,49.87,49.89,45.07,"2,958,800"
02-Jun-23,49.93,49.94,49.77,49.84,45.02,"2,208,500"
05-Jun-23,49.8,49.97,49.77,49.95,45.12,"3,221,700"
06-Jun-23,50.05,50.05,49.94,50.01,45.18,"1,754,400"
07-Jun-23,50.02,50.05,49.88,49.88,45.06,"2,389,300"
08-Jun-23,49.91,50.03,49.91,50.02,45.19,"3,262,300"
09-Jun-23,49.96,50.0,49.91,49.94,45.11,"2,277,100"
12-Jun-23,49.98,50.03,49.91,50.02,45.19,"2,633,600"
13-Jun-23,50.04,50.08,49.98,50.02,45.19,"2,647,400"
14-Jun-23,50.06,50.19,50.03,50.15,45.3,"3,833,800"
15-Jun-23,50.18,50.21,50.1,50.2,45.35,"2,932,800"
16-Jun-23,50.14,50.18,50.09,50.16,45.31,"2,460,700"
20-Jun-23,50.12,50.26,50.12,50.2,45.35,"2,177,600"
21-Jun-23,50.17,50.26,50.13,50.26,45.4,"2,622,500"
22-Jun-23,50.18,50.21,50.13,50.18,45.33,"2,078,900"
23-Jun-23,50.31,50.34,50.22,50.24,45.39,"2,393,300"
26-Jun-23,50.27,50.3,50.23,50.29,45.43,"2,106,700"
27-Jun-23,50.28,50.33,50.24,50.28,45.42,"2,391,500"
28-Jun-23,50.31,50.38,50.27,50.34,45.48,"2,190,400"
29-Jun-23,50.29,50.3,50.1,50.14,45.3,"3,328,700"
30-Jun-23,50.2,50.23,50.15,50.22,45.37,"1,807,600"
03-Jul-23,50.13,50.18,50.07,50.11,45.37,"1,328,200"
05-Jul-23,50.13,50.14,50.06,50.1,45.36,"2,435,600"
06-Jul-23,50.0,50.04,49.83,49.89,45.17,"3,464,600"
07-Jul-23,49.94,49.96,49.89,49.93,45.21,"4,156,500"
10-Jul-23,49.89,49.95,49.89,49.92,45.2,"2,697,600"
11-Jul-23,49.93,50.02,49.93,50.01,45.28,"2,458,300"
12-Jul-23,50.12,50.17,50.09,50.13,45.39,"4,087,700"
13-Jul-23,50.19,50.28,50.17,50.28,45.53,"3,073,600"
14-Jul-23,50.22,50.24,50.17,50.17,45.43,"2,133,000"
17-Jul-23,50.22,50.27,50.19,50.27,45.52,"2,094,600"
18-Jul-23,50.31,50.39,50.31,50.38,45.62,"2,781,200"
19-Jul-23,50.45,50.5,50.43,50.5,45.73,"3,146,500"
20-Jul-23,50.48,50.49,50.29,50.41,45.65,"2,958,300"
21-Jul-23,50.47,50.47,50.41,50.45,45.68,"1,748,200"
24-Jul-23,50.52,50.54,50.44,50.45,45.68,"1,865,400"
25-Jul-23,50.39,50.45,50.36,50.42,45.65,"2,608,400"
26-Jul-23,50.41,50.5,50.38,50.49,45.72,"3,035,500"
27-Jul-23,50.37,50.45,50.2,50.28,45.53,"3,202,900"
28-Jul-23,50.26,50.28,50.13,50.18,45.44,"2,598,500"
31-Jul-23,50.2,50.24,50.13,50.14,45.4,"2,181,300"
01-Aug-23,49.95,49.98,49.91,49.98,45.36,"2,985,200"
02-Aug-23,49.93,49.96,49.73,49.81,45.21,"3,574,500"
03-Aug-23,49.51,49.58,49.44,49.49,44.92,"5,007,900"
04-Aug-23,49.56,49.66,49.49,49.66,45.07,"4,529,100"
07-Aug-23,49.55,49.6,49.52,49.52,44.94,"2,727,700"
08-Aug-23,49.57,49.7,49.57,49.66,45.07,"2,978,700"
09-Aug-23,49.7,49.79,49.67,49.74,45.14,"3,129,700"
10-Aug-23,49.79,49.84,49.66,49.72,45.13,"2,891,700"
11-Aug-23,49.6,49.7,49.52,49.67,45.08,"2,893,500"
14-Aug-23,49.67,49.8,49.58,49.77,45.17,"3,568,100"
15-Aug-23,49.69,49.76,49.66,49.7,45.11,"3,173,000"
16-Aug-23,49.7,49.72,49.61,49.63,45.04,"2,368,300"
17-Aug-23,49.62,49.64,49.47,49.48,44.91,"2,857,200"
18-Aug-23,49.45,49.49,49.36,49.37,44.81,"3,195,800"
21-Aug-23,49.24,49.31,49.16,49.28,44.73,"6,072,100"
22-Aug-23,49.24,49.27,49.16,49.17,44.63,"4,535,800"
23-Aug-23,49.28,49.36,49.2,49.35,44.79,"3,089,700"
24-Aug-23,49.26,49.34,49.22,49.28,44.73,"3,914,700"
25-Aug-23,49.23,49.29,49.1,49.27,44.72,"3,811,800"
28-Aug-23,49.28,49.3,49.15,49.28,44.73,"4,388,000"
29-Aug-23,49.22,49.46,49.22,49.41,44.84,"2,942,600"
30-Aug-23,49.39,49.44,49.36,49.36,44.8,"2,045,200"
31-Aug-23,49.37,49.48,49.37,49.48,44.91,"2,886,200"
01-Sep-23,49.38,49.41,49.19,49.33,44.88,"5,823,200"
05-Sep-23,49.28,49.28,49.17,49.19,44.75,"6,269,300"
06-Sep-23,49.26,49.29,49.15,49.29,44.84,"5,670,500"
07-Sep-23,49.27,49.27,49.08,49.12,44.69,"5,585,000"
08-Sep-23,49.16,49.23,49.08,49.16,44.73,"5,766,000"
11-Sep-23,49.17,49.18,49.1,49.18,44.74,"5,068,900"
12-Sep-23,49.16,49.18,49.06,49.14,44.71,"6,085,600"
13-Sep-23,49.17,49.2,49.13,49.17,44.74,"2,570,000"
14-Sep-23,49.11,49.16,49.06,49.13,44.7,"3,882,500"
15-Sep-23,49.08,49.11,49.03,49.05,44.63,"3,513,600"
18-Sep-23,49.07,49.13,49.06,49.06,44.64,"3,748,400"
19-Sep-23,49.01,49.09,49.01,49.06,44.64,"4,916,600"
20-Sep-23,49.04,49.15,49.02,49.02,44.6,"3,635,300"
21-Sep-23,48.89,48.9,48.62,48.62,44.23,"10,999,100"
22-Sep-23,48.66,48.73,48.62,48.72,44.33,"4,487,500"
25-Sep-23,48.5,48.56,48.35,48.37,44.01,"8,207,000"
26-Sep-23,48.34,48.35,48.24,48.33,43.97,"19,680,700"
27-Sep-23,48.34,48.34,48.18,48.24,43.89,"7,285,900"
28-Sep-23,48.16,48.2,47.98,48.03,43.7,"13,994,200"
29-Sep-23,48.11,48.22,48.05,48.1,43.76,"9,702,700"
02-Oct-23,47.95,47.97,47.67,47.71,43.52,"17,581,100"
03-Oct-23,47.66,47.75,47.54,47.57,43.39,"15,981,900"
04-Oct-23,47.64,47.73,47.6,47.73,43.54,"11,146,100"
05-Oct-23,47.75,47.77,47.67,47.71,43.52,"10,326,800"
06-Oct-23,47.48,47.6,47.4,47.52,43.35,"10,485,700"
09-Oct-23,47.57,47.85,47.57,47.81,43.61,"7,605,000"
10-Oct-23,47.77,47.98,47.74,47.86,43.66,"16,745,400"
11-Oct-23,48.14,48.24,48.1,48.21,43.98,"11,168,300"
12-Oct-23,48.28,48.33,48.07,48.1,43.87,"12,261,500"
13-Oct-23,48.26,48.33,48.13,48.16,43.93,"6,054,200"
16-Oct-23,48.08,48.1,47.89,47.95,43.74,"7,325,700"
17-Oct-23,47.74,47.85,47.63,47.73,43.54,"6,188,400"
18-Oct-23,47.65,47.69,47.58,47.6,43.42,"7,232,300"
19-Oct-23,47.51,47.55,47.29,47.38,43.22,"15,770,200"
20-Oct-23,47.39,47.47,47.38,47.43,43.26,"7,757,100"
23-Oct-23,47.4,47.57,47.32,47.46,43.29,"13,505,900"
24-Oct-23,47.51,47.53,47.4,47.52,43.35,"9,689,400"
25-Oct-23,47.42,47.44,47.33,47.36,43.2,"12,520,900"
26-Oct-23,47.44,47.53,47.37,47.46,43.29,"14,045,900"
27-Oct-23,47.45,47.52,47.42,47.49,43.32,"14,554,600"
30-Oct-23,47.46,47.51,47.14,47.37,43.21,"17,991,600"
31-Oct-23,47.41,47.46,47.37,47.42,43.25,"11,937,500"
01-Nov-23,47.39,47.54,47.36,47.52,43.45,"10,170,100"
02-Nov-23,47.78,48.07,47.78,48.0,43.89,"14,186,500"
03-Nov-23,48.36,48.51,48.28,48.31,44.18,"11,669,300"
06-Nov-23,48.28,48.31,48.04,48.21,44.08,"15,862,600"
07-Nov-23,48.34,48.54,48.34,48.47,44.32,"10,024,700"
08-Nov-23,48.56,48.71,48.49,48.65,44.49,"10,144,400"
09-Nov-23,48.64,48.66,48.44,48.47,44.32,"7,068,100"
10-Nov-23,48.65,48.67,48.53,48.59,44.43,"4,996,700"
13-Nov-23,48.53,48.59,48.49,48.58,44.42,"20,674,700"
14-Nov-23,48.95,49.1,48.9,48.96,44.77,"11,782,300"
15-Nov-23,48.94,48.94,48.8,48.89,44.71,"12,760,300"
16-Nov-23,49.01,49.1,49.0,49.03,44.83,"6,621,800"
17-Nov-23,49.06,49.11,49.0,49.11,44.91,"5,078,600"
20-Nov-23,49.12,49.25,49.12,49.22,45.01,"6,543,400"
21-Nov-23,49.29,49.36,49.24,49.35,45.13,"5,504,100"
22-Nov-23,49.38,49.46,49.33,49.45,45.22,"4,235,400"
24-Nov-23,49.42,49.42,49.31,49.38,45.15,"1,952,500"
27-Nov-23,49.44,49.53,49.36,49.5,45.26,"12,152,800"
28-Nov-23,49.5,49.65,49.5,49.64,45.39,"9,993,300"
29-Nov-23,49.85,50.02,49.85,50.0,45.72,"8,093,100"
30-Nov-23,49.99,50.04,49.85,50.01,45.73,"7,531,300"
01-Dec-23,49.85,50.19,49.84,50.15,45.98,"5,001,100"
04-Dec-23,50.08,50.13,49.97,50.11,45.94,"5,427,100"
05-Dec-23,50.18,50.33,50.16,50.23,46.05,"4,534,300"
06-Dec-23,50.27,50.35,50.21,50.28,46.1,"4,375,800"
07-Dec-23,50.27,50.41,50.23,50.31,46.12,"13,496,500"
08-Dec-23,50.26,50.31,50.18,50.31,46.12,"5,747,800"
11-Dec-23,50.25,50.3,50.2,50.26,46.08,"2,975,500"
12-Dec-23,50.27,50.34,50.24,50.31,46.12,"4,752,000"
13-Dec-23,50.31,50.6,50.26,50.59,46.38,"7,651,300"
14-Dec-23,50.78,50.96,50.77,50.92,46.68,"6,935,700"
15-Dec-23,51.0,51.01,50.86,50.92,46.68,"4,669,800"
18-Dec-23,50.97,50.97,50.8,50.86,46.63,"5,581,800"
19-Dec-23,50.86,50.92,50.86,50.91,46.67,"5,048,900"
20-Dec-23,50.94,51.06,50.91,51.0,46.76,"5,558,100"
21-Dec-23,51.1,51.11,50.99,51.05,46.8,"5,479,400"
22-Dec-23,50.98,50.98,50.89,50.9,46.78,"3,094,200"
26-Dec-23,50.95,50.98,50.92,50.93,46.81,"3,579,500"
27-Dec-23,51.05,51.15,51.02,51.14,47.0,"4,136,200"
28-Dec-23,51.1,51.1,50.98,51.06,46.93,"6,449,000"
29-Dec-23,51.01,51.09,51.01,51.05,46.92,"3,074,800"
02-Jan-24,50.96,50.98,50.89,50.89,46.77,"5,016,000"
03-Jan-24,50.84,51.0,50.77,50.96,46.84,"5,556,500"
04-Jan-24,50.84,50.94,50.83,50.93,46.81,"6,192,300"
05-Jan-24,50.84,50.96,50.81,50.84,46.73,"5,653,700"
08-Jan-24,50.9,51.03,50.87,50.95,46.83,"4,171,000"
09-Jan-24,50.96,51.06,50.91,50.98,46.86,"3,525,500"
10-Jan-24,51.03,51.03,50.91,50.92,46.8,"3,110,700"
11-Jan-24,50.9,51.02,50.89,51.0,46.87,"3,358,700"
12-Jan-24,51.05,51.07,50.93,50.93,46.81,"4,579,600"
16-Jan-24,50.89,50.92,50.79,50.86,46.74,"5,081,500"
17-Jan-24,50.79,50.8,50.65,50.65,46.55,"3,749,800"
18-Jan-24,50.65,50.65,50.51,50.53,46.44,"4,120,600"
19-Jan-24,50.52,50.53,50.39,50.45,46.37,"4,684,000"
22-Jan-24,50.51,50.56,50.46,50.47,46.39,"5,934,000"
23-Jan-24,50.44,50.47,50.39,50.42,46.34,"4,379,600"
24-Jan-24,50.53,50.55,50.35,50.36,46.29,"4,186,900"
25-Jan-24,50.54,50.58,50.5,50.56,46.47,"3,563,200"
26-Jan-24,50.51,50.55,50.46,50.47,46.39,"4,750,800"
29-Jan-24,50.57,50.73,50.56,50.69,46.59,"5,154,900"
30-Jan-24,50.75,50.83,50.68,50.76,46.65,"5,406,800"
31-Jan-24,50.9,51.0,50.85,50.93,46.81,"4,622,900"
01-Feb-24,50.94,51.1,50.93,51.06,47.05,"4,044,600"
02-Feb-24,50.76,50.79,50.7,50.71,46.72,"5,460,300"
05-Feb-24,50.62,50.66,50.43,50.46,46.49,"7,623,500"
06-Feb-24,50.52,50.61,50.47,50.59,46.61,"3,906,200"
07-Feb-24,50.57,50.67,50.54,50.57,46.59,"3,458,200"
08-Feb-24,50.56,50.6,50.54,50.55,46.58,"3,236,400"
09-Feb-24,50.55,50.62,50.55,50.6,46.62,"2,347,900"
12-Feb-24,50.67,50.76,50.65,50.69,46.7,"3,251,800"
13-Feb-24,50.49,50.49,50.4,50.47,46.5,"4,766,700"
14-Feb-24,50.47,50.66,50.45,50.63,46.65,"2,362,300"
15-Feb-24,50.7,50.77,50.66,50.74,46.75,"3,538,800"
16-Feb-24,50.64,50.71,50.55,50.69,46.7,"2,947,000"
20-Feb-24,50.7,50.72,50.62,50.64,46.66,"4,284,700"
21-Feb-24,50.68,50.74,50.65,50.65,46.67,"2,868,000"
22-Feb-24,50.68,50.72,50.59,50.62,46.64,"3,976,300"
23-Feb-24,50.65,50.79,50.63,50.76,46.77,"5,042,000"
26-Feb-24,50.76,50.76,50.63,50.64,46.66,"4,280,100"
27-Feb-24,50.64,50.7,50.6,50.6,46.62,"3,363,700"
28-Feb-24,50.71,50.73,50.65,50.67,46.69,"4,527,200"
29-Feb-24,50.73,50.81,50.71,50.71,46.72,"3,371,000"
01-Mar-24,50.61,50.73,50.51,50.69,46.83,"3,188,000"
04-Mar-24,50.63,50.64,50.55,50.58,46.72,"3,911,400"
05-Mar-24,50.67,50.76,50.62,50.72,46.85,"5,956,800"
06-Mar-24,50.75,50.77,50.69,50.71,46.84,"3,527,100"
07-Mar-24,50.77,50.8,50.73,50.76,46.89,"3,069,700"
08-Mar-24,50.8,50.82,50.76,50.79,46.92,"2,606,200"
11-Mar-24,50.8,50.81,50.76,50.78,46.91,"1,908,000"
12-Mar-24,50.76,50.8,50.71,50.79,46.92,"3,487,400"
13-Mar-24,50.8,50.86,50.76,50.78,46.91,"3,567,100"
14-Mar-24,50.77,50.77,50.6,50.61,46.75,"5,195,400"
15-Mar-24,50.64,50.64,50.56,50.61,46.75,"2,238,300"
18-Mar-24,50.63,50.67,50.6,50.63,46.77,"1,977,300"
19-Mar-24,50.69,50.7,50.61,50.68,46.82,"2,574,600"
20-Mar-24,50.69,50.69,50.54,50.62,46.76,"2,691,100"
21-Mar-24,50.65,50.67,50.6,50.64,46.78,"3,041,800"
22-Mar-24,50.74,50.76,50.68,50.72,46.85,"3,200,200"
25-Mar-24,50.72,50.72,50.54,50.55,46.7,"2,672,000"
26-Mar-24,50.58,50.6,50.48,50.52,46.67,"3,584,800"
27-Mar-24,50.55,50.6,50.49,50.59,46.73,"4,490,200"
28-Mar-24,50.54,50.6,50.51,50.6,46.74,"4,401,100"
01-Apr-24,50.33,50.4,50.19,50.34,46.62,"5,390,200"
02-Apr-24,50.21,50.21,50.07,50.12,46.42,"4,809,200"
03-Apr-24,50.0,50.05,49.91,50.05,46.35,"5,738,700"
04-Apr-24,50.11,50.11,50.05,50.11,46.41,"4,524,900"
05-Apr-24,49.98,50.07,49.95,49.96,46.27,"4,117,100"
08-Apr-24,49.98,50.06,49.95,50.05,46.35,"4,627,100"
09-Apr-24,50.1,50.18,50.1,50.14,46.44,"3,798,300"
10-Apr-24,49.88,49.91,49.79,49.83,46.15,"6,503,000"
11-Apr-24,49.85,49.94,49.81,49.9,46.21,"6,654,100"
12-Apr-24,50.05,50.09,50.01,50.07,46.37,"4,057,100"
15-Apr-24,49.99,50.01,49.88,49.99,46.3,"6,509,400"
16-Apr-24,49.96,49.96,49.85,49.9,46.21,"8,290,300"
17-Apr-24,49.91,49.97,49.85,49.91,46.22,"4,781,800"
18-Apr-24,49.9,49.97,49.87,49.94,46.25,"2,379,700"
19-Apr-24,50.04,50.04,49.97,49.97,46.28,"3,591,000"
22-Apr-24,50.01,50.02,49.94,49.97,46.28,"3,159,900"
23-Apr-24,49.93,50.04,49.92,49.96,46.27,"3,466,200"
24-Apr-24,49.92,49.95,49.88,49.91,46.22,"2,536,900"
25-Apr-24,49.77,49.79,49.73,49.75,46.07,"5,814,400"
26-Apr-24,49.84,49.88,49.78,49.79,46.11,"2,998,100"
29-Apr-24,49.86,49.9,49.82,49.89,46.2,"3,429,200"
30-Apr-24,49.84,49.88,49.79,49.84,46.16,"2,458,200"
01-May-24,49.82,49.82,49.66,49.78,46.22,"4,493,800"
02-May-24,49.81,49.91,49.81,49.85,46.29,"6,665,300"
03-May-24,50.03,50.09,49.99,50.04,46.46,"4,909,400"
06-May-24,50.08,50.14,50.06,50.11,46.53,"4,882,500"
07-May-24,50.23,50.31,50.22,50.26,46.67,"4,608,200"
08-May-24,50.26,50.29,50.22,50.26,46.67,"2,769,300"
09-May-24,50.25,50.28,50.21,50.26,46.67,"3,282,500"
10-May-24,50.24,50.25,50.15,50.18,46.59,"3,890,600"
13-May-24,50.22,50.24,50.18,50.23,46.64,"4,558,000"
14-May-24,50.27,50.27,50.2,50.22,46.63,"3,040,800"
15-May-24,50.36,50.39,50.3,50.34,46.74,"4,810,400"
16-May-24,50.35,50.4,50.25,50.26,46.67,"3,346,300"
17-May-24,50.27,50.27,50.07,50.1,46.52,"6,506,000"
20-May-24,50.17,50.17,50.03,50.04,46.46,"6,817,600"
21-May-24,50.04,50.14,50.02,50.05,46.47,"4,542,000"
22-May-24,49.98,50.0,49.88,49.91,46.34,"4,538,800"
23-May-24,49.91,49.91,49.73,49.79,46.23,"4,269,500"
24-May-24,49.75,49.75,49.69,49.74,46.19,"2,741,600"
28-May-24,49.72,49.8,49.72,49.72,46.17,"2,986,100"
29-May-24,49.72,49.72,49.54,49.55,46.01,"4,044,100"
30-May-24,49.62,49.65,49.56,49.62,46.07,"4,466,400"
31-May-24,49.67,49.8,49.61,49.72,46.17,"4,468,900"
03-Jun-24,49.59,49.71,49.59,49.67,46.24,"3,886,800"
04-Jun-24,49.76,49.86,49.73,49.86,46.42,"4,848,800"
05-Jun-24,49.96,50.04,49.9,50.03,46.58,"5,275,500"
06-Jun-24,50.04,50.17,50.04,50.15,46.69,"3,965,500"
07-Jun-24,50.0,50.03,49.89,49.93,46.49,"4,190,300"
10-Jun-24,49.87,49.92,49.79,49.87,46.43,"4,983,900"
11-Jun-24,49.89,49.98,49.87,49.95,46.5,"3,488,400"
12-Jun-24,50.19,50.31,50.09,50.21,46.75,"5,022,700"
13-Jun-24,50.34,50.44,50.32,50.44,46.96,"3,153,800"
14-Jun-24,50.36,50.41,50.31,50.41,46.93,"2,313,200"
17-Jun-24,50.32,50.34,50.25,50.28,46.81,"3,005,000"
18-Jun-24,50.31,50.4,50.28,50.38,46.9,"2,733,900"
20-Jun-24,50.35,50.35,50.26,50.28,46.81,"3,271,900"
21-Jun-24,50.31,50.33,50.22,50.26,46.79,"3,342,300"
24-Jun-24,50.27,50.29,50.19,50.28,46.81,"10,312,600"
25-Jun-24,50.3,50.32,50.26,50.32,46.85,"3,070,200"
26-Jun-24,50.23,50.24,50.14,50.15,46.69,"2,999,100"
27-Jun-24,50.17,50.27,50.16,50.27,46.8,"2,749,600"
28-Jun-24,50.32,50.33,50.1,50.11,46.65,"3,389,800"
01-Jul-24,49.95,49.95,49.84,49.93,46.61,"5,525,800"
02-Jul-24,50.01,50.11,50.01,50.07,46.74,"3,946,500"
03-Jul-24,50.13,50.21,50.09,50.16,46.82,"2,498,200"
05-Jul-24,50.26,50.31,50.22,50.25,46.91,"3,231,200"
08-Jul-24,50.33,50.33,50.24,50.24,46.9,"2,666,400"
09-Jul-24,50.27,50.3,50.2,50.27,46.93,"2,323,800"
10-Jul-24,50.28,50.3,50.22,50.22,46.88,"2,768,900"
11-Jul-24,50.45,50.47,50.39,50.41,47.06,"3,001,500"
12-Jul-24,50.45,50.5,50.42,50.49,47.13,"2,521,000"
15-Jul-24,50.45,50.49,50.37,50.43,47.08,"3,131,200"
16-Jul-24,50.47,50.53,50.46,50.53,47.17,"5,785,300"
17-Jul-24,50.53,50.54,50.47,50.51,47.15,"2,688,400"
18-Jul-24,50.48,50.54,50.43,50.5,47.14,"6,429,800"
19-Jul-24,50.47,50.47,50.41,50.41,47.06,"3,924,800"
22-Jul-24,50.46,50.51,50.41,50.44,47.08,"2,563,800"
23-Jul-24,50.44,50.51,50.42,50.46,47.1,"4,872,800"
24-Jul-24,50.5,50.53,50.33,50.34,46.99,"4,403,700"
25-Jul-24,50.42,50.46,50.34,50.36,47.01,"3,912,300"
26-Jul-24,50.45,50.49,50.41,50.44,47.08,"2,777,700"
29-Jul-24,50.46,50.49,50.42,50.44,47.08,"2,731,000"
30-Jul-24,50.49,50.5,50.42,50.48,47.12,"2,424,400"
31-Jul-24,50.51,50.6,50.47,50.6,47.23,"4,518,700"
01-Aug-24,50.56,50.64,50.56,50.58,47.34,"4,556,500"
02-Aug-24,51.0,51.0,50.81,50.97,47.7,"5,944,200"
05-Aug-24,51.11,51.11,50.87,50.89,47.63,"5,119,300"
06-Aug-24,50.84,50.94,50.78,50.81,47.55,"6,943,900"
07-Aug-24,50.8,50.83,50.63,50.63,47.38,"7,320,200"
08-Aug-24,50.57,50.58,50.46,50.52,47.28,"4,644,400"
09-Aug-24,50.57,50.65,50.56,50.6,47.36,"3,202,500"
12-Aug-24,50.61,50.69,50.59,50.65,47.4,"3,534,400"
13-Aug-24,50.71,50.77,50.7,50.73,47.48,"3,111,500"
14-Aug-24,50.73,50.84,50.73,50.8,47.54,"3,128,600"
15-Aug-24,50.68,50.68,50.56,50.64,47.39,"3,739,900"
16-Aug-24,50.66,50.69,50.62,50.68,47.43,"2,425,800"
19-Aug-24,50.68,50.77,50.68,50.7,47.45,"3,427,500"
20-Aug-24,50.77,50.77,50.72,50.76,47.51,"2,805,900"
21-Aug-24,50.78,50.82,50.72,50.78,47.52,"2,965,400"
22-Aug-24,50.75,50.75,50.64,50.7,47.45,"2,392,700"
23-Aug-24,50.73,50.85,50.7,50.81,47.55,"3,821,300"
26-Aug-24,50.85,50.88,50.75,50.76,47.51,"2,658,500"
27-Aug-24,50.73,50.76,50.67,50.75,47.5,"2,772,500"
28-Aug-24,50.75,50.76,50.68,50.69,47.44,"2,581,900"
29-Aug-24,50.7,50.73,50.64,50.72,47.47,"2,356,200"
30-Aug-24,50.72,50.74,50.65,50.66,47.41,"2,601,600"
03-Sep-24,50.67,50.7,50.62,50.68,47.55,"3,168,200"
04-Sep-24,50.75,50.81,50.69,50.79,47.66,"4,904,700"
05-Sep-24,50.85,50.86,50.72,50.83,47.69,"4,122,100"
06-Sep-24,50.93,50.97,50.82,50.89,47.75,"5,301,400"
09-Sep-24,50.9,50.92,50.84,50.9,47.76,"2,390,100"
10-Sep-24,50.89,51.02,50.89,50.99,47.84,"3,887,200"
11-Sep-24,51.01,51.07,50.94,50.98,47.84,"3,467,800"
12-Sep-24,50.96,50.98,50.9,50.95,47.81,"3,223,400"
13-Sep-24,51.02,51.05,50.98,50.99,47.84,"3,170,100"
16-Sep-24,51.03,51.09,51.03,51.05,47.9,"2,326,700"
17-Sep-24,51.06,51.11,51.04,51.11,47.96,"3,400,500"
18-Sep-24,51.07,51.17,51.04,51.05,47.9,"3,236,700"
19-Sep-24,51.03,51.07,50.96,51.06,47.91,"2,412,000"
20-Sep-24,51.02,51.09,50.99,51.04,47.89,"2,293,100"
23-Sep-24,51.03,51.04,50.95,51.01,47.86,"3,270,800"
24-Sep-24,50.98,51.04,50.94,51.02,47.87,"2,580,500"
25-Sep-24,51.0,51.03,50.96,50.99,47.84,"2,447,700"
26-Sep-24,51.03,51.06,50.99,51.0,47.85,"2,462,100"
27-Sep-24,51.1,51.16,51.09,51.15,47.99,"2,598,400"
30-Sep-24,51.15,51.17,51.09,51.12,47.97,"2,803,600"
01-Oct-24,51.06,51.16,51.05,51.14,48.11,"4,999,300"
02-Oct-24,51.08,51.16,51.05,51.11,48.08,"5,235,100"
03-Oct-24,51.11,51.11,51.03,51.04,48.02,"3,157,000"
04-Oct-24,50.95,50.95,50.83,50.84,47.83,"4,572,300"
07-Oct-24,50.8,50.82,50.73,50.82,47.81,"6,424,700"
08-Oct-24,50.78,50.81,50.73,50.81,47.8,"4,104,700"
09-Oct-24,50.75,50.75,50.68,50.7,47.7,"4,023,200"
10-Oct-24,50.69,50.76,50.66,50.73,47.73,"2,757,100"
11-Oct-24,50.72,50.72,50.68,50.69,47.69,"2,700,000"
14-Oct-24,50.65,50.66,50.56,50.62,47.62,"2,306,300"
15-Oct-24,50.7,50.8,50.65,50.79,47.78,"3,394,300"
16-Oct-24,50.83,50.84,50.77,50.83,47.82,"2,759,200"
17-Oct-24,50.73,50.75,50.68,50.75,47.74,"2,554,400"
18-Oct-24,50.78,50.8,50.73,50.76,47.75,"2,241,000"
21-Oct-24,50.7,50.7,50.6,50.63,47.63,"5,039,900"
22-Oct-24,50.65,50.65,50.42,50.46,47.47,"3,900,700"
23-Oct-24,50.36,50.36,50.12,50.18,47.21,"5,793,800"
24-Oct-24,50.11,50.29,50.03,50.28,47.3,"6,636,200"
25-Oct-24,50.43,50.44,50.33,50.33,47.35,"5,241,400"
28-Oct-24,50.39,50.46,50.34,50.35,47.37,"3,878,600"
29-Oct-24,50.29,50.31,50.18,50.29,47.31,"3,281,700"
30-Oct-24,50.33,50.37,50.25,50.34,47.36,"4,300,300"
31-Oct-24,50.35,50.39,50.26,50.35,47.37,"5,449,200"
01-Nov-24,50.36,50.36,50.2,50.24,47.39,"4,454,300"
04-Nov-24,50.43,50.48,50.31,50.41,47.55,"5,662,800"
05-Nov-24,50.39,50.47,50.32,50.46,47.6,"6,789,000"
06-Nov-24,49.98,50.01,49.7,49.81,46.98,"10,217,800"
07-Nov-24,49.94,50.17,49.93,50.08,47.24,"7,503,900"
08-Nov-24,50.29,50.55,50.29,50.54,47.67,"12,092,600"
11-Nov-24,50.44,50.51,50.39,50.5,47.63,"4,073,000"
12-Nov-24,50.47,50.49,50.3,50.34,47.48,"5,044,100"
13-Nov-24,50.5,50.5,50.3,50.33,47.47,"3,472,900"
14-Nov-24,50.36,50.46,50.33,50.38,47.52,"4,920,900"
15-Nov-24,50.44,50.53,50.34,50.53,47.66,"5,448,200"
18-Nov-24,50.5,50.55,50.47,50.53,47.66,"4,036,700"
19-Nov-24,50.6,50.64,50.58,50.61,47.74,"4,185,800"
20-Nov-24,50.52,50.6,50.51,50.58,47.71,"3,233,000"
21-Nov-24,50.58,50.61,50.52,50.56,47.69,"3,682,900"
22-Nov-24,50.63,50.63,50.56,50.62,47.75,"3,612,500"
25-Nov-24,50.82,50.84,50.78,50.81,47.93,"8,749,000"
26-Nov-24,50.81,50.86,50.7,50.86,47.97,"6,123,700"
27-Nov-24,50.95,50.98,50.9,50.94,48.05,"2,973,000"
29-Nov-24,50.97,51.05,50.97,51.05,48.15,"2,525,200"
02-Dec-24,50.85,51.02,50.81,51.01,48.24,"7,001,600"
03-Dec-24,50.99,51.05,50.95,50.98,48.21,"4,218,000"
04-Dec-24,51.04,51.06,50.91,51.05,48.28,"4,702,600"
05-Dec-24,51.0,51.05,50.95,51.05,48.28,"3,687,400"
06-Dec-24,51.09,51.09,51.02,51.08,48.3,"3,325,700"
09-Dec-24,51.02,51.06,50.98,51.02,48.25,"3,388,400"
10-Dec-24,50.96,50.96,50.91,50.92,48.15,"4,259,800"
11-Dec-24,50.98,50.99,50.76,50.78,48.02,"5,986,000"
12-Dec-24,50.8,50.8,50.57,50.7,47.95,"9,024,700"
13-Dec-24,50.65,50.65,50.44,50.5,47.76,"4,542,900"
16-Dec-24,50.57,50.63,50.53,50.56,47.81,"3,969,600"
17-Dec-24,50.54,50.56,50.4,50.44,47.7,"6,026,500"
18-Dec-24,50.38,50.44,50.15,50.17,47.44,"8,152,600"
19-Dec-24,50.0,50.05,49.81,49.92,47.21,"12,179,200"
20-Dec-24,49.91,50.16,49.91,50.09,47.37,"9,606,100"
23-Dec-24,50.1,50.13,50.01,50.08,47.36,"7,638,700"
24-Dec-24,49.95,49.97,49.85,49.97,47.38,"3,785,100"
26-Dec-24,49.95,49.99,49.89,49.96,47.37,"5,629,200"
27-Dec-24,50.02,50.02,49.94,49.98,47.39,"6,855,100"
30-Dec-24,50.09,50.16,50.09,50.15,47.55,"7,855,200"
31-Dec-24,50.22,50.22,50.12,50.13,47.53,"6,130,600"
02-Jan-25,50.26,50.28,50.17,50.2,47.6,"4,132,900"
03-Jan-25,50.27,50.27,50.18,50.19,47.59,"2,985,600"
06-Jan-25,50.18,50.22,50.15,50.21,47.61,"3,894,700"
07-Jan-25,50.21,50.21,50.06,50.08,47.49,"4,386,100"
08-Jan-25,50.06,50.06,49.84,49.92,47.34,"7,112,200"
10-Jan-25,49.75,49.78,49.67,49.71,47.14,"6,441,600"
13-Jan-25,49.7,49.72,49.52,49.6,47.03,"7,767,500"
14-Jan-25,49.62,49.63,49.49,49.54,46.97,"4,578,300"
15-Jan-25,49.78,49.85,49.75,49.79,47.21,"8,544,200"
16-Jan-25,49.75,49.89,49.72,49.83,47.25,"9,664,200"
17-Jan-25,49.89,49.96,49.89,49.94,47.35,"4,404,600"
21-Jan-25,50.0,50.03,49.98,50.02,47.43,"7,848,300"
22-Jan-25,50.1,50.13,50.0,50.03,47.44,"3,880,500"
23-Jan-25,49.91,50.02,49.87,49.93,47.34,"4,832,000"
24-Jan-25,49.92,50.01,49.89,50.0,47.41,"3,360,300"
27-Jan-25,50.27,50.29,50.14,50.23,47.63,"4,381,700"
28-Jan-25,50.18,50.22,50.1,50.18,47.58,"5,349,800"
29-Jan-25,50.18,50.18,50.02,50.12,47.52,"4,304,300"
30-Jan-25,50.19,50.25,50.17,50.21,47.61,"5,652,100"
31-Jan-25,50.27,50.27,50.08,50.13,47.53,"3,397,000"
03-Feb-25,50.08,50.21,50.03,50.07,47.6,"4,655,600"
04-Feb-25,50.02,50.19,50.02,50.18,47.71,"4,043,600"
05-Feb-25,50.34,50.41,50.28,50.36,47.88,"5,987,300"
06-Feb-25,50.27,50.37,50.27,50.3,47.82,"4,220,500"
07-Feb-25,50.29,50.29,50.2,50.23,47.75,"4,573,400"
10-Feb-25,50.23,50.3,50.22,50.24,47.76,"3,628,500"
11-Feb-25,50.21,50.22,50.14,50.16,47.69,"4,328,900"
12-Feb-25,50.0,50.03,49.86,49.93,47.47,"5,733,500"
13-Feb-25,49.99,50.17,49.97,50.14,47.67,"5,082,300"
14-Feb-25,50.23,50.27,50.17,50.19,47.72,"4,997,400"
18-Feb-25,50.12,50.19,50.0,50.07,47.6,"3,643,200"
19-Feb-25,50.06,50.2,50.05,50.14,47.67,"3,902,600"
20-Feb-25,50.2,50.26,50.16,50.22,47.75,"3,813,800"
21-Feb-25,50.22,50.41,50.22,50.36,47.88,"5,227,900"
24-Feb-25,50.45,50.45,50.31,50.36,47.88,"3,386,200"
25-Feb-25,50.5,50.6,50.5,50.54,48.05,"7,090,200"
26-Feb-25,50.54,50.66,50.51,50.61,48.12,"4,006,800"
27-Feb-25,50.55,50.55,50.47,50.52,48.03,"3,817,300"
28-Feb-25,50.57,50.68,50.56,50.66,48.16,"3,256,300"
03-Mar-25,50.43,50.49,50.39,50.46,48.1,"4,064,800"
04-Mar-25,50.51,50.51,50.24,50.3,47.95,"8,243,000"
05-Mar-25,50.42,50.42,50.18,50.23,47.89,"7,845,200"
06-Mar-25,50.22,50.26,50.06,50.09,47.75,"7,292,900"
07-Mar-25,50.25,50.25,49.98,50.07,47.73,"7,059,600"
10-Mar-25,50.21,50.23,50.11,50.13,47.79,"3,958,500"
11-Mar-25,50.13,50.17,49.92,49.95,47.62,"5,309,200"
12-Mar-25,49.88,49.98,49.71,49.77,47.45,"6,369,800"
13-Mar-25,49.74,49.86,49.59,49.73,47.41,"7,040,700"
14-Mar-25,49.68,49.76,49.67,49.76,47.44,"5,550,700"
17-Mar-25,49.84,49.84,49.75,49.78,47.46,"5,278,000"
18-Mar-25,49.75,49.84,49.74,49.82,47.49,"3,855,800"
19-Mar-25,49.8,49.84,49.63,49.81,47.48,"4,934,900"
20-Mar-25,50.0,50.07,49.84,49.86,47.53,"3,540,400"
21-Mar-25,49.91,49.97,49.74,49.78,47.46,"4,189,500"
24-Mar-25,49.78,49.8,49.58,49.68,47.36,"7,199,500"
25-Mar-25,49.67,49.76,49.58,49.59,47.28,"5,399,800"
26-Mar-25,49.56,49.58,49.36,49.39,47.08,"6,376,300"
27-Mar-25,49.3,49.31,49.24,49.25,46.95,"10,943,900"
28-Mar-25,49.35,49.58,49.35,49.54,47.23,"17,435,100"
31-Mar-25,49.6,49.79,49.5,49.62,47.3,"7,827,200"
01-Apr-25,49.6,49.73,49.6,49.68,47.49,"5,391,000"
02-Apr-25,49.73,49.74,49.52,49.54,47.36,"5,801,100"
03-Apr-25,50.0,50.0,49.74,49.8,47.6,"9,329,600"
04-Apr-25,50.12,50.13,49.7,49.85,47.65,"12,409,200"
07-Apr-25,49.67,49.84,48.63,48.85,46.7,"20,298,600"
08-Apr-25,48.64,48.78,48.01,48.23,46.1,"19,239,400"
09-Apr-25,47.52,48.66,47.02,48.52,46.38,"37,706,400"
10-Apr-25,48.59,49.12,48.23,48.5,46.36,"19,336,500"
11-Apr-25,48.15,48.29,47.49,48.13,46.01,"17,432,600"
14-Apr-25,48.62,48.63,48.38,48.5,46.36,"11,217,200"
15-Apr-25,48.55,48.68,48.47,48.6,46.46,"9,037,900"
16-Apr-25,48.63,48.73,48.6,48.71,46.56,"12,748,600"
17-Apr-25,48.7,48.81,48.57,48.65,46.51,"10,783,800"
21-Apr-25,48.63,48.67,48.29,48.36,46.23,"14,091,900"
22-Apr-25,48.38,48.46,48.15,48.44,46.3,"11,849,100"
23-Apr-25,48.77,49.0,48.56,48.61,46.47,"7,745,600"
24-Apr-25,48.57,48.84,48.57,48.77,46.62,"9,818,600"
25-Apr-25,48.68,48.9,48.68,48.85,46.7,"9,368,000"
28-Apr-25,48.84,48.94,48.79,48.91,46.75,"6,650,500"
29-Apr-25,48.85,49.03,48.85,49.0,46.84,"5,822,400"
30-Apr-25,48.98,49.2,48.97,49.2,47.03,"9,826,800"
01-May-25,49.17,49.17,48.92,48.98,46.95,"5,363,600"
02-May-25,48.87,48.95,48.82,48.92,46.89,"8,474,100"
05-May-25,48.94,49.0,48.79,48.82,46.8,"7,797,200"
06-May-25,48.82,49.0,48.78,48.99,46.96,"7,390,800"
07-May-25,48.95,49.08,48.94,49.06,47.03,"5,028,500"
08-May-25,49.06,49.08,48.9,48.91,46.88,"4,893,100"
09-May-25,49.01,49.03,48.92,48.92,46.89,"5,835,200"
12-May-25,48.98,49.0,48.8,48.96,46.93,"11,574,100"
13-May-25,48.95,49.01,48.9,49.01,46.98,"6,247,400"
14-May-25,48.96,48.97,48.78,48.8,46.78,"7,900,200"
15-May-25,48.89,49.08,48.87,48.99,46.96,"6,655,800"
16-May-25,49.05,49.07,48.99,49.05,47.02,"7,012,200"
19-May-25,48.89,49.0,48.77,48.99,46.96,"7,349,000"
20-May-25,48.93,48.95,48.85,48.93,46.9,"5,799,500"
21-May-25,48.85,48.87,48.63,48.73,46.71,"9,809,000"
22-May-25,48.65,48.75,48.59,48.7,46.68,"7,847,300"
23-May-25,48.75,48.8,48.69,48.73,46.71,"10,051,000"
27-May-25,48.86,48.91,48.81,48.9,46.87,"7,191,900"
28-May-25,48.87,48.89,48.76,48.83,46.81,"4,783,300"
29-May-25,48.82,48.94,48.79,48.88,46.86,"4,619,300"
30-May-25,48.86,48.87,48.78,48.8,46.78,"4,694,600"
02-Jun-25,48.68,48.79,48.56,48.6,46.72,"7,962,800"
03-Jun-25,48.64,48.69,48.52,48.57,46.69,"13,372,100"
04-Jun-25,48.71,48.73,48.64,48.69,46.81,"8,458,400"
05-Jun-25,48.71,48.77,48.64,48.73,46.84,"14,319,500"
06-Jun-25,48.69,48.69,48.58,48.61,46.73,"10,814,900"
09-Jun-25,48.61,48.75,48.61,48.75,46.86,"13,080,700"
10-Jun-25,48.75,48.78,48.67,48.67,46.79,"8,821,000"
11-Jun-25,48.75,48.8,48.7,48.76,46.87,"12,486,000"
12-Jun-25,48.86,48.94,48.84,48.93,47.04,"8,051,600"
13-Jun-25,48.89,48.9,48.77,48.82,46.93,"6,639,500"
16-Jun-25,48.81,48.86,48.78,48.81,46.92,"7,906,900"
17-Jun-25,48.9,48.92,48.84,48.85,46.96,"5,946,900"
18-Jun-25,48.89,48.91,48.77,48.8,46.91,"5,646,200"
20-Jun-25,48.89,48.89,48.81,48.87,46.98,"5,089,000"
23-Jun-25,48.9,48.98,48.87,48.91,47.02,"5,816,700"
24-Jun-25,48.92,48.96,48.9,48.91,47.02,"7,548,100"
25-Jun-25,48.89,48.93,48.84,48.9,47.01,"4,905,100"
26-Jun-25,48.89,48.97,48.88,48.96,47.06,"4,986,200"
27-Jun-25,48.93,48.99,48.9,48.97,47.07,"4,705,400"
30-Jun-25,49.02,49.06,48.99,49.03,47.13,"8,235,600"
01-Jul-25,48.93,49.05,48.88,48.93,47.17,"5,904,100"
02-Jul-25,48.9,48.97,48.87,48.97,47.21,"4,714,300"
03-Jul-25,48.91,48.95,48.88,48.95,47.19,"4,091,700"
07-Jul-25,48.94,49.0,48.89,49.0,47.23,"6,187,000"
08-Jul-25,48.96,48.97,48.88,48.91,47.15,"4,098,900"
09-Jul-25,48.96,48.97,48.9,48.95,47.19,"4,605,300"
10-Jul-25,48.93,48.97,48.91,48.94,47.18,"5,404,900"
11-Jul-25,48.91,48.91,48.77,48.82,47.06,"5,704,500"
14-Jul-25,48.82,48.86,48.74,48.8,47.04,"7,455,200"
15-Jul-25,48.84,48.84,48.63,48.72,46.96,"9,662,900"
16-Jul-25,48.74,48.75,48.62,48.64,46.89,"5,894,100"
17-Jul-25,48.65,48.67,48.53,48.57,46.82,"8,945,900"
18-Jul-25,48.57,48.58,48.49,48.51,46.76,"11,017,300"
21-Jul-25,48.59,48.7,48.55,48.6,46.85,"12,188,200"
22-Jul-25,48.6,48.63,48.57,48.6,46.85,"6,789,200"
23-Jul-25,48.59,48.6,48.48,48.54,46.79,"5,795,900"
24-Jul-25,48.53,48.53,48.46,48.5,46.75,"10,071,100"
25-Jul-25,48.51,48.57,48.5,48.56,46.81,"9,174,600"
28-Jul-25,48.53,48.58,48.51,48.56,46.81,"11,254,400"
29-Jul-25,48.59,48.73,48.58,48.68,46.93,"10,550,100"
30-Jul-25,48.63,48.7,48.58,48.59,46.84,"9,137,200"
31-Jul-25,48.69,48.72,48.65,48.68,46.93,"6,133,200"
01-Aug-25,48.8,48.92,48.78,48.83,47.2,"10,886,700"
04-Aug-25,48.89,48.89,48.82,48.83,47.2,"6,485,400"
05-Aug-25,48.88,48.9,48.83,48.89,47.26,"6,492,300"
06-Aug-25,48.91,48.91,48.76,48.86,47.23,"5,049,200"
07-Aug-25,48.86,48.9,48.84,48.86,47.23,"6,638,600"
08-Aug-25,48.85,48.87,48.8,48.86,47.23,"4,751,500"
11-Aug-25,48.92,48.94,48.88,48.92,47.29,"5,226,800"
12-Aug-25,48.95,48.95,48.89,48.95,47.32,"5,893,900"
13-Aug-25,48.99,49.0,48.94,48.95,47.32,"5,533,000"
14-Aug-25,48.94,48.94,48.86,48.88,47.25,"4,463,900"
15-Aug-25,48.9,48.91,48.86,48.88,47.25,"6,392,400"
18-Aug-25,48.91,48.92,48.85,48.89,47.26,"6,104,800"
19-Aug-25,48.94,48.94,48.84,48.89,47.26,"6,274,900"
20-Aug-25,48.87,48.92,48.83,48.86,47.23,"5,721,100"
21-Aug-25,48.83,48.85,48.78,48.83,47.2,"12,018,100"
22-Aug-25,48.88,49.02,48.84,48.99,47.36,"7,615,400"
25-Aug-25,48.95,48.99,48.91,48.96,47.33,"8,372,100"
26-Aug-25,48.96,48.99,48.92,48.97,47.34,"4,589,400"
27-Aug-25,48.96,49.0,48.94,49.0,47.37,"6,539,200"
28-Aug-25,49.0,49.02,48.94,49.02,47.39,"5,114,700"
29-Aug-25,48.99,49.03,48.98,49.01,47.38,"3,864,000"
02-Sep-25,48.85,48.86,48.76,48.8,47.31,"5,733,600"
03-Sep-25,48.83,48.95,48.81,48.94,47.44,"6,052,000"
04-Sep-25,49.03,49.06,49.0,49.06,47.56,"6,515,300"
05-Sep-25,49.26,49.38,49.18,49.35,47.84,"7,576,300"
08-Sep-25,49.42,49.68,49.4,49.65,48.13,"10,115,900"
09-Sep-25,49.64,49.77,49.58,49.63,48.11,"7,255,500"
10-Sep-25,49.71,49.88,49.69,49.82,48.3,"5,021,000"
11-Sep-25,49.92,50.03,49.92,50.02,48.49,"5,277,800"
12-Sep-25,49.97,50.01,49.92,49.99,48.46,"3,921,400"
15-Sep-25,50.07,50.12,50.05,50.12,48.59,"4,234,700"
16-Sep-25,50.15,50.18,50.07,50.13,48.6,"6,289,000"
17-Sep-25,50.17,50.34,50.14,50.17,48.64,"8,027,700"
18-Sep-25,50.15,50.19,50.07,50.19,48.66,"8,398,400"
19-Sep-25,50.16,50.2,50.08,50.15,48.62,"3,496,500"
22-Sep-25,50.15,50.16,50.12,50.13,48.6,"3,179,900"
23-Sep-25,50.15,50.2,50.08,50.11,48.58,"3,774,600"
24-Sep-25,50.08,50.11,50.02,50.04,48.51,"4,613,300"
25-Sep-25,50.0,50.02,49.94,50.01,48.48,"5,007,700"
26-Sep-25,50.0,50.03,49.96,49.98,48.45,"3,602,300"
29-Sep-25,50.02,50.08,50.01,50.05,48.52,"3,863,400"
30-Sep-25,50.04,50.12,50.03,50.07,48.54,"4,485,900"
01-Oct-25,50.04,50.06,49.96,49.99,48.6,"8,041,800"
02-Oct-25,49.98,50.02,49.94,49.99,48.6,"4,864,600"
03-Oct-25,50.01,50.07,49.98,49.98,48.59,"4,735,700"
06-Oct-25,49.98,50.02,49.93,50.02,48.63,"4,129,100"
07-Oct-25,50.04,50.09,50.02,50.07,48.68,"4,331,000"
08-Oct-25,50.09,50.13,50.07,50.1,48.71,"5,357,100"
09-Oct-25,50.1,50.11,50.04,50.1,48.71,"3,737,800"
10-Oct-25,50.18,50.25,50.14,50.22,48.82,"4,998,500"
13-Oct-25,50.24,50.31,50.21,50.31,48.91,"3,262,900"
14-Oct-25,50.31,50.32,50.24,50.27,48.87,"4,709,000"
15-Oct-25,50.31,50.37,50.27,50.35,48.95,"6,870,000"
16-Oct-25,50.35,50.49,50.35,50.48,49.08,"4,872,900"
17-Oct-25,50.45,50.5,50.43,50.5,49.1,"6,892,700"
20-Oct-25,50.55,50.58,50.5,50.54,49.13,"3,804,900"
21-Oct-25,50.58,50.59,50.52,50.56,49.15,"4,316,600"
22-Oct-25,50.6,50.62,50.54,50.59,49.18,"4,621,700"
23-Oct-25,50.52,50.57,50.49,50.54,49.13,"4,900,500"
24-Oct-25,50.59,50.62,50.53,50.57,49.16,"4,197,600"
27-Oct-25,50.55,50.61,50.53,50.58,49.17,"4,991,600"
28-Oct-25,50.59,50.6,50.54,50.56,49.15,"6,868,700"
29-Oct-25,50.56,50.59,50.45,50.52,49.11,"7,290,800"
30-Oct-25,50.37,50.5,50.34,50.5,49.1,"6,221,500"
31-Oct-25,50.55,50.57,50.5,50.52,49.11,"5,722,100"
03-Nov-25,50.36,50.44,50.29,50.31,49.05,"5,239,000"
04-Nov-25,50.32,50.42,50.31,50.39,49.12,"6,208,700"
05-Nov-25,50.37,50.39,50.28,50.3,49.04,"5,625,500"
06-Nov-25,50.4,50.4,50.3,50.39,49.12,"8,084,900"
07-Nov-25,50.35,50.42,50.35,50.36,49.1,"5,208,200"
10-Nov-25,50.38,50.41,50.35,50.4,49.13,"5,503,000"
11-Nov-25,50.47,50.53,50.45,50.52,49.25,"2,839,400"
12-Nov-25,50.5,50.5,50.43,50.45,49.18,"4,168,200"
13-Nov-25,50.4,50.41,50.34,50.37,49.11,"4,425,900"
14-Nov-25,50.42,50.42,50.26,50.27,49.01,"6,250,500"
17-Nov-25,50.36,50.39,50.32,50.34,49.08,"5,943,600"
18-Nov-25,50.44,50.45,50.38,50.39,49.12,"5,161,600"
19-Nov-25,50.45,50.46,50.32,50.33,49.07,"5,173,900"
20-Nov-25,50.4,50.42,50.33,50.39,49.12,"5,398,900"
21-Nov-25,50.44,50.45,50.38,50.39,49.12,"5,651,100"
24-Nov-25,50.43,50.45,50.41,50.42,49.15,"5,841,400"
25-Nov-25,50.46,50.46,50.4,50.42,49.15,"7,116,100"
26-Nov-25,50.41,50.54,50.41,50.54,49.27,"8,497,200"
28-Nov-25,50.48,50.54,50.48,50.52,49.25,"2,828,100"
01-Dec-25,50.31,50.31,50.22,50.25,49.13,"3,921,600"
02-Dec-25,50.25,50.25,50.17,50.22,49.1,"5,463,200"
03-Dec-25,50.25,50.29,50.22,50.22,49.1,"7,059,400"
04-Dec-25,50.19,50.22,50.17,50.21,49.09,"5,787,100"
05-Dec-25,50.21,50.24,50.19,50.23,49.11,"4,344,700"
08-Dec-25,50.21,50.24,50.19,50.19,49.07,"5,865,000"
09-Dec-25,50.25,50.27,50.18,50.19,49.07,"6,822,900"
10-Dec-25,50.19,50.26,50.16,50.26,49.14,"5,815,900"
11-Dec-25,50.28,50.33,50.24,50.25,49.13,"6,469,000"
12-Dec-25,50.2,50.24,50.16,50.18,49.06,"5,589,300"
15-Dec-25,50.28,50.28,50.2,50.23,49.11,"4,672,300"
16-Dec-25,50.24,50.3,50.21,50.3,49.18,"4,139,100"
17-Dec-25,50.26,50.31,50.24,50.31,49.18,"4,655,500"
18-Dec-25,50.23,50.24,50.14,50.16,49.18,"5,299,100"
19-Dec-25,50.15,50.17,50.14,50.17,49.19,"5,626,200"
22-Dec-25,50.16,50.19,50.15,50.18,49.2,"5,015,700"
23-Dec-25,50.13,50.21,50.12,50.2,49.22,"5,381,300"
24-Dec-25,50.2,50.25,50.2,50.23,49.25,"5,083,100"
26-Dec-25,50.25,50.28,50.2,50.22,49.24,"3,914,400"
29-Dec-25,50.25,50.26,50.22,50.25,49.27,"6,421,200"
30-Dec-25,50.25,50.3,50.24,50.28,49.29,"4,603,900"
31-Dec-25,50.25,50.34,50.24,50.29,49.3,"4,266,700"
02-Jan-26,50.36,50.37,50.32,50.37,49.38,"6,314,900"
05-Jan-26,50.41,50.42,50.38,50.4,49.41,"6,643,500"
06-Jan-26,50.39,50.46,50.36,50.46,49.47,"6,056,300"
07-Jan-26,50.49,50.55,50.48,50.55,49.56,"8,444,200"
08-Jan-26,50.55,50.55,50.49,50.51,49.52,"5,570,700"
09-Jan-26,50.57,50.58,50.5,50.58,49.59,"7,794,500"
12-Jan-26,50.57,50.57,50.53,50.56,49.57,"5,783,800"
13-Jan-26,50.6,50.6,50.56,50.58,49.59,"8,507,400"
14-Jan-26,50.6,50.63,50.59,50.62,49.63,"5,316,300"
15-Jan-26,50.67,50.67,50.6,50.61,49.62,"4,705,000"
16-Jan-26,50.64,50.65,50.55,50.6,49.61,"10,974,200"
20-Jan-26,50.54,50.55,50.36,50.43,49.44,"10,691,100"
21-Jan-26,50.47,50.51,50.39,50.51,49.52,"8,089,500"
22-Jan-26,50.47,50.5,50.44,50.48,49.49,"4,938,400"
23-Jan-26,50.49,50.56,50.47,50.52,49.53,"7,420,700"
26-Jan-26,50.55,50.58,50.54,50.54,49.55,"5,248,300"
27-Jan-26,50.55,50.59,50.54,50.56,49.57,"5,680,000"
28-Jan-26,50.56,50.62,50.55,50.57,49.58,"10,552,300"
29-Jan-26,50.53,50.62,50.52,50.52,49.53,"14,291,400"
30-Jan-26,50.56,50.63,50.53,50.56,49.57,"12,800,100"
02-Feb-26,50.51,50.52,50.46,50.48,49.63,"9,502,200"
03-Feb-26,50.49,50.53,50.47,50.5,49.65,"13,142,000"
04-Feb-26,50.53,50.59,50.51,50.54,49.69,"11,171,700"
05-Feb-26,50.63,50.67,50.6,50.62,49.77,"11,398,500"
06-Feb-26,50.68,50.68,50.6,50.65,49.8,"10,870,900"
09-Feb-26,50.66,50.7,50.62,50.67,49.82,"10,542,000"
10-Feb-26,50.77,50.82,50.72,50.74,49.88,"10,504,600"
11-Feb-26,50.67,50.74,50.64,50.65,49.8,"14,224,000"
12-Feb-26,50.73,50.8,50.7,50.77,49.91,"10,956,900"
13-Feb-26,50.82,50.92,50.8,50.84,49.98,"11,036,500"
17-Feb-26,50.84,50.89,50.82,50.87,50.01,"9,263,000"
18-Feb-26,50.85,50.89,50.83,50.86,50.0,"9,474,100"
19-Feb-26,50.86,50.91,50.86,50.86,50.0,"9,357,500"
20-Feb-26,50.92,50.94,50.89,50.93,50.07,"6,312,200"
23-Feb-26,50.98,50.99,50.93,50.96,50.1,"4,310,600"
24-Feb-26,50.97,51.05,50.96,51.03,50.17,"3,844,700"
25-Feb-26,51.01,51.08,51.01,51.06,50.2,"3,784,900"
26-Feb-26,51.08,51.14,51.08,51.13,50.27,"4,872,100"
27-Feb-26,51.18,51.18,51.13,51.15,50.29,"4,781,600"
02-Mar-26,50.93,50.94,50.85,50.87,50.16,"9,508,700"
03-Mar-26,50.78,50.78,50.55,50.6,49.89,"10,141,700"
04-Mar-26,50.67,50.67,50.55,50.57,49.86,"6,426,700"
05-Mar-26,50.54,50.6,50.49,50.58,49.87,"6,825,300"
06-Mar-26,50.53,50.57,50.44,50.56,49.85,"7,775,000"
09-Mar-26,50.5,50.55,50.44,50.51,49.8,"7,114,300"
10-Mar-26,50.51,50.53,50.41,50.42,49.71,"6,234,800"
11-Mar-26,50.43,50.44,50.3,50.33,49.63,"8,463,900"
12-Mar-26,50.39,50.39,50.18,50.2,49.5,"9,915,000"
13-Mar-26,50.26,50.38,50.23,50.36,49.65,"9,302,500"
16-Mar-26,50.48,50.49,50.31,50.38,49.67,"6,591,700"
17-Mar-26,50.42,50.42,50.32,50.34,49.64,"5,992,000"
18-Mar-26,50.34,50.35,50.26,50.27,49.57,"8,423,000"
19-Mar-26,50.24,50.31,50.16,50.23,49.53,"10,829,200"
20-Mar-26,50.13,50.17,49.78,49.8,49.1,"9,842,200"
23-Mar-26,49.91,49.99,49.86,49.94,49.24,"6,109,400"
24-Mar-26,49.88,49.91,49.61,49.62,48.93,"8,214,600"
25-Mar-26,49.73,49.78,49.69,49.73,49.03,"7,916,700"
26-Mar-26,49.73,49.75,49.62,49.63,48.94,"8,440,500"
27-Mar-26,49.6,49.67,49.5,49.64,48.95,"9,167,100"
30-Mar-26,49.75,49.81,49.73,49.77,49.07,"9,356,500"
31-Mar-26,49.82,50.0,49.82,49.89,49.19,"9,167,700"
01-Apr-26,49.93,49.95,49.86,49.91,49.35,"8,412,500"
02-Apr-26,49.85,50.01,49.82,50.0,49.44,"10,525,500"
06-Apr-26,49.96,50.02,49.9,49.96,49.4,"7,209,400"
07-Apr-26,49.95,50.02,49.91,50.01,49.45,"7,047,600"
08-Apr-26,50.32,50.36,50.12,50.13,49.57,"10,769,600"
09-Apr-26,50.2,50.29,50.16,50.26,49.7,"7,308,300"
10-Apr-26,50.31,50.32,50.23,50.24,49.68,"6,377,000"
13-Apr-26,50.23,50.31,50.22,50.3,49.74,"6,025,300"
14-Apr-26,50.33,50.35,50.29,50.34,49.78,"5,879,000"
15-Apr-26,50.34,50.35,50.24,50.26,49.7,"5,970,200"
16-Apr-26,50.29,50.33,50.28,50.29,49.73,"4,832,500"
17-Apr-26,50.36,50.47,50.36,50.45,49.89,"6,851,600"
20-Apr-26,50.4,50.48,50.4,50.47,49.91,"6,472,200"
21-Apr-26,50.44,50.45,50.38,50.38,49.82,"4,774,600"
22-Apr-26,50.46,50.47,50.41,50.43,49.87,"4,051,400"
23-Apr-26,50.47,50.48,50.35,50.45,49.89,"5,794,900"
24-Apr-26,50.47,50.48,50.41,50.47,49.91,"5,548,600"
27-Apr-26,50.48,50.49,50.42,50.47,49.91,"4,125,300"
28-Apr-26,50.4,50.42,50.34,50.39,49.83,"5,895,400"
29-Apr-26,50.35,50.36,50.25,50.29,49.73,"5,654,300"
30-Apr-26,50.34,50.37,50.28,50.31,49.75,"6,594,900"
01-May-26,50.21,50.22,50.16,50.17,49.75,"7,585,500"
04-May-26,50.16,50.17,50.07,50.12,49.7,"7,333,500"
05-May-26,50.17,50.18,50.11,50.14,49.72,"7,576,200"
06-May-26,50.26,50.27,50.22,50.23,49.81,"7,012,200"
07-May-26,50.27,50.28,50.18,50.2,49.78,"7,004,000"
08-May-26,50.29,50.3,50.22,50.25,49.83,"4,194,600"
11-May-26,50.26,50.28,50.21,50.22,49.8,"4,497,600"
12-May-26,50.2,50.21,50.08,50.12,49.7,"7,468,900"
13-May-26,50.12,50.15,50.04,50.1,49.68,"8,790,000"
14-May-26,50.06,50.14,50.05,50.05,49.63,"8,951,100"
15-May-26,49.91,49.95,49.73,49.83,49.41,"12,982,700"
18-May-26,49.82,49.86,49.78,49.84,49.42,"8,135,200"
19-May-26,49.72,49.75,49.61,49.68,49.26,"9,533,900"
20-May-26,49.72,49.82,49.67,49.8,49.38,"13,464,200"
21-May-26,49.69,49.85,49.65,49.85,49.43,"10,529,200"
22-May-26,49.88,49.91,49.83,49.88,49.46,"6,190,900"
26-May-26,50.01,50.11,50.01,50.09,49.67,"8,223,000"
27-May-26,50.1,50.21,50.08,50.21,49.79,"7,729,700"
28-May-26,50.15,50.32,50.13,50.28,49.86,"9,167,100"
29-May-26,50.31,50.4,50.27,50.36,49.94,"5,764,100"
01-Jun-26,50.12,50.29,50.09,50.29,50.01,"7,748,800"
02-Jun-26,50.31,50.37,50.27,50.34,50.05,"6,177,600"
03-Jun-26,50.32,50.35,50.22,50.31,50.03,"9,931,800"
04-Jun-26,50.33,50.41,50.33,50.38,50.09,"5,835,100"
05-Jun-26,50.27,50.32,50.23,50.3,50.02,"6,535,000"
08-Jun-26,50.37,50.37,50.27,50.29,50.01,"6,836,400"
09-Jun-26,50.36,50.4,50.3,50.37,50.08,"7,087,100"
10-Jun-26,50.37,50.38,50.22,50.26,49.98,"7,135,000"
11-Jun-26,50.3,50.38,50.23,50.34,50.05,"10,897,700"
12-Jun-26,50.34,50.34,50.21,50.3,50.02,"6,332,700"
15-Jun-26,50.38,50.42,50.35,50.35,50.06,"4,409,100"
16-Jun-26,50.35,50.43,50.33,50.35,50.06,"4,528,000"
17-Jun-26,50.39,50.42,50.27,50.29,50.01,"7,286,600"
18-Jun-26,50.43,50.47,50.37,50.45,50.16,"4,231,800"
22-Jun-26,50.49,50.5,50.4,50.44,50.15,"7,498,300"
23-Jun-26,50.45,50.5,50.41,50.43,50.14,"5,004,900"
24-Jun-26,50.49,50.53,50.47,50.49,50.2,"6,337,300"
25-Jun-26,50.55,50.56,50.51,50.53,50.24,"5,601,700"
26-Jun-26,50.53,50.58,50.49,50.56,50.27,"5,275,100"
29-Jun-26,50.56,50.65,50.56,50.64,50.35,"4,311,500"
30-Jun-26,50.62,50.89,50.56,50.58,50.29,"5,705,200"
01-Jul-26,50.44,50.48,50.36,50.47,50.33,"8,629,100"
02-Jul-26,50.5,50.53,50.43,50.53,50.39,"5,357,000"
06-Jul-26,50.52,50.56,50.5,50.54,50.4,"5,416,000"
07-Jul-26,50.51,50.56,50.4,50.42,50.28,"6,682,300"
08-Jul-26,50.36,50.38,50.25,50.26,50.12,"10,098,200"
09-Jul-26,50.32,50.36,50.28,50.29,50.15,"7,243,000"
10-Jul-26,50.3,50.34,50.29,50.34,50.2,"4,926,600"
13-Jul-26,50.33,50.35,50.25,50.27,50.13,"5,916,600"
14-Jul-26,50.32,50.39,50.28,50.29,50.15,"5,349,200"
15-Jul-26,50.31,50.34,50.2,50.21,50.07,"7,939,700"
16-Jul-26,50.24,50.25,50.12,50.16,50.02,"8,421,500"
17-Jul-26,50.17,50.24,50.09,50.13,49.99,"4,799,800"
20-Jul-26,50.13,50.18,50.02,50.05,49.91,"4,801,200"
21-Jul-26,50.07,50.09,49.94,49.95,49.81,"5,346,800"
22-Jul-26,49.93,49.93,49.81,49.81,49.67,"6,624,000"
23-Jul-26,49.7,49.71,49.45,49.51,49.37,"15,033,600"
24-Jul-26,49.55,49.69,49.53,49.61,49.47,"11,703,000"
27-Jul-26,49.72,49.78,49.69,49.69,49.55,"6,039,400"
28-Jul-26,49.71,49.82,49.69,49.77,49.63,"5,717,600"
29-Jul-26,49.75,49.84,49.68,49.7,49.56,"8,163,200"
30-Jul-26,49.69,49.75,49.58,49.65,49.51,"6,299,900"
31-Jul-26,49.61,49.66,49.53,49.6,49.46,"6,320,000"
03-Aug-26,49.58,49.58,49.49,49.52,49.52,"6,900,700"
04-Aug-26,49.58,49.68,49.56,49.66,49.66,"8,116,600"
05-Aug-26,49.69,49.71,49.64,49.69,49.69,"8,842,200"
06-Aug-26,49.7,49.71,49.65,49.67,49.67,"6,677,200"
07-Aug-26,49.8,49.82,49.74,49.81,49.81,"7,619,000"
10-Aug-26,49.83,49.91,49.74,49.78,49.78,"8,611,900"
11-Aug-26,49.82,49.9,49.76,49.83,49.83,"5,067,600"
12-Aug-26,49.88,49.91,49.81,49.82,49.82,"5,801,100"
13-Aug-26,49.88,49.96,49.85,49.91,49.91,"6,939,000"
14-Aug-26,49.91,49.92,49.76,49.76,49.76,"8,829,900"
17-Aug-26,49.78,49.8,49.61,49.64,49.64,"11,054,688"
