Date,Open,High,Low,Close,Adj Close,Volume
14-May-01,50,50.0,50.0,50.0,10.61,-
15-May-01,50.13,50.13,50.13,50.13,10.63,-
16-May-01,51.08,51.08,51.08,51.08,10.84,-
17-May-01,51.23,51.23,51.23,51.23,10.87,-
18-May-01,51.33,51.33,51.33,51.33,10.89,-
21-May-01,51.56,51.56,51.56,51.56,10.94,-
22-May-01,51.32,51.32,51.32,51.32,10.89,-
23-May-01,51.01,51.01,51.01,51.01,10.82,-
24-May-01,50.84,50.84,50.84,50.84,10.78,-
25-May-01,50.61,50.61,50.61,50.61,10.74,-
29-May-01,50.69,50.69,50.69,50.69,10.75,-
30-May-01,50.33,50.33,50.33,50.33,10.68,-
31-May-01,50.76,50.76,50.76,50.76,10.77,-
1-Jun-01,50.85,50.85,50.85,50.85,10.79,-
4-Jun-01,51.16,51.16,51.16,51.16,10.85,-
5-Jun-01,51.48,51.48,51.48,51.48,10.92,-
6-Jun-01,51.09,51.09,51.09,51.09,10.84,-
7-Jun-01,51.07,51.07,51.07,51.07,10.83,-
8-Jun-01,50.81,50.81,50.81,50.81,10.78,-
11-Jun-01,50.69,50.69,50.69,50.69,10.75,-
12-Jun-01,50.65,50.65,50.65,50.65,10.74,-
13-Jun-01,50.5,50.5,50.5,50.5,10.71,-
14-Jun-01,49.92,49.92,49.92,49.92,10.59,-
15-Jun-01,49.86,49.86,49.86,49.86,10.58,-
18-Jun-01,49.75,49.75,49.75,49.75,10.55,-
19-Jun-01,49.8,49.8,49.8,49.8,10.56,-
20-Jun-01,49.9,49.9,49.9,49.9,10.59,-
21-Jun-01,50.15,50.15,50.15,50.15,10.64,-
22-Jun-01,49.61,49.61,49.61,49.61,10.61,-
25-Jun-01,49.42,49.42,49.42,49.42,10.57,-
26-Jun-01,49.39,49.39,49.39,49.39,10.56,-
27-Jun-01,49.3,49.3,49.3,49.3,10.54,-
28-Jun-01,49.48,49.48,49.48,49.48,10.58,-
29-Jun-01,49.5,49.5,49.5,49.5,10.58,-
2-Jul-01,49.84,49.84,49.84,49.84,10.66,-
3-Jul-01,49.73,49.73,49.73,49.73,10.63,-
5-Jul-01,49.63,49.63,49.63,49.63,10.61,-
6-Jul-01,49.17,49.17,49.17,49.17,10.51,-
9-Jul-01,49.34,49.34,49.34,49.34,10.55,-
10-Jul-01,49.12,49.12,49.12,49.12,10.5,-
11-Jul-01,49.2,49.2,49.2,49.2,10.52,-
12-Jul-01,49.68,49.68,49.68,49.68,10.62,-
13-Jul-01,49.85,49.85,49.85,49.85,10.66,-
16-Jul-01,49.58,49.58,49.58,49.58,10.6,-
17-Jul-01,49.81,49.81,49.81,49.81,10.65,-
18-Jul-01,49.89,49.89,49.89,49.89,10.67,-
19-Jul-01,50,50.0,50.0,50.0,10.69,-
20-Jul-01,49.87,49.87,49.87,49.87,10.66,-
23-Jul-01,49.54,49.54,49.54,49.54,10.59,-
24-Jul-01,48.88,48.88,48.88,48.88,10.45,-
25-Jul-01,49.38,49.38,49.38,49.38,10.56,-
26-Jul-01,49.73,49.73,49.73,49.73,10.63,-
27-Jul-01,49.77,49.77,49.77,49.77,10.64,-
30-Jul-01,49.92,49.92,49.92,49.92,10.67,-
31-Jul-01,50.18,50.18,50.18,50.18,10.73,-
1-Aug-01,50.23,50.23,50.23,50.23,10.74,-
2-Aug-01,50.26,50.26,50.26,50.26,10.75,-
3-Aug-01,50.13,50.13,50.13,50.13,10.72,-
6-Aug-01,49.88,49.88,49.88,49.88,10.67,-
7-Aug-01,50.03,50.03,50.03,50.03,10.7,-
8-Aug-01,49.69,49.69,49.69,49.69,10.63,-
9-Aug-01,49.64,49.64,49.64,49.64,10.61,-
10-Aug-01,49.98,49.98,49.98,49.98,10.69,-
13-Aug-01,49.99,49.99,49.99,49.99,10.69,-
14-Aug-01,50.01,50.01,50.01,50.01,10.69,-
15-Aug-01,49.91,49.91,49.91,49.91,10.67,-
16-Aug-01,50.03,50.03,50.03,50.03,10.7,-
17-Aug-01,49.73,49.73,49.73,49.73,10.63,-
20-Aug-01,49.76,49.76,49.76,49.76,10.64,-
21-Aug-01,49.58,49.58,49.58,49.58,10.6,-
22-Aug-01,49.79,49.79,49.79,49.79,10.65,-
23-Aug-01,49.75,49.75,49.75,49.75,10.64,-
24-Aug-01,50.18,50.18,50.18,50.18,10.73,-
27-Aug-01,50.04,50.04,50.04,50.04,10.7,-
28-Aug-01,49.8,49.8,49.8,49.8,10.65,-
29-Aug-01,49.57,49.57,49.57,49.57,10.6,-
30-Aug-01,49.23,49.23,49.23,49.23,10.53,-
31-Aug-01,49.31,49.31,49.31,49.31,10.54,-
4-Sep-01,49.33,49.33,49.33,49.33,10.55,-
5-Sep-01,49.32,49.32,49.32,49.32,10.55,-
6-Sep-01,48.94,48.94,48.94,48.94,10.47,-
7-Sep-01,48.41,48.41,48.41,48.41,10.35,-
10-Sep-01,48.33,48.33,48.33,48.33,10.33,-
17-Sep-01,46.66,46.66,46.66,46.66,9.98,-
18-Sep-01,46.54,46.54,46.54,46.54,9.95,-
19-Sep-01,46.02,46.02,46.02,46.02,9.84,-
20-Sep-01,44.89,44.89,44.89,44.89,9.6,-
21-Sep-01,44.06,44.06,44.06,44.06,9.51,-
24-Sep-01,44.98,44.98,44.98,44.98,9.71,-
25-Sep-01,45.22,45.22,45.22,45.22,9.76,-
26-Sep-01,45.1,45.1,45.1,45.1,9.73,-
27-Sep-01,45.59,45.59,45.59,45.59,9.84,-
28-Sep-01,46.26,46.26,46.26,46.26,9.98,-
1-Oct-01,46.08,46.08,46.08,46.08,9.95,-
2-Oct-01,46.46,46.46,46.46,46.46,10.03,-
3-Oct-01,47.03,47.03,47.03,47.03,10.15,-
4-Oct-01,46.91,46.91,46.91,46.91,10.12,-
5-Oct-01,46.96,46.96,46.96,46.96,10.14,-
8-Oct-01,46.67,46.67,46.67,46.67,10.07,-
9-Oct-01,46.71,46.71,46.71,46.71,10.08,-
10-Oct-01,47.3,47.3,47.3,47.3,10.21,-
11-Oct-01,47.55,47.55,47.55,47.55,10.26,-
12-Oct-01,47.36,47.36,47.36,47.36,10.22,-
15-Oct-01,47.38,47.38,47.38,47.38,10.23,-
16-Oct-01,47.61,47.61,47.61,47.61,10.28,-
17-Oct-01,47.17,47.17,47.17,47.17,10.18,-
18-Oct-01,46.85,46.85,46.85,46.85,10.11,-
19-Oct-01,46.8,46.8,46.8,46.8,10.1,-
22-Oct-01,47.28,47.28,47.28,47.28,10.2,-
23-Oct-01,47.17,47.17,47.17,47.17,10.18,-
24-Oct-01,47.27,47.27,47.27,47.27,10.2,-
25-Oct-01,47.66,47.66,47.66,47.66,10.29,-
26-Oct-01,47.93,47.93,47.93,47.93,10.34,-
29-Oct-01,47.41,47.41,47.41,47.41,10.23,-
30-Oct-01,46.99,46.99,46.99,46.99,10.14,-
31-Oct-01,46.92,46.92,46.92,46.92,10.13,-
1-Nov-01,47.54,47.54,47.54,47.54,10.26,-
2-Nov-01,47.6,47.6,47.6,47.6,10.27,-
5-Nov-01,48.02,48.02,48.02,48.02,10.36,-
6-Nov-01,48.42,48.42,48.42,48.42,10.45,-
7-Nov-01,48.5,48.5,48.5,48.5,10.47,-
8-Nov-01,48.5,48.5,48.5,48.5,10.47,-
9-Nov-01,48.5,48.5,48.5,48.5,10.47,-
12-Nov-01,48.3,48.3,48.3,48.3,10.42,-
13-Nov-01,48.81,48.81,48.81,48.81,10.53,-
14-Nov-01,48.7,48.7,48.7,48.7,10.51,-
15-Nov-01,48.59,48.59,48.59,48.59,10.49,-
16-Nov-01,48.5,48.5,48.5,48.5,10.47,-
19-Nov-01,49.03,49.03,49.03,49.03,10.58,-
20-Nov-01,48.87,48.87,48.87,48.87,10.55,-
21-Nov-01,48.59,48.59,48.59,48.59,10.49,-
23-Nov-01,48.94,48.94,48.94,48.94,10.56,-
26-Nov-01,49.05,49.05,49.05,49.05,10.59,-
27-Nov-01,48.95,48.95,48.95,48.95,10.56,-
28-Nov-01,48.46,48.46,48.46,48.46,10.46,-
29-Nov-01,48.93,48.93,48.93,48.93,10.56,-
30-Nov-01,49.08,49.08,49.08,49.08,10.59,-
3-Dec-01,48.87,48.87,48.87,48.87,10.55,-
4-Dec-01,49.31,49.31,49.31,49.31,10.64,-
5-Dec-01,49.77,49.77,49.77,49.77,10.74,-
6-Dec-01,49.63,49.63,49.63,49.63,10.71,-
7-Dec-01,49.29,49.29,49.29,49.29,10.64,-
10-Dec-01,48.93,48.93,48.93,48.93,10.56,-
11-Dec-01,48.84,48.84,48.84,48.84,10.54,-
12-Dec-01,48.83,48.83,48.83,48.83,10.54,-
13-Dec-01,48.34,48.34,48.34,48.34,10.43,-
14-Dec-01,48.35,48.35,48.35,48.35,10.44,-
17-Dec-01,48.55,48.55,48.55,48.55,10.48,-
18-Dec-01,49,49.0,49.0,49.0,10.58,-
19-Dec-01,49.2,49.2,49.2,49.2,10.62,-
20-Dec-01,49.03,49.03,49.03,49.03,10.58,-
21-Dec-01,46.62,46.62,46.62,46.62,10.58,-
24-Dec-01,46.68,46.68,46.68,46.68,10.59,-
26-Dec-01,46.79,46.79,46.79,46.79,10.61,-
27-Dec-01,47.06,47.06,47.06,47.06,10.68,-
28-Dec-01,47.23,47.23,47.23,47.23,10.71,-
31-Dec-01,47.09,47.09,47.09,47.09,10.68,-
2-Jan-02,47.12,47.12,47.12,47.12,10.69,-
3-Jan-02,47.49,47.49,47.49,47.49,10.77,-
4-Jan-02,47.77,47.77,47.77,47.77,10.84,-
7-Jan-02,47.73,47.73,47.73,47.73,10.83,-
8-Jan-02,47.43,47.43,47.43,47.43,10.76,-
9-Jan-02,47.31,47.31,47.31,47.31,10.73,-
10-Jan-02,47.27,47.27,47.27,47.27,10.72,-
11-Jan-02,47.1,47.1,47.1,47.1,10.68,-
14-Jan-02,46.79,46.79,46.79,46.79,10.61,-
15-Jan-02,46.96,46.96,46.96,46.96,10.65,-
16-Jan-02,46.49,46.49,46.49,46.49,10.55,-
17-Jan-02,46.65,46.65,46.65,46.65,10.58,-
18-Jan-02,46.56,46.56,46.56,46.56,10.56,-
22-Jan-02,46.44,46.44,46.44,46.44,10.53,-
23-Jan-02,46.68,46.68,46.68,46.68,10.59,-
24-Jan-02,46.99,46.99,46.99,46.99,10.66,-
25-Jan-02,47.15,47.15,47.15,47.15,10.7,-
28-Jan-02,47.14,47.14,47.14,47.14,10.69,-
29-Jan-02,46.42,46.42,46.42,46.42,10.53,-
30-Jan-02,46.67,46.67,46.67,46.67,10.59,-
31-Jan-02,47.2,47.2,47.2,47.2,10.71,-
1-Feb-02,47.08,47.08,47.08,47.08,10.68,-
4-Feb-02,46.52,46.52,46.52,46.52,10.55,-
5-Feb-02,46.26,46.26,46.26,46.26,10.49,-
6-Feb-02,46.1,46.1,46.1,46.1,10.46,-
7-Feb-02,46.08,46.08,46.08,46.08,10.45,-
8-Feb-02,46.52,46.52,46.52,46.52,10.55,-
11-Feb-02,47.06,47.06,47.06,47.06,10.68,-
12-Feb-02,46.93,46.93,46.93,46.93,10.65,-
13-Feb-02,47.18,47.18,47.18,47.18,10.7,-
14-Feb-02,47.18,47.18,47.18,47.18,10.7,-
15-Feb-02,47.16,47.16,47.16,47.16,10.7,-
19-Feb-02,46.63,46.63,46.63,46.63,10.58,-
20-Feb-02,46.96,46.96,46.96,46.96,10.65,-
21-Feb-02,46.77,46.77,46.77,46.77,10.61,-
22-Feb-02,47.04,47.04,47.04,47.04,10.67,-
25-Feb-02,47.5,47.5,47.5,47.5,10.78,-
26-Feb-02,47.51,47.51,47.51,47.51,10.78,-
27-Feb-02,47.71,47.71,47.71,47.71,10.82,-
28-Feb-02,47.65,47.65,47.65,47.65,10.81,-
1-Mar-02,48.2,48.2,48.2,48.2,10.93,-
4-Mar-02,48.89,48.89,48.89,48.89,11.09,-
5-Mar-02,48.54,48.54,48.54,48.54,11.01,-
6-Mar-02,49.08,49.08,49.08,49.08,11.13,-
7-Mar-02,48.8,48.8,48.8,48.8,11.07,-
8-Mar-02,48.65,48.65,48.65,48.65,11.04,-
11-Mar-02,48.82,48.82,48.82,48.82,11.07,-
12-Mar-02,48.86,48.86,48.86,48.86,11.08,-
13-Mar-02,48.67,48.67,48.67,48.67,11.04,-
14-Mar-02,48.59,48.59,48.59,48.59,11.02,-
15-Mar-02,48.95,48.95,48.95,48.95,11.1,-
18-Mar-02,48.97,48.97,48.97,48.97,11.11,-
19-Mar-02,49.11,49.11,49.11,49.11,11.14,-
20-Mar-02,48.7,48.7,48.7,48.7,11.05,-
21-Mar-02,48.67,48.67,48.67,48.67,11.04,-
22-Mar-02,48.15,48.15,48.15,48.15,11.0,-
25-Mar-02,47.71,47.71,47.71,47.71,10.9,-
26-Mar-02,47.99,47.99,47.99,47.99,10.97,-
27-Mar-02,48.27,48.27,48.27,48.27,11.03,-
28-Mar-02,48.3,48.3,48.3,48.3,11.04,-
1-Apr-02,48.21,48.21,48.21,48.21,11.02,-
2-Apr-02,48.16,48.16,48.16,48.16,11.01,-
3-Apr-02,47.93,47.93,47.93,47.93,10.95,-
4-Apr-02,47.95,47.95,47.95,47.95,10.96,-
5-Apr-02,48.02,48.02,48.02,48.02,10.97,-
8-Apr-02,47.99,47.99,47.99,47.99,10.97,-
9-Apr-02,47.94,47.94,47.94,47.94,10.96,-
10-Apr-02,48.33,48.33,48.33,48.33,11.04,-
11-Apr-02,47.81,47.81,47.81,47.81,10.93,-
12-Apr-02,47.92,47.92,47.92,47.92,10.95,-
15-Apr-02,47.71,47.71,47.71,47.71,10.9,-
16-Apr-02,48.34,48.34,48.34,48.34,11.05,-
17-Apr-02,48.33,48.33,48.33,48.33,11.04,-
18-Apr-02,48.26,48.26,48.26,48.26,11.03,-
19-Apr-02,48.27,48.27,48.27,48.27,11.03,-
22-Apr-02,47.84,47.84,47.84,47.84,10.93,-
23-Apr-02,47.73,47.73,47.73,47.73,10.91,-
24-Apr-02,47.55,47.55,47.55,47.55,10.87,-
25-Apr-02,47.51,47.51,47.51,47.51,10.86,-
26-Apr-02,47.3,47.3,47.3,47.3,10.81,-
29-Apr-02,46.9,46.9,46.9,46.9,10.72,-
30-Apr-02,47.29,47.29,47.29,47.29,10.81,-
1-May-02,47.53,47.53,47.53,47.53,10.86,-
2-May-02,47.53,47.53,47.53,47.53,10.86,-
3-May-02,47.47,47.47,47.47,47.47,10.85,-
6-May-02,46.94,46.94,46.94,46.94,10.73,-
7-May-02,46.9,46.9,46.9,46.9,10.72,-
8-May-02,47.57,47.57,47.57,47.57,10.87,-
9-May-02,47.34,47.34,47.34,47.34,10.82,-
10-May-02,47.03,47.03,47.03,47.03,10.75,-
13-May-02,47.42,47.42,47.42,47.42,10.84,-
14-May-02,47.82,47.82,47.82,47.82,10.93,-
15-May-02,47.7,47.7,47.7,47.7,10.9,-
16-May-02,47.82,47.82,47.82,47.82,10.93,-
17-May-02,47.91,47.91,47.91,47.91,10.95,-
20-May-02,47.7,47.7,47.7,47.7,10.9,-
21-May-02,47.61,47.61,47.61,47.61,10.88,-
22-May-02,47.87,47.87,47.87,47.87,10.94,-
23-May-02,48.16,48.16,48.16,48.16,11.01,-
24-May-02,47.85,47.85,47.85,47.85,10.94,-
28-May-02,47.66,47.66,47.66,47.66,10.89,-
29-May-02,47.63,47.63,47.63,47.63,10.88,-
30-May-02,47.55,47.55,47.55,47.55,10.87,-
31-May-02,47.63,47.63,47.63,47.63,10.88,-
3-Jun-02,47.01,47.01,47.01,47.01,10.74,-
4-Jun-02,46.88,46.88,46.88,46.88,10.71,-
5-Jun-02,47.03,47.03,47.03,47.03,10.75,-
6-Jun-02,46.54,46.54,46.54,46.54,10.64,-
7-Jun-02,46.52,46.52,46.52,46.52,10.63,-
10-Jun-02,46.65,46.65,46.65,46.65,10.66,-
11-Jun-02,46.27,46.27,46.27,46.27,10.57,-
12-Jun-02,46.41,46.41,46.41,46.41,10.61,-
13-Jun-02,46.22,46.22,46.22,46.22,10.56,-
14-Jun-02,46.11,46.11,46.11,46.11,10.54,-
17-Jun-02,46.89,46.89,46.89,46.89,10.72,-
18-Jun-02,47.02,47.02,47.02,47.02,10.75,-
19-Jun-02,46.68,46.68,46.68,46.68,10.67,-
20-Jun-02,46.37,46.37,46.37,46.37,10.6,-
21-Jun-02,45.72,45.72,45.72,45.72,10.53,-
24-Jun-02,45.63,45.63,45.63,45.63,10.51,-
25-Jun-02,45.26,45.26,45.26,45.26,10.43,-
26-Jun-02,45.15,45.15,45.15,45.15,10.4,-
27-Jun-02,45.5,45.5,45.5,45.5,10.48,-
28-Jun-02,45.71,45.71,45.71,45.71,10.53,-
1-Jul-02,45.23,45.23,45.23,45.23,10.42,-
2-Jul-02,44.69,44.69,44.69,44.69,10.3,-
3-Jul-02,44.7,44.7,44.7,44.7,10.3,-
5-Jul-02,45.45,45.45,45.45,45.45,10.47,-
8-Jul-02,45.22,45.22,45.22,45.22,10.42,-
9-Jul-02,44.7,44.7,44.7,44.7,10.3,-
10-Jul-02,43.83,43.83,43.83,43.83,10.1,-
11-Jul-02,43.85,43.85,43.85,43.85,10.1,-
12-Jul-02,43.57,43.57,43.57,43.57,10.04,-
15-Jul-02,43.46,43.46,43.46,43.46,10.01,-
16-Jul-02,42.94,42.94,42.94,42.94,9.89,-
17-Jul-02,43.01,43.01,43.01,43.01,9.91,-
18-Jul-02,42.46,42.46,42.46,42.46,9.78,-
19-Jul-02,41.58,41.58,41.58,41.58,9.58,-
22-Jul-02,40.73,40.73,40.73,40.73,9.38,-
23-Jul-02,40.02,40.02,40.02,40.02,9.22,-
24-Jul-02,41.22,41.22,41.22,41.22,9.5,-
25-Jul-02,41.44,41.44,41.44,41.44,9.55,-
26-Jul-02,41.71,41.71,41.71,41.71,9.61,-
29-Jul-02,42.93,42.93,42.93,42.93,9.89,-
30-Jul-02,43.07,43.07,43.07,43.07,9.92,-
31-Jul-02,43.45,43.45,43.45,43.45,10.01,-
1-Aug-02,42.83,42.83,42.83,42.83,9.87,-
2-Aug-02,42.28,42.28,42.28,42.28,9.74,-
5-Aug-02,41.28,41.28,41.28,41.28,9.51,-
6-Aug-02,41.96,41.96,41.96,41.96,9.67,-
7-Aug-02,42.51,42.51,42.51,42.51,9.79,-
8-Aug-02,43.34,43.34,43.34,43.34,9.99,-
9-Aug-02,43.5,43.5,43.5,43.5,10.02,-
12-Aug-02,43.36,43.36,43.36,43.36,9.99,-
13-Aug-02,42.83,42.83,42.83,42.83,9.87,-
14-Aug-02,43.63,43.63,43.63,43.63,10.05,-
15-Aug-02,43.81,43.81,43.81,43.81,10.09,-
16-Aug-02,43.61,43.61,43.61,43.61,10.05,-
19-Aug-02,44.19,44.19,44.19,44.19,10.18,-
20-Aug-02,43.9,43.9,43.9,43.9,10.11,-
21-Aug-02,44.32,44.32,44.32,44.32,10.21,-
22-Aug-02,44.7,44.7,44.7,44.7,10.3,-
23-Aug-02,44.12,44.12,44.12,44.12,10.17,-
26-Aug-02,44.4,44.4,44.4,44.4,10.23,-
27-Aug-02,44.12,44.12,44.12,44.12,10.17,-
28-Aug-02,43.61,43.61,43.61,43.61,10.05,-
29-Aug-02,43.55,43.55,43.55,43.55,10.03,-
30-Aug-02,43.59,43.59,43.59,43.59,10.04,-
3-Sep-02,42.6,42.6,42.6,42.6,9.82,-
4-Sep-02,42.92,42.92,42.92,42.92,9.89,-
5-Sep-02,42.41,42.41,42.41,42.41,9.77,-
6-Sep-02,42.7,42.7,42.7,42.7,9.84,-
9-Sep-02,42.96,42.96,42.96,42.96,9.9,-
10-Sep-02,43.15,43.15,43.15,43.15,9.94,-
11-Sep-02,43.17,43.17,43.17,43.17,9.95,-
12-Sep-02,42.69,42.69,42.69,42.69,9.84,-
13-Sep-02,42.64,42.64,42.64,42.64,9.82,-
16-Sep-02,42.71,42.71,42.71,42.71,9.84,-
17-Sep-02,42.16,42.16,42.16,42.16,9.71,-
18-Sep-02,42.02,42.02,42.02,42.02,9.68,-
19-Sep-02,41.35,41.35,41.35,41.35,9.53,-
20-Sep-02,41.45,41.45,41.45,41.45,9.55,-
23-Sep-02,41.25,41.25,41.25,41.25,9.5,-
24-Sep-02,40.6,40.6,40.6,40.6,9.35,-
25-Sep-02,41.13,41.13,41.13,41.13,9.48,-
26-Sep-02,41.7,41.7,41.7,41.7,9.61,-
27-Sep-02,40.53,40.53,40.53,40.53,9.42,-
30-Sep-02,40.32,40.32,40.32,40.32,9.37,-
1-Oct-02,41.2,41.2,41.2,41.2,9.58,-
2-Oct-02,40.47,40.47,40.47,40.47,9.41,-
3-Oct-02,40.3,40.3,40.3,40.3,9.37,-
4-Oct-02,39.63,39.63,39.63,39.63,9.21,-
7-Oct-02,39.2,39.2,39.2,39.2,9.11,-
8-Oct-02,39.37,39.37,39.37,39.37,9.15,-
9-Oct-02,38.51,38.51,38.51,38.51,8.95,-
10-Oct-02,39.42,39.42,39.42,39.42,9.16,-
11-Oct-02,40.32,40.32,40.32,40.32,9.37,-
14-Oct-02,40.38,40.38,40.38,40.38,9.39,-
15-Oct-02,41.49,41.49,41.49,41.49,9.65,-
16-Oct-02,40.83,40.83,40.83,40.83,9.49,-
17-Oct-02,41.33,41.33,41.33,41.33,9.61,-
18-Oct-02,41.38,41.38,41.38,41.38,9.62,-
21-Oct-02,41.96,41.96,41.96,41.96,9.75,-
22-Oct-02,41.55,41.55,41.55,41.55,9.66,-
23-Oct-02,41.68,41.68,41.68,41.68,9.69,-
24-Oct-02,41.41,41.41,41.41,41.41,9.63,-
25-Oct-02,41.73,41.73,41.73,41.73,9.7,-
28-Oct-02,41.66,41.66,41.66,41.66,9.69,-
29-Oct-02,41.51,41.51,41.51,41.51,9.65,-
30-Oct-02,41.78,41.78,41.78,41.78,9.71,-
31-Oct-02,41.7,41.7,41.7,41.7,9.69,-
1-Nov-02,42.13,42.13,42.13,42.13,9.79,-
4-Nov-02,42.3,42.3,42.3,42.3,9.83,-
5-Nov-02,42.46,42.46,42.46,42.46,9.87,-
6-Nov-02,42.89,42.89,42.89,42.89,9.97,-
7-Nov-02,42.36,42.36,42.36,42.36,9.85,-
8-Nov-02,42.28,42.28,42.28,42.28,9.83,-
11-Nov-02,41.62,41.62,41.62,41.62,9.68,-
12-Nov-02,41.86,41.86,41.86,41.86,9.73,-
13-Nov-02,41.72,41.72,41.72,41.72,9.7,-
14-Nov-02,42.27,42.27,42.27,42.27,9.83,-
15-Nov-02,42.45,42.45,42.45,42.45,9.87,-
18-Nov-02,42.33,42.33,42.33,42.33,9.84,-
19-Nov-02,42.32,42.32,42.32,42.32,9.84,-
20-Nov-02,42.64,42.64,42.64,42.64,9.91,-
21-Nov-02,43.28,43.28,43.28,43.28,10.06,-
22-Nov-02,43.23,43.23,43.23,43.23,10.05,-
25-Nov-02,43.26,43.26,43.26,43.26,10.06,-
26-Nov-02,42.84,42.84,42.84,42.84,9.96,-
27-Nov-02,43.52,43.52,43.52,43.52,10.12,-
29-Nov-02,43.52,43.52,43.52,43.52,10.12,-
2-Dec-02,43.59,43.59,43.59,43.59,10.13,-
3-Dec-02,43.2,43.2,43.2,43.2,10.04,-
4-Dec-02,43.12,43.12,43.12,43.12,10.02,-
5-Dec-02,42.89,42.89,42.89,42.89,9.97,-
6-Dec-02,43.11,43.11,43.11,43.11,10.02,-
9-Dec-02,42.6,42.6,42.6,42.6,9.9,-
10-Dec-02,42.91,42.91,42.91,42.91,9.98,-
11-Dec-02,43,43.0,43.0,43.0,10.0,-
12-Dec-02,42.91,42.91,42.91,42.91,9.98,-
13-Dec-02,42.62,42.62,42.62,42.62,9.91,-
16-Dec-02,43.23,43.23,43.23,43.23,10.05,-
17-Dec-02,43.04,43.04,43.04,43.04,10.01,-
18-Dec-02,42.8,42.8,42.8,42.8,9.95,-
19-Dec-02,42.67,42.67,42.67,42.67,9.92,-
20-Dec-02,42.62,42.62,42.62,42.62,10.0,-
23-Dec-02,42.6,42.6,42.6,42.6,10.0,-
24-Dec-02,42.5,42.5,42.5,42.5,9.97,-
26-Dec-02,42.47,42.47,42.47,42.47,9.97,-
27-Dec-02,42.13,42.13,42.13,42.13,9.89,-
30-Dec-02,42.33,42.33,42.33,42.33,9.93,-
31-Dec-02,42.43,42.43,42.43,42.43,9.96,-
2-Jan-03,43.11,43.11,43.11,43.11,10.12,-
3-Jan-03,43.12,43.12,43.12,43.12,10.12,-
6-Jan-03,43.83,43.83,43.83,43.83,10.28,-
7-Jan-03,43.52,43.52,43.52,43.52,10.21,-
8-Jan-03,43.17,43.17,43.17,43.17,10.13,-
9-Jan-03,43.53,43.53,43.53,43.53,10.21,-
10-Jan-03,43.54,43.54,43.54,43.54,10.22,-
13-Jan-03,43.51,43.51,43.51,43.51,10.21,-
14-Jan-03,43.65,43.65,43.65,43.65,10.24,-
15-Jan-03,43.3,43.3,43.3,43.3,10.16,-
16-Jan-03,43.24,43.24,43.24,43.24,10.15,-
17-Jan-03,42.92,42.92,42.92,42.92,10.07,-
21-Jan-03,42.46,42.46,42.46,42.46,9.96,-
22-Jan-03,42.07,42.07,42.07,42.07,9.87,-
23-Jan-03,42.32,42.32,42.32,42.32,9.93,-
24-Jan-03,41.6,41.6,41.6,41.6,9.76,-
27-Jan-03,41.09,41.09,41.09,41.09,9.64,-
28-Jan-03,41.43,41.43,41.43,41.43,9.72,-
29-Jan-03,41.58,41.58,41.58,41.58,9.76,-
30-Jan-03,41.13,41.13,41.13,41.13,9.65,-
31-Jan-03,41.52,41.52,41.52,41.52,9.74,-
3-Feb-03,41.61,41.61,41.61,41.61,9.76,-
4-Feb-03,41.36,41.36,41.36,41.36,9.7,-
5-Feb-03,41.2,41.2,41.2,41.2,9.67,-
6-Feb-03,41,41.0,41.0,41.0,9.62,-
7-Feb-03,40.81,40.81,40.81,40.81,9.58,-
10-Feb-03,40.9,40.9,40.9,40.9,9.6,-
11-Feb-03,40.66,40.66,40.66,40.66,9.54,-
12-Feb-03,40.39,40.39,40.39,40.39,9.48,-
13-Feb-03,40.43,40.43,40.43,40.43,9.49,-
14-Feb-03,40.81,40.81,40.81,40.81,9.58,-
18-Feb-03,41.32,41.32,41.32,41.32,9.7,-
19-Feb-03,41.18,41.18,41.18,41.18,9.66,-
20-Feb-03,40.97,40.97,40.97,40.97,9.61,-
21-Feb-03,41.22,41.22,41.22,41.22,9.67,-
24-Feb-03,40.8,40.8,40.8,40.8,9.57,-
25-Feb-03,40.89,40.89,40.89,40.89,9.59,-
26-Feb-03,40.65,40.65,40.65,40.65,9.54,-
27-Feb-03,40.86,40.86,40.86,40.86,9.59,-
28-Feb-03,41.04,41.04,41.04,41.04,9.63,-
3-Mar-03,40.97,40.97,40.97,40.97,9.61,-
4-Mar-03,40.6,40.6,40.6,40.6,9.53,-
5-Mar-03,40.81,40.81,40.81,40.81,9.58,-
6-Mar-03,40.51,40.51,40.51,40.51,9.51,-
7-Mar-03,40.69,40.69,40.69,40.69,9.55,-
10-Mar-03,40.09,40.09,40.09,40.09,9.41,-
11-Mar-03,39.85,39.85,39.85,39.85,9.35,-
12-Mar-03,39.77,39.77,39.77,39.77,9.33,-
13-Mar-03,40.31,40.31,40.31,40.31,9.46,-
14-Mar-03,40.41,40.41,40.41,40.41,9.48,-
17-Mar-03,41.17,41.17,41.17,41.17,9.66,-
18-Mar-03,41.32,41.32,41.32,41.32,9.7,-
19-Mar-03,41.51,41.51,41.51,41.51,9.74,-
20-Mar-03,41.53,41.53,41.53,41.53,9.74,-
21-Mar-03,42.13,42.13,42.13,42.13,9.89,-
24-Mar-03,41.34,41.34,41.34,41.34,9.7,-
25-Mar-03,41.6,41.6,41.6,41.6,9.76,-
26-Mar-03,41.52,41.52,41.52,41.52,9.74,-
27-Mar-03,41.51,41.51,41.51,41.51,9.74,-
28-Mar-03,41.11,41.11,41.11,41.11,9.72,-
31-Mar-03,40.7,40.7,40.7,40.7,9.63,-
1-Apr-03,40.99,40.99,40.99,40.99,9.69,-
2-Apr-03,41.55,41.55,41.55,41.55,9.83,-
3-Apr-03,41.33,41.33,41.33,41.33,9.77,-
4-Apr-03,41.49,41.49,41.49,41.49,9.81,-
7-Apr-03,41.59,41.59,41.59,41.59,9.84,-
8-Apr-03,41.56,41.56,41.56,41.56,9.83,-
9-Apr-03,41.32,41.32,41.32,41.32,9.77,-
10-Apr-03,41.42,41.42,41.42,41.42,9.8,-
11-Apr-03,41.29,41.29,41.29,41.29,9.77,-
14-Apr-03,41.77,41.77,41.77,41.77,9.88,-
15-Apr-03,42.02,42.02,42.02,42.02,9.94,-
16-Apr-03,41.72,41.72,41.72,41.72,9.87,-
17-Apr-03,42.06,42.06,42.06,42.06,9.95,-
21-Apr-03,42,42.0,42.0,42.0,9.93,-
22-Apr-03,42.58,42.58,42.58,42.58,10.07,-
23-Apr-03,42.87,42.87,42.87,42.87,10.14,-
24-Apr-03,42.73,42.73,42.73,42.73,10.11,-
25-Apr-03,42.41,42.41,42.41,42.41,10.03,-
28-Apr-03,42.88,42.88,42.88,42.88,10.14,-
29-Apr-03,42.92,42.92,42.92,42.92,10.15,-
30-Apr-03,43.1,43.1,43.1,43.1,10.19,-
1-May-03,43.11,43.11,43.11,43.11,10.2,-
2-May-03,43.5,43.5,43.5,43.5,10.29,-
5-May-03,43.53,43.53,43.53,43.53,10.29,-
6-May-03,43.9,43.9,43.9,43.9,10.38,-
7-May-03,43.85,43.85,43.85,43.85,10.37,-
8-May-03,43.59,43.59,43.59,43.59,10.31,-
9-May-03,43.96,43.96,43.96,43.96,10.4,-
12-May-03,44.36,44.36,44.36,44.36,10.49,-
13-May-03,44.36,44.36,44.36,44.36,10.49,-
14-May-03,44.41,44.41,44.41,44.41,10.5,-
15-May-03,44.61,44.61,44.61,44.61,10.55,-
16-May-03,44.69,44.69,44.69,44.69,10.57,-
19-May-03,43.99,43.99,43.99,43.99,10.4,-
20-May-03,44.04,44.04,44.04,44.04,10.42,-
21-May-03,44.16,44.16,44.16,44.16,10.44,-
22-May-03,44.49,44.49,44.49,44.49,10.52,-
23-May-03,44.68,44.68,44.68,44.68,10.57,-
27-May-03,45.11,45.11,45.11,45.11,10.67,-
28-May-03,45.08,45.08,45.08,45.08,10.66,-
29-May-03,45.03,45.03,45.03,45.03,10.65,-
30-May-03,45.53,45.53,45.53,45.53,10.77,-
2-Jun-03,45.68,45.68,45.68,45.68,10.8,-
3-Jun-03,45.8,45.8,45.8,45.8,10.83,-
4-Jun-03,46.29,46.29,46.29,46.29,10.95,-
5-Jun-03,46.38,46.38,46.38,46.38,10.97,-
6-Jun-03,46.35,46.35,46.35,46.35,10.96,-
9-Jun-03,46,46.0,46.0,46.0,10.88,-
10-Jun-03,46.33,46.33,46.33,46.33,10.96,-
11-Jun-03,46.78,46.78,46.78,46.78,11.06,-
12-Jun-03,46.87,46.87,46.87,46.87,11.08,-
13-Jun-03,46.58,46.58,46.58,46.58,11.02,-
16-Jun-03,47.16,47.16,47.16,47.16,11.15,-
17-Jun-03,47.07,47.07,47.07,47.07,11.13,-
18-Jun-03,46.95,46.95,46.95,46.95,11.1,-
19-Jun-03,46.55,46.55,46.55,46.55,11.01,-
20-Jun-03,46.21,46.21,46.21,46.21,11.01,-
23-Jun-03,45.83,45.83,45.83,45.83,10.92,-
24-Jun-03,45.9,45.9,45.9,45.9,10.93,-
25-Jun-03,45.62,45.62,45.62,45.62,10.87,-
26-Jun-03,45.78,45.78,45.78,45.78,10.9,-
27-Jun-03,45.46,45.46,45.46,45.46,10.83,-
30-Jun-03,45.51,45.51,45.51,45.51,10.84,-
1-Jul-03,45.59,45.59,45.59,45.59,10.86,-
2-Jul-03,45.95,45.95,45.95,45.95,10.94,-
3-Jul-03,45.66,45.66,45.66,45.66,10.87,-
7-Jul-03,46.02,46.02,46.02,46.02,10.96,-
8-Jul-03,46.05,46.05,46.05,46.05,10.97,-
9-Jul-03,45.89,45.89,45.89,45.89,10.93,-
10-Jul-03,45.42,45.42,45.42,45.42,10.82,-
11-Jul-03,45.72,45.72,45.72,45.72,10.89,-
14-Jul-03,45.78,45.78,45.78,45.78,10.9,-
15-Jul-03,45.45,45.45,45.45,45.45,10.82,-
16-Jul-03,45.27,45.27,45.27,45.27,10.78,-
17-Jul-03,45.03,45.03,45.03,45.03,10.72,-
18-Jul-03,45.46,45.46,45.46,45.46,10.83,-
21-Jul-03,44.96,44.96,44.96,44.96,10.71,-
22-Jul-03,45.28,45.28,45.28,45.28,10.78,-
23-Jul-03,45.31,45.31,45.31,45.31,10.79,-
24-Jul-03,45.18,45.18,45.18,45.18,10.76,-
25-Jul-03,45.61,45.61,45.61,45.61,10.86,-
28-Jul-03,45.46,45.46,45.46,45.46,10.83,-
29-Jul-03,45.13,45.13,45.13,45.13,10.75,-
30-Jul-03,45.17,45.17,45.17,45.17,10.76,-
31-Jul-03,45.12,45.12,45.12,45.12,10.75,-
1-Aug-03,44.9,44.9,44.9,44.9,10.69,-
4-Aug-03,45.04,45.04,45.04,45.04,10.73,-
5-Aug-03,44.56,44.56,44.56,44.56,10.61,-
6-Aug-03,44.76,44.76,44.76,44.76,10.66,-
7-Aug-03,45.05,45.05,45.05,45.05,10.73,-
8-Aug-03,45.27,45.27,45.27,45.27,10.78,-
11-Aug-03,45.32,45.32,45.32,45.32,10.79,-
12-Aug-03,45.56,45.56,45.56,45.56,10.85,-
13-Aug-03,45.29,45.29,45.29,45.29,10.79,-
14-Aug-03,45.49,45.49,45.49,45.49,10.83,-
15-Aug-03,45.55,45.55,45.55,45.55,10.85,-
18-Aug-03,45.79,45.79,45.79,45.79,10.91,-
19-Aug-03,45.91,45.91,45.91,45.91,10.93,-
20-Aug-03,45.8,45.8,45.8,45.8,10.91,-
21-Aug-03,45.83,45.83,45.83,45.83,10.92,-
22-Aug-03,45.51,45.51,45.51,45.51,10.84,-
25-Aug-03,45.44,45.44,45.44,45.44,10.82,-
26-Aug-03,45.56,45.56,45.56,45.56,10.85,-
27-Aug-03,45.52,45.52,45.52,45.52,10.84,-
28-Aug-03,45.86,45.86,45.86,45.86,10.92,-
29-Aug-03,46.01,46.01,46.01,46.01,10.96,-
2-Sep-03,46.28,46.28,46.28,46.28,11.02,-
3-Sep-03,46.38,46.38,46.38,46.38,11.05,-
4-Sep-03,46.42,46.42,46.42,46.42,11.06,-
5-Sep-03,46.39,46.39,46.39,46.39,11.05,-
8-Sep-03,46.64,46.64,46.64,46.64,11.11,-
9-Sep-03,46.48,46.48,46.48,46.48,11.07,-
10-Sep-03,46.25,46.25,46.25,46.25,11.02,-
11-Sep-03,46.3,46.3,46.3,46.3,11.03,-
12-Sep-03,46.5,46.5,46.5,46.5,11.07,-
15-Sep-03,46.36,46.36,46.36,46.36,11.04,-
16-Sep-03,46.69,46.69,46.69,46.69,11.12,-
17-Sep-03,46.64,46.64,46.64,46.64,11.11,-
18-Sep-03,47.03,47.03,47.03,47.03,11.2,-
19-Sep-03,46.94,46.94,46.94,46.94,11.18,-
22-Sep-03,46.52,46.52,46.52,46.52,11.08,-
23-Sep-03,46.67,46.67,46.67,46.67,11.12,-
24-Sep-03,46.31,46.31,46.31,46.31,11.03,-
25-Sep-03,46.12,46.12,46.12,46.12,10.98,-
26-Sep-03,45.67,45.67,45.67,45.67,10.96,-
29-Sep-03,45.91,45.91,45.91,45.91,11.02,-
30-Sep-03,45.79,45.79,45.79,45.79,10.99,-
1-Oct-03,46.38,46.38,46.38,46.38,11.13,-
2-Oct-03,46.4,46.4,46.4,46.4,11.13,-
3-Oct-03,46.51,46.51,46.51,46.51,11.16,-
6-Oct-03,46.7,46.7,46.7,46.7,11.21,-
7-Oct-03,46.71,46.71,46.71,46.71,11.21,-
8-Oct-03,46.63,46.63,46.63,46.63,11.19,-
9-Oct-03,46.73,46.73,46.73,46.73,11.21,-
10-Oct-03,46.78,46.78,46.78,46.78,11.22,-
13-Oct-03,47.02,47.02,47.02,47.02,11.28,-
14-Oct-03,47.09,47.09,47.09,47.09,11.3,-
15-Oct-03,46.99,46.99,46.99,46.99,11.27,-
16-Oct-03,46.97,46.97,46.97,46.97,11.27,-
17-Oct-03,46.79,46.79,46.79,46.79,11.23,-
20-Oct-03,46.92,46.92,46.92,46.92,11.26,-
21-Oct-03,46.92,46.92,46.92,46.92,11.26,-
22-Oct-03,46.63,46.63,46.63,46.63,11.19,-
23-Oct-03,46.76,46.76,46.76,46.76,11.22,-
24-Oct-03,46.72,46.72,46.72,46.72,11.21,-
27-Oct-03,46.74,46.74,46.74,46.74,11.21,-
28-Oct-03,47.18,47.18,47.18,47.18,11.32,-
29-Oct-03,47.19,47.19,47.19,47.19,11.32,-
30-Oct-03,47.24,47.24,47.24,47.24,11.33,-
31-Oct-03,47.28,47.28,47.28,47.28,11.34,-
3-Nov-03,47.47,47.47,47.47,47.47,11.39,-
4-Nov-03,47.4,47.4,47.4,47.4,11.37,-
5-Nov-03,47.3,47.3,47.3,47.3,11.35,-
6-Nov-03,47.4,47.4,47.4,47.4,11.37,-
7-Nov-03,47.37,47.37,47.37,47.37,11.37,-
10-Nov-03,47.19,47.19,47.19,47.19,11.32,-
11-Nov-03,47.15,47.15,47.15,47.15,11.31,-
12-Nov-03,47.53,47.53,47.53,47.53,11.4,-
13-Nov-03,47.73,47.73,47.73,47.73,11.45,-
14-Nov-03,47.67,47.67,47.67,47.67,11.44,-
17-Nov-03,47.52,47.52,47.52,47.52,11.4,-
18-Nov-03,47.25,47.25,47.25,47.25,11.34,-
19-Nov-03,47.35,47.35,47.35,47.35,11.36,-
20-Nov-03,47.19,47.19,47.19,47.19,11.32,-
21-Nov-03,47.25,47.25,47.25,47.25,11.34,-
24-Nov-03,47.57,47.57,47.57,47.57,11.41,-
25-Nov-03,47.7,47.7,47.7,47.7,11.45,-
26-Nov-03,47.84,47.84,47.84,47.84,11.48,-
28-Nov-03,47.84,47.84,47.84,47.84,11.48,-
1-Dec-03,48.21,48.21,48.21,48.21,11.57,-
2-Dec-03,48.22,48.22,48.22,48.22,11.57,-
3-Dec-03,48.27,48.27,48.27,48.27,11.58,-
4-Dec-03,48.5,48.5,48.5,48.5,11.64,-
5-Dec-03,48.48,48.48,48.48,48.48,11.63,-
8-Dec-03,48.68,48.68,48.68,48.68,11.68,-
9-Dec-03,48.53,48.53,48.53,48.53,11.64,-
10-Dec-03,48.46,48.46,48.46,48.46,11.63,-
11-Dec-03,48.83,48.83,48.83,48.83,11.72,-
12-Dec-03,48.97,48.97,48.97,48.97,11.75,-
15-Dec-03,48.81,48.81,48.81,48.81,11.71,-
16-Dec-03,49.04,49.04,49.04,49.04,11.77,-
17-Dec-03,49.11,49.11,49.11,49.11,11.78,-
18-Dec-03,49.5,49.5,49.5,49.5,11.88,-
19-Dec-03,49.13,49.13,49.13,49.13,11.88,-
22-Dec-03,49.3,49.3,49.3,49.3,11.92,-
23-Dec-03,49.21,49.21,49.21,49.21,11.9,-
24-Dec-03,49.26,49.26,49.26,49.26,11.91,-
26-Dec-03,49.35,49.35,49.35,49.35,11.93,-
29-Dec-03,49.72,49.72,49.72,49.72,12.02,-
30-Dec-03,49.69,49.69,49.69,49.69,12.02,-
31-Dec-03,49.76,49.76,49.76,49.76,12.03,-
2-Jan-04,49.69,49.69,49.69,49.69,12.02,-
5-Jan-04,50.11,50.11,50.11,50.11,12.12,-
6-Jan-04,50.16,50.16,50.16,50.16,12.13,-
7-Jan-04,50.12,50.12,50.12,50.12,12.12,-
8-Jan-04,50.32,50.32,50.32,50.32,12.17,-
9-Jan-04,50.11,50.11,50.11,50.11,12.12,-
12-Jan-04,50.25,50.25,50.25,50.25,12.15,-
13-Jan-04,50.13,50.13,50.13,50.13,12.12,-
14-Jan-04,50.42,50.42,50.42,50.42,12.19,-
15-Jan-04,50.44,50.44,50.44,50.44,12.2,-
16-Jan-04,50.49,50.49,50.49,50.49,12.21,-
20-Jan-04,50.54,50.54,50.54,50.54,12.22,-
21-Jan-04,50.8,50.8,50.8,50.8,12.28,-
22-Jan-04,50.79,50.79,50.79,50.79,12.28,-
23-Jan-04,50.52,50.52,50.52,50.52,12.22,-
26-Jan-04,50.8,50.8,50.8,50.8,12.28,-
27-Jan-04,50.57,50.57,50.57,50.57,12.23,-
28-Jan-04,50.07,50.07,50.07,50.07,12.11,-
29-Jan-04,50.09,50.09,50.09,50.09,12.11,-
30-Jan-04,50.13,50.13,50.13,50.13,12.12,-
2-Feb-04,50.18,50.18,50.18,50.18,12.13,-
3-Feb-04,50.23,50.23,50.23,50.23,12.15,-
4-Feb-04,50.01,50.01,50.01,50.01,12.09,-
5-Feb-04,50.1,50.1,50.1,50.1,12.12,-
6-Feb-04,50.5,50.5,50.5,50.5,12.21,-
9-Feb-04,50.56,50.56,50.56,50.56,12.23,-
10-Feb-04,50.76,50.76,50.76,50.76,12.27,-
11-Feb-04,51.2,51.2,51.2,51.2,12.38,-
12-Feb-04,51,51.0,51.0,51.0,12.33,-
13-Feb-04,50.93,50.93,50.93,50.93,12.32,-
17-Feb-04,51.21,51.21,51.21,51.21,12.38,-
18-Feb-04,51.06,51.06,51.06,51.06,12.35,-
19-Feb-04,51.02,51.02,51.02,51.02,12.34,-
20-Feb-04,50.83,50.83,50.83,50.83,12.29,-
23-Feb-04,50.85,50.85,50.85,50.85,12.3,-
24-Feb-04,50.83,50.83,50.83,50.83,12.29,-
25-Feb-04,50.98,50.98,50.98,50.98,12.33,-
26-Feb-04,51.02,51.02,51.02,51.02,12.34,-
27-Feb-04,51.16,51.16,51.16,51.16,12.37,-
1-Mar-04,51.47,51.47,51.47,51.47,12.45,-
2-Mar-04,51.27,51.27,51.27,51.27,12.4,-
3-Mar-04,51.29,51.29,51.29,51.29,12.4,-
4-Mar-04,51.38,51.38,51.38,51.38,12.42,-
5-Mar-04,51.72,51.72,51.72,51.72,12.51,-
8-Mar-04,51.61,51.61,51.61,51.61,12.48,-
9-Mar-04,51.44,51.44,51.44,51.44,12.44,-
10-Mar-04,50.87,50.87,50.87,50.87,12.3,-
11-Mar-04,50.4,50.4,50.4,50.4,12.19,-
12-Mar-04,50.74,50.74,50.74,50.74,12.27,-
15-Mar-04,50.26,50.26,50.26,50.26,12.15,-
16-Mar-04,50.52,50.52,50.52,50.52,12.22,-
17-Mar-04,50.89,50.89,50.89,50.89,12.31,-
18-Mar-04,50.81,50.81,50.81,50.81,12.29,-
19-Mar-04,50.51,50.51,50.51,50.51,12.29,-
22-Mar-04,50.1,50.1,50.1,50.1,12.19,-
23-Mar-04,50.09,50.09,50.09,50.09,12.19,-
24-Mar-04,49.92,49.92,49.92,49.92,12.15,-
25-Mar-04,50.31,50.31,50.31,50.31,12.25,-
26-Mar-04,49.93,49.93,49.93,49.93,12.15,-
29-Mar-04,50.31,50.31,50.31,50.31,12.25,-
30-Mar-04,50.46,50.46,50.46,50.46,12.28,-
31-Mar-04,50.55,50.55,50.55,50.55,12.3,-
1-Apr-04,50.71,50.71,50.71,50.71,12.34,-
2-Apr-04,50.76,50.76,50.76,50.76,12.35,-
5-Apr-04,50.89,50.89,50.89,50.89,12.39,-
6-Apr-04,50.89,50.89,50.89,50.89,12.39,-
7-Apr-04,50.69,50.69,50.69,50.69,12.34,-
8-Apr-04,50.57,50.57,50.57,50.57,12.31,-
12-Apr-04,50.73,50.73,50.73,50.73,12.35,-
13-Apr-04,50.21,50.21,50.21,50.21,12.22,-
14-Apr-04,50.11,50.11,50.11,50.11,12.2,-
15-Apr-04,50.22,50.22,50.22,50.22,12.22,-
16-Apr-04,50.44,50.44,50.44,50.44,12.28,-
19-Apr-04,50.38,50.38,50.38,50.38,12.26,-
20-Apr-04,50.38,50.38,50.38,50.38,12.26,-
21-Apr-04,50,50.0,50.0,50.0,12.17,-
22-Apr-04,50.57,50.57,50.57,50.57,12.31,-
23-Apr-04,50.46,50.46,50.46,50.46,12.28,-
26-Apr-04,50.36,50.36,50.36,50.36,12.26,-
27-Apr-04,50.48,50.48,50.48,50.48,12.29,-
28-Apr-04,49.98,49.98,49.98,49.98,12.16,-
29-Apr-04,49.72,49.72,49.72,49.72,12.1,-
30-Apr-04,49.67,49.67,49.67,49.67,12.09,-
3-May-04,49.95,49.95,49.95,49.95,12.16,-
4-May-04,50.01,50.01,50.01,50.01,12.17,-
5-May-04,50.05,50.05,50.05,50.05,12.18,-
6-May-04,49.79,49.79,49.79,49.79,12.12,-
7-May-04,49.1,49.1,49.1,49.1,11.95,-
10-May-04,48.62,48.62,48.62,48.62,11.83,-
11-May-04,48.85,48.85,48.85,48.85,11.89,-
12-May-04,48.92,48.92,48.92,48.92,11.91,-
13-May-04,48.85,48.85,48.85,48.85,11.89,-
14-May-04,48.96,48.96,48.96,48.96,11.92,-
17-May-04,48.66,48.66,48.66,48.66,11.84,-
18-May-04,48.79,48.79,48.79,48.79,11.88,-
19-May-04,48.73,48.73,48.73,48.73,11.86,-
20-May-04,48.74,48.74,48.74,48.74,11.86,-
21-May-04,48.87,48.87,48.87,48.87,11.89,-
24-May-04,48.99,48.99,48.99,48.99,11.92,-
25-May-04,49.46,49.46,49.46,49.46,12.04,-
26-May-04,49.49,49.49,49.49,49.49,12.05,-
27-May-04,49.8,49.8,49.8,49.8,12.12,-
28-May-04,49.68,49.68,49.68,49.68,12.09,-
1-Jun-04,49.69,49.69,49.69,49.69,12.09,-
2-Jun-04,49.81,49.81,49.81,49.81,12.12,-
3-Jun-04,49.57,49.57,49.57,49.57,12.06,-
4-Jun-04,49.75,49.75,49.75,49.75,12.11,-
7-Jun-04,50.29,50.29,50.29,50.29,12.24,-
8-Jun-04,50.31,50.31,50.31,50.31,12.25,-
9-Jun-04,49.95,49.95,49.95,49.95,12.16,-
10-Jun-04,50.13,50.13,50.13,50.13,12.2,-
14-Jun-04,49.7,49.7,49.7,49.7,12.1,-
15-Jun-04,50.07,50.07,50.07,50.07,12.19,-
16-Jun-04,50.15,50.15,50.15,50.15,12.21,-
17-Jun-04,50.27,50.27,50.27,50.27,12.24,-
18-Jun-04,50.39,50.39,50.39,50.39,12.36,-
21-Jun-04,50.3,50.3,50.3,50.3,12.34,-
22-Jun-04,50.35,50.35,50.35,50.35,12.35,-
23-Jun-04,50.65,50.65,50.65,50.65,12.42,-
24-Jun-04,50.65,50.65,50.65,50.65,12.42,-
25-Jun-04,50.11,50.11,50.11,50.11,12.29,-
28-Jun-04,50.02,50.02,50.02,50.02,12.27,-
29-Jun-04,50.15,50.15,50.15,50.15,12.3,-
30-Jun-04,50.39,50.39,50.39,50.39,12.36,-
1-Jul-04,50.05,50.05,50.05,50.05,12.27,-
2-Jul-04,50.04,50.04,50.04,50.04,12.27,-
6-Jul-04,49.84,49.84,49.84,49.84,12.22,-
7-Jul-04,49.93,49.93,49.93,49.93,12.24,-
8-Jul-04,49.76,49.76,49.76,49.76,12.2,-
9-Jul-04,49.85,49.85,49.85,49.85,12.23,-
12-Jul-04,49.9,49.9,49.9,49.9,12.24,-
13-Jul-04,49.86,49.86,49.86,49.86,12.23,-
14-Jul-04,49.87,49.87,49.87,49.87,12.23,-
15-Jul-04,49.75,49.75,49.75,49.75,12.2,-
16-Jul-04,49.79,49.79,49.79,49.79,12.21,-
19-Jul-04,49.8,49.8,49.8,49.8,12.21,-
20-Jul-04,49.85,49.85,49.85,49.85,12.23,-
21-Jul-04,49.44,49.44,49.44,49.44,12.12,-
22-Jul-04,49.42,49.42,49.42,49.42,12.12,-
23-Jul-04,49.23,49.23,49.23,49.23,12.07,-
26-Jul-04,49.19,49.19,49.19,49.19,12.06,-
27-Jul-04,49.35,49.35,49.35,49.35,12.1,-
28-Jul-04,49.52,49.52,49.52,49.52,12.14,-
29-Jul-04,49.65,49.65,49.65,49.65,12.18,-
30-Jul-04,49.73,49.73,49.73,49.73,12.2,-
2-Aug-04,49.87,49.87,49.87,49.87,12.23,-
3-Aug-04,49.8,49.8,49.8,49.8,12.21,-
4-Aug-04,49.75,49.75,49.75,49.75,12.2,-
5-Aug-04,49.31,49.31,49.31,49.31,12.09,-
6-Aug-04,49.04,49.04,49.04,49.04,12.03,-
9-Aug-04,49.07,49.07,49.07,49.07,12.03,-
10-Aug-04,49.41,49.41,49.41,49.41,12.12,-
11-Aug-04,49.4,49.4,49.4,49.4,12.11,-
12-Aug-04,49.09,49.09,49.09,49.09,12.04,-
13-Aug-04,49.16,49.16,49.16,49.16,12.06,-
16-Aug-04,49.56,49.56,49.56,49.56,12.15,-
17-Aug-04,49.61,49.61,49.61,49.61,12.17,-
18-Aug-04,49.94,49.94,49.94,49.94,12.25,-
19-Aug-04,49.84,49.84,49.84,49.84,12.22,-
20-Aug-04,50.08,50.08,50.08,50.08,12.28,-
23-Aug-04,49.89,49.89,49.89,49.89,12.24,-
24-Aug-04,49.93,49.93,49.93,49.93,12.24,-
25-Aug-04,50.19,50.19,50.19,50.19,12.31,-
26-Aug-04,50.26,50.26,50.26,50.26,12.33,-
27-Aug-04,50.36,50.36,50.36,50.36,12.35,-
30-Aug-04,50.19,50.19,50.19,50.19,12.31,-
31-Aug-04,50.46,50.46,50.46,50.46,12.37,-
1-Sep-04,50.54,50.54,50.54,50.54,12.39,-
2-Sep-04,50.85,50.85,50.85,50.85,12.47,-
3-Sep-04,50.69,50.69,50.69,50.69,12.43,-
7-Sep-04,50.92,50.92,50.92,50.92,12.49,-
8-Sep-04,50.88,50.88,50.88,50.88,12.48,-
9-Sep-04,50.93,50.93,50.93,50.93,12.49,-
10-Sep-04,51,51.0,51.0,51.0,12.51,-
13-Sep-04,51.04,51.04,51.04,51.04,12.52,-
14-Sep-04,51.12,51.12,51.12,51.12,12.54,-
15-Sep-04,50.91,50.91,50.91,50.91,12.49,-
16-Sep-04,51.14,51.14,51.14,51.14,12.54,-
17-Sep-04,51.28,51.28,51.28,51.28,12.58,-
20-Sep-04,51.17,51.17,51.17,51.17,12.55,-
21-Sep-04,51.43,51.43,51.43,51.43,12.61,-
22-Sep-04,51.07,51.07,51.07,51.07,12.52,-
23-Sep-04,50.88,50.88,50.88,50.88,12.48,-
24-Sep-04,50.6,50.6,50.6,50.6,12.5,-
27-Sep-04,50.48,50.48,50.48,50.48,12.47,-
28-Sep-04,50.7,50.7,50.7,50.7,12.53,-
29-Sep-04,50.76,50.76,50.76,50.76,12.54,-
30-Sep-04,50.85,50.85,50.85,50.85,12.56,-
1-Oct-04,51.26,51.26,51.26,51.26,12.67,-
4-Oct-04,51.34,51.34,51.34,51.34,12.69,-
5-Oct-04,51.35,51.35,51.35,51.35,12.69,-
6-Oct-04,51.57,51.57,51.57,51.57,12.74,-
7-Oct-04,51.2,51.2,51.2,51.2,12.65,-
8-Oct-04,51.18,51.18,51.18,51.18,12.65,-
11-Oct-04,51.19,51.19,51.19,51.19,12.65,-
12-Oct-04,51.09,51.09,51.09,51.09,12.62,-
13-Oct-04,50.77,50.77,50.77,50.77,12.54,-
14-Oct-04,50.53,50.53,50.53,50.53,12.49,-
15-Oct-04,50.62,50.62,50.62,50.62,12.51,-
18-Oct-04,50.66,50.66,50.66,50.66,12.52,-
19-Oct-04,50.42,50.42,50.42,50.42,12.46,-
20-Oct-04,50.49,50.49,50.49,50.49,12.48,-
21-Oct-04,50.56,50.56,50.56,50.56,12.49,-
22-Oct-04,50.43,50.43,50.43,50.43,12.46,-
25-Oct-04,50.51,50.51,50.51,50.51,12.48,-
26-Oct-04,50.92,50.92,50.92,50.92,12.58,-
27-Oct-04,51.2,51.2,51.2,51.2,12.65,-
28-Oct-04,51.21,51.21,51.21,51.21,12.65,-
29-Oct-04,51.4,51.4,51.4,51.4,12.7,-
1-Nov-04,51.43,51.43,51.43,51.43,12.71,-
2-Nov-04,51.35,51.35,51.35,51.35,12.69,-
3-Nov-04,51.8,51.8,51.8,51.8,12.8,-
4-Nov-04,52.37,52.37,52.37,52.37,12.94,-
5-Nov-04,52.37,52.37,52.37,52.37,12.94,-
8-Nov-04,52.32,52.32,52.32,52.32,12.93,-
9-Nov-04,52.35,52.35,52.35,52.35,12.94,-
10-Nov-04,52.35,52.35,52.35,52.35,12.94,-
11-Nov-04,52.64,52.64,52.64,52.64,13.01,-
12-Nov-04,52.9,52.9,52.9,52.9,13.07,-
15-Nov-04,52.8,52.8,52.8,52.8,13.05,-
16-Nov-04,52.59,52.59,52.59,52.59,12.99,-
17-Nov-04,52.84,52.84,52.84,52.84,13.06,-
18-Nov-04,52.85,52.85,52.85,52.85,13.06,-
19-Nov-04,52.53,52.53,52.53,52.53,12.98,-
22-Nov-04,52.79,52.79,52.79,52.79,13.04,-
23-Nov-04,52.76,52.76,52.76,52.76,13.04,-
24-Nov-04,52.94,52.94,52.94,52.94,13.08,-
26-Nov-04,53.03,53.03,53.03,53.03,13.1,-
29-Nov-04,52.89,52.89,52.89,52.89,13.07,-
30-Nov-04,52.76,52.76,52.76,52.76,13.04,-
1-Dec-04,53.2,53.2,53.2,53.2,13.15,-
2-Dec-04,53.05,53.05,53.05,53.05,13.11,-
3-Dec-04,53.18,53.18,53.18,53.18,13.14,-
6-Dec-04,53.2,53.2,53.2,53.2,13.15,-
7-Dec-04,52.87,52.87,52.87,52.87,13.06,-
8-Dec-04,53.03,53.03,53.03,53.03,13.1,-
9-Dec-04,53.19,53.19,53.19,53.19,13.14,-
10-Dec-04,53.11,53.11,53.11,53.11,13.12,-
13-Dec-04,53.5,53.5,53.5,53.5,13.22,-
14-Dec-04,53.67,53.67,53.67,53.67,13.26,-
15-Dec-04,53.88,53.88,53.88,53.88,13.31,-
16-Dec-04,53.68,53.68,53.68,53.68,13.26,-
17-Dec-04,53.5,53.5,53.5,53.5,13.22,-
20-Dec-04,53.6,53.6,53.6,53.6,13.24,-
21-Dec-04,53.92,53.92,53.92,53.92,13.32,-
22-Dec-04,53.99,53.99,53.99,53.99,13.34,-
23-Dec-04,51.99,51.99,51.99,51.99,13.36,-
27-Dec-04,51.8,51.8,51.8,51.8,13.31,-
28-Dec-04,52.04,52.04,52.04,52.04,13.37,-
29-Dec-04,52.06,52.06,52.06,52.06,13.37,-
30-Dec-04,52.14,52.14,52.14,52.14,13.39,-
31-Dec-04,52.15,52.15,52.15,52.15,13.4,-
3-Jan-05,51.79,51.79,51.79,51.79,13.31,-
4-Jan-05,51.32,51.32,51.32,51.32,13.18,-
5-Jan-05,51.16,51.16,51.16,51.16,13.14,-
6-Jan-05,51.31,51.31,51.31,51.31,13.18,-
7-Jan-05,51.25,51.25,51.25,51.25,13.17,-
10-Jan-05,51.36,51.36,51.36,51.36,13.19,-
11-Jan-05,51.2,51.2,51.2,51.2,13.15,-
12-Jan-05,51.35,51.35,51.35,51.35,13.19,-
13-Jan-05,51.15,51.15,51.15,51.15,13.14,-
14-Jan-05,51.28,51.28,51.28,51.28,13.17,-
18-Jan-05,51.51,51.51,51.51,51.51,13.23,-
19-Jan-05,51.25,51.25,51.25,51.25,13.17,-
20-Jan-05,51.06,51.06,51.06,51.06,13.12,-
21-Jan-05,50.97,50.97,50.97,50.97,13.09,-
24-Jan-05,50.95,50.95,50.95,50.95,13.09,-
25-Jan-05,51.03,51.03,51.03,51.03,13.11,-
26-Jan-05,51.22,51.22,51.22,51.22,13.16,-
27-Jan-05,51.23,51.23,51.23,51.23,13.16,-
28-Jan-05,51.23,51.23,51.23,51.23,13.16,-
31-Jan-05,51.51,51.51,51.51,51.51,13.23,-
1-Feb-05,51.78,51.78,51.78,51.78,13.3,-
2-Feb-05,51.93,51.93,51.93,51.93,13.34,-
3-Feb-05,51.88,51.88,51.88,51.88,13.33,-
4-Feb-05,52.33,52.33,52.33,52.33,13.44,-
7-Feb-05,52.33,52.33,52.33,52.33,13.44,-
8-Feb-05,52.37,52.37,52.37,52.37,13.45,-
9-Feb-05,52.15,52.15,52.15,52.15,13.4,-
10-Feb-05,52.29,52.29,52.29,52.29,13.43,-
11-Feb-05,52.52,52.52,52.52,52.52,13.49,-
14-Feb-05,52.59,52.59,52.59,52.59,13.51,-
15-Feb-05,52.61,52.61,52.61,52.61,13.52,-
16-Feb-05,52.63,52.63,52.63,52.63,13.52,-
17-Feb-05,52.39,52.39,52.39,52.39,13.46,-
18-Feb-05,52.44,52.44,52.44,52.44,13.47,-
22-Feb-05,52.04,52.04,52.04,52.04,13.37,-
23-Feb-05,52.3,52.3,52.3,52.3,13.44,-
24-Feb-05,52.56,52.56,52.56,52.56,13.5,-
25-Feb-05,52.95,52.95,52.95,52.95,13.6,-
28-Feb-05,52.7,52.7,52.7,52.7,13.54,-
1-Mar-05,52.84,52.84,52.84,52.84,13.57,-
2-Mar-05,52.86,52.86,52.86,52.86,13.58,-
3-Mar-05,52.91,52.91,52.91,52.91,13.59,-
4-Mar-05,53.39,53.39,53.39,53.39,13.72,-
7-Mar-05,53.39,53.39,53.39,53.39,13.72,-
8-Mar-05,53.25,53.25,53.25,53.25,13.68,-
9-Mar-05,52.78,52.78,52.78,52.78,13.56,-
10-Mar-05,52.86,52.86,52.86,52.86,13.58,-
11-Mar-05,52.65,52.65,52.65,52.65,13.53,-
14-Mar-05,52.82,52.82,52.82,52.82,13.57,-
15-Mar-05,52.53,52.53,52.53,52.53,13.5,-
16-Mar-05,52.29,52.29,52.29,52.29,13.43,-
17-Mar-05,52.42,52.42,52.42,52.42,13.47,-
18-Mar-05,52.38,52.38,52.38,52.38,13.46,-
21-Mar-05,52.14,52.14,52.14,52.14,13.39,-
22-Mar-05,51.75,51.75,51.75,51.75,13.29,-
23-Mar-05,51.27,51.27,51.27,51.27,13.26,-
24-Mar-05,51.29,51.29,51.29,51.29,13.27,-
28-Mar-05,51.23,51.23,51.23,51.23,13.25,-
29-Mar-05,50.97,50.97,50.97,50.97,13.19,-
30-Mar-05,51.42,51.42,51.42,51.42,13.3,-
31-Mar-05,51.53,51.53,51.53,51.53,13.33,-
1-Apr-05,51.42,51.42,51.42,51.42,13.3,-
4-Apr-05,51.47,51.47,51.47,51.47,13.32,-
5-Apr-05,51.6,51.6,51.6,51.6,13.35,-
6-Apr-05,51.79,51.79,51.79,51.79,13.4,-
7-Apr-05,51.96,51.96,51.96,51.96,13.44,-
8-Apr-05,51.66,51.66,51.66,51.66,13.36,-
11-Apr-05,51.75,51.75,51.75,51.75,13.39,-
12-Apr-05,51.9,51.9,51.9,51.9,13.43,-
13-Apr-05,51.5,51.5,51.5,51.5,13.32,-
14-Apr-05,51.12,51.12,51.12,51.12,13.23,-
15-Apr-05,50.63,50.63,50.63,50.63,13.1,-
18-Apr-05,50.77,50.77,50.77,50.77,13.13,-
19-Apr-05,51.1,51.1,51.1,51.1,13.22,-
20-Apr-05,50.62,50.62,50.62,50.62,13.1,-
21-Apr-05,51.11,51.11,51.11,51.11,13.22,-
22-Apr-05,51.04,51.04,51.04,51.04,13.2,-
25-Apr-05,51.29,51.29,51.29,51.29,13.27,-
26-Apr-05,50.97,50.97,50.97,50.97,13.19,-
27-Apr-05,51.05,51.05,51.05,51.05,13.21,-
28-Apr-05,50.81,50.81,50.81,50.81,13.14,-
29-Apr-05,51.21,51.21,51.21,51.21,13.25,-
2-May-05,51.42,51.42,51.42,51.42,13.3,-
3-May-05,51.33,51.33,51.33,51.33,13.28,-
4-May-05,51.75,51.75,51.75,51.75,13.39,-
5-May-05,51.66,51.66,51.66,51.66,13.36,-
6-May-05,51.54,51.54,51.54,51.54,13.33,-
9-May-05,51.71,51.71,51.71,51.71,13.38,-
10-May-05,51.39,51.39,51.39,51.39,13.3,-
11-May-05,51.53,51.53,51.53,51.53,13.33,-
12-May-05,51.12,51.12,51.12,51.12,13.23,-
13-May-05,50.87,50.87,50.87,50.87,13.16,-
16-May-05,51.13,51.13,51.13,51.13,13.23,-
17-May-05,51.4,51.4,51.4,51.4,13.3,-
18-May-05,51.86,51.86,51.86,51.86,13.42,-
19-May-05,51.96,51.96,51.96,51.96,13.44,-
20-May-05,51.84,51.84,51.84,51.84,13.41,-
23-May-05,52.05,52.05,52.05,52.05,13.47,-
24-May-05,52.05,52.05,52.05,52.05,13.47,-
25-May-05,51.95,51.95,51.95,51.95,13.44,-
26-May-05,52.12,52.12,52.12,52.12,13.48,-
27-May-05,52.2,52.2,52.2,52.2,13.5,-
31-May-05,52.06,52.06,52.06,52.06,13.47,-
1-Jun-05,52.45,52.45,52.45,52.45,13.57,-
2-Jun-05,52.47,52.47,52.47,52.47,13.57,-
3-Jun-05,52.27,52.27,52.27,52.27,13.52,-
6-Jun-05,52.33,52.33,52.33,52.33,13.54,-
7-Jun-05,52.42,52.42,52.42,52.42,13.56,-
8-Jun-05,52.34,52.34,52.34,52.34,13.54,-
9-Jun-05,52.45,52.45,52.45,52.45,13.57,-
10-Jun-05,52.39,52.39,52.39,52.39,13.55,-
13-Jun-05,52.43,52.43,52.43,52.43,13.56,-
14-Jun-05,52.45,52.45,52.45,52.45,13.57,-
15-Jun-05,52.53,52.53,52.53,52.53,13.59,-
16-Jun-05,52.74,52.74,52.74,52.74,13.64,-
17-Jun-05,52.98,52.98,52.98,52.98,13.71,-
20-Jun-05,52.99,52.99,52.99,52.99,13.71,-
21-Jun-05,52.94,52.94,52.94,52.94,13.7,-
22-Jun-05,53.08,53.08,53.08,53.08,13.73,-
23-Jun-05,52.68,52.68,52.68,52.68,13.63,-
24-Jun-05,52.08,52.08,52.08,52.08,13.57,-
27-Jun-05,52.13,52.13,52.13,52.13,13.58,-
28-Jun-05,52.36,52.36,52.36,52.36,13.64,-
29-Jun-05,52.24,52.24,52.24,52.24,13.61,-
30-Jun-05,52.04,52.04,52.04,52.04,13.56,-
1-Jul-05,52.13,52.13,52.13,52.13,13.58,-
5-Jul-05,52.3,52.3,52.3,52.3,13.63,-
6-Jul-05,52.1,52.1,52.1,52.1,13.58,-
7-Jul-05,52.17,52.17,52.17,52.17,13.6,-
8-Jul-05,52.51,52.51,52.51,52.51,13.68,-
11-Jul-05,52.72,52.72,52.72,52.72,13.74,-
12-Jul-05,52.76,52.76,52.76,52.76,13.75,-
13-Jul-05,52.73,52.73,52.73,52.73,13.74,-
14-Jul-05,52.75,52.75,52.75,52.75,13.75,-
15-Jul-05,52.75,52.75,52.75,52.75,13.75,-
18-Jul-05,52.55,52.55,52.55,52.55,13.69,-
19-Jul-05,52.8,52.8,52.8,52.8,13.76,-
20-Jul-05,53.09,53.09,53.09,53.09,13.83,-
21-Jul-05,52.79,52.79,52.79,52.79,13.76,-
22-Jul-05,53.03,53.03,53.03,53.03,13.82,-
25-Jul-05,52.94,52.94,52.94,52.94,13.8,-
26-Jul-05,52.93,52.93,52.93,52.93,13.79,-
27-Jul-05,53.1,53.1,53.1,53.1,13.84,-
28-Jul-05,53.42,53.42,53.42,53.42,13.92,-
29-Jul-05,53.21,53.21,53.21,53.21,13.87,-
1-Aug-05,53.24,53.24,53.24,53.24,13.87,-
2-Aug-05,53.52,53.52,53.52,53.52,13.95,-
3-Aug-05,53.65,53.65,53.65,53.65,13.98,-
4-Aug-05,53.44,53.44,53.44,53.44,13.93,-
5-Aug-05,53.13,53.13,53.13,53.13,13.85,-
8-Aug-05,53.11,53.11,53.11,53.11,13.84,-
9-Aug-05,53.39,53.39,53.39,53.39,13.91,-
10-Aug-05,53.47,53.47,53.47,53.47,13.93,-
11-Aug-05,53.8,53.8,53.8,53.8,14.02,-
12-Aug-05,53.68,53.68,53.68,53.68,13.99,-
15-Aug-05,53.71,53.71,53.71,53.71,14.0,-
16-Aug-05,53.34,53.34,53.34,53.34,13.9,-
17-Aug-05,53.2,53.2,53.2,53.2,13.86,-
18-Aug-05,53.13,53.13,53.13,53.13,13.85,-
19-Aug-05,53.26,53.26,53.26,53.26,13.88,-
22-Aug-05,53.41,53.41,53.41,53.41,13.92,-
23-Aug-05,53.28,53.28,53.28,53.28,13.88,-
24-Aug-05,53.09,53.09,53.09,53.09,13.83,-
25-Aug-05,53.24,53.24,53.24,53.24,13.87,-
26-Aug-05,53.02,53.02,53.02,53.02,13.82,-
29-Aug-05,53.22,53.22,53.22,53.22,13.87,-
30-Aug-05,53.24,53.24,53.24,53.24,13.87,-
31-Aug-05,53.69,53.69,53.69,53.69,13.99,-
1-Sep-05,53.9,53.9,53.9,53.9,14.05,-
2-Sep-05,53.79,53.79,53.79,53.79,14.02,-
6-Sep-05,54.11,54.11,54.11,54.11,14.1,-
7-Sep-05,54.09,54.09,54.09,54.09,14.1,-
8-Sep-05,53.93,53.93,53.93,53.93,14.05,-
9-Sep-05,54.27,54.27,54.27,54.27,14.14,-
12-Sep-05,54.18,54.18,54.18,54.18,14.12,-
13-Sep-05,53.98,53.98,53.98,53.98,14.07,-
14-Sep-05,53.96,53.96,53.96,53.96,14.06,-
15-Sep-05,53.98,53.98,53.98,53.98,14.07,-
16-Sep-05,54.29,54.29,54.29,54.29,14.15,-
19-Sep-05,54.19,54.19,54.19,54.19,14.12,-
20-Sep-05,53.97,53.97,53.97,53.97,14.06,-
21-Sep-05,53.79,53.79,53.79,53.79,14.02,-
22-Sep-05,53.89,53.89,53.89,53.89,14.04,-
23-Sep-05,53.45,53.45,53.45,53.45,14.03,-
26-Sep-05,53.49,53.49,53.49,53.49,14.04,-
27-Sep-05,53.46,53.46,53.46,53.46,14.03,-
28-Sep-05,53.67,53.67,53.67,53.67,14.09,-
29-Sep-05,53.9,53.9,53.9,53.9,14.15,-
30-Sep-05,53.88,53.88,53.88,53.88,14.14,-
3-Oct-05,53.79,53.79,53.79,53.79,14.12,-
4-Oct-05,53.46,53.46,53.46,53.46,14.03,-
5-Oct-05,52.91,52.91,52.91,52.91,13.89,-
6-Oct-05,52.74,52.74,52.74,52.74,13.84,-
7-Oct-05,52.93,52.93,52.93,52.93,13.89,-
10-Oct-05,52.69,52.69,52.69,52.69,13.83,-
11-Oct-05,52.67,52.67,52.67,52.67,13.82,-
12-Oct-05,52.35,52.35,52.35,52.35,13.74,-
13-Oct-05,52.12,52.12,52.12,52.12,13.68,-
14-Oct-05,52.41,52.41,52.41,52.41,13.76,-
17-Oct-05,52.5,52.5,52.5,52.5,13.78,-
18-Oct-05,52.12,52.12,52.12,52.12,13.68,-
19-Oct-05,52.67,52.67,52.67,52.67,13.82,-
20-Oct-05,52.05,52.05,52.05,52.05,13.66,-
21-Oct-05,52.14,52.14,52.14,52.14,13.69,-
24-Oct-05,52.7,52.7,52.7,52.7,13.83,-
25-Oct-05,52.67,52.67,52.67,52.67,13.82,-
26-Oct-05,52.49,52.49,52.49,52.49,13.78,-
27-Oct-05,52.2,52.2,52.2,52.2,13.7,-
28-Oct-05,52.71,52.71,52.71,52.71,13.83,-
31-Oct-05,52.91,52.91,52.91,52.91,13.89,-
1-Nov-05,52.83,52.83,52.83,52.83,13.87,-
2-Nov-05,53.22,53.22,53.22,53.22,13.97,-
3-Nov-05,53.31,53.31,53.31,53.31,13.99,-
4-Nov-05,53.19,53.19,53.19,53.19,13.96,-
7-Nov-05,53.26,53.26,53.26,53.26,13.98,-
8-Nov-05,53.31,53.31,53.31,53.31,13.99,-
9-Nov-05,53.25,53.25,53.25,53.25,13.98,-
10-Nov-05,53.44,53.44,53.44,53.44,14.03,-
11-Nov-05,53.55,53.55,53.55,53.55,14.06,-
14-Nov-05,53.43,53.43,53.43,53.43,14.02,-
15-Nov-05,53.38,53.38,53.38,53.38,14.01,-
16-Nov-05,53.51,53.51,53.51,53.51,14.04,-
17-Nov-05,53.88,53.88,53.88,53.88,14.14,-
18-Nov-05,54.01,54.01,54.01,54.01,14.18,-
21-Nov-05,54.22,54.22,54.22,54.22,14.23,-
22-Nov-05,54.43,54.43,54.43,54.43,14.29,-
23-Nov-05,54.5,54.5,54.5,54.5,14.3,-
25-Nov-05,54.59,54.59,54.59,54.59,14.33,-
28-Nov-05,54.39,54.39,54.39,54.39,14.28,-
29-Nov-05,54.4,54.4,54.4,54.4,14.28,-
30-Nov-05,54.15,54.15,54.15,54.15,14.21,-
1-Dec-05,54.62,54.62,54.62,54.62,14.34,-
2-Dec-05,54.69,54.69,54.69,54.69,14.35,-
5-Dec-05,54.58,54.58,54.58,54.58,14.33,-
6-Dec-05,54.73,54.73,54.73,54.73,14.36,-
7-Dec-05,54.48,54.48,54.48,54.48,14.3,-
8-Dec-05,54.57,54.57,54.57,54.57,14.32,-
9-Dec-05,54.57,54.57,54.57,54.57,14.32,-
12-Dec-05,54.6,54.6,54.6,54.6,14.33,-
13-Dec-05,54.85,54.85,54.85,54.85,14.4,-
14-Dec-05,55.01,55.01,55.01,55.01,14.44,-
15-Dec-05,54.86,54.86,54.86,54.86,14.4,-
16-Dec-05,54.86,54.86,54.86,54.86,14.4,-
19-Dec-05,54.72,54.72,54.72,54.72,14.36,-
20-Dec-05,54.65,54.65,54.65,54.65,14.34,-
21-Dec-05,54.75,54.75,54.75,54.75,14.37,-
22-Dec-05,54.96,54.96,54.96,54.96,14.43,-
23-Dec-05,55.07,55.07,55.07,55.07,14.45,-
27-Dec-05,54.77,54.77,54.77,54.77,14.38,-
28-Dec-05,52.66,52.66,52.66,52.66,14.4,-
29-Dec-05,52.61,52.61,52.61,52.61,14.38,-
30-Dec-05,52.43,52.43,52.43,52.43,14.33,-
3-Jan-06,53,53.0,53.0,53.0,14.49,-
4-Jan-06,53.14,53.14,53.14,53.14,14.53,-
5-Jan-06,53.06,53.06,53.06,53.06,14.51,-
6-Jan-06,53.43,53.43,53.43,53.43,14.61,-
9-Jan-06,53.51,53.51,53.51,53.51,14.63,-
10-Jan-06,53.4,53.4,53.4,53.4,14.6,-
11-Jan-06,53.48,53.48,53.48,53.48,14.62,-
12-Jan-06,53.34,53.34,53.34,53.34,14.58,-
13-Jan-06,53.48,53.48,53.48,53.48,14.62,-
17-Jan-06,53.48,53.48,53.48,53.48,14.62,-
18-Jan-06,53.37,53.37,53.37,53.37,14.59,-
19-Jan-06,53.63,53.63,53.63,53.63,14.66,-
20-Jan-06,53.14,53.14,53.14,53.14,14.53,-
23-Jan-06,53.33,53.33,53.33,53.33,14.58,-
24-Jan-06,53.33,53.33,53.33,53.33,14.58,-
25-Jan-06,53.33,53.33,53.33,53.33,14.58,-
26-Jan-06,53.59,53.59,53.59,53.59,14.65,-
27-Jan-06,53.85,53.85,53.85,53.85,14.72,-
30-Jan-06,53.87,53.87,53.87,53.87,14.73,-
31-Jan-06,53.78,53.78,53.78,53.78,14.7,-
1-Feb-06,53.77,53.77,53.77,53.77,14.7,-
2-Feb-06,53.38,53.38,53.38,53.38,14.59,-
3-Feb-06,53.24,53.24,53.24,53.24,14.55,-
6-Feb-06,53.39,53.39,53.39,53.39,14.6,-
7-Feb-06,53.04,53.04,53.04,53.04,14.5,-
8-Feb-06,53.2,53.2,53.2,53.2,14.54,-
9-Feb-06,53.22,53.22,53.22,53.22,14.55,-
10-Feb-06,53.26,53.26,53.26,53.26,14.56,-
13-Feb-06,53.14,53.14,53.14,53.14,14.53,-
14-Feb-06,53.47,53.47,53.47,53.47,14.62,-
15-Feb-06,53.54,53.54,53.54,53.54,14.64,-
16-Feb-06,53.81,53.81,53.81,53.81,14.71,-
17-Feb-06,53.88,53.88,53.88,53.88,14.73,-
21-Feb-06,53.84,53.84,53.84,53.84,14.72,-
22-Feb-06,54.04,54.04,54.04,54.04,14.77,-
23-Feb-06,53.85,53.85,53.85,53.85,14.72,-
24-Feb-06,53.87,53.87,53.87,53.87,14.73,-
27-Feb-06,53.96,53.96,53.96,53.96,14.75,-
28-Feb-06,53.68,53.68,53.68,53.68,14.68,-
1-Mar-06,53.92,53.92,53.92,53.92,14.74,-
2-Mar-06,53.87,53.87,53.87,53.87,14.73,-
3-Mar-06,53.82,53.82,53.82,53.82,14.71,-
6-Mar-06,53.49,53.49,53.49,53.49,14.62,-
7-Mar-06,53.34,53.34,53.34,53.34,14.58,-
8-Mar-06,53.41,53.41,53.41,53.41,14.6,-
9-Mar-06,53.3,53.3,53.3,53.3,14.57,-
10-Mar-06,53.56,53.56,53.56,53.56,14.64,-
13-Mar-06,53.71,53.71,53.71,53.71,14.68,-
14-Mar-06,54.13,54.13,54.13,54.13,14.8,-
15-Mar-06,54.34,54.34,54.34,54.34,14.86,-
16-Mar-06,54.53,54.53,54.53,54.53,14.91,-
17-Mar-06,54.46,54.46,54.46,54.46,14.89,-
20-Mar-06,54.41,54.41,54.41,54.41,14.87,-
21-Mar-06,54.09,54.09,54.09,54.09,14.79,-
22-Mar-06,54.37,54.37,54.37,54.37,14.86,-
23-Mar-06,54.24,54.24,54.24,54.24,14.83,-
24-Mar-06,54.05,54.05,54.05,54.05,14.88,-
27-Mar-06,53.94,53.94,53.94,53.94,14.85,-
28-Mar-06,53.6,53.6,53.6,53.6,14.76,-
29-Mar-06,53.84,53.84,53.84,53.84,14.82,-
30-Mar-06,53.8,53.8,53.8,53.8,14.81,-
31-Mar-06,53.63,53.63,53.63,53.63,14.77,-
3-Apr-06,53.82,53.82,53.82,53.82,14.82,-
4-Apr-06,54.07,54.07,54.07,54.07,14.89,-
5-Apr-06,54.25,54.25,54.25,54.25,14.94,-
6-Apr-06,54.11,54.11,54.11,54.11,14.9,-
7-Apr-06,53.7,53.7,53.7,53.7,14.78,-
10-Apr-06,53.79,53.79,53.79,53.79,14.81,-
11-Apr-06,53.65,53.65,53.65,53.65,14.77,-
12-Apr-06,53.65,53.65,53.65,53.65,14.77,-
13-Apr-06,53.61,53.61,53.61,53.61,14.76,-
17-Apr-06,53.69,53.69,53.69,53.69,14.78,-
18-Apr-06,54.45,54.45,54.45,54.45,14.99,-
19-Apr-06,54.52,54.52,54.52,54.52,15.01,-
20-Apr-06,54.5,54.5,54.5,54.5,15.0,-
21-Apr-06,54.67,54.67,54.67,54.67,15.05,-
24-Apr-06,54.66,54.66,54.66,54.66,15.05,-
25-Apr-06,54.42,54.42,54.42,54.42,14.98,-
26-Apr-06,54.49,54.49,54.49,54.49,15.0,-
27-Apr-06,54.6,54.6,54.6,54.6,15.03,-
28-Apr-06,54.67,54.67,54.67,54.67,15.05,-
1-May-06,54.54,54.54,54.54,54.54,15.02,-
2-May-06,54.92,54.92,54.92,54.92,15.12,-
3-May-06,54.76,54.76,54.76,54.76,15.08,-
4-May-06,54.88,54.88,54.88,54.88,15.11,-
5-May-06,55.34,55.34,55.34,55.34,15.24,-
8-May-06,55.31,55.31,55.31,55.31,15.23,-
9-May-06,55.41,55.41,55.41,55.41,15.26,-
10-May-06,55.38,55.38,55.38,55.38,15.25,-
11-May-06,54.95,54.95,54.95,54.95,15.13,-
12-May-06,54.47,54.47,54.47,54.47,15.0,-
15-May-06,54.47,54.47,54.47,54.47,15.0,-
16-May-06,54.54,54.54,54.54,54.54,15.02,-
17-May-06,53.75,53.75,53.75,53.75,14.8,-
18-May-06,53.57,53.57,53.57,53.57,14.75,-
19-May-06,53.74,53.74,53.74,53.74,14.8,-
22-May-06,53.6,53.6,53.6,53.6,14.76,-
23-May-06,53.48,53.48,53.48,53.48,14.72,-
24-May-06,53.43,53.43,53.43,53.43,14.71,-
25-May-06,53.91,53.91,53.91,53.91,14.84,-
26-May-06,54.19,54.19,54.19,54.19,14.92,-
30-May-06,53.64,53.64,53.64,53.64,14.77,-
31-May-06,53.92,53.92,53.92,53.92,14.84,-
1-Jun-06,54.29,54.29,54.29,54.29,14.95,-
2-Jun-06,54.49,54.49,54.49,54.49,15.0,-
5-Jun-06,53.87,53.87,53.87,53.87,14.83,-
6-Jun-06,53.73,53.73,53.73,53.73,14.79,-
7-Jun-06,53.46,53.46,53.46,53.46,14.72,-
8-Jun-06,53.42,53.42,53.42,53.42,14.71,-
9-Jun-06,53.32,53.32,53.32,53.32,14.68,-
12-Jun-06,52.91,52.91,52.91,52.91,14.57,-
13-Jun-06,52.5,52.5,52.5,52.5,14.45,-
14-Jun-06,52.68,52.68,52.68,52.68,14.5,-
15-Jun-06,53.38,53.38,53.38,53.38,14.7,-
16-Jun-06,53.18,53.18,53.18,53.18,14.64,-
19-Jun-06,52.83,52.83,52.83,52.83,14.54,-
20-Jun-06,52.89,52.89,52.89,52.89,14.56,-
21-Jun-06,53.23,53.23,53.23,53.23,14.65,-
22-Jun-06,53.06,53.06,53.06,53.06,14.61,-
23-Jun-06,52.57,52.57,52.57,52.57,14.6,-
26-Jun-06,52.71,52.71,52.71,52.71,14.64,-
27-Jun-06,52.47,52.47,52.47,52.47,14.57,-
28-Jun-06,52.64,52.64,52.64,52.64,14.62,-
29-Jun-06,53.44,53.44,53.44,53.44,14.84,-
30-Jun-06,53.56,53.56,53.56,53.56,14.87,-
3-Jul-06,53.84,53.84,53.84,53.84,14.95,-
5-Jul-06,53.54,53.54,53.54,53.54,14.87,-
6-Jul-06,53.69,53.69,53.69,53.69,14.91,-
7-Jul-06,53.59,53.59,53.59,53.59,14.88,-
10-Jul-06,53.66,53.66,53.66,53.66,14.9,-
11-Jul-06,53.82,53.82,53.82,53.82,14.94,-
12-Jul-06,53.51,53.51,53.51,53.51,14.86,-
13-Jul-06,53.05,53.05,53.05,53.05,14.73,-
14-Jul-06,52.96,52.96,52.96,52.96,14.7,-
17-Jul-06,52.82,52.82,52.82,52.82,14.67,-
18-Jul-06,52.83,52.83,52.83,52.83,14.67,-
19-Jul-06,53.54,53.54,53.54,53.54,14.87,-
20-Jul-06,53.35,53.35,53.35,53.35,14.81,-
21-Jul-06,53.15,53.15,53.15,53.15,14.76,-
24-Jul-06,53.73,53.73,53.73,53.73,14.92,-
25-Jul-06,53.93,53.93,53.93,53.93,14.97,-
26-Jul-06,54.07,54.07,54.07,54.07,15.01,-
27-Jul-06,54.01,54.01,54.01,54.01,15.0,-
28-Jul-06,54.48,54.48,54.48,54.48,15.13,-
31-Jul-06,54.44,54.44,54.44,54.44,15.12,-
1-Aug-06,54.29,54.29,54.29,54.29,15.07,-
2-Aug-06,54.56,54.56,54.56,54.56,15.15,-
3-Aug-06,54.55,54.55,54.55,54.55,15.15,-
4-Aug-06,54.6,54.6,54.6,54.6,15.16,-
7-Aug-06,54.42,54.42,54.42,54.42,15.11,-
8-Aug-06,54.33,54.33,54.33,54.33,15.09,-
9-Aug-06,54.22,54.22,54.22,54.22,15.05,-
10-Aug-06,54.31,54.31,54.31,54.31,15.08,-
11-Aug-06,54.12,54.12,54.12,54.12,15.03,-
14-Aug-06,54.12,54.12,54.12,54.12,15.03,-
15-Aug-06,54.67,54.67,54.67,54.67,15.18,-
16-Aug-06,54.94,54.94,54.94,54.94,15.25,-
17-Aug-06,54.99,54.99,54.99,54.99,15.27,-
18-Aug-06,55.19,55.19,55.19,55.19,15.32,-
21-Aug-06,55.17,55.17,55.17,55.17,15.32,-
22-Aug-06,55.22,55.22,55.22,55.22,15.33,-
23-Aug-06,55.11,55.11,55.11,55.11,15.3,-
24-Aug-06,55.15,55.15,55.15,55.15,15.31,-
25-Aug-06,55.15,55.15,55.15,55.15,15.31,-
28-Aug-06,55.34,55.34,55.34,55.34,15.37,-
29-Aug-06,55.44,55.44,55.44,55.44,15.39,-
30-Aug-06,55.46,55.46,55.46,55.46,15.4,-
31-Aug-06,55.5,55.5,55.5,55.5,15.41,-
1-Sep-06,55.75,55.75,55.75,55.75,15.48,-
5-Sep-06,55.7,55.7,55.7,55.7,15.47,-
6-Sep-06,55.3,55.3,55.3,55.3,15.35,-
7-Sep-06,55.17,55.17,55.17,55.17,15.32,-
8-Sep-06,55.27,55.27,55.27,55.27,15.35,-
11-Sep-06,55.08,55.08,55.08,55.08,15.29,-
12-Sep-06,55.38,55.38,55.38,55.38,15.38,-
13-Sep-06,55.56,55.56,55.56,55.56,15.43,-
14-Sep-06,55.44,55.44,55.44,55.44,15.39,-
15-Sep-06,55.5,55.5,55.5,55.5,15.41,-
18-Sep-06,55.55,55.55,55.55,55.55,15.42,-
19-Sep-06,55.51,55.51,55.51,55.51,15.41,-
20-Sep-06,55.67,55.67,55.67,55.67,15.46,-
21-Sep-06,55.67,55.67,55.67,55.67,15.46,-
22-Sep-06,55.24,55.24,55.24,55.24,15.46,-
25-Sep-06,55.56,55.56,55.56,55.56,15.55,-
26-Sep-06,55.81,55.81,55.81,55.81,15.62,-
27-Sep-06,55.87,55.87,55.87,55.87,15.63,-
28-Sep-06,55.93,55.93,55.93,55.93,15.65,-
29-Sep-06,55.85,55.85,55.85,55.85,15.63,-
2-Oct-06,55.79,55.79,55.79,55.79,15.61,-
3-Oct-06,55.79,55.79,55.79,55.79,15.61,-
4-Oct-06,56.22,56.22,56.22,56.22,15.73,-
5-Oct-06,56.28,56.28,56.28,56.28,15.75,-
6-Oct-06,56.13,56.13,56.13,56.13,15.71,-
9-Oct-06,56.2,56.2,56.2,56.2,15.73,-
10-Oct-06,56.24,56.24,56.24,56.24,15.74,-
11-Oct-06,56.09,56.09,56.09,56.09,15.7,-
12-Oct-06,56.43,56.43,56.43,56.43,15.79,-
13-Oct-06,56.51,56.51,56.51,56.51,15.81,-
16-Oct-06,56.68,56.68,56.68,56.68,15.86,-
17-Oct-06,56.57,56.57,56.57,56.57,15.83,-
18-Oct-06,56.63,56.63,56.63,56.63,15.85,-
19-Oct-06,56.7,56.7,56.7,56.7,15.87,-
20-Oct-06,56.77,56.77,56.77,56.77,15.89,-
23-Oct-06,56.94,56.94,56.94,56.94,15.93,-
24-Oct-06,57,57.0,57.0,57.0,15.95,-
25-Oct-06,57.25,57.25,57.25,57.25,16.02,-
26-Oct-06,57.45,57.45,57.45,57.45,16.08,-
27-Oct-06,57.27,57.27,57.27,57.27,16.03,-
30-Oct-06,57.22,57.22,57.22,57.22,16.01,-
31-Oct-06,57.31,57.31,57.31,57.31,16.04,-
1-Nov-06,57.21,57.21,57.21,57.21,16.01,-
2-Nov-06,57.22,57.22,57.22,57.22,16.01,-
3-Nov-06,57.06,57.06,57.06,57.06,15.97,-
6-Nov-06,57.45,57.45,57.45,57.45,16.08,-
7-Nov-06,57.54,57.54,57.54,57.54,16.1,-
8-Nov-06,57.68,57.68,57.68,57.68,16.14,-
9-Nov-06,57.53,57.53,57.53,57.53,16.1,-
10-Nov-06,57.57,57.57,57.57,57.57,16.11,-
13-Nov-06,57.57,57.57,57.57,57.57,16.11,-
14-Nov-06,57.78,57.78,57.78,57.78,16.17,-
15-Nov-06,57.76,57.76,57.76,57.76,16.16,-
16-Nov-06,57.76,57.76,57.76,57.76,16.16,-
17-Nov-06,57.87,57.87,57.87,57.87,16.19,-
20-Nov-06,57.87,57.87,57.87,57.87,16.19,-
21-Nov-06,58.05,58.05,58.05,58.05,16.24,-
22-Nov-06,58.17,58.17,58.17,58.17,16.28,-
24-Nov-06,58.1,58.1,58.1,58.1,16.26,-
27-Nov-06,57.68,57.68,57.68,57.68,16.14,-
28-Nov-06,57.86,57.86,57.86,57.86,16.19,-
29-Nov-06,58.23,58.23,58.23,58.23,16.29,-
30-Nov-06,58.32,58.32,58.32,58.32,16.32,-
1-Dec-06,58.24,58.24,58.24,58.24,16.3,-
4-Dec-06,58.64,58.64,58.64,58.64,16.41,-
5-Dec-06,58.84,58.84,58.84,58.84,16.47,-
6-Dec-06,58.74,58.74,58.74,58.74,16.44,-
7-Dec-06,58.68,58.68,58.68,58.68,16.42,-
8-Dec-06,58.63,58.63,58.63,58.63,16.41,-
11-Dec-06,58.8,58.8,58.8,58.8,16.45,-
12-Dec-06,58.82,58.82,58.82,58.82,16.46,-
13-Dec-06,58.83,58.83,58.83,58.83,16.46,-
14-Dec-06,59.13,59.13,59.13,59.13,16.55,-
15-Dec-06,59.15,59.15,59.15,59.15,16.55,-
18-Dec-06,58.96,58.96,58.96,58.96,16.5,-
19-Dec-06,59.06,59.06,59.06,59.06,16.53,-
20-Dec-06,59,59.0,59.0,59.0,16.51,-
21-Dec-06,58.95,58.95,58.95,58.95,16.5,-
22-Dec-06,58.66,58.66,58.66,58.66,16.41,-
26-Dec-06,55.99,55.99,55.99,55.99,16.49,-
27-Dec-06,56.24,56.24,56.24,56.24,16.56,-
28-Dec-06,56.16,56.16,56.16,56.16,16.54,-
29-Dec-06,56.02,56.02,56.02,56.02,16.5,-
3-Jan-07,55.99,55.99,55.99,55.99,16.49,-
4-Jan-07,55.94,55.94,55.94,55.94,16.47,-
5-Jan-07,55.62,55.62,55.62,55.62,16.38,-
8-Jan-07,55.73,55.73,55.73,55.73,16.41,-
9-Jan-07,55.68,55.68,55.68,55.68,16.4,-
10-Jan-07,55.64,55.64,55.64,55.64,16.39,-
11-Jan-07,55.78,55.78,55.78,55.78,16.43,-
12-Jan-07,56,56.0,56.0,56.0,16.49,-
16-Jan-07,56.05,56.05,56.05,56.05,16.51,-
17-Jan-07,56.1,56.1,56.1,56.1,16.52,-
18-Jan-07,56.1,56.1,56.1,56.1,16.52,-
19-Jan-07,56.22,56.22,56.22,56.22,16.56,-
22-Jan-07,56.04,56.04,56.04,56.04,16.5,-
23-Jan-07,56.25,56.25,56.25,56.25,16.57,-
24-Jan-07,56.46,56.46,56.46,56.46,16.63,-
25-Jan-07,55.93,55.93,55.93,55.93,16.47,-
26-Jan-07,55.86,55.86,55.86,55.86,16.45,-
29-Jan-07,55.81,55.81,55.81,55.81,16.44,-
30-Jan-07,56.09,56.09,56.09,56.09,16.52,-
31-Jan-07,56.41,56.41,56.41,56.41,16.61,-
1-Feb-07,56.65,56.65,56.65,56.65,16.68,-
2-Feb-07,56.69,56.69,56.69,56.69,16.7,-
5-Feb-07,56.7,56.7,56.7,56.7,16.7,-
6-Feb-07,56.8,56.8,56.8,56.8,16.73,-
7-Feb-07,56.79,56.79,56.79,56.79,16.72,-
8-Feb-07,56.74,56.74,56.74,56.74,16.71,-
9-Feb-07,56.49,56.49,56.49,56.49,16.64,-
12-Feb-07,56.37,56.37,56.37,56.37,16.6,-
13-Feb-07,56.73,56.73,56.73,56.73,16.71,-
14-Feb-07,57.11,57.11,57.11,57.11,16.82,-
15-Feb-07,57.12,57.12,57.12,57.12,16.82,-
16-Feb-07,57.12,57.12,57.12,57.12,16.82,-
20-Feb-07,57.18,57.18,57.18,57.18,16.84,-
21-Feb-07,57.08,57.08,57.08,57.08,16.81,-
22-Feb-07,57,57.0,57.0,57.0,16.79,-
23-Feb-07,57.07,57.07,57.07,57.07,16.81,-
26-Feb-07,57.24,57.24,57.24,57.24,16.86,-
27-Feb-07,56.06,56.06,56.06,56.06,16.51,-
28-Feb-07,56.14,56.14,56.14,56.14,16.53,-
1-Mar-07,56.01,56.01,56.01,56.01,16.49,-
2-Mar-07,55.62,55.62,55.62,55.62,16.38,-
5-Mar-07,55.27,55.27,55.27,55.27,16.28,-
6-Mar-07,55.82,55.82,55.82,55.82,16.44,-
7-Mar-07,55.8,55.8,55.8,55.8,16.43,-
8-Mar-07,56.01,56.01,56.01,56.01,16.49,-
9-Mar-07,56,56.0,56.0,56.0,16.49,-
12-Mar-07,56.15,56.15,56.15,56.15,16.54,-
13-Mar-07,55.5,55.5,55.5,55.5,16.34,-
14-Mar-07,55.64,55.64,55.64,55.64,16.39,-
15-Mar-07,55.74,55.74,55.74,55.74,16.42,-
16-Mar-07,55.59,55.59,55.59,55.59,16.37,-
19-Mar-07,55.99,55.99,55.99,55.99,16.49,-
20-Mar-07,56.27,56.27,56.27,56.27,16.57,-
21-Mar-07,56.88,56.88,56.88,56.88,16.75,-
22-Mar-07,56.82,56.82,56.82,56.82,16.73,-
23-Mar-07,56.45,56.45,56.45,56.45,16.74,-
26-Mar-07,56.59,56.59,56.59,56.59,16.78,-
27-Mar-07,56.36,56.36,56.36,56.36,16.72,-
28-Mar-07,56.13,56.13,56.13,56.13,16.65,-
29-Mar-07,56.35,56.35,56.35,56.35,16.71,-
30-Mar-07,56.28,56.28,56.28,56.28,16.69,-
2-Apr-07,56.46,56.46,56.46,56.46,16.74,-
3-Apr-07,56.75,56.75,56.75,56.75,16.83,-
4-Apr-07,56.8,56.8,56.8,56.8,16.85,-
5-Apr-07,56.91,56.91,56.91,56.91,16.88,-
9-Apr-07,56.89,56.89,56.89,56.89,16.87,-
10-Apr-07,57.07,57.07,57.07,57.07,16.93,-
11-Apr-07,56.87,56.87,56.87,56.87,16.87,-
12-Apr-07,57.1,57.1,57.1,57.1,16.93,-
13-Apr-07,57.25,57.25,57.25,57.25,16.98,-
16-Apr-07,57.67,57.67,57.67,57.67,17.1,-
17-Apr-07,57.8,57.8,57.8,57.8,17.14,-
18-Apr-07,57.86,57.86,57.86,57.86,17.16,-
19-Apr-07,57.77,57.77,57.77,57.77,17.13,-
20-Apr-07,58.13,58.13,58.13,58.13,17.24,-
23-Apr-07,58.03,58.03,58.03,58.03,17.21,-
24-Apr-07,58.08,58.08,58.08,58.08,17.23,-
25-Apr-07,58.54,58.54,58.54,58.54,17.36,-
26-Apr-07,58.4,58.4,58.4,58.4,17.32,-
27-Apr-07,58.43,58.43,58.43,58.43,17.33,-
30-Apr-07,58.23,58.23,58.23,58.23,17.27,-
1-May-07,58.33,58.33,58.33,58.33,17.3,-
2-May-07,58.6,58.6,58.6,58.6,17.38,-
3-May-07,58.76,58.76,58.76,58.76,17.43,-
4-May-07,58.92,58.92,58.92,58.92,17.47,-
7-May-07,59.11,59.11,59.11,59.11,17.53,-
8-May-07,59.02,59.02,59.02,59.02,17.5,-
9-May-07,59.14,59.14,59.14,59.14,17.54,-
10-May-07,58.62,58.62,58.62,58.62,17.39,-
11-May-07,59.03,59.03,59.03,59.03,17.51,-
14-May-07,59.01,59.01,59.01,59.01,17.5,-
15-May-07,59.05,59.05,59.05,59.05,17.51,-
16-May-07,59.35,59.35,59.35,59.35,17.6,-
17-May-07,59.3,59.3,59.3,59.3,17.59,-
18-May-07,59.56,59.56,59.56,59.56,17.66,-
21-May-07,59.58,59.58,59.58,59.58,17.67,-
22-May-07,59.44,59.44,59.44,59.44,17.63,-
23-May-07,59.39,59.39,59.39,59.39,17.61,-
24-May-07,58.98,58.98,58.98,58.98,17.49,-
25-May-07,59.26,59.26,59.26,59.26,17.58,-
29-May-07,59.22,59.22,59.22,59.22,17.56,-
30-May-07,59.54,59.54,59.54,59.54,17.66,-
31-May-07,59.57,59.57,59.57,59.57,17.67,-
1-Jun-07,59.64,59.64,59.64,59.64,17.69,-
4-Jun-07,59.79,59.79,59.79,59.79,17.73,-
5-Jun-07,59.48,59.48,59.48,59.48,17.64,-
6-Jun-07,59.08,59.08,59.08,59.08,17.52,-
7-Jun-07,58.2,58.2,58.2,58.2,17.26,-
8-Jun-07,58.58,58.58,58.58,58.58,17.37,-
11-Jun-07,58.64,58.64,58.64,58.64,17.39,-
12-Jun-07,58.07,58.07,58.07,58.07,17.22,-
13-Jun-07,58.69,58.69,58.69,58.69,17.41,-
14-Jun-07,58.95,58.95,58.95,58.95,17.48,-
15-Jun-07,59.35,59.35,59.35,59.35,17.6,-
18-Jun-07,59.38,59.38,59.38,59.38,17.61,-
19-Jun-07,59.56,59.56,59.56,59.56,17.66,-
20-Jun-07,58.99,58.99,58.99,58.99,17.5,-
21-Jun-07,59.16,59.16,59.16,59.16,17.55,-
22-Jun-07,58.22,58.22,58.22,58.22,17.41,-
25-Jun-07,58.18,58.18,58.18,58.18,17.4,-
26-Jun-07,58.08,58.08,58.08,58.08,17.37,-
27-Jun-07,58.42,58.42,58.42,58.42,17.47,-
28-Jun-07,58.42,58.42,58.42,58.42,17.47,-
29-Jun-07,58.59,58.59,58.59,58.59,17.52,-
2-Jul-07,59.12,59.12,59.12,59.12,17.68,-
3-Jul-07,59.2,59.2,59.2,59.2,17.7,-
5-Jul-07,59.04,59.04,59.04,59.04,17.65,-
6-Jul-07,59.12,59.12,59.12,59.12,17.68,-
9-Jul-07,59.22,59.22,59.22,59.22,17.71,-
10-Jul-07,58.77,58.77,58.77,58.77,17.57,-
11-Jul-07,59.04,59.04,59.04,59.04,17.65,-
12-Jul-07,59.74,59.74,59.74,59.74,17.86,-
13-Jul-07,59.89,59.89,59.89,59.89,17.91,-
16-Jul-07,59.87,59.87,59.87,59.87,17.9,-
17-Jul-07,59.83,59.83,59.83,59.83,17.89,-
18-Jul-07,59.92,59.92,59.92,59.92,17.92,-
19-Jul-07,60.14,60.14,60.14,60.14,17.98,-
20-Jul-07,59.65,59.65,59.65,59.65,17.84,-
23-Jul-07,59.94,59.94,59.94,59.94,17.92,-
24-Jul-07,59.09,59.09,59.09,59.09,17.67,-
25-Jul-07,59.27,59.27,59.27,59.27,17.72,-
26-Jul-07,58.27,58.27,58.27,58.27,17.42,-
27-Jul-07,57.65,57.65,57.65,57.65,17.24,-
30-Jul-07,58.02,58.02,58.02,58.02,17.35,-
31-Jul-07,57.72,57.72,57.72,57.72,17.26,-
1-Aug-07,58.01,58.01,58.01,58.01,17.35,-
2-Aug-07,58.08,58.08,58.08,58.08,17.37,-
3-Aug-07,57.23,57.23,57.23,57.23,17.11,-
6-Aug-07,58.05,58.05,58.05,58.05,17.36,-
7-Aug-07,58.32,58.32,58.32,58.32,17.44,-
8-Aug-07,58.75,58.75,58.75,58.75,17.57,-
9-Aug-07,57.66,57.66,57.66,57.66,17.24,-
10-Aug-07,57.62,57.62,57.62,57.62,17.23,-
13-Aug-07,57.6,57.6,57.6,57.6,17.22,-
14-Aug-07,56.96,56.96,56.96,56.96,17.03,-
15-Aug-07,56.56,56.56,56.56,56.56,16.91,-
16-Aug-07,56.63,56.63,56.63,56.63,16.93,-
17-Aug-07,57.45,57.45,57.45,57.45,17.18,-
20-Aug-07,57.49,57.49,57.49,57.49,17.19,-
21-Aug-07,57.48,57.48,57.48,57.48,17.19,-
22-Aug-07,58,58.0,58.0,58.0,17.34,-
23-Aug-07,58.03,58.03,58.03,58.03,17.35,-
24-Aug-07,58.5,58.5,58.5,58.5,17.49,-
27-Aug-07,58.28,58.28,58.28,58.28,17.43,-
28-Aug-07,57.45,57.45,57.45,57.45,17.18,-
29-Aug-07,58.23,58.23,58.23,58.23,17.41,-
30-Aug-07,58.09,58.09,58.09,58.09,17.37,-
31-Aug-07,58.52,58.52,58.52,58.52,17.5,-
4-Sep-07,58.93,58.93,58.93,58.93,17.62,-
5-Sep-07,58.65,58.65,58.65,58.65,17.54,-
6-Sep-07,58.81,58.81,58.81,58.81,17.58,-
7-Sep-07,58.34,58.34,58.34,58.34,17.44,-
10-Sep-07,58.39,58.39,58.39,58.39,17.46,-
11-Sep-07,58.85,58.85,58.85,58.85,17.6,-
12-Sep-07,58.85,58.85,58.85,58.85,17.6,-
13-Sep-07,59.08,59.08,59.08,59.08,17.67,-
14-Sep-07,59.12,59.12,59.12,59.12,17.68,-
17-Sep-07,58.89,58.89,58.89,58.89,17.61,-
18-Sep-07,60,60.0,60.0,60.0,17.94,-
19-Sep-07,60.24,60.24,60.24,60.24,18.01,-
20-Sep-07,59.97,59.97,59.97,59.97,17.93,-
21-Sep-07,59.73,59.73,59.73,59.73,18.0,-
24-Sep-07,59.54,59.54,59.54,59.54,17.94,-
25-Sep-07,59.49,59.49,59.49,59.49,17.93,-
26-Sep-07,59.71,59.71,59.71,59.71,17.99,-
27-Sep-07,59.93,59.93,59.93,59.93,18.06,-
28-Sep-07,59.89,59.89,59.89,59.89,18.05,-
1-Oct-07,60.44,60.44,60.44,60.44,18.21,-
2-Oct-07,60.33,60.33,60.33,60.33,18.18,-
3-Oct-07,60.03,60.03,60.03,60.03,18.09,-
4-Oct-07,60.21,60.21,60.21,60.21,18.14,-
5-Oct-07,60.37,60.37,60.37,60.37,18.19,-
8-Oct-07,60.26,60.26,60.26,60.26,18.16,-
9-Oct-07,60.61,60.61,60.61,60.61,18.26,-
10-Oct-07,60.52,60.52,60.52,60.52,18.24,-
11-Oct-07,60.45,60.45,60.45,60.45,18.22,-
12-Oct-07,60.61,60.61,60.61,60.61,18.26,-
15-Oct-07,60.33,60.33,60.33,60.33,18.18,-
16-Oct-07,60.19,60.19,60.19,60.19,18.14,-
17-Oct-07,60.35,60.35,60.35,60.35,18.19,-
18-Oct-07,60.41,60.41,60.41,60.41,18.2,-
19-Oct-07,59.55,59.55,59.55,59.55,17.95,-
22-Oct-07,59.52,59.52,59.52,59.52,17.94,-
23-Oct-07,59.8,59.8,59.8,59.8,18.02,-
24-Oct-07,59.76,59.76,59.76,59.76,18.01,-
25-Oct-07,59.69,59.69,59.69,59.69,17.99,-
26-Oct-07,60.17,60.17,60.17,60.17,18.13,-
29-Oct-07,60.42,60.42,60.42,60.42,18.21,-
30-Oct-07,60.09,60.09,60.09,60.09,18.11,-
31-Oct-07,60.5,60.5,60.5,60.5,18.23,-
1-Nov-07,59.53,59.53,59.53,59.53,17.94,-
2-Nov-07,59.69,59.69,59.69,59.69,17.99,-
5-Nov-07,59.46,59.46,59.46,59.46,17.92,-
6-Nov-07,59.88,59.88,59.88,59.88,18.04,-
7-Nov-07,58.93,58.93,58.93,58.93,17.76,-
8-Nov-07,59.25,59.25,59.25,59.25,17.85,-
9-Nov-07,58.78,58.78,58.78,58.78,17.71,-
12-Nov-07,58.29,58.29,58.29,58.29,17.57,-
13-Nov-07,59.18,59.18,59.18,59.18,17.83,-
14-Nov-07,58.96,58.96,58.96,58.96,17.77,-
15-Nov-07,58.64,58.64,58.64,58.64,17.67,-
16-Nov-07,58.88,58.88,58.88,58.88,17.74,-
19-Nov-07,58.25,58.25,58.25,58.25,17.55,-
20-Nov-07,58.58,58.58,58.58,58.58,17.65,-
21-Nov-07,58.03,58.03,58.03,58.03,17.49,-
23-Nov-07,58.62,58.62,58.62,58.62,17.66,-
26-Nov-07,58.05,58.05,58.05,58.05,17.49,-
27-Nov-07,58.43,58.43,58.43,58.43,17.61,-
28-Nov-07,59.31,59.31,59.31,59.31,17.87,-
29-Nov-07,59.4,59.4,59.4,59.4,17.9,-
30-Nov-07,59.71,59.71,59.71,59.71,17.99,-
3-Dec-07,59.63,59.63,59.63,59.63,17.97,-
4-Dec-07,59.46,59.46,59.46,59.46,17.92,-
5-Dec-07,59.92,59.92,59.92,59.92,18.06,-
6-Dec-07,60.3,60.3,60.3,60.3,18.17,-
7-Dec-07,60.03,60.03,60.03,60.03,18.09,-
10-Dec-07,60.3,60.3,60.3,60.3,18.17,-
11-Dec-07,59.61,59.61,59.61,59.61,17.96,-
12-Dec-07,59.84,59.84,59.84,59.84,18.03,-
13-Dec-07,59.76,59.76,59.76,59.76,18.01,-
14-Dec-07,59.06,59.06,59.06,59.06,17.8,-
17-Dec-07,58.58,58.58,58.58,58.58,17.65,-
18-Dec-07,58.89,58.89,58.89,58.89,17.75,-
19-Dec-07,58.83,58.83,58.83,58.83,17.73,-
20-Dec-07,59.05,59.05,59.05,59.05,17.79,-
21-Dec-07,59.53,59.53,59.53,59.53,17.94,-
24-Dec-07,59.73,59.73,59.73,59.73,18.0,-
26-Dec-07,59.72,59.72,59.72,59.72,18.0,-
27-Dec-07,56.36,56.36,56.36,56.36,17.9,-
28-Dec-07,56.61,56.61,56.61,56.61,17.98,-
31-Dec-07,56.34,56.34,56.34,56.34,17.89,-
2-Jan-08,56.12,56.12,56.12,56.12,17.82,-
3-Jan-08,56.34,56.34,56.34,56.34,17.89,-
4-Jan-08,55.68,55.68,55.68,55.68,17.68,-
7-Jan-08,55.92,55.92,55.92,55.92,17.76,-
8-Jan-08,55.49,55.49,55.49,55.49,17.62,-
9-Jan-08,55.97,55.97,55.97,55.97,17.77,-
10-Jan-08,56,56.0,56.0,56.0,17.78,-
11-Jan-08,55.61,55.61,55.61,55.61,17.66,-
14-Jan-08,56.02,56.02,56.02,56.02,17.79,-
15-Jan-08,55.24,55.24,55.24,55.24,17.54,-
16-Jan-08,54.82,54.82,54.82,54.82,17.41,-
17-Jan-08,53.79,53.79,53.79,53.79,17.08,-
18-Jan-08,53.57,53.57,53.57,53.57,17.01,-
22-Jan-08,53.19,53.19,53.19,53.19,16.89,-
23-Jan-08,53.74,53.74,53.74,53.74,17.06,-
24-Jan-08,54.01,54.01,54.01,54.01,17.15,-
25-Jan-08,53.49,53.49,53.49,53.49,16.99,-
28-Jan-08,54.09,54.09,54.09,54.09,17.18,-
29-Jan-08,54.26,54.26,54.26,54.26,17.23,-
30-Jan-08,54.1,54.1,54.1,54.1,17.18,-
31-Jan-08,54.74,54.74,54.74,54.74,17.38,-
1-Feb-08,55.24,55.24,55.24,55.24,17.54,-
4-Feb-08,54.94,54.94,54.94,54.94,17.45,-
5-Feb-08,53.83,53.83,53.83,53.83,17.09,-
6-Feb-08,53.64,53.64,53.64,53.64,17.03,-
7-Feb-08,53.68,53.68,53.68,53.68,17.05,-
8-Feb-08,53.63,53.63,53.63,53.63,17.03,-
11-Feb-08,53.83,53.83,53.83,53.83,17.09,-
12-Feb-08,54.1,54.1,54.1,54.1,17.18,-
13-Feb-08,54.55,54.55,54.55,54.55,17.32,-
14-Feb-08,54.07,54.07,54.07,54.07,17.17,-
15-Feb-08,54.17,54.17,54.17,54.17,17.2,-
19-Feb-08,54.16,54.16,54.16,54.16,17.2,-
20-Feb-08,54.29,54.29,54.29,54.29,17.24,-
21-Feb-08,54.1,54.1,54.1,54.1,17.18,-
22-Feb-08,54.41,54.41,54.41,54.41,17.28,-
25-Feb-08,54.82,54.82,54.82,54.82,17.41,-
26-Feb-08,55.16,55.16,55.16,55.16,17.52,-
27-Feb-08,55.19,55.19,55.19,55.19,17.53,-
28-Feb-08,55.06,55.06,55.06,55.06,17.48,-
29-Feb-08,54.33,54.33,54.33,54.33,17.25,-
3-Mar-08,54.34,54.34,54.34,54.34,17.26,-
4-Mar-08,54.06,54.06,54.06,54.06,17.17,-
5-Mar-08,54.23,54.23,54.23,54.23,17.22,-
6-Mar-08,53.59,53.59,53.59,53.59,17.02,-
7-Mar-08,53.29,53.29,53.29,53.29,16.92,-
10-Mar-08,52.86,52.86,52.86,52.86,16.79,-
11-Mar-08,53.85,53.85,53.85,53.85,17.1,-
12-Mar-08,53.76,53.76,53.76,53.76,17.07,-
13-Mar-08,53.82,53.82,53.82,53.82,17.09,-
14-Mar-08,53.28,53.28,53.28,53.28,16.92,-
17-Mar-08,53.07,53.07,53.07,53.07,16.85,-
18-Mar-08,54.19,54.19,54.19,54.19,17.21,-
19-Mar-08,53.41,53.41,53.41,53.41,16.96,-
20-Mar-08,54.11,54.11,54.11,54.11,17.18,-
24-Mar-08,54.32,54.32,54.32,54.32,17.25,-
25-Mar-08,54.53,54.53,54.53,54.53,17.32,-
26-Mar-08,54.37,54.37,54.37,54.37,17.26,-
27-Mar-08,53.7,53.7,53.7,53.7,17.18,-
28-Mar-08,53.51,53.51,53.51,53.51,17.12,-
31-Mar-08,53.73,53.73,53.73,53.73,17.19,-
1-Apr-08,54.64,54.64,54.64,54.64,17.48,-
2-Apr-08,54.6,54.6,54.6,54.6,17.47,-
3-Apr-08,54.75,54.75,54.75,54.75,17.52,-
4-Apr-08,54.93,54.93,54.93,54.93,17.58,-
7-Apr-08,54.95,54.95,54.95,54.95,17.58,-
8-Apr-08,54.84,54.84,54.84,54.84,17.55,-
9-Apr-08,54.65,54.65,54.65,54.65,17.49,-
10-Apr-08,54.71,54.71,54.71,54.71,17.51,-
11-Apr-08,54.17,54.17,54.17,54.17,17.33,-
14-Apr-08,54.08,54.08,54.08,54.08,17.3,-
15-Apr-08,54.14,54.14,54.14,54.14,17.32,-
16-Apr-08,54.81,54.81,54.81,54.81,17.54,-
17-Apr-08,54.78,54.78,54.78,54.78,17.53,-
18-Apr-08,55.26,55.26,55.26,55.26,17.68,-
21-Apr-08,55.3,55.3,55.3,55.3,17.7,-
22-Apr-08,55.02,55.02,55.02,55.02,17.61,-
23-Apr-08,55.03,55.03,55.03,55.03,17.61,-
24-Apr-08,54.99,54.99,54.99,54.99,17.6,-
25-Apr-08,55.21,55.21,55.21,55.21,17.67,-
28-Apr-08,55.23,55.23,55.23,55.23,17.67,-
29-Apr-08,55.09,55.09,55.09,55.09,17.63,-
30-Apr-08,55.13,55.13,55.13,55.13,17.64,-
1-May-08,55.72,55.72,55.72,55.72,17.83,-
2-May-08,55.82,55.82,55.82,55.82,17.86,-
5-May-08,55.66,55.66,55.66,55.66,17.81,-
6-May-08,55.88,55.88,55.88,55.88,17.88,-
7-May-08,55.33,55.33,55.33,55.33,17.7,-
8-May-08,55.57,55.57,55.57,55.57,17.78,-
9-May-08,55.32,55.32,55.32,55.32,17.7,-
12-May-08,55.74,55.74,55.74,55.74,17.84,-
13-May-08,55.54,55.54,55.54,55.54,17.77,-
14-May-08,55.7,55.7,55.7,55.7,17.82,-
15-May-08,56.15,56.15,56.15,56.15,17.97,-
16-May-08,56.32,56.32,56.32,56.32,18.02,-
19-May-08,56.42,56.42,56.42,56.42,18.05,-
20-May-08,56.28,56.28,56.28,56.28,18.01,-
21-May-08,55.82,55.82,55.82,55.82,17.86,-
22-May-08,55.82,55.82,55.82,55.82,17.86,-
23-May-08,55.39,55.39,55.39,55.39,17.72,-
27-May-08,55.41,55.41,55.41,55.41,17.73,-
28-May-08,55.5,55.5,55.5,55.5,17.76,-
29-May-08,55.53,55.53,55.53,55.53,17.77,-
30-May-08,55.64,55.64,55.64,55.64,17.8,-
2-Jun-08,55.37,55.37,55.37,55.37,17.72,-
3-Jun-08,55.29,55.29,55.29,55.29,17.69,-
4-Jun-08,55.11,55.11,55.11,55.11,17.63,-
5-Jun-08,55.8,55.8,55.8,55.8,17.86,-
6-Jun-08,54.88,54.88,54.88,54.88,17.56,-
9-Jun-08,54.88,54.88,54.88,54.88,17.56,-
10-Jun-08,54.52,54.52,54.52,54.52,17.45,-
11-Jun-08,54.07,54.07,54.07,54.07,17.3,-
12-Jun-08,53.99,53.99,53.99,53.99,17.28,-
13-Jun-08,54.35,54.35,54.35,54.35,17.39,-
16-Jun-08,54.42,54.42,54.42,54.42,17.41,-
17-Jun-08,54.31,54.31,54.31,54.31,17.38,-
18-Jun-08,54.1,54.1,54.1,54.1,17.31,-
19-Jun-08,54.02,54.02,54.02,54.02,17.29,-
20-Jun-08,53.4,53.4,53.4,53.4,17.09,-
23-Jun-08,53.45,53.45,53.45,53.45,17.1,-
24-Jun-08,53.41,53.41,53.41,53.41,17.09,-
25-Jun-08,53.61,53.61,53.61,53.61,17.15,-
26-Jun-08,52.27,52.27,52.27,52.27,16.88,-
27-Jun-08,52.2,52.2,52.2,52.2,16.86,-
30-Jun-08,52.35,52.35,52.35,52.35,16.91,-
1-Jul-08,52.36,52.36,52.36,52.36,16.91,-
2-Jul-08,51.79,51.79,51.79,51.79,16.73,-
3-Jul-08,51.79,51.79,51.79,51.79,16.73,-
7-Jul-08,51.54,51.54,51.54,51.54,16.65,-
8-Jul-08,52.07,52.07,52.07,52.07,16.82,-
9-Jul-08,51.5,51.5,51.5,51.5,16.64,-
10-Jul-08,51.86,51.86,51.86,51.86,16.75,-
11-Jul-08,51.28,51.28,51.28,51.28,16.56,-
14-Jul-08,51.12,51.12,51.12,51.12,16.51,-
15-Jul-08,50.72,50.72,50.72,50.72,16.38,-
16-Jul-08,51.08,51.08,51.08,51.08,16.5,-
17-Jul-08,51.36,51.36,51.36,51.36,16.59,-
18-Jul-08,51.51,51.51,51.51,51.51,16.64,-
21-Jul-08,51.55,51.55,51.55,51.55,16.65,-
22-Jul-08,51.9,51.9,51.9,51.9,16.76,-
23-Jul-08,51.92,51.92,51.92,51.92,16.77,-
24-Jul-08,51.32,51.32,51.32,51.32,16.58,-
25-Jul-08,51.24,51.24,51.24,51.24,16.55,-
28-Jul-08,50.82,50.82,50.82,50.82,16.42,-
29-Jul-08,51.34,51.34,51.34,51.34,16.58,-
30-Jul-08,51.86,51.86,51.86,51.86,16.75,-
31-Jul-08,51.67,51.67,51.67,51.67,16.69,-
1-Aug-08,51.46,51.46,51.46,51.46,16.62,-
4-Aug-08,51.17,51.17,51.17,51.17,16.53,-
5-Aug-08,51.91,51.91,51.91,51.91,16.77,-
6-Aug-08,51.94,51.94,51.94,51.94,16.78,-
7-Aug-08,51.56,51.56,51.56,51.56,16.65,-
8-Aug-08,52.12,52.12,52.12,52.12,16.84,-
11-Aug-08,52.29,52.29,52.29,52.29,16.89,-
12-Aug-08,52.02,52.02,52.02,52.02,16.8,-
13-Aug-08,51.9,51.9,51.9,51.9,16.76,-
14-Aug-08,51.96,51.96,51.96,51.96,16.78,-
15-Aug-08,52.12,52.12,52.12,52.12,16.84,-
18-Aug-08,51.77,51.77,51.77,51.77,16.72,-
19-Aug-08,51.46,51.46,51.46,51.46,16.62,-
20-Aug-08,51.71,51.71,51.71,51.71,16.7,-
21-Aug-08,51.8,51.8,51.8,51.8,16.73,-
22-Aug-08,52.01,52.01,52.01,52.01,16.8,-
25-Aug-08,51.5,51.5,51.5,51.5,16.64,-
26-Aug-08,51.66,51.66,51.66,51.66,16.69,-
27-Aug-08,51.95,51.95,51.95,51.95,16.78,-
28-Aug-08,52.45,52.45,52.45,52.45,16.94,-
29-Aug-08,52.05,52.05,52.05,52.05,16.81,-
2-Sep-08,51.94,51.94,51.94,51.94,16.78,-
3-Sep-08,51.94,51.94,51.94,51.94,16.78,-
4-Sep-08,51.04,51.04,51.04,51.04,16.49,-
5-Sep-08,51.07,51.07,51.07,51.07,16.5,-
8-Sep-08,51.82,51.82,51.82,51.82,16.74,-
9-Sep-08,50.82,50.82,50.82,50.82,16.42,-
10-Sep-08,51.02,51.02,51.02,51.02,16.48,-
11-Sep-08,51.3,51.3,51.3,51.3,16.57,-
12-Sep-08,51.36,51.36,51.36,51.36,16.59,-
15-Sep-08,49.88,49.88,49.88,49.88,16.11,-
16-Sep-08,50.05,50.05,50.05,50.05,16.17,-
17-Sep-08,48.68,48.68,48.68,48.68,15.72,-
18-Sep-08,49.56,49.56,49.56,49.56,16.01,-
19-Sep-08,50.91,50.91,50.91,50.91,16.44,-
22-Sep-08,49.98,49.98,49.98,49.98,16.14,-
23-Sep-08,49.33,49.33,49.33,49.33,15.93,-
24-Sep-08,49.24,49.24,49.24,49.24,15.91,-
25-Sep-08,49.34,49.34,49.34,49.34,16.08,-
26-Sep-08,49.23,49.23,49.23,49.23,16.05,-
29-Sep-08,46.82,46.82,46.82,46.82,15.26,-
30-Sep-08,47.77,47.77,47.77,47.77,15.57,-
1-Oct-08,47.68,47.68,47.68,47.68,15.54,-
2-Oct-08,46.46,46.46,46.46,46.46,15.14,-
3-Oct-08,46.05,46.05,46.05,46.05,15.01,-
6-Oct-08,44.95,44.95,44.95,44.95,14.65,-
7-Oct-08,43.43,43.43,43.43,43.43,14.16,-
8-Oct-08,42.82,42.82,42.82,42.82,13.96,-
9-Oct-08,40.71,40.71,40.71,40.71,13.27,-
10-Oct-08,40.05,40.05,40.05,40.05,13.05,-
13-Oct-08,42.99,42.99,42.99,42.99,14.01,-
14-Oct-08,43.09,43.09,43.09,43.09,14.05,-
15-Oct-08,40.38,40.38,40.38,40.38,13.16,-
16-Oct-08,41.26,41.26,41.26,41.26,13.45,-
17-Oct-08,41.03,41.03,41.03,41.03,13.37,-
20-Oct-08,42.34,42.34,42.34,42.34,13.8,-
21-Oct-08,41.47,41.47,41.47,41.47,13.52,-
22-Oct-08,39.83,39.83,39.83,39.83,12.98,-
23-Oct-08,40.33,40.33,40.33,40.33,13.15,-
24-Oct-08,39.43,39.43,39.43,39.43,12.85,-
27-Oct-08,38.5,38.5,38.5,38.5,12.55,-
28-Oct-08,40.97,40.97,40.97,40.97,13.35,-
29-Oct-08,40.94,40.94,40.94,40.94,13.35,-
30-Oct-08,41.59,41.59,41.59,41.59,13.56,-
31-Oct-08,41.95,41.95,41.95,41.95,13.67,-
3-Nov-08,41.99,41.99,41.99,41.99,13.69,-
4-Nov-08,43.31,43.31,43.31,43.31,14.12,-
5-Nov-08,41.97,41.97,41.97,41.97,13.68,-
6-Nov-08,40.59,40.59,40.59,40.59,13.23,-
7-Nov-08,41.45,41.45,41.45,41.45,13.51,-
10-Nov-08,41.33,41.33,41.33,41.33,13.47,-
11-Nov-08,40.71,40.71,40.71,40.71,13.27,-
12-Nov-08,39.47,39.47,39.47,39.47,12.87,-
13-Nov-08,41.16,41.16,41.16,41.16,13.42,-
14-Nov-08,40.15,40.15,40.15,40.15,13.09,-
17-Nov-08,39.5,39.5,39.5,39.5,12.88,-
18-Nov-08,39.83,39.83,39.83,39.83,12.98,-
19-Nov-08,38.38,38.38,38.38,38.38,12.51,-
20-Nov-08,36.88,36.88,36.88,36.88,12.02,-
21-Nov-08,38.09,38.09,38.09,38.09,12.42,-
24-Nov-08,39.53,39.53,39.53,39.53,12.89,-
25-Nov-08,39.98,39.98,39.98,39.98,13.03,-
26-Nov-08,40.76,40.76,40.76,40.76,13.29,-
28-Nov-08,41.1,41.1,41.1,41.1,13.4,-
1-Dec-08,38.88,38.88,38.88,38.88,12.67,-
2-Dec-08,39.87,39.87,39.87,39.87,13.0,-
3-Dec-08,40.41,40.41,40.41,40.41,13.17,-
4-Dec-08,39.74,39.74,39.74,39.74,12.95,-
5-Dec-08,40.41,40.41,40.41,40.41,13.17,-
8-Dec-08,41.38,41.38,41.38,41.38,13.49,-
9-Dec-08,40.95,40.95,40.95,40.95,13.35,-
10-Dec-08,41.31,41.31,41.31,41.31,13.47,-
11-Dec-08,40.84,40.84,40.84,40.84,13.31,-
12-Dec-08,41.01,41.01,41.01,41.01,13.37,-
15-Dec-08,40.88,40.88,40.88,40.88,13.33,-
16-Dec-08,42.38,42.38,42.38,42.38,13.81,-
17-Dec-08,42.37,42.37,42.37,42.37,13.81,-
18-Dec-08,41.95,41.95,41.95,41.95,13.67,-
19-Dec-08,41.98,41.98,41.98,41.98,13.68,-
22-Dec-08,41.53,41.53,41.53,41.53,13.54,-
23-Dec-08,41.32,41.32,41.32,41.32,13.47,-
24-Dec-08,41.43,41.43,41.43,41.43,13.5,-
26-Dec-08,41.15,41.15,41.15,41.15,13.57,-
29-Dec-08,41.22,41.22,41.22,41.22,13.6,-
30-Dec-08,41.91,41.91,41.91,41.91,13.82,-
31-Dec-08,42.18,42.18,42.18,42.18,13.91,-
2-Jan-09,42.87,42.87,42.87,42.87,14.14,-
5-Jan-09,42.62,42.62,42.62,42.62,14.06,-
6-Jan-09,42.91,42.91,42.91,42.91,14.15,-
7-Jan-09,42.25,42.25,42.25,42.25,13.94,-
8-Jan-09,42.51,42.51,42.51,42.51,14.02,-
9-Jan-09,42.06,42.06,42.06,42.06,13.87,-
12-Jan-09,41.49,41.49,41.49,41.49,13.68,-
13-Jan-09,41.48,41.48,41.48,41.48,13.68,-
14-Jan-09,40.73,40.73,40.73,40.73,13.43,-
15-Jan-09,40.76,40.76,40.76,40.76,13.44,-
16-Jan-09,40.9,40.9,40.9,40.9,13.49,-
20-Jan-09,39.37,39.37,39.37,39.37,12.99,-
21-Jan-09,40.22,40.22,40.22,40.22,13.27,-
22-Jan-09,39.83,39.83,39.83,39.83,13.14,-
23-Jan-09,39.95,39.95,39.95,39.95,13.18,-
26-Jan-09,40.24,40.24,40.24,40.24,13.27,-
27-Jan-09,40.64,40.64,40.64,40.64,13.4,-
28-Jan-09,41.41,41.41,41.41,41.41,13.66,-
29-Jan-09,40.4,40.4,40.4,40.4,13.33,-
30-Jan-09,39.89,39.89,39.89,39.89,13.16,-
2-Feb-09,39.99,39.99,39.99,39.99,13.19,-
3-Feb-09,40.37,40.37,40.37,40.37,13.32,-
4-Feb-09,40.23,40.23,40.23,40.23,13.27,-
5-Feb-09,40.63,40.63,40.63,40.63,13.4,-
6-Feb-09,41.22,41.22,41.22,41.22,13.6,-
9-Feb-09,41.29,41.29,41.29,41.29,13.62,-
10-Feb-09,40.22,40.22,40.22,40.22,13.27,-
11-Feb-09,40.55,40.55,40.55,40.55,13.37,-
12-Feb-09,40.5,40.5,40.5,40.5,13.36,-
13-Feb-09,40.17,40.17,40.17,40.17,13.25,-
17-Feb-09,39.18,39.18,39.18,39.18,12.92,-
18-Feb-09,39.02,39.02,39.02,39.02,12.87,-
19-Feb-09,38.75,38.75,38.75,38.75,12.78,-
20-Feb-09,38.41,38.41,38.41,38.41,12.67,-
23-Feb-09,37.59,37.59,37.59,37.59,12.4,-
24-Feb-09,38.44,38.44,38.44,38.44,12.68,-
25-Feb-09,38.07,38.07,38.07,38.07,12.56,-
26-Feb-09,37.85,37.85,37.85,37.85,12.48,-
27-Feb-09,37.32,37.32,37.32,37.32,12.31,-
2-Mar-09,36.32,36.32,36.32,36.32,11.98,-
3-Mar-09,36.07,36.07,36.07,36.07,11.9,-
4-Mar-09,36.51,36.51,36.51,36.51,12.04,-
5-Mar-09,35.69,35.69,35.69,35.69,11.77,-
6-Mar-09,35.68,35.68,35.68,35.68,11.77,-
9-Mar-09,35.43,35.43,35.43,35.43,11.69,-
10-Mar-09,36.56,36.56,36.56,36.56,12.06,-
11-Mar-09,36.69,36.69,36.69,36.69,12.1,-
12-Mar-09,37.58,37.58,37.58,37.58,12.4,-
13-Mar-09,37.78,37.78,37.78,37.78,12.46,-
16-Mar-09,37.77,37.77,37.77,37.77,12.46,-
17-Mar-09,38.49,38.49,38.49,38.49,12.7,-
18-Mar-09,39.31,39.31,39.31,39.31,12.97,-
19-Mar-09,39,39.0,39.0,39.0,12.86,-
20-Mar-09,38.52,38.52,38.52,38.52,12.71,-
23-Mar-09,40.14,40.14,40.14,40.14,13.24,-
24-Mar-09,39.66,39.66,39.66,39.66,13.08,-
25-Mar-09,39.85,39.85,39.85,39.85,13.14,-
26-Mar-09,39.96,39.96,39.96,39.96,13.3,-
27-Mar-09,39.33,39.33,39.33,39.33,13.09,-
30-Mar-09,38.45,38.45,38.45,38.45,12.8,-
31-Mar-09,38.86,38.86,38.86,38.86,12.94,-
1-Apr-09,39.32,39.32,39.32,39.32,13.09,-
2-Apr-09,39.97,39.97,39.97,39.97,13.31,-
3-Apr-09,40.09,40.09,40.09,40.09,13.34,-
6-Apr-09,39.83,39.83,39.83,39.83,13.26,-
7-Apr-09,39.33,39.33,39.33,39.33,13.09,-
8-Apr-09,39.6,39.6,39.6,39.6,13.18,-
9-Apr-09,40.4,40.4,40.4,40.4,13.45,-
13-Apr-09,40.6,40.6,40.6,40.6,13.51,-
14-Apr-09,40.13,40.13,40.13,40.13,13.36,-
15-Apr-09,40.55,40.55,40.55,40.55,13.5,-
16-Apr-09,40.81,40.81,40.81,40.81,13.58,-
17-Apr-09,40.82,40.82,40.82,40.82,13.59,-
20-Apr-09,39.91,39.91,39.91,39.91,13.29,-
21-Apr-09,40.34,40.34,40.34,40.34,13.43,-
22-Apr-09,40.07,40.07,40.07,40.07,13.34,-
23-Apr-09,40.46,40.46,40.46,40.46,13.47,-
24-Apr-09,40.82,40.82,40.82,40.82,13.59,-
27-Apr-09,40.62,40.62,40.62,40.62,13.52,-
28-Apr-09,40.54,40.54,40.54,40.54,13.49,-
29-Apr-09,41.11,41.11,41.11,41.11,13.68,-
30-Apr-09,41.15,41.15,41.15,41.15,13.7,-
1-May-09,41.43,41.43,41.43,41.43,13.79,-
4-May-09,42.4,42.4,42.4,42.4,14.11,-
5-May-09,42.24,42.24,42.24,42.24,14.06,-
6-May-09,42.94,42.94,42.94,42.94,14.29,-
7-May-09,42.57,42.57,42.57,42.57,14.17,-
8-May-09,43.44,43.44,43.44,43.44,14.46,-
11-May-09,42.9,42.9,42.9,42.9,14.28,-
12-May-09,43.01,43.01,43.01,43.01,14.32,-
13-May-09,42.35,42.35,42.35,42.35,14.1,-
14-May-09,42.62,42.62,42.62,42.62,14.19,-
15-May-09,42.28,42.28,42.28,42.28,14.07,-
18-May-09,43.06,43.06,43.06,43.06,14.33,-
19-May-09,43.02,43.02,43.02,43.02,14.32,-
20-May-09,43.04,43.04,43.04,43.04,14.33,-
21-May-09,42.56,42.56,42.56,42.56,14.17,-
22-May-09,42.56,42.56,42.56,42.56,14.17,-
26-May-09,43.21,43.21,43.21,43.21,14.38,-
27-May-09,42.61,42.61,42.61,42.61,14.18,-
28-May-09,43.19,43.19,43.19,43.19,14.38,-
29-May-09,43.73,43.73,43.73,43.73,14.56,-
1-Jun-09,44.27,44.27,44.27,44.27,14.74,-
2-Jun-09,44.42,44.42,44.42,44.42,14.79,-
3-Jun-09,43.91,43.91,43.91,43.91,14.62,-
4-Jun-09,44.16,44.16,44.16,44.16,14.7,-
5-Jun-09,43.94,43.94,43.94,43.94,14.63,-
8-Jun-09,43.93,43.93,43.93,43.93,14.62,-
9-Jun-09,44.08,44.08,44.08,44.08,14.67,-
10-Jun-09,44.02,44.02,44.02,44.02,14.65,-
11-Jun-09,44.37,44.37,44.37,44.37,14.77,-
12-Jun-09,44.42,44.42,44.42,44.42,14.79,-
15-Jun-09,43.75,43.75,43.75,43.75,14.56,-
16-Jun-09,43.5,43.5,43.5,43.5,14.48,-
17-Jun-09,43.39,43.39,43.39,43.39,14.44,-
18-Jun-09,43.54,43.54,43.54,43.54,14.49,-
19-Jun-09,43.66,43.66,43.66,43.66,14.53,-
22-Jun-09,42.9,42.9,42.9,42.9,14.28,-
23-Jun-09,43.16,43.16,43.16,43.16,14.37,-
24-Jun-09,43.28,43.28,43.28,43.28,14.41,-
25-Jun-09,43.51,43.51,43.51,43.51,14.63,-
26-Jun-09,43.5,43.5,43.5,43.5,14.62,-
29-Jun-09,43.81,43.81,43.81,43.81,14.73,-
30-Jun-09,43.54,43.54,43.54,43.54,14.64,-
1-Jul-09,43.71,43.71,43.71,43.71,14.7,-
2-Jul-09,42.9,42.9,42.9,42.9,14.42,-
6-Jul-09,42.91,42.91,42.91,42.91,14.43,-
7-Jul-09,42.45,42.45,42.45,42.45,14.27,-
8-Jul-09,42.47,42.47,42.47,42.47,14.28,-
9-Jul-09,42.52,42.52,42.52,42.52,14.3,-
10-Jul-09,42.43,42.43,42.43,42.43,14.26,-
13-Jul-09,43.09,43.09,43.09,43.09,14.49,-
14-Jul-09,43.12,43.12,43.12,43.12,14.5,-
15-Jul-09,43.83,43.83,43.83,43.83,14.74,-
16-Jul-09,44.17,44.17,44.17,44.17,14.85,-
17-Jul-09,44.12,44.12,44.12,44.12,14.83,-
20-Jul-09,44.55,44.55,44.55,44.55,14.98,-
21-Jul-09,44.83,44.83,44.83,44.83,15.07,-
22-Jul-09,44.73,44.73,44.73,44.73,15.04,-
23-Jul-09,45.31,45.31,45.31,45.31,15.23,-
24-Jul-09,45.45,45.45,45.45,45.45,15.28,-
27-Jul-09,45.52,45.52,45.52,45.52,15.3,-
28-Jul-09,45.39,45.39,45.39,45.39,15.26,-
29-Jul-09,45.31,45.31,45.31,45.31,15.23,-
30-Jul-09,45.75,45.75,45.75,45.75,15.38,-
31-Jul-09,46.03,46.03,46.03,46.03,15.48,-
3-Aug-09,46.47,46.47,46.47,46.47,15.62,-
4-Aug-09,46.54,46.54,46.54,46.54,15.65,-
5-Aug-09,46.37,46.37,46.37,46.37,15.59,-
6-Aug-09,46.22,46.22,46.22,46.22,15.54,-
7-Aug-09,46.47,46.47,46.47,46.47,15.62,-
10-Aug-09,46.42,46.42,46.42,46.42,15.61,-
11-Aug-09,46.11,46.11,46.11,46.11,15.5,-
12-Aug-09,46.42,46.42,46.42,46.42,15.61,-
13-Aug-09,46.77,46.77,46.77,46.77,15.72,-
14-Aug-09,46.53,46.53,46.53,46.53,15.64,-
17-Aug-09,45.89,45.89,45.89,45.89,15.43,-
18-Aug-09,46.17,46.17,46.17,46.17,15.52,-
19-Aug-09,46.44,46.44,46.44,46.44,15.61,-
20-Aug-09,46.76,46.76,46.76,46.76,15.72,-
21-Aug-09,47.22,47.22,47.22,47.22,15.88,-
24-Aug-09,47.33,47.33,47.33,47.33,15.91,-
25-Aug-09,47.47,47.47,47.47,47.47,15.96,-
26-Aug-09,47.42,47.42,47.42,47.42,15.94,-
27-Aug-09,47.51,47.51,47.51,47.51,15.97,-
28-Aug-09,47.45,47.45,47.45,47.45,15.95,-
31-Aug-09,47.28,47.28,47.28,47.28,15.9,-
1-Sep-09,46.63,46.63,46.63,46.63,15.68,-
2-Sep-09,46.61,46.61,46.61,46.61,15.67,-
3-Sep-09,46.82,46.82,46.82,46.82,15.74,-
4-Sep-09,47.09,47.09,47.09,47.09,15.83,-
8-Sep-09,47.36,47.36,47.36,47.36,15.92,-
9-Sep-09,47.61,47.61,47.61,47.61,16.01,-
10-Sep-09,48.01,48.01,48.01,48.01,16.14,-
11-Sep-09,48.07,48.07,48.07,48.07,16.16,-
14-Sep-09,48.21,48.21,48.21,48.21,16.21,-
15-Sep-09,48.29,48.29,48.29,48.29,16.24,-
16-Sep-09,48.75,48.75,48.75,48.75,16.39,-
17-Sep-09,48.71,48.71,48.71,48.71,16.38,-
18-Sep-09,48.73,48.73,48.73,48.73,16.38,-
21-Sep-09,48.55,48.55,48.55,48.55,16.32,-
22-Sep-09,48.81,48.81,48.81,48.81,16.41,-
23-Sep-09,48.53,48.53,48.53,48.53,16.32,-
24-Sep-09,48.22,48.22,48.22,48.22,16.21,-
25-Sep-09,48.12,48.12,48.12,48.12,16.18,-
28-Sep-09,48.32,48.32,48.32,48.32,16.37,-
29-Sep-09,48.24,48.24,48.24,48.24,16.34,-
30-Sep-09,48.12,48.12,48.12,48.12,16.3,-
1-Oct-09,47.44,47.44,47.44,47.44,16.07,-
2-Oct-09,47.26,47.26,47.26,47.26,16.01,-
5-Oct-09,47.7,47.7,47.7,47.7,16.16,-
6-Oct-09,48.14,48.14,48.14,48.14,16.31,-
7-Oct-09,48.25,48.25,48.25,48.25,16.35,-
8-Oct-09,48.47,48.47,48.47,48.47,16.42,-
9-Oct-09,48.52,48.52,48.52,48.52,16.44,-
12-Oct-09,48.73,48.73,48.73,48.73,16.51,-
13-Oct-09,48.65,48.65,48.65,48.65,16.48,-
14-Oct-09,49.2,49.2,49.2,49.2,16.67,-
15-Oct-09,49.31,49.31,49.31,49.31,16.71,-
16-Oct-09,49.09,49.09,49.09,49.09,16.63,-
19-Oct-09,49.54,49.54,49.54,49.54,16.78,-
20-Oct-09,49.38,49.38,49.38,49.38,16.73,-
21-Oct-09,49.08,49.08,49.08,49.08,16.63,-
22-Oct-09,49.46,49.46,49.46,49.46,16.76,-
23-Oct-09,48.98,48.98,48.98,48.98,16.59,-
26-Oct-09,48.52,48.52,48.52,48.52,16.44,-
27-Oct-09,48.6,48.6,48.6,48.6,16.47,-
28-Oct-09,48.07,48.07,48.07,48.07,16.29,-
29-Oct-09,48.72,48.72,48.72,48.72,16.51,-
30-Oct-09,47.9,47.9,47.9,47.9,16.23,-
2-Nov-09,48.1,48.1,48.1,48.1,16.3,-
3-Nov-09,48.05,48.05,48.05,48.05,16.28,-
4-Nov-09,48.15,48.15,48.15,48.15,16.31,-
5-Nov-09,48.78,48.78,48.78,48.78,16.53,-
6-Nov-09,48.81,48.81,48.81,48.81,16.54,-
9-Nov-09,49.61,49.61,49.61,49.61,16.81,-
10-Nov-09,49.62,49.62,49.62,49.62,16.81,-
11-Nov-09,49.76,49.76,49.76,49.76,16.86,-
12-Nov-09,49.38,49.38,49.38,49.38,16.73,-
13-Nov-09,49.57,49.57,49.57,49.57,16.79,-
16-Nov-09,50.16,50.16,50.16,50.16,16.99,-
17-Nov-09,50.19,50.19,50.19,50.19,17.0,-
18-Nov-09,50.19,50.19,50.19,50.19,17.0,-
19-Nov-09,49.79,49.79,49.79,49.79,16.87,-
20-Nov-09,49.67,49.67,49.67,49.67,16.83,-
23-Nov-09,50.16,50.16,50.16,50.16,16.99,-
24-Nov-09,50.24,50.24,50.24,50.24,17.02,-
25-Nov-09,50.5,50.5,50.5,50.5,17.11,-
27-Nov-09,49.95,49.95,49.95,49.95,16.92,-
30-Nov-09,50.07,50.07,50.07,50.07,16.96,-
1-Dec-09,50.49,50.49,50.49,50.49,17.11,-
2-Dec-09,50.51,50.51,50.51,50.51,17.11,-
3-Dec-09,50.2,50.2,50.2,50.2,17.01,-
4-Dec-09,50.28,50.28,50.28,50.28,17.04,-
7-Dec-09,50.28,50.28,50.28,50.28,17.04,-
8-Dec-09,49.93,49.93,49.93,49.93,16.92,-
9-Dec-09,49.99,49.99,49.99,49.99,16.94,-
10-Dec-09,50.11,50.11,50.11,50.11,16.98,-
11-Dec-09,50.17,50.17,50.17,50.17,17.0,-
14-Dec-09,50.47,50.47,50.47,50.47,17.1,-
15-Dec-09,50.27,50.27,50.27,50.27,17.03,-
16-Dec-09,50.35,50.35,50.35,50.35,17.06,-
17-Dec-09,49.99,49.99,49.99,49.99,16.94,-
18-Dec-09,50.06,50.06,50.06,50.06,16.96,-
21-Dec-09,50.27,50.27,50.27,50.27,17.03,-
22-Dec-09,50.36,50.36,50.36,50.36,17.06,-
23-Dec-09,50.39,50.39,50.39,50.39,17.07,-
24-Dec-09,50.45,50.45,50.45,50.45,17.09,-
28-Dec-09,50.06,50.06,50.06,50.06,17.11,-
29-Dec-09,50.08,50.08,50.08,50.08,17.12,-
30-Dec-09,50.11,50.11,50.11,50.11,17.13,-
31-Dec-09,49.82,49.82,49.82,49.82,17.03,-
4-Jan-10,50.41,50.41,50.41,50.41,17.23,-
5-Jan-10,50.53,50.53,50.53,50.53,17.27,-
6-Jan-10,50.53,50.53,50.53,50.53,17.27,-
7-Jan-10,50.63,50.63,50.63,50.63,17.3,-
8-Jan-10,50.81,50.81,50.81,50.81,17.37,-
11-Jan-10,50.99,50.99,50.99,50.99,17.43,-
12-Jan-10,50.76,50.76,50.76,50.76,17.35,-
13-Jan-10,50.94,50.94,50.94,50.94,17.41,-
14-Jan-10,51.09,51.09,51.09,51.09,17.46,-
15-Jan-10,50.73,50.73,50.73,50.73,17.34,-
19-Jan-10,51.17,51.17,51.17,51.17,17.49,-
20-Jan-10,50.8,50.8,50.8,50.8,17.36,-
21-Jan-10,50.13,50.13,50.13,50.13,17.13,-
22-Jan-10,49.44,49.44,49.44,49.44,16.9,-
25-Jan-10,49.58,49.58,49.58,49.58,16.95,-
26-Jan-10,49.45,49.45,49.45,49.45,16.9,-
27-Jan-10,49.54,49.54,49.54,49.54,16.93,-
28-Jan-10,49.2,49.2,49.2,49.2,16.82,-
29-Jan-10,48.98,48.98,48.98,48.98,16.74,-
1-Feb-10,49.35,49.35,49.35,49.35,16.87,-
2-Feb-10,49.76,49.76,49.76,49.76,17.01,-
3-Feb-10,49.5,49.5,49.5,49.5,16.92,-
4-Feb-10,48.6,48.6,48.6,48.6,16.61,-
5-Feb-10,48.55,48.55,48.55,48.55,16.59,-
8-Feb-10,48.28,48.28,48.28,48.28,16.5,-
9-Feb-10,48.65,48.65,48.65,48.65,16.63,-
10-Feb-10,48.5,48.5,48.5,48.5,16.58,-
11-Feb-10,48.78,48.78,48.78,48.78,16.67,-
12-Feb-10,48.73,48.73,48.73,48.73,16.65,-
16-Feb-10,49.37,49.37,49.37,49.37,16.87,-
17-Feb-10,49.42,49.42,49.42,49.42,16.89,-
18-Feb-10,49.6,49.6,49.6,49.6,16.95,-
19-Feb-10,49.68,49.68,49.68,49.68,16.98,-
22-Feb-10,49.65,49.65,49.65,49.65,16.97,-
23-Feb-10,49.37,49.37,49.37,49.37,16.87,-
24-Feb-10,49.66,49.66,49.66,49.66,16.97,-
25-Feb-10,49.59,49.59,49.59,49.59,16.95,-
26-Feb-10,49.71,49.71,49.71,49.71,16.99,-
1-Mar-10,50.02,50.02,50.02,50.02,17.1,-
2-Mar-10,50.11,50.11,50.11,50.11,17.13,-
3-Mar-10,50.16,50.16,50.16,50.16,17.14,-
4-Mar-10,50.29,50.29,50.29,50.29,17.19,-
5-Mar-10,50.71,50.71,50.71,50.71,17.33,-
8-Mar-10,50.67,50.67,50.67,50.67,17.32,-
9-Mar-10,50.69,50.69,50.69,50.69,17.32,-
10-Mar-10,50.79,50.79,50.79,50.79,17.36,-
11-Mar-10,50.94,50.94,50.94,50.94,17.41,-
12-Mar-10,50.97,50.97,50.97,50.97,17.42,-
15-Mar-10,51.06,51.06,51.06,51.06,17.45,-
16-Mar-10,51.39,51.39,51.39,51.39,17.56,-
17-Mar-10,51.62,51.62,51.62,51.62,17.64,-
18-Mar-10,51.56,51.56,51.56,51.56,17.62,-
19-Mar-10,51.42,51.42,51.42,51.42,17.57,-
22-Mar-10,51.56,51.56,51.56,51.56,17.62,-
23-Mar-10,51.82,51.82,51.82,51.82,17.71,-
24-Mar-10,51.43,51.43,51.43,51.43,17.58,-
25-Mar-10,51.37,51.37,51.37,51.37,17.56,-
26-Mar-10,51.47,51.47,51.47,51.47,17.59,-
29-Mar-10,51.38,51.38,51.38,51.38,17.68,-
30-Mar-10,51.32,51.32,51.32,51.32,17.66,-
31-Mar-10,51.34,51.34,51.34,51.34,17.66,-
1-Apr-10,51.63,51.63,51.63,51.63,17.76,-
5-Apr-10,51.72,51.72,51.72,51.72,17.8,-
6-Apr-10,51.76,51.76,51.76,51.76,17.81,-
7-Apr-10,51.61,51.61,51.61,51.61,17.76,-
8-Apr-10,51.7,51.7,51.7,51.7,17.79,-
9-Apr-10,52,52.0,52.0,52.0,17.89,-
12-Apr-10,52.12,52.12,52.12,52.12,17.93,-
13-Apr-10,52.1,52.1,52.1,52.1,17.93,-
14-Apr-10,52.42,52.42,52.42,52.42,18.04,-
15-Apr-10,52.52,52.52,52.52,52.52,18.07,-
16-Apr-10,52,52.0,52.0,52.0,17.89,-
19-Apr-10,52.1,52.1,52.1,52.1,17.93,-
20-Apr-10,52.35,52.35,52.35,52.35,18.01,-
21-Apr-10,52.24,52.24,52.24,52.24,17.97,-
22-Apr-10,52.18,52.18,52.18,52.18,17.95,-
23-Apr-10,52.42,52.42,52.42,52.42,18.04,-
26-Apr-10,52.33,52.33,52.33,52.33,18.01,-
27-Apr-10,51.54,51.54,51.54,51.54,17.73,-
28-Apr-10,51.66,51.66,51.66,51.66,17.78,-
29-Apr-10,52.1,52.1,52.1,52.1,17.93,-
30-Apr-10,51.72,51.72,51.72,51.72,17.8,-
3-May-10,52.04,52.04,52.04,52.04,17.91,-
4-May-10,51.37,51.37,51.37,51.37,17.68,-
5-May-10,51.13,51.13,51.13,51.13,17.59,-
6-May-10,50.14,50.14,50.14,50.14,17.25,-
7-May-10,49.64,49.64,49.64,49.64,17.08,-
10-May-10,50.86,50.86,50.86,50.86,17.5,-
11-May-10,50.75,50.75,50.75,50.75,17.46,-
12-May-10,51.13,51.13,51.13,51.13,17.59,-
13-May-10,50.77,50.77,50.77,50.77,17.47,-
14-May-10,50.21,50.21,50.21,50.21,17.28,-
17-May-10,50.27,50.27,50.27,50.27,17.3,-
18-May-10,49.91,49.91,49.91,49.91,17.17,-
19-May-10,49.78,49.78,49.78,49.78,17.13,-
20-May-10,48.66,48.66,48.66,48.66,16.74,-
21-May-10,49.11,49.11,49.11,49.11,16.9,-
24-May-10,48.62,48.62,48.62,48.62,16.73,-
25-May-10,48.6,48.6,48.6,48.6,16.72,-
26-May-10,48.35,48.35,48.35,48.35,16.64,-
27-May-10,49.3,49.3,49.3,49.3,16.96,-
28-May-10,48.91,48.91,48.91,48.91,16.83,-
1-Jun-10,48.43,48.43,48.43,48.43,16.66,-
2-Jun-10,49.16,49.16,49.16,49.16,16.91,-
3-Jun-10,49.21,49.21,49.21,49.21,16.93,-
4-Jun-10,48.25,48.25,48.25,48.25,16.6,-
7-Jun-10,47.96,47.96,47.96,47.96,16.5,-
8-Jun-10,48.28,48.28,48.28,48.28,16.61,-
9-Jun-10,48.07,48.07,48.07,48.07,16.54,-
10-Jun-10,48.95,48.95,48.95,48.95,16.84,-
11-Jun-10,49.13,49.13,49.13,49.13,16.9,-
14-Jun-10,49.11,49.11,49.11,49.11,16.9,-
15-Jun-10,49.81,49.81,49.81,49.81,17.14,-
16-Jun-10,49.78,49.78,49.78,49.78,17.13,-
17-Jun-10,49.9,49.9,49.9,49.9,17.17,-
18-Jun-10,49.92,49.92,49.92,49.92,17.18,-
21-Jun-10,49.84,49.84,49.84,49.84,17.15,-
22-Jun-10,49.44,49.44,49.44,49.44,17.01,-
23-Jun-10,49.37,49.37,49.37,49.37,16.99,-
24-Jun-10,48.81,48.81,48.81,48.81,16.79,-
25-Jun-10,48.92,48.92,48.92,48.92,16.83,-
28-Jun-10,48.52,48.52,48.52,48.52,16.83,-
29-Jun-10,47.71,47.71,47.71,47.71,16.55,-
30-Jun-10,47.47,47.47,47.47,47.47,16.47,-
1-Jul-10,47.42,47.42,47.42,47.42,16.45,-
2-Jul-10,47.28,47.28,47.28,47.28,16.4,-
6-Jul-10,47.6,47.6,47.6,47.6,16.52,-
7-Jul-10,48.44,48.44,48.44,48.44,16.81,-
8-Jul-10,48.73,48.73,48.73,48.73,16.91,-
9-Jul-10,48.94,48.94,48.94,48.94,16.98,-
12-Jul-10,48.98,48.98,48.98,48.98,16.99,-
13-Jul-10,49.51,49.51,49.51,49.51,17.18,-
14-Jul-10,49.58,49.58,49.58,49.58,17.2,-
15-Jul-10,49.74,49.74,49.74,49.74,17.26,-
16-Jul-10,48.87,48.87,48.87,48.87,16.96,-
19-Jul-10,49,49.0,49.0,49.0,17.0,-
20-Jul-10,49.23,49.23,49.23,49.23,17.08,-
21-Jul-10,48.89,48.89,48.89,48.89,16.96,-
22-Jul-10,49.6,49.6,49.6,49.6,17.21,-
23-Jul-10,49.7,49.7,49.7,49.7,17.24,-
26-Jul-10,50.08,50.08,50.08,50.08,17.38,-
27-Jul-10,50.12,50.12,50.12,50.12,17.39,-
28-Jul-10,49.99,49.99,49.99,49.99,17.34,-
29-Jul-10,49.92,49.92,49.92,49.92,17.32,-
30-Jul-10,50.06,50.06,50.06,50.06,17.37,-
2-Aug-10,50.83,50.83,50.83,50.83,17.64,-
3-Aug-10,50.76,50.76,50.76,50.76,17.61,-
4-Aug-10,50.87,50.87,50.87,50.87,17.65,-
5-Aug-10,50.92,50.92,50.92,50.92,17.67,-
6-Aug-10,50.85,50.85,50.85,50.85,17.64,-
9-Aug-10,51.02,51.02,51.02,51.02,17.7,-
10-Aug-10,50.89,50.89,50.89,50.89,17.66,-
11-Aug-10,49.97,49.97,49.97,49.97,17.34,-
12-Aug-10,49.76,49.76,49.76,49.76,17.26,-
13-Aug-10,49.68,49.68,49.68,49.68,17.24,-
16-Aug-10,49.83,49.83,49.83,49.83,17.29,-
17-Aug-10,50.13,50.13,50.13,50.13,17.39,-
18-Aug-10,50.19,50.19,50.19,50.19,17.41,-
19-Aug-10,49.7,49.7,49.7,49.7,17.24,-
20-Aug-10,49.46,49.46,49.46,49.46,17.16,-
23-Aug-10,49.36,49.36,49.36,49.36,17.13,-
24-Aug-10,48.96,48.96,48.96,48.96,16.99,-
25-Aug-10,49,49.0,49.0,49.0,17.0,-
26-Aug-10,48.84,48.84,48.84,48.84,16.95,-
27-Aug-10,49.17,49.17,49.17,49.17,17.06,-
30-Aug-10,48.83,48.83,48.83,48.83,16.94,-
31-Aug-10,48.95,48.95,48.95,48.95,16.98,-
1-Sep-10,49.78,49.78,49.78,49.78,17.27,-
2-Sep-10,49.97,49.97,49.97,49.97,17.34,-
3-Sep-10,50.34,50.34,50.34,50.34,17.47,-
7-Sep-10,50.01,50.01,50.01,50.01,17.35,-
8-Sep-10,50.18,50.18,50.18,50.18,17.41,-
9-Sep-10,50.29,50.29,50.29,50.29,17.45,-
10-Sep-10,50.42,50.42,50.42,50.42,17.49,-
13-Sep-10,50.87,50.87,50.87,50.87,17.65,-
14-Sep-10,50.95,50.95,50.95,50.95,17.68,-
15-Sep-10,50.96,50.96,50.96,50.96,17.68,-
16-Sep-10,50.88,50.88,50.88,50.88,17.65,-
17-Sep-10,50.87,50.87,50.87,50.87,17.65,-
20-Sep-10,51.43,51.43,51.43,51.43,17.84,-
21-Sep-10,51.46,51.46,51.46,51.46,17.85,-
22-Sep-10,51.33,51.33,51.33,51.33,17.81,-
23-Sep-10,51.03,51.03,51.03,51.03,17.71,-
24-Sep-10,51.65,51.65,51.65,51.65,17.92,-
27-Sep-10,51.19,51.19,51.19,51.19,17.89,-
28-Sep-10,51.4,51.4,51.4,51.4,17.96,-
29-Sep-10,51.26,51.26,51.26,51.26,17.91,-
30-Sep-10,51.15,51.15,51.15,51.15,17.88,-
1-Oct-10,51.33,51.33,51.33,51.33,17.94,-
4-Oct-10,51.11,51.11,51.11,51.11,17.86,-
5-Oct-10,51.8,51.8,51.8,51.8,18.1,-
6-Oct-10,51.97,51.97,51.97,51.97,18.16,-
7-Oct-10,51.86,51.86,51.86,51.86,18.12,-
8-Oct-10,52.03,52.03,52.03,52.03,18.18,-
11-Oct-10,52.02,52.02,52.02,52.02,18.18,-
12-Oct-10,52.09,52.09,52.09,52.09,18.2,-
13-Oct-10,52.32,52.32,52.32,52.32,18.28,-
14-Oct-10,52.16,52.16,52.16,52.16,18.23,-
15-Oct-10,52.03,52.03,52.03,52.03,18.18,-
18-Oct-10,52.35,52.35,52.35,52.35,18.29,-
19-Oct-10,51.76,51.76,51.76,51.76,18.09,-
20-Oct-10,52.21,52.21,52.21,52.21,18.25,-
21-Oct-10,52.23,52.23,52.23,52.23,18.25,-
22-Oct-10,52.3,52.3,52.3,52.3,18.28,-
25-Oct-10,52.36,52.36,52.36,52.36,18.3,-
26-Oct-10,52.23,52.23,52.23,52.23,18.25,-
27-Oct-10,52.03,52.03,52.03,52.03,18.18,-
28-Oct-10,52.22,52.22,52.22,52.22,18.25,-
29-Oct-10,52.25,52.25,52.25,52.25,18.26,-
1-Nov-10,52.25,52.25,52.25,52.25,18.26,-
2-Nov-10,52.53,52.53,52.53,52.53,18.36,-
3-Nov-10,52.68,52.68,52.68,52.68,18.41,-
4-Nov-10,53.49,53.49,53.49,53.49,18.69,-
5-Nov-10,53.51,53.51,53.51,53.51,18.7,-
8-Nov-10,53.38,53.38,53.38,53.38,18.65,-
9-Nov-10,53.07,53.07,53.07,53.07,18.55,-
10-Nov-10,53.2,53.2,53.2,53.2,18.59,-
11-Nov-10,53.02,53.02,53.02,53.02,18.53,-
12-Nov-10,52.53,52.53,52.53,52.53,18.36,-
15-Nov-10,52.4,52.4,52.4,52.4,18.31,-
16-Nov-10,51.93,51.93,51.93,51.93,18.15,-
17-Nov-10,51.89,51.89,51.89,51.89,18.13,-
18-Nov-10,52.45,52.45,52.45,52.45,18.33,-
19-Nov-10,52.52,52.52,52.52,52.52,18.35,-
22-Nov-10,52.45,52.45,52.45,52.45,18.33,-
23-Nov-10,51.9,51.9,51.9,51.9,18.14,-
24-Nov-10,52.23,52.23,52.23,52.23,18.25,-
26-Nov-10,51.98,51.98,51.98,51.98,18.17,-
29-Nov-10,51.93,51.93,51.93,51.93,18.15,-
30-Nov-10,51.71,51.71,51.71,51.71,18.07,-
1-Dec-10,52.34,52.34,52.34,52.34,18.29,-
2-Dec-10,52.84,52.84,52.84,52.84,18.47,-
3-Dec-10,52.94,52.94,52.94,52.94,18.5,-
6-Dec-10,52.96,52.96,52.96,52.96,18.51,-
7-Dec-10,52.89,52.89,52.89,52.89,18.48,-
8-Dec-10,52.97,52.97,52.97,52.97,18.51,-
9-Dec-10,53.19,53.19,53.19,53.19,18.59,-
10-Dec-10,53.35,53.35,53.35,53.35,18.64,-
13-Dec-10,53.46,53.46,53.46,53.46,18.68,-
14-Dec-10,53.44,53.44,53.44,53.44,18.68,-
15-Dec-10,53.17,53.17,53.17,53.17,18.58,-
16-Dec-10,53.45,53.45,53.45,53.45,18.68,-
17-Dec-10,53.5,53.5,53.5,53.5,18.7,-
20-Dec-10,53.54,53.54,53.54,53.54,18.71,-
21-Dec-10,53.79,53.79,53.79,53.79,18.8,-
22-Dec-10,53.93,53.93,53.93,53.93,18.85,-
23-Dec-10,53.87,53.87,53.87,53.87,18.83,-
27-Dec-10,53.91,53.91,53.91,53.91,18.84,-
28-Dec-10,53.46,53.46,53.46,53.46,18.82,-
29-Dec-10,53.64,53.64,53.64,53.64,18.88,-
30-Dec-10,53.58,53.58,53.58,53.58,18.86,-
31-Dec-10,53.71,53.71,53.71,53.71,18.91,-
3-Jan-11,54.06,54.06,54.06,54.06,19.03,-
4-Jan-11,54.11,54.11,54.11,54.11,19.05,-
5-Jan-11,54.09,54.09,54.09,54.09,19.04,-
6-Jan-11,54.08,54.08,54.08,54.08,19.04,-
7-Jan-11,54.03,54.03,54.03,54.03,19.02,-
10-Jan-11,53.92,53.92,53.92,53.92,18.98,-
11-Jan-11,54.05,54.05,54.05,54.05,19.03,-
12-Jan-11,54.46,54.46,54.46,54.46,19.17,-
13-Jan-11,54.47,54.47,54.47,54.47,19.17,-
14-Jan-11,54.74,54.74,54.74,54.74,19.27,-
18-Jan-11,54.81,54.81,54.81,54.81,19.29,-
19-Jan-11,54.51,54.51,54.51,54.51,19.19,-
20-Jan-11,54.45,54.45,54.45,54.45,19.17,-
21-Jan-11,54.7,54.7,54.7,54.7,19.25,-
24-Jan-11,54.88,54.88,54.88,54.88,19.32,-
25-Jan-11,55,55.0,55.0,55.0,19.36,-
26-Jan-11,55.07,55.07,55.07,55.07,19.39,-
27-Jan-11,55.22,55.22,55.22,55.22,19.44,-
28-Jan-11,54.56,54.56,54.56,54.56,19.21,-
31-Jan-11,54.79,54.79,54.79,54.79,19.29,-
1-Feb-11,55.48,55.48,55.48,55.48,19.53,-
2-Feb-11,55.36,55.36,55.36,55.36,19.49,-
3-Feb-11,55.36,55.36,55.36,55.36,19.49,-
4-Feb-11,55.3,55.3,55.3,55.3,19.47,-
7-Feb-11,55.54,55.54,55.54,55.54,19.55,-
8-Feb-11,55.66,55.66,55.66,55.66,19.59,-
9-Feb-11,55.57,55.57,55.57,55.57,19.56,-
10-Feb-11,55.47,55.47,55.47,55.47,19.53,-
11-Feb-11,55.68,55.68,55.68,55.68,19.6,-
14-Feb-11,55.73,55.73,55.73,55.73,19.62,-
15-Feb-11,55.7,55.7,55.7,55.7,19.61,-
16-Feb-11,55.96,55.96,55.96,55.96,19.7,-
17-Feb-11,56.17,56.17,56.17,56.17,19.77,-
18-Feb-11,56.25,56.25,56.25,56.25,19.8,-
22-Feb-11,55.61,55.61,55.61,55.61,19.58,-
23-Feb-11,55.41,55.41,55.41,55.41,19.5,-
24-Feb-11,55.39,55.39,55.39,55.39,19.5,-
25-Feb-11,55.77,55.77,55.77,55.77,19.63,-
28-Feb-11,56.06,56.06,56.06,56.06,19.73,-
1-Mar-11,55.54,55.54,55.54,55.54,19.55,-
2-Mar-11,55.5,55.5,55.5,55.5,19.54,-
3-Mar-11,56.04,56.04,56.04,56.04,19.73,-
4-Mar-11,55.84,55.84,55.84,55.84,19.66,-
7-Mar-11,55.54,55.54,55.54,55.54,19.55,-
8-Mar-11,55.8,55.8,55.8,55.8,19.64,-
9-Mar-11,55.86,55.86,55.86,55.86,19.66,-
10-Mar-11,55.23,55.23,55.23,55.23,19.44,-
11-Mar-11,55.37,55.37,55.37,55.37,19.49,-
14-Mar-11,55.21,55.21,55.21,55.21,19.43,-
15-Mar-11,54.74,54.74,54.74,54.74,19.27,-
16-Mar-11,54.02,54.02,54.02,54.02,19.02,-
17-Mar-11,54.56,54.56,54.56,54.56,19.21,-
18-Mar-11,54.82,54.82,54.82,54.82,19.3,-
21-Mar-11,55.3,55.3,55.3,55.3,19.47,-
22-Mar-11,55.18,55.18,55.18,55.18,19.42,-
23-Mar-11,55.23,55.23,55.23,55.23,19.44,-
24-Mar-11,55.54,55.54,55.54,55.54,19.55,-
25-Mar-11,55.61,55.61,55.61,55.61,19.58,-
28-Mar-11,55.54,55.54,55.54,55.54,19.55,-
29-Mar-11,55.72,55.72,55.72,55.72,19.61,-
30-Mar-11,55.69,55.69,55.69,55.69,19.73,-
31-Mar-11,55.59,55.59,55.59,55.59,19.7,-
1-Apr-11,55.9,55.9,55.9,55.9,19.81,-
4-Apr-11,55.98,55.98,55.98,55.98,19.83,-
5-Apr-11,55.94,55.94,55.94,55.94,19.82,-
6-Apr-11,56.09,56.09,56.09,56.09,19.87,-
7-Apr-11,56.01,56.01,56.01,56.01,19.85,-
8-Apr-11,55.97,55.97,55.97,55.97,19.83,-
11-Apr-11,55.83,55.83,55.83,55.83,19.78,-
12-Apr-11,55.56,55.56,55.56,55.56,19.69,-
13-Apr-11,55.53,55.53,55.53,55.53,19.68,-
14-Apr-11,55.51,55.51,55.51,55.51,19.67,-
15-Apr-11,55.76,55.76,55.76,55.76,19.76,-
18-Apr-11,55.27,55.27,55.27,55.27,19.58,-
19-Apr-11,55.47,55.47,55.47,55.47,19.65,-
20-Apr-11,55.89,55.89,55.89,55.89,19.8,-
21-Apr-11,56.1,56.1,56.1,56.1,19.88,-
25-Apr-11,56.11,56.11,56.11,56.11,19.88,-
26-Apr-11,56.58,56.58,56.58,56.58,20.05,-
27-Apr-11,56.89,56.89,56.89,56.89,20.16,-
28-Apr-11,57.06,57.06,57.06,57.06,20.22,-
29-Apr-11,57.15,57.15,57.15,57.15,20.25,-
2-May-11,57.18,57.18,57.18,57.18,20.26,-
3-May-11,57.13,57.13,57.13,57.13,20.24,-
4-May-11,56.85,56.85,56.85,56.85,20.14,-
5-May-11,56.43,56.43,56.43,56.43,19.99,-
6-May-11,56.58,56.58,56.58,56.58,20.05,-
9-May-11,56.67,56.67,56.67,56.67,20.08,-
10-May-11,56.94,56.94,56.94,56.94,20.17,-
11-May-11,56.58,56.58,56.58,56.58,20.05,-
12-May-11,56.7,56.7,56.7,56.7,20.09,-
13-May-11,56.37,56.37,56.37,56.37,19.97,-
16-May-11,56.25,56.25,56.25,56.25,19.93,-
17-May-11,56.36,56.36,56.36,56.36,19.97,-
18-May-11,56.49,56.49,56.49,56.49,20.02,-
19-May-11,56.59,56.59,56.59,56.59,20.05,-
20-May-11,56.29,56.29,56.29,56.29,19.94,-
23-May-11,55.82,55.82,55.82,55.82,19.78,-
24-May-11,55.88,55.88,55.88,55.88,19.8,-
25-May-11,55.96,55.96,55.96,55.96,19.83,-
26-May-11,56.18,56.18,56.18,56.18,19.91,-
27-May-11,56.39,56.39,56.39,56.39,19.98,-
31-May-11,56.86,56.86,56.86,56.86,20.15,-
1-Jun-11,56.12,56.12,56.12,56.12,19.88,-
2-Jun-11,55.96,55.96,55.96,55.96,19.83,-
3-Jun-11,55.72,55.72,55.72,55.72,19.74,-
6-Jun-11,55.35,55.35,55.35,55.35,19.61,-
7-Jun-11,55.35,55.35,55.35,55.35,19.61,-
8-Jun-11,55.24,55.24,55.24,55.24,19.57,-
9-Jun-11,55.49,55.49,55.49,55.49,19.66,-
10-Jun-11,54.97,54.97,54.97,54.97,19.48,-
13-Jun-11,55.06,55.06,55.06,55.06,19.51,-
14-Jun-11,55.34,55.34,55.34,55.34,19.61,-
15-Jun-11,54.74,54.74,54.74,54.74,19.4,-
16-Jun-11,54.81,54.81,54.81,54.81,19.42,-
17-Jun-11,54.94,54.94,54.94,54.94,19.47,-
20-Jun-11,55.06,55.06,55.06,55.06,19.51,-
21-Jun-11,55.51,55.51,55.51,55.51,19.67,-
22-Jun-11,55.28,55.28,55.28,55.28,19.59,-
23-Jun-11,55.15,55.15,55.15,55.15,19.54,-
24-Jun-11,54.8,54.8,54.8,54.8,19.42,-
27-Jun-11,55.05,55.05,55.05,55.05,19.51,-
28-Jun-11,55.4,55.4,55.4,55.4,19.63,-
29-Jun-11,55.29,55.29,55.29,55.29,19.74,-
30-Jun-11,55.67,55.67,55.67,55.67,19.88,-
1-Jul-11,56.14,56.14,56.14,56.14,20.05,-
5-Jul-11,56.08,56.08,56.08,56.08,20.03,-
6-Jul-11,56.08,56.08,56.08,56.08,20.03,-
7-Jul-11,56.39,56.39,56.39,56.39,20.14,-
8-Jul-11,56.23,56.23,56.23,56.23,20.08,-
11-Jul-11,55.61,55.61,55.61,55.61,19.86,-
12-Jul-11,55.43,55.43,55.43,55.43,19.79,-
13-Jul-11,55.62,55.62,55.62,55.62,19.86,-
14-Jul-11,55.38,55.38,55.38,55.38,19.78,-
15-Jul-11,55.45,55.45,55.45,55.45,19.8,-
18-Jul-11,55.04,55.04,55.04,55.04,19.65,-
19-Jul-11,55.65,55.65,55.65,55.65,19.87,-
20-Jul-11,55.63,55.63,55.63,55.63,19.87,-
21-Jul-11,56.16,56.16,56.16,56.16,20.05,-
22-Jul-11,56.16,56.16,56.16,56.16,20.05,-
25-Jul-11,55.93,55.93,55.93,55.93,19.97,-
26-Jul-11,55.87,55.87,55.87,55.87,19.95,-
27-Jul-11,55.17,55.17,55.17,55.17,19.7,-
28-Jul-11,55.02,55.02,55.02,55.02,19.65,-
29-Jul-11,54.96,54.96,54.96,54.96,19.63,-
1-Aug-11,54.83,54.83,54.83,54.83,19.58,-
2-Aug-11,54.14,54.14,54.14,54.14,19.33,-
3-Aug-11,54.27,54.27,54.27,54.27,19.38,-
4-Aug-11,52.79,52.79,52.79,52.79,18.85,-
5-Aug-11,52.6,52.6,52.6,52.6,18.78,-
8-Aug-11,50.51,50.51,50.51,50.51,18.04,-
9-Aug-11,51.98,51.98,51.98,51.98,18.56,-
10-Aug-11,50.54,50.54,50.54,50.54,18.05,-
11-Aug-11,51.69,51.69,51.69,51.69,18.46,-
12-Aug-11,51.95,51.95,51.95,51.95,18.55,-
15-Aug-11,52.67,52.67,52.67,52.67,18.81,-
16-Aug-11,52.47,52.47,52.47,52.47,18.74,-
17-Aug-11,52.7,52.7,52.7,52.7,18.82,-
18-Aug-11,51.26,51.26,51.26,51.26,18.3,-
19-Aug-11,50.81,50.81,50.81,50.81,18.14,-
22-Aug-11,50.79,50.79,50.79,50.79,18.14,-
23-Aug-11,51.66,51.66,51.66,51.66,18.45,-
24-Aug-11,51.9,51.9,51.9,51.9,18.53,-
25-Aug-11,51.44,51.44,51.44,51.44,18.37,-
26-Aug-11,51.83,51.83,51.83,51.83,18.51,-
29-Aug-11,52.69,52.69,52.69,52.69,18.82,-
30-Aug-11,52.83,52.83,52.83,52.83,18.87,-
31-Aug-11,53.03,53.03,53.03,53.03,18.94,-
1-Sep-11,52.75,52.75,52.75,52.75,18.84,-
2-Sep-11,52,52.0,52.0,52.0,18.57,-
6-Sep-11,51.53,51.53,51.53,51.53,18.4,-
7-Sep-11,52.4,52.4,52.4,52.4,18.71,-
8-Sep-11,52.07,52.07,52.07,52.07,18.59,-
9-Sep-11,51.19,51.19,51.19,51.19,18.28,-
12-Sep-11,51.31,51.31,51.31,51.31,18.32,-
13-Sep-11,51.51,51.51,51.51,51.51,18.39,-
14-Sep-11,51.96,51.96,51.96,51.96,18.55,-
15-Sep-11,52.52,52.52,52.52,52.52,18.75,-
16-Sep-11,52.74,52.74,52.74,52.74,18.83,-
19-Sep-11,52.38,52.38,52.38,52.38,18.7,-
20-Sep-11,52.47,52.47,52.47,52.47,18.74,-
21-Sep-11,51.52,51.52,51.52,51.52,18.4,-
22-Sep-11,50.55,50.55,50.55,50.55,18.05,-
23-Sep-11,50.58,50.58,50.58,50.58,18.06,-
26-Sep-11,51.3,51.3,51.3,51.3,18.32,-
27-Sep-11,51.71,51.71,51.71,51.71,18.47,-
28-Sep-11,51.12,51.12,51.12,51.12,18.25,-
29-Sep-11,51.14,51.14,51.14,51.14,18.41,-
30-Sep-11,50.42,50.42,50.42,50.42,18.15,-
3-Oct-11,49.59,49.59,49.59,49.59,17.86,-
4-Oct-11,50.12,50.12,50.12,50.12,18.05,-
5-Oct-11,50.75,50.75,50.75,50.75,18.27,-
6-Oct-11,51.29,51.29,51.29,51.29,18.47,-
7-Oct-11,51.03,51.03,51.03,51.03,18.37,-
10-Oct-11,52.08,52.08,52.08,52.08,18.75,-
11-Oct-11,51.98,51.98,51.98,51.98,18.72,-
12-Oct-11,52.39,52.39,52.39,52.39,18.86,-
13-Oct-11,52.3,52.3,52.3,52.3,18.83,-
14-Oct-11,52.81,52.81,52.81,52.81,19.02,-
17-Oct-11,52.23,52.23,52.23,52.23,18.81,-
18-Oct-11,52.95,52.95,52.95,52.95,19.07,-
19-Oct-11,52.65,52.65,52.65,52.65,18.96,-
20-Oct-11,52.75,52.75,52.75,52.75,18.99,-
21-Oct-11,53.44,53.44,53.44,53.44,19.24,-
24-Oct-11,53.79,53.79,53.79,53.79,19.37,-
25-Oct-11,53.31,53.31,53.31,53.31,19.2,-
26-Oct-11,53.63,53.63,53.63,53.63,19.31,-
27-Oct-11,54.82,54.82,54.82,54.82,19.74,-
28-Oct-11,54.88,54.88,54.88,54.88,19.76,-
31-Oct-11,54.03,54.03,54.03,54.03,19.45,-
1-Nov-11,53.07,53.07,53.07,53.07,19.11,-
2-Nov-11,53.58,53.58,53.58,53.58,19.29,-
3-Nov-11,54.17,54.17,54.17,54.17,19.5,-
4-Nov-11,53.88,53.88,53.88,53.88,19.4,-
7-Nov-11,54.14,54.14,54.14,54.14,19.49,-
8-Nov-11,54.51,54.51,54.51,54.51,19.63,-
9-Nov-11,53.17,53.17,53.17,53.17,19.14,-
10-Nov-11,53.46,53.46,53.46,53.46,19.25,-
11-Nov-11,54.13,54.13,54.13,54.13,19.49,-
14-Nov-11,53.8,53.8,53.8,53.8,19.37,-
15-Nov-11,53.85,53.85,53.85,53.85,19.39,-
16-Nov-11,53.31,53.31,53.31,53.31,19.2,-
17-Nov-11,52.83,52.83,52.83,52.83,19.02,-
18-Nov-11,52.79,52.79,52.79,52.79,19.01,-
21-Nov-11,52.11,52.11,52.11,52.11,18.76,-
22-Nov-11,51.96,51.96,51.96,51.96,18.71,-
23-Nov-11,51.24,51.24,51.24,51.24,18.45,-
25-Nov-11,51.07,51.07,51.07,51.07,18.39,-
28-Nov-11,52.09,52.09,52.09,52.09,18.76,-
29-Nov-11,52.16,52.16,52.16,52.16,18.78,-
30-Nov-11,53.68,53.68,53.68,53.68,19.33,-
1-Dec-11,53.51,53.51,53.51,53.51,19.27,-
2-Dec-11,53.64,53.64,53.64,53.64,19.31,-
5-Dec-11,54.03,54.03,54.03,54.03,19.45,-
6-Dec-11,54.1,54.1,54.1,54.1,19.48,-
7-Dec-11,54.33,54.33,54.33,54.33,19.56,-
8-Dec-11,53.55,53.55,53.55,53.55,19.28,-
9-Dec-11,54.07,54.07,54.07,54.07,19.47,-
12-Dec-11,53.53,53.53,53.53,53.53,19.27,-
13-Dec-11,53.32,53.32,53.32,53.32,19.2,-
14-Dec-11,53.07,53.07,53.07,53.07,19.11,-
15-Dec-11,53.19,53.19,53.19,53.19,19.15,-
16-Dec-11,53.35,53.35,53.35,53.35,19.21,-
19-Dec-11,52.98,52.98,52.98,52.98,19.08,-
20-Dec-11,53.89,53.89,53.89,53.89,19.4,-
21-Dec-11,53.93,53.93,53.93,53.93,19.42,-
22-Dec-11,54.29,54.29,54.29,54.29,19.55,-
23-Dec-11,54.53,54.53,54.53,54.53,19.63,-
27-Dec-11,54.12,54.12,54.12,54.12,19.65,-
28-Dec-11,53.77,53.77,53.77,53.77,19.53,-
29-Dec-11,54.21,54.21,54.21,54.21,19.68,-
30-Dec-11,54.13,54.13,54.13,54.13,19.66,-
3-Jan-12,54.79,54.79,54.79,54.79,19.9,-
4-Jan-12,54.75,54.75,54.75,54.75,19.88,-
5-Jan-12,54.78,54.78,54.78,54.78,19.89,-
6-Jan-12,54.7,54.7,54.7,54.7,19.86,-
9-Jan-12,54.86,54.86,54.86,54.86,19.92,-
10-Jan-12,55.17,55.17,55.17,55.17,20.03,-
11-Jan-12,55.22,55.22,55.22,55.22,20.05,-
12-Jan-12,55.36,55.36,55.36,55.36,20.1,-
13-Jan-12,55.18,55.18,55.18,55.18,20.04,-
17-Jan-12,55.35,55.35,55.35,55.35,20.1,-
18-Jan-12,55.73,55.73,55.73,55.73,20.24,-
19-Jan-12,55.85,55.85,55.85,55.85,20.28,-
20-Jan-12,55.98,55.98,55.98,55.98,20.33,-
23-Jan-12,55.98,55.98,55.98,55.98,20.33,-
24-Jan-12,55.9,55.9,55.9,55.9,20.3,-
25-Jan-12,56.19,56.19,56.19,56.19,20.4,-
26-Jan-12,56.03,56.03,56.03,56.03,20.35,-
27-Jan-12,55.95,55.95,55.95,55.95,20.32,-
30-Jan-12,55.88,55.88,55.88,55.88,20.29,-
31-Jan-12,55.91,55.91,55.91,55.91,20.3,-
1-Feb-12,56.27,56.27,56.27,56.27,20.43,-
2-Feb-12,56.31,56.31,56.31,56.31,20.45,-
3-Feb-12,56.75,56.75,56.75,56.75,20.61,-
6-Feb-12,56.76,56.76,56.76,56.76,20.61,-
7-Feb-12,56.8,56.8,56.8,56.8,20.63,-
8-Feb-12,56.86,56.86,56.86,56.86,20.65,-
9-Feb-12,56.77,56.77,56.77,56.77,20.61,-
10-Feb-12,56.53,56.53,56.53,56.53,20.53,-
13-Feb-12,56.81,56.81,56.81,56.81,20.63,-
14-Feb-12,56.72,56.72,56.72,56.72,20.6,-
15-Feb-12,56.6,56.6,56.6,56.6,20.55,-
16-Feb-12,56.95,56.95,56.95,56.95,20.68,-
17-Feb-12,57.15,57.15,57.15,57.15,20.75,-
21-Feb-12,57.09,57.09,57.09,57.09,20.73,-
22-Feb-12,57,57.0,57.0,57.0,20.7,-
23-Feb-12,57.24,57.24,57.24,57.24,20.79,-
24-Feb-12,57.28,57.28,57.28,57.28,20.8,-
27-Feb-12,57.39,57.39,57.39,57.39,20.84,-
28-Feb-12,57.57,57.57,57.57,57.57,20.91,-
29-Feb-12,57.36,57.36,57.36,57.36,20.83,-
1-Mar-12,57.61,57.61,57.61,57.61,20.92,-
2-Mar-12,57.5,57.5,57.5,57.5,20.88,-
5-Mar-12,57.38,57.38,57.38,57.38,20.84,-
6-Mar-12,56.77,56.77,56.77,56.77,20.61,-
7-Mar-12,57,57.0,57.0,57.0,20.7,-
8-Mar-12,57.35,57.35,57.35,57.35,20.83,-
9-Mar-12,57.44,57.44,57.44,57.44,20.86,-
12-Mar-12,57.44,57.44,57.44,57.44,20.86,-
13-Mar-12,58.05,58.05,58.05,58.05,21.08,-
14-Mar-12,57.78,57.78,57.78,57.78,20.98,-
15-Mar-12,58.06,58.06,58.06,58.06,21.08,-
16-Mar-12,58.14,58.14,58.14,58.14,21.11,-
19-Mar-12,58.2,58.2,58.2,58.2,21.13,-
20-Mar-12,58.05,58.05,58.05,58.05,21.08,-
21-Mar-12,58.03,58.03,58.03,58.03,21.07,-
22-Mar-12,57.74,57.74,57.74,57.74,20.97,-
23-Mar-12,57.94,57.94,57.94,57.94,21.04,-
26-Mar-12,58.5,58.5,58.5,58.5,21.24,-
27-Mar-12,58.36,58.36,58.36,58.36,21.19,-
28-Mar-12,58.13,58.13,58.13,58.13,21.11,-
29-Mar-12,57.65,57.65,57.65,57.65,21.08,-
30-Mar-12,57.83,57.83,57.83,57.83,21.15,-
2-Apr-12,58.12,58.12,58.12,58.12,21.25,-
3-Apr-12,57.72,57.72,57.72,57.72,21.11,-
4-Apr-12,57.35,57.35,57.35,57.35,20.97,-
5-Apr-12,57.31,57.31,57.31,57.31,20.96,-
9-Apr-12,57.01,57.01,57.01,57.01,20.85,-
10-Apr-12,56.43,56.43,56.43,56.43,20.63,-
11-Apr-12,56.64,56.64,56.64,56.64,20.71,-
12-Apr-12,57.13,57.13,57.13,57.13,20.89,-
13-Apr-12,56.72,56.72,56.72,56.72,20.74,-
16-Apr-12,56.89,56.89,56.89,56.89,20.8,-
17-Apr-12,57.4,57.4,57.4,57.4,20.99,-
18-Apr-12,57.2,57.2,57.2,57.2,20.92,-
19-Apr-12,57.12,57.12,57.12,57.12,20.89,-
20-Apr-12,57.27,57.27,57.27,57.27,20.94,-
23-Apr-12,56.97,56.97,56.97,56.97,20.83,-
24-Apr-12,57.16,57.16,57.16,57.16,20.9,-
25-Apr-12,57.49,57.49,57.49,57.49,21.02,-
26-Apr-12,57.78,57.78,57.78,57.78,21.13,-
27-Apr-12,57.86,57.86,57.86,57.86,21.16,-
30-Apr-12,57.77,57.77,57.77,57.77,21.12,-
1-May-12,57.97,57.97,57.97,57.97,21.2,-
2-May-12,57.89,57.89,57.89,57.89,21.17,-
3-May-12,57.66,57.66,57.66,57.66,21.08,-
4-May-12,57.12,57.12,57.12,57.12,20.89,-
7-May-12,57.18,57.18,57.18,57.18,20.91,-
8-May-12,56.99,56.99,56.99,56.99,20.84,-
9-May-12,56.69,56.69,56.69,56.69,20.73,-
10-May-12,56.84,56.84,56.84,56.84,20.78,-
11-May-12,56.73,56.73,56.73,56.73,20.74,-
14-May-12,56.39,56.39,56.39,56.39,20.62,-
15-May-12,56.13,56.13,56.13,56.13,20.52,-
16-May-12,56,56.0,56.0,56.0,20.48,-
17-May-12,55.55,55.55,55.55,55.55,20.31,-
18-May-12,55.27,55.27,55.27,55.27,20.21,-
21-May-12,55.59,55.59,55.59,55.59,20.33,-
22-May-12,55.58,55.58,55.58,55.58,20.32,-
23-May-12,55.52,55.52,55.52,55.52,20.3,-
24-May-12,55.62,55.62,55.62,55.62,20.34,-
25-May-12,55.56,55.56,55.56,55.56,20.32,-
29-May-12,55.92,55.92,55.92,55.92,20.45,-
30-May-12,55.49,55.49,55.49,55.49,20.29,-
31-May-12,55.48,55.48,55.48,55.48,20.29,-
1-Jun-12,54.74,54.74,54.74,54.74,20.02,-
4-Jun-12,54.65,54.65,54.65,54.65,19.98,-
5-Jun-12,54.79,54.79,54.79,54.79,20.03,-
6-Jun-12,55.56,55.56,55.56,55.56,20.32,-
7-Jun-12,55.66,55.66,55.66,55.66,20.35,-
8-Jun-12,55.9,55.9,55.9,55.9,20.44,-
11-Jun-12,55.53,55.53,55.53,55.53,20.31,-
12-Jun-12,55.9,55.9,55.9,55.9,20.44,-
13-Jun-12,55.79,55.79,55.79,55.79,20.4,-
14-Jun-12,56.19,56.19,56.19,56.19,20.55,-
15-Jun-12,56.64,56.64,56.64,56.64,20.71,-
18-Jun-12,56.61,56.61,56.61,56.61,20.7,-
19-Jun-12,57.01,57.01,57.01,57.01,20.85,-
20-Jun-12,56.98,56.98,56.98,56.98,20.84,-
21-Jun-12,56.22,56.22,56.22,56.22,20.56,-
22-Jun-12,56.4,56.4,56.4,56.4,20.62,-
25-Jun-12,55.88,55.88,55.88,55.88,20.43,-
26-Jun-12,55.99,55.99,55.99,55.99,20.47,-
27-Jun-12,56.38,56.38,56.38,56.38,20.62,-
28-Jun-12,55.93,55.93,55.93,55.93,20.61,-
29-Jun-12,56.83,56.83,56.83,56.83,20.94,-
2-Jul-12,57,57.0,57.0,57.0,21.0,-
3-Jul-12,57.18,57.18,57.18,57.18,21.07,-
5-Jul-12,56.85,56.85,56.85,56.85,20.95,-
6-Jul-12,56.58,56.58,56.58,56.58,20.85,-
9-Jul-12,56.59,56.59,56.59,56.59,20.85,-
10-Jul-12,56.33,56.33,56.33,56.33,20.75,-
11-Jul-12,56.39,56.39,56.39,56.39,20.78,-
12-Jul-12,56.26,56.26,56.26,56.26,20.73,-
13-Jul-12,56.89,56.89,56.89,56.89,20.96,-
16-Jul-12,56.85,56.85,56.85,56.85,20.95,-
17-Jul-12,57.1,57.1,57.1,57.1,21.04,-
18-Jul-12,57.45,57.45,57.45,57.45,21.17,-
19-Jul-12,57.53,57.53,57.53,57.53,21.2,-
20-Jul-12,57.21,57.21,57.21,57.21,21.08,-
23-Jul-12,56.83,56.83,56.83,56.83,20.94,-
24-Jul-12,56.5,56.5,56.5,56.5,20.82,-
25-Jul-12,56.62,56.62,56.62,56.62,20.86,-
26-Jul-12,57.19,57.19,57.19,57.19,21.07,-
27-Jul-12,57.8,57.8,57.8,57.8,21.3,-
30-Jul-12,57.87,57.87,57.87,57.87,21.32,-
31-Jul-12,57.68,57.68,57.68,57.68,21.25,-
1-Aug-12,57.6,57.6,57.6,57.6,21.22,-
2-Aug-12,57.34,57.34,57.34,57.34,21.13,-
3-Aug-12,57.99,57.99,57.99,57.99,21.37,-
6-Aug-12,58.07,58.07,58.07,58.07,21.4,-
7-Aug-12,58.15,58.15,58.15,58.15,21.42,-
8-Aug-12,58.18,58.18,58.18,58.18,21.44,-
9-Aug-12,58.2,58.2,58.2,58.2,21.44,-
10-Aug-12,58.33,58.33,58.33,58.33,21.49,-
13-Aug-12,58.22,58.22,58.22,58.22,21.45,-
14-Aug-12,58.16,58.16,58.16,58.16,21.43,-
15-Aug-12,58.12,58.12,58.12,58.12,21.41,-
16-Aug-12,58.34,58.34,58.34,58.34,21.49,-
17-Aug-12,58.37,58.37,58.37,58.37,21.51,-
20-Aug-12,58.35,58.35,58.35,58.35,21.5,-
21-Aug-12,58.3,58.3,58.3,58.3,21.48,-
22-Aug-12,58.37,58.37,58.37,58.37,21.51,-
23-Aug-12,58.14,58.14,58.14,58.14,21.42,-
24-Aug-12,58.38,58.38,58.38,58.38,21.51,-
27-Aug-12,58.36,58.36,58.36,58.36,21.5,-
28-Aug-12,58.33,58.33,58.33,58.33,21.49,-
29-Aug-12,58.34,58.34,58.34,58.34,21.49,-
30-Aug-12,58.1,58.1,58.1,58.1,21.41,-
31-Aug-12,58.38,58.38,58.38,58.38,21.51,-
4-Sep-12,58.26,58.26,58.26,58.26,21.47,-
5-Sep-12,58.2,58.2,58.2,58.2,21.44,-
6-Sep-12,58.96,58.96,58.96,58.96,21.72,-
7-Sep-12,59.13,59.13,59.13,59.13,21.79,-
10-Sep-12,58.93,58.93,58.93,58.93,21.71,-
11-Sep-12,59.05,59.05,59.05,59.05,21.76,-
12-Sep-12,59.03,59.03,59.03,59.03,21.75,-
13-Sep-12,59.73,59.73,59.73,59.73,22.01,-
14-Sep-12,59.8,59.8,59.8,59.8,22.03,-
17-Sep-12,59.7,59.7,59.7,59.7,22.0,-
18-Sep-12,59.67,59.67,59.67,59.67,21.98,-
19-Sep-12,59.75,59.75,59.75,59.75,22.01,-
20-Sep-12,59.78,59.78,59.78,59.78,22.03,-
21-Sep-12,59.79,59.79,59.79,59.79,22.03,-
24-Sep-12,59.83,59.83,59.83,59.83,22.04,-
25-Sep-12,59.53,59.53,59.53,59.53,21.93,-
26-Sep-12,59.36,59.36,59.36,59.36,21.87,-
27-Sep-12,59.27,59.27,59.27,59.27,21.99,-
28-Sep-12,59.11,59.11,59.11,59.11,21.93,-
1-Oct-12,59.3,59.3,59.3,59.3,22.0,-
2-Oct-12,59.38,59.38,59.38,59.38,22.03,-
3-Oct-12,59.5,59.5,59.5,59.5,22.07,-
4-Oct-12,59.79,59.79,59.79,59.79,22.18,-
5-Oct-12,59.8,59.8,59.8,59.8,22.18,-
8-Oct-12,59.74,59.74,59.74,59.74,22.16,-
9-Oct-12,59.36,59.36,59.36,59.36,22.02,-
10-Oct-12,59.12,59.12,59.12,59.12,21.93,-
11-Oct-12,59.2,59.2,59.2,59.2,21.96,-
12-Oct-12,59.15,59.15,59.15,59.15,21.94,-
15-Oct-12,59.46,59.46,59.46,59.46,22.06,-
16-Oct-12,59.82,59.82,59.82,59.82,22.19,-
17-Oct-12,60,60.0,60.0,60.0,22.26,-
18-Oct-12,60.08,60.08,60.08,60.08,22.29,-
19-Oct-12,59.56,59.56,59.56,59.56,22.09,-
22-Oct-12,59.46,59.46,59.46,59.46,22.06,-
23-Oct-12,58.95,58.95,58.95,58.95,21.87,-
24-Oct-12,58.81,58.81,58.81,58.81,21.81,-
25-Oct-12,58.97,58.97,58.97,58.97,21.87,-
26-Oct-12,59.04,59.04,59.04,59.04,21.9,-
31-Oct-12,59.12,59.12,59.12,59.12,21.93,-
1-Nov-12,59.48,59.48,59.48,59.48,22.06,-
2-Nov-12,59.16,59.16,59.16,59.16,21.94,-
5-Nov-12,59.21,59.21,59.21,59.21,21.96,-
6-Nov-12,59.43,59.43,59.43,59.43,22.04,-
7-Nov-12,58.69,58.69,58.69,58.69,21.77,-
8-Nov-12,58.35,58.35,58.35,58.35,21.64,-
9-Nov-12,58.33,58.33,58.33,58.33,21.64,-
12-Nov-12,58.35,58.35,58.35,58.35,21.64,-
13-Nov-12,58.17,58.17,58.17,58.17,21.58,-
14-Nov-12,57.65,57.65,57.65,57.65,21.38,-
15-Nov-12,57.63,57.63,57.63,57.63,21.38,-
16-Nov-12,57.74,57.74,57.74,57.74,21.42,-
19-Nov-12,58.33,58.33,58.33,58.33,21.64,-
20-Nov-12,58.38,58.38,58.38,58.38,21.66,-
21-Nov-12,58.45,58.45,58.45,58.45,21.68,-
23-Nov-12,58.96,58.96,58.96,58.96,21.87,-
26-Nov-12,58.89,58.89,58.89,58.89,21.84,-
27-Nov-12,58.72,58.72,58.72,58.72,21.78,-
28-Nov-12,59.03,59.03,59.03,59.03,21.9,-
29-Nov-12,59.22,59.22,59.22,59.22,21.97,-
30-Nov-12,59.24,59.24,59.24,59.24,21.97,-
3-Dec-12,59.04,59.04,59.04,59.04,21.9,-
4-Dec-12,59.05,59.05,59.05,59.05,21.9,-
5-Dec-12,59.3,59.3,59.3,59.3,22.0,-
6-Dec-12,59.39,59.39,59.39,59.39,22.03,-
7-Dec-12,59.53,59.53,59.53,59.53,22.08,-
10-Dec-12,59.59,59.59,59.59,59.59,22.1,-
11-Dec-12,59.79,59.79,59.79,59.79,22.18,-
12-Dec-12,59.73,59.73,59.73,59.73,22.16,-
13-Dec-12,59.47,59.47,59.47,59.47,22.06,-
14-Dec-12,59.41,59.41,59.41,59.41,22.04,-
17-Dec-12,59.77,59.77,59.77,59.77,22.17,-
18-Dec-12,60.18,60.18,60.18,60.18,22.32,-
19-Dec-12,59.99,59.99,59.99,59.99,22.25,-
20-Dec-12,60.22,60.22,60.22,60.22,22.34,-
21-Dec-12,59.85,59.85,59.85,59.85,22.2,-
24-Dec-12,59.74,59.74,59.74,59.74,22.16,-
26-Dec-12,59.67,59.67,59.67,59.67,22.13,-
27-Dec-12,59.63,59.63,59.63,59.63,22.12,-
28-Dec-12,58,58.0,58.0,58.0,21.97,-
31-Dec-12,58.45,58.45,58.45,58.45,22.14,-
2-Jan-13,59.31,59.31,59.31,59.31,22.47,-
3-Jan-13,59.21,59.21,59.21,59.21,22.43,-
4-Jan-13,59.51,59.51,59.51,59.51,22.55,-
7-Jan-13,59.37,59.37,59.37,59.37,22.49,-
8-Jan-13,59.31,59.31,59.31,59.31,22.47,-
9-Jan-13,59.48,59.48,59.48,59.48,22.53,-
10-Jan-13,59.81,59.81,59.81,59.81,22.66,-
11-Jan-13,59.89,59.89,59.89,59.89,22.69,-
14-Jan-13,59.9,59.9,59.9,59.9,22.69,-
15-Jan-13,60,60.0,60.0,60.0,22.73,-
16-Jan-13,59.92,59.92,59.92,59.92,22.7,-
17-Jan-13,60.16,60.16,60.16,60.16,22.79,-
18-Jan-13,60.29,60.29,60.29,60.29,22.84,-
22-Jan-13,60.47,60.47,60.47,60.47,22.91,-
23-Jan-13,60.48,60.48,60.48,60.48,22.91,-
24-Jan-13,60.64,60.64,60.64,60.64,22.97,-
25-Jan-13,60.78,60.78,60.78,60.78,23.03,-
28-Jan-13,60.62,60.62,60.62,60.62,22.97,-
29-Jan-13,60.8,60.8,60.8,60.8,23.03,-
30-Jan-13,60.63,60.63,60.63,60.63,22.97,-
31-Jan-13,60.49,60.49,60.49,60.49,22.92,-
1-Feb-13,60.79,60.79,60.79,60.79,23.03,-
4-Feb-13,60.4,60.4,60.4,60.4,22.88,-
5-Feb-13,60.8,60.8,60.8,60.8,23.03,-
6-Feb-13,60.84,60.84,60.84,60.84,23.05,-
7-Feb-13,60.67,60.67,60.67,60.67,22.98,-
8-Feb-13,60.87,60.87,60.87,60.87,23.06,-
11-Feb-13,60.88,60.88,60.88,60.88,23.06,-
12-Feb-13,61.02,61.02,61.02,61.02,23.12,-
13-Feb-13,61,61.0,61.0,61.0,23.11,-
14-Feb-13,61.07,61.07,61.07,61.07,23.14,-
15-Feb-13,61.02,61.02,61.02,61.02,23.12,-
19-Feb-13,61.34,61.34,61.34,61.34,23.24,-
20-Feb-13,60.92,60.92,60.92,60.92,23.08,-
21-Feb-13,60.65,60.65,60.65,60.65,22.98,-
22-Feb-13,61.01,61.01,61.01,61.01,23.11,-
25-Feb-13,60.39,60.39,60.39,60.39,22.88,-
26-Feb-13,60.56,60.56,60.56,60.56,22.94,-
27-Feb-13,61.07,61.07,61.07,61.07,23.14,-
28-Feb-13,61.03,61.03,61.03,61.03,23.12,-
1-Mar-13,61.16,61.16,61.16,61.16,23.17,-
4-Mar-13,61.33,61.33,61.33,61.33,23.23,-
5-Mar-13,61.73,61.73,61.73,61.73,23.39,-
6-Mar-13,61.79,61.79,61.79,61.79,23.41,-
7-Mar-13,61.86,61.86,61.86,61.86,23.44,-
8-Mar-13,61.98,61.98,61.98,61.98,23.48,-
11-Mar-13,62.17,62.17,62.17,62.17,23.55,-
12-Mar-13,62.16,62.16,62.16,62.16,23.55,-
13-Mar-13,62.22,62.22,62.22,62.22,23.57,-
14-Mar-13,62.54,62.54,62.54,62.54,23.69,-
15-Mar-13,62.52,62.52,62.52,62.52,23.69,-
18-Mar-13,62.27,62.27,62.27,62.27,23.59,-
19-Mar-13,62.19,62.19,62.19,62.19,23.56,-
20-Mar-13,62.34,62.34,62.34,62.34,23.62,-
21-Mar-13,62.01,62.01,62.01,62.01,23.49,-
22-Mar-13,62.29,62.29,62.29,62.29,23.6,-
25-Mar-13,62.14,62.14,62.14,62.14,23.54,-
26-Mar-13,62.46,62.46,62.46,62.46,23.66,-
27-Mar-13,62.04,62.04,62.04,62.04,23.65,-
28-Mar-13,62.19,62.19,62.19,62.19,23.71,-
1-Apr-13,62.05,62.05,62.05,62.05,23.65,-
2-Apr-13,62.3,62.3,62.3,62.3,23.75,-
3-Apr-13,61.98,61.98,61.98,61.98,23.62,-
4-Apr-13,62.23,62.23,62.23,62.23,23.72,-
5-Apr-13,62.17,62.17,62.17,62.17,23.7,-
8-Apr-13,62.35,62.35,62.35,62.35,23.77,-
9-Apr-13,62.5,62.5,62.5,62.5,23.82,-
10-Apr-13,62.92,62.92,62.92,62.92,23.98,-
11-Apr-13,63.12,63.12,63.12,63.12,24.06,-
12-Apr-13,63.06,63.06,63.06,63.06,24.04,-
15-Apr-13,62.23,62.23,62.23,62.23,23.72,-
16-Apr-13,62.69,62.69,62.69,62.69,23.9,-
17-Apr-13,62.15,62.15,62.15,62.15,23.69,-
18-Apr-13,61.98,61.98,61.98,61.98,23.62,-
19-Apr-13,62.31,62.31,62.31,62.31,23.75,-
22-Apr-13,62.49,62.49,62.49,62.49,23.82,-
23-Apr-13,62.92,62.92,62.92,62.92,23.98,-
24-Apr-13,62.99,62.99,62.99,62.99,24.01,-
25-Apr-13,63.16,63.16,63.16,63.16,24.07,-
26-Apr-13,63.25,63.25,63.25,63.25,24.11,-
29-Apr-13,63.56,63.56,63.56,63.56,24.23,-
30-Apr-13,63.61,63.61,63.61,63.61,24.25,-
1-May-13,63.24,63.24,63.24,63.24,24.11,-
2-May-13,63.6,63.6,63.6,63.6,24.24,-
3-May-13,63.89,63.89,63.89,63.89,24.35,-
6-May-13,63.91,63.91,63.91,63.91,24.36,-
7-May-13,64.16,64.16,64.16,64.16,24.46,-
8-May-13,64.39,64.39,64.39,64.39,24.54,-
9-May-13,64.16,64.16,64.16,64.16,24.46,-
10-May-13,64.21,64.21,64.21,64.21,24.47,-
13-May-13,64.21,64.21,64.21,64.21,24.47,-
14-May-13,64.57,64.57,64.57,64.57,24.61,-
15-May-13,64.87,64.87,64.87,64.87,24.73,-
16-May-13,64.76,64.76,64.76,64.76,24.68,-
17-May-13,65.09,65.09,65.09,65.09,24.81,-
20-May-13,65.01,65.01,65.01,65.01,24.78,-
21-May-13,65.22,65.22,65.22,65.22,24.86,-
22-May-13,64.78,64.78,64.78,64.78,24.69,-
23-May-13,64.67,64.67,64.67,64.67,24.65,-
24-May-13,64.66,64.66,64.66,64.66,24.65,-
28-May-13,64.75,64.75,64.75,64.75,24.68,-
29-May-13,64.54,64.54,64.54,64.54,24.6,-
30-May-13,64.73,64.73,64.73,64.73,24.67,-
31-May-13,64.04,64.04,64.04,64.04,24.41,-
3-Jun-13,64.39,64.39,64.39,64.39,24.54,-
4-Jun-13,64.14,64.14,64.14,64.14,24.45,-
5-Jun-13,63.57,63.57,63.57,63.57,24.23,-
6-Jun-13,63.92,63.92,63.92,63.92,24.36,-
7-Jun-13,64.37,64.37,64.37,64.37,24.54,-
10-Jun-13,64.37,64.37,64.37,64.37,24.54,-
11-Jun-13,63.98,63.98,63.98,63.98,24.39,-
12-Jun-13,63.59,63.59,63.59,63.59,24.24,-
13-Jun-13,64.29,64.29,64.29,64.29,24.51,-
14-Jun-13,64.02,64.02,64.02,64.02,24.4,-
17-Jun-13,64.34,64.34,64.34,64.34,24.52,-
18-Jun-13,64.61,64.61,64.61,64.61,24.63,-
19-Jun-13,63.88,63.88,63.88,63.88,24.35,-
20-Jun-13,62.7,62.7,62.7,62.7,23.9,-
21-Jun-13,62.65,62.65,62.65,62.65,23.88,-
24-Jun-13,62.1,62.1,62.1,62.1,23.67,-
25-Jun-13,62.45,62.45,62.45,62.45,23.8,-
26-Jun-13,62.94,62.94,62.94,62.94,23.99,-
27-Jun-13,62.88,62.88,62.88,62.88,24.13,-
28-Jun-13,62.74,62.74,62.74,62.74,24.08,-
1-Jul-13,62.93,62.93,62.93,62.93,24.15,-
2-Jul-13,62.92,62.92,62.92,62.92,24.15,-
3-Jul-13,62.95,62.95,62.95,62.95,24.16,-
5-Jul-13,63.13,63.13,63.13,63.13,24.23,-
8-Jul-13,63.53,63.53,63.53,63.53,24.38,-
9-Jul-13,63.89,63.89,63.89,63.89,24.52,-
10-Jul-13,63.85,63.85,63.85,63.85,24.5,-
11-Jul-13,64.55,64.55,64.55,64.55,24.77,-
12-Jul-13,64.56,64.56,64.56,64.56,24.78,-
15-Jul-13,64.69,64.69,64.69,64.69,24.83,-
16-Jul-13,64.57,64.57,64.57,64.57,24.78,-
17-Jul-13,64.76,64.76,64.76,64.76,24.85,-
18-Jul-13,64.99,64.99,64.99,64.99,24.94,-
19-Jul-13,65.1,65.1,65.1,65.1,24.98,-
22-Jul-13,65.24,65.24,65.24,65.24,25.04,-
23-Jul-13,65.25,65.25,65.25,65.25,25.04,-
24-Jul-13,65.06,65.06,65.06,65.06,24.97,-
25-Jul-13,65.07,65.07,65.07,65.07,24.97,-
26-Jul-13,65.1,65.1,65.1,65.1,24.98,-
29-Jul-13,64.91,64.91,64.91,64.91,24.91,-
30-Jul-13,64.85,64.85,64.85,64.85,24.89,-
31-Jul-13,64.98,64.98,64.98,64.98,24.94,-
1-Aug-13,65.37,65.37,65.37,65.37,25.09,-
2-Aug-13,65.49,65.49,65.49,65.49,25.13,-
5-Aug-13,65.39,65.39,65.39,65.39,25.1,-
6-Aug-13,65.15,65.15,65.15,65.15,25.0,-
7-Aug-13,65.05,65.05,65.05,65.05,24.96,-
8-Aug-13,65.25,65.25,65.25,65.25,25.04,-
9-Aug-13,65.19,65.19,65.19,65.19,25.02,-
12-Aug-13,65.09,65.09,65.09,65.09,24.98,-
13-Aug-13,65.11,65.11,65.11,65.11,24.99,-
14-Aug-13,64.91,64.91,64.91,64.91,24.91,-
15-Aug-13,64.28,64.28,64.28,64.28,24.67,-
16-Aug-13,64.13,64.13,64.13,64.13,24.61,-
19-Aug-13,63.82,63.82,63.82,63.82,24.49,-
20-Aug-13,63.99,63.99,63.99,63.99,24.56,-
21-Aug-13,63.63,63.63,63.63,63.63,24.42,-
22-Aug-13,64.02,64.02,64.02,64.02,24.57,-
23-Aug-13,64.33,64.33,64.33,64.33,24.69,-
26-Aug-13,64.17,64.17,64.17,64.17,24.63,-
27-Aug-13,63.58,63.58,63.58,63.58,24.4,-
28-Aug-13,63.62,63.62,63.62,63.62,24.42,-
29-Aug-13,63.72,63.72,63.72,63.72,24.45,-
30-Aug-13,63.53,63.53,63.53,63.53,24.38,-
3-Sep-13,63.62,63.62,63.62,63.62,24.42,-
4-Sep-13,63.9,63.9,63.9,63.9,24.52,-
5-Sep-13,63.85,63.85,63.85,63.85,24.5,-
6-Sep-13,63.9,63.9,63.9,63.9,24.52,-
9-Sep-13,64.24,64.24,64.24,64.24,24.65,-
10-Sep-13,64.56,64.56,64.56,64.56,24.78,-
11-Sep-13,64.82,64.82,64.82,64.82,24.88,-
12-Sep-13,64.69,64.69,64.69,64.69,24.83,-
13-Sep-13,64.86,64.86,64.86,64.86,24.89,-
16-Sep-13,65.17,65.17,65.17,65.17,25.01,-
17-Sep-13,65.33,65.33,65.33,65.33,25.07,-
18-Sep-13,65.99,65.99,65.99,65.99,25.33,-
19-Sep-13,65.88,65.88,65.88,65.88,25.28,-
20-Sep-13,65.55,65.55,65.55,65.55,25.16,-
23-Sep-13,65.38,65.38,65.38,65.38,25.09,-
24-Sep-13,65.3,65.3,65.3,65.3,25.06,-
25-Sep-13,65.31,65.31,65.31,65.31,25.06,-
26-Sep-13,64.96,64.96,64.96,64.96,25.09,-
27-Sep-13,64.84,64.84,64.84,64.84,25.04,-
30-Sep-13,64.57,64.57,64.57,64.57,24.94,-
1-Oct-13,64.83,64.83,64.83,64.83,25.04,-
2-Oct-13,64.83,64.83,64.83,64.83,25.04,-
3-Oct-13,64.47,64.47,64.47,64.47,24.9,-
4-Oct-13,64.68,64.68,64.68,64.68,24.98,-
7-Oct-13,64.37,64.37,64.37,64.37,24.86,-
8-Oct-13,63.9,63.9,63.9,63.9,24.68,-
9-Oct-13,63.88,63.88,63.88,63.88,24.67,-
10-Oct-13,64.82,64.82,64.82,64.82,25.03,-
11-Oct-13,65.12,65.12,65.12,65.12,25.15,-
14-Oct-13,65.23,65.23,65.23,65.23,25.19,-
15-Oct-13,64.94,64.94,64.94,64.94,25.08,-
16-Oct-13,65.56,65.56,65.56,65.56,25.32,-
17-Oct-13,65.93,65.93,65.93,65.93,25.46,-
18-Oct-13,66.08,66.08,66.08,66.08,25.52,-
21-Oct-13,66.07,66.07,66.07,66.07,25.52,-
22-Oct-13,66.39,66.39,66.39,66.39,25.64,-
23-Oct-13,66.19,66.19,66.19,66.19,25.56,-
24-Oct-13,66.34,66.34,66.34,66.34,25.62,-
25-Oct-13,66.52,66.52,66.52,66.52,25.69,-
28-Oct-13,66.53,66.53,66.53,66.53,25.69,-
29-Oct-13,66.8,66.8,66.8,66.8,25.8,-
30-Oct-13,66.54,66.54,66.54,66.54,25.7,-
31-Oct-13,66.37,66.37,66.37,66.37,25.63,-
1-Nov-13,66.41,66.41,66.41,66.41,25.65,-
4-Nov-13,66.56,66.56,66.56,66.56,25.71,-
5-Nov-13,66.4,66.4,66.4,66.4,25.64,-
6-Nov-13,66.71,66.71,66.71,66.71,25.76,-
7-Nov-13,66.33,66.33,66.33,66.33,25.62,-
8-Nov-13,66.74,66.74,66.74,66.74,25.78,-
11-Nov-13,66.76,66.76,66.76,66.76,25.78,-
12-Nov-13,66.63,66.63,66.63,66.63,25.73,-
13-Nov-13,67.01,67.01,67.01,67.01,25.88,-
14-Nov-13,67.28,67.28,67.28,67.28,25.98,-
15-Nov-13,67.46,67.46,67.46,67.46,26.05,-
18-Nov-13,67.48,67.48,67.48,67.48,26.06,-
19-Nov-13,67.37,67.37,67.37,67.37,26.02,-
20-Nov-13,67.09,67.09,67.09,67.09,25.91,-
21-Nov-13,67.5,67.5,67.5,67.5,26.07,-
22-Nov-13,67.76,67.76,67.76,67.76,26.17,-
25-Nov-13,67.67,67.67,67.67,67.67,26.13,-
26-Nov-13,67.62,67.62,67.62,67.62,26.12,-
27-Nov-13,67.68,67.68,67.68,67.68,26.14,-
29-Nov-13,67.65,67.65,67.65,67.65,26.13,-
2-Dec-13,67.53,67.53,67.53,67.53,26.08,-
3-Dec-13,67.32,67.32,67.32,67.32,26.0,-
4-Dec-13,67.18,67.18,67.18,67.18,25.95,-
5-Dec-13,66.94,66.94,66.94,66.94,25.85,-
6-Dec-13,67.5,67.5,67.5,67.5,26.07,-
9-Dec-13,67.6,67.6,67.6,67.6,26.11,-
10-Dec-13,67.55,67.55,67.55,67.55,26.09,-
11-Dec-13,67.01,67.01,67.01,67.01,25.88,-
12-Dec-13,66.8,66.8,66.8,66.8,25.8,-
13-Dec-13,66.79,66.79,66.79,66.79,25.8,-
16-Dec-13,67.11,67.11,67.11,67.11,25.92,-
17-Dec-13,66.92,66.92,66.92,66.92,25.85,-
18-Dec-13,67.68,67.68,67.68,67.68,26.14,-
19-Dec-13,67.69,67.69,67.69,67.69,26.14,-
20-Dec-13,67.93,67.93,67.93,67.93,26.24,-
23-Dec-13,68.11,68.11,68.11,68.11,26.3,-
24-Dec-13,68.21,68.21,68.21,68.21,26.34,-
26-Dec-13,65.31,65.31,65.31,65.31,26.43,-
27-Dec-13,65.38,65.38,65.38,65.38,26.46,-
30-Dec-13,65.44,65.44,65.44,65.44,26.49,-
31-Dec-13,65.53,65.53,65.53,65.53,26.52,-
2-Jan-14,65.13,65.13,65.13,65.13,26.36,-
3-Jan-14,65.15,65.15,65.15,65.15,26.37,-
6-Jan-14,65.11,65.11,65.11,65.11,26.35,-
7-Jan-14,65.39,65.39,65.39,65.39,26.47,-
8-Jan-14,65.3,65.3,65.3,65.3,26.43,-
9-Jan-14,65.4,65.4,65.4,65.4,26.47,-
10-Jan-14,65.65,65.65,65.65,65.65,26.57,-
13-Jan-14,65.22,65.22,65.22,65.22,26.4,-
14-Jan-14,65.55,65.55,65.55,65.55,26.53,-
15-Jan-14,65.84,65.84,65.84,65.84,26.65,-
16-Jan-14,65.84,65.84,65.84,65.84,26.65,-
17-Jan-14,65.69,65.69,65.69,65.69,26.59,-
21-Jan-14,65.82,65.82,65.82,65.82,26.64,-
22-Jan-14,65.82,65.82,65.82,65.82,26.64,-
23-Jan-14,65.55,65.55,65.55,65.55,26.53,-
24-Jan-14,64.69,64.69,64.69,64.69,26.18,-
27-Jan-14,64.44,64.44,64.44,64.44,26.08,-
28-Jan-14,64.73,64.73,64.73,64.73,26.2,-
29-Jan-14,64.41,64.41,64.41,64.41,26.07,-
30-Jan-14,64.76,64.76,64.76,64.76,26.21,-
31-Jan-14,64.53,64.53,64.53,64.53,26.12,-
3-Feb-14,63.7,63.7,63.7,63.7,25.78,-
4-Feb-14,63.86,63.86,63.86,63.86,25.85,-
5-Feb-14,63.79,63.79,63.79,63.79,25.82,-
6-Feb-14,64.23,64.23,64.23,64.23,26.0,-
7-Feb-14,64.73,64.73,64.73,64.73,26.2,-
10-Feb-14,64.79,64.79,64.79,64.79,26.22,-
11-Feb-14,65.3,65.3,65.3,65.3,26.43,-
12-Feb-14,65.29,65.29,65.29,65.29,26.43,-
13-Feb-14,65.48,65.48,65.48,65.48,26.5,-
14-Feb-14,65.74,65.74,65.74,65.74,26.61,-
18-Feb-14,65.87,65.87,65.87,65.87,26.66,-
19-Feb-14,65.57,65.57,65.57,65.57,26.54,-
20-Feb-14,65.84,65.84,65.84,65.84,26.65,-
21-Feb-14,65.8,65.8,65.8,65.8,26.63,-
24-Feb-14,66,66.0,66.0,66.0,26.71,-
25-Feb-14,65.97,65.97,65.97,65.97,26.7,-
26-Feb-14,66.01,66.01,66.01,66.01,26.72,-
27-Feb-14,66.29,66.29,66.29,66.29,26.83,-
28-Feb-14,66.46,66.46,66.46,66.46,26.9,-
3-Mar-14,66.08,66.08,66.08,66.08,26.75,-
4-Mar-14,66.63,66.63,66.63,66.63,26.97,-
5-Mar-14,66.64,66.64,66.64,66.64,26.97,-
6-Mar-14,66.69,66.69,66.69,66.69,26.99,-
7-Mar-14,66.66,66.66,66.66,66.66,26.98,-
10-Mar-14,66.64,66.64,66.64,66.64,26.97,-
11-Mar-14,66.38,66.38,66.38,66.38,26.87,-
12-Mar-14,66.41,66.41,66.41,66.41,26.88,-
13-Mar-14,66.03,66.03,66.03,66.03,26.73,-
14-Mar-14,65.89,65.89,65.89,65.89,26.67,-
17-Mar-14,66.24,66.24,66.24,66.24,26.81,-
18-Mar-14,66.54,66.54,66.54,66.54,26.93,-
19-Mar-14,66.18,66.18,66.18,66.18,26.79,-
20-Mar-14,66.46,66.46,66.46,66.46,26.9,-
21-Mar-14,66.43,66.43,66.43,66.43,26.89,-
24-Mar-14,66.39,66.39,66.39,66.39,26.87,-
25-Mar-14,66.7,66.7,66.7,66.7,27.0,-
26-Mar-14,66.55,66.55,66.55,66.55,26.94,-
27-Mar-14,66.48,66.48,66.48,66.48,26.91,-
28-Mar-14,66.28,66.28,66.28,66.28,27.0,-
31-Mar-14,66.65,66.65,66.65,66.65,27.15,-
1-Apr-14,66.83,66.83,66.83,66.83,27.23,-
2-Apr-14,66.93,66.93,66.93,66.93,27.27,-
3-Apr-14,67.04,67.04,67.04,67.04,27.31,-
4-Apr-14,66.7,66.7,66.7,66.7,27.17,-
7-Apr-14,66.31,66.31,66.31,66.31,27.01,-
8-Apr-14,66.44,66.44,66.44,66.44,27.07,-
9-Apr-14,66.92,66.92,66.92,66.92,27.26,-
10-Apr-14,66.1,66.1,66.1,66.1,26.93,-
11-Apr-14,65.81,65.81,65.81,65.81,26.81,-
14-Apr-14,66.08,66.08,66.08,66.08,26.92,-
15-Apr-14,66.3,66.3,66.3,66.3,27.01,-
16-Apr-14,66.68,66.68,66.68,66.68,27.17,-
17-Apr-14,66.66,66.66,66.66,66.66,27.16,-
21-Apr-14,66.88,66.88,66.88,66.88,27.25,-
22-Apr-14,66.99,66.99,66.99,66.99,27.29,-
23-Apr-14,67.04,67.04,67.04,67.04,27.31,-
24-Apr-14,67.06,67.06,67.06,67.06,27.32,-
25-Apr-14,66.8,66.8,66.8,66.8,27.21,-
28-Apr-14,67.04,67.04,67.04,67.04,27.31,-
29-Apr-14,67.26,67.26,67.26,67.26,27.4,-
30-Apr-14,67.38,67.38,67.38,67.38,27.45,-
1-May-14,67.42,67.42,67.42,67.42,27.47,-
2-May-14,67.37,67.37,67.37,67.37,27.45,-
5-May-14,67.36,67.36,67.36,67.36,27.44,-
6-May-14,67.12,67.12,67.12,67.12,27.34,-
7-May-14,67.38,67.38,67.38,67.38,27.45,-
8-May-14,67.35,67.35,67.35,67.35,27.44,-
9-May-14,67.35,67.35,67.35,67.35,27.44,-
12-May-14,67.64,67.64,67.64,67.64,27.56,-
13-May-14,67.76,67.76,67.76,67.76,27.61,-
14-May-14,67.65,67.65,67.65,67.65,27.56,-
15-May-14,67.36,67.36,67.36,67.36,27.44,-
16-May-14,67.47,67.47,67.47,67.47,27.49,-
19-May-14,67.52,67.52,67.52,67.52,27.51,-
20-May-14,67.3,67.3,67.3,67.3,27.42,-
21-May-14,67.64,67.64,67.64,67.64,27.56,-
22-May-14,67.71,67.71,67.71,67.71,27.59,-
23-May-14,67.86,67.86,67.86,67.86,27.65,-
27-May-14,68.07,68.07,68.07,68.07,27.73,-
28-May-14,68.06,68.06,68.06,68.06,27.73,-
29-May-14,68.26,68.26,68.26,68.26,27.81,-
30-May-14,68.36,68.36,68.36,68.36,27.85,-
2-Jun-14,68.39,68.39,68.39,68.39,27.86,-
3-Jun-14,68.32,68.32,68.32,68.32,27.83,-
4-Jun-14,68.39,68.39,68.39,68.39,27.86,-
5-Jun-14,68.65,68.65,68.65,68.65,27.97,-
6-Jun-14,68.85,68.85,68.85,68.85,28.05,-
9-Jun-14,68.92,68.92,68.92,68.92,28.08,-
10-Jun-14,68.9,68.9,68.9,68.9,28.07,-
11-Jun-14,68.75,68.75,68.75,68.75,28.01,-
12-Jun-14,68.52,68.52,68.52,68.52,27.92,-
13-Jun-14,68.69,68.69,68.69,68.69,27.98,-
16-Jun-14,68.68,68.68,68.68,68.68,27.98,-
17-Jun-14,68.74,68.74,68.74,68.74,28.0,-
18-Jun-14,69.18,69.18,69.18,69.18,28.18,-
19-Jun-14,69.21,69.21,69.21,69.21,28.2,-
20-Jun-14,68.95,68.95,68.95,68.95,28.26,-
23-Jun-14,68.92,68.92,68.92,68.92,28.25,-
24-Jun-14,68.68,68.68,68.68,68.68,28.15,-
25-Jun-14,68.91,68.91,68.91,68.91,28.24,-
26-Jun-14,68.87,68.87,68.87,68.87,28.23,-
27-Jun-14,68.93,68.93,68.93,68.93,28.25,-
30-Jun-14,68.9,68.9,68.9,68.9,28.24,-
1-Jul-14,69.11,69.11,69.11,69.11,28.33,-
2-Jul-14,69.09,69.09,69.09,69.09,28.32,-
3-Jul-14,69.29,69.29,69.29,69.29,28.4,-
7-Jul-14,69.13,69.13,69.13,69.13,28.33,-
8-Jul-14,68.89,68.89,68.89,68.89,28.24,-
9-Jul-14,69.09,69.09,69.09,69.09,28.32,-
10-Jul-14,68.88,68.88,68.88,68.88,28.23,-
11-Jul-14,68.98,68.98,68.98,68.98,28.27,-
14-Jul-14,69.13,69.13,69.13,69.13,28.33,-
15-Jul-14,69.15,69.15,69.15,69.15,28.34,-
16-Jul-14,69.53,69.53,69.53,69.53,28.5,-
17-Jul-14,69.09,69.09,69.09,69.09,28.32,-
18-Jul-14,69.43,69.43,69.43,69.43,28.46,-
21-Jul-14,69.37,69.37,69.37,69.37,28.43,-
22-Jul-14,69.63,69.63,69.63,69.63,28.54,-
23-Jul-14,69.67,69.67,69.67,69.67,28.56,-
24-Jul-14,69.65,69.65,69.65,69.65,28.55,-
25-Jul-14,69.5,69.5,69.5,69.5,28.49,-
28-Jul-14,69.49,69.49,69.49,69.49,28.48,-
29-Jul-14,69.25,69.25,69.25,69.25,28.38,-
30-Jul-14,69.11,69.11,69.11,69.11,28.33,-
31-Jul-14,68.21,68.21,68.21,68.21,27.96,-
1-Aug-14,68.1,68.1,68.1,68.1,27.91,-
4-Aug-14,68.36,68.36,68.36,68.36,28.02,-
5-Aug-14,67.91,67.91,67.91,67.91,27.83,-
6-Aug-14,67.8,67.8,67.8,67.8,27.79,-
7-Aug-14,67.63,67.63,67.63,67.63,27.72,-
8-Aug-14,68.06,68.06,68.06,68.06,27.9,-
11-Aug-14,68.16,68.16,68.16,68.16,27.94,-
12-Aug-14,68.09,68.09,68.09,68.09,27.91,-
13-Aug-14,68.42,68.42,68.42,68.42,28.04,-
14-Aug-14,68.65,68.65,68.65,68.65,28.14,-
15-Aug-14,68.69,68.69,68.69,68.69,28.15,-
18-Aug-14,69,69.0,69.0,69.0,28.28,-
19-Aug-14,69.16,69.16,69.16,69.16,28.35,-
20-Aug-14,69.22,69.22,69.22,69.22,28.37,-
21-Aug-14,69.46,69.46,69.46,69.46,28.47,-
22-Aug-14,69.34,69.34,69.34,69.34,28.42,-
25-Aug-14,69.62,69.62,69.62,69.62,28.54,-
26-Aug-14,69.68,69.68,69.68,69.68,28.56,-
27-Aug-14,69.75,69.75,69.75,69.75,28.59,-
28-Aug-14,69.71,69.71,69.71,69.71,28.57,-
29-Aug-14,69.89,69.89,69.89,69.89,28.65,-
2-Sep-14,69.71,69.71,69.71,69.71,28.57,-
3-Sep-14,69.85,69.85,69.85,69.85,28.63,-
4-Sep-14,69.66,69.66,69.66,69.66,28.55,-
5-Sep-14,69.91,69.91,69.91,69.91,28.65,-
8-Sep-14,69.69,69.69,69.69,69.69,28.56,-
9-Sep-14,69.43,69.43,69.43,69.43,28.46,-
10-Sep-14,69.51,69.51,69.51,69.51,28.49,-
11-Sep-14,69.54,69.54,69.54,69.54,28.5,-
12-Sep-14,69.31,69.31,69.31,69.31,28.41,-
15-Sep-14,69.35,69.35,69.35,69.35,28.42,-
16-Sep-14,69.63,69.63,69.63,69.63,28.54,-
17-Sep-14,69.59,69.59,69.59,69.59,28.52,-
18-Sep-14,69.85,69.85,69.85,69.85,28.63,-
19-Sep-14,69.48,69.48,69.48,69.48,28.66,-
22-Sep-14,69.19,69.19,69.19,69.19,28.54,-
23-Sep-14,68.87,68.87,68.87,68.87,28.4,-
24-Sep-14,69.11,69.11,69.11,69.11,28.5,-
25-Sep-14,68.5,68.5,68.5,68.5,28.25,-
26-Sep-14,68.79,68.79,68.79,68.79,28.37,-
29-Sep-14,68.65,68.65,68.65,68.65,28.31,-
30-Sep-14,68.51,68.51,68.51,68.51,28.26,-
1-Oct-14,68.09,68.09,68.09,68.09,28.08,-
2-Oct-14,67.94,67.94,67.94,67.94,28.02,-
3-Oct-14,68.4,68.4,68.4,68.4,28.21,-
6-Oct-14,68.42,68.42,68.42,68.42,28.22,-
7-Oct-14,67.81,67.81,67.81,67.81,27.97,-
8-Oct-14,68.59,68.59,68.59,68.59,28.29,-
9-Oct-14,67.61,67.61,67.61,67.61,27.88,-
10-Oct-14,67.22,67.22,67.22,67.22,27.72,-
13-Oct-14,66.7,66.7,66.7,66.7,27.51,-
14-Oct-14,66.76,66.76,66.76,66.76,27.53,-
15-Oct-14,66.33,66.33,66.33,66.33,27.36,-
16-Oct-14,66.28,66.28,66.28,66.28,27.34,-
17-Oct-14,66.89,66.89,66.89,66.89,27.59,-
20-Oct-14,67.16,67.16,67.16,67.16,27.7,-
21-Oct-14,67.95,67.95,67.95,67.95,28.02,-
22-Oct-14,67.64,67.64,67.64,67.64,27.9,-
23-Oct-14,68.08,68.08,68.08,68.08,28.08,-
24-Oct-14,68.44,68.44,68.44,68.44,28.23,-
27-Oct-14,68.4,68.4,68.4,68.4,28.21,-
28-Oct-14,68.85,68.85,68.85,68.85,28.4,-
29-Oct-14,68.84,68.84,68.84,68.84,28.39,-
30-Oct-14,69.09,69.09,69.09,69.09,28.49,-
31-Oct-14,69.58,69.58,69.58,69.58,28.7,-
3-Nov-14,69.52,69.52,69.52,69.52,28.67,-
4-Nov-14,69.43,69.43,69.43,69.43,28.63,-
5-Nov-14,69.78,69.78,69.78,69.78,28.78,-
6-Nov-14,69.86,69.86,69.86,69.86,28.81,-
7-Nov-14,69.95,69.95,69.95,69.95,28.85,-
10-Nov-14,69.97,69.97,69.97,69.97,28.86,-
11-Nov-14,70.05,70.05,70.05,70.05,28.89,-
12-Nov-14,69.94,69.94,69.94,69.94,28.84,-
13-Nov-14,70.04,70.04,70.04,70.04,28.89,-
14-Nov-14,70.09,70.09,70.09,70.09,28.91,-
17-Nov-14,70.11,70.11,70.11,70.11,28.91,-
18-Nov-14,70.34,70.34,70.34,70.34,29.01,-
19-Nov-14,70.23,70.23,70.23,70.23,28.96,-
20-Nov-14,70.32,70.32,70.32,70.32,29.0,-
21-Nov-14,70.67,70.67,70.67,70.67,29.15,-
24-Nov-14,70.81,70.81,70.81,70.81,29.2,-
25-Nov-14,70.82,70.82,70.82,70.82,29.21,-
26-Nov-14,71.04,71.04,71.04,71.04,29.3,-
28-Nov-14,70.85,70.85,70.85,70.85,29.22,-
1-Dec-14,70.64,70.64,70.64,70.64,29.13,-
2-Dec-14,70.84,70.84,70.84,70.84,29.22,-
3-Dec-14,71.01,71.01,71.01,71.01,29.29,-
4-Dec-14,70.99,70.99,70.99,70.99,29.28,-
5-Dec-14,71.03,71.03,71.03,71.03,29.29,-
8-Dec-14,70.82,70.82,70.82,70.82,29.21,-
9-Dec-14,70.76,70.76,70.76,70.76,29.18,-
10-Dec-14,70.1,70.1,70.1,70.1,28.91,-
11-Dec-14,70.28,70.28,70.28,70.28,28.99,-
12-Dec-14,69.55,69.55,69.55,69.55,28.68,-
15-Dec-14,69.14,69.14,69.14,69.14,28.51,-
16-Dec-14,68.97,68.97,68.97,68.97,28.44,-
17-Dec-14,69.66,69.66,69.66,69.66,28.73,-
18-Dec-14,70.74,70.74,70.74,70.74,29.17,-
19-Dec-14,70.97,70.97,70.97,70.97,29.27,-
22-Dec-14,71.18,71.18,71.18,71.18,29.36,-
23-Dec-14,71.09,71.09,71.09,71.09,29.32,-
24-Dec-14,71.12,71.12,71.12,71.12,29.33,-
26-Dec-14,68.15,68.15,68.15,68.15,29.39,-
29-Dec-14,68.22,68.22,68.22,68.22,29.42,-
30-Dec-14,68.04,68.04,68.04,68.04,29.34,-
31-Dec-14,67.61,67.61,67.61,67.61,29.15,-
2-Jan-15,67.63,67.63,67.63,67.63,29.16,-
5-Jan-15,66.89,66.89,66.89,66.89,28.84,-
6-Jan-15,66.66,66.66,66.66,66.66,28.74,-
7-Jan-15,67.08,67.08,67.08,67.08,28.92,-
8-Jan-15,67.8,67.8,67.8,67.8,29.23,-
9-Jan-15,67.52,67.52,67.52,67.52,29.11,-
12-Jan-15,67.3,67.3,67.3,67.3,29.02,-
13-Jan-15,67.25,67.25,67.25,67.25,29.0,-
14-Jan-15,67.05,67.05,67.05,67.05,28.91,-
15-Jan-15,66.96,66.96,66.96,66.96,28.87,-
16-Jan-15,67.43,67.43,67.43,67.43,29.07,-
20-Jan-15,67.5,67.5,67.5,67.5,29.11,-
21-Jan-15,67.64,67.64,67.64,67.64,29.17,-
22-Jan-15,68.24,68.24,68.24,68.24,29.42,-
23-Jan-15,68.01,68.01,68.01,68.01,29.32,-
26-Jan-15,68.12,68.12,68.12,68.12,29.37,-
27-Jan-15,67.58,67.58,67.58,67.58,29.14,-
28-Jan-15,66.97,66.97,66.97,66.97,28.88,-
29-Jan-15,67.2,67.2,67.2,67.2,28.98,-
30-Jan-15,66.68,66.68,66.68,66.68,28.75,-
2-Feb-15,67.31,67.31,67.31,67.31,29.02,-
3-Feb-15,67.83,67.83,67.83,67.83,29.25,-
4-Feb-15,67.7,67.7,67.7,67.7,29.19,-
5-Feb-15,68.01,68.01,68.01,68.01,29.32,-
6-Feb-15,67.78,67.78,67.78,67.78,29.23,-
9-Feb-15,67.63,67.63,67.63,67.63,29.16,-
10-Feb-15,68.01,68.01,68.01,68.01,29.32,-
11-Feb-15,67.99,67.99,67.99,67.99,29.32,-
12-Feb-15,68.49,68.49,68.49,68.49,29.53,-
13-Feb-15,68.65,68.65,68.65,68.65,29.6,-
17-Feb-15,68.64,68.64,68.64,68.64,29.6,-
18-Feb-15,68.61,68.61,68.61,68.61,29.58,-
19-Feb-15,68.47,68.47,68.47,68.47,29.52,-
20-Feb-15,68.72,68.72,68.72,68.72,29.63,-
23-Feb-15,68.77,68.77,68.77,68.77,29.65,-
24-Feb-15,69.1,69.1,69.1,69.1,29.79,-
25-Feb-15,69.08,69.08,69.08,69.08,29.79,-
26-Feb-15,68.91,68.91,68.91,68.91,29.71,-
27-Feb-15,68.86,68.86,68.86,68.86,29.69,-
2-Mar-15,68.98,68.98,68.98,68.98,29.74,-
3-Mar-15,68.73,68.73,68.73,68.73,29.64,-
4-Mar-15,68.6,68.6,68.6,68.6,29.58,-
5-Mar-15,68.63,68.63,68.63,68.63,29.59,-
6-Mar-15,67.91,67.91,67.91,67.91,29.28,-
9-Mar-15,68.15,68.15,68.15,68.15,29.39,-
10-Mar-15,67.36,67.36,67.36,67.36,29.04,-
11-Mar-15,67.36,67.36,67.36,67.36,29.04,-
12-Mar-15,67.9,67.9,67.9,67.9,29.28,-
13-Mar-15,67.66,67.66,67.66,67.66,29.17,-
16-Mar-15,68.34,68.34,68.34,68.34,29.47,-
17-Mar-15,68.18,68.18,68.18,68.18,29.4,-
18-Mar-15,68.97,68.97,68.97,68.97,29.74,-
19-Mar-15,68.57,68.57,68.57,68.57,29.57,-
20-Mar-15,69.1,69.1,69.1,69.1,29.79,-
23-Mar-15,69.07,69.07,69.07,69.07,29.78,-
24-Mar-15,68.81,68.81,68.81,68.81,29.67,-
25-Mar-15,68.14,68.14,68.14,68.14,29.38,-
26-Mar-15,67.51,67.51,67.51,67.51,29.29,-
27-Mar-15,67.65,67.65,67.65,67.65,29.35,-
30-Mar-15,68.15,68.15,68.15,68.15,29.56,-
31-Mar-15,67.78,67.78,67.78,67.78,29.4,-
1-Apr-15,67.72,67.72,67.72,67.72,29.38,-
2-Apr-15,67.86,67.86,67.86,67.86,29.44,-
6-Apr-15,68.13,68.13,68.13,68.13,29.55,-
7-Apr-15,68.19,68.19,68.19,68.19,29.58,-
8-Apr-15,68.33,68.33,68.33,68.33,29.64,-
9-Apr-15,68.48,68.48,68.48,68.48,29.71,-
10-Apr-15,68.73,68.73,68.73,68.73,29.81,-
13-Apr-15,68.52,68.52,68.52,68.52,29.72,-
14-Apr-15,68.69,68.69,68.69,68.69,29.8,-
15-Apr-15,69,69.0,69.0,69.0,29.93,-
16-Apr-15,68.95,68.95,68.95,68.95,29.91,-
17-Apr-15,68.53,68.53,68.53,68.53,29.73,-
20-Apr-15,68.86,68.86,68.86,68.86,29.87,-
21-Apr-15,68.74,68.74,68.74,68.74,29.82,-
22-Apr-15,68.84,68.84,68.84,68.84,29.86,-
23-Apr-15,68.98,68.98,68.98,68.98,29.92,-
24-Apr-15,69.13,69.13,69.13,69.13,29.99,-
27-Apr-15,69.01,69.01,69.01,69.01,29.94,-
28-Apr-15,69.19,69.19,69.19,69.19,30.01,-
29-Apr-15,68.97,68.97,68.97,68.97,29.92,-
30-Apr-15,68.54,68.54,68.54,68.54,29.73,-
1-May-15,68.83,68.83,68.83,68.83,29.86,-
4-May-15,68.93,68.93,68.93,68.93,29.9,-
5-May-15,68.42,68.42,68.42,68.42,29.68,-
6-May-15,68.14,68.14,68.14,68.14,29.56,-
7-May-15,68.33,68.33,68.33,68.33,29.64,-
8-May-15,69.02,69.02,69.02,69.02,29.94,-
11-May-15,68.64,68.64,68.64,68.64,29.78,-
12-May-15,68.49,68.49,68.49,68.49,29.71,-
13-May-15,68.49,68.49,68.49,68.49,29.71,-
14-May-15,68.96,68.96,68.96,68.96,29.91,-
15-May-15,69.12,69.12,69.12,69.12,29.98,-
18-May-15,69.11,69.11,69.11,69.11,29.98,-
19-May-15,69.02,69.02,69.02,69.02,29.94,-
20-May-15,69,69.0,69.0,69.0,29.93,-
21-May-15,69.21,69.21,69.21,69.21,30.02,-
22-May-15,69,69.0,69.0,69.0,29.93,-
26-May-15,68.63,68.63,68.63,68.63,29.77,-
27-May-15,69.04,69.04,69.04,69.04,29.95,-
28-May-15,69.04,69.04,69.04,69.04,29.95,-
29-May-15,68.76,68.76,68.76,68.76,29.83,-
1-Jun-15,68.71,68.71,68.71,68.71,29.81,-
2-Jun-15,68.56,68.56,68.56,68.56,29.74,-
3-Jun-15,68.6,68.6,68.6,68.6,29.76,-
4-Jun-15,68.29,68.29,68.29,68.29,29.62,-
5-Jun-15,68.14,68.14,68.14,68.14,29.56,-
8-Jun-15,67.88,67.88,67.88,67.88,29.45,-
9-Jun-15,67.89,67.89,67.89,67.89,29.45,-
10-Jun-15,68.42,68.42,68.42,68.42,29.68,-
11-Jun-15,68.69,68.69,68.69,68.69,29.8,-
12-Jun-15,68.32,68.32,68.32,68.32,29.64,-
15-Jun-15,68.12,68.12,68.12,68.12,29.55,-
16-Jun-15,68.42,68.42,68.42,68.42,29.68,-
17-Jun-15,68.44,68.44,68.44,68.44,29.69,-
18-Jun-15,68.8,68.8,68.8,68.8,29.84,-
19-Jun-15,68.16,68.16,68.16,68.16,29.75,-
22-Jun-15,68.33,68.33,68.33,68.33,29.83,-
23-Jun-15,68.32,68.32,68.32,68.32,29.82,-
24-Jun-15,68,68.0,68.0,68.0,29.68,-
25-Jun-15,67.82,67.82,67.82,67.82,29.61,-
26-Jun-15,67.81,67.81,67.81,67.81,29.6,-
29-Jun-15,67.04,67.04,67.04,67.04,29.27,-
30-Jun-15,67.01,67.01,67.01,67.01,29.25,-
1-Jul-15,67.26,67.26,67.26,67.26,29.36,-
2-Jul-15,67.28,67.28,67.28,67.28,29.37,-
6-Jul-15,67.17,67.17,67.17,67.17,29.32,-
7-Jul-15,67.44,67.44,67.44,67.44,29.44,-
8-Jul-15,66.81,66.81,66.81,66.81,29.17,-
9-Jul-15,66.83,66.83,66.83,66.83,29.17,-
10-Jul-15,67.32,67.32,67.32,67.32,29.39,-
13-Jul-15,67.72,67.72,67.72,67.72,29.56,-
14-Jul-15,67.97,67.97,67.97,67.97,29.67,-
15-Jul-15,68.02,68.02,68.02,68.02,29.69,-
16-Jul-15,68.41,68.41,68.41,68.41,29.86,-
17-Jul-15,68.42,68.42,68.42,68.42,29.87,-
20-Jul-15,68.4,68.4,68.4,68.4,29.86,-
21-Jul-15,68.24,68.24,68.24,68.24,29.79,-
22-Jul-15,68.15,68.15,68.15,68.15,29.75,-
23-Jul-15,67.98,67.98,67.98,67.98,29.68,-
24-Jul-15,67.51,67.51,67.51,67.51,29.47,-
27-Jul-15,67.27,67.27,67.27,67.27,29.37,-
28-Jul-15,67.77,67.77,67.77,67.77,29.58,-
29-Jul-15,68.14,68.14,68.14,68.14,29.75,-
30-Jul-15,68.22,68.22,68.22,68.22,29.78,-
31-Jul-15,68.2,68.2,68.2,68.2,29.77,-
3-Aug-15,68.21,68.21,68.21,68.21,29.78,-
4-Aug-15,68,68.0,68.0,68.0,29.68,-
5-Aug-15,68.05,68.05,68.05,68.05,29.71,-
6-Aug-15,67.81,67.81,67.81,67.81,29.6,-
7-Aug-15,67.72,67.72,67.72,67.72,29.56,-
10-Aug-15,68.18,68.18,68.18,68.18,29.76,-
11-Aug-15,67.85,67.85,67.85,67.85,29.62,-
12-Aug-15,67.84,67.84,67.84,67.84,29.61,-
13-Aug-15,67.75,67.75,67.75,67.75,29.58,-
14-Aug-15,67.91,67.91,67.91,67.91,29.65,-
17-Aug-15,68.1,68.1,68.1,68.1,29.73,-
18-Aug-15,67.99,67.99,67.99,67.99,29.68,-
19-Aug-15,67.66,67.66,67.66,67.66,29.54,-
20-Aug-15,66.84,66.84,66.84,66.84,29.18,-
21-Aug-15,65.56,65.56,65.56,65.56,28.62,-
24-Aug-15,63.93,63.93,63.93,63.93,27.91,-
25-Aug-15,63.18,63.18,63.18,63.18,27.58,-
26-Aug-15,64.46,64.46,64.46,64.46,28.14,-
27-Aug-15,65.47,65.47,65.47,65.47,28.58,-
28-Aug-15,65.52,65.52,65.52,65.52,28.6,-
31-Aug-15,65.14,65.14,65.14,65.14,28.44,-
1-Sep-15,63.96,63.96,63.96,63.96,27.92,-
2-Sep-15,64.6,64.6,64.6,64.6,28.2,-
3-Sep-15,64.74,64.74,64.74,64.74,28.26,-
4-Sep-15,64.09,64.09,64.09,64.09,27.98,-
8-Sep-15,65.07,65.07,65.07,65.07,28.41,-
9-Sep-15,64.54,64.54,64.54,64.54,28.17,-
10-Sep-15,64.73,64.73,64.73,64.73,28.26,-
11-Sep-15,64.91,64.91,64.91,64.91,28.34,-
14-Sep-15,64.77,64.77,64.77,64.77,28.27,-
15-Sep-15,65.23,65.23,65.23,65.23,28.48,-
16-Sep-15,65.59,65.59,65.59,65.59,28.63,-
17-Sep-15,65.58,65.58,65.58,65.58,28.63,-
18-Sep-15,64.42,64.42,64.42,64.42,28.31,-
21-Sep-15,64.49,64.49,64.49,64.49,28.34,-
22-Sep-15,64.02,64.02,64.02,64.02,28.13,-
23-Sep-15,63.9,63.9,63.9,63.9,28.08,-
24-Sep-15,63.78,63.78,63.78,63.78,28.03,-
25-Sep-15,63.78,63.78,63.78,63.78,28.03,-
28-Sep-15,62.97,62.97,62.97,62.97,27.67,-
29-Sep-15,63.13,63.13,63.13,63.13,27.74,-
30-Sep-15,63.84,63.84,63.84,63.84,28.05,-
1-Oct-15,63.89,63.89,63.89,63.89,28.08,-
2-Oct-15,64.55,64.55,64.55,64.55,28.37,-
5-Oct-15,65.32,65.32,65.32,65.32,28.7,-
6-Oct-15,65.25,65.25,65.25,65.25,28.67,-
7-Oct-15,65.63,65.63,65.63,65.63,28.84,-
8-Oct-15,66.02,66.02,66.02,66.02,29.01,-
9-Oct-15,66.04,66.04,66.04,66.04,29.02,-
12-Oct-15,66.07,66.07,66.07,66.07,29.03,-
13-Oct-15,65.8,65.8,65.8,65.8,28.92,-
14-Oct-15,65.69,65.69,65.69,65.69,28.87,-
15-Oct-15,66.31,66.31,66.31,66.31,29.14,-
16-Oct-15,66.51,66.51,66.51,66.51,29.23,-
19-Oct-15,66.44,66.44,66.44,66.44,29.2,-
20-Oct-15,66.41,66.41,66.41,66.41,29.18,-
21-Oct-15,66.29,66.29,66.29,66.29,29.13,-
22-Oct-15,67.13,67.13,67.13,67.13,29.5,-
23-Oct-15,67.57,67.57,67.57,67.57,29.69,-
26-Oct-15,67.46,67.46,67.46,67.46,29.64,-
27-Oct-15,67.28,67.28,67.28,67.28,29.57,-
28-Oct-15,67.77,67.77,67.77,67.77,29.78,-
29-Oct-15,67.56,67.56,67.56,67.56,29.69,-
30-Oct-15,67.3,67.3,67.3,67.3,29.57,-
2-Nov-15,67.78,67.78,67.78,67.78,29.79,-
3-Nov-15,67.9,67.9,67.9,67.9,29.84,-
4-Nov-15,67.69,67.69,67.69,67.69,29.75,-
5-Nov-15,67.66,67.66,67.66,67.66,29.73,-
6-Nov-15,67.54,67.54,67.54,67.54,29.68,-
9-Nov-15,67.1,67.1,67.1,67.1,29.49,-
10-Nov-15,67.19,67.19,67.19,67.19,29.53,-
11-Nov-15,67.02,67.02,67.02,67.02,29.45,-
12-Nov-15,66.44,66.44,66.44,66.44,29.2,-
13-Nov-15,66.14,66.14,66.14,66.14,29.06,-
16-Nov-15,66.87,66.87,66.87,66.87,29.39,-
17-Nov-15,66.83,66.83,66.83,66.83,29.37,-
18-Nov-15,67.48,67.48,67.48,67.48,29.65,-
19-Nov-15,67.51,67.51,67.51,67.51,29.67,-
20-Nov-15,67.55,67.55,67.55,67.55,29.68,-
23-Nov-15,67.43,67.43,67.43,67.43,29.63,-
24-Nov-15,67.46,67.46,67.46,67.46,29.64,-
25-Nov-15,67.43,67.43,67.43,67.43,29.63,-
27-Nov-15,67.51,67.51,67.51,67.51,29.67,-
30-Nov-15,67.35,67.35,67.35,67.35,29.6,-
1-Dec-15,67.93,67.93,67.93,67.93,29.85,-
2-Dec-15,67.38,67.38,67.38,67.38,29.61,-
3-Dec-15,66.63,66.63,66.63,66.63,29.28,-
4-Dec-15,67.5,67.5,67.5,67.5,29.66,-
7-Dec-15,67.24,67.24,67.24,67.24,29.55,-
8-Dec-15,66.81,66.81,66.81,66.81,29.36,-
9-Dec-15,66.49,66.49,66.49,66.49,29.22,-
10-Dec-15,66.57,66.57,66.57,66.57,29.25,-
11-Dec-15,65.83,65.83,65.83,65.83,28.93,-
14-Dec-15,65.84,65.84,65.84,65.84,28.93,-
15-Dec-15,66.35,66.35,66.35,66.35,29.16,-
16-Dec-15,67.05,67.05,67.05,67.05,29.46,-
17-Dec-15,66.44,66.44,66.44,66.44,29.2,-
18-Dec-15,65.71,65.71,65.71,65.71,28.88,-
21-Dec-15,66,66.0,66.0,66.0,29.0,-
22-Dec-15,66.38,66.38,66.38,66.38,29.17,-
23-Dec-15,66.95,66.95,66.95,66.95,29.42,-
24-Dec-15,63.98,63.98,63.98,63.98,29.39,-
28-Dec-15,63.88,63.88,63.88,63.88,29.35,-
29-Dec-15,64.21,64.21,64.21,64.21,29.5,-
30-Dec-15,63.92,63.92,63.92,63.92,29.36,-
31-Dec-15,63.54,63.54,63.54,63.54,29.19,-
4-Jan-16,62.98,62.98,62.98,62.98,28.93,-
5-Jan-16,63.1,63.1,63.1,63.1,28.99,-
6-Jan-16,62.53,62.53,62.53,62.53,28.73,-
7-Jan-16,61.57,61.57,61.57,61.57,28.28,-
8-Jan-16,61.16,61.16,61.16,61.16,28.1,-
11-Jan-16,61.11,61.11,61.11,61.11,28.07,-
12-Jan-16,61.51,61.51,61.51,61.51,28.26,-
13-Jan-16,60.73,60.73,60.73,60.73,27.9,-
14-Jan-16,61.32,61.32,61.32,61.32,28.17,-
15-Jan-16,60.43,60.43,60.43,60.43,27.76,-
19-Jan-16,60.48,60.48,60.48,60.48,27.78,-
20-Jan-16,59.95,59.95,59.95,59.95,27.54,-
21-Jan-16,60.08,60.08,60.08,60.08,27.6,-
22-Jan-16,60.83,60.83,60.83,60.83,27.94,-
25-Jan-16,60.17,60.17,60.17,60.17,27.64,-
26-Jan-16,60.76,60.76,60.76,60.76,27.91,-
27-Jan-16,60.53,60.53,60.53,60.53,27.81,-
28-Jan-16,60.69,60.69,60.69,60.69,27.88,-
29-Jan-16,61.78,61.78,61.78,61.78,28.38,-
1-Feb-16,61.62,61.62,61.62,61.62,28.31,-
2-Feb-16,60.93,60.93,60.93,60.93,27.99,-
3-Feb-16,61.15,61.15,61.15,61.15,28.09,-
4-Feb-16,61.25,61.25,61.25,61.25,28.14,-
5-Feb-16,60.79,60.79,60.79,60.79,27.93,-
8-Feb-16,60.48,60.48,60.48,60.48,27.78,-
9-Feb-16,60.39,60.39,60.39,60.39,27.74,-
10-Feb-16,60.39,60.39,60.39,60.39,27.74,-
11-Feb-16,59.85,59.85,59.85,59.85,27.49,-
12-Feb-16,60.57,60.57,60.57,60.57,27.83,-
16-Feb-16,61.15,61.15,61.15,61.15,28.09,-
17-Feb-16,61.73,61.73,61.73,61.73,28.36,-
18-Feb-16,61.62,61.62,61.62,61.62,28.31,-
19-Feb-16,61.58,61.58,61.58,61.58,28.29,-
22-Feb-16,62.12,62.12,62.12,62.12,28.54,-
23-Feb-16,61.53,61.53,61.53,61.53,28.27,-
24-Feb-16,61.64,61.64,61.64,61.64,28.32,-
25-Feb-16,62.12,62.12,62.12,62.12,28.54,-
26-Feb-16,61.94,61.94,61.94,61.94,28.45,-
29-Feb-16,61.63,61.63,61.63,61.63,28.31,-
1-Mar-16,62.51,62.51,62.51,62.51,28.72,-
2-Mar-16,62.79,62.79,62.79,62.79,28.85,-
3-Mar-16,63.03,63.03,63.03,63.03,28.96,-
4-Mar-16,63.17,63.17,63.17,63.17,29.02,-
7-Mar-16,63.28,63.28,63.28,63.28,29.07,-
8-Mar-16,62.96,62.96,62.96,62.96,28.92,-
9-Mar-16,63.17,63.17,63.17,63.17,29.02,-
10-Mar-16,63.14,63.14,63.14,63.14,29.01,-
11-Mar-16,63.84,63.84,63.84,63.84,29.33,-
14-Mar-16,63.8,63.8,63.8,63.8,29.31,-
15-Mar-16,63.71,63.71,63.71,63.71,29.27,-
16-Mar-16,63.54,63.54,63.54,63.54,29.38,-
17-Mar-16,63.92,63.92,63.92,63.92,29.55,-
18-Mar-16,64.17,64.17,64.17,64.17,29.67,-
21-Mar-16,64.14,64.14,64.14,64.14,29.65,-
22-Mar-16,64.04,64.04,64.04,64.04,29.61,-
23-Mar-16,63.84,63.84,63.84,63.84,29.52,-
24-Mar-16,63.8,63.8,63.8,63.8,29.5,-
28-Mar-16,63.8,63.8,63.8,63.8,29.5,-
29-Mar-16,64.24,64.24,64.24,64.24,29.7,-
30-Mar-16,64.42,64.42,64.42,64.42,29.78,-
31-Mar-16,64.35,64.35,64.35,64.35,29.75,-
1-Apr-16,64.56,64.56,64.56,64.56,29.85,-
4-Apr-16,64.5,64.5,64.5,64.5,29.82,-
5-Apr-16,64.11,64.11,64.11,64.11,29.64,-
6-Apr-16,64.57,64.57,64.57,64.57,29.85,-
7-Apr-16,64.1,64.1,64.1,64.1,29.64,-
8-Apr-16,64.31,64.31,64.31,64.31,29.73,-
11-Apr-16,64.23,64.23,64.23,64.23,29.7,-
12-Apr-16,64.68,64.68,64.68,64.68,29.9,-
13-Apr-16,65.23,65.23,65.23,65.23,30.16,-
14-Apr-16,65.27,65.27,65.27,65.27,30.18,-
15-Apr-16,65.26,65.26,65.26,65.26,30.17,-
18-Apr-16,65.56,65.56,65.56,65.56,30.31,-
19-Apr-16,65.88,65.88,65.88,65.88,30.46,-
20-Apr-16,65.88,65.88,65.88,65.88,30.46,-
21-Apr-16,65.61,65.61,65.61,65.61,30.33,-
22-Apr-16,65.7,65.7,65.7,65.7,30.38,-
25-Apr-16,65.56,65.56,65.56,65.56,30.31,-
26-Apr-16,65.64,65.64,65.64,65.64,30.35,-
27-Apr-16,65.87,65.87,65.87,65.87,30.45,-
28-Apr-16,65.52,65.52,65.52,65.52,30.29,-
29-Apr-16,65.28,65.28,65.28,65.28,30.18,-
2-May-16,65.53,65.53,65.53,65.53,30.3,-
3-May-16,65.18,65.18,65.18,65.18,30.13,-
4-May-16,64.86,64.86,64.86,64.86,29.99,-
5-May-16,64.9,64.9,64.9,64.9,30.01,-
6-May-16,64.92,64.92,64.92,64.92,30.01,-
9-May-16,64.91,64.91,64.91,64.91,30.01,-
10-May-16,65.47,65.47,65.47,65.47,30.27,-
11-May-16,65.2,65.2,65.2,65.2,30.14,-
12-May-16,65.2,65.2,65.2,65.2,30.14,-
13-May-16,64.87,64.87,64.87,64.87,29.99,-
16-May-16,65.2,65.2,65.2,65.2,30.14,-
17-May-16,64.79,64.79,64.79,64.79,29.95,-
18-May-16,64.84,64.84,64.84,64.84,29.98,-
19-May-16,64.61,64.61,64.61,64.61,29.87,-
20-May-16,64.87,64.87,64.87,64.87,29.99,-
23-May-16,64.77,64.77,64.77,64.77,29.95,-
24-May-16,65.29,65.29,65.29,65.29,30.19,-
25-May-16,65.68,65.68,65.68,65.68,30.37,-
26-May-16,65.7,65.7,65.7,65.7,30.38,-
27-May-16,65.85,65.85,65.85,65.85,30.44,-
31-May-16,65.81,65.81,65.81,65.81,30.43,-
1-Jun-16,65.86,65.86,65.86,65.86,30.45,-
2-Jun-16,66.04,66.04,66.04,66.04,30.53,-
3-Jun-16,66.03,66.03,66.03,66.03,30.53,-
6-Jun-16,66.21,66.21,66.21,66.21,30.61,-
7-Jun-16,66.38,66.38,66.38,66.38,30.69,-
8-Jun-16,66.56,66.56,66.56,66.56,30.77,-
9-Jun-16,66.39,66.39,66.39,66.39,30.69,-
10-Jun-16,65.97,65.97,65.97,65.97,30.5,-
13-Jun-16,65.66,65.66,65.66,65.66,30.36,-
14-Jun-16,65.4,65.4,65.4,65.4,30.24,-
15-Jun-16,65.35,65.35,65.35,65.35,30.21,-
16-Jun-16,65.09,65.09,65.09,65.09,30.3,-
17-Jun-16,65,65.0,65.0,65.0,30.26,-
20-Jun-16,65.26,65.26,65.26,65.26,30.38,-
21-Jun-16,65.41,65.41,65.41,65.41,30.45,-
22-Jun-16,65.38,65.38,65.38,65.38,30.44,-
23-Jun-16,66,66.0,66.0,66.0,30.73,-
24-Jun-16,64.24,64.24,64.24,64.24,29.91,-
27-Jun-16,63.7,63.7,63.7,63.7,29.66,-
28-Jun-16,64.46,64.46,64.46,64.46,30.01,-
29-Jun-16,65.17,65.17,65.17,65.17,30.34,-
30-Jun-16,65.87,65.87,65.87,65.87,30.67,-
1-Jul-16,66.02,66.02,66.02,66.02,30.74,-
5-Jul-16,65.74,65.74,65.74,65.74,30.61,-
6-Jul-16,65.95,65.95,65.95,65.95,30.7,-
7-Jul-16,65.87,65.87,65.87,65.87,30.67,-
8-Jul-16,66.58,66.58,66.58,66.58,31.0,-
11-Jul-16,66.72,66.72,66.72,66.72,31.06,-
12-Jul-16,67.01,67.01,67.01,67.01,31.2,-
13-Jul-16,67.11,67.11,67.11,67.11,31.24,-
14-Jul-16,67.29,67.29,67.29,67.29,31.33,-
15-Jul-16,67.12,67.12,67.12,67.12,31.25,-
18-Jul-16,67.2,67.2,67.2,67.2,31.29,-
19-Jul-16,67.13,67.13,67.13,67.13,31.25,-
20-Jul-16,67.29,67.29,67.29,67.29,31.33,-
21-Jul-16,67.14,67.14,67.14,67.14,31.26,-
22-Jul-16,67.34,67.34,67.34,67.34,31.35,-
25-Jul-16,67.14,67.14,67.14,67.14,31.26,-
26-Jul-16,67.24,67.24,67.24,67.24,31.3,-
27-Jul-16,67.28,67.28,67.28,67.28,31.32,-
28-Jul-16,67.25,67.25,67.25,67.25,31.31,-
29-Jul-16,67.44,67.44,67.44,67.44,31.4,-
1-Aug-16,67.21,67.21,67.21,67.21,31.29,-
2-Aug-16,66.95,66.95,66.95,66.95,31.17,-
3-Aug-16,67.12,67.12,67.12,67.12,31.25,-
4-Aug-16,67.17,67.17,67.17,67.17,31.27,-
5-Aug-16,67.48,67.48,67.48,67.48,31.42,-
8-Aug-16,67.48,67.48,67.48,67.48,31.42,-
9-Aug-16,67.59,67.59,67.59,67.59,31.47,-
10-Aug-16,67.49,67.49,67.49,67.49,31.42,-
11-Aug-16,67.66,67.66,67.66,67.66,31.5,-
12-Aug-16,67.65,67.65,67.65,67.65,31.5,-
15-Aug-16,67.7,67.7,67.7,67.7,31.52,-
16-Aug-16,67.54,67.54,67.54,67.54,31.44,-
17-Aug-16,67.69,67.69,67.69,67.69,31.51,-
18-Aug-16,67.81,67.81,67.81,67.81,31.57,-
19-Aug-16,67.64,67.64,67.64,67.64,31.49,-
22-Aug-16,67.67,67.67,67.67,67.67,31.5,-
23-Aug-16,67.74,67.74,67.74,67.74,31.54,-
24-Aug-16,67.57,67.57,67.57,67.57,31.46,-
25-Aug-16,67.47,67.47,67.47,67.47,31.41,-
26-Aug-16,67.38,67.38,67.38,67.38,31.37,-
29-Aug-16,67.73,67.73,67.73,67.73,31.53,-
30-Aug-16,67.69,67.69,67.69,67.69,31.51,-
31-Aug-16,67.59,67.59,67.59,67.59,31.47,-
1-Sep-16,67.57,67.57,67.57,67.57,31.46,-
2-Sep-16,67.8,67.8,67.8,67.8,31.57,-
6-Sep-16,67.97,67.97,67.97,67.97,31.64,-
7-Sep-16,67.94,67.94,67.94,67.94,31.63,-
8-Sep-16,67.81,67.81,67.81,67.81,31.57,-
9-Sep-16,66.74,66.74,66.74,66.74,31.07,-
12-Sep-16,67.27,67.27,67.27,67.27,31.32,-
13-Sep-16,66.5,66.5,66.5,66.5,30.96,-
14-Sep-16,66.41,66.41,66.41,66.41,30.92,-
15-Sep-16,66.85,66.85,66.85,66.85,31.12,-
16-Sep-16,66.25,66.25,66.25,66.25,31.05,-
19-Sep-16,66.28,66.28,66.28,66.28,31.06,-
20-Sep-16,66.36,66.36,66.36,66.36,31.1,-
21-Sep-16,66.93,66.93,66.93,66.93,31.37,-
22-Sep-16,67.24,67.24,67.24,67.24,31.51,-
23-Sep-16,67.01,67.01,67.01,67.01,31.4,-
26-Sep-16,66.58,66.58,66.58,66.58,31.2,-
27-Sep-16,66.86,66.86,66.86,66.86,31.33,-
28-Sep-16,67.16,67.16,67.16,67.16,31.47,-
29-Sep-16,66.77,66.77,66.77,66.77,31.29,-
30-Sep-16,67.06,67.06,67.06,67.06,31.43,-
3-Oct-16,66.92,66.92,66.92,66.92,31.36,-
4-Oct-16,66.72,66.72,66.72,66.72,31.27,-
5-Oct-16,66.99,66.99,66.99,66.99,31.39,-
6-Oct-16,66.94,66.94,66.94,66.94,31.37,-
7-Oct-16,66.88,66.88,66.88,66.88,31.34,-
10-Oct-16,67.01,67.01,67.01,67.01,31.4,-
11-Oct-16,66.47,66.47,66.47,66.47,31.15,-
12-Oct-16,66.51,66.51,66.51,66.51,31.17,-
13-Oct-16,66.43,66.43,66.43,66.43,31.13,-
14-Oct-16,66.43,66.43,66.43,66.43,31.13,-
17-Oct-16,66.35,66.35,66.35,66.35,31.09,-
18-Oct-16,66.67,66.67,66.67,66.67,31.24,-
19-Oct-16,66.71,66.71,66.71,66.71,31.26,-
20-Oct-16,66.63,66.63,66.63,66.63,31.23,-
21-Oct-16,66.6,66.6,66.6,66.6,31.21,-
24-Oct-16,66.72,66.72,66.72,66.72,31.27,-
25-Oct-16,66.64,66.64,66.64,66.64,31.23,-
26-Oct-16,66.57,66.57,66.57,66.57,31.2,-
27-Oct-16,66.45,66.45,66.45,66.45,31.14,-
28-Oct-16,66.27,66.27,66.27,66.27,31.06,-
31-Oct-16,66.28,66.28,66.28,66.28,31.06,-
1-Nov-16,66.03,66.03,66.03,66.03,30.94,-
2-Nov-16,65.84,65.84,65.84,65.84,30.86,-
3-Nov-16,65.69,65.69,65.69,65.69,30.79,-
4-Nov-16,65.6,65.6,65.6,65.6,30.74,-
7-Nov-16,66.46,66.46,66.46,66.46,31.15,-
8-Nov-16,66.54,66.54,66.54,66.54,31.18,-
9-Nov-16,67.03,67.03,67.03,67.03,31.41,-
10-Nov-16,67.28,67.28,67.28,67.28,31.53,-
11-Nov-16,67.15,67.15,67.15,67.15,31.47,-
14-Nov-16,67.24,67.24,67.24,67.24,31.51,-
15-Nov-16,67.49,67.49,67.49,67.49,31.63,-
16-Nov-16,67.3,67.3,67.3,67.3,31.54,-
17-Nov-16,67.42,67.42,67.42,67.42,31.6,-
18-Nov-16,67.27,67.27,67.27,67.27,31.53,-
21-Nov-16,67.6,67.6,67.6,67.6,31.68,-
22-Nov-16,67.64,67.64,67.64,67.64,31.7,-
23-Nov-16,67.62,67.62,67.62,67.62,31.69,-
25-Nov-16,67.79,67.79,67.79,67.79,31.77,-
28-Nov-16,67.56,67.56,67.56,67.56,31.66,-
29-Nov-16,67.67,67.67,67.67,67.67,31.71,-
30-Nov-16,67.75,67.75,67.75,67.75,31.75,-
1-Dec-16,67.82,67.82,67.82,67.82,31.78,-
2-Dec-16,67.85,67.85,67.85,67.85,31.8,-
5-Dec-16,68.14,68.14,68.14,68.14,31.93,-
6-Dec-16,68.29,68.29,68.29,68.29,32.0,-
7-Dec-16,69,69.0,69.0,69.0,32.34,-
8-Dec-16,69.05,69.05,69.05,69.05,32.36,-
9-Dec-16,69.31,69.31,69.31,69.31,32.48,-
12-Dec-16,69.25,69.25,69.25,69.25,32.45,-
13-Dec-16,69.65,69.65,69.65,69.65,32.64,-
14-Dec-16,69.1,69.1,69.1,69.1,32.38,-
15-Dec-16,69.41,69.41,69.41,69.41,32.53,-
16-Dec-16,69.34,69.34,69.34,69.34,32.5,-
19-Dec-16,69.48,69.48,69.48,69.48,32.56,-
20-Dec-16,69.63,69.63,69.63,69.63,32.63,-
21-Dec-16,69.49,69.49,69.49,69.49,32.57,-
22-Dec-16,69.45,69.45,69.45,69.45,32.55,-
23-Dec-16,67.76,67.76,67.76,67.76,32.58,-
27-Dec-16,67.79,67.79,67.79,67.79,32.59,-
28-Dec-16,67.52,67.52,67.52,67.52,32.46,-
29-Dec-16,67.54,67.54,67.54,67.54,32.47,-
30-Dec-16,67.45,67.45,67.45,67.45,32.43,-
3-Jan-17,67.85,67.85,67.85,67.85,32.62,-
4-Jan-17,68.09,68.09,68.09,68.09,32.74,-
5-Jan-17,68.15,68.15,68.15,68.15,32.77,-
6-Jan-17,68.18,68.18,68.18,68.18,32.78,-
9-Jan-17,68.06,68.06,68.06,68.06,32.72,-
10-Jan-17,68.08,68.08,68.08,68.08,32.73,-
11-Jan-17,68.27,68.27,68.27,68.27,32.82,-
12-Jan-17,68.12,68.12,68.12,68.12,32.75,-
13-Jan-17,68.22,68.22,68.22,68.22,32.8,-
17-Jan-17,68.07,68.07,68.07,68.07,32.73,-
18-Jan-17,67.97,67.97,67.97,67.97,32.68,-
19-Jan-17,67.85,67.85,67.85,67.85,32.62,-
20-Jan-17,67.96,67.96,67.96,67.96,32.67,-
23-Jan-17,67.97,67.97,67.97,67.97,32.68,-
24-Jan-17,68.16,68.16,68.16,68.16,32.77,-
25-Jan-17,68.48,68.48,68.48,68.48,32.92,-
26-Jan-17,68.44,68.44,68.44,68.44,32.91,-
27-Jan-17,68.48,68.48,68.48,68.48,32.92,-
30-Jan-17,68.13,68.13,68.13,68.13,32.76,-
31-Jan-17,68.08,68.08,68.08,68.08,32.73,-
1-Feb-17,67.97,67.97,67.97,67.97,32.68,-
2-Feb-17,67.96,67.96,67.96,67.96,32.67,-
3-Feb-17,68.38,68.38,68.38,68.38,32.88,-
6-Feb-17,68.31,68.31,68.31,68.31,32.84,-
7-Feb-17,68.31,68.31,68.31,68.31,32.84,-
8-Feb-17,68.37,68.37,68.37,68.37,32.87,-
9-Feb-17,68.56,68.56,68.56,68.56,32.96,-
10-Feb-17,68.72,68.72,68.72,68.72,33.04,-
13-Feb-17,69.03,69.03,69.03,69.03,33.19,-
14-Feb-17,69.23,69.23,69.23,69.23,33.28,-
15-Feb-17,69.43,69.43,69.43,69.43,33.38,-
16-Feb-17,69.46,69.46,69.46,69.46,33.4,-
17-Feb-17,69.54,69.54,69.54,69.54,33.43,-
21-Feb-17,69.81,69.81,69.81,69.81,33.56,-
22-Feb-17,69.77,69.77,69.77,69.77,33.54,-
23-Feb-17,69.9,69.9,69.9,69.9,33.61,-
24-Feb-17,69.97,69.97,69.97,69.97,33.64,-
27-Feb-17,70,70.0,70.0,70.0,33.66,-
28-Feb-17,69.9,69.9,69.9,69.9,33.61,-
1-Mar-17,70.43,70.43,70.43,70.43,33.86,-
2-Mar-17,70.11,70.11,70.11,70.11,33.71,-
3-Mar-17,70.25,70.25,70.25,70.25,33.78,-
6-Mar-17,70.07,70.07,70.07,70.07,33.69,-
7-Mar-17,69.87,69.87,69.87,69.87,33.59,-
8-Mar-17,69.65,69.65,69.65,69.65,33.49,-
9-Mar-17,69.7,69.7,69.7,69.7,33.51,-
10-Mar-17,69.85,69.85,69.85,69.85,33.58,-
13-Mar-17,69.8,69.8,69.8,69.8,33.56,-
14-Mar-17,69.68,69.68,69.68,69.68,33.5,-
15-Mar-17,70.2,70.2,70.2,70.2,33.75,-
16-Mar-17,70.13,70.13,70.13,70.13,33.72,-
17-Mar-17,70.09,70.09,70.09,70.09,33.7,-
20-Mar-17,69.98,69.98,69.98,69.98,33.65,-
21-Mar-17,69.48,69.48,69.48,69.48,33.41,-
22-Mar-17,69.59,69.59,69.59,69.59,33.46,-
23-Mar-17,69.51,69.51,69.51,69.51,33.42,-
24-Mar-17,69.49,69.49,69.49,69.49,33.41,-
27-Mar-17,69.51,69.51,69.51,69.51,33.42,-
28-Mar-17,69.36,69.36,69.36,69.36,33.55,-
29-Mar-17,69.42,69.42,69.42,69.42,33.58,-
30-Mar-17,69.49,69.49,69.49,69.49,33.62,-
31-Mar-17,69.35,69.35,69.35,69.35,33.55,-
3-Apr-17,69.32,69.32,69.32,69.32,33.53,-
4-Apr-17,69.38,69.38,69.38,69.38,33.56,-
5-Apr-17,69.21,69.21,69.21,69.21,33.48,-
6-Apr-17,69.36,69.36,69.36,69.36,33.55,-
7-Apr-17,69.24,69.24,69.24,69.24,33.49,-
10-Apr-17,69.27,69.27,69.27,69.27,33.51,-
11-Apr-17,69.29,69.29,69.29,69.29,33.52,-
12-Apr-17,69.17,69.17,69.17,69.17,33.46,-
13-Apr-17,68.83,68.83,68.83,68.83,33.3,-
17-Apr-17,69.17,69.17,69.17,69.17,33.46,-
18-Apr-17,69.03,69.03,69.03,69.03,33.39,-
19-Apr-17,68.86,68.86,68.86,68.86,33.31,-
20-Apr-17,69.21,69.21,69.21,69.21,33.48,-
21-Apr-17,69.11,69.11,69.11,69.11,33.43,-
24-Apr-17,69.74,69.74,69.74,69.74,33.74,-
25-Apr-17,69.94,69.94,69.94,69.94,33.83,-
26-Apr-17,69.96,69.96,69.96,69.96,33.84,-
27-Apr-17,70.02,70.02,70.02,70.02,33.87,-
28-Apr-17,69.88,69.88,69.88,69.88,33.8,-
1-May-17,69.89,69.89,69.89,69.89,33.81,-
2-May-17,70,70.0,70.0,70.0,33.86,-
3-May-17,69.96,69.96,69.96,69.96,33.84,-
4-May-17,70.02,70.02,70.02,70.02,33.87,-
5-May-17,70.25,70.25,70.25,70.25,33.98,-
8-May-17,70.18,70.18,70.18,70.18,33.95,-
9-May-17,70.04,70.04,70.04,70.04,33.88,-
10-May-17,70.12,70.12,70.12,70.12,33.92,-
11-May-17,70.06,70.06,70.06,70.06,33.89,-
12-May-17,70.13,70.13,70.13,70.13,33.92,-
15-May-17,70.37,70.37,70.37,70.37,34.04,-
16-May-17,70.47,70.47,70.47,70.47,34.09,-
17-May-17,69.76,69.76,69.76,69.76,33.75,-
18-May-17,69.84,69.84,69.84,69.84,33.78,-
19-May-17,70.2,70.2,70.2,70.2,33.96,-
22-May-17,70.4,70.4,70.4,70.4,34.06,-
23-May-17,70.49,70.49,70.49,70.49,34.1,-
24-May-17,70.61,70.61,70.61,70.61,34.16,-
25-May-17,70.78,70.78,70.78,70.78,34.24,-
26-May-17,70.75,70.75,70.75,70.75,34.22,-
30-May-17,70.73,70.73,70.73,70.73,34.22,-
31-May-17,70.71,70.71,70.71,70.71,34.21,-
1-Jun-17,71.08,71.08,71.08,71.08,34.38,-
2-Jun-17,71.32,71.32,71.32,71.32,34.5,-
5-Jun-17,71.15,71.15,71.15,71.15,34.42,-
6-Jun-17,71.07,71.07,71.07,71.07,34.38,-
7-Jun-17,71.08,71.08,71.08,71.08,34.38,-
8-Jun-17,71.08,71.08,71.08,71.08,34.38,-
9-Jun-17,71.23,71.23,71.23,71.23,34.46,-
12-Jun-17,71.24,71.24,71.24,71.24,34.46,-
13-Jun-17,71.41,71.41,71.41,71.41,34.54,-
14-Jun-17,71.45,71.45,71.45,71.45,34.56,-
15-Jun-17,71.31,71.31,71.31,71.31,34.5,-
16-Jun-17,71.39,71.39,71.39,71.39,34.53,-
19-Jun-17,71.71,71.71,71.71,71.71,34.69,-
20-Jun-17,71.41,71.41,71.41,71.41,34.54,-
21-Jun-17,71.27,71.27,71.27,71.27,34.48,-
22-Jun-17,70.77,70.77,70.77,70.77,34.47,-
23-Jun-17,70.83,70.83,70.83,70.83,34.5,-
26-Jun-17,70.91,70.91,70.91,70.91,34.54,-
27-Jun-17,70.65,70.65,70.65,70.65,34.41,-
28-Jun-17,71.02,71.02,71.02,71.02,34.59,-
29-Jun-17,70.7,70.7,70.7,70.7,34.44,-
30-Jun-17,70.71,70.71,70.71,70.71,34.44,-
3-Jul-17,70.89,70.89,70.89,70.89,34.53,-
5-Jul-17,70.93,70.93,70.93,70.93,34.55,-
6-Jul-17,70.52,70.52,70.52,70.52,34.35,-
7-Jul-17,70.72,70.72,70.72,70.72,34.44,-
10-Jul-17,70.76,70.76,70.76,70.76,34.46,-
11-Jul-17,70.72,70.72,70.72,70.72,34.44,-
12-Jul-17,71.05,71.05,71.05,71.05,34.61,-
13-Jul-17,71.11,71.11,71.11,71.11,34.63,-
14-Jul-17,71.35,71.35,71.35,71.35,34.75,-
17-Jul-17,71.26,71.26,71.26,71.26,34.71,-
18-Jul-17,71.26,71.26,71.26,71.26,34.71,-
19-Jul-17,71.44,71.44,71.44,71.44,34.8,-
20-Jul-17,71.49,71.49,71.49,71.49,34.82,-
21-Jul-17,71.43,71.43,71.43,71.43,34.79,-
24-Jul-17,71.35,71.35,71.35,71.35,34.75,-
25-Jul-17,71.5,71.5,71.5,71.5,34.82,-
26-Jul-17,71.48,71.48,71.48,71.48,34.81,-
27-Jul-17,71.27,71.27,71.27,71.27,34.71,-
28-Jul-17,71.46,71.46,71.46,71.46,34.81,-
31-Jul-17,71.57,71.57,71.57,71.57,34.86,-
1-Aug-17,71.76,71.76,71.76,71.76,34.95,-
2-Aug-17,71.77,71.77,71.77,71.77,34.96,-
3-Aug-17,71.67,71.67,71.67,71.67,34.91,-
4-Aug-17,71.79,71.79,71.79,71.79,34.97,-
7-Aug-17,71.77,71.77,71.77,71.77,34.96,-
8-Aug-17,71.66,71.66,71.66,71.66,34.9,-
9-Aug-17,71.68,71.68,71.68,71.68,34.91,-
10-Aug-17,71.15,71.15,71.15,71.15,34.65,-
11-Aug-17,71.15,71.15,71.15,71.15,34.65,-
14-Aug-17,71.54,71.54,71.54,71.54,34.84,-
15-Aug-17,71.5,71.5,71.5,71.5,34.82,-
16-Aug-17,71.57,71.57,71.57,71.57,34.86,-
17-Aug-17,70.93,70.93,70.93,70.93,34.55,-
18-Aug-17,70.86,70.86,70.86,70.86,34.51,-
21-Aug-17,70.88,70.88,70.88,70.88,34.52,-
22-Aug-17,71.25,71.25,71.25,71.25,34.7,-
23-Aug-17,71.17,71.17,71.17,71.17,34.66,-
24-Aug-17,71.11,71.11,71.11,71.11,34.63,-
25-Aug-17,71.26,71.26,71.26,71.26,34.71,-
28-Aug-17,71.26,71.26,71.26,71.26,34.71,-
29-Aug-17,71.26,71.26,71.26,71.26,34.71,-
30-Aug-17,71.39,71.39,71.39,71.39,34.77,-
31-Aug-17,71.67,71.67,71.67,71.67,34.91,-
1-Sep-17,71.71,71.71,71.71,71.71,34.93,-
5-Sep-17,71.47,71.47,71.47,71.47,34.81,-
6-Sep-17,71.62,71.62,71.62,71.62,34.88,-
7-Sep-17,71.68,71.68,71.68,71.68,34.91,-
8-Sep-17,71.66,71.66,71.66,71.66,34.9,-
11-Sep-17,72.07,72.07,72.07,72.07,35.1,-
12-Sep-17,72.28,72.28,72.28,72.28,35.2,-
13-Sep-17,72.27,72.27,72.27,72.27,35.2,-
14-Sep-17,72.29,72.29,72.29,72.29,35.21,-
15-Sep-17,72.42,72.42,72.42,72.42,35.27,-
18-Sep-17,72.51,72.51,72.51,72.51,35.32,-
19-Sep-17,72.63,72.63,72.63,72.63,35.38,-
20-Sep-17,72.7,72.7,72.7,72.7,35.41,-
21-Sep-17,72.22,72.22,72.22,72.22,35.39,-
22-Sep-17,72.36,72.36,72.36,72.36,35.46,-
25-Sep-17,72.37,72.37,72.37,72.37,35.46,-
26-Sep-17,72.33,72.33,72.33,72.33,35.44,-
27-Sep-17,72.45,72.45,72.45,72.45,35.5,-
28-Sep-17,72.5,72.5,72.5,72.5,35.53,-
29-Sep-17,72.68,72.68,72.68,72.68,35.62,-
2-Oct-17,72.88,72.88,72.88,72.88,35.71,-
3-Oct-17,72.98,72.98,72.98,72.98,35.76,-
4-Oct-17,73.02,73.02,73.02,73.02,35.78,-
5-Oct-17,73.21,73.21,73.21,73.21,35.88,-
6-Oct-17,73.09,73.09,73.09,73.09,35.82,-
9-Oct-17,73,73.0,73.0,73.0,35.77,-
10-Oct-17,73.19,73.19,73.19,73.19,35.87,-
11-Oct-17,73.25,73.25,73.25,73.25,35.9,-
12-Oct-17,73.16,73.16,73.16,73.16,35.85,-
13-Oct-17,73.23,73.23,73.23,73.23,35.89,-
16-Oct-17,73.34,73.34,73.34,73.34,35.94,-
17-Oct-17,73.35,73.35,73.35,73.35,35.94,-
18-Oct-17,73.41,73.41,73.41,73.41,35.97,-
19-Oct-17,73.54,73.54,73.54,73.54,36.04,-
20-Oct-17,73.68,73.68,73.68,73.68,36.11,-
23-Oct-17,73.61,73.61,73.61,73.61,36.07,-
24-Oct-17,73.67,73.67,73.67,73.67,36.1,-
25-Oct-17,73.49,73.49,73.49,73.49,36.01,-
26-Oct-17,73.47,73.47,73.47,73.47,36.0,-
27-Oct-17,73.73,73.73,73.73,73.73,36.13,-
30-Oct-17,73.68,73.68,73.68,73.68,36.11,-
31-Oct-17,73.69,73.69,73.69,73.69,36.11,-
1-Nov-17,73.85,73.85,73.85,73.85,36.19,-
2-Nov-17,73.94,73.94,73.94,73.94,36.23,-
3-Nov-17,74.02,74.02,74.02,74.02,36.27,-
6-Nov-17,74.04,74.04,74.04,74.04,36.28,-
7-Nov-17,74,74.0,74.0,74.0,36.26,-
8-Nov-17,74.01,74.01,74.01,74.01,36.27,-
9-Nov-17,73.81,73.81,73.81,73.81,36.17,-
10-Nov-17,73.57,73.57,73.57,73.57,36.05,-
13-Nov-17,73.59,73.59,73.59,73.59,36.06,-
14-Nov-17,73.51,73.51,73.51,73.51,36.02,-
15-Nov-17,73.41,73.41,73.41,73.41,35.97,-
16-Nov-17,73.58,73.58,73.58,73.58,36.06,-
17-Nov-17,73.51,73.51,73.51,73.51,36.02,-
20-Nov-17,73.55,73.55,73.55,73.55,36.04,-
21-Nov-17,73.89,73.89,73.89,73.89,36.21,-
22-Nov-17,73.94,73.94,73.94,73.94,36.23,-
24-Nov-17,74.02,74.02,74.02,74.02,36.27,-
27-Nov-17,74,74.0,74.0,74.0,36.26,-
28-Nov-17,74.6,74.6,74.6,74.6,36.56,-
29-Nov-17,74.76,74.76,74.76,74.76,36.64,-
30-Nov-17,75.04,75.04,75.04,75.04,36.77,-
1-Dec-17,75.12,75.12,75.12,75.12,36.81,-
4-Dec-17,75.23,75.23,75.23,75.23,36.87,-
5-Dec-17,74.97,74.97,74.97,74.97,36.74,-
6-Dec-17,74.91,74.91,74.91,74.91,36.71,-
7-Dec-17,74.93,74.93,74.93,74.93,36.72,-
8-Dec-17,75.25,75.25,75.25,75.25,36.88,-
11-Dec-17,75.41,75.41,75.41,75.41,36.95,-
12-Dec-17,75.61,75.61,75.61,75.61,37.05,-
13-Dec-17,75.53,75.53,75.53,75.53,37.01,-
14-Dec-17,75.31,75.31,75.31,75.31,36.9,-
15-Dec-17,75.77,75.77,75.77,75.77,37.13,-
18-Dec-17,75.98,75.98,75.98,75.98,37.23,-
19-Dec-17,75.76,75.76,75.76,75.76,37.13,-
20-Dec-17,75.67,75.67,75.67,75.67,37.08,-
21-Dec-17,75.94,75.94,75.94,75.94,37.21,-
22-Dec-17,72.5,72.5,72.5,72.5,37.19,-
26-Dec-17,72.47,72.47,72.47,72.47,37.18,-
27-Dec-17,72.62,72.62,72.62,72.62,37.26,-
28-Dec-17,72.73,72.73,72.73,72.73,37.31,-
29-Dec-17,72.58,72.58,72.58,72.58,37.23,-
2-Jan-18,72.85,72.85,72.85,72.85,37.37,-
3-Jan-18,73.02,73.02,73.02,73.02,37.46,-
4-Jan-18,73.27,73.27,73.27,73.27,37.59,-
5-Jan-18,73.53,73.53,73.53,73.53,37.72,-
8-Jan-18,73.55,73.55,73.55,73.55,37.73,-
9-Jan-18,73.53,73.53,73.53,73.53,37.72,-
10-Jan-18,73.55,73.55,73.55,73.55,37.73,-
11-Jan-18,74,74.0,74.0,74.0,37.96,-
12-Jan-18,74.4,74.4,74.4,74.4,38.17,-
16-Jan-18,74.27,74.27,74.27,74.27,38.1,-
17-Jan-18,74.61,74.61,74.61,74.61,38.28,-
18-Jan-18,74.48,74.48,74.48,74.48,38.21,-
19-Jan-18,74.61,74.61,74.61,74.61,38.28,-
22-Jan-18,74.99,74.99,74.99,74.99,38.47,-
23-Jan-18,75.06,75.06,75.06,75.06,38.51,-
24-Jan-18,75.15,75.15,75.15,75.15,38.55,-
25-Jan-18,75.17,75.17,75.17,75.17,38.56,-
26-Jan-18,75.73,75.73,75.73,75.73,38.85,-
29-Jan-18,75.37,75.37,75.37,75.37,38.67,-
30-Jan-18,74.72,74.72,74.72,74.72,38.33,-
31-Jan-18,74.67,74.67,74.67,74.67,38.31,-
1-Feb-18,74.63,74.63,74.63,74.63,38.29,-
2-Feb-18,73.49,73.49,73.49,73.49,37.7,-
5-Feb-18,71.59,71.59,71.59,71.59,36.73,-
6-Feb-18,72.12,72.12,72.12,72.12,37.0,-
7-Feb-18,71.84,71.84,71.84,71.84,36.85,-
8-Feb-18,70.28,70.28,70.28,70.28,36.05,-
9-Feb-18,70.85,70.85,70.85,70.85,36.35,-
12-Feb-18,71.36,71.36,71.36,71.36,36.61,-
13-Feb-18,71.43,71.43,71.43,71.43,36.64,-
14-Feb-18,72.03,72.03,72.03,72.03,36.95,-
15-Feb-18,72.58,72.58,72.58,72.58,37.23,-
16-Feb-18,72.62,72.62,72.62,72.62,37.26,-
20-Feb-18,72.31,72.31,72.31,72.31,37.1,-
21-Feb-18,71.94,71.94,71.94,71.94,36.91,-
22-Feb-18,71.93,71.93,71.93,71.93,36.9,-
23-Feb-18,72.73,72.73,72.73,72.73,37.31,-
26-Feb-18,73.31,73.31,73.31,73.31,37.61,-
27-Feb-18,72.6,72.6,72.6,72.6,37.24,-
28-Feb-18,72.01,72.01,72.01,72.01,36.94,-
1-Mar-18,71.49,71.49,71.49,71.49,36.68,-
2-Mar-18,71.58,71.58,71.58,71.58,36.72,-
5-Mar-18,72.04,72.04,72.04,72.04,36.96,-
6-Mar-18,72.15,72.15,72.15,72.15,37.01,-
7-Mar-18,72.1,72.1,72.1,72.1,36.99,-
8-Mar-18,72.31,72.31,72.31,72.31,37.1,-
9-Mar-18,72.99,72.99,72.99,72.99,37.44,-
12-Mar-18,72.92,72.92,72.92,72.92,37.41,-
13-Mar-18,72.62,72.62,72.62,72.62,37.26,-
14-Mar-18,72.43,72.43,72.43,72.43,37.16,-
15-Mar-18,71.96,71.96,71.96,71.96,37.13,-
16-Mar-18,72.06,72.06,72.06,72.06,37.18,-
19-Mar-18,71.49,71.49,71.49,71.49,36.89,-
20-Mar-18,71.48,71.48,71.48,71.48,36.88,-
21-Mar-18,71.49,71.49,71.49,71.49,36.89,-
22-Mar-18,70.4,70.4,70.4,70.4,36.33,-
23-Mar-18,69.51,69.51,69.51,69.51,35.87,-
26-Mar-18,70.7,70.7,70.7,70.7,36.48,-
27-Mar-18,70.18,70.18,70.18,70.18,36.21,-
28-Mar-18,70.24,70.24,70.24,70.24,36.24,-
29-Mar-18,70.8,70.8,70.8,70.8,36.53,-
2-Apr-18,69.89,69.89,69.89,69.89,36.06,-
3-Apr-18,70.38,70.38,70.38,70.38,36.32,-
4-Apr-18,70.79,70.79,70.79,70.79,36.53,-
5-Apr-18,71.1,71.1,71.1,71.1,36.69,-
6-Apr-18,70.32,70.32,70.32,70.32,36.29,-
9-Apr-18,70.54,70.54,70.54,70.54,36.4,-
10-Apr-18,71.25,71.25,71.25,71.25,36.77,-
11-Apr-18,71,71.0,71.0,71.0,36.64,-
12-Apr-18,71.3,71.3,71.3,71.3,36.79,-
13-Apr-18,71.13,71.13,71.13,71.13,36.7,-
16-Apr-18,71.42,71.42,71.42,71.42,36.85,-
17-Apr-18,71.73,71.73,71.73,71.73,37.01,-
18-Apr-18,71.7,71.7,71.7,71.7,37.0,-
19-Apr-18,71.52,71.52,71.52,71.52,36.9,-
20-Apr-18,71.12,71.12,71.12,71.12,36.7,-
23-Apr-18,71.2,71.2,71.2,71.2,36.74,-
24-Apr-18,70.87,70.87,70.87,70.87,36.57,-
25-Apr-18,70.91,70.91,70.91,70.91,36.59,-
26-Apr-18,71.25,71.25,71.25,71.25,36.77,-
27-Apr-18,71.42,71.42,71.42,71.42,36.85,-
30-Apr-18,71.01,71.01,71.01,71.01,36.64,-
1-May-18,70.99,70.99,70.99,70.99,36.63,-
2-May-18,70.51,70.51,70.51,70.51,36.38,-
3-May-18,70.34,70.34,70.34,70.34,36.3,-
4-May-18,70.89,70.89,70.89,70.89,36.58,-
7-May-18,71.03,71.03,71.03,71.03,36.65,-
8-May-18,70.89,70.89,70.89,70.89,36.58,-
9-May-18,71.29,71.29,71.29,71.29,36.79,-
10-May-18,71.8,71.8,71.8,71.8,37.05,-
11-May-18,72.01,72.01,72.01,72.01,37.16,-
14-May-18,72.1,72.1,72.1,72.1,37.2,-
15-May-18,71.74,71.74,71.74,71.74,37.02,-
16-May-18,71.83,71.83,71.83,71.83,37.06,-
17-May-18,71.85,71.85,71.85,71.85,37.08,-
18-May-18,71.72,71.72,71.72,71.72,37.01,-
21-May-18,72.06,72.06,72.06,72.06,37.18,-
22-May-18,71.99,71.99,71.99,71.99,37.15,-
23-May-18,71.96,71.96,71.96,71.96,37.13,-
24-May-18,71.89,71.89,71.89,71.89,37.1,-
25-May-18,71.73,71.73,71.73,71.73,37.01,-
29-May-18,71.14,71.14,71.14,71.14,36.71,-
30-May-18,71.76,71.76,71.76,71.76,37.03,-
31-May-18,71.44,71.44,71.44,71.44,36.86,-
1-Jun-18,71.9,71.9,71.9,71.9,37.1,-
4-Jun-18,71.93,71.93,71.93,71.93,37.12,-
5-Jun-18,71.91,71.91,71.91,71.91,37.11,-
6-Jun-18,72.29,72.29,72.29,72.29,37.3,-
7-Jun-18,72.38,72.38,72.38,72.38,37.35,-
8-Jun-18,72.45,72.45,72.45,72.45,37.38,-
11-Jun-18,72.52,72.52,72.52,72.52,37.42,-
12-Jun-18,72.46,72.46,72.46,72.46,37.39,-
13-Jun-18,72.26,72.26,72.26,72.26,37.29,-
14-Jun-18,72.33,72.33,72.33,72.33,37.32,-
15-Jun-18,71.71,71.71,71.71,71.71,37.28,-
18-Jun-18,71.51,71.51,71.51,71.51,37.18,-
19-Jun-18,71.38,71.38,71.38,71.38,37.11,-
20-Jun-18,71.35,71.35,71.35,71.35,37.09,-
21-Jun-18,71.03,71.03,71.03,71.03,36.93,-
22-Jun-18,71.33,71.33,71.33,71.33,37.08,-
25-Jun-18,70.74,70.74,70.74,70.74,36.78,-
26-Jun-18,70.76,70.76,70.76,70.76,36.79,-
27-Jun-18,70.55,70.55,70.55,70.55,36.68,-
28-Jun-18,70.76,70.76,70.76,70.76,36.79,-
29-Jun-18,70.81,70.81,70.81,70.81,36.81,-
2-Jul-18,70.83,70.83,70.83,70.83,36.82,-
3-Jul-18,70.77,70.77,70.77,70.77,36.79,-
5-Jul-18,71.19,71.19,71.19,71.19,37.01,-
6-Jul-18,71.5,71.5,71.5,71.5,37.17,-
9-Jul-18,71.95,71.95,71.95,71.95,37.41,-
10-Jul-18,72.11,72.11,72.11,72.11,37.49,-
11-Jul-18,71.69,71.69,71.69,71.69,37.27,-
12-Jul-18,72.15,72.15,72.15,72.15,37.51,-
13-Jul-18,72.27,72.27,72.27,72.27,37.57,-
16-Jul-18,72.3,72.3,72.3,72.3,37.59,-
17-Jul-18,72.36,72.36,72.36,72.36,37.62,-
18-Jul-18,72.48,72.48,72.48,72.48,37.68,-
19-Jul-18,72.32,72.32,72.32,72.32,37.6,-
20-Jul-18,72.33,72.33,72.33,72.33,37.6,-
23-Jul-18,72.37,72.37,72.37,72.37,37.62,-
24-Jul-18,72.67,72.67,72.67,72.67,37.78,-
25-Jul-18,73.02,73.02,73.02,73.02,37.96,-
26-Jul-18,73.09,73.09,73.09,73.09,38.0,-
27-Jul-18,72.97,72.97,72.97,72.97,37.94,-
30-Jul-18,73.03,73.03,73.03,73.03,37.97,-
31-Jul-18,73.21,73.21,73.21,73.21,38.06,-
1-Aug-18,73.05,73.05,73.05,73.05,37.98,-
2-Aug-18,73.06,73.06,73.06,73.06,37.98,-
3-Aug-18,73.34,73.34,73.34,73.34,38.13,-
6-Aug-18,73.37,73.37,73.37,73.37,38.14,-
7-Aug-18,73.5,73.5,73.5,73.5,38.21,-
8-Aug-18,73.55,73.55,73.55,73.55,38.24,-
9-Aug-18,73.52,73.52,73.52,73.52,38.22,-
10-Aug-18,73.08,73.08,73.08,73.08,37.99,-
13-Aug-18,72.82,72.82,72.82,72.82,37.86,-
14-Aug-18,73.1,73.1,73.1,73.1,38.0,-
15-Aug-18,72.73,72.73,72.73,72.73,37.81,-
16-Aug-18,73.18,73.18,73.18,73.18,38.05,-
17-Aug-18,73.42,73.42,73.42,73.42,38.17,-
20-Aug-18,73.59,73.59,73.59,73.59,38.26,-
21-Aug-18,73.75,73.75,73.75,73.75,38.34,-
22-Aug-18,73.75,73.75,73.75,73.75,38.34,-
23-Aug-18,73.61,73.61,73.61,73.61,38.27,-
24-Aug-18,73.91,73.91,73.91,73.91,38.43,-
27-Aug-18,74.27,74.27,74.27,74.27,38.61,-
28-Aug-18,74.19,74.19,74.19,74.19,38.57,-
29-Aug-18,74.41,74.41,74.41,74.41,38.69,-
30-Aug-18,74.17,74.17,74.17,74.17,38.56,-
31-Aug-18,74.03,74.03,74.03,74.03,38.49,-
4-Sep-18,73.85,73.85,73.85,73.85,38.39,-
5-Sep-18,73.79,73.79,73.79,73.79,38.36,-
6-Sep-18,73.73,73.73,73.73,73.73,38.33,-
7-Sep-18,73.52,73.52,73.52,73.52,38.22,-
10-Sep-18,73.61,73.61,73.61,73.61,38.27,-
11-Sep-18,73.68,73.68,73.68,73.68,38.31,-
12-Sep-18,73.69,73.69,73.69,73.69,38.31,-
13-Sep-18,73.95,73.95,73.95,73.95,38.45,-
14-Sep-18,74.02,74.02,74.02,74.02,38.48,-
17-Sep-18,73.97,73.97,73.97,73.97,38.46,-
18-Sep-18,74.15,74.15,74.15,74.15,38.55,-
19-Sep-18,74.25,74.25,74.25,74.25,38.6,-
20-Sep-18,74.74,74.74,74.74,74.74,38.86,-
21-Sep-18,74.36,74.36,74.36,74.36,38.91,-
24-Sep-18,74.02,74.02,74.02,74.02,38.74,-
25-Sep-18,73.9,73.9,73.9,73.9,38.67,-
26-Sep-18,73.77,73.77,73.77,73.77,38.61,-
27-Sep-18,73.83,73.83,73.83,73.83,38.64,-
28-Sep-18,73.74,73.74,73.74,73.74,38.59,-
1-Oct-18,73.92,73.92,73.92,73.92,38.68,-
2-Oct-18,74.01,74.01,74.01,74.01,38.73,-
3-Oct-18,73.9,73.9,73.9,73.9,38.67,-
4-Oct-18,73.77,73.77,73.77,73.77,38.61,-
5-Oct-18,73.5,73.5,73.5,73.5,38.46,-
8-Oct-18,73.55,73.55,73.55,73.55,38.49,-
9-Oct-18,73.51,73.51,73.51,73.51,38.47,-
10-Oct-18,72.22,72.22,72.22,72.22,37.79,-
11-Oct-18,71.15,71.15,71.15,71.15,37.23,-
12-Oct-18,71.47,71.47,71.47,71.47,37.4,-
15-Oct-18,71.3,71.3,71.3,71.3,37.31,-
16-Oct-18,72.04,72.04,72.04,72.04,37.7,-
17-Oct-18,71.94,71.94,71.94,71.94,37.65,-
18-Oct-18,71.39,71.39,71.39,71.39,37.36,-
19-Oct-18,71.44,71.44,71.44,71.44,37.39,-
22-Oct-18,71.06,71.06,71.06,71.06,37.19,-
23-Oct-18,70.84,70.84,70.84,70.84,37.07,-
24-Oct-18,69.7,69.7,69.7,69.7,36.48,-
25-Oct-18,70.38,70.38,70.38,70.38,36.83,-
26-Oct-18,69.99,69.99,69.99,69.99,36.63,-
29-Oct-18,69.88,69.88,69.88,69.88,36.57,-
30-Oct-18,70.53,70.53,70.53,70.53,36.91,-
31-Oct-18,70.87,70.87,70.87,70.87,37.09,-
1-Nov-18,71.16,71.16,71.16,71.16,37.24,-
2-Nov-18,70.92,70.92,70.92,70.92,37.11,-
5-Nov-18,71.38,71.38,71.38,71.38,37.35,-
6-Nov-18,71.56,71.56,71.56,71.56,37.45,-
7-Nov-18,72.42,72.42,72.42,72.42,37.9,-
8-Nov-18,72.34,72.34,72.34,72.34,37.86,-
9-Nov-18,72.14,72.14,72.14,72.14,37.75,-
12-Nov-18,71.54,71.54,71.54,71.54,37.44,-
13-Nov-18,71.47,71.47,71.47,71.47,37.4,-
14-Nov-18,71.19,71.19,71.19,71.19,37.26,-
15-Nov-18,71.62,71.62,71.62,71.62,37.48,-
16-Nov-18,71.87,71.87,71.87,71.87,37.61,-
19-Nov-18,71.6,71.6,71.6,71.6,37.47,-
20-Nov-18,70.7,70.7,70.7,70.7,37.0,-
21-Nov-18,70.86,70.86,70.86,70.86,37.08,-
23-Nov-18,70.54,70.54,70.54,70.54,36.91,-
26-Nov-18,71.14,71.14,71.14,71.14,37.23,-
27-Nov-18,71.27,71.27,71.27,71.27,37.3,-
28-Nov-18,71.98,71.98,71.98,71.98,37.67,-
29-Nov-18,71.9,71.9,71.9,71.9,37.63,-
30-Nov-18,72.29,72.29,72.29,72.29,37.83,-
3-Dec-18,72.66,72.66,72.66,72.66,38.02,-
4-Dec-18,71.45,71.45,71.45,71.45,37.39,-
6-Dec-18,71.14,71.14,71.14,71.14,37.23,-
7-Dec-18,70.43,70.43,70.43,70.43,36.86,-
10-Dec-18,70.38,70.38,70.38,70.38,36.83,-
11-Dec-18,70.29,70.29,70.29,70.29,36.78,-
12-Dec-18,70.47,70.47,70.47,70.47,36.88,-
13-Dec-18,70.5,70.5,70.5,70.5,36.89,-
14-Dec-18,69.91,69.91,69.91,69.91,36.59,-
17-Dec-18,69.16,69.16,69.16,69.16,36.19,-
18-Dec-18,64.39,64.39,64.39,64.39,36.15,-
19-Dec-18,64,64.0,64.0,64.0,35.93,-
20-Dec-18,63.41,63.41,63.41,63.41,35.6,-
21-Dec-18,62.72,62.72,62.72,62.72,35.21,-
24-Dec-18,61.77,61.77,61.77,61.77,34.68,-
26-Dec-18,63.29,63.29,63.29,63.29,35.53,-
27-Dec-18,63.64,63.64,63.64,63.64,35.73,-
28-Dec-18,63.73,63.73,63.73,63.73,35.78,-
31-Dec-18,64.1,64.1,64.1,64.1,35.99,-
2-Jan-19,64.14,64.14,64.14,64.14,36.01,-
3-Jan-19,63.41,63.41,63.41,63.41,35.6,-
4-Jan-19,64.57,64.57,64.57,64.57,36.25,-
7-Jan-19,64.63,64.63,64.63,64.63,36.28,-
8-Jan-19,64.93,64.93,64.93,64.93,36.45,-
9-Jan-19,65.08,65.08,65.08,65.08,36.54,-
10-Jan-19,65.24,65.24,65.24,65.24,36.63,-
11-Jan-19,65.21,65.21,65.21,65.21,36.61,-
14-Jan-19,65.04,65.04,65.04,65.04,36.51,-
15-Jan-19,65.4,65.4,65.4,65.4,36.72,-
16-Jan-19,65.55,65.55,65.55,65.55,36.8,-
17-Jan-19,65.85,65.85,65.85,65.85,36.97,-
18-Jan-19,66.37,66.37,66.37,66.37,37.26,-
22-Jan-19,65.92,65.92,65.92,65.92,37.01,-
23-Jan-19,66.11,66.11,66.11,66.11,37.11,-
24-Jan-19,66.13,66.13,66.13,66.13,37.13,-
25-Jan-19,66.35,66.35,66.35,66.35,37.25,-
28-Jan-19,66.05,66.05,66.05,66.05,37.08,-
29-Jan-19,66.12,66.12,66.12,66.12,37.12,-
30-Jan-19,66.58,66.58,66.58,66.58,37.38,-
31-Jan-19,66.94,66.94,66.94,66.94,37.58,-
1-Feb-19,67,67.0,67.0,67.0,37.61,-
4-Feb-19,67.27,67.27,67.27,67.27,37.77,-
5-Feb-19,67.49,67.49,67.49,67.49,37.89,-
6-Feb-19,67.42,67.42,67.42,67.42,37.85,-
7-Feb-19,67.12,67.12,67.12,67.12,37.68,-
8-Feb-19,67.11,67.11,67.11,67.11,37.68,-
11-Feb-19,67.06,67.06,67.06,67.06,37.65,-
12-Feb-19,67.61,67.61,67.61,67.61,37.96,-
13-Feb-19,67.71,67.71,67.71,67.71,38.01,-
14-Feb-19,67.71,67.71,67.71,67.71,38.01,-
15-Feb-19,68.4,68.4,68.4,68.4,38.4,-
19-Feb-19,68.49,68.49,68.49,68.49,38.45,-
20-Feb-19,68.6,68.6,68.6,68.6,38.51,-
21-Feb-19,68.46,68.46,68.46,68.46,38.43,-
22-Feb-19,68.74,68.74,68.74,68.74,38.59,-
25-Feb-19,68.8,68.8,68.8,68.8,38.62,-
26-Feb-19,68.82,68.82,68.82,68.82,38.64,-
27-Feb-19,68.72,68.72,68.72,68.72,38.58,-
28-Feb-19,68.58,68.58,68.58,68.58,38.5,-
1-Mar-19,68.75,68.75,68.75,68.75,38.6,-
4-Mar-19,68.67,68.67,68.67,68.67,38.55,-
5-Mar-19,68.7,68.7,68.7,68.7,38.57,-
6-Mar-19,68.49,68.49,68.49,68.49,38.45,-
7-Mar-19,68.18,68.18,68.18,68.18,38.28,-
8-Mar-19,68.06,68.06,68.06,68.06,38.21,-
11-Mar-19,68.62,68.62,68.62,68.62,38.52,-
12-Mar-19,68.82,68.82,68.82,68.82,38.64,-
13-Mar-19,69.16,69.16,69.16,69.16,38.83,-
14-Mar-19,69.14,69.14,69.14,69.14,38.82,-
15-Mar-19,69.39,69.39,69.39,69.39,38.96,-
18-Mar-19,69.61,69.61,69.61,69.61,39.08,-
19-Mar-19,69.52,69.52,69.52,69.52,39.03,-
20-Mar-19,68.93,68.93,68.93,68.93,38.95,-
21-Mar-19,69.27,69.27,69.27,69.27,39.15,-
22-Mar-19,68.62,68.62,68.62,68.62,38.78,-
25-Mar-19,68.6,68.6,68.6,68.6,38.77,-
26-Mar-19,68.95,68.95,68.95,68.95,38.97,-
27-Mar-19,68.89,68.89,68.89,68.89,38.93,-
28-Mar-19,68.99,68.99,68.99,68.99,38.99,-
29-Mar-19,69.19,69.19,69.19,69.19,39.1,-
1-Apr-19,69.59,69.59,69.59,69.59,39.33,-
2-Apr-19,69.57,69.57,69.57,69.57,39.32,-
3-Apr-19,69.62,69.62,69.62,69.62,39.34,-
4-Apr-19,69.77,69.77,69.77,69.77,39.43,-
5-Apr-19,69.93,69.93,69.93,69.93,39.52,-
8-Apr-19,70.01,70.01,70.01,70.01,39.56,-
9-Apr-19,69.76,69.76,69.76,69.76,39.42,-
10-Apr-19,69.9,69.9,69.9,69.9,39.5,-
11-Apr-19,69.89,69.89,69.89,69.89,39.5,-
12-Apr-19,70.16,70.16,70.16,70.16,39.65,-
15-Apr-19,70.2,70.2,70.2,70.2,39.67,-
16-Apr-19,70.21,70.21,70.21,70.21,39.68,-
17-Apr-19,70.19,70.19,70.19,70.19,39.67,-
18-Apr-19,70.28,70.28,70.28,70.28,39.72,-
22-Apr-19,70.26,70.26,70.26,70.26,39.71,-
23-Apr-19,70.56,70.56,70.56,70.56,39.88,-
24-Apr-19,70.46,70.46,70.46,70.46,39.82,-
25-Apr-19,70.45,70.45,70.45,70.45,39.81,-
26-Apr-19,70.58,70.58,70.58,70.58,39.89,-
29-Apr-19,70.7,70.7,70.7,70.7,39.95,-
30-Apr-19,70.88,70.88,70.88,70.88,40.06,-
1-May-19,70.56,70.56,70.56,70.56,39.88,-
2-May-19,70.35,70.35,70.35,70.35,39.76,-
3-May-19,70.79,70.79,70.79,70.79,40.01,-
6-May-19,70.6,70.6,70.6,70.6,39.9,-
7-May-19,69.97,69.97,69.97,69.97,39.54,-
8-May-19,69.88,69.88,69.88,69.88,39.49,-
9-May-19,69.85,69.85,69.85,69.85,39.47,-
10-May-19,70.02,70.02,70.02,70.02,39.57,-
13-May-19,69.16,69.16,69.16,69.16,39.08,-
14-May-19,69.48,69.48,69.48,69.48,39.27,-
15-May-19,69.71,69.71,69.71,69.71,39.4,-
16-May-19,70.17,70.17,70.17,70.17,39.66,-
17-May-19,69.99,69.99,69.99,69.99,39.55,-
20-May-19,69.8,69.8,69.8,69.8,39.45,-
21-May-19,70.16,70.16,70.16,70.16,39.65,-
22-May-19,70.07,70.07,70.07,70.07,39.6,-
23-May-19,69.67,69.67,69.67,69.67,39.37,-
24-May-19,69.9,69.9,69.9,69.9,39.5,-
28-May-19,69.53,69.53,69.53,69.53,39.29,-
29-May-19,69.25,69.25,69.25,69.25,39.14,-
30-May-19,69.32,69.32,69.32,69.32,39.17,-
31-May-19,68.88,68.88,68.88,68.88,38.93,-
3-Jun-19,69.21,69.21,69.21,69.21,39.11,-
4-Jun-19,69.86,69.86,69.86,69.86,39.48,-
5-Jun-19,70.15,70.15,70.15,70.15,39.64,-
6-Jun-19,70.37,70.37,70.37,70.37,39.77,-
7-Jun-19,70.76,70.76,70.76,70.76,39.99,-
10-Jun-19,70.81,70.81,70.81,70.81,40.02,-
11-Jun-19,70.78,70.78,70.78,70.78,40.0,-
12-Jun-19,70.79,70.79,70.79,70.79,40.01,-
13-Jun-19,70.95,70.95,70.95,70.95,40.1,-
14-Jun-19,70.5,70.5,70.5,70.5,40.12,-
17-Jun-19,70.47,70.47,70.47,70.47,40.1,-
18-Jun-19,70.99,70.99,70.99,70.99,40.4,-
19-Jun-19,71.17,71.17,71.17,71.17,40.5,-
20-Jun-19,71.6,71.6,71.6,71.6,40.74,-
21-Jun-19,71.54,71.54,71.54,71.54,40.71,-
24-Jun-19,71.57,71.57,71.57,71.57,40.73,-
25-Jun-19,71.21,71.21,71.21,71.21,40.52,-
26-Jun-19,70.97,70.97,70.97,70.97,40.39,-
27-Jun-19,71.13,71.13,71.13,71.13,40.48,-
28-Jun-19,71.4,71.4,71.4,71.4,40.63,-
1-Jul-19,71.69,71.69,71.69,71.69,40.8,-
2-Jul-19,71.95,71.95,71.95,71.95,40.94,-
3-Jul-19,72.32,72.32,72.32,72.32,41.15,-
5-Jul-19,72.1,72.1,72.1,72.1,41.03,-
8-Jul-19,71.89,71.89,71.89,71.89,40.91,-
9-Jul-19,71.84,71.84,71.84,71.84,40.88,-
10-Jul-19,72.04,72.04,72.04,72.04,41.0,-
11-Jul-19,72.03,72.03,72.03,72.03,40.99,-
12-Jul-19,72.23,72.23,72.23,72.23,41.1,-
15-Jul-19,72.31,72.31,72.31,72.31,41.15,-
16-Jul-19,72.17,72.17,72.17,72.17,41.07,-
17-Jul-19,71.98,71.98,71.98,71.98,40.96,-
18-Jul-19,72.21,72.21,72.21,72.21,41.09,-
19-Jul-19,71.93,71.93,71.93,71.93,40.93,-
22-Jul-19,72.01,72.01,72.01,72.01,40.98,-
23-Jul-19,72.3,72.3,72.3,72.3,41.14,-
24-Jul-19,72.53,72.53,72.53,72.53,41.27,-
25-Jul-19,72.41,72.41,72.41,72.41,41.21,-
26-Jul-19,72.78,72.78,72.78,72.78,41.42,-
29-Jul-19,72.8,72.8,72.8,72.8,41.43,-
30-Jul-19,72.62,72.62,72.62,72.62,41.33,-
31-Jul-19,72.22,72.22,72.22,72.22,41.1,-
1-Aug-19,71.97,71.97,71.97,71.97,40.96,-
2-Aug-19,71.73,71.73,71.73,71.73,40.82,-
5-Aug-19,70.67,70.67,70.67,70.67,40.22,-
6-Aug-19,71.2,71.2,71.2,71.2,40.52,-
7-Aug-19,71.17,71.17,71.17,71.17,40.5,-
8-Aug-19,71.99,71.99,71.99,71.99,40.97,-
9-Aug-19,71.73,71.73,71.73,71.73,40.82,-
12-Aug-19,71.33,71.33,71.33,71.33,40.59,-
13-Aug-19,71.86,71.86,71.86,71.86,40.89,-
14-Aug-19,70.8,70.8,70.8,70.8,40.29,-
15-Aug-19,70.98,70.98,70.98,70.98,40.39,-
16-Aug-19,71.52,71.52,71.52,71.52,40.7,-
19-Aug-19,71.95,71.95,71.95,71.95,40.94,-
20-Aug-19,71.73,71.73,71.73,71.73,40.82,-
21-Aug-19,72.06,72.06,72.06,72.06,41.01,-
22-Aug-19,72,72.0,72.0,72.0,40.97,-
23-Aug-19,71.07,71.07,71.07,71.07,40.44,-
26-Aug-19,71.51,71.51,71.51,71.51,40.69,-
27-Aug-19,71.56,71.56,71.56,71.56,40.72,-
28-Aug-19,71.87,71.87,71.87,71.87,40.9,-
29-Aug-19,72.37,72.37,72.37,72.37,41.18,-
30-Aug-19,72.49,72.49,72.49,72.49,41.25,-
3-Sep-19,72.28,72.28,72.28,72.28,41.13,-
4-Sep-19,72.8,72.8,72.8,72.8,41.43,-
5-Sep-19,73.12,73.12,73.12,73.12,41.61,-
6-Sep-19,73.24,73.24,73.24,73.24,41.68,-
9-Sep-19,73.19,73.19,73.19,73.19,41.65,-
10-Sep-19,73.22,73.22,73.22,73.22,41.67,-
11-Sep-19,73.47,73.47,73.47,73.47,41.81,-
12-Sep-19,73.63,73.63,73.63,73.63,41.9,-
13-Sep-19,73.48,73.48,73.48,73.48,41.81,-
16-Sep-19,73.44,73.44,73.44,73.44,41.79,-
17-Sep-19,73.59,73.59,73.59,73.59,41.88,-
18-Sep-19,73.74,73.74,73.74,73.74,41.96,-
19-Sep-19,73.84,73.84,73.84,73.84,42.02,-
20-Sep-19,73.83,73.83,73.83,73.83,42.01,-
23-Sep-19,73.32,73.32,73.32,73.32,41.99,-
24-Sep-19,73.16,73.16,73.16,73.16,41.9,-
25-Sep-19,73.1,73.1,73.1,73.1,41.87,-
26-Sep-19,73.1,73.1,73.1,73.1,41.87,-
27-Sep-19,73.01,73.01,73.01,73.01,41.81,-
30-Sep-19,73.21,73.21,73.21,73.21,41.93,-
1-Oct-19,72.58,72.58,72.58,72.58,41.57,-
2-Oct-19,71.66,71.66,71.66,71.66,41.04,-
3-Oct-19,72,72.0,72.0,72.0,41.24,-
4-Oct-19,72.71,72.71,72.71,72.71,41.64,-
7-Oct-19,72.49,72.49,72.49,72.49,41.52,-
8-Oct-19,71.84,71.84,71.84,71.84,41.14,-
9-Oct-19,72.22,72.22,72.22,72.22,41.36,-
10-Oct-19,72.37,72.37,72.37,72.37,41.45,-
11-Oct-19,72.77,72.77,72.77,72.77,41.68,-
14-Oct-19,72.74,72.74,72.74,72.74,41.66,-
15-Oct-19,73.13,73.13,73.13,73.13,41.88,-
16-Oct-19,73.11,73.11,73.11,73.11,41.87,-
17-Oct-19,73.22,73.22,73.22,73.22,41.94,-
18-Oct-19,73.21,73.21,73.21,73.21,41.93,-
21-Oct-19,73.44,73.44,73.44,73.44,42.06,-
22-Oct-19,73.5,73.5,73.5,73.5,42.1,-
23-Oct-19,73.62,73.62,73.62,73.62,42.16,-
24-Oct-19,73.67,73.67,73.67,73.67,42.19,-
25-Oct-19,73.85,73.85,73.85,73.85,42.3,-
28-Oct-19,73.95,73.95,73.95,73.95,42.35,-
29-Oct-19,73.96,73.96,73.96,73.96,42.36,-
30-Oct-19,74.25,74.25,74.25,74.25,42.53,-
31-Oct-19,74.26,74.26,74.26,74.26,42.53,-
1-Nov-19,74.57,74.57,74.57,74.57,42.71,-
4-Nov-19,74.66,74.66,74.66,74.66,42.76,-
5-Nov-19,74.48,74.48,74.48,74.48,42.66,-
6-Nov-19,74.72,74.72,74.72,74.72,42.79,-
7-Nov-19,74.75,74.75,74.75,74.75,42.81,-
8-Nov-19,74.8,74.8,74.8,74.8,42.84,-
11-Nov-19,74.72,74.72,74.72,74.72,42.79,-
12-Nov-19,74.76,74.76,74.76,74.76,42.82,-
13-Nov-19,74.83,74.83,74.83,74.83,42.86,-
14-Nov-19,74.94,74.94,74.94,74.94,42.92,-
15-Nov-19,75.26,75.26,75.26,75.26,43.1,-
18-Nov-19,75.28,75.28,75.28,75.28,43.11,-
19-Nov-19,75.24,75.24,75.24,75.24,43.09,-
20-Nov-19,75.12,75.12,75.12,75.12,43.02,-
21-Nov-19,75.06,75.06,75.06,75.06,42.99,-
22-Nov-19,75.18,75.18,75.18,75.18,43.06,-
25-Nov-19,75.47,75.47,75.47,75.47,43.22,-
26-Nov-19,75.63,75.63,75.63,75.63,43.32,-
27-Nov-19,75.7,75.7,75.7,75.7,43.36,-
29-Nov-19,75.51,75.51,75.51,75.51,43.25,-
2-Dec-19,75.05,75.05,75.05,75.05,42.98,-
3-Dec-19,74.91,74.91,74.91,74.91,42.9,-
4-Dec-19,75.24,75.24,75.24,75.24,43.09,-
5-Dec-19,75.31,75.31,75.31,75.31,43.13,-
6-Dec-19,75.71,75.71,75.71,75.71,43.36,-
9-Dec-19,75.67,75.67,75.67,75.67,43.34,-
10-Dec-19,75.6,75.6,75.6,75.6,43.3,-
11-Dec-19,75.73,75.73,75.73,75.73,43.37,-
12-Dec-19,76.07,76.07,76.07,76.07,43.57,-
13-Dec-19,76.23,76.23,76.23,76.23,43.66,-
16-Dec-19,76.51,76.51,76.51,76.51,43.82,-
17-Dec-19,76.54,76.54,76.54,76.54,43.84,-
18-Dec-19,76.42,76.42,76.42,76.42,43.77,-
19-Dec-19,76.59,76.59,76.59,76.59,43.87,-
20-Dec-19,76.88,76.88,76.88,76.88,44.03,-
23-Dec-19,76.85,76.85,76.85,76.85,44.01,-
24-Dec-19,76.87,76.87,76.87,76.87,44.03,-
26-Dec-19,77.12,77.12,77.12,77.12,44.17,-
27-Dec-19,75.11,75.11,75.11,75.11,44.24,-
30-Dec-19,74.86,74.86,74.86,74.86,44.09,-
31-Dec-19,74.91,74.91,74.91,74.91,44.12,-
2-Jan-20,75.35,75.35,75.35,75.35,44.38,-
3-Jan-20,75.07,75.07,75.07,75.07,44.22,-
6-Jan-20,75.26,75.26,75.26,75.26,44.33,-
7-Jan-20,74.91,74.91,74.91,74.91,44.12,-
8-Jan-20,75.07,75.07,75.07,75.07,44.22,-
9-Jan-20,75.39,75.39,75.39,75.39,44.41,-
10-Jan-20,75.3,75.3,75.3,75.3,44.35,-
13-Jan-20,75.55,75.55,75.55,75.55,44.5,-
14-Jan-20,75.6,75.6,75.6,75.6,44.53,-
15-Jan-20,75.75,75.75,75.75,75.75,44.62,-
16-Jan-20,76.11,76.11,76.11,76.11,44.83,-
17-Jan-20,76.34,76.34,76.34,76.34,44.97,-
21-Jan-20,76.25,76.25,76.25,76.25,44.91,-
22-Jan-20,76.33,76.33,76.33,76.33,44.96,-
23-Jan-20,76.38,76.38,76.38,76.38,44.99,-
24-Jan-20,76.03,76.03,76.03,76.03,44.78,-
27-Jan-20,75.42,75.42,75.42,75.42,44.42,-
28-Jan-20,75.76,75.76,75.76,75.76,44.62,-
29-Jan-20,75.77,75.77,75.77,75.77,44.63,-
30-Jan-20,75.99,75.99,75.99,75.99,44.76,-
31-Jan-20,75.17,75.17,75.17,75.17,44.28,-
3-Feb-20,75.38,75.38,75.38,75.38,44.4,-
4-Feb-20,75.84,75.84,75.84,75.84,44.67,-
5-Feb-20,76.56,76.56,76.56,76.56,45.1,-
6-Feb-20,76.7,76.7,76.7,76.7,45.18,-
7-Feb-20,76.57,76.57,76.57,76.57,45.1,-
10-Feb-20,76.91,76.91,76.91,76.91,45.3,-
11-Feb-20,76.97,76.97,76.97,76.97,45.34,-
12-Feb-20,77.06,77.06,77.06,77.06,45.39,-
13-Feb-20,76.91,76.91,76.91,76.91,45.3,-
14-Feb-20,76.98,76.98,76.98,76.98,45.34,-
18-Feb-20,76.85,76.85,76.85,76.85,45.27,-
19-Feb-20,76.97,76.97,76.97,76.97,45.34,-
20-Feb-20,76.91,76.91,76.91,76.91,45.3,-
21-Feb-20,76.7,76.7,76.7,76.7,45.18,-
24-Feb-20,75.18,75.18,75.18,75.18,44.28,-
25-Feb-20,73.85,73.85,73.85,73.85,43.5,-
26-Feb-20,73.6,73.6,73.6,73.6,43.35,-
27-Feb-20,71.67,71.67,71.67,71.67,42.22,-
28-Feb-20,71.17,71.17,71.17,71.17,41.92,-
2-Mar-20,73.07,73.07,73.07,73.07,43.04,-
3-Mar-20,72.12,72.12,72.12,72.12,42.48,-
4-Mar-20,73.98,73.98,73.98,73.98,43.58,-
5-Mar-20,72.62,72.62,72.62,72.62,42.77,-
6-Mar-20,72,72.0,72.0,72.0,42.41,-
9-Mar-20,68.32,68.32,68.32,68.32,40.24,-
10-Mar-20,69.93,69.93,69.93,69.93,41.19,-
11-Mar-20,67.53,67.53,67.53,67.53,39.78,-
12-Mar-20,62.87,62.87,62.87,62.87,37.03,-
13-Mar-20,66.42,66.42,66.42,66.42,39.12,-
16-Mar-20,60.98,60.98,60.98,60.98,35.92,-
17-Mar-20,62.81,62.81,62.81,62.81,37.0,-
18-Mar-20,59.99,59.99,59.99,59.99,35.34,-
19-Mar-20,59.86,59.86,59.86,59.86,35.26,-
20-Mar-20,58.05,58.05,58.05,58.05,34.47,-
23-Mar-20,57.08,57.08,57.08,57.08,33.89,-
24-Mar-20,60.37,60.37,60.37,60.37,35.85,-
25-Mar-20,61.38,61.38,61.38,61.38,36.45,-
26-Mar-20,64.35,64.35,64.35,64.35,38.21,-
27-Mar-20,63.18,63.18,63.18,63.18,37.51,-
30-Mar-20,64.57,64.57,64.57,64.57,38.34,-
31-Mar-20,64.05,64.05,64.05,64.05,38.03,-
1-Apr-20,62.36,62.36,62.36,62.36,37.03,-
2-Apr-20,63.29,63.29,63.29,63.29,37.58,-
3-Apr-20,62.58,62.58,62.58,62.58,37.16,-
6-Apr-20,65.26,65.26,65.26,65.26,38.75,-
7-Apr-20,65.16,65.16,65.16,65.16,38.69,-
8-Apr-20,66.49,66.49,66.49,66.49,39.48,-
9-Apr-20,67.32,67.32,67.32,67.32,39.97,-
13-Apr-20,66.93,66.93,66.93,66.93,39.74,-
14-Apr-20,68.2,68.2,68.2,68.2,40.49,-
15-Apr-20,67.22,67.22,67.22,67.22,39.91,-
16-Apr-20,67.53,67.53,67.53,67.53,40.1,-
17-Apr-20,68.83,68.83,68.83,68.83,40.87,-
20-Apr-20,68.09,68.09,68.09,68.09,40.43,-
21-Apr-20,66.76,66.76,66.76,66.76,39.64,-
22-Apr-20,67.78,67.78,67.78,67.78,40.25,-
23-Apr-20,67.66,67.66,67.66,67.66,40.17,-
24-Apr-20,68.3,68.3,68.3,68.3,40.55,-
27-Apr-20,68.87,68.87,68.87,68.87,40.89,-
28-Apr-20,68.7,68.7,68.7,68.7,40.79,-
29-Apr-20,69.77,69.77,69.77,69.77,41.43,-
30-Apr-20,69.18,69.18,69.18,69.18,41.08,-
1-May-20,68.14,68.14,68.14,68.14,40.46,-
4-May-20,68.1,68.1,68.1,68.1,40.44,-
5-May-20,68.53,68.53,68.53,68.53,40.69,-
6-May-20,68.15,68.15,68.15,68.15,40.46,-
7-May-20,68.54,68.54,68.54,68.54,40.7,-
8-May-20,69.13,69.13,69.13,69.13,41.05,-
11-May-20,68.99,68.99,68.99,68.99,40.96,-
12-May-20,68.26,68.26,68.26,68.26,40.53,-
13-May-20,67.59,67.59,67.59,67.59,40.13,-
14-May-20,68.06,68.06,68.06,68.06,40.41,-
15-May-20,68.13,68.13,68.13,68.13,40.45,-
18-May-20,69.51,69.51,69.51,69.51,41.27,-
19-May-20,69.11,69.11,69.11,69.11,41.03,-
20-May-20,69.79,69.79,69.79,69.79,41.44,-
21-May-20,69.63,69.63,69.63,69.63,41.34,-
22-May-20,69.65,69.65,69.65,69.65,41.36,-
26-May-20,70.17,70.17,70.17,70.17,41.66,-
27-May-20,70.93,70.93,70.93,70.93,42.12,-
28-May-20,70.93,70.93,70.93,70.93,42.12,-
29-May-20,71.14,71.14,71.14,71.14,42.24,-
1-Jun-20,71.25,71.25,71.25,71.25,42.31,-
2-Jun-20,71.65,71.65,71.65,71.65,42.54,-
3-Jun-20,72.35,72.35,72.35,72.35,42.96,-
4-Jun-20,72.12,72.12,72.12,72.12,42.82,-
5-Jun-20,73.34,73.34,73.34,73.34,43.55,-
8-Jun-20,73.86,73.86,73.86,73.86,43.86,-
9-Jun-20,73.55,73.55,73.55,73.55,43.67,-
10-Jun-20,73.42,73.42,73.42,73.42,43.59,-
11-Jun-20,70.74,70.74,70.74,70.74,42.0,-
12-Jun-20,71.16,71.16,71.16,71.16,42.25,-
15-Jun-20,71.49,71.49,71.49,71.49,42.45,-
16-Jun-20,72.35,72.35,72.35,72.35,42.96,-
17-Jun-20,72.24,72.24,72.24,72.24,42.89,-
18-Jun-20,72.18,72.18,72.18,72.18,42.86,-
19-Jun-20,71.49,71.49,71.49,71.49,42.69,-
22-Jun-20,71.69,71.69,71.69,71.69,42.81,-
23-Jun-20,71.94,71.94,71.94,71.94,42.96,-
24-Jun-20,70.78,70.78,70.78,70.78,42.26,-
25-Jun-20,71.17,71.17,71.17,71.17,42.5,-
26-Jun-20,70.09,70.09,70.09,70.09,41.85,-
29-Jun-20,70.79,70.79,70.79,70.79,42.27,-
30-Jun-20,71.35,71.35,71.35,71.35,42.6,-
1-Jul-20,71.52,71.52,71.52,71.52,42.7,-
2-Jul-20,71.85,71.85,71.85,71.85,42.9,-
6-Jul-20,72.53,72.53,72.53,72.53,43.31,-
7-Jul-20,72.07,72.07,72.07,72.07,43.03,-
8-Jul-20,72.45,72.45,72.45,72.45,43.26,-
9-Jul-20,72.21,72.21,72.21,72.21,43.12,-
10-Jul-20,72.67,72.67,72.67,72.67,43.39,-
13-Jul-20,72.47,72.47,72.47,72.47,43.27,-
14-Jul-20,73.1,73.1,73.1,73.1,43.65,-
15-Jul-20,73.68,73.68,73.68,73.68,43.99,-
16-Jul-20,73.55,73.55,73.55,73.55,43.92,-
17-Jul-20,73.81,73.81,73.81,73.81,44.07,-
20-Jul-20,74.05,74.05,74.05,74.05,44.22,-
21-Jul-20,74.38,74.38,74.38,74.38,44.41,-
22-Jul-20,74.81,74.81,74.81,74.81,44.67,-
23-Jul-20,74.33,74.33,74.33,74.33,44.38,-
24-Jul-20,73.94,73.94,73.94,73.94,44.15,-
27-Jul-20,74.26,74.26,74.26,74.26,44.34,-
28-Jul-20,74.02,74.02,74.02,74.02,44.2,-
29-Jul-20,74.77,74.77,74.77,74.77,44.65,-
30-Jul-20,74.55,74.55,74.55,74.55,44.51,-
31-Jul-20,74.63,74.63,74.63,74.63,44.56,-
3-Aug-20,74.99,74.99,74.99,74.99,44.78,-
4-Aug-20,75.27,75.27,75.27,75.27,44.94,-
5-Aug-20,75.45,75.45,75.45,75.45,45.05,-
6-Aug-20,75.74,75.74,75.74,75.74,45.22,-
7-Aug-20,75.79,75.79,75.79,75.79,45.25,-
10-Aug-20,75.86,75.86,75.86,75.86,45.3,-
11-Aug-20,75.59,75.59,75.59,75.59,45.13,-
12-Aug-20,76.18,76.18,76.18,76.18,45.49,-
13-Aug-20,75.88,75.88,75.88,75.88,45.31,-
14-Aug-20,75.8,75.8,75.8,75.8,45.26,-
17-Aug-20,75.93,75.93,75.93,75.93,45.34,-
18-Aug-20,75.97,75.97,75.97,75.97,45.36,-
19-Aug-20,75.72,75.72,75.72,75.72,45.21,-
20-Aug-20,75.79,75.79,75.79,75.79,45.25,-
21-Aug-20,76.05,76.05,76.05,76.05,45.41,-
24-Aug-20,76.54,76.54,76.54,76.54,45.7,-
25-Aug-20,76.62,76.62,76.62,76.62,45.75,-
26-Aug-20,77.01,77.01,77.01,77.01,45.98,-
27-Aug-20,76.95,76.95,76.95,76.95,45.95,-
28-Aug-20,77.26,77.26,77.26,77.26,46.13,-
31-Aug-20,77.08,77.08,77.08,77.08,46.02,-
1-Sep-20,77.41,77.41,77.41,77.41,46.22,-
2-Sep-20,78.32,78.32,78.32,78.32,46.77,-
3-Sep-20,76.74,76.74,76.74,76.74,45.82,-
4-Sep-20,76.27,76.27,76.27,76.27,45.54,-
8-Sep-20,75.07,75.07,75.07,75.07,44.82,-
9-Sep-20,75.89,75.89,75.89,75.89,45.31,-
10-Sep-20,75.24,75.24,75.24,75.24,44.93,-
11-Sep-20,75.44,75.44,75.44,75.44,45.05,-
14-Sep-20,76.01,76.01,76.01,76.01,45.39,-
15-Sep-20,76.32,76.32,76.32,76.32,45.57,-
16-Sep-20,76.18,76.18,76.18,76.18,45.49,-
17-Sep-20,75.86,75.86,75.86,75.86,45.3,-
18-Sep-20,75.01,75.01,75.01,75.01,45.01,-
21-Sep-20,74.31,74.31,74.31,74.31,44.59,-
22-Sep-20,74.52,74.52,74.52,74.52,44.72,-
23-Sep-20,73.51,73.51,73.51,73.51,44.11,-
24-Sep-20,73.54,73.54,73.54,73.54,44.13,-
25-Sep-20,74.17,74.17,74.17,74.17,44.51,-
28-Sep-20,74.85,74.85,74.85,74.85,44.92,-
29-Sep-20,74.72,74.72,74.72,74.72,44.84,-
30-Sep-20,75.2,75.2,75.2,75.2,45.13,-
1-Oct-20,75.46,75.46,75.46,75.46,45.28,-
2-Oct-20,75.18,75.18,75.18,75.18,45.12,-
5-Oct-20,75.8,75.8,75.8,75.8,45.49,-
6-Oct-20,75.3,75.3,75.3,75.3,45.19,-
7-Oct-20,75.97,75.97,75.97,75.97,45.59,-
8-Oct-20,76.53,76.53,76.53,76.53,45.93,-
9-Oct-20,76.92,76.92,76.92,76.92,46.16,-
12-Oct-20,77.69,77.69,77.69,77.69,46.62,-
13-Oct-20,77.48,77.48,77.48,77.48,46.5,-
14-Oct-20,77.18,77.18,77.18,77.18,46.32,-
15-Oct-20,77.09,77.09,77.09,77.09,46.26,-
16-Oct-20,77.24,77.24,77.24,77.24,46.35,-
19-Oct-20,76.43,76.43,76.43,76.43,45.87,-
20-Oct-20,76.66,76.66,76.66,76.66,46.0,-
21-Oct-20,76.5,76.5,76.5,76.5,45.91,-
22-Oct-20,76.72,76.72,76.72,76.72,46.04,-
23-Oct-20,77,77.0,77.0,77.0,46.21,-
26-Oct-20,76.09,76.09,76.09,76.09,45.66,-
27-Oct-20,75.93,75.93,75.93,75.93,45.57,-
28-Oct-20,74.08,74.08,74.08,74.08,44.46,-
29-Oct-20,74.46,74.46,74.46,74.46,44.68,-
30-Oct-20,74.07,74.07,74.07,74.07,44.45,-
2-Nov-20,74.75,74.75,74.75,74.75,44.86,-
3-Nov-20,75.75,75.75,75.75,75.75,45.46,-
4-Nov-20,77.05,77.05,77.05,77.05,46.24,-
5-Nov-20,77.92,77.92,77.92,77.92,46.76,-
6-Nov-20,77.87,77.87,77.87,77.87,46.73,-
9-Nov-20,78.71,78.71,78.71,78.71,47.23,-
10-Nov-20,78.63,78.63,78.63,78.63,47.19,-
11-Nov-20,78.87,78.87,78.87,78.87,47.33,-
12-Nov-20,78.55,78.55,78.55,78.55,47.14,-
13-Nov-20,79.23,79.23,79.23,79.23,47.55,-
16-Nov-20,79.74,79.74,79.74,79.74,47.85,-
17-Nov-20,79.52,79.52,79.52,79.52,47.72,-
18-Nov-20,79.01,79.01,79.01,79.01,47.41,-
19-Nov-20,79.21,79.21,79.21,79.21,47.53,-
20-Nov-20,78.93,78.93,78.93,78.93,47.37,-
23-Nov-20,79.15,79.15,79.15,79.15,47.5,-
24-Nov-20,79.95,79.95,79.95,79.95,47.98,-
25-Nov-20,79.75,79.75,79.75,79.75,47.86,-
27-Nov-20,80,80.0,80.0,80.0,48.01,-
30-Nov-20,79.62,79.62,79.62,79.62,47.78,-
1-Dec-20,80.29,80.29,80.29,80.29,48.18,-
2-Dec-20,80.37,80.37,80.37,80.37,48.23,-
3-Dec-20,80.33,80.33,80.33,80.33,48.21,-
4-Dec-20,80.65,80.65,80.65,80.65,48.4,-
7-Dec-20,80.6,80.6,80.6,80.6,48.37,-
8-Dec-20,80.72,80.72,80.72,80.72,48.44,-
9-Dec-20,80.27,80.27,80.27,80.27,48.17,-
10-Dec-20,80.2,80.2,80.2,80.2,48.13,-
11-Dec-20,80.17,80.17,80.17,80.17,48.11,-
14-Dec-20,79.76,79.76,79.76,79.76,47.86,-
15-Dec-20,80.39,80.39,80.39,80.39,48.24,-
16-Dec-20,80.46,80.46,80.46,80.46,48.28,-
17-Dec-20,80.7,80.7,80.7,80.7,48.43,-
18-Dec-20,80.54,80.54,80.54,80.54,48.33,-
21-Dec-20,80.42,80.42,80.42,80.42,48.26,-
22-Dec-20,80.29,80.29,80.29,80.29,48.18,-
23-Dec-20,80.44,80.44,80.44,80.44,48.27,-
24-Dec-20,80.56,80.56,80.56,80.56,48.34,-
28-Dec-20,81.13,81.13,81.13,81.13,48.69,-
29-Dec-20,76.29,76.29,76.29,76.29,48.63,-
30-Dec-20,76.26,76.26,76.26,76.26,48.61,-
31-Dec-20,76.6,76.6,76.6,76.6,48.83,-
4-Jan-21,75.93,75.93,75.93,75.93,48.4,-
5-Jan-21,76.13,76.13,76.13,76.13,48.53,-
6-Jan-21,76.48,76.48,76.48,76.48,48.75,-
7-Jan-21,77.12,77.12,77.12,77.12,49.16,-
8-Jan-21,77.29,77.29,77.29,77.29,49.27,-
11-Jan-21,77,77.0,77.0,77.0,49.08,-
12-Jan-21,76.96,76.96,76.96,76.96,49.06,-
13-Jan-21,77.05,77.05,77.05,77.05,49.11,-
14-Jan-21,76.76,76.76,76.76,76.76,48.93,-
15-Jan-21,76.62,76.62,76.62,76.62,48.84,-
19-Jan-21,77.04,77.04,77.04,77.04,49.11,-
20-Jan-21,77.63,77.63,77.63,77.63,49.48,-
21-Jan-21,77.68,77.68,77.68,77.68,49.52,-
22-Jan-21,77.47,77.47,77.47,77.47,49.38,-
25-Jan-21,77.61,77.61,77.61,77.61,49.47,-
26-Jan-21,77.51,77.51,77.51,77.51,49.41,-
27-Jan-21,77.51,77.51,77.51,77.51,49.41,-
28-Jan-21,76.71,76.71,76.71,76.71,48.9,-
29-Jan-21,75.71,75.71,75.71,75.71,48.26,-
1-Feb-21,76.46,76.46,76.46,76.46,48.74,-
2-Feb-21,77.01,77.01,77.01,77.01,49.09,-
3-Feb-21,77.25,77.25,77.25,77.25,49.24,-
4-Feb-21,77.71,77.71,77.71,77.71,49.54,-
5-Feb-21,77.77,77.77,77.77,77.77,49.57,-
8-Feb-21,78.07,78.07,78.07,78.07,49.76,-
9-Feb-21,78.13,78.13,78.13,78.13,49.8,-
10-Feb-21,78.18,78.18,78.18,78.18,49.83,-
11-Feb-21,78.35,78.35,78.35,78.35,49.94,-
12-Feb-21,78.44,78.44,78.44,78.44,50.0,-
16-Feb-21,78.5,78.5,78.5,78.5,50.04,-
17-Feb-21,78.46,78.46,78.46,78.46,50.01,-
18-Feb-21,78.32,78.32,78.32,78.32,49.92,-
19-Feb-21,78.12,78.12,78.12,78.12,49.8,-
22-Feb-21,77.79,77.79,77.79,77.79,49.59,-
23-Feb-21,77.8,77.8,77.8,77.8,49.59,-
24-Feb-21,78.22,78.22,78.22,78.22,49.86,-
25-Feb-21,76.96,76.96,76.96,76.96,49.06,-
26-Feb-21,76.86,76.86,76.86,76.86,48.99,-
1-Mar-21,77.91,77.91,77.91,77.91,49.66,-
2-Mar-21,77.63,77.63,77.63,77.63,49.48,-
3-Mar-21,77.09,77.09,77.09,77.09,49.14,-
4-Mar-21,76.55,76.55,76.55,76.55,48.8,-
5-Mar-21,77.45,77.45,77.45,77.45,49.37,-
8-Mar-21,77.12,77.12,77.12,77.12,49.16,-
9-Mar-21,77.64,77.64,77.64,77.64,49.49,-
10-Mar-21,77.98,77.98,77.98,77.98,49.71,-
11-Mar-21,78.54,78.54,78.54,78.54,50.06,-
12-Mar-21,78.45,78.45,78.45,78.45,50.01,-
15-Mar-21,78.78,78.78,78.78,78.78,50.22,-
16-Mar-21,78.8,78.8,78.8,78.8,50.23,-
17-Mar-21,78.89,78.89,78.89,78.89,50.29,-
18-Mar-21,78.3,78.3,78.3,78.3,49.91,-
19-Mar-21,77.89,77.89,77.89,77.89,49.97,-
22-Mar-21,78.19,78.19,78.19,78.19,50.17,-
23-Mar-21,77.89,77.89,77.89,77.89,49.97,-
24-Mar-21,77.86,77.86,77.86,77.86,49.95,-
25-Mar-21,78.13,78.13,78.13,78.13,50.13,-
26-Mar-21,78.92,78.92,78.92,78.92,50.63,-
29-Mar-21,78.85,78.85,78.85,78.85,50.59,-
30-Mar-21,78.73,78.73,78.73,78.73,50.51,-
31-Mar-21,78.8,78.8,78.8,78.8,50.56,-
1-Apr-21,79.52,79.52,79.52,79.52,51.02,-
5-Apr-21,80.38,80.38,80.38,80.38,51.57,-
6-Apr-21,80.27,80.27,80.27,80.27,51.5,-
7-Apr-21,80.43,80.43,80.43,80.43,51.6,-
8-Apr-21,80.73,80.73,80.73,80.73,51.8,-
9-Apr-21,81.07,81.07,81.07,81.07,52.01,-
12-Apr-21,81.03,81.03,81.03,81.03,51.99,-
13-Apr-21,81.09,81.09,81.09,81.09,52.03,-
14-Apr-21,80.93,80.93,80.93,80.93,51.92,-
15-Apr-21,81.6,81.6,81.6,81.6,52.35,-
16-Apr-21,81.71,81.71,81.71,81.71,52.42,-
19-Apr-21,81.53,81.53,81.53,81.53,52.31,-
20-Apr-21,81.13,81.13,81.13,81.13,52.05,-
21-Apr-21,81.65,81.65,81.65,81.65,52.39,-
22-Apr-21,81.27,81.27,81.27,81.27,52.14,-
23-Apr-21,81.91,81.91,81.91,81.91,52.55,-
26-Apr-21,81.94,81.94,81.94,81.94,52.57,-
27-Apr-21,81.96,81.96,81.96,81.96,52.58,-
28-Apr-21,81.98,81.98,81.98,81.98,52.6,-
29-Apr-21,82.53,82.53,82.53,82.53,52.95,-
30-Apr-21,82.09,82.09,82.09,82.09,52.67,-
3-May-21,82.35,82.35,82.35,82.35,52.84,-
4-May-21,82.1,82.1,82.1,82.1,52.67,-
5-May-21,82.21,82.21,82.21,82.21,52.75,-
6-May-21,82.75,82.75,82.75,82.75,53.09,-
7-May-21,83.14,83.14,83.14,83.14,53.34,-
10-May-21,82.55,82.55,82.55,82.55,52.96,-
11-May-21,81.91,81.91,81.91,81.91,52.55,-
12-May-21,80.74,80.74,80.74,80.74,51.8,-
13-May-21,81.54,81.54,81.54,81.54,52.32,-
14-May-21,82.51,82.51,82.51,82.51,52.94,-
17-May-21,82.25,82.25,82.25,82.25,52.77,-
18-May-21,81.76,81.76,81.76,81.76,52.46,-
19-May-21,81.48,81.48,81.48,81.48,52.28,-
20-May-21,82.04,82.04,82.04,82.04,52.64,-
21-May-21,82.06,82.06,82.06,82.06,52.65,-
24-May-21,82.54,82.54,82.54,82.54,52.96,-
25-May-21,82.6,82.6,82.6,82.6,53.0,-
26-May-21,82.65,82.65,82.65,82.65,53.03,-
27-May-21,82.72,82.72,82.72,82.72,53.07,-
28-May-21,82.77,82.77,82.77,82.77,53.1,-
1-Jun-21,82.74,82.74,82.74,82.74,53.09,-
2-Jun-21,82.82,82.82,82.82,82.82,53.14,-
3-Jun-21,82.65,82.65,82.65,82.65,53.03,-
4-Jun-21,83.17,83.17,83.17,83.17,53.36,-
7-Jun-21,83.03,83.03,83.03,83.03,53.27,-
8-Jun-21,83.02,83.02,83.02,83.02,53.26,-
9-Jun-21,82.99,82.99,82.99,82.99,53.25,-
10-Jun-21,83.28,83.28,83.28,83.28,53.43,-
11-Jun-21,83.43,83.43,83.43,83.43,53.53,-
14-Jun-21,83.43,83.43,83.43,83.43,53.53,-
15-Jun-21,83.42,83.42,83.42,83.42,53.52,-
16-Jun-21,83.04,83.04,83.04,83.04,53.28,-
17-Jun-21,83.1,83.1,83.1,83.1,53.32,-
18-Jun-21,81.95,81.95,81.95,81.95,52.8,-
21-Jun-21,82.71,82.71,82.71,82.71,53.29,-
22-Jun-21,82.95,82.95,82.95,82.95,53.45,-
23-Jun-21,82.79,82.79,82.79,82.79,53.34,-
24-Jun-21,83.09,83.09,83.09,83.09,53.54,-
25-Jun-21,83.15,83.15,83.15,83.15,53.57,-
28-Jun-21,83.38,83.38,83.38,83.38,53.72,-
29-Jun-21,83.38,83.38,83.38,83.38,53.72,-
30-Jun-21,83.4,83.4,83.4,83.4,53.74,-
1-Jul-21,83.75,83.75,83.75,83.75,53.96,-
2-Jul-21,84.22,84.22,84.22,84.22,54.26,-
6-Jul-21,84.18,84.18,84.18,84.18,54.24,-
7-Jul-21,84.44,84.44,84.44,84.44,54.41,-
8-Jul-21,83.9,83.9,83.9,83.9,54.06,-
9-Jul-21,84.42,84.42,84.42,84.42,54.39,-
12-Jul-21,84.67,84.67,84.67,84.67,54.55,-
13-Jul-21,84.42,84.42,84.42,84.42,54.39,-
14-Jul-21,84.51,84.51,84.51,84.51,54.45,-
15-Jul-21,84.42,84.42,84.42,84.42,54.39,-
16-Jul-21,84.07,84.07,84.07,84.07,54.17,-
19-Jul-21,83.29,83.29,83.29,83.29,53.66,-
20-Jul-21,84.16,84.16,84.16,84.16,54.23,-
21-Jul-21,84.58,84.58,84.58,84.58,54.5,-
22-Jul-21,84.66,84.66,84.66,84.66,54.55,-
23-Jul-21,85.35,85.35,85.35,85.35,54.99,-
26-Jul-21,85.4,85.4,85.4,85.4,55.02,-
27-Jul-21,85.35,85.35,85.35,85.35,54.99,-
28-Jul-21,85.4,85.4,85.4,85.4,55.02,-
29-Jul-21,85.58,85.58,85.58,85.58,55.14,-
30-Jul-21,85.44,85.44,85.44,85.44,55.05,-
2-Aug-21,85.37,85.37,85.37,85.37,55.01,-
3-Aug-21,85.76,85.76,85.76,85.76,55.26,-
4-Aug-21,85.51,85.51,85.51,85.51,55.1,-
5-Aug-21,85.73,85.73,85.73,85.73,55.24,-
6-Aug-21,85.74,85.74,85.74,85.74,55.24,-
9-Aug-21,85.62,85.62,85.62,85.62,55.17,-
10-Aug-21,85.7,85.7,85.7,85.7,55.22,-
11-Aug-21,85.86,85.86,85.86,85.86,55.32,-
12-Aug-21,86.04,86.04,86.04,86.04,55.44,-
13-Aug-21,86.31,86.31,86.31,86.31,55.61,-
16-Aug-21,86.55,86.55,86.55,86.55,55.77,-
17-Aug-21,86.14,86.14,86.14,86.14,55.5,-
18-Aug-21,85.64,85.64,85.64,85.64,55.18,-
19-Aug-21,85.71,85.71,85.71,85.71,55.22,-
20-Aug-21,86.14,86.14,86.14,86.14,55.5,-
23-Aug-21,86.59,86.59,86.59,86.59,55.79,-
24-Aug-21,86.61,86.61,86.61,86.61,55.8,-
25-Aug-21,86.73,86.73,86.73,86.73,55.88,-
26-Aug-21,86.48,86.48,86.48,86.48,55.72,-
27-Aug-21,87.06,87.06,87.06,87.06,56.09,-
30-Aug-21,87.22,87.22,87.22,87.22,56.2,-
31-Aug-21,87.11,87.11,87.11,87.11,56.13,-
1-Sep-21,87.22,87.22,87.22,87.22,56.2,-
2-Sep-21,87.4,87.4,87.4,87.4,56.31,-
3-Sep-21,87.28,87.28,87.28,87.28,56.24,-
7-Sep-21,86.95,86.95,86.95,86.95,56.02,-
8-Sep-21,86.93,86.93,86.93,86.93,56.01,-
9-Sep-21,86.9,86.9,86.9,86.9,55.99,-
10-Sep-21,86.37,86.37,86.37,86.37,55.65,-
13-Sep-21,86.7,86.7,86.7,86.7,55.86,-
14-Sep-21,86.48,86.48,86.48,86.48,55.72,-
15-Sep-21,86.91,86.91,86.91,86.91,56.0,-
16-Sep-21,86.82,86.82,86.82,86.82,55.94,-
17-Sep-21,85.89,85.89,85.89,85.89,55.55,-
20-Sep-21,85.09,85.09,85.09,85.09,55.03,-
21-Sep-21,85.16,85.16,85.16,85.16,55.08,-
22-Sep-21,85.58,85.58,85.58,85.58,55.35,-
23-Sep-21,86.02,86.02,86.02,86.02,55.63,-
24-Sep-21,86.06,86.06,86.06,86.06,55.66,-
27-Sep-21,85.96,85.96,85.96,85.96,55.59,-
28-Sep-21,84.64,84.64,84.64,84.64,54.74,-
29-Sep-21,84.7,84.7,84.7,84.7,54.78,-
30-Sep-21,83.94,83.94,83.94,83.94,54.29,-
1-Oct-21,84.64,84.64,84.64,84.64,54.74,-
4-Oct-21,83.93,83.93,83.93,83.93,54.28,-
5-Oct-21,84.47,84.47,84.47,84.47,54.63,-
6-Oct-21,84.71,84.71,84.71,84.71,54.79,-
7-Oct-21,85.01,85.01,85.01,85.01,54.98,-
8-Oct-21,84.89,84.89,84.89,84.89,54.9,-
11-Oct-21,84.42,84.42,84.42,84.42,54.6,-
12-Oct-21,84.37,84.37,84.37,84.37,54.57,-
13-Oct-21,84.58,84.58,84.58,84.58,54.7,-
14-Oct-21,85.63,85.63,85.63,85.63,55.38,-
15-Oct-21,85.99,85.99,85.99,85.99,55.61,-
18-Oct-21,86.11,86.11,86.11,86.11,55.69,-
19-Oct-21,86.46,86.46,86.46,86.46,55.92,-
20-Oct-21,86.69,86.69,86.69,86.69,56.07,-
21-Oct-21,86.86,86.86,86.86,86.86,56.18,-
22-Oct-21,86.82,86.82,86.82,86.82,56.15,-
25-Oct-21,86.78,86.78,86.78,86.78,56.12,-
26-Oct-21,86.92,86.92,86.92,86.92,56.21,-
27-Oct-21,87.03,87.03,87.03,87.03,56.29,-
28-Oct-21,87.33,87.33,87.33,87.33,56.48,-
29-Oct-21,87.46,87.46,87.46,87.46,56.56,-
1-Nov-21,87.4,87.4,87.4,87.4,56.53,-
2-Nov-21,87.64,87.64,87.64,87.64,56.68,-
3-Nov-21,87.78,87.78,87.78,87.78,56.77,-
4-Nov-21,88.04,88.04,88.04,88.04,56.94,-
5-Nov-21,88.61,88.61,88.61,88.61,57.31,-
8-Nov-21,88.58,88.58,88.58,88.58,57.29,-
9-Nov-21,88.68,88.68,88.68,88.68,57.35,-
10-Nov-21,87.98,87.98,87.98,87.98,56.9,-
11-Nov-21,87.98,87.98,87.98,87.98,56.9,-
12-Nov-21,88.34,88.34,88.34,88.34,57.13,-
15-Nov-21,88.2,88.2,88.2,88.2,57.04,-
16-Nov-21,88.25,88.25,88.25,88.25,57.07,-
17-Nov-21,88.26,88.26,88.26,88.26,57.08,-
18-Nov-21,88.47,88.47,88.47,88.47,57.22,-
19-Nov-21,88.22,88.22,88.22,88.22,57.06,-
22-Nov-21,87.91,87.91,87.91,87.91,56.86,-
23-Nov-21,88.03,88.03,88.03,88.03,56.93,-
24-Nov-21,88.22,88.22,88.22,88.22,57.06,-
26-Nov-21,87.06,87.06,87.06,87.06,56.31,-
29-Nov-21,87.63,87.63,87.63,87.63,56.67,-
30-Nov-21,86.61,86.61,86.61,86.61,56.01,-
1-Dec-21,86.23,86.23,86.23,86.23,55.77,-
2-Dec-21,86.99,86.99,86.99,86.99,56.26,-
3-Dec-21,86.97,86.97,86.97,86.97,56.25,-
6-Dec-21,87.66,87.66,87.66,87.66,56.69,-
7-Dec-21,88.59,88.59,88.59,88.59,57.29,-
8-Dec-21,88.6,88.6,88.6,88.6,57.3,-
9-Dec-21,88.43,88.43,88.43,88.43,57.19,-
10-Dec-21,88.85,88.85,88.85,88.85,57.46,-
13-Dec-21,88.66,88.66,88.66,88.66,57.34,-
14-Dec-21,88.19,88.19,88.19,88.19,57.04,-
15-Dec-21,89.02,89.02,89.02,89.02,57.57,-
16-Dec-21,88.92,88.92,88.92,88.92,57.51,-
17-Dec-21,88.29,88.29,88.29,88.29,57.1,-
20-Dec-21,87.64,87.64,87.64,87.64,56.68,-
21-Dec-21,88.53,88.53,88.53,88.53,57.26,-
22-Dec-21,89.16,89.16,89.16,89.16,57.66,-
23-Dec-21,89.35,89.35,89.35,89.35,57.79,-
27-Dec-21,90.14,90.14,90.14,90.14,58.3,-
28-Dec-21,90.11,90.11,90.11,90.11,58.28,-
29-Dec-21,83.92,83.92,83.92,83.92,58.23,-
30-Dec-21,83.89,83.89,83.89,83.89,58.21,-
31-Dec-21,83.8,83.8,83.8,83.8,58.15,-
3-Jan-22,83.65,83.65,83.65,83.65,58.05,-
4-Jan-22,83.75,83.75,83.75,83.75,58.11,-
5-Jan-22,82.68,82.68,82.68,82.68,57.37,-
6-Jan-22,82.54,82.54,82.54,82.54,57.28,-
7-Jan-22,82.3,82.3,82.3,82.3,57.11,-
10-Jan-22,82.16,82.16,82.16,82.16,57.01,-
11-Jan-22,82.7,82.7,82.7,82.7,57.39,-
12-Jan-22,82.91,82.91,82.91,82.91,57.53,-
13-Jan-22,82.3,82.3,82.3,82.3,57.11,-
14-Jan-22,82.13,82.13,82.13,82.13,56.99,-
18-Jan-22,80.87,80.87,80.87,80.87,56.12,-
19-Jan-22,80.62,80.62,80.62,80.62,55.94,-
20-Jan-22,80.22,80.22,80.22,80.22,55.67,-
21-Jan-22,79.6,79.6,79.6,79.6,55.24,-
24-Jan-22,79.6,79.6,79.6,79.6,55.24,-
25-Jan-22,79.05,79.05,79.05,79.05,54.85,-
26-Jan-22,79.01,79.01,79.01,79.01,54.83,-
27-Jan-22,79,79.0,79.0,79.0,54.82,-
28-Jan-22,80.09,80.09,80.09,80.09,55.58,-
31-Jan-22,80.69,80.69,80.69,80.69,55.99,-
1-Feb-22,80.99,80.99,80.99,80.99,56.2,-
2-Feb-22,81.71,81.71,81.71,81.71,56.7,-
3-Feb-22,80.16,80.16,80.16,80.16,55.62,-
4-Feb-22,80.09,80.09,80.09,80.09,55.58,-
7-Feb-22,79.87,79.87,79.87,79.87,55.42,-
8-Feb-22,80.17,80.17,80.17,80.17,55.63,-
9-Feb-22,80.86,80.86,80.86,80.86,56.11,-
10-Feb-22,79.69,79.69,79.69,79.69,55.3,-
11-Feb-22,78.93,78.93,78.93,78.93,54.77,-
14-Feb-22,78.52,78.52,78.52,78.52,54.49,-
15-Feb-22,79.03,79.03,79.03,79.03,54.84,-
16-Feb-22,79.13,79.13,79.13,79.13,54.91,-
17-Feb-22,78.12,78.12,78.12,78.12,54.21,-
18-Feb-22,77.88,77.88,77.88,77.88,54.04,-
22-Feb-22,77.43,77.43,77.43,77.43,53.73,-
23-Feb-22,76.46,76.46,76.46,76.46,53.06,-
24-Feb-22,76.95,76.95,76.95,76.95,53.4,-
25-Feb-22,78.16,78.16,78.16,78.16,54.24,-
28-Feb-22,78.07,78.07,78.07,78.07,54.17,-
1-Mar-22,77.35,77.35,77.35,77.35,53.67,-
2-Mar-22,77.99,77.99,77.99,77.99,54.12,-
3-Mar-22,77.63,77.63,77.63,77.63,53.87,-
4-Mar-22,77.12,77.12,77.12,77.12,53.51,-
7-Mar-22,75.28,75.28,75.28,75.28,52.24,-
8-Mar-22,74.72,74.72,74.72,74.72,51.85,-
9-Mar-22,76.16,76.16,76.16,76.16,52.85,-
10-Mar-22,75.76,75.76,75.76,75.76,52.57,-
11-Mar-22,75.23,75.23,75.23,75.23,52.2,-
14-Mar-22,74.85,74.85,74.85,74.85,51.94,-
15-Mar-22,75.78,75.78,75.78,75.78,52.58,-
16-Mar-22,76.98,76.98,76.98,76.98,53.42,-
17-Mar-22,77.64,77.64,77.64,77.64,53.88,-
18-Mar-22,77.86,77.86,77.86,77.86,54.27,-
21-Mar-22,77.47,77.47,77.47,77.47,53.99,-
22-Mar-22,77.96,77.96,77.96,77.96,54.34,-
23-Mar-22,77.5,77.5,77.5,77.5,54.02,-
24-Mar-22,78.04,78.04,78.04,78.04,54.39,-
25-Mar-22,78.1,78.1,78.1,78.1,54.43,-
28-Mar-22,78.44,78.44,78.44,78.44,54.67,-
29-Mar-22,79.22,79.22,79.22,79.22,55.21,-
30-Mar-22,79.03,79.03,79.03,79.03,55.08,-
31-Mar-22,78.12,78.12,78.12,78.12,54.45,-
1-Apr-22,78.39,78.39,78.39,78.39,54.64,-
4-Apr-22,78.61,78.61,78.61,78.61,54.79,-
5-Apr-22,77.9,77.9,77.9,77.9,54.29,-
6-Apr-22,77.5,77.5,77.5,77.5,54.02,-
7-Apr-22,77.64,77.64,77.64,77.64,54.11,-
8-Apr-22,77.47,77.47,77.47,77.47,53.99,-
11-Apr-22,76.59,76.59,76.59,76.59,53.38,-
12-Apr-22,76.37,76.37,76.37,76.37,53.23,-
13-Apr-22,76.98,76.98,76.98,76.98,53.65,-
14-Apr-22,76.24,76.24,76.24,76.24,53.14,-
18-Apr-22,75.9,75.9,75.9,75.9,52.9,-
19-Apr-22,76.51,76.51,76.51,76.51,53.33,-
20-Apr-22,76.83,76.83,76.83,76.83,53.55,-
21-Apr-22,75.88,75.88,75.88,75.88,52.89,-
22-Apr-22,74.31,74.31,74.31,74.31,51.79,-
25-Apr-22,74.72,74.72,74.72,74.72,52.08,-
26-Apr-22,73.69,73.69,73.69,73.69,51.36,-
27-Apr-22,73.72,73.72,73.72,73.72,51.38,-
28-Apr-22,74.95,74.95,74.95,74.95,52.24,-
29-Apr-22,73.19,73.19,73.19,73.19,51.01,-
2-May-22,73.17,73.17,73.17,73.17,51.0,-
3-May-22,73.52,73.52,73.52,73.52,51.24,-
4-May-22,74.88,74.88,74.88,74.88,52.19,-
5-May-22,73.12,73.12,73.12,73.12,50.96,-
6-May-22,72.65,72.65,72.65,72.65,50.63,-
9-May-22,71.42,71.42,71.42,71.42,49.78,-
10-May-22,71.63,71.63,71.63,71.63,49.92,-
11-May-22,71.22,71.22,71.22,71.22,49.64,-
12-May-22,71.12,71.12,71.12,71.12,49.57,-
13-May-22,71.99,71.99,71.99,71.99,50.17,-
16-May-22,71.95,71.95,71.95,71.95,50.15,-
17-May-22,72.59,72.59,72.59,72.59,50.59,-
18-May-22,71.12,71.12,71.12,71.12,49.57,-
19-May-22,71.01,71.01,71.01,71.01,49.49,-
20-May-22,71.23,71.23,71.23,71.23,49.65,-
23-May-22,72.07,72.07,72.07,72.07,50.23,-
24-May-22,72.06,72.06,72.06,72.06,50.22,-
25-May-22,72.55,72.55,72.55,72.55,50.57,-
26-May-22,73.54,73.54,73.54,73.54,51.26,-
27-May-22,74.57,74.57,74.57,74.57,51.97,-
31-May-22,74.12,74.12,74.12,74.12,51.66,-
1-Jun-22,73.63,73.63,73.63,73.63,51.32,-
2-Jun-22,74.49,74.49,74.49,74.49,51.92,-
3-Jun-22,73.83,73.83,73.83,73.83,51.46,-
6-Jun-22,73.75,73.75,73.75,73.75,51.4,-
7-Jun-22,74.23,74.23,74.23,74.23,51.74,-
8-Jun-22,73.61,73.61,73.61,73.61,51.3,-
9-Jun-22,72.44,72.44,72.44,72.44,50.49,-
10-Jun-22,70.89,70.89,70.89,70.89,49.41,-
13-Jun-22,68.79,68.79,68.79,68.79,47.94,-
14-Jun-22,68.37,68.37,68.37,68.37,47.65,-
15-Jun-22,69.26,69.26,69.26,69.26,48.27,-
16-Jun-22,68.09,68.09,68.09,68.09,47.46,-
17-Jun-22,67.68,67.68,67.68,67.68,47.43,-
21-Jun-22,68.61,68.61,68.61,68.61,48.08,-
22-Jun-22,68.77,68.77,68.77,68.77,48.2,-
23-Jun-22,69.24,69.24,69.24,69.24,48.53,-
24-Jun-22,70.59,70.59,70.59,70.59,49.47,-
27-Jun-22,70.37,70.37,70.37,70.37,49.32,-
28-Jun-22,69.56,69.56,69.56,69.56,48.75,-
29-Jun-22,69.84,69.84,69.84,69.84,48.95,-
30-Jun-22,69.62,69.62,69.62,69.62,48.79,-
1-Jul-22,70.22,70.22,70.22,70.22,49.21,-
5-Jul-22,70.13,70.13,70.13,70.13,49.15,-
6-Jul-22,70.17,70.17,70.17,70.17,49.18,-
7-Jul-22,70.73,70.73,70.73,70.73,49.57,-
8-Jul-22,70.65,70.65,70.65,70.65,49.51,-
11-Jul-22,70.34,70.34,70.34,70.34,49.3,-
12-Jul-22,69.92,69.92,69.92,69.92,49.0,-
13-Jul-22,69.75,69.75,69.75,69.75,48.88,-
14-Jul-22,69.34,69.34,69.34,69.34,48.6,-
15-Jul-22,70.33,70.33,70.33,70.33,49.29,-
18-Jul-22,69.86,69.86,69.86,69.86,48.96,-
19-Jul-22,71.04,71.04,71.04,71.04,49.79,-
20-Jul-22,71.05,71.05,71.05,71.05,49.79,-
21-Jul-22,71.6,71.6,71.6,71.6,50.18,-
22-Jul-22,71.57,71.57,71.57,71.57,50.16,-
25-Jul-22,71.56,71.56,71.56,71.56,50.15,-
26-Jul-22,71.1,71.1,71.1,71.1,49.83,-
27-Jul-22,72.15,72.15,72.15,72.15,50.57,-
28-Jul-22,72.98,72.98,72.98,72.98,51.15,-
29-Jul-22,73.56,73.56,73.56,73.56,51.55,-
1-Aug-22,73.56,73.56,73.56,73.56,51.55,-
2-Aug-22,72.89,72.89,72.89,72.89,51.08,-
3-Aug-22,73.82,73.82,73.82,73.82,51.74,-
4-Aug-22,73.98,73.98,73.98,73.98,51.85,-
5-Aug-22,73.71,73.71,73.71,73.71,51.66,-
8-Aug-22,73.76,73.76,73.76,73.76,51.69,-
9-Aug-22,73.59,73.59,73.59,73.59,51.57,-
10-Aug-22,74.51,74.51,74.51,74.51,52.22,-
11-Aug-22,74.37,74.37,74.37,74.37,52.12,-
12-Aug-22,75.34,75.34,75.34,75.34,52.8,-
15-Aug-22,75.5,75.5,75.5,75.5,52.91,-
16-Aug-22,75.63,75.63,75.63,75.63,53.0,-
17-Aug-22,75.16,75.16,75.16,75.16,52.68,-
18-Aug-22,75.31,75.31,75.31,75.31,52.78,-
19-Aug-22,74.59,74.59,74.59,74.59,52.28,-
22-Aug-22,73.59,73.59,73.59,73.59,51.57,-
23-Aug-22,73.37,73.37,73.37,73.37,51.42,-
24-Aug-22,73.41,73.41,73.41,73.41,51.45,-
25-Aug-22,74.18,74.18,74.18,74.18,51.99,-
26-Aug-22,72.67,72.67,72.67,72.67,50.93,-
29-Aug-22,72.3,72.3,72.3,72.3,50.67,-
30-Aug-22,71.8,71.8,71.8,71.8,50.32,-
31-Aug-22,71.31,71.31,71.31,71.31,49.98,-
1-Sep-22,71.36,71.36,71.36,71.36,50.01,-
2-Sep-22,70.95,70.95,70.95,70.95,49.72,-
6-Sep-22,70.63,70.63,70.63,70.63,49.5,-
7-Sep-22,71.6,71.6,71.6,71.6,50.18,-
8-Sep-22,71.84,71.84,71.84,71.84,50.35,-
9-Sep-22,72.54,72.54,72.54,72.54,50.84,-
12-Sep-22,72.96,72.96,72.96,72.96,51.13,-
13-Sep-22,70.91,70.91,70.91,70.91,49.7,-
14-Sep-22,71.06,71.06,71.06,71.06,49.8,-
15-Sep-22,70.61,70.61,70.61,70.61,49.49,-
16-Sep-22,69.86,69.86,69.86,69.86,49.22,-
19-Sep-22,70.16,70.16,70.16,70.16,49.43,-
20-Sep-22,69.52,69.52,69.52,69.52,48.98,-
21-Sep-22,68.83,68.83,68.83,68.83,48.49,-
22-Sep-22,68.26,68.26,68.26,68.26,48.09,-
23-Sep-22,67.42,67.42,67.42,67.42,47.5,-
26-Sep-22,66.64,66.64,66.64,66.64,46.95,-
27-Sep-22,66.25,66.25,66.25,66.25,46.67,-
28-Sep-22,67.37,67.37,67.37,67.37,47.46,-
29-Sep-22,66.48,66.48,66.48,66.48,46.83,-
30-Sep-22,65.89,65.89,65.89,65.89,46.42,-
3-Oct-22,67.3,67.3,67.3,67.3,47.41,-
4-Oct-22,68.71,68.71,68.71,68.71,48.4,-
5-Oct-22,68.46,68.46,68.46,68.46,48.23,-
6-Oct-22,67.85,67.85,67.85,67.85,47.8,-
7-Oct-22,66.73,66.73,66.73,66.73,47.01,-
10-Oct-22,66.3,66.3,66.3,66.3,46.71,-
11-Oct-22,65.99,65.99,65.99,65.99,46.49,-
12-Oct-22,65.81,65.81,65.81,65.81,46.36,-
13-Oct-22,66.72,66.72,66.72,66.72,47.0,-
14-Oct-22,65.51,65.51,65.51,65.51,46.15,-
17-Oct-22,66.57,66.57,66.57,66.57,46.9,-
18-Oct-22,67.11,67.11,67.11,67.11,47.28,-
19-Oct-22,66.62,66.62,66.62,66.62,46.93,-
20-Oct-22,66.25,66.25,66.25,66.25,46.67,-
21-Oct-22,67.16,67.16,67.16,67.16,47.31,-
24-Oct-22,67.65,67.65,67.65,67.65,47.66,-
25-Oct-22,68.54,68.54,68.54,68.54,48.29,-
26-Oct-22,68.39,68.39,68.39,68.39,48.18,-
27-Oct-22,68.37,68.37,68.37,68.37,48.17,-
28-Oct-22,69.41,69.41,69.41,69.41,48.9,-
31-Oct-22,68.94,68.94,68.94,68.94,48.57,-
1-Nov-22,68.88,68.88,68.88,68.88,48.52,-
2-Nov-22,67.9,67.9,67.9,67.9,47.83,-
3-Nov-22,67.34,67.34,67.34,67.34,47.44,-
4-Nov-22,68,68.0,68.0,68.0,47.9,-
7-Nov-22,68.4,68.4,68.4,68.4,48.19,-
8-Nov-22,68.68,68.68,68.68,68.68,48.38,-
9-Nov-22,67.9,67.9,67.9,67.9,47.83,-
10-Nov-22,70.59,70.59,70.59,70.59,49.73,-
11-Nov-22,70.68,70.68,70.68,70.68,49.79,-
14-Nov-22,70.27,70.27,70.27,70.27,49.5,-
15-Nov-22,70.81,70.81,70.81,70.81,49.88,-
16-Nov-22,70.79,70.79,70.79,70.79,49.87,-
17-Nov-22,70.62,70.62,70.62,70.62,49.75,-
18-Nov-22,70.91,70.91,70.91,70.91,49.95,-
21-Nov-22,70.79,70.79,70.79,70.79,49.87,-
22-Nov-22,71.59,71.59,71.59,71.59,50.43,-
23-Nov-22,72.02,72.02,72.02,72.02,50.74,-
25-Nov-22,72.14,72.14,72.14,72.14,50.82,-
28-Nov-22,71.45,71.45,71.45,71.45,50.34,-
29-Nov-22,71.35,71.35,71.35,71.35,50.26,-
30-Nov-22,72.86,72.86,72.86,72.86,51.33,-
1-Dec-22,73.03,73.03,73.03,73.03,51.45,-
2-Dec-22,73.17,73.17,73.17,73.17,51.55,-
5-Dec-22,72.38,72.38,72.38,72.38,50.99,-
6-Dec-22,71.97,71.97,71.97,71.97,50.7,-
7-Dec-22,72.08,72.08,72.08,72.08,50.78,-
8-Dec-22,72.3,72.3,72.3,72.3,50.93,-
9-Dec-22,71.72,71.72,71.72,71.72,50.53,-
12-Dec-22,72.32,72.32,72.32,72.32,50.95,-
13-Dec-22,72.7,72.7,72.7,72.7,51.22,-
14-Dec-22,72.64,72.64,72.64,72.64,51.17,-
15-Dec-22,71.62,71.62,71.62,71.62,50.45,-
16-Dec-22,71.06,71.06,71.06,71.06,50.06,-
19-Dec-22,70.6,70.6,70.6,70.6,49.74,-
20-Dec-22,70.55,70.55,70.55,70.55,49.7,-
21-Dec-22,71.3,71.3,71.3,71.3,50.23,-
22-Dec-22,70.77,70.77,70.77,70.77,49.86,-
23-Dec-22,70.99,70.99,70.99,70.99,50.01,-
27-Dec-22,70.79,70.79,70.79,70.79,49.87,-
28-Dec-22,65.84,65.84,65.84,65.84,49.46,-
29-Dec-22,66.53,66.53,66.53,66.53,49.98,-
30-Dec-22,66.33,66.33,66.33,66.33,49.83,-
3-Jan-23,66.33,66.33,66.33,66.33,49.83,-
4-Jan-23,66.53,66.53,66.53,66.53,49.98,-
5-Jan-23,66.07,66.07,66.07,66.07,49.64,-
6-Jan-23,67.25,67.25,67.25,67.25,50.52,-
9-Jan-23,67.29,67.29,67.29,67.29,50.55,-
10-Jan-23,67.43,67.43,67.43,67.43,50.66,-
11-Jan-23,67.94,67.94,67.94,67.94,51.04,-
12-Jan-23,68.32,68.32,68.32,68.32,51.33,-
13-Jan-23,68.42,68.42,68.42,68.42,51.4,-
17-Jan-23,68.27,68.27,68.27,68.27,51.29,-
18-Jan-23,67.81,67.81,67.81,67.81,50.94,-
19-Jan-23,67.37,67.37,67.37,67.37,50.61,-
20-Jan-23,67.9,67.9,67.9,67.9,51.01,-
23-Jan-23,68.17,68.17,68.17,68.17,51.21,-
24-Jan-23,68.25,68.25,68.25,68.25,51.27,-
25-Jan-23,68.33,68.33,68.33,68.33,51.33,-
26-Jan-23,68.6,68.6,68.6,68.6,51.54,-
27-Jan-23,68.56,68.56,68.56,68.56,51.51,-
30-Jan-23,68.11,68.11,68.11,68.11,51.17,-
31-Jan-23,68.82,68.82,68.82,68.82,51.7,-
1-Feb-23,69.16,69.16,69.16,69.16,51.96,-
2-Feb-23,69.53,69.53,69.53,69.53,52.24,-
3-Feb-23,68.94,68.94,68.94,68.94,51.79,-
6-Feb-23,68.63,68.63,68.63,68.63,51.56,-
7-Feb-23,69.11,69.11,69.11,69.11,51.92,-
8-Feb-23,68.67,68.67,68.67,68.67,51.59,-
9-Feb-23,68.2,68.2,68.2,68.2,51.24,-
10-Feb-23,68.36,68.36,68.36,68.36,51.36,-
13-Feb-23,68.87,68.87,68.87,68.87,51.74,-
14-Feb-23,68.79,68.79,68.79,68.79,51.68,-
15-Feb-23,68.78,68.78,68.78,68.78,51.67,-
16-Feb-23,68.19,68.19,68.19,68.19,51.23,-
17-Feb-23,68.2,68.2,68.2,68.2,51.24,-
21-Feb-23,67.2,67.2,67.2,67.2,50.48,-
22-Feb-23,67.12,67.12,67.12,67.12,50.42,-
23-Feb-23,67.31,67.31,67.31,67.31,50.57,-
24-Feb-23,66.72,66.72,66.72,66.72,50.12,-
27-Feb-23,66.77,66.77,66.77,66.77,50.16,-
28-Feb-23,66.58,66.58,66.58,66.58,50.02,-
1-Mar-23,66.34,66.34,66.34,66.34,49.84,-
2-Mar-23,66.66,66.66,66.66,66.66,50.08,-
3-Mar-23,67.51,67.51,67.51,67.51,50.72,-
6-Mar-23,67.48,67.48,67.48,67.48,50.7,-
7-Mar-23,66.82,66.82,66.82,66.82,50.2,-
8-Mar-23,66.89,66.89,66.89,66.89,50.25,-
9-Mar-23,66.12,66.12,66.12,66.12,49.67,-
10-Mar-23,65.68,65.68,65.68,65.68,49.34,-
13-Mar-23,65.72,65.72,65.72,65.72,49.37,-
14-Mar-23,66.32,66.32,66.32,66.32,49.82,-
15-Mar-23,66.07,66.07,66.07,66.07,49.64,-
16-Mar-23,66.77,66.77,66.77,66.77,50.16,-
17-Mar-23,66.17,66.17,66.17,66.17,49.98,-
20-Mar-23,66.45,66.45,66.45,66.45,50.19,-
21-Mar-23,66.91,66.91,66.91,66.91,50.54,-
22-Mar-23,66.51,66.51,66.51,66.51,50.24,-
23-Mar-23,66.64,66.64,66.64,66.64,50.34,-
24-Mar-23,66.88,66.88,66.88,66.88,50.52,-
27-Mar-23,66.78,66.78,66.78,66.78,50.44,-
28-Mar-23,66.7,66.7,66.7,66.7,50.38,-
29-Mar-23,67.27,67.27,67.27,67.27,50.81,-
30-Mar-23,67.55,67.55,67.55,67.55,51.02,-
31-Mar-23,68.18,68.18,68.18,68.18,51.5,-
3-Apr-23,68.61,68.61,68.61,68.61,51.82,-
4-Apr-23,68.48,68.48,68.48,68.48,51.73,-
5-Apr-23,68.5,68.5,68.5,68.5,51.74,-
6-Apr-23,68.72,68.72,68.72,68.72,51.91,-
10-Apr-23,68.62,68.62,68.62,68.62,51.83,-
11-Apr-23,68.66,68.66,68.66,68.66,51.86,-
12-Apr-23,68.65,68.65,68.65,68.65,51.85,-
13-Apr-23,69.05,69.05,69.05,69.05,52.16,-
14-Apr-23,68.83,68.83,68.83,68.83,51.99,-
17-Apr-23,68.83,68.83,68.83,68.83,51.99,-
18-Apr-23,68.91,68.91,68.91,68.91,52.05,-
19-Apr-23,68.77,68.77,68.77,68.77,51.94,-
20-Apr-23,68.77,68.77,68.77,68.77,51.94,-
21-Apr-23,68.79,68.79,68.79,68.79,51.96,-
24-Apr-23,68.95,68.95,68.95,68.95,52.08,-
25-Apr-23,68.46,68.46,68.46,68.46,51.71,-
26-Apr-23,68.3,68.3,68.3,68.3,51.59,-
27-Apr-23,69.16,69.16,69.16,69.16,52.24,-
28-Apr-23,69.59,69.59,69.59,69.59,52.56,-
1-May-23,69.26,69.26,69.26,69.26,52.31,-
2-May-23,68.97,68.97,68.97,68.97,52.1,-
3-May-23,68.73,68.73,68.73,68.73,51.91,-
4-May-23,68.48,68.48,68.48,68.48,51.73,-
5-May-23,69.18,69.18,69.18,69.18,52.25,-
8-May-23,69.08,69.08,69.08,69.08,52.18,-
9-May-23,68.95,68.95,68.95,68.95,52.08,-
10-May-23,69.22,69.22,69.22,69.22,52.28,-
11-May-23,69.19,69.19,69.19,69.19,52.26,-
12-May-23,69.05,69.05,69.05,69.05,52.16,-
15-May-23,69.1,69.1,69.1,69.1,52.19,-
16-May-23,68.74,68.74,68.74,68.74,51.92,-
17-May-23,69.19,69.19,69.19,69.19,52.26,-
18-May-23,69.4,69.4,69.4,69.4,52.42,-
19-May-23,69.27,69.27,69.27,69.27,52.32,-
22-May-23,69.26,69.26,69.26,69.26,52.31,-
23-May-23,68.79,68.79,68.79,68.79,51.96,-
24-May-23,68.4,68.4,68.4,68.4,51.66,-
25-May-23,68.43,68.43,68.43,68.43,51.69,-
26-May-23,69.01,69.01,69.01,69.01,52.13,-
30-May-23,68.94,68.94,68.94,68.94,52.07,-
31-May-23,68.83,68.83,68.83,68.83,51.99,-
1-Jun-23,69.34,69.34,69.34,69.34,52.37,-
2-Jun-23,69.93,69.93,69.93,69.93,52.82,-
5-Jun-23,69.78,69.78,69.78,69.78,52.71,-
6-Jun-23,69.94,69.94,69.94,69.94,52.83,-
7-Jun-23,69.57,69.57,69.57,69.57,52.55,-
8-Jun-23,69.89,69.89,69.89,69.89,52.79,-
9-Jun-23,69.89,69.89,69.89,69.89,52.79,-
12-Jun-23,70.29,70.29,70.29,70.29,53.09,-
13-Jun-23,70.44,70.44,70.44,70.44,53.21,-
14-Jun-23,70.29,70.29,70.29,70.29,53.09,-
15-Jun-23,71.11,71.11,71.11,71.11,53.71,-
16-Jun-23,70.47,70.47,70.47,70.47,53.53,-
20-Jun-23,70.17,70.17,70.17,70.17,53.31,-
21-Jun-23,70.03,70.03,70.03,70.03,53.2,-
22-Jun-23,70.12,70.12,70.12,70.12,53.27,-
23-Jun-23,69.84,69.84,69.84,69.84,53.06,-
26-Jun-23,69.66,69.66,69.66,69.66,52.92,-
27-Jun-23,70.08,70.08,70.08,70.08,53.24,-
28-Jun-23,70.04,70.04,70.04,70.04,53.21,-
29-Jun-23,70,70.0,70.0,70.0,53.18,-
30-Jun-23,70.61,70.61,70.61,70.61,53.64,-
3-Jul-23,70.51,70.51,70.51,70.51,53.57,-
5-Jul-23,70.32,70.32,70.32,70.32,53.42,-
6-Jul-23,69.69,69.69,69.69,69.69,52.94,-
7-Jul-23,69.53,69.53,69.53,69.53,52.82,-
10-Jul-23,69.53,69.53,69.53,69.53,52.82,-
11-Jul-23,70.15,70.15,70.15,70.15,53.29,-
12-Jul-23,70.75,70.75,70.75,70.75,53.75,-
13-Jul-23,71.22,71.22,71.22,71.22,54.1,-
14-Jul-23,71.16,71.16,71.16,71.16,54.06,-
17-Jul-23,71.25,71.25,71.25,71.25,54.13,-
18-Jul-23,71.59,71.59,71.59,71.59,54.39,-
19-Jul-23,71.78,71.78,71.78,71.78,54.53,-
20-Jul-23,71.44,71.44,71.44,71.44,54.27,-
21-Jul-23,71.6,71.6,71.6,71.6,54.39,-
24-Jul-23,71.72,71.72,71.72,71.72,54.48,-
25-Jul-23,71.87,71.87,71.87,71.87,54.6,-
26-Jul-23,71.85,71.85,71.85,71.85,54.58,-
27-Jul-23,71.27,71.27,71.27,71.27,54.14,-
28-Jul-23,71.9,71.9,71.9,71.9,54.62,-
31-Jul-23,72.02,72.02,72.02,72.02,54.71,-
1-Aug-23,71.77,71.77,71.77,71.77,54.52,-
2-Aug-23,70.98,70.98,70.98,70.98,53.92,-
3-Aug-23,70.68,70.68,70.68,70.68,53.69,-
4-Aug-23,70.76,70.76,70.76,70.76,53.76,-
7-Aug-23,71.14,71.14,71.14,71.14,54.04,-
8-Aug-23,71,71.0,71.0,71.0,53.94,-
9-Aug-23,70.87,70.87,70.87,70.87,53.84,-
10-Aug-23,70.73,70.73,70.73,70.73,53.73,-
11-Aug-23,70.64,70.64,70.64,70.64,53.66,-
14-Aug-23,70.78,70.78,70.78,70.78,53.77,-
15-Aug-23,70.2,70.2,70.2,70.2,53.33,-
16-Aug-23,69.95,69.95,69.95,69.95,53.14,-
17-Aug-23,69.63,69.63,69.63,69.63,52.9,-
18-Aug-23,69.57,69.57,69.57,69.57,52.85,-
21-Aug-23,69.65,69.65,69.65,69.65,52.91,-
22-Aug-23,69.58,69.58,69.58,69.58,52.86,-
23-Aug-23,70.28,70.28,70.28,70.28,53.39,-
24-Aug-23,69.6,69.6,69.6,69.6,52.87,-
25-Aug-23,69.86,69.86,69.86,69.86,53.07,-
28-Aug-23,70.2,70.2,70.2,70.2,53.33,-
29-Aug-23,70.88,70.88,70.88,70.88,53.85,-
30-Aug-23,71.01,71.01,71.01,71.01,53.94,-
31-Aug-23,70.9,70.9,70.9,70.9,53.86,-
1-Sep-23,71.02,71.02,71.02,71.02,53.95,-
5-Sep-23,70.65,70.65,70.65,70.65,53.67,-
6-Sep-23,70.33,70.33,70.33,70.33,53.43,-
7-Sep-23,70.41,70.41,70.41,70.41,53.49,-
8-Sep-23,70.51,70.51,70.51,70.51,53.57,-
11-Sep-23,70.69,70.69,70.69,70.69,53.7,-
12-Sep-23,70.42,70.42,70.42,70.42,53.5,-
13-Sep-23,70.61,70.61,70.61,70.61,53.64,-
14-Sep-23,71.01,71.01,71.01,71.01,53.94,-
15-Sep-23,70.04,70.04,70.04,70.04,53.51,-
18-Sep-23,70.12,70.12,70.12,70.12,53.58,-
19-Sep-23,69.93,69.93,69.93,69.93,53.43,-
20-Sep-23,69.54,69.54,69.54,69.54,53.13,-
21-Sep-23,68.65,68.65,68.65,68.65,52.45,-
22-Sep-23,68.67,68.67,68.67,68.67,52.47,-
25-Sep-23,68.7,68.7,68.7,68.7,52.49,-
26-Sep-23,67.94,67.94,67.94,67.94,51.91,-
27-Sep-23,67.91,67.91,67.91,67.91,51.89,-
28-Sep-23,68.22,68.22,68.22,68.22,52.12,-
29-Sep-23,68.05,68.05,68.05,68.05,51.99,-
2-Oct-23,67.91,67.91,67.91,67.91,51.89,-
3-Oct-23,67.12,67.12,67.12,67.12,51.28,-
4-Oct-23,67.59,67.59,67.59,67.59,51.64,-
5-Oct-23,67.6,67.6,67.6,67.6,51.65,-
6-Oct-23,68.11,68.11,68.11,68.11,52.04,-
9-Oct-23,68.66,68.66,68.66,68.66,52.46,-
10-Oct-23,68.88,68.88,68.88,68.88,52.63,-
11-Oct-23,69.22,69.22,69.22,69.22,52.89,-
12-Oct-23,68.74,68.74,68.74,68.74,52.52,-
13-Oct-23,68.73,68.73,68.73,68.73,52.51,-
16-Oct-23,69.14,69.14,69.14,69.14,52.83,-
17-Oct-23,69.04,69.04,69.04,69.04,52.75,-
18-Oct-23,68.34,68.34,68.34,68.34,52.22,-
19-Oct-23,68.03,68.03,68.03,68.03,51.98,-
20-Oct-23,67.58,67.58,67.58,67.58,51.64,-
23-Oct-23,67.59,67.59,67.59,67.59,51.64,-
24-Oct-23,67.92,67.92,67.92,67.92,51.9,-
25-Oct-23,67.12,67.12,67.12,67.12,51.28,-
26-Oct-23,66.74,66.74,66.74,66.74,50.99,-
27-Oct-23,66.66,66.66,66.66,66.66,50.93,-
30-Oct-23,67.09,67.09,67.09,67.09,51.26,-
31-Oct-23,67.32,67.32,67.32,67.32,51.44,-
1-Nov-23,67.9,67.9,67.9,67.9,51.88,-
2-Nov-23,68.82,68.82,68.82,68.82,52.58,-
3-Nov-23,69.28,69.28,69.28,69.28,52.93,-
6-Nov-23,69.25,69.25,69.25,69.25,52.91,-
7-Nov-23,69.44,69.44,69.44,69.44,53.06,-
8-Nov-23,69.48,69.48,69.48,69.48,53.09,-
9-Nov-23,69.02,69.02,69.02,69.02,52.74,-
10-Nov-23,69.7,69.7,69.7,69.7,53.26,-
13-Nov-23,69.6,69.6,69.6,69.6,53.18,-
14-Nov-23,70.71,70.71,70.71,70.71,54.03,-
15-Nov-23,70.63,70.63,70.63,70.63,53.97,-
16-Nov-23,70.96,70.96,70.96,70.96,54.22,-
17-Nov-23,71.08,71.08,71.08,71.08,54.31,-
20-Nov-23,71.45,71.45,71.45,71.45,54.59,-
21-Nov-23,71.39,71.39,71.39,71.39,54.55,-
22-Nov-23,71.68,71.68,71.68,71.68,54.77,-
24-Nov-23,71.65,71.65,71.65,71.65,54.74,-
27-Nov-23,71.68,71.68,71.68,71.68,54.77,-
28-Nov-23,71.78,71.78,71.78,71.78,54.84,-
29-Nov-23,71.75,71.75,71.75,71.75,54.82,-
30-Nov-23,71.86,71.86,71.86,71.86,54.91,-
1-Dec-23,72.28,72.28,72.28,72.28,55.23,-
4-Dec-23,71.94,71.94,71.94,71.94,54.97,-
5-Dec-23,71.99,71.99,71.99,71.99,55.0,-
6-Dec-23,71.86,71.86,71.86,71.86,54.91,-
7-Dec-23,72.23,72.23,72.23,72.23,55.19,-
8-Dec-23,72.2,72.2,72.2,72.2,55.17,-
11-Dec-23,72.38,72.38,72.38,72.38,55.3,-
12-Dec-23,72.56,72.56,72.56,72.56,55.44,-
13-Dec-23,73.41,73.41,73.41,73.41,56.09,-
14-Dec-23,73.71,73.71,73.71,73.71,56.32,-
15-Dec-23,70.46,70.46,70.46,70.46,56.25,-
18-Dec-23,70.6,70.6,70.6,70.6,56.37,-
19-Dec-23,70.96,70.96,70.96,70.96,56.65,-
20-Dec-23,70.49,70.49,70.49,70.49,56.28,-
21-Dec-23,70.97,70.97,70.97,70.97,56.66,-
22-Dec-23,71.07,71.07,71.07,71.07,56.74,-
26-Dec-23,71.3,71.3,71.3,71.3,56.92,-
27-Dec-23,71.58,71.58,71.58,71.58,57.15,-
28-Dec-23,71.54,71.54,71.54,71.54,57.12,-
29-Dec-23,71.4,71.4,71.4,71.4,57.0,-
2-Jan-24,71,71.0,71.0,71.0,56.69,-
3-Jan-24,70.73,70.73,70.73,70.73,56.47,-
4-Jan-24,70.45,70.45,70.45,70.45,56.25,-
5-Jan-24,70.4,70.4,70.4,70.4,56.21,-
8-Jan-24,71.07,71.07,71.07,71.07,56.74,-
9-Jan-24,71.02,71.02,71.02,71.02,56.7,-
10-Jan-24,71.27,71.27,71.27,71.27,56.9,-
11-Jan-24,71.39,71.39,71.39,71.39,57.0,-
12-Jan-24,71.46,71.46,71.46,71.46,57.05,-
16-Jan-24,70.95,70.95,70.95,70.95,56.65,-
17-Jan-24,70.65,70.65,70.65,70.65,56.41,-
18-Jan-24,70.98,70.98,70.98,70.98,56.67,-
19-Jan-24,71.5,71.5,71.5,71.5,57.08,-
22-Jan-24,71.58,71.58,71.58,71.58,57.15,-
23-Jan-24,71.67,71.67,71.67,71.67,57.22,-
24-Jan-24,71.77,71.77,71.77,71.77,57.3,-
25-Jan-24,72.08,72.08,72.08,72.08,57.55,-
26-Jan-24,72.02,72.02,72.02,72.02,57.5,-
29-Jan-24,72.39,72.39,72.39,72.39,57.8,-
30-Jan-24,72.42,72.42,72.42,72.42,57.82,-
31-Jan-24,71.77,71.77,71.77,71.77,57.3,-
1-Feb-24,72.57,72.57,72.57,72.57,57.94,-
2-Feb-24,72.86,72.86,72.86,72.86,58.17,-
5-Feb-24,72.42,72.42,72.42,72.42,57.82,-
6-Feb-24,72.58,72.58,72.58,72.58,57.95,-
7-Feb-24,72.91,72.91,72.91,72.91,58.21,-
8-Feb-24,72.78,72.78,72.78,72.78,58.11,-
9-Feb-24,72.97,72.97,72.97,72.97,58.26,-
12-Feb-24,72.97,72.97,72.97,72.97,58.26,-
13-Feb-24,72.1,72.1,72.1,72.1,57.56,-
14-Feb-24,72.68,72.68,72.68,72.68,58.03,-
15-Feb-24,73.02,73.02,73.02,73.02,58.3,-
16-Feb-24,72.77,72.77,72.77,72.77,58.1,-
20-Feb-24,72.61,72.61,72.61,72.61,57.97,-
21-Feb-24,72.77,72.77,72.77,72.77,58.1,-
22-Feb-24,73.61,73.61,73.61,73.61,58.77,-
23-Feb-24,73.69,73.69,73.69,73.69,58.83,-
26-Feb-24,73.4,73.4,73.4,73.4,58.6,-
27-Feb-24,73.42,73.42,73.42,73.42,58.62,-
28-Feb-24,73.26,73.26,73.26,73.26,58.49,-
29-Feb-24,73.59,73.59,73.59,73.59,58.75,-
1-Mar-24,74.04,74.04,74.04,74.04,59.11,-
4-Mar-24,73.91,73.91,73.91,73.91,59.01,-
5-Mar-24,73.5,73.5,73.5,73.5,58.68,-
6-Mar-24,73.83,73.83,73.83,73.83,58.94,-
7-Mar-24,74.38,74.38,74.38,74.38,59.38,-
8-Mar-24,74.18,74.18,74.18,74.18,59.22,-
11-Mar-24,74.03,74.03,74.03,74.03,59.1,-
12-Mar-24,74.4,74.4,74.4,74.4,59.4,-
13-Mar-24,74.33,74.33,74.33,74.33,59.34,-
14-Mar-24,74.17,74.17,74.17,74.17,59.22,-
15-Mar-24,73.49,73.49,73.49,73.49,58.99,-
18-Mar-24,73.67,73.67,73.67,73.67,59.13,-
19-Mar-24,73.95,73.95,73.95,73.95,59.36,-
20-Mar-24,74.42,74.42,74.42,74.42,59.73,-
21-Mar-24,74.64,74.64,74.64,74.64,59.91,-
22-Mar-24,74.64,74.64,74.64,74.64,59.91,-
25-Mar-24,74.38,74.38,74.38,74.38,59.7,-
26-Mar-24,74.27,74.27,74.27,74.27,59.61,-
27-Mar-24,74.88,74.88,74.88,74.88,60.1,-
28-Mar-24,74.95,74.95,74.95,74.95,60.16,-
1-Apr-24,74.71,74.71,74.71,74.71,59.97,-
2-Apr-24,74.38,74.38,74.38,74.38,59.7,-
3-Apr-24,74.39,74.39,74.39,74.39,59.71,-
4-Apr-24,73.91,73.91,73.91,73.91,59.32,-
5-Apr-24,74.29,74.29,74.29,74.29,59.63,-
8-Apr-24,74.3,74.3,74.3,74.3,59.64,-
9-Apr-24,74.54,74.54,74.54,74.54,59.83,-
10-Apr-24,73.78,73.78,73.78,73.78,59.22,-
11-Apr-24,74.03,74.03,74.03,74.03,59.42,-
12-Apr-24,73.45,73.45,73.45,73.45,58.95,-
15-Apr-24,72.79,72.79,72.79,72.79,58.42,-
16-Apr-24,72.63,72.63,72.63,72.63,58.3,-
17-Apr-24,72.61,72.61,72.61,72.61,58.28,-
18-Apr-24,72.44,72.44,72.44,72.44,58.14,-
19-Apr-24,72.26,72.26,72.26,72.26,58.0,-
22-Apr-24,72.69,72.69,72.69,72.69,58.34,-
23-Apr-24,73.27,73.27,73.27,73.27,58.81,-
24-Apr-24,73.19,73.19,73.19,73.19,58.75,-
25-Apr-24,72.95,72.95,72.95,72.95,58.55,-
26-Apr-24,73.51,73.51,73.51,73.51,59.0,-
29-Apr-24,73.61,73.61,73.61,73.61,59.08,-
30-Apr-24,72.84,72.84,72.84,72.84,58.46,-
1-May-24,72.85,72.85,72.85,72.85,58.47,-
2-May-24,73.4,73.4,73.4,73.4,58.91,-
3-May-24,74.03,74.03,74.03,74.03,59.42,-
6-May-24,74.54,74.54,74.54,74.54,59.83,-
7-May-24,74.73,74.73,74.73,74.73,59.98,-
8-May-24,74.68,74.68,74.68,74.68,59.94,-
9-May-24,75.06,75.06,75.06,75.06,60.25,-
10-May-24,75.12,75.12,75.12,75.12,60.29,-
13-May-24,75.04,75.04,75.04,75.04,60.23,-
14-May-24,75.4,75.4,75.4,75.4,60.52,-
15-May-24,76.15,76.15,76.15,76.15,61.12,-
16-May-24,75.97,75.97,75.97,75.97,60.98,-
17-May-24,76.07,76.07,76.07,76.07,61.06,-
20-May-24,76.03,76.03,76.03,76.03,61.02,-
21-May-24,76.18,76.18,76.18,76.18,61.15,-
22-May-24,75.99,75.99,75.99,75.99,60.99,-
23-May-24,75.36,75.36,75.36,75.36,60.49,-
24-May-24,75.62,75.62,75.62,75.62,60.7,-
28-May-24,75.51,75.51,75.51,75.51,60.61,-
29-May-24,74.99,74.99,74.99,74.99,60.19,-
30-May-24,74.78,74.78,74.78,74.78,60.02,-
31-May-24,75.28,75.28,75.28,75.28,60.42,-
3-Jun-24,75.47,75.47,75.47,75.47,60.58,-
4-Jun-24,75.68,75.68,75.68,75.68,60.74,-
5-Jun-24,76.32,76.32,76.32,76.32,61.26,-
6-Jun-24,76.34,76.34,76.34,76.34,61.27,-
7-Jun-24,75.91,75.91,75.91,75.91,60.93,-
10-Jun-24,76.13,76.13,76.13,76.13,61.1,-
11-Jun-24,76.34,76.34,76.34,76.34,61.27,-
12-Jun-24,76.76,76.76,76.76,76.76,61.61,-
13-Jun-24,76.98,76.98,76.98,76.98,61.79,-
14-Jun-24,76.98,76.98,76.98,76.98,61.79,-
17-Jun-24,77.18,77.18,77.18,77.18,61.95,-
18-Jun-24,77.29,77.29,77.29,77.29,62.04,-
20-Jun-24,77.11,77.11,77.11,77.11,61.89,-
21-Jun-24,76.57,76.57,76.57,76.57,61.82,-
24-Jun-24,76.49,76.49,76.49,76.49,61.76,-
25-Jun-24,76.67,76.67,76.67,76.67,61.91,-
26-Jun-24,76.65,76.65,76.65,76.65,61.89,-
27-Jun-24,76.8,76.8,76.8,76.8,62.01,-
28-Jun-24,76.44,76.44,76.44,76.44,61.72,-
1-Jul-24,76.49,76.49,76.49,76.49,61.76,-
2-Jul-24,76.89,76.89,76.89,76.89,62.08,-
3-Jul-24,77.26,77.26,77.26,77.26,62.38,-
5-Jul-24,77.66,77.66,77.66,77.66,62.7,-
8-Jul-24,77.71,77.71,77.71,77.71,62.74,-
9-Jul-24,77.69,77.69,77.69,77.69,62.73,-
10-Jul-24,78.28,78.28,78.28,78.28,63.21,-
11-Jul-24,77.97,77.97,77.97,77.97,62.95,-
12-Jul-24,78.21,78.21,78.21,78.21,63.15,-
15-Jul-24,78.3,78.3,78.3,78.3,63.22,-
16-Jul-24,78.72,78.72,78.72,78.72,63.56,-
17-Jul-24,78.1,78.1,78.1,78.1,63.06,-
18-Jul-24,77.59,77.59,77.59,77.59,62.65,-
19-Jul-24,77.15,77.15,77.15,77.15,62.29,-
22-Jul-24,77.69,77.69,77.69,77.69,62.73,-
23-Jul-24,77.64,77.64,77.64,77.64,62.69,-
24-Jul-24,76.41,76.41,76.41,76.41,61.7,-
25-Jul-24,76.32,76.32,76.32,76.32,61.62,-
26-Jul-24,76.93,76.93,76.93,76.93,62.12,-
29-Jul-24,76.97,76.97,76.97,76.97,62.15,-
30-Jul-24,76.72,76.72,76.72,76.72,61.95,-
31-Jul-24,77.62,77.62,77.62,77.62,62.67,-
1-Aug-24,76.92,76.92,76.92,76.92,62.11,-
2-Aug-24,76.33,76.33,76.33,76.33,61.63,-
5-Aug-24,74.83,74.83,74.83,74.83,60.42,-
6-Aug-24,75.13,75.13,75.13,75.13,60.66,-
7-Aug-24,74.83,74.83,74.83,74.83,60.42,-
8-Aug-24,75.87,75.87,75.87,75.87,61.26,-
9-Aug-24,76.18,76.18,76.18,76.18,61.51,-
12-Aug-24,76.31,76.31,76.31,76.31,61.61,-
13-Aug-24,77.25,77.25,77.25,77.25,62.37,-
14-Aug-24,77.57,77.57,77.57,77.57,62.63,-
15-Aug-24,78.29,78.29,78.29,78.29,63.21,-
16-Aug-24,78.43,78.43,78.43,78.43,63.33,-
19-Aug-24,79,79.0,79.0,79.0,63.79,-
20-Aug-24,78.96,78.96,78.96,78.96,63.75,-
21-Aug-24,79.2,79.2,79.2,79.2,63.95,-
22-Aug-24,78.67,78.67,78.67,78.67,63.52,-
23-Aug-24,79.35,79.35,79.35,79.35,64.07,-
26-Aug-24,79.17,79.17,79.17,79.17,63.92,-
27-Aug-24,79.28,79.28,79.28,79.28,64.01,-
28-Aug-24,78.95,78.95,78.95,78.95,63.75,-
29-Aug-24,78.93,78.93,78.93,78.93,63.73,-
30-Aug-24,79.34,79.34,79.34,79.34,64.06,-
3-Sep-24,78.24,78.24,78.24,78.24,63.17,-
4-Sep-24,78.3,78.3,78.3,78.3,63.22,-
5-Sep-24,78.3,78.3,78.3,78.3,63.22,-
6-Sep-24,77.3,77.3,77.3,77.3,62.41,-
9-Sep-24,77.83,77.83,77.83,77.83,62.84,-
10-Sep-24,78.02,78.02,78.02,78.02,63.0,-
11-Sep-24,78.6,78.6,78.6,78.6,63.46,-
12-Sep-24,78.88,78.88,78.88,78.88,63.69,-
13-Sep-24,79.29,79.29,79.29,79.29,64.02,-
16-Sep-24,79.44,79.44,79.44,79.44,64.14,-
17-Sep-24,79.4,79.4,79.4,79.4,64.11,-
18-Sep-24,79.15,79.15,79.15,79.15,63.91,-
19-Sep-24,80.06,80.06,80.06,80.06,64.64,-
20-Sep-24,79.59,79.59,79.59,79.59,64.6,-
23-Sep-24,79.63,79.63,79.63,79.63,64.64,-
24-Sep-24,79.82,79.82,79.82,79.82,64.79,-
25-Sep-24,79.69,79.69,79.69,79.69,64.69,-
26-Sep-24,79.88,79.88,79.88,79.88,64.84,-
27-Sep-24,79.85,79.85,79.85,79.85,64.82,-
30-Sep-24,79.98,79.98,79.98,79.98,64.92,-
1-Oct-24,79.57,79.57,79.57,79.57,64.59,-
2-Oct-24,79.61,79.61,79.61,79.61,64.62,-
3-Oct-24,79.43,79.43,79.43,79.43,64.47,-
4-Oct-24,79.69,79.69,79.69,79.69,64.69,-
7-Oct-24,79.06,79.06,79.06,79.06,64.17,-
8-Oct-24,79.53,79.53,79.53,79.53,64.56,-
9-Oct-24,79.88,79.88,79.88,79.88,64.84,-
10-Oct-24,79.81,79.81,79.81,79.81,64.78,-
11-Oct-24,80.23,80.23,80.23,80.23,65.12,-
14-Oct-24,80.59,80.59,80.59,80.59,65.42,-
15-Oct-24,80.22,80.22,80.22,80.22,65.12,-
16-Oct-24,80.48,80.48,80.48,80.48,65.33,-
17-Oct-24,80.37,80.37,80.37,80.37,65.24,-
18-Oct-24,80.65,80.65,80.65,80.65,65.46,-
21-Oct-24,80.41,80.41,80.41,80.41,65.27,-
22-Oct-24,80.41,80.41,80.41,80.41,65.27,-
23-Oct-24,79.75,79.75,79.75,79.75,64.73,-
24-Oct-24,79.95,79.95,79.95,79.95,64.9,-
25-Oct-24,79.8,79.8,79.8,79.8,64.77,-
28-Oct-24,79.94,79.94,79.94,79.94,64.89,-
29-Oct-24,80.14,80.14,80.14,80.14,65.05,-
30-Oct-24,80,80.0,80.0,80.0,64.94,-
31-Oct-24,78.93,78.93,78.93,78.93,64.07,-
1-Nov-24,79.04,79.04,79.04,79.04,64.16,-
4-Nov-24,79.09,79.09,79.09,79.09,64.2,-
5-Nov-24,79.67,79.67,79.67,79.67,64.67,-
6-Nov-24,80.9,80.9,80.9,80.9,65.67,-
7-Nov-24,81.55,81.55,81.55,81.55,66.2,-
8-Nov-24,81.73,81.73,81.73,81.73,66.34,-
11-Nov-24,81.81,81.81,81.81,81.81,66.41,-
12-Nov-24,81.52,81.52,81.52,81.52,66.17,-
13-Nov-24,81.38,81.38,81.38,81.38,66.06,-
14-Nov-24,81.08,81.08,81.08,81.08,65.81,-
15-Nov-24,80.41,80.41,80.41,80.41,65.27,-
18-Nov-24,80.61,80.61,80.61,80.61,65.43,-
19-Nov-24,80.85,80.85,80.85,80.85,65.63,-
20-Nov-24,80.81,80.81,80.81,80.81,65.59,-
21-Nov-24,81.06,81.06,81.06,81.06,65.8,-
22-Nov-24,81.11,81.11,81.11,81.11,65.84,-
25-Nov-24,81.58,81.58,81.58,81.58,66.22,-
26-Nov-24,81.87,81.87,81.87,81.87,66.45,-
27-Nov-24,81.76,81.76,81.76,81.76,66.37,-
29-Nov-24,82.21,82.21,82.21,82.21,66.73,-
2-Dec-24,82.3,82.3,82.3,82.3,66.8,-
3-Dec-24,82.29,82.29,82.29,82.29,66.8,-
4-Dec-24,82.78,82.78,82.78,82.78,67.19,-
5-Dec-24,82.7,82.7,82.7,82.7,67.13,-
6-Dec-24,82.81,82.81,82.81,82.81,67.22,-
9-Dec-24,82.39,82.39,82.39,82.39,66.88,-
10-Dec-24,82.24,82.24,82.24,82.24,66.76,-
11-Dec-24,82.7,82.7,82.7,82.7,67.13,-
12-Dec-24,82.28,82.28,82.28,82.28,66.79,-
13-Dec-24,82.25,82.25,82.25,82.25,66.76,-
16-Dec-24,82.58,82.58,82.58,82.58,67.03,-
17-Dec-24,82.25,82.25,82.25,82.25,66.76,-
18-Dec-24,80.52,80.52,80.52,80.52,65.36,-
19-Dec-24,80.38,80.38,80.38,80.38,65.25,-
20-Dec-24,81.01,81.01,81.01,81.01,65.76,-
23-Dec-24,81.4,81.4,81.4,81.4,66.07,-
24-Dec-24,82.01,82.01,82.01,82.01,66.57,-
26-Dec-24,82.01,82.01,82.01,82.01,66.57,-
27-Dec-24,81.39,81.39,81.39,81.39,66.07,-
30-Dec-24,74.21,74.21,74.21,74.21,65.68,-
31-Dec-24,73.95,73.95,73.95,73.95,65.45,-
2-Jan-25,73.94,73.94,73.94,73.94,65.44,-
3-Jan-25,74.48,74.48,74.48,74.48,65.92,-
6-Jan-25,74.78,74.78,74.78,74.78,66.19,-
7-Jan-25,74.15,74.15,74.15,74.15,65.63,-
8-Jan-25,74.3,74.3,74.3,74.3,65.76,-
10-Jan-25,73.43,73.43,73.43,73.43,64.99,-
13-Jan-25,73.46,73.46,73.46,73.46,65.02,-
14-Jan-25,73.47,73.47,73.47,73.47,65.03,-
15-Jan-25,74.61,74.61,74.61,74.61,66.04,-
16-Jan-25,74.54,74.54,74.54,74.54,65.98,-
17-Jan-25,75.04,75.04,75.04,75.04,66.42,-
21-Jan-25,75.66,75.66,75.66,75.66,66.97,-
22-Jan-25,75.97,75.97,75.97,75.97,67.24,-
23-Jan-25,76.18,76.18,76.18,76.18,67.43,-
24-Jan-25,76.08,76.08,76.08,76.08,67.34,-
27-Jan-25,75.37,75.37,75.37,75.37,66.71,-
28-Jan-25,75.94,75.94,75.94,75.94,67.22,-
29-Jan-25,75.68,75.68,75.68,75.68,66.98,-
30-Jan-25,75.86,75.86,75.86,75.86,67.14,-
31-Jan-25,75.63,75.63,75.63,75.63,66.94,-
3-Feb-25,75.37,75.37,75.37,75.37,66.71,-
4-Feb-25,75.68,75.68,75.68,75.68,66.98,-
5-Feb-25,76.02,76.02,76.02,76.02,67.29,-
6-Feb-25,76.23,76.23,76.23,76.23,67.47,-
7-Feb-25,75.66,75.66,75.66,75.66,66.97,-
10-Feb-25,75.99,75.99,75.99,75.99,67.26,-
11-Feb-25,75.97,75.97,75.97,75.97,67.24,-
12-Feb-25,75.75,75.75,75.75,75.75,67.05,-
13-Feb-25,76.38,76.38,76.38,76.38,67.6,-
14-Feb-25,76.46,76.46,76.46,76.46,67.68,-
18-Feb-25,76.39,76.39,76.39,76.39,67.61,-
19-Feb-25,76.57,76.57,76.57,76.57,67.77,-
20-Feb-25,76.39,76.39,76.39,76.39,67.61,-
21-Feb-25,75.68,75.68,75.68,75.68,66.98,-
24-Feb-25,75.42,75.42,75.42,75.42,66.75,-
25-Feb-25,75.2,75.2,75.2,75.2,66.56,-
26-Feb-25,75.4,75.4,75.4,75.4,66.74,-
27-Feb-25,74.55,74.55,74.55,74.55,65.98,-
28-Feb-25,75.45,75.45,75.45,75.45,66.78,-
3-Mar-25,74.67,74.67,74.67,74.67,66.09,-
4-Mar-25,74,74.0,74.0,74.0,65.5,-
5-Mar-25,74.41,74.41,74.41,74.41,65.86,-
6-Mar-25,73.39,73.39,73.39,73.39,64.96,-
7-Mar-25,73.51,73.51,73.51,73.51,65.06,-
10-Mar-25,72.27,72.27,72.27,72.27,63.97,-
11-Mar-25,71.93,71.93,71.93,71.93,63.67,-
12-Mar-25,72.2,72.2,72.2,72.2,63.9,-
13-Mar-25,71.59,71.59,71.59,71.59,63.36,-
14-Mar-25,72.61,72.61,72.61,72.61,64.27,-
17-Mar-25,72.95,72.95,72.95,72.95,64.57,-
18-Mar-25,72.5,72.5,72.5,72.5,64.17,-
19-Mar-25,73.15,73.15,73.15,73.15,64.75,-
20-Mar-25,73.14,73.14,73.14,73.14,64.74,-
21-Mar-25,72.72,72.72,72.72,72.72,64.74,-
24-Mar-25,73.39,73.39,73.39,73.39,65.34,-
25-Mar-25,73.5,73.5,73.5,73.5,65.43,-
26-Mar-25,72.89,72.89,72.89,72.89,64.89,-
27-Mar-25,72.74,72.74,72.74,72.74,64.76,-
28-Mar-25,71.98,71.98,71.98,71.98,64.08,-
31-Mar-25,72.32,72.32,72.32,72.32,64.38,-
1-Apr-25,72.56,72.56,72.56,72.56,64.6,-
2-Apr-25,72.85,72.85,72.85,72.85,64.86,-
3-Apr-25,70.81,70.81,70.81,70.81,63.04,-
4-Apr-25,68.07,68.07,68.07,68.07,60.6,-
7-Apr-25,67.65,67.65,67.65,67.65,60.23,-
8-Apr-25,67.01,67.01,67.01,67.01,59.66,-
9-Apr-25,70.86,70.86,70.86,70.86,63.08,-
10-Apr-25,69.26,69.26,69.26,69.26,61.66,-
11-Apr-25,70.05,70.05,70.05,70.05,62.36,-
14-Apr-25,70.52,70.52,70.52,70.52,62.78,-
15-Apr-25,70.57,70.57,70.57,70.57,62.83,-
16-Apr-25,69.75,69.75,69.75,69.75,62.1,-
17-Apr-25,69.7,69.7,69.7,69.7,62.05,-
21-Apr-25,68.52,68.52,68.52,68.52,61.0,-
22-Apr-25,69.67,69.67,69.67,69.67,62.02,-
23-Apr-25,70.5,70.5,70.5,70.5,62.76,-
24-Apr-25,71.65,71.65,71.65,71.65,63.79,-
25-Apr-25,71.98,71.98,71.98,71.98,64.08,-
28-Apr-25,72.07,72.07,72.07,72.07,64.16,-
29-Apr-25,72.38,72.38,72.38,72.38,64.44,-
30-Apr-25,72.4,72.4,72.4,72.4,64.45,-
1-May-25,72.63,72.63,72.63,72.63,64.66,-
2-May-25,73.26,73.26,73.26,73.26,65.22,-
5-May-25,73,73.0,73.0,73.0,64.99,-
6-May-25,72.78,72.78,72.78,72.78,64.79,-
7-May-25,72.78,72.78,72.78,72.78,64.79,-
8-May-25,73.02,73.02,73.02,73.02,65.01,-
9-May-25,73.04,73.04,73.04,73.04,65.02,-
12-May-25,74.37,74.37,74.37,74.37,66.21,-
13-May-25,74.7,74.7,74.7,74.7,66.5,-
14-May-25,74.71,74.71,74.71,74.71,66.51,-
15-May-25,75.06,75.06,75.06,75.06,66.82,-
16-May-25,75.39,75.39,75.39,75.39,67.12,-
19-May-25,75.52,75.52,75.52,75.52,67.23,-
20-May-25,75.35,75.35,75.35,75.35,67.08,-
21-May-25,74.45,74.45,74.45,74.45,66.28,-
22-May-25,74.49,74.49,74.49,74.49,66.32,-
23-May-25,74.33,74.33,74.33,74.33,66.17,-
27-May-25,75.42,75.42,75.42,75.42,67.14,-
28-May-25,75.13,75.13,75.13,75.13,66.88,-
29-May-25,75.41,75.41,75.41,75.41,67.13,-
30-May-25,75.48,75.48,75.48,75.48,67.2,-
2-Jun-25,75.64,75.64,75.64,75.64,67.34,-
3-Jun-25,75.85,75.85,75.85,75.85,67.53,-
4-Jun-25,76.06,76.06,76.06,76.06,67.71,-
5-Jun-25,75.93,75.93,75.93,75.93,67.6,-
6-Jun-25,76.29,76.29,76.29,76.29,67.92,-
9-Jun-25,76.3,76.3,76.3,76.3,67.93,-
10-Jun-25,76.49,76.49,76.49,76.49,68.1,-
11-Jun-25,76.51,76.51,76.51,76.51,68.11,-
12-Jun-25,76.8,76.8,76.8,76.8,68.37,-
13-Jun-25,76.11,76.11,76.11,76.11,67.76,-
16-Jun-25,76.48,76.48,76.48,76.48,68.09,-
17-Jun-25,76.25,76.25,76.25,76.25,67.88,-
18-Jun-25,76.31,76.31,76.31,76.31,67.94,-
20-Jun-25,75.76,75.76,75.76,75.76,67.85,-
23-Jun-25,76.25,76.25,76.25,76.25,68.29,-
24-Jun-25,76.25,76.25,76.25,76.25,68.29,-
25-Jun-25,76.96,76.96,76.96,76.96,68.92,-
26-Jun-25,77.44,77.44,77.44,77.44,69.35,-
27-Jun-25,77.74,77.74,77.74,77.74,69.62,-
30-Jun-25,78.05,78.05,78.05,78.05,69.9,-
1-Jul-25,77.88,77.88,77.88,77.88,69.75,-
2-Jul-25,78.07,78.07,78.07,78.07,69.92,-
3-Jul-25,78.45,78.45,78.45,78.45,70.26,-
7-Jul-25,78.1,78.1,78.1,78.1,69.94,-
8-Jul-25,77.9,77.9,77.9,77.9,69.77,-
9-Jul-25,78.33,78.33,78.33,78.33,70.15,-
10-Jul-25,78.5,78.5,78.5,78.5,70.3,-
11-Jul-25,78.28,78.28,78.28,78.28,70.11,-
14-Jul-25,78.39,78.39,78.39,78.39,70.2,-
15-Jul-25,78.07,78.07,78.07,78.07,69.92,-
16-Jul-25,78.23,78.23,78.23,78.23,70.06,-
17-Jul-25,78.38,78.38,78.38,78.38,70.19,-
18-Jul-25,78.48,78.48,78.48,78.48,70.28,-
21-Jul-25,78.66,78.66,78.66,78.66,70.45,-
22-Jul-25,78.69,78.69,78.69,78.69,70.47,-
23-Jul-25,78.92,78.92,78.92,78.92,70.68,-
24-Jul-25,79.16,79.16,79.16,79.16,70.89,-
25-Jul-25,79.35,79.35,79.35,79.35,71.06,-
28-Jul-25,79.28,79.28,79.28,79.28,71.0,-
29-Jul-25,79.4,79.4,79.4,79.4,71.11,-
30-Jul-25,79.31,79.31,79.31,79.31,71.03,-
31-Jul-25,79.27,79.27,79.27,79.27,70.99,-
1-Aug-25,78.63,78.63,78.63,78.63,70.42,-
4-Aug-25,79.44,79.44,79.44,79.44,71.14,-
5-Aug-25,79.21,79.21,79.21,79.21,70.94,-
6-Aug-25,79.59,79.59,79.59,79.59,71.28,-
7-Aug-25,79.56,79.56,79.56,79.56,71.25,-
8-Aug-25,79.93,79.93,79.93,79.93,71.58,-
11-Aug-25,79.84,79.84,79.84,79.84,71.5,-
12-Aug-25,80.36,80.36,80.36,80.36,71.97,-
13-Aug-25,80.38,80.38,80.38,80.38,71.99,-
14-Aug-25,80.41,80.41,80.41,80.41,72.01,-
15-Aug-25,80.28,80.28,80.28,80.28,71.9,-
18-Aug-25,80.24,80.24,80.24,80.24,71.86,-
19-Aug-25,79.94,79.94,79.94,79.94,71.59,-
20-Aug-25,79.9,79.9,79.9,79.9,71.56,-
21-Aug-25,79.67,79.67,79.67,79.67,71.35,-
22-Aug-25,80.44,80.44,80.44,80.44,72.04,-
25-Aug-25,80.25,80.25,80.25,80.25,71.87,-
26-Aug-25,80.53,80.53,80.53,80.53,72.12,-
27-Aug-25,80.66,80.66,80.66,80.66,72.24,-
28-Aug-25,80.93,80.93,80.93,80.93,72.48,-
29-Aug-25,80.52,80.52,80.52,80.52,72.11,-
2-Sep-25,80.15,80.15,80.15,80.15,71.78,-
3-Sep-25,80.55,80.55,80.55,80.55,72.14,-
4-Sep-25,81.05,81.05,81.05,81.05,72.59,-
5-Sep-25,80.95,80.95,80.95,80.95,72.5,-
8-Sep-25,81.25,81.25,81.25,81.25,72.77,-
9-Sep-25,81.42,81.42,81.42,81.42,72.92,-
10-Sep-25,81.72,81.72,81.72,81.72,73.19,-
11-Sep-25,82.17,82.17,82.17,82.17,73.59,-
12-Sep-25,82.14,82.14,82.14,82.14,73.56,-
15-Sep-25,82.46,82.46,82.46,82.46,73.85,-
16-Sep-25,82.3,82.3,82.3,82.3,73.71,-
17-Sep-25,82.18,82.18,82.18,82.18,73.6,-
18-Sep-25,82.3,82.3,82.3,82.3,73.71,-
19-Sep-25,82.21,82.21,82.21,82.21,73.98,-
22-Sep-25,82.36,82.36,82.36,82.36,74.12,-
23-Sep-25,82.14,82.14,82.14,82.14,73.92,-
24-Sep-25,81.76,81.76,81.76,81.76,73.58,-
25-Sep-25,81.41,81.41,81.41,81.41,73.26,-
26-Sep-25,81.75,81.75,81.75,81.75,73.57,-
29-Sep-25,81.98,81.98,81.98,81.98,73.77,-
30-Sep-25,82.17,82.17,82.17,82.17,73.94,-
1-Oct-25,82.34,82.34,82.34,82.34,74.1,-
2-Oct-25,82.38,82.38,82.38,82.38,74.13,-
3-Oct-25,82.4,82.4,82.4,82.4,74.15,-
6-Oct-25,82.48,82.48,82.48,82.48,74.22,-
7-Oct-25,82.36,82.36,82.36,82.36,74.12,-
8-Oct-25,82.7,82.7,82.7,82.7,74.42,-
9-Oct-25,82.56,82.56,82.56,82.56,74.3,-
10-Oct-25,81.27,81.27,81.27,81.27,73.14,-
13-Oct-25,82.15,82.15,82.15,82.15,73.93,-
14-Oct-25,82.12,82.12,82.12,82.12,73.9,-
15-Oct-25,82.37,82.37,82.37,82.37,74.12,-
16-Oct-25,82.14,82.14,82.14,82.14,73.92,-
17-Oct-25,82.35,82.35,82.35,82.35,74.11,-
20-Oct-25,82.96,82.96,82.96,82.96,74.66,-
21-Oct-25,82.88,82.88,82.88,82.88,74.58,-
22-Oct-25,82.63,82.63,82.63,82.63,74.36,-
23-Oct-25,82.9,82.9,82.9,82.9,74.6,-
24-Oct-25,83.39,83.39,83.39,83.39,75.04,-
27-Oct-25,84.14,84.14,84.14,84.14,75.72,-
28-Oct-25,84.33,84.33,84.33,84.33,75.89,-
29-Oct-25,84.39,84.39,84.39,84.39,75.94,-
30-Oct-25,83.81,83.81,83.81,83.81,75.42,-
31-Oct-25,83.85,83.85,83.85,83.85,75.46,-
3-Nov-25,83.98,83.98,83.98,83.98,75.57,-
4-Nov-25,83.39,83.39,83.39,83.39,75.04,-
5-Nov-25,83.65,83.65,83.65,83.65,75.28,-
6-Nov-25,83.3,83.3,83.3,83.3,74.96,-
7-Nov-25,83.33,83.33,83.33,83.33,74.99,-
10-Nov-25,84.26,84.26,84.26,84.26,75.83,-
11-Nov-25,84.48,84.48,84.48,84.48,76.02,-
12-Nov-25,84.55,84.55,84.55,84.55,76.09,-
13-Nov-25,83.47,83.47,83.47,83.47,75.11,-
14-Nov-25,83.44,83.44,83.44,83.44,75.09,-
17-Nov-25,82.99,82.99,82.99,82.99,74.68,-
18-Nov-25,82.54,82.54,82.54,82.54,74.28,-
19-Nov-25,82.77,82.77,82.77,82.77,74.48,-
20-Nov-25,82.01,82.01,82.01,82.01,73.8,-
21-Nov-25,82.66,82.66,82.66,82.66,74.39,-
24-Nov-25,83.62,83.62,83.62,83.62,75.25,-
25-Nov-25,84.22,84.22,84.22,84.22,75.79,-
26-Nov-25,84.61,84.61,84.61,84.61,76.14,-
28-Nov-25,84.84,84.84,84.84,84.84,76.35,-
1-Dec-25,84.36,84.36,84.36,84.36,75.92,-
2-Dec-25,84.5,84.5,84.5,84.5,76.04,-
3-Dec-25,84.64,84.64,84.64,84.64,76.17,-
4-Dec-25,84.61,84.61,84.61,84.61,76.14,-
5-Dec-25,84.69,84.69,84.69,84.69,76.21,-
8-Dec-25,84.5,84.5,84.5,84.5,76.04,-
9-Dec-25,84.42,84.42,84.42,84.42,75.97,-
10-Dec-25,84.87,84.87,84.87,84.87,76.37,-
11-Dec-25,85.06,85.06,85.06,85.06,76.55,-
12-Dec-25,84.21,84.21,84.21,84.21,75.78,-
15-Dec-25,84.13,84.13,84.13,84.13,75.71,-
16-Dec-25,84.06,84.06,84.06,84.06,75.65,-
17-Dec-25,83.49,83.49,83.49,83.49,75.13,-
18-Dec-25,83.98,83.98,83.98,83.98,75.57,-
19-Dec-25,84.47,84.47,84.47,84.47,76.01,-
22-Dec-25,84.85,84.85,84.85,84.85,76.36,-
23-Dec-25,77.63,77.63,77.63,77.63,76.77,-
24-Dec-25,77.83,77.83,77.83,77.83,76.97,-
26-Dec-25,77.86,77.86,77.86,77.86,77.0,-
29-Dec-25,77.71,77.71,77.71,77.71,76.85,-
30-Dec-25,77.63,77.63,77.63,77.63,76.77,-
31-Dec-25,77.19,77.19,77.19,77.19,76.34,-
2-Jan-26,77.3,77.3,77.3,77.3,76.45,-
5-Jan-26,77.59,77.59,77.59,77.59,76.73,-
6-Jan-26,77.82,77.82,77.82,77.82,76.96,-
7-Jan-26,77.68,77.68,77.68,77.68,76.82,-
8-Jan-26,77.63,77.63,77.63,77.63,76.77,-
9-Jan-26,77.93,77.93,77.93,77.93,77.07,-
12-Jan-26,77.95,77.95,77.95,77.95,77.09,-
13-Jan-26,77.89,77.89,77.89,77.89,77.03,-
14-Jan-26,77.68,77.68,77.68,77.68,76.82,-
15-Jan-26,77.79,77.79,77.79,77.79,76.93,-
16-Jan-26,77.68,77.68,77.68,77.68,76.82,-
20-Jan-26,76.5,76.5,76.5,76.5,75.65,-
21-Jan-26,77.16,77.16,77.16,77.16,76.31,-
22-Jan-26,77.46,77.46,77.46,77.46,76.6,-
23-Jan-26,77.61,77.61,77.61,77.61,76.75,-
26-Jan-26,77.87,77.87,77.87,77.87,77.01,-
27-Jan-26,78.15,78.15,78.15,78.15,77.29,-
28-Jan-26,78.09,78.09,78.09,78.09,77.23,-
29-Jan-26,78.06,78.06,78.06,78.06,77.2,-
30-Jan-26,77.8,77.8,77.8,77.8,76.94,-
2-Feb-26,78.04,78.04,78.04,78.04,77.18,-
3-Feb-26,77.65,77.65,77.65,77.65,76.79,-
4-Feb-26,77.3,77.3,77.3,77.3,76.45,-
5-Feb-26,76.79,76.79,76.79,76.79,75.94,-
6-Feb-26,77.67,77.67,77.67,77.67,76.81,-
9-Feb-26,78.03,78.03,78.03,78.03,77.17,-
10-Feb-26,77.92,77.92,77.92,77.92,77.06,-
11-Feb-26,77.98,77.98,77.98,77.98,77.12,-
12-Feb-26,77.34,77.34,77.34,77.34,76.49,-
13-Feb-26,77.43,77.43,77.43,77.43,76.57,-
17-Feb-26,77.51,77.51,77.51,77.51,76.65,-
18-Feb-26,77.76,77.76,77.76,77.76,76.9,-
19-Feb-26,77.64,77.64,77.64,77.64,76.78,-
20-Feb-26,78.09,78.09,78.09,78.09,77.23,-
23-Feb-26,77.69,77.69,77.69,77.69,76.83,-
24-Feb-26,78.03,78.03,78.03,78.03,77.17,-
25-Feb-26,78.46,78.46,78.46,78.46,77.59,-
26-Feb-26,78.01,78.01,78.01,78.01,77.15,-
27-Feb-26,77.75,77.75,77.75,77.75,76.89,-
2-Mar-26,77.69,77.69,77.69,77.69,76.83,-
3-Mar-26,77.13,77.13,77.13,77.13,76.28,-
4-Mar-26,77.46,77.46,77.46,77.46,76.6,-
5-Mar-26,77.04,77.04,77.04,77.04,76.19,-
6-Mar-26,76.21,76.21,76.21,76.21,75.37,-
9-Mar-26,76.76,76.76,76.76,76.76,75.91,-
10-Mar-26,76.65,76.65,76.65,76.65,75.8,-
11-Mar-26,76.41,76.41,76.41,76.41,75.57,-
12-Mar-26,75.59,75.59,75.59,75.59,74.75,-
13-Mar-26,75.19,75.19,75.19,75.19,74.36,-
16-Mar-26,75.83,75.83,75.83,75.83,74.99,-
17-Mar-26,75.99,75.99,75.99,75.99,75.15,-
18-Mar-26,75.21,75.21,75.21,75.21,74.38,-
19-Mar-26,75.14,75.14,75.14,75.14,74.31,-
20-Mar-26,73.71,73.71,73.71,73.71,73.31,-
23-Mar-26,74.35,74.35,74.35,74.35,73.94,-
24-Mar-26,74.13,74.13,74.13,74.13,73.72,-
25-Mar-26,74.63,74.63,74.63,74.63,74.22,-
26-Mar-26,73.58,73.58,73.58,73.58,73.18,-
27-Mar-26,72.76,72.76,72.76,72.76,72.36,-
30-Mar-26,72.74,72.74,72.74,72.74,72.34,-
31-Mar-26,74.2,74.2,74.2,74.2,73.79,-
1-Apr-26,74.61,74.61,74.61,74.61,74.2,-
2-Apr-26,74.75,74.75,74.75,74.75,74.34,-
6-Apr-26,74.93,74.93,74.93,74.93,74.52,-
7-Apr-26,75.03,75.03,75.03,75.03,74.62,-
8-Apr-26,76.39,76.39,76.39,76.39,75.97,-
9-Apr-26,76.79,76.79,76.79,76.79,76.37,-
10-Apr-26,76.83,76.83,76.83,76.83,76.41,-
13-Apr-26,77.36,77.36,77.36,77.36,76.94,-
14-Apr-26,78.05,78.05,78.05,78.05,77.62,-
15-Apr-26,78.35,78.35,78.35,78.35,77.92,-
16-Apr-26,78.3,78.3,78.3,78.3,77.87,-
17-Apr-26,79.04,79.04,79.04,79.04,78.61,-
20-Apr-26,78.86,78.86,78.86,78.86,78.43,-
21-Apr-26,78.37,78.37,78.37,78.37,77.94,-
22-Apr-26,79.01,79.01,79.01,79.01,78.58,-
23-Apr-26,78.86,78.86,78.86,78.86,78.43,-
24-Apr-26,79.37,79.37,79.37,79.37,78.94,-
27-Apr-26,79.39,79.39,79.39,79.39,78.96,-
28-Apr-26,79.06,79.06,79.06,79.06,78.63,-
29-Apr-26,78.87,78.87,78.87,78.87,78.44,-
30-Apr-26,79.39,79.39,79.39,79.39,78.96,-
1-May-26,79.48,79.48,79.48,79.48,79.05,-
4-May-26,79.18,79.18,79.18,79.18,78.75,-
5-May-26,79.54,79.54,79.54,79.54,79.11,-
6-May-26,80.59,80.59,80.59,80.59,80.15,-
7-May-26,80.2,80.2,80.2,80.2,79.76,-
8-May-26,80.69,80.69,80.69,80.69,80.25,-
11-May-26,80.78,80.78,80.78,80.78,80.34,-
12-May-26,80.68,80.68,80.68,80.68,80.24,-
13-May-26,81.18,81.18,81.18,81.18,80.74,-
14-May-26,81.58,81.58,81.58,81.58,81.13,-
15-May-26,80.63,80.63,80.63,80.63,80.19,-
18-May-26,80.54,80.54,80.54,80.54,80.1,-
19-May-26,80.02,80.02,80.02,80.02,79.58,-
20-May-26,80.74,80.74,80.74,80.74,80.3,-
21-May-26,80.88,80.88,80.88,80.88,80.44,-
22-May-26,81.15,81.15,81.15,81.15,80.71,-
26-May-26,81.6,81.6,81.6,81.6,81.15,-
27-May-26,81.66,81.66,81.66,81.66,81.21,-
28-May-26,82.06,82.06,82.06,82.06,81.61,-
29-May-26,82.06,82.06,82.06,82.06,81.61,-
1-Jun-26,82.19,82.19,82.19,82.19,81.74,-
2-Jun-26,82.25,82.25,82.25,82.25,81.8,-
3-Jun-26,81.7,81.7,81.7,81.7,81.25,-
4-Jun-26,81.94,81.94,81.94,81.94,81.49,-
5-Jun-26,80.27,80.27,80.27,80.27,79.83,-
8-Jun-26,80.5,80.5,80.5,80.5,80.06,-
9-Jun-26,80.48,80.48,80.48,80.48,80.04,-
10-Jun-26,79.62,79.62,79.62,79.62,79.18,-
11-Jun-26,80.67,80.67,80.67,80.67,80.23,-
12-Jun-26,80.97,80.97,80.97,80.97,80.53,-
15-Jun-26,82.06,82.06,82.06,82.06,81.61,-
16-Jun-26,81.72,81.72,81.72,81.72,81.27,-
17-Jun-26,81.05,81.05,81.05,81.05,80.61,-
18-Jun-26,81.35,81.35,81.35,81.35,81.35,-
22-Jun-26,81.02,81.02,81.02,81.02,81.02,-
23-Jun-26,80.25,80.25,80.25,80.25,80.25,-
24-Jun-26,80.3,80.3,80.3,80.3,80.3,-
25-Jun-26,80.29,80.29,80.29,80.29,80.29,-
26-Jun-26,80.26,80.26,80.26,80.26,80.26,-
29-Jun-26,80.9,80.9,80.9,80.9,80.9,-
30-Jun-26,81.3,81.3,81.3,81.3,81.3,-
1-Jul-26,80.93,80.93,80.93,80.93,80.93,-
2-Jul-26,81.02,81.02,81.02,81.02,81.02,-
06-Jul-26,81.5,81.5,81.5,81.5,81.5,-
07-Jul-26,81.06,81.06,81.06,81.06,81.06,-
08-Jul-26,80.82,80.82,80.82,80.82,80.82,-
09-Jul-26,81.26,81.26,81.26,81.26,81.26,-
10-Jul-26,81.37,81.37,81.37,81.37,81.37,-
13-Jul-26,80.79,80.79,80.79,80.79,80.79,-
14-Jul-26,81.04,81.04,81.04,81.04,81.04,-
15-Jul-26,81.39,81.39,81.39,81.39,81.39,-
16-Jul-26,80.93,80.93,80.93,80.93,80.93,-
17-Jul-26,80.31,80.31,80.31,80.31,80.31,-
20-Jul-26,80.18,80.18,80.18,80.18,80.18,-
21-Jul-26,80.69,80.69,80.69,80.69,80.69,-
22-Jul-26,80.67,80.67,80.67,80.67,80.67,-
23-Jul-26,79.89,79.89,79.89,79.89,79.89,-
24-Jul-26,79.78,79.78,79.78,79.78,79.78,-
27-Jul-26,79.71,79.71,79.71,79.71,79.71,-
28-Jul-26,79.85,79.85,79.85,79.85,79.85,-
29-Jul-26,78.95,78.95,78.95,78.95,78.95,-
30-Jul-26,80.1,80.1,80.1,80.1,80.1,-
31-Jul-26,80.48,80.48,80.48,80.48,80.48,-
03-Aug-26,81.3,81.3,81.3,81.3,81.3,-
04-Aug-26,82.21,82.21,82.21,82.21,82.21,-
05-Aug-26,82.17,82.17,82.17,82.17,82.17,-
